{"type": "FeatureCollection", "features": [{"type": "Feature", "id": "way/179274425", "properties": {"tags": {"addr:city": "深圳市", "addr:district": "罗湖区", "addr:housenumber": "5015", "addr:province": "广东省", "addr:street": "深南东路", "alt_name": "深圳书城", "building": "commercial", "name": "金丰城大厦"}, "heightStatus": "unknown", "source": "OpenStreetMap", "license": "ODbL-1.0"}, "geometry": {"type": "MultiPolygon", "coordinates": [[[[114.1045734, 22.5437166], [114.1045936, 22.5436316], [114.1046586, 22.5433586], [114.1049458, 22.5434169], [114.1052666, 22.5434821], [114.105246, 22.5435684], [114.1051814, 22.5438401], [114.1048942, 22.5437818], [114.1045734, 22.5437166]]]]}}, {"type": "Feature", "id": "way/182958974", "properties": {"tags": {"addr:city": "深圳市", "addr:district": "罗湖区", "addr:housenumber": "1881", "addr:province": "广东省", "addr:street": "宝安南路", "building": "retail", "building:levels": "5", "internet_access": "wlan", "name": "万象城中区", "operator": "华润万象生活", "operator:en": "China Resources Mixc Lifestyle", "operator:wikidata": "Q124622121", "operator:zh": "华润万象生活", "source": "http://www.shenzhen-standard.com/2011/01/04/mixc-shopping-mall/", "website": "https://themixc.com/"}, "heightStatus": "levels_only_unverified", "source": "OpenStreetMap", "license": "ODbL-1.0"}, "geometry": {"type": "MultiPolygon", "coordinates": [[[[114.1049882, 22.543063], [114.1051821, 22.5414731], [114.1053003, 22.5414028], [114.1054578, 22.5414226], [114.1060348, 22.5414951], [114.1061717, 22.5415123], [114.1062255, 22.5416768], [114.1063553, 22.5416907], [114.1062695, 22.5423065], [114.1063265, 22.5423533], [114.1063455, 22.5424411], [114.1063265, 22.5425171], [114.1062632, 22.5426108], [114.1061808, 22.5432076], [114.1060288, 22.54319], [114.1059697, 22.5433411], [114.1058936, 22.543324], [114.1058083, 22.5433049], [114.1050597, 22.5431372], [114.1049882, 22.543063]]]]}}, {"type": "Feature", "id": "way/243511443", "properties": {"tags": {"building": "commercial", "name": "鼎丰大厦"}, "heightStatus": "unknown", "source": "OpenStreetMap", "license": "ODbL-1.0"}, "geometry": {"type": "MultiPolygon", "coordinates": [[[[114.1069109, 22.5426396], [114.10692, 22.5419418], [114.1071596, 22.5419445], [114.1071504, 22.5426423], [114.1069109, 22.5426396]]]]}}, {"type": "Feature", "id": "way/243511444", "properties": {"tags": {"building": "yes", "name": "太平洋商贸大厦", "office": "yes"}, "heightStatus": "unknown", "source": "OpenStreetMap", "license": "ODbL-1.0"}, "geometry": {"type": "MultiPolygon", "coordinates": [[[[114.1083045, 22.5425414], [114.108313, 22.5420795], [114.1085811, 22.5418508], [114.1090816, 22.5418589], [114.1090769, 22.5421062], [114.1086668, 22.5420996], [114.108582, 22.5421926], [114.1085754, 22.5425457], [114.1083045, 22.5425414]]]]}}, {"type": "Feature", "id": "way/243511445", "properties": {"tags": {"brand": "Grand Hyatt", "brand:wikidata": "Q115794899", "brand:wikipedia": "en:Hyatt", "building": "yes", "building:levels": "40", "height": "139", "name": "深圳君悦酒店", "name:en": "Grand Hyatt Shenzhen", "name:zh": "深圳君悦酒店", "tourism": "hotel"}, "heightStatus": "height_tag_unverified", "source": "OpenStreetMap", "license": "ODbL-1.0"}, "geometry": {"type": "MultiPolygon", "coordinates": [[[[114.1057354, 22.5398892], [114.1057711, 22.5396427], [114.1061397, 22.5396791], [114.1063625, 22.5398357], [114.1064623, 22.5399901], [114.1065428, 22.5401672], [114.1063, 22.540223], [114.1061975, 22.5400381], [114.106065, 22.5399362], [114.1059681, 22.5399095], [114.1057354, 22.5398892]]]]}}, {"type": "Feature", "id": "way/243511446", "properties": {"tags": {"building": "retail"}, "heightStatus": "unknown", "source": "OpenStreetMap", "license": "ODbL-1.0"}, "geometry": {"type": "MultiPolygon", "coordinates": [[[[114.1060366, 22.5406427], [114.1060745, 22.5402637], [114.1065414, 22.540319], [114.1064815, 22.5408926], [114.1063334, 22.5409133], [114.1062885, 22.5408455], [114.1062116, 22.5407967], [114.1060924, 22.5407613], [114.1060366, 22.5406427]]]]}}, {"type": "Feature", "id": "way/243511447", "properties": {"tags": {"addr:city": "深圳市", "addr:district": "罗湖区", "addr:housenumber": "1881", "addr:province": "广东省", "addr:street": "宝安南路", "building": "commercial", "building:levels": "29", "building:material": "glass", "height": "139", "name": "华润大厦"}, "heightStatus": "height_tag_unverified", "source": "OpenStreetMap", "license": "ODbL-1.0"}, "geometry": {"type": "MultiPolygon", "coordinates": [[[[114.1052989, 22.543962], [114.1053931, 22.5435563], [114.1057327, 22.5436236], [114.1058253, 22.5436419], [114.1057311, 22.5440476], [114.1052989, 22.543962]]]]}}, {"type": "Feature", "id": "way/243511448", "properties": {"tags": {"addr:city": "深圳市", "addr:district": "罗湖区", "addr:housenumber": "5033", "addr:province": "广东省", "addr:street": "深南东路", "building": "commercial", "name": "金山大厦"}, "heightStatus": "unknown", "source": "OpenStreetMap", "license": "ODbL-1.0"}, "geometry": {"type": "MultiPolygon", "coordinates": [[[[114.1038729, 22.5436085], [114.103919, 22.5434208], [114.1039684, 22.5432194], [114.1040901, 22.5432449], [114.1042277, 22.5432737], [114.1042541, 22.5432582], [114.1042709, 22.5432827], [114.1044003, 22.5433099], [114.1045246, 22.5433359], [114.1044752, 22.5435373], [114.104429, 22.543725], [114.1043049, 22.543699], [114.1042601, 22.5436896], [114.1042163, 22.5436805], [114.1040792, 22.5436517], [114.1040374, 22.543643], [114.1039947, 22.543634], [114.1038729, 22.5436085]]]]}}, {"type": "Feature", "id": "way/243511450", "properties": {"tags": {"addr:city": "深圳市", "addr:district": "罗湖区", "addr:housenumber": "5045", "addr:province": "广东省", "addr:street": "深南东路", "alt_name": "深业中心大厦", "building": "commercial", "building:levels": "25", "height": "155", "name": "深业中心", "old_name": "深圳证券交易所"}, "heightStatus": "height_tag_unverified", "source": "OpenStreetMap", "license": "ODbL-1.0"}, "geometry": {"type": "MultiPolygon", "coordinates": [[[[114.1030901, 22.5433671], [114.1031068, 22.5432966], [114.1031452, 22.5432724], [114.1031701, 22.543166], [114.1031463, 22.5431297], [114.10317, 22.5430296], [114.1032546, 22.5430467], [114.1032775, 22.5430783], [114.1034009, 22.543103], [114.1034362, 22.5430833], [114.103573, 22.543111], [114.103596, 22.543142], [114.1037213, 22.5431671], [114.1037579, 22.5431483], [114.1038444, 22.5431658], [114.1038213, 22.5432637], [114.1037833, 22.5432887], [114.1037584, 22.5433951], [114.1037806, 22.5434356], [114.103765, 22.5435016], [114.1037244, 22.5435302], [114.1036941, 22.5435241], [114.1036404, 22.5435631], [114.103558, 22.5435465], [114.1035196, 22.5435745], [114.1032634, 22.5435226], [114.1032405, 22.5434823], [114.1031706, 22.5434682], [114.1031426, 22.5434127], [114.1031105, 22.5434062], [114.1030901, 22.5433671]]]]}}, {"type": "Feature", "id": "way/248029692", "properties": {"tags": {"building": "yes"}, "heightStatus": "unknown", "source": "OpenStreetMap", "license": "ODbL-1.0"}, "geometry": {"type": "MultiPolygon", "coordinates": [[[[114.1104199, 22.5366526], [114.1104876, 22.5361114], [114.1108703, 22.5361522], [114.1108026, 22.5366934], [114.1104199, 22.5366526]]]]}}, {"type": "Feature", "id": "way/303451719", "properties": {"tags": {"building": "commercial", "name": "爵士大厦"}, "heightStatus": "unknown", "source": "OpenStreetMap", "license": "ODbL-1.0"}, "geometry": {"type": "MultiPolygon", "coordinates": [[[[114.1093073, 22.5427323], [114.1093667, 22.5419195], [114.1099166, 22.5419641], [114.1099137, 22.5419964], [114.1099433, 22.5420079], [114.1099651, 22.5420325], [114.1099716, 22.5420632], [114.1099637, 22.542101], [114.1099393, 22.5421207], [114.1099011, 22.5421303], [114.1098597, 22.5426009], [114.1098758, 22.5426207], [114.1098817, 22.5426553], [114.1098678, 22.5426876], [114.1098415, 22.5427073], [114.1097986, 22.5427197], [114.1097275, 22.5427152], [114.1097229, 22.5427701], [114.1093073, 22.5427323]]]]}}, {"type": "Feature", "id": "way/314324651", "properties": {"tags": {"building": "apartments", "name": "港逸豪庭"}, "heightStatus": "unknown", "source": "OpenStreetMap", "license": "ODbL-1.0"}, "geometry": {"type": "MultiPolygon", "coordinates": [[[[114.1073225, 22.5367435], [114.1073642, 22.5366027], [114.1074725, 22.536632], [114.1074986, 22.5365496], [114.1076585, 22.5365926], [114.1076324, 22.5366742], [114.1077271, 22.5367001], [114.1077526, 22.5366179], [114.1079132, 22.536661], [114.1078865, 22.5367417], [114.1079992, 22.5367725], [114.1080292, 22.5366922], [114.1081856, 22.5367343], [114.1081567, 22.5368155], [114.1082513, 22.5368398], [114.1082043, 22.5369814], [114.108108, 22.536955], [114.108078, 22.5370349], [114.1079249, 22.5369937], [114.1079521, 22.536912], [114.1078418, 22.5368842], [114.1078163, 22.5369645], [114.1076436, 22.5369181], [114.1076668, 22.5368376], [114.1075829, 22.5368157], [114.1075573, 22.5368949], [114.1074034, 22.5368535], [114.1074274, 22.5367738], [114.1073225, 22.5367435]]]]}}, {"type": "Feature", "id": "way/314324672", "properties": {"tags": {"building": "yes"}, "heightStatus": "unknown", "source": "OpenStreetMap", "license": "ODbL-1.0"}, "geometry": {"type": "MultiPolygon", "coordinates": [[[[114.1094851, 22.5367792], [114.1095006, 22.5367328], [114.1095184, 22.5367082], [114.1095583, 22.5366775], [114.109589, 22.5366654], [114.1096441, 22.5366603], [114.1096996, 22.5366655], [114.1097098, 22.5366054], [114.1098588, 22.5366245], [114.1097999, 22.5369626], [114.1096035, 22.536933], [114.1095516, 22.5369096], [114.1095105, 22.5368731], [114.1094886, 22.5368288], [114.1094851, 22.5367792]]]]}}, {"type": "Feature", "id": "way/361193171", "properties": {"tags": {"addr:housename": "鹿苑小区", "addr:housename:en": "Luyuan Community", "addr:housename:zh": "鹿苑小区", "building": "apartments", "name": "3栋", "name:en": "Block 3", "name:zh": "3栋"}, "heightStatus": "unknown", "source": "OpenStreetMap", "license": "ODbL-1.0"}, "geometry": {"type": "MultiPolygon", "coordinates": [[[[114.1027569, 22.5369185], [114.1031056, 22.5368858], [114.1031144, 22.5369657], [114.1027657, 22.5369985], [114.1027569, 22.5369185]]]]}}, {"type": "Feature", "id": "way/361193172", "properties": {"tags": {"addr:housename": "鹿苑小区", "addr:housename:en": "Luyuan Community", "addr:housename:zh": "鹿苑小区", "building": "apartments", "name": "2栋", "name:en": "Block 2", "name:zh": "2栋"}, "heightStatus": "unknown", "source": "OpenStreetMap", "license": "ODbL-1.0"}, "geometry": {"type": "MultiPolygon", "coordinates": [[[[114.1031625, 22.5368827], [114.1035128, 22.5368438], [114.1035225, 22.5369178], [114.1031721, 22.5369567], [114.1031625, 22.5368827]]]]}}, {"type": "Feature", "id": "way/361193173", "properties": {"tags": {"addr:housename": "鹿苑小区", "addr:housename:en": "Luyuan Community", "addr:housename:zh": "鹿苑小区", "building": "apartments", "name": "1栋", "name:en": "Block 1", "name:zh": "1栋"}, "heightStatus": "unknown", "source": "OpenStreetMap", "license": "ODbL-1.0"}, "geometry": {"type": "MultiPolygon", "coordinates": [[[[114.1035787, 22.5368638], [114.1039337, 22.5368198], [114.103945, 22.5368978], [114.1035901, 22.5369418], [114.1035787, 22.5368638]]]]}}, {"type": "Feature", "id": "way/361193174", "properties": {"tags": {"addr:housename": "鹿苑小区", "addr:housename:en": "Luyuan Community", "addr:housename:zh": "鹿苑小区", "building": "apartments", "building:levels": "6", "name": "6栋", "name:en": "Block 6", "name:zh": "6栋"}, "heightStatus": "levels_only_unverified", "source": "OpenStreetMap", "license": "ODbL-1.0"}, "geometry": {"type": "MultiPolygon", "coordinates": [[[[114.1027608, 22.5372069], [114.1027649, 22.5371272], [114.1031016, 22.5371422], [114.1030974, 22.5372219], [114.1027608, 22.5372069]]]]}}, {"type": "Feature", "id": "way/361193175", "properties": {"tags": {"addr:housename": "鹿苑小区", "addr:housename:en": "Luyuan Community", "addr:housename:zh": "鹿苑小区", "building": "apartments", "building:levels": "6", "name": "5栋", "name:en": "Block 5", "name:zh": "5栋"}, "heightStatus": "levels_only_unverified", "source": "OpenStreetMap", "license": "ODbL-1.0"}, "geometry": {"type": "MultiPolygon", "coordinates": [[[[114.1031583, 22.5372257], [114.1031616, 22.5371488], [114.1035225, 22.5371621], [114.1035191, 22.537239], [114.1031583, 22.5372257]]]]}}, {"type": "Feature", "id": "way/361193176", "properties": {"tags": {"addr:housename": "鹿苑小区", "addr:housename:en": "Luyuan Community", "addr:housename:zh": "鹿苑小区", "building": "apartments", "name": "8栋", "name:en": "Block 8", "name:zh": "8栋"}, "heightStatus": "unknown", "source": "OpenStreetMap", "license": "ODbL-1.0"}, "geometry": {"type": "MultiPolygon", "coordinates": [[[[114.1027551, 22.5374304], [114.1027576, 22.5373503], [114.1031, 22.5373594], [114.1030975, 22.5374395], [114.1027551, 22.5374304]]]]}}, {"type": "Feature", "id": "way/361193177", "properties": {"tags": {"addr:housename": "鹿苑小区", "addr:housename:en": "Luyuan Community", "addr:housename:zh": "鹿苑小区", "building": "apartments", "building:levels": "6", "name": "7栋", "name:en": "Block 7", "name:zh": "7栋"}, "heightStatus": "levels_only_unverified", "source": "OpenStreetMap", "license": "ODbL-1.0"}, "geometry": {"type": "MultiPolygon", "coordinates": [[[[114.103163, 22.5374428], [114.103166, 22.5373668], [114.1035156, 22.5373782], [114.1035127, 22.5374542], [114.103163, 22.5374428]]]]}}, {"type": "Feature", "id": "way/361193178", "properties": {"tags": {"addr:housename": "鹿苑小区", "addr:housename:en": "Luyuan Community", "addr:housename:zh": "鹿苑小区", "building": "apartments", "name": "10栋", "name:en": "Block 10", "name:zh": "10栋"}, "heightStatus": "unknown", "source": "OpenStreetMap", "license": "ODbL-1.0"}, "geometry": {"type": "MultiPolygon", "coordinates": [[[[114.1027429, 22.5377102], [114.1027451, 22.5376119], [114.1031014, 22.5376186], [114.1030992, 22.5377169], [114.1027429, 22.5377102]]]]}}, {"type": "Feature", "id": "way/361193179", "properties": {"tags": {"addr:housename": "鹿苑小区", "addr:housename:en": "Luyuan Community", "addr:housename:zh": "鹿苑小区", "building": "apartments", "building:levels": "10", "name": "9栋", "name:en": "Block 9", "name:zh": "9栋"}, "heightStatus": "levels_only_unverified", "source": "OpenStreetMap", "license": "ODbL-1.0"}, "geometry": {"type": "MultiPolygon", "coordinates": [[[[114.1031541, 22.5377182], [114.1031567, 22.5376233], [114.1035071, 22.5376316], [114.1035045, 22.5377265], [114.1031541, 22.5377182]]]]}}, {"type": "Feature", "id": "way/361193180", "properties": {"tags": {"addr:housename": "鹿苑小区", "addr:housename:en": "Luyuan Community", "addr:housename:zh": "鹿苑小区", "building": "apartments", "building:levels": "6", "name": "4栋", "name:en": "Block 4", "name:zh": "4栋"}, "heightStatus": "levels_only_unverified", "source": "OpenStreetMap", "license": "ODbL-1.0"}, "geometry": {"type": "MultiPolygon", "coordinates": [[[[114.1035643, 22.5371963], [114.103631, 22.5371512], [114.1036343, 22.5370745], [114.1037076, 22.537076], [114.1037092, 22.5371452], [114.1037776, 22.5371813], [114.1037369, 22.5372474], [114.1036685, 22.5372098], [114.1035968, 22.5372489], [114.1035643, 22.5371963]]]]}}, {"type": "Feature", "id": "way/361193182", "properties": {"tags": {"addr:housename": "滨苑铁路新村", "addr:housename:en": "Binyuan Railway New Estate", "addr:housename:zh": "滨苑铁路新村", "building": "apartments", "building:levels": "8", "name": "2栋", "name:en": "Block 2", "name:zh": "2栋"}, "heightStatus": "levels_only_unverified", "source": "OpenStreetMap", "license": "ODbL-1.0"}, "geometry": {"type": "MultiPolygon", "coordinates": [[[[114.1038538, 22.5372408], [114.1038874, 22.5371752], [114.1040044, 22.537119], [114.1039869, 22.5370879], [114.1039668, 22.5370975], [114.1039552, 22.5370769], [114.1039752, 22.5370673], [114.1039553, 22.5370319], [114.1039978, 22.5370115], [114.1040059, 22.537026], [114.1040408, 22.5370092], [114.1040327, 22.5369947], [114.1040751, 22.5369743], [114.104095, 22.5370097], [114.104115, 22.5370001], [114.1041267, 22.5370207], [114.1041067, 22.5370304], [114.1041242, 22.5370615], [114.1041809, 22.5370342], [114.1041634, 22.5370031], [114.1041434, 22.5370127], [114.1041317, 22.5369921], [114.1041518, 22.5369824], [114.1041319, 22.5369471], [114.1041743, 22.5369267], [114.1041825, 22.5369412], [114.1042174, 22.5369244], [114.1042092, 22.5369099], [114.1042516, 22.5368895], [114.1042716, 22.5369249], [114.1042916, 22.5369152], [114.1043032, 22.5369359], [114.1042832, 22.5369455], [114.1043007, 22.5369766], [114.1043352, 22.53696], [114.104368, 22.5370182], [114.1038647, 22.53726], [114.1038538, 22.5372408]]]]}}, {"type": "Feature", "id": "way/361193183", "properties": {"tags": {"addr:housename": "滨苑铁路新村", "addr:housename:en": "Binyuan Railway New Estate", "addr:housename:zh": "滨苑铁路新村", "building": "apartments", "building:levels": "8", "name": "1栋", "name:en": "Block 1", "name:zh": "1栋"}, "heightStatus": "levels_only_unverified", "source": "OpenStreetMap", "license": "ODbL-1.0"}, "geometry": {"type": "MultiPolygon", "coordinates": [[[[114.1036336, 22.5376704], [114.1037258, 22.5374905], [114.1037458, 22.5374809], [114.1037816, 22.5375444], [114.1037616, 22.5375541], [114.103769, 22.5375671], [114.103838, 22.5375339], [114.1038205, 22.5375028], [114.1038004, 22.5375125], [114.1037888, 22.5374918], [114.1038088, 22.5374822], [114.1037889, 22.5374468], [114.1038313, 22.5374264], [114.1038395, 22.5374409], [114.1038744, 22.5374242], [114.1038662, 22.5374097], [114.1039087, 22.5373893], [114.1039286, 22.5374246], [114.1039486, 22.537415], [114.1039603, 22.5374357], [114.1039402, 22.5374453], [114.1039578, 22.5374764], [114.1040145, 22.5374491], [114.103997, 22.537418], [114.103977, 22.5374276], [114.1039653, 22.537407], [114.1039854, 22.5373973], [114.1039654, 22.537362], [114.1040079, 22.5373416], [114.1040161, 22.5373561], [114.1040509, 22.5373393], [114.1040428, 22.5373248], [114.1040852, 22.5373044], [114.1041051, 22.5373398], [114.1041252, 22.5373302], [114.1041368, 22.5373508], [114.1041168, 22.5373604], [114.1041343, 22.5373915], [114.1042033, 22.5373584], [114.1041858, 22.5373273], [114.1041658, 22.5373369], [114.1041541, 22.5373162], [114.1041742, 22.5373066], [114.1041542, 22.5372713], [114.1041967, 22.5372509], [114.1042049, 22.5372654], [114.1042398, 22.5372486], [114.1042316, 22.5372341], [114.104274, 22.5372137], [114.104294, 22.537249], [114.104314, 22.5372394], [114.1043256, 22.5372601], [114.1043056, 22.5372697], [114.1043231, 22.5373008], [114.1043799, 22.5372735], [114.1043623, 22.5372424], [114.1043423, 22.5372521], [114.1043307, 22.5372314], [114.1043507, 22.5372218], [114.1043308, 22.5371864], [114.1043732, 22.537166], [114.1043814, 22.5371805], [114.1044163, 22.5371638], [114.1044081, 22.5371492], [114.1044506, 22.5371288], [114.1044705, 22.5371642], [114.1044905, 22.5371546], [114.1045022, 22.5371752], [114.1044821, 22.5371849], [114.1044997, 22.537216], [114.1045342, 22.5371994], [114.1045669, 22.5372575], [114.1036493, 22.5376984], [114.1036336, 22.5376704]]]]}}, {"type": "Feature", "id": "way/413131418", "properties": {"tags": {"building": "train_station", "building:levels": "0", "building:levels:underground": "2", "layer": "-1", "location": "underground", "name": "大剧院站", "name:en": "Grand Theater Station", "name:zh": "大剧院站", "name:zh-Hant": "大劇院站", "network": "深圳地铁", "operator": "深圳市地铁集团", "start_date": "2004-12-28", "wikidata": "Q841872", "wikimedia_commons": "Category:Grand Theater Station (Shenzhen)", "wikipedia": "zh:大劇院站 (深圳)"}, "heightStatus": "levels_only_unverified", "source": "OpenStreetMap", "license": "ODbL-1.0"}, "geometry": {"type": "MultiPolygon", "coordinates": [[[[114.101546, 22.5440763], [114.1015493, 22.5440413], [114.1015514, 22.5440189], [114.1018596, 22.5441131], [114.101873, 22.5440901], [114.1017715, 22.5440257], [114.1017731, 22.544005], [114.1018089, 22.5439949], [114.1018086, 22.5439712], [114.1019005, 22.5440279], [114.1019384, 22.5439758], [114.1019508, 22.5439831], [114.1019676, 22.5439612], [114.1018912, 22.5439176], [114.1019289, 22.5438702], [114.1022077, 22.5440223], [114.1022567, 22.5438556], [114.1021247, 22.5438181], [114.1021184, 22.5438335], [114.1019883, 22.5437922], [114.1019929, 22.5437788], [114.1020067, 22.5437383], [114.1020203, 22.5436984], [114.1020265, 22.5436803], [114.1022207, 22.5437272], [114.1022305, 22.5436904], [114.1023426, 22.5437133], [114.1023448, 22.5437035], [114.1025738, 22.5437461], [114.1025763, 22.5437307], [114.1020298, 22.5436128], [114.1020361, 22.5435789], [114.1020456, 22.5435282], [114.1020914, 22.5435358], [114.1020873, 22.5435579], [114.1022327, 22.5435892], [114.1022594, 22.5434703], [114.102387, 22.5434919], [114.1023837, 22.5435106], [114.1031883, 22.5436682], [114.1031986, 22.5436264], [114.1032423, 22.543637], [114.103233, 22.5436738], [114.1032799, 22.5436839], [114.1032859, 22.5436607], [114.1036988, 22.5437478], [114.1036753, 22.5438496], [114.1037299, 22.5438627], [114.103714, 22.5439297], [114.1036606, 22.5439206], [114.1036554, 22.5439453], [114.1035251, 22.5439186], [114.1035289, 22.543902], [114.1033216, 22.5438607], [114.103317, 22.5438854], [114.1035122, 22.5439252], [114.103509, 22.5439372], [114.1037235, 22.5439844], [114.1038373, 22.5438929], [114.1046887, 22.5440652], [114.1046836, 22.5440869], [114.1051306, 22.5441962], [114.1051142, 22.5442586], [114.1050018, 22.5443125], [114.1049004, 22.5442818], [114.1048747, 22.544377], [114.1047645, 22.5443543], [114.1047471, 22.5444289], [114.1046598, 22.544446], [114.1042338, 22.5443503], [114.1042169, 22.5444088], [114.1041384, 22.5443931], [114.1041526, 22.5443342], [114.1032603, 22.5441428], [114.1032455, 22.5441992], [114.103942, 22.5443362], [114.1039375, 22.544356], [114.1046255, 22.5445084], [114.1053358, 22.5442031], [114.1053282, 22.5441879], [114.1053791, 22.544166], [114.1053809, 22.5441659], [114.105427, 22.5442607], [114.105376, 22.5442826], [114.105369, 22.5442688], [114.1047395, 22.5445282], [114.1046289, 22.5448199], [114.1045598, 22.5448013], [114.1046054, 22.5446613], [114.1045263, 22.5445635], [114.1039208, 22.5444483], [114.1039159, 22.5444682], [114.1034937, 22.5444057], [114.1034424, 22.5443302], [114.1032597, 22.5442999], [114.1032458, 22.5443463], [114.1031253, 22.5445166], [114.1033742, 22.5446607], [114.1034326, 22.5444914], [114.1035788, 22.5445236], [114.1035046, 22.5447291], [114.1037313, 22.5448673], [114.1037435, 22.5448369], [114.1039082, 22.5449276], [114.1038973, 22.5449649], [114.1040789, 22.5450808], [114.1040969, 22.5450495], [114.1043397, 22.5451951], [114.1043206, 22.5452258], [114.1041302, 22.545115], [114.1040871, 22.5451664], [114.1039551, 22.5450797], [114.1039469, 22.5450906], [114.1040247, 22.5451407], [114.1038995, 22.5453074], [114.1032191, 22.5448984], [114.1032158, 22.5449321], [114.1038829, 22.5453326], [114.1038399, 22.5453856], [114.1031174, 22.5449387], [114.103161, 22.5448682], [114.1021675, 22.5442642], [114.1021455, 22.5442508], [114.1021281, 22.5442408], [114.1021017, 22.5442257], [114.1020133, 22.544175], [114.1019092, 22.5442294], [114.1017707, 22.5442334], [114.1017729, 22.5442022], [114.1017418, 22.5442017], [114.1017418, 22.5441624], [114.10181, 22.5441634], [114.101546, 22.5440763]]]]}}, {"type": "Feature", "id": "way/523970985", "properties": {"tags": {"building": "yes"}, "heightStatus": "unknown", "source": "OpenStreetMap", "license": "ODbL-1.0"}, "geometry": {"type": "MultiPolygon", "coordinates": [[[[114.1117685, 22.5379049], [114.1117862, 22.5377927], [114.1118162, 22.5376158], [114.112034, 22.5362773], [114.1121279, 22.5362946], [114.111849, 22.5379223], [114.1117685, 22.5379049]]]]}}, {"type": "Feature", "id": "way/525185586", "properties": {"tags": {"addr:city": "深圳市", "addr:district": "罗湖区", "addr:housenumber": "1050", "addr:province": "广东省", "addr:street": "建设路", "building": "commercial", "name": "德兴大厦"}, "heightStatus": "unknown", "source": "OpenStreetMap", "license": "ODbL-1.0"}, "geometry": {"type": "MultiPolygon", "coordinates": [[[[114.112236, 22.537805], [114.1123317, 22.5372644], [114.1126392, 22.5373108], [114.1125849, 22.5376178], [114.1130878, 22.5376936], [114.1130464, 22.5379274], [114.112236, 22.537805]]]]}}, {"type": "Feature", "id": "way/525185587", "properties": {"tags": {"addr:city": "深圳市", "addr:district": "罗湖区", "addr:housenumber": "1012", "addr:province": "广东省", "addr:street": "建设路", "building": "residential", "name": "敦信大厦"}, "heightStatus": "unknown", "source": "OpenStreetMap", "license": "ODbL-1.0"}, "geometry": {"type": "MultiPolygon", "coordinates": [[[[114.1123449, 22.5372278], [114.1123985, 22.5369256], [114.1126855, 22.5369702], [114.1126319, 22.5372675], [114.1123449, 22.5372278]]]]}}, {"type": "Feature", "id": "way/525185589", "properties": {"tags": {"addr:city": "深圳市", "addr:district": "罗湖区", "addr:housenumber": "1072", "addr:province": "广东省", "addr:street": "建设路", "building": "yes", "name": "东方广场", "office": "yes"}, "heightStatus": "unknown", "source": "OpenStreetMap", "license": "ODbL-1.0"}, "geometry": {"type": "MultiPolygon", "coordinates": [[[[114.112074, 22.5393628], [114.1121094, 22.539134], [114.1125588, 22.5392027], [114.1125164, 22.5394347], [114.112074, 22.5393628]]]]}}, {"type": "Feature", "id": "way/525263204", "properties": {"tags": {"addr:city": "深圳市", "addr:district": "罗湖区", "addr:housenumber": "1076", "addr:province": "广东省", "addr:street": "建设路", "building": "yes", "name": "盛世嘉创中心"}, "heightStatus": "unknown", "source": "OpenStreetMap", "license": "ODbL-1.0"}, "geometry": {"type": "MultiPolygon", "coordinates": [[[[114.1121964, 22.5401565], [114.1123082, 22.5395339], [114.1127151, 22.5395942], [114.1126033, 22.540211], [114.1121964, 22.5401565]]]]}}, {"type": "Feature", "id": "way/531166212", "properties": {"tags": {"building": "residential"}, "heightStatus": "unknown", "source": "OpenStreetMap", "license": "ODbL-1.0"}, "geometry": {"type": "MultiPolygon", "coordinates": [[[[114.1117442, 22.5412171], [114.1117652, 22.5410446], [114.111952, 22.5410662], [114.1119263, 22.541243], [114.1117442, 22.5412171]]]]}}, {"type": "Feature", "id": "way/531166213", "properties": {"tags": {"building": "residential"}, "heightStatus": "unknown", "source": "OpenStreetMap", "license": "ODbL-1.0"}, "geometry": {"type": "MultiPolygon", "coordinates": [[[[114.1119847, 22.5412516], [114.1120034, 22.5410791], [114.1122182, 22.5411071], [114.1121949, 22.5412797], [114.1119847, 22.5412516]]]]}}, {"type": "Feature", "id": "way/531166214", "properties": {"tags": {"building": "residential"}, "heightStatus": "unknown", "source": "OpenStreetMap", "license": "ODbL-1.0"}, "geometry": {"type": "MultiPolygon", "coordinates": [[[[114.1122766, 22.5412969], [114.1122999, 22.5411222], [114.1125007, 22.5411524], [114.1124774, 22.5413271], [114.1122766, 22.5412969]]]]}}, {"type": "Feature", "id": "way/531166215", "properties": {"tags": {"building": "residential"}, "heightStatus": "unknown", "source": "OpenStreetMap", "license": "ODbL-1.0"}, "geometry": {"type": "MultiPolygon", "coordinates": [[[[114.1117699, 22.5409497], [114.1117909, 22.5407858], [114.111966, 22.5408031], [114.111945, 22.5409734], [114.1117699, 22.5409497]]]]}}, {"type": "Feature", "id": "way/531166216", "properties": {"tags": {"building": "residential"}, "heightStatus": "unknown", "source": "OpenStreetMap", "license": "ODbL-1.0"}, "geometry": {"type": "MultiPolygon", "coordinates": [[[[114.1123163, 22.540954], [114.1123373, 22.5407599], [114.1125521, 22.5407837], [114.1125311, 22.5409799], [114.1123163, 22.540954]]]]}}, {"type": "Feature", "id": "way/531166217", "properties": {"tags": {"building": "residential"}, "heightStatus": "unknown", "source": "OpenStreetMap", "license": "ODbL-1.0"}, "geometry": {"type": "MultiPolygon", "coordinates": [[[[114.112419, 22.5405658], [114.1124494, 22.5403804], [114.1126245, 22.5404019], [114.1125988, 22.5405896], [114.112419, 22.5405658]]]]}}, {"type": "Feature", "id": "way/531166218", "properties": {"tags": {"building": "residential"}, "heightStatus": "unknown", "source": "OpenStreetMap", "license": "ODbL-1.0"}, "geometry": {"type": "MultiPolygon", "coordinates": [[[[114.1121061, 22.5405184], [114.1121318, 22.5403372], [114.1122999, 22.540361], [114.1122742, 22.5405421], [114.1121061, 22.5405184]]]]}}, {"type": "Feature", "id": "way/531166219", "properties": {"tags": {"addr:city": "深圳市", "addr:district": "罗湖区", "addr:housenumber": "1098", "addr:province": "广东省", "addr:street": "建设路", "building": "commercial", "name": "友谊大厦"}, "heightStatus": "unknown", "source": "OpenStreetMap", "license": "ODbL-1.0"}, "geometry": {"type": "MultiPolygon", "coordinates": [[[[114.1115714, 22.5418469], [114.1116741, 22.5413077], [114.1125054, 22.541435], [114.112412, 22.5419806], [114.1115714, 22.5418469]]]]}}, {"type": "Feature", "id": "way/531378275", "properties": {"tags": {"addr:city": "深圳市", "addr:district": "罗湖区", "addr:housenumber": "1", "addr:province": "广东省", "addr:street": "迎春路", "building": "yes", "name": "海燕大酒店", "tourism": "hotel"}, "heightStatus": "unknown", "source": "OpenStreetMap", "license": "ODbL-1.0"}, "geometry": {"type": "MultiPolygon", "coordinates": [[[[114.1122379, 22.5427943], [114.1123242, 22.5423988], [114.1125953, 22.54245], [114.1125059, 22.5428427], [114.1122379, 22.5427943]]]]}}, {"type": "Feature", "id": "way/531378276", "properties": {"tags": {"building": "commercial", "name": "南洋大厦"}, "heightStatus": "unknown", "source": "OpenStreetMap", "license": "ODbL-1.0"}, "geometry": {"type": "MultiPolygon", "coordinates": [[[[114.1113732, 22.5426452], [114.1114872, 22.5421223], [114.1121447, 22.5422446], [114.1120306, 22.5427676], [114.1113732, 22.5426452]]]]}}, {"type": "Feature", "id": "way/531378277", "properties": {"tags": {"addr:city": "深圳市", "addr:district": "罗湖区", "addr:housenumber": "2008", "addr:province": "广东省", "addr:street": "建设路", "building": "commercial", "name": "南洋大厦 A座"}, "heightStatus": "unknown", "source": "OpenStreetMap", "license": "ODbL-1.0"}, "geometry": {"type": "MultiPolygon", "coordinates": [[[[114.1114427, 22.5426342], [114.1114793, 22.5424662], [114.111734, 22.5425136], [114.1116974, 22.5426815], [114.1114427, 22.5426342]]]]}}, {"type": "Feature", "id": "way/531378278", "properties": {"tags": {"addr:city": "深圳市", "addr:district": "罗湖区", "addr:housenumber": "2004", "addr:province": "广东省", "addr:street": "建设路", "building": "commercial", "name": "南洋大厦 C座"}, "heightStatus": "unknown", "source": "OpenStreetMap", "license": "ODbL-1.0"}, "geometry": {"type": "MultiPolygon", "coordinates": [[[[114.1114841, 22.5423054], [114.1115164, 22.5421551], [114.1117171, 22.5421919], [114.1116857, 22.5423382], [114.1116849, 22.5423421], [114.1114841, 22.5423054]]]]}}, {"type": "Feature", "id": "way/531378279", "properties": {"tags": {"addr:city": "深圳市", "addr:district": "罗湖区", "addr:housenumber": "3008-2", "addr:province": "广东省", "addr:street": "嘉宾路", "building": "commercial", "name": "南洋大厦 B座"}, "heightStatus": "unknown", "source": "OpenStreetMap", "license": "ODbL-1.0"}, "geometry": {"type": "MultiPolygon", "coordinates": [[[[114.1118101, 22.5423891], [114.1118472, 22.5422192], [114.1120975, 22.5422658], [114.1120605, 22.5424357], [114.1118101, 22.5423891]]]]}}, {"type": "Feature", "id": "way/531378282", "properties": {"tags": {"addr:city": "深圳市", "addr:district": "罗湖区", "addr:housenumber": "2020", "addr:province": "广东省", "addr:street": "建设路", "building": "commercial", "name": "南方证券大厦 A座"}, "heightStatus": "unknown", "source": "OpenStreetMap", "license": "ODbL-1.0"}, "geometry": {"type": "MultiPolygon", "coordinates": [[[[114.1113239, 22.5432188], [114.1113284, 22.5431852], [114.1114694, 22.5432067], [114.1114808, 22.5431431], [114.1116589, 22.5431703], [114.1116526, 22.5432059], [114.111741, 22.5432194], [114.1117099, 22.543393], [114.1114312, 22.5433504], [114.1113962, 22.5433345], [114.1113682, 22.5433142], [114.1113418, 22.5432811], [114.1113272, 22.5432471], [114.1113239, 22.5432188]]]]}}, {"type": "Feature", "id": "way/531378283", "properties": {"tags": {"addr:city": "深圳市", "addr:district": "罗湖区", "addr:housenumber": "2016", "addr:province": "广东省", "addr:street": "建设路", "building": "commercial", "name": "南方证券大厦 B座"}, "heightStatus": "unknown", "source": "OpenStreetMap", "license": "ODbL-1.0"}, "geometry": {"type": "MultiPolygon", "coordinates": [[[[114.1113653, 22.5429785], [114.1113759, 22.5429289], [114.111397, 22.5428846], [114.1114324, 22.5428516], [114.1114766, 22.5428315], [114.1115305, 22.5428284], [114.1118034, 22.5428699], [114.1117693, 22.5430606], [114.1116809, 22.5430472], [114.1116724, 22.5430947], [114.1114943, 22.5430676], [114.1115063, 22.543], [114.1113653, 22.5429785]]]]}}, {"type": "Feature", "id": "way/531378284", "properties": {"tags": {"addr:city": "深圳市", "addr:district": "罗湖区", "addr:housenumber": "2018", "addr:province": "广东省", "addr:street": "建设路", "building": "commercial", "name": "南方证券大厦 C座"}, "heightStatus": "unknown", "source": "OpenStreetMap", "license": "ODbL-1.0"}, "geometry": {"type": "MultiPolygon", "coordinates": [[[[114.1117175, 22.5433932], [114.111741, 22.543266], [114.1117773, 22.5432701], [114.1118112, 22.5432667], [114.1118414, 22.543257], [114.1118718, 22.5432392], [114.1118962, 22.5432158], [114.1119155, 22.5431844], [114.1119252, 22.5431492], [114.1119255, 22.54312], [114.1119183, 22.5430893], [114.1119036, 22.5430608], [114.1118819, 22.5430358], [114.1118539, 22.5430158], [114.1118183, 22.5430017], [114.1117906, 22.5429975], [114.1118139, 22.5428713], [114.1118763, 22.5428837], [114.1119341, 22.5429085], [114.1119804, 22.5429407], [114.1120179, 22.5429799], [114.1120474, 22.5430272], [114.1120662, 22.5430808], [114.1120723, 22.5431382], [114.1120643, 22.5431975], [114.1120446, 22.543249], [114.1120124, 22.5432975], [114.1119694, 22.5433388], [114.1119133, 22.5433727], [114.111849, 22.5433939], [114.11178, 22.5434006], [114.1117175, 22.5433932]]]]}}, {"type": "Feature", "id": "way/531378285", "properties": {"tags": {"addr:city": "深圳市", "addr:district": "罗湖区", "addr:housenumber": "9", "addr:province": "广东省", "addr:street": "迎春路", "amenity": "marketplace", "building": "retail", "name": "东洋·国际时装批发广场"}, "heightStatus": "unknown", "source": "OpenStreetMap", "license": "ODbL-1.0"}, "geometry": {"type": "MultiPolygon", "coordinates": [[[[114.1120662, 22.5433105], [114.1121186, 22.5430089], [114.112171, 22.5430174], [114.1122388, 22.5429776], [114.1122727, 22.5429719], [114.1123404, 22.5429662], [114.1124452, 22.5429833], [114.1123497, 22.5434414], [114.1122203, 22.5434187], [114.1121525, 22.5433703], [114.1121155, 22.5433247], [114.1120662, 22.5433105]]]]}}, {"type": "Feature", "id": "way/531606113", "properties": {"tags": {"addr:city": "深圳市", "addr:district": "罗湖区", "addr:housenumber": "2022", "addr:province": "广东省", "addr:street": "建设路", "building": "commercial", "name": "深圳国际金融大厦"}, "heightStatus": "unknown", "source": "OpenStreetMap", "license": "ODbL-1.0"}, "geometry": {"type": "MultiPolygon", "coordinates": [[[[114.1112361, 22.5439484], [114.1113219, 22.5434802], [114.1118664, 22.5435694], [114.1117752, 22.5440326], [114.1112361, 22.5439484]]]]}}, {"type": "Feature", "id": "way/531606117", "properties": {"tags": {"addr:city": "深圳市", "addr:district": "罗湖区", "addr:housenumber": "12", "addr:province": "广东省", "addr:street": "迎春路", "building": "commercial", "name": "海外联谊大厦"}, "heightStatus": "unknown", "source": "OpenStreetMap", "license": "ODbL-1.0"}, "geometry": {"type": "MultiPolygon", "coordinates": [[[[114.1117011, 22.5446087], [114.1117467, 22.5443461], [114.1120471, 22.5443907], [114.1119988, 22.5446508], [114.1117011, 22.5446087]]]]}}, {"type": "Feature", "id": "way/531606120", "properties": {"tags": {"addr:city": "深圳市", "addr:district": "罗湖区", "addr:housenumber": "8", "addr:province": "广东省", "addr:street": "迎春路", "building": "commercial", "name": "安华大厦"}, "heightStatus": "unknown", "source": "OpenStreetMap", "license": "ODbL-1.0"}, "geometry": {"type": "MultiPolygon", "coordinates": [[[[114.1122643, 22.5445443], [114.1122965, 22.5444031], [114.112664, 22.544465], [114.1126345, 22.5446112], [114.1122643, 22.5445443]]]]}}, {"type": "Feature", "id": "way/531933751", "properties": {"tags": {"addr:city": "深圳市", "addr:district": "罗湖区", "addr:housenumber": "18", "addr:province": "广东省", "addr:street": "迎春路", "building": "commercial", "name": "新广健大厦"}, "heightStatus": "unknown", "source": "OpenStreetMap", "license": "ODbL-1.0"}, "geometry": {"type": "MultiPolygon", "coordinates": [[[[114.1114256, 22.5443748], [114.1114606, 22.5442196], [114.1116567, 22.5442519], [114.111624, 22.5444072], [114.1114256, 22.5443748]]]]}}, {"type": "Feature", "id": "way/617585333", "properties": {"tags": {"building": "apartments", "building:levels": "32", "layer": "1"}, "heightStatus": "levels_only_unverified", "source": "OpenStreetMap", "license": "ODbL-1.0"}, "geometry": {"type": "MultiPolygon", "coordinates": [[[[114.1043116, 22.5428225], [114.1043235, 22.5427352], [114.1043441, 22.5427353], [114.1043481, 22.5427011], [114.1043317, 22.5426995], [114.1043427, 22.5426182], [114.1043828, 22.542622], [114.1044268, 22.5426738], [114.1044394, 22.5426627], [114.1043979, 22.5426136], [114.1044027, 22.5425816], [114.10449, 22.5425922], [114.1044869, 22.5426094], [114.1045304, 22.5426161], [114.10455, 22.5425966], [114.1046282, 22.5426076], [114.1046207, 22.5426531], [114.1045501, 22.5426928], [114.1045604, 22.542711], [114.1046111, 22.5426833], [114.1046403, 22.5426868], [114.1046239, 22.5428191], [114.1046071, 22.5428172], [114.1045965, 22.5428402], [114.1045812, 22.5428556], [114.1045654, 22.5428647], [114.104549, 22.5428702], [114.1045297, 22.5428707], [114.1045277, 22.542888], [114.1043707, 22.5428707], [114.1043768, 22.5428232], [114.1044214, 22.542795], [114.1044144, 22.5427856], [114.1043512, 22.5428256], [114.1043116, 22.5428225]]]]}}, {"type": "Feature", "id": "way/617585335", "properties": {"tags": {"building": "apartments", "building:levels": "32", "layer": "1"}, "heightStatus": "levels_only_unverified", "source": "OpenStreetMap", "license": "ODbL-1.0"}, "geometry": {"type": "MultiPolygon", "coordinates": [[[[114.1038779, 22.5427177], [114.1038967, 22.5426031], [114.1039624, 22.5425626], [114.1039688, 22.5425093], [114.10402, 22.5425145], [114.1040104, 22.5425948], [114.1040589, 22.5425998], [114.1040687, 22.5425182], [114.1041174, 22.5425232], [114.10411, 22.5425849], [114.1041336, 22.5426137], [114.1041921, 22.5426213], [114.1041865, 22.5426583], [114.1042134, 22.5426618], [114.1042003, 22.5427482], [114.1041645, 22.5427435], [114.1041612, 22.5427657], [114.1041161, 22.5427599], [114.104074, 22.5427954], [114.1040661, 22.542845], [114.104039, 22.5428413], [114.1040372, 22.5428526], [114.1039347, 22.5428387], [114.1039373, 22.542822], [114.1039143, 22.5428189], [114.1039218, 22.5427716], [114.1038779, 22.5427177]]]]}}, {"type": "Feature", "id": "way/617585336", "properties": {"tags": {"building": "yes"}, "heightStatus": "unknown", "source": "OpenStreetMap", "license": "ODbL-1.0"}, "geometry": {"type": "MultiPolygon", "coordinates": [[[[114.1032184, 22.5426955], [114.1032382, 22.5425598], [114.1033735, 22.5425766], [114.1033938, 22.5424377], [114.1037832, 22.542486], [114.103745, 22.5427483], [114.1036769, 22.5427398], [114.103671, 22.5427803], [114.1035825, 22.5427693], [114.1035866, 22.5427412], [114.1032184, 22.5426955]]]]}}, {"type": "Feature", "id": "way/617585447", "properties": {"tags": {"building": "apartments"}, "heightStatus": "unknown", "source": "OpenStreetMap", "license": "ODbL-1.0"}, "geometry": {"type": "MultiPolygon", "coordinates": [[[[114.1040169, 22.5395183], [114.1040179, 22.5393577], [114.1040895, 22.539358], [114.1040901, 22.5392939], [114.104269, 22.5392952], [114.1042685, 22.5393589], [114.1043333, 22.5393593], [114.1043323, 22.5395198], [114.104266, 22.5395195], [114.1042651, 22.539619], [114.1040862, 22.5396177], [114.104087, 22.5395186], [114.1040169, 22.5395183]]]]}}, {"type": "Feature", "id": "way/617585450", "properties": {"tags": {"building": "residential", "building:levels": "49", "height": "165.5"}, "heightStatus": "height_tag_unverified", "source": "OpenStreetMap", "license": "ODbL-1.0"}, "geometry": {"type": "MultiPolygon", "coordinates": [[[[114.1047925, 22.5402283], [114.1049273, 22.5402032], [114.104912, 22.5401334], [114.1048105, 22.5401524], [114.1047944, 22.5400788], [114.1051427, 22.5400137], [114.1051588, 22.5400871], [114.1050045, 22.5401159], [114.1050192, 22.5401828], [114.105145, 22.5401593], [114.1051694, 22.5402708], [114.1048162, 22.5403367], [114.1047925, 22.5402283]]]]}}, {"type": "Feature", "id": "way/617585452", "properties": {"tags": {"building": "yes"}, "heightStatus": "unknown", "source": "OpenStreetMap", "license": "ODbL-1.0"}, "geometry": {"type": "MultiPolygon", "coordinates": [[[[114.1046518, 22.5387673], [114.1046668, 22.5385879], [114.1047411, 22.5385225], [114.1048982, 22.5385337], [114.1048913, 22.5386159], [114.1047848, 22.5386084], [114.1047791, 22.5386762], [114.1053168, 22.5387144], [114.1053086, 22.538814], [114.1046518, 22.5387673]]]]}}, {"type": "Feature", "id": "way/617585453", "properties": {"tags": {"building": "yes"}, "heightStatus": "unknown", "source": "OpenStreetMap", "license": "ODbL-1.0"}, "geometry": {"type": "MultiPolygon", "coordinates": [[[[114.1048192, 22.5392554], [114.1048212, 22.5388981], [114.105184, 22.5388999], [114.1051825, 22.5391591], [114.1051467, 22.539159], [114.1051464, 22.5392119], [114.1048958, 22.5392107], [114.1048955, 22.5392558], [114.1048192, 22.5392554]]]]}}, {"type": "Feature", "id": "way/617585454", "properties": {"tags": {"building": "yes"}, "heightStatus": "unknown", "source": "OpenStreetMap", "license": "ODbL-1.0"}, "geometry": {"type": "MultiPolygon", "coordinates": [[[[114.1053669, 22.5387726], [114.1053773, 22.5386834], [114.1055933, 22.5387049], [114.1056008, 22.538641], [114.1057031, 22.5386512], [114.1056959, 22.5387123], [114.1058565, 22.5387283], [114.1058511, 22.5387746], [114.105906, 22.5387801], [114.1058962, 22.5388647], [114.1054232, 22.5388176], [114.1054277, 22.5387787], [114.1053669, 22.5387726]]]]}}, {"type": "Feature", "id": "way/617585455", "properties": {"tags": {"building": "yes"}, "heightStatus": "unknown", "source": "OpenStreetMap", "license": "ODbL-1.0"}, "geometry": {"type": "MultiPolygon", "coordinates": [[[[114.1049763, 22.5407163], [114.1050114, 22.5406366], [114.1050464, 22.5405783], [114.1052775, 22.540725], [114.1052845, 22.5407918], [114.1051444, 22.5408285], [114.1050581, 22.5408048], [114.1049763, 22.5407163]]]]}}, {"type": "Feature", "id": "way/617585456", "properties": {"tags": {"building": "yes"}, "heightStatus": "unknown", "source": "OpenStreetMap", "license": "ODbL-1.0"}, "geometry": {"type": "MultiPolygon", "coordinates": [[[[114.105136, 22.5404967], [114.105307, 22.5404114], [114.1053763, 22.5403146], [114.1054811, 22.5404355], [114.1053702, 22.5406219], [114.105287, 22.5406362], [114.1051653, 22.5405536], [114.105136, 22.5404967]]]]}}, {"type": "Feature", "id": "way/617585457", "properties": {"tags": {"building": "yes"}, "heightStatus": "unknown", "source": "OpenStreetMap", "license": "ODbL-1.0"}, "geometry": {"type": "MultiPolygon", "coordinates": [[[[114.1033109, 22.5401273], [114.1033125, 22.5400043], [114.1035645, 22.5400072], [114.1035629, 22.5401301], [114.1033109, 22.5401273]]]]}}, {"type": "Feature", "id": "way/617585463", "properties": {"tags": {"building": "yes"}, "heightStatus": "unknown", "source": "OpenStreetMap", "license": "ODbL-1.0"}, "geometry": {"type": "MultiPolygon", "coordinates": [[[[114.1036487, 22.5400695], [114.1038722, 22.5400695], [114.1038722, 22.5401465], [114.1036487, 22.5401465], [114.1036487, 22.5400695]]]]}}, {"type": "Feature", "id": "way/617627081", "properties": {"tags": {"addr:housename": "中海·鹿丹名苑", "addr:housename:en": "COC Ludan Garden", "addr:housename:zh": "中海·鹿丹名苑", "building": "apartments", "building:levels": "29", "name": "2栋", "name:en": "Block 2", "name:zh": "2栋"}, "heightStatus": "levels_only_unverified", "source": "OpenStreetMap", "license": "ODbL-1.0"}, "geometry": {"type": "MultiPolygon", "coordinates": [[[[114.1030423, 22.5364961], [114.1031105, 22.5364778], [114.103105, 22.5364603], [114.1031523, 22.5364476], [114.1031578, 22.5364651], [114.1031892, 22.5364567], [114.1031927, 22.5363952], [114.1031539, 22.5363933], [114.1031551, 22.5363731], [114.1031357, 22.5363721], [114.1031389, 22.5363157], [114.1031972, 22.5363186], [114.1031982, 22.5363012], [114.1032751, 22.536305], [114.1032741, 22.5363224], [114.1033324, 22.5363253], [114.1033291, 22.5363818], [114.1033097, 22.5363808], [114.1033085, 22.536401], [114.1032697, 22.5363991], [114.1032661, 22.5364605], [114.1032963, 22.536472], [114.1033038, 22.5364551], [114.1033493, 22.5364724], [114.1033418, 22.5364893], [114.1034074, 22.5365142], [114.1033729, 22.5365918], [114.1032504, 22.5365453], [114.1032621, 22.536519], [114.1031863, 22.5365153], [114.1031949, 22.5365425], [114.1030677, 22.5365766], [114.1030423, 22.5364961]]]]}}, {"type": "Feature", "id": "way/665904237", "properties": {"tags": {"building": "commercial", "name": "世界金融中心B座", "name:en": "World Finance Center Tower B", "name:zh": "世界金融中心B座"}, "heightStatus": "unknown", "source": "OpenStreetMap", "license": "ODbL-1.0"}, "geometry": {"type": "MultiPolygon", "coordinates": [[[[114.1086761, 22.5447512], [114.108723, 22.5445056], [114.1091394, 22.5445734], [114.1090924, 22.5448191], [114.1086761, 22.5447512]]]]}}, {"type": "Feature", "id": "way/665904239", "properties": {"tags": {"building": "commercial", "name": "世金汉宫"}, "heightStatus": "unknown", "source": "OpenStreetMap", "license": "ODbL-1.0"}, "geometry": {"type": "MultiPolygon", "coordinates": [[[[114.1092759, 22.5443799], [114.1093149, 22.5441904], [114.1097113, 22.5442599], [114.1096723, 22.5444496], [114.1092759, 22.5443799]]]]}}, {"type": "Feature", "id": "way/665904247", "properties": {"tags": {"building": "commercial", "name": "世界金融中心A座", "name:en": "World Finance Center Tower A", "name:zh": "世界金融中心A座"}, "heightStatus": "unknown", "source": "OpenStreetMap", "license": "ODbL-1.0"}, "geometry": {"type": "MultiPolygon", "coordinates": [[[[114.109224, 22.5448405], [114.1092864, 22.5445105], [114.1096788, 22.5445738], [114.1096164, 22.5449038], [114.109224, 22.5448405]]]]}}, {"type": "Feature", "id": "way/665904250", "properties": {"tags": {"building": "residential", "name": "兆鑫汇金广场"}, "heightStatus": "unknown", "source": "OpenStreetMap", "license": "ODbL-1.0"}, "geometry": {"type": "MultiPolygon", "coordinates": [[[[114.1109596, 22.5450981], [114.1111286, 22.5442106], [114.1111631, 22.5441785], [114.1113071, 22.5442047], [114.1113357, 22.5442478], [114.1112941, 22.5444597], [114.1116102, 22.5445127], [114.1115714, 22.5447099], [114.1118512, 22.5447568], [114.1118109, 22.5449625], [114.1123848, 22.5450586], [114.1124426, 22.5450683], [114.1123765, 22.5454047], [114.1110277, 22.5451784], [114.1109596, 22.5450981]]]]}}, {"type": "Feature", "id": "way/689596934", "properties": {"tags": {"building": "apartments", "name": "嘉宾花园"}, "heightStatus": "unknown", "source": "OpenStreetMap", "license": "ODbL-1.0"}, "geometry": {"type": "MultiPolygon", "coordinates": [[[[114.1072642, 22.5423589], [114.1075602, 22.5423224], [114.107737, 22.5435463], [114.1074412, 22.5435828], [114.1072642, 22.5423589]]]]}}, {"type": "Feature", "id": "way/689596937", "properties": {"tags": {"building": "commercial", "name": "湖北宝丰大厦"}, "heightStatus": "unknown", "source": "OpenStreetMap", "license": "ODbL-1.0"}, "geometry": {"type": "MultiPolygon", "coordinates": [[[[114.1066527, 22.5441651], [114.1067177, 22.5436597], [114.1071077, 22.5437025], [114.1070427, 22.5442078], [114.1066527, 22.5441651]]]]}}, {"type": "Feature", "id": "way/760483081", "properties": {"tags": {"building:levels": "26", "building:material": "glass", "building:part": "yes"}, "heightStatus": "levels_only_unverified", "source": "OpenStreetMap", "license": "ODbL-1.0"}, "geometry": {"type": "MultiPolygon", "coordinates": [[[[114.1045936, 22.5436316], [114.1046586, 22.5433586], [114.1049458, 22.5434169], [114.1049266, 22.5434975], [114.1046953, 22.5436522], [114.1045936, 22.5436316]]]]}}, {"type": "Feature", "id": "way/760483082", "properties": {"tags": {"building:levels": "26", "building:material": "glass", "building:part": "yes"}, "heightStatus": "levels_only_unverified", "source": "OpenStreetMap", "license": "ODbL-1.0"}, "geometry": {"type": "MultiPolygon", "coordinates": [[[[114.1048942, 22.5437818], [114.1049135, 22.5437007], [114.1051428, 22.5435475], [114.105246, 22.5435684], [114.1051814, 22.5438401], [114.1048942, 22.5437818]]]]}}, {"type": "Feature", "id": "way/773700354", "properties": {"tags": {"building:colour": "#e8cad2", "building:levels": "8", "building:material": "glass", "building:part": "commercial", "height": "32.8", "roof:direction": "77", "roof:height": "4", "roof:shape": "skillion"}, "heightStatus": "height_tag_unverified", "source": "OpenStreetMap", "license": "ODbL-1.0"}, "geometry": {"type": "MultiPolygon", "coordinates": [[[[114.1027863, 22.5433957], [114.1027895, 22.5433824], [114.1028628, 22.5430774], [114.1028659, 22.5430644], [114.1030423, 22.5431005], [114.1029627, 22.5434318], [114.1027863, 22.5433957]]]]}}, {"type": "Feature", "id": "way/773700360", "properties": {"tags": {"building:colour": "white", "building:levels": "9", "building:min_level": "4", "building:part": "apartments", "roof:colour": "#e0d0b8"}, "heightStatus": "levels_only_unverified", "source": "OpenStreetMap", "license": "ODbL-1.0"}, "geometry": {"type": "MultiPolygon", "coordinates": [[[[114.1038596, 22.5448949], [114.1038688, 22.5448691], [114.1039001, 22.5447814], [114.1039085, 22.5447577], [114.1041944, 22.5448142], [114.104427, 22.5448602], [114.1047338, 22.5449208], [114.1046904, 22.5450357], [114.1046588, 22.5451196], [114.1046148, 22.5452362], [114.1043363, 22.5451103], [114.1041238, 22.5450143], [114.1038596, 22.5448949]]]]}}, {"type": "Feature", "id": "way/773700364", "properties": {"tags": {"building:colour": "white", "building:levels": "33", "building:min_level": "9", "building:part": "apartments"}, "heightStatus": "levels_only_unverified", "source": "OpenStreetMap", "license": "ODbL-1.0"}, "geometry": {"type": "MultiPolygon", "coordinates": [[[[114.1038596, 22.5448949], [114.1038688, 22.5448691], [114.1039001, 22.5447814], [114.1039085, 22.5447577], [114.1041944, 22.5448142], [114.1041733, 22.5448741], [114.1041457, 22.5449522], [114.1041238, 22.5450143], [114.1038596, 22.5448949]]]]}}, {"type": "Feature", "id": "way/780483057", "properties": {"tags": {"building:colour": "white", "building:material": "metal", "building:part": "yes", "height": "183.6", "roof:colour": "white", "roof:height": "46.1", "roof:material": "metal", "roof:shape": "pyramidal"}, "heightStatus": "height_tag_unverified", "source": "OpenStreetMap", "license": "ODbL-1.0"}, "geometry": {"type": "MultiPolygon", "coordinates": [[[[114.1028505, 22.5430699], [114.1028506, 22.5430677], [114.1028515, 22.5430657], [114.1028532, 22.5430641], [114.1028553, 22.5430632], [114.1028576, 22.5430631], [114.1028599, 22.5430637], [114.1028618, 22.5430651], [114.102863, 22.5430671], [114.1028633, 22.5430692], [114.1028628, 22.5430714], [114.1028615, 22.5430732], [114.1028596, 22.5430744], [114.1028573, 22.5430749], [114.1028549, 22.5430746], [114.1028528, 22.5430737], [114.1028512, 22.543072], [114.1028505, 22.5430699]]]]}}, {"type": "Feature", "id": "way/780483064", "properties": {"tags": {"building:colour": "#20B2AA", "building:levels": "32", "building:material": "glass", "building:min_level": "5", "building:part": "yes"}, "heightStatus": "levels_only_unverified", "source": "OpenStreetMap", "license": "ODbL-1.0"}, "geometry": {"type": "MultiPolygon", "coordinates": [[[[114.1038403, 22.5448225], [114.103843, 22.5448118], [114.1038486, 22.5448014], [114.1038581, 22.5447915], [114.1038712, 22.5447842], [114.1038853, 22.5447809], [114.1039001, 22.5447814], [114.1038688, 22.5448691], [114.1038584, 22.544863], [114.1038498, 22.5448545], [114.1038437, 22.5448444], [114.1038405, 22.5448333], [114.1038403, 22.5448225]]]]}}, {"type": "Feature", "id": "way/781166575", "properties": {"tags": {"building:colour": "#fed412", "building:levels": "9", "building:material": "plaster", "building:min_level": "8", "building:part": "yes", "roof:colour": "#e0d0b8"}, "heightStatus": "levels_only_unverified", "source": "OpenStreetMap", "license": "ODbL-1.0"}, "geometry": {"type": "MultiPolygon", "coordinates": [[[[114.1041944, 22.5448142], [114.1042181, 22.5448069], [114.1042408, 22.5448012], [114.1042641, 22.5447977], [114.1042878, 22.5447964], [114.1043115, 22.5447982], [114.1043347, 22.544803], [114.1043569, 22.5448108], [114.1043751, 22.5448198], [114.1043929, 22.5448306], [114.1044097, 22.5448439], [114.104427, 22.5448602], [114.1041944, 22.5448142]]]]}}, {"type": "Feature", "id": "way/781166576", "properties": {"tags": {"building:colour": "#fc4f40", "building:levels": "35", "building:material": "plaster", "building:min_level": "33", "building:part": "yes", "roof:angle": "8", "roof:colour": "#fc4f40", "roof:direction": "71", "roof:shape": "skillion"}, "heightStatus": "levels_only_unverified", "source": "OpenStreetMap", "license": "ODbL-1.0"}, "geometry": {"type": "MultiPolygon", "coordinates": [[[[114.104, 22.5449098], [114.1040314, 22.5448258], [114.1046904, 22.5450357], [114.1046588, 22.5451196], [114.104, 22.5449098]]]]}}, {"type": "Feature", "id": "way/781181213", "properties": {"tags": {"building": "retail", "building:levels": "4", "name": "万象城南区"}, "heightStatus": "levels_only_unverified", "source": "OpenStreetMap", "license": "ODbL-1.0"}, "geometry": {"type": "MultiPolygon", "coordinates": [[[[114.1053256, 22.5409314], [114.1054523, 22.5406915], [114.105598, 22.5405101], [114.1056946, 22.5404111], [114.1058973, 22.5404348], [114.105788, 22.5406915], [114.1060351, 22.5409548], [114.1059718, 22.5411128], [114.1056233, 22.5410602], [114.1053256, 22.5409314]]]]}}, {"type": "Feature", "id": "way/781181214", "properties": {"tags": {"building": "retail", "building:levels": "4", "building:min_level": "1", "layer": "1"}, "heightStatus": "levels_only_unverified", "source": "OpenStreetMap", "license": "ODbL-1.0"}, "geometry": {"type": "MultiPolygon", "coordinates": [[[[114.1054578, 22.5414226], [114.1056233, 22.5410602], [114.1059718, 22.5411128], [114.1059648, 22.5412513], [114.1059723, 22.5413301], [114.105986, 22.5413826], [114.1060104, 22.5414451], [114.1060348, 22.5414951], [114.1054578, 22.5414226]]]]}}, {"type": "Feature", "id": "way/781181215", "properties": {"tags": {"building": "retail", "building:levels": "4", "name": "万象城北区"}, "heightStatus": "levels_only_unverified", "source": "OpenStreetMap", "license": "ODbL-1.0"}, "geometry": {"type": "MultiPolygon", "coordinates": [[[[114.1057311, 22.5440476], [114.1058253, 22.5436419], [114.1059514, 22.5436669], [114.1060797, 22.5436923], [114.1060931, 22.5437651], [114.1061043, 22.5438488], [114.106112, 22.5439342], [114.1061105, 22.544021], [114.1060997, 22.5441206], [114.1057311, 22.5440476]]]]}}, {"type": "Feature", "id": "way/781181216", "properties": {"tags": {"building": "retail", "building:levels": "4", "building:min_level": "1", "layer": "1"}, "heightStatus": "levels_only_unverified", "source": "OpenStreetMap", "license": "ODbL-1.0"}, "geometry": {"type": "MultiPolygon", "coordinates": [[[[114.1057327, 22.5436236], [114.1058083, 22.5433049], [114.1058936, 22.543324], [114.1059697, 22.5433411], [114.1059514, 22.5436669], [114.1058253, 22.5436419], [114.1057327, 22.5436236]]]]}}, {"type": "Feature", "id": "way/781181217", "properties": {"tags": {"building": "residential", "building:levels": "49", "height": "165.5"}, "heightStatus": "height_tag_unverified", "source": "OpenStreetMap", "license": "ODbL-1.0"}, "geometry": {"type": "MultiPolygon", "coordinates": [[[[114.1051116, 22.5396882], [114.1052464, 22.5396631], [114.1052311, 22.5395933], [114.1051296, 22.5396123], [114.1051135, 22.5395387], [114.1054618, 22.5394736], [114.1054779, 22.539547], [114.1053236, 22.5395758], [114.1053383, 22.5396427], [114.1054641, 22.5396192], [114.1054885, 22.5397307], [114.1051353, 22.5397966], [114.1051116, 22.5396882]]]]}}, {"type": "Feature", "id": "way/781181218", "properties": {"tags": {"building": "residential", "building:levels": "49", "height": "165.5"}, "heightStatus": "height_tag_unverified", "source": "OpenStreetMap", "license": "ODbL-1.0"}, "geometry": {"type": "MultiPolygon", "coordinates": [[[[114.1054775, 22.5391625], [114.1056123, 22.5391374], [114.105597, 22.5390676], [114.1054955, 22.5390866], [114.1054794, 22.539013], [114.1058277, 22.5389479], [114.1058438, 22.5390213], [114.1056895, 22.5390501], [114.1057042, 22.539117], [114.10583, 22.5390935], [114.1058544, 22.539205], [114.1055012, 22.5392709], [114.1054775, 22.5391625]]]]}}, {"type": "Feature", "id": "way/781181221", "properties": {"tags": {"building": "apartments"}, "heightStatus": "unknown", "source": "OpenStreetMap", "license": "ODbL-1.0"}, "geometry": {"type": "MultiPolygon", "coordinates": [[[[114.1040362, 22.5391352], [114.1040371, 22.5389746], [114.1041072, 22.538975], [114.1041075, 22.5388758], [114.1042865, 22.5388763], [114.1042862, 22.5389759], [114.1043525, 22.5389762], [114.1043516, 22.5391367], [114.1042868, 22.5391364], [114.1042866, 22.5392001], [114.1041077, 22.5391997], [114.1041079, 22.5391355], [114.1040362, 22.5391352]]]]}}, {"type": "Feature", "id": "way/781181224", "properties": {"tags": {"building:levels": "29", "building:material": "concrete", "building:min_level": "5", "building:part": "yes", "height": "87.7"}, "heightStatus": "height_tag_unverified", "source": "OpenStreetMap", "license": "ODbL-1.0"}, "geometry": {"type": "MultiPolygon", "coordinates": [[[[114.1040169, 22.5435439], [114.1040408, 22.5434462], [114.1040455, 22.5434266], [114.1040709, 22.5434642], [114.1041111, 22.5435235], [114.1041426, 22.5435702], [114.1041014, 22.5435616], [114.1040595, 22.5435528], [114.1040169, 22.5435439]]]]}}, {"type": "Feature", "id": "way/781181225", "properties": {"tags": {"building:levels": "29", "building:material": "concrete", "building:min_level": "5", "building:part": "yes", "height": "87.7"}, "heightStatus": "height_tag_unverified", "source": "OpenStreetMap", "license": "ODbL-1.0"}, "geometry": {"type": "MultiPolygon", "coordinates": [[[[114.1041974, 22.5435817], [114.1042478, 22.5435524], [114.1043148, 22.5435136], [114.1043562, 22.5434897], [114.1043509, 22.5435113], [114.1043269, 22.5436087], [114.1042822, 22.5435994], [114.1042384, 22.5435903], [114.1041974, 22.5435817]]]]}}, {"type": "Feature", "id": "way/781181226", "properties": {"tags": {"building:levels": "29", "building:material": "concrete", "building:part": "yes", "height": "87.7"}, "heightStatus": "height_tag_unverified", "source": "OpenStreetMap", "license": "ODbL-1.0"}, "geometry": {"type": "MultiPolygon", "coordinates": [[[[114.1042709, 22.5432827], [114.1044003, 22.5433099], [114.1043708, 22.54343], [114.104345, 22.5433919], [114.104303, 22.5433302], [114.1042709, 22.5432827]]]]}}, {"type": "Feature", "id": "way/781181227", "properties": {"tags": {"building:levels": "29", "building:material": "concrete", "building:part": "yes", "height": "87.7"}, "heightStatus": "height_tag_unverified", "source": "OpenStreetMap", "license": "ODbL-1.0"}, "geometry": {"type": "MultiPolygon", "coordinates": [[[[114.104059, 22.5433714], [114.1040901, 22.5432449], [114.1042277, 22.5432737], [114.1041765, 22.5433034], [114.1040997, 22.5433479], [114.104059, 22.5433714]]]]}}, {"type": "Feature", "id": "way/781181228", "properties": {"tags": {"building:levels": "5", "building:material": "concrete", "building:part": "yes"}, "heightStatus": "levels_only_unverified", "source": "OpenStreetMap", "license": "ODbL-1.0"}, "geometry": {"type": "MultiPolygon", "coordinates": [[[[114.1043049, 22.543699], [114.1043269, 22.5436087], [114.1043509, 22.5435113], [114.1044752, 22.5435373], [114.104429, 22.543725], [114.1043049, 22.543699]]]]}}, {"type": "Feature", "id": "way/781181229", "properties": {"tags": {"building:levels": "5", "building:material": "concrete", "building:part": "yes"}, "heightStatus": "levels_only_unverified", "source": "OpenStreetMap", "license": "ODbL-1.0"}, "geometry": {"type": "MultiPolygon", "coordinates": [[[[114.1038729, 22.5436085], [114.103919, 22.5434208], [114.1040408, 22.5434462], [114.1040169, 22.5435439], [114.1039947, 22.543634], [114.1038729, 22.5436085]]]]}}, {"type": "Feature", "id": "way/781181230", "properties": {"tags": {"building:levels": "1", "building:part": "yes", "roof:material": "glass", "roof:orientation": "across", "roof:shape": "round"}, "heightStatus": "levels_only_unverified", "source": "OpenStreetMap", "license": "ODbL-1.0"}, "geometry": {"type": "MultiPolygon", "coordinates": [[[[114.1040792, 22.5436517], [114.1041014, 22.5435616], [114.1041426, 22.5435702], [114.1041974, 22.5435817], [114.1042384, 22.5435903], [114.1042163, 22.5436805], [114.1040792, 22.5436517]]]]}}, {"type": "Feature", "id": "way/781181231", "properties": {"tags": {"building:levels": "4", "building:material": "concrete", "building:part": "yes", "roof:material": "glass"}, "heightStatus": "levels_only_unverified", "source": "OpenStreetMap", "license": "ODbL-1.0"}, "geometry": {"type": "MultiPolygon", "coordinates": [[[[114.1042601, 22.5436896], [114.1042822, 22.5435994], [114.1043269, 22.5436087], [114.1043049, 22.543699], [114.1042601, 22.5436896]]]]}}, {"type": "Feature", "id": "way/781181232", "properties": {"tags": {"building:levels": "1", "building:material": "glass", "building:part": "yes", "roof:material": "glass"}, "heightStatus": "levels_only_unverified", "source": "OpenStreetMap", "license": "ODbL-1.0"}, "geometry": {"type": "MultiPolygon", "coordinates": [[[[114.1042163, 22.5436805], [114.1042384, 22.5435903], [114.1042822, 22.5435994], [114.1042601, 22.5436896], [114.1042163, 22.5436805]]]]}}, {"type": "Feature", "id": "way/781181233", "properties": {"tags": {"building:levels": "4", "building:material": "concrete", "building:part": "yes", "roof:material": "glass"}, "heightStatus": "levels_only_unverified", "source": "OpenStreetMap", "license": "ODbL-1.0"}, "geometry": {"type": "MultiPolygon", "coordinates": [[[[114.1039947, 22.543634], [114.1040169, 22.5435439], [114.1040595, 22.5435528], [114.1040374, 22.543643], [114.1039947, 22.543634]]]]}}, {"type": "Feature", "id": "way/781181234", "properties": {"tags": {"building:levels": "1", "building:material": "glass", "building:part": "yes", "roof:material": "glass"}, "heightStatus": "levels_only_unverified", "source": "OpenStreetMap", "license": "ODbL-1.0"}, "geometry": {"type": "MultiPolygon", "coordinates": [[[[114.1040374, 22.543643], [114.1040595, 22.5435528], [114.1041014, 22.5435616], [114.1040792, 22.5436517], [114.1040374, 22.543643]]]]}}, {"type": "Feature", "id": "way/781181235", "properties": {"tags": {"building:levels": "4", "building:material": "concrete", "building:part": "yes"}, "heightStatus": "levels_only_unverified", "source": "OpenStreetMap", "license": "ODbL-1.0"}, "geometry": {"type": "MultiPolygon", "coordinates": [[[[114.103919, 22.5434208], [114.1039684, 22.5432194], [114.1040901, 22.5432449], [114.104059, 22.5433714], [114.1040455, 22.5434266], [114.1040408, 22.5434462], [114.103919, 22.5434208]]]]}}, {"type": "Feature", "id": "way/781181236", "properties": {"tags": {"building:levels": "4", "building:material": "concrete", "building:part": "yes"}, "heightStatus": "levels_only_unverified", "source": "OpenStreetMap", "license": "ODbL-1.0"}, "geometry": {"type": "MultiPolygon", "coordinates": [[[[114.1043509, 22.5435113], [114.1043562, 22.5434897], [114.1043708, 22.54343], [114.1044003, 22.5433099], [114.1045246, 22.5433359], [114.1044752, 22.5435373], [114.1043509, 22.5435113]]]]}}, {"type": "Feature", "id": "way/781181237", "properties": {"tags": {"building:levels": "33", "building:material": "glass", "building:part": "yes", "height": "99.8"}, "heightStatus": "height_tag_unverified", "source": "OpenStreetMap", "license": "ODbL-1.0"}, "geometry": {"type": "MultiPolygon", "coordinates": [[[[114.1040709, 22.5434642], [114.1040997, 22.5433479], [114.1041765, 22.5433034], [114.104303, 22.5433302], [114.104345, 22.5433919], [114.1043148, 22.5435136], [114.1042478, 22.5435524], [114.1041111, 22.5435235], [114.1040709, 22.5434642]]]]}}, {"type": "Feature", "id": "way/781181238", "properties": {"tags": {"building:levels": "31", "building:material": "glass", "building:min_level": "5", "building:part": "yes", "height": "93.7"}, "heightStatus": "height_tag_unverified", "source": "OpenStreetMap", "license": "ODbL-1.0"}, "geometry": {"type": "MultiPolygon", "coordinates": [[[[114.1041111, 22.5435235], [114.1042478, 22.5435524], [114.1041974, 22.5435817], [114.104164, 22.5436011], [114.1041426, 22.5435702], [114.1041111, 22.5435235]]]]}}, {"type": "Feature", "id": "way/781181239", "properties": {"tags": {"building:levels": "31", "building:material": "glass", "building:min_level": "5", "building:part": "yes", "height": "93.7"}, "heightStatus": "height_tag_unverified", "source": "OpenStreetMap", "license": "ODbL-1.0"}, "geometry": {"type": "MultiPolygon", "coordinates": [[[[114.1043148, 22.5435136], [114.104345, 22.5433919], [114.1043708, 22.54343], [114.1043958, 22.5434665], [114.1043562, 22.5434897], [114.1043148, 22.5435136]]]]}}, {"type": "Feature", "id": "way/781181240", "properties": {"tags": {"building:levels": "26", "building:material": "glass", "building:min_level": "5", "building:part": "yes", "height": "93.7"}, "heightStatus": "height_tag_unverified", "source": "OpenStreetMap", "license": "ODbL-1.0"}, "geometry": {"type": "MultiPolygon", "coordinates": [[[[114.1041765, 22.5433034], [114.1042277, 22.5432737], [114.1042541, 22.5432582], [114.1042709, 22.5432827], [114.104303, 22.5433302], [114.1041765, 22.5433034]]]]}}, {"type": "Feature", "id": "way/781181241", "properties": {"tags": {"building:levels": "31", "building:material": "glass", "building:min_level": "5", "building:part": "yes", "height": "93.7"}, "heightStatus": "height_tag_unverified", "source": "OpenStreetMap", "license": "ODbL-1.0"}, "geometry": {"type": "MultiPolygon", "coordinates": [[[[114.1040223, 22.543393], [114.104059, 22.5433714], [114.1040997, 22.5433479], [114.1040709, 22.5434642], [114.1040455, 22.5434266], [114.1040223, 22.543393]]]]}}, {"type": "Feature", "id": "way/781181242", "properties": {"tags": {"building:levels": "4", "building:material": "plastic", "building:part": "yes"}, "heightStatus": "levels_only_unverified", "source": "OpenStreetMap", "license": "ODbL-1.0"}, "geometry": {"type": "MultiPolygon", "coordinates": [[[[114.1045734, 22.5437166], [114.1045936, 22.5436316], [114.1046953, 22.5436522], [114.1049266, 22.5434975], [114.1049458, 22.5434169], [114.1052666, 22.5434821], [114.105246, 22.5435684], [114.1051428, 22.5435475], [114.1049135, 22.5437007], [114.1048942, 22.5437818], [114.1045734, 22.5437166]]]]}}, {"type": "Feature", "id": "way/781541730", "properties": {"tags": {"building:levels": "5", "building:material": "glass", "building:part": "yes"}, "heightStatus": "levels_only_unverified", "source": "OpenStreetMap", "license": "ODbL-1.0"}, "geometry": {"type": "MultiPolygon", "coordinates": [[[[114.1040595, 22.5435528], [114.1041111, 22.5435235], [114.1042478, 22.5435524], [114.1042822, 22.5435994], [114.1042384, 22.5435903], [114.1041974, 22.5435817], [114.1041426, 22.5435702], [114.1041014, 22.5435616], [114.1040595, 22.5435528]]]]}}, {"type": "Feature", "id": "way/781541731", "properties": {"tags": {"building:levels": "5", "building:material": "concrete", "building:part": "yes"}, "heightStatus": "levels_only_unverified", "source": "OpenStreetMap", "license": "ODbL-1.0"}, "geometry": {"type": "MultiPolygon", "coordinates": [[[[114.1042478, 22.5435524], [114.1043148, 22.5435136], [114.1043562, 22.5434897], [114.1043509, 22.5435113], [114.1043269, 22.5436087], [114.1042822, 22.5435994], [114.1042478, 22.5435524]]]]}}, {"type": "Feature", "id": "way/781541732", "properties": {"tags": {"building:levels": "5", "building:material": "concrete", "building:part": "yes"}, "heightStatus": "levels_only_unverified", "source": "OpenStreetMap", "license": "ODbL-1.0"}, "geometry": {"type": "MultiPolygon", "coordinates": [[[[114.1040169, 22.5435439], [114.1040408, 22.5434462], [114.1040455, 22.5434266], [114.1040709, 22.5434642], [114.1041111, 22.5435235], [114.1040595, 22.5435528], [114.1040169, 22.5435439]]]]}}, {"type": "Feature", "id": "way/781541733", "properties": {"tags": {"building:levels": "5", "building:material": "concrete", "building:part": "yes"}, "heightStatus": "levels_only_unverified", "source": "OpenStreetMap", "license": "ODbL-1.0"}, "geometry": {"type": "MultiPolygon", "coordinates": [[[[114.1041765, 22.5433034], [114.1042277, 22.5432737], [114.1042709, 22.5432827], [114.104303, 22.5433302], [114.1041765, 22.5433034]]]]}}, {"type": "Feature", "id": "relation/12990123", "properties": {"tags": {"building": "school"}, "heightStatus": "unknown", "source": "OpenStreetMap", "license": "ODbL-1.0"}, "geometry": {"type": "MultiPolygon", "coordinates": [[[[114.1026941, 22.5399923], [114.1027209, 22.5393408], [114.103142, 22.5393334], [114.1031528, 22.5389172], [114.1027504, 22.5388949], [114.1027504, 22.5387388], [114.1032708, 22.5387537], [114.103252, 22.5399775], [114.1031823, 22.53997], [114.1031823, 22.5399948], [114.1026941, 22.5399923]], [[114.1028224, 22.5398891], [114.1032151, 22.5398963], [114.1032194, 22.5397005], [114.1028266, 22.5396932], [114.1028224, 22.5398891]], [[114.1028334, 22.5396085], [114.1032263, 22.5396118], [114.103228, 22.5394324], [114.1028352, 22.539429], [114.1028334, 22.5396085]]]]}}, {"type": "Feature", "id": "way/1039484961", "properties": {"tags": {"building": "residential", "building:levels": "32", "layer": "1"}, "heightStatus": "levels_only_unverified", "source": "OpenStreetMap", "license": "ODbL-1.0"}, "geometry": {"type": "MultiPolygon", "coordinates": [[[[114.1044452, 22.5423423], [114.1044665, 22.5422013], [114.1045378, 22.5422105], [114.1045793, 22.5421766], [114.1046353, 22.5421842], [114.1046305, 22.5422146], [114.1046582, 22.5422184], [114.1046631, 22.5421875], [114.1047197, 22.5421951], [114.1047529, 22.5422422], [114.1048128, 22.5422477], [114.1047978, 22.5423861], [114.1047334, 22.5423802], [114.1047009, 22.5424145], [114.104694, 22.5424572], [114.1046526, 22.5424515], [114.1046494, 22.542471], [114.1045613, 22.5424589], [114.1045639, 22.5424425], [114.1045307, 22.5424379], [114.1045388, 22.5423877], [114.1045061, 22.5423501], [114.1044452, 22.5423423]]]]}}, {"type": "Feature", "id": "way/1039484962", "properties": {"tags": {"building": "residential", "building:levels": "32", "layer": "1"}, "heightStatus": "levels_only_unverified", "source": "OpenStreetMap", "license": "ODbL-1.0"}, "geometry": {"type": "MultiPolygon", "coordinates": [[[[114.1042857, 22.5415546], [114.1042887, 22.5415125], [114.1043087, 22.5415137], [114.1043102, 22.5414931], [114.1043472, 22.5414954], [114.1043889, 22.5414587], [114.1044179, 22.5414623], [114.1044213, 22.5414384], [114.10438, 22.5414332], [114.1043908, 22.5413589], [114.1045443, 22.5413779], [114.1045329, 22.541456], [114.1045059, 22.5414526], [114.1045026, 22.5414754], [114.1045468, 22.5415211], [114.1045636, 22.5415217], [114.1045831, 22.5415037], [114.1046126, 22.5415051], [114.1046399, 22.5415278], [114.1046951, 22.5414712], [114.1046833, 22.5414699], [114.1046933, 22.5413906], [114.1048445, 22.541407], [114.1048341, 22.5414891], [114.1047845, 22.5414837], [114.1047823, 22.5415013], [114.1048288, 22.5415521], [114.1048538, 22.541555], [114.1048579, 22.5415254], [114.104923, 22.5415331], [114.1049047, 22.5416645], [114.1048408, 22.541657], [114.1048446, 22.54163], [114.1048216, 22.5416272], [114.1047624, 22.5416723], [114.1047616, 22.5416814], [114.1047964, 22.5416842], [114.1048168, 22.5417105], [114.1048131, 22.5417451], [114.104779, 22.5417759], [114.1047446, 22.5417739], [114.1048149, 22.5418476], [114.1048189, 22.5418149], [114.1048836, 22.5418216], [114.104867, 22.5419581], [114.1048002, 22.5419512], [114.1048047, 22.5419147], [114.1047785, 22.541912], [114.1047289, 22.5419416], [114.104727, 22.5419562], [114.1047684, 22.5419607], [114.1047567, 22.542051], [114.1045988, 22.5420335], [114.1046101, 22.5419465], [114.1046329, 22.541949], [114.104635, 22.5419329], [114.1046025, 22.541886], [114.1045725, 22.5418831], [114.1045697, 22.5419075], [114.1045048, 22.5419013], [114.1045217, 22.541751], [114.1045948, 22.541758], [114.1045896, 22.541804], [114.1046156, 22.5418065], [114.1046599, 22.541769], [114.104661, 22.5417575], [114.104618, 22.5417538], [114.1046253, 22.5416816], [114.1046602, 22.5416497], [114.1046629, 22.5415951], [114.1046448, 22.5415943], [114.1046437, 22.5416165], [114.1045517, 22.5416126], [114.1045527, 22.5415939], [114.104532, 22.541593], [114.1045311, 22.5416118], [114.1044871, 22.5416486], [114.1044142, 22.5416394], [114.1043656, 22.541574], [114.1043427, 22.5415726], [114.1043416, 22.5415878], [114.1042942, 22.5415849], [114.1042963, 22.5415553], [114.1042857, 22.5415546]]]]}}, {"type": "Feature", "id": "way/1207068718", "properties": {"tags": {"building:colour": "#506478", "building:levels": "25", "building:material": "glass", "building:part": "yes", "height": "155", "roof:colour": "#506478", "roof:height": "20", "roof:shape": "pyramidal"}, "heightStatus": "height_tag_unverified", "source": "OpenStreetMap", "license": "ODbL-1.0"}, "geometry": {"type": "MultiPolygon", "coordinates": [[[[114.1033026, 22.5433771], [114.1033063, 22.5433617], [114.1033124, 22.5433356], [114.1033186, 22.5433097], [114.103345, 22.5431982], [114.1033522, 22.5431678], [114.1033582, 22.5431422], [114.1033614, 22.5431289], [114.1033838, 22.5431334], [114.1034244, 22.5431416], [114.1035525, 22.5431675], [114.1035925, 22.5431755], [114.1036151, 22.5431801], [114.1036119, 22.5431937], [114.1036059, 22.5432192], [114.103599, 22.5432485], [114.1035727, 22.5433594], [114.1035662, 22.5433868], [114.10356, 22.543413], [114.1035564, 22.5434284], [114.1035338, 22.5434238], [114.1034937, 22.5434157], [114.1033656, 22.5433898], [114.1033252, 22.5433817], [114.1033026, 22.5433771]]]]}}, {"type": "Feature", "id": "way/1207068719", "properties": {"tags": {"building:colour": "#20B2AA", "building:levels": "25", "building:material": "glass", "building:part": "yes", "height": "120"}, "heightStatus": "height_tag_unverified", "source": "OpenStreetMap", "license": "ODbL-1.0"}, "geometry": {"type": "MultiPolygon", "coordinates": [[[[114.1031452, 22.5432724], [114.1031701, 22.543166], [114.1032775, 22.5430783], [114.1034009, 22.543103], [114.1034244, 22.5431416], [114.1033838, 22.5431334], [114.1033752, 22.543121], [114.1032818, 22.5431022], [114.1031947, 22.5431699], [114.1031688, 22.5432768], [114.1032161, 22.5433721], [114.1033101, 22.5433915], [114.1033252, 22.5433817], [114.1033656, 22.5433898], [114.1033269, 22.5434191], [114.1032036, 22.5433944], [114.1031452, 22.5432724]]]]}}, {"type": "Feature", "id": "way/1207068720", "properties": {"tags": {"building:colour": "#20B2AA", "building:levels": "25", "building:material": "glass", "building:part": "yes", "height": "120"}, "heightStatus": "height_tag_unverified", "source": "OpenStreetMap", "license": "ODbL-1.0"}, "geometry": {"type": "MultiPolygon", "coordinates": [[[[114.1034937, 22.5434157], [114.1035338, 22.5434238], [114.1035439, 22.5434386], [114.1036373, 22.5434571], [114.1037232, 22.5433886], [114.1037479, 22.5432815], [114.1036993, 22.5431865], [114.1036059, 22.5431676], [114.1035925, 22.5431755], [114.1035525, 22.5431675], [114.103596, 22.543142], [114.1037213, 22.5431671], [114.1037833, 22.5432887], [114.1037584, 22.5433951], [114.1036473, 22.5434832], [114.1035219, 22.5434581], [114.1034937, 22.5434157]]]]}}, {"type": "Feature", "id": "way/1207068721", "properties": {"tags": {"building:colour": "#20B2AA", "building:levels": "2", "building:material": "glass", "building:part": "yes", "height": "7"}, "heightStatus": "height_tag_unverified", "source": "OpenStreetMap", "license": "ODbL-1.0"}, "geometry": {"type": "MultiPolygon", "coordinates": [[[[114.1034009, 22.543103], [114.103596, 22.543142], [114.1035525, 22.5431675], [114.1034244, 22.5431416], [114.1034009, 22.543103]]]]}}, {"type": "Feature", "id": "way/1207068722", "properties": {"tags": {"building:colour": "#20B2AA", "building:levels": "6", "building:material": "glass", "building:min_level": "2", "building:part": "yes", "height": "26", "min_height": "7"}, "heightStatus": "height_tag_unverified", "source": "OpenStreetMap", "license": "ODbL-1.0"}, "geometry": {"type": "MultiPolygon", "coordinates": [[[[114.1034009, 22.543103], [114.1034362, 22.5430833], [114.103573, 22.543111], [114.103596, 22.543142], [114.1035525, 22.5431675], [114.1034244, 22.5431416], [114.1034009, 22.543103]]]]}}, {"type": "Feature", "id": "way/1207068723", "properties": {"tags": {"building:colour": "#20B2AA", "building:levels": "6", "building:material": "glass", "building:part": "yes", "height": "26"}, "heightStatus": "height_tag_unverified", "source": "OpenStreetMap", "license": "ODbL-1.0"}, "geometry": {"type": "MultiPolygon", "coordinates": [[[[114.1031463, 22.5431297], [114.10317, 22.5430296], [114.1032546, 22.5430467], [114.1032775, 22.5430783], [114.1031701, 22.543166], [114.1031463, 22.5431297]]]]}}, {"type": "Feature", "id": "way/1207068724", "properties": {"tags": {"building:colour": "#20B2AA", "building:levels": "6", "building:material": "glass", "building:part": "yes", "height": "26"}, "heightStatus": "height_tag_unverified", "source": "OpenStreetMap", "license": "ODbL-1.0"}, "geometry": {"type": "MultiPolygon", "coordinates": [[[[114.1030901, 22.5433671], [114.1031068, 22.5432966], [114.1031452, 22.5432724], [114.1032036, 22.5433944], [114.1033269, 22.5434191], [114.1033656, 22.5433898], [114.1034937, 22.5434157], [114.1035219, 22.5434581], [114.1036473, 22.5434832], [114.1037584, 22.5433951], [114.1037806, 22.5434356], [114.103765, 22.5435016], [114.1037244, 22.5435302], [114.1036941, 22.5435241], [114.1036404, 22.5435631], [114.103558, 22.5435465], [114.1032405, 22.5434823], [114.1031706, 22.5434682], [114.1031426, 22.5434127], [114.1031105, 22.5434062], [114.1030901, 22.5433671]]]]}}, {"type": "Feature", "id": "way/1207068725", "properties": {"tags": {"building:colour": "#20B2AA", "building:levels": "6", "building:material": "glass", "building:min_level": "2", "building:part": "yes", "height": "26", "min_height": "7"}, "heightStatus": "height_tag_unverified", "source": "OpenStreetMap", "license": "ODbL-1.0"}, "geometry": {"type": "MultiPolygon", "coordinates": [[[[114.1032405, 22.5434823], [114.103558, 22.5435465], [114.1035196, 22.5435745], [114.1032634, 22.5435226], [114.1032405, 22.5434823]]]]}}, {"type": "Feature", "id": "way/1207068726", "properties": {"tags": {"building:colour": "#20B2AA", "building:levels": "6", "building:material": "glass", "building:part": "yes", "height": "26"}, "heightStatus": "height_tag_unverified", "source": "OpenStreetMap", "license": "ODbL-1.0"}, "geometry": {"type": "MultiPolygon", "coordinates": [[[[114.1037213, 22.5431671], [114.1037579, 22.5431483], [114.1038444, 22.5431658], [114.1038213, 22.5432637], [114.1037833, 22.5432887], [114.1037213, 22.5431671]]]]}}, {"type": "Feature", "id": "relation/16316978", "properties": {"tags": {"building:levels": "1", "building:part": "yes"}, "heightStatus": "levels_only_unverified", "source": "OpenStreetMap", "license": "ODbL-1.0"}, "geometry": {"type": "MultiPolygon", "coordinates": [[[[114.1028475, 22.5430742], [114.1028506, 22.5430612], [114.1028659, 22.5430644], [114.1028628, 22.5430774], [114.1028475, 22.5430742]], [[114.1028505, 22.5430699], [114.1028512, 22.543072], [114.1028528, 22.5430737], [114.1028549, 22.5430746], [114.1028573, 22.5430749], [114.1028596, 22.5430744], [114.1028615, 22.5430732], [114.1028628, 22.5430714], [114.1028633, 22.5430692], [114.102863, 22.5430671], [114.1028618, 22.5430651], [114.1028599, 22.5430637], [114.1028576, 22.5430631], [114.1028553, 22.5430632], [114.1028532, 22.5430641], [114.1028515, 22.5430657], [114.1028506, 22.5430677], [114.1028505, 22.5430699]]]]}}, {"type": "Feature", "id": "way/1207068729", "properties": {"tags": {"building:colour": "#20B2AA", "building:levels": "25", "building:material": "glass", "building:part": "yes", "height": "123"}, "heightStatus": "height_tag_unverified", "source": "OpenStreetMap", "license": "ODbL-1.0"}, "geometry": {"type": "MultiPolygon", "coordinates": [[[[114.1035338, 22.5434238], [114.1035564, 22.5434284], [114.10356, 22.543413], [114.1036379, 22.5434282], [114.103697, 22.5433811], [114.1037205, 22.5432791], [114.1036853, 22.5432092], [114.1036119, 22.5431937], [114.1036151, 22.5431801], [114.1035925, 22.5431755], [114.1036059, 22.5431676], [114.1036993, 22.5431865], [114.1037479, 22.5432815], [114.1037232, 22.5433886], [114.1036373, 22.5434571], [114.1035439, 22.5434386], [114.1035338, 22.5434238]]]]}}, {"type": "Feature", "id": "way/1207068730", "properties": {"tags": {"building:colour": "#20B2AA", "building:levels": "25", "building:material": "glass", "building:part": "yes", "height": "126"}, "heightStatus": "height_tag_unverified", "source": "OpenStreetMap", "license": "ODbL-1.0"}, "geometry": {"type": "MultiPolygon", "coordinates": [[[[114.10356, 22.543413], [114.1035662, 22.5433868], [114.103637, 22.5434003], [114.1036717, 22.543373], [114.103694, 22.5432775], [114.1036712, 22.5432331], [114.1036059, 22.5432192], [114.1036119, 22.5431937], [114.1036853, 22.5432092], [114.1037205, 22.5432791], [114.103697, 22.5433811], [114.1036379, 22.5434282], [114.10356, 22.543413]]]]}}, {"type": "Feature", "id": "way/1207068731", "properties": {"tags": {"building:colour": "#20B2AA", "building:levels": "25", "building:material": "glass", "building:part": "yes", "height": "132"}, "heightStatus": "height_tag_unverified", "source": "OpenStreetMap", "license": "ODbL-1.0"}, "geometry": {"type": "MultiPolygon", "coordinates": [[[[114.1035727, 22.5433594], [114.103599, 22.5432485], [114.1036614, 22.5432611], [114.103635, 22.5433721], [114.1035727, 22.5433594]]]]}}, {"type": "Feature", "id": "way/1207068732", "properties": {"tags": {"building:colour": "#20B2AA", "building:levels": "25", "building:material": "glass", "building:part": "yes", "height": "129"}, "heightStatus": "height_tag_unverified", "source": "OpenStreetMap", "license": "ODbL-1.0"}, "geometry": {"type": "MultiPolygon", "coordinates": [[[[114.1035662, 22.5433868], [114.1035727, 22.5433594], [114.103635, 22.5433721], [114.1036614, 22.5432611], [114.103599, 22.5432485], [114.1036059, 22.5432192], [114.1036712, 22.5432331], [114.103694, 22.5432775], [114.1036717, 22.543373], [114.103637, 22.5434003], [114.1035662, 22.5433868]]]]}}, {"type": "Feature", "id": "way/1207068733", "properties": {"tags": {"building:colour": "#20B2AA", "building:levels": "25", "building:material": "glass", "building:part": "yes", "height": "123"}, "heightStatus": "height_tag_unverified", "source": "OpenStreetMap", "license": "ODbL-1.0"}, "geometry": {"type": "MultiPolygon", "coordinates": [[[[114.1031688, 22.5432768], [114.1031947, 22.5431699], [114.1032818, 22.5431022], [114.1033752, 22.543121], [114.1033838, 22.5431334], [114.1033614, 22.5431289], [114.1033582, 22.5431422], [114.1032842, 22.5431282], [114.1032212, 22.5431773], [114.1031961, 22.54328], [114.1032286, 22.5433456], [114.1033063, 22.5433617], [114.1033026, 22.5433771], [114.1033252, 22.5433817], [114.1033101, 22.5433915], [114.1032161, 22.5433721], [114.1031688, 22.5432768]]]]}}, {"type": "Feature", "id": "way/1207068734", "properties": {"tags": {"building:colour": "#20B2AA", "building:levels": "25", "building:material": "glass", "building:part": "yes", "height": "126"}, "heightStatus": "height_tag_unverified", "source": "OpenStreetMap", "license": "ODbL-1.0"}, "geometry": {"type": "MultiPolygon", "coordinates": [[[[114.1031961, 22.54328], [114.1032212, 22.5431773], [114.1032842, 22.5431282], [114.1033582, 22.5431422], [114.1033522, 22.5431678], [114.103284, 22.5431561], [114.103246, 22.543186], [114.1032224, 22.5432816], [114.1032421, 22.5433217], [114.1033124, 22.5433356], [114.1033063, 22.5433617], [114.1032286, 22.5433456], [114.1031961, 22.54328]]]]}}, {"type": "Feature", "id": "way/1207068735", "properties": {"tags": {"building:colour": "#20B2AA", "building:levels": "25", "building:material": "glass", "building:part": "yes", "height": "129"}, "heightStatus": "height_tag_unverified", "source": "OpenStreetMap", "license": "ODbL-1.0"}, "geometry": {"type": "MultiPolygon", "coordinates": [[[[114.1032224, 22.5432816], [114.103246, 22.543186], [114.103284, 22.5431561], [114.1033522, 22.5431678], [114.103345, 22.5431982], [114.1032827, 22.5431857], [114.1032564, 22.5432972], [114.1033186, 22.5433097], [114.1033124, 22.5433356], [114.1032421, 22.5433217], [114.1032224, 22.5432816]]]]}}, {"type": "Feature", "id": "way/1207068736", "properties": {"tags": {"building:colour": "#20B2AA", "building:levels": "25", "building:material": "glass", "building:part": "yes", "height": "132"}, "heightStatus": "height_tag_unverified", "source": "OpenStreetMap", "license": "ODbL-1.0"}, "geometry": {"type": "MultiPolygon", "coordinates": [[[[114.1032564, 22.5432972], [114.1032827, 22.5431857], [114.103345, 22.5431982], [114.1033186, 22.5433097], [114.1032564, 22.5432972]]]]}}, {"type": "Feature", "id": "way/1207071443", "properties": {"tags": {"building:colour": "#fc4f40", "building:levels": "16", "building:min_level": "15", "building:part": "yes"}, "heightStatus": "levels_only_unverified", "source": "OpenStreetMap", "license": "ODbL-1.0"}, "geometry": {"type": "MultiPolygon", "coordinates": [[[[114.1041457, 22.5449522], [114.1041733, 22.5448741], [114.1043959, 22.544946], [114.1043679, 22.5450231], [114.1041457, 22.5449522]]]]}}, {"type": "Feature", "id": "way/1239024769", "properties": {"tags": {"building": "commercial", "name": "和平大厦B座"}, "heightStatus": "unknown", "source": "OpenStreetMap", "license": "ODbL-1.0"}, "geometry": {"type": "MultiPolygon", "coordinates": [[[[114.1095507, 22.5429588], [114.1095685, 22.5428322], [114.1099778, 22.5428811], [114.1099197, 22.5432959], [114.1097404, 22.5432745], [114.1097808, 22.5429863], [114.1095507, 22.5429588]]]]}}, {"type": "Feature", "id": "way/1239024770", "properties": {"tags": {"building": "apartments", "name": "和平大厦A座"}, "heightStatus": "unknown", "source": "OpenStreetMap", "license": "ODbL-1.0"}, "geometry": {"type": "MultiPolygon", "coordinates": [[[[114.1095225, 22.543523], [114.1095409, 22.5433896], [114.1095849, 22.5433948], [114.1096395, 22.5434012], [114.1096484, 22.5433372], [114.1097303, 22.5433468], [114.1097975, 22.5433547], [114.1097888, 22.5434177], [114.1098969, 22.5434304], [114.1098782, 22.5435659], [114.1097718, 22.5435534], [114.1097634, 22.5436148], [114.1096109, 22.5435969], [114.1096195, 22.5435343], [114.1095225, 22.543523]]]]}}, {"type": "Feature", "id": "way/1239024771", "properties": {"tags": {"building": "commercial"}, "heightStatus": "unknown", "source": "OpenStreetMap", "license": "ODbL-1.0"}, "geometry": {"type": "MultiPolygon", "coordinates": [[[[114.1095135, 22.5435884], [114.1095225, 22.543523], [114.1095409, 22.5433896], [114.1095849, 22.5433948], [114.1095938, 22.5433308], [114.1096484, 22.5433372], [114.1097303, 22.5433468], [114.1097336, 22.5433235], [114.1097404, 22.5432745], [114.1099197, 22.5432959], [114.109913, 22.5433444], [114.1098733, 22.5436307], [114.1095135, 22.5435884]]]]}}, {"type": "Feature", "id": "way/1239024773", "properties": {"tags": {"building": "apartments"}, "heightStatus": "unknown", "source": "OpenStreetMap", "license": "ODbL-1.0"}, "geometry": {"type": "MultiPolygon", "coordinates": [[[[114.1086863, 22.5434635], [114.1086879, 22.5433712], [114.1090526, 22.5433768], [114.1090509, 22.5434692], [114.1086863, 22.5434635]]]]}}, {"type": "Feature", "id": "way/1239024774", "properties": {"tags": {"building": "apartments"}, "heightStatus": "unknown", "source": "OpenStreetMap", "license": "ODbL-1.0"}, "geometry": {"type": "MultiPolygon", "coordinates": [[[[114.1086873, 22.5432374], [114.1086877, 22.5431451], [114.1090523, 22.5431463], [114.109052, 22.5432387], [114.1086873, 22.5432374]]]]}}, {"type": "Feature", "id": "way/1239024775", "properties": {"tags": {"building": "apartments"}, "heightStatus": "unknown", "source": "OpenStreetMap", "license": "ODbL-1.0"}, "geometry": {"type": "MultiPolygon", "coordinates": [[[[114.1085396, 22.5438036], [114.1085512, 22.5436993], [114.1089149, 22.5437339], [114.1089315, 22.5435853], [114.1090514, 22.5435967], [114.1090331, 22.5437604], [114.1090032, 22.5437576], [114.1089933, 22.5438468], [114.1085396, 22.5438036]]]]}}, {"type": "Feature", "id": "way/1239024777", "properties": {"tags": {"building": "yes", "name": "河东宾馆", "tourism": "hotel"}, "heightStatus": "unknown", "source": "OpenStreetMap", "license": "ODbL-1.0"}, "geometry": {"type": "MultiPolygon", "coordinates": [[[[114.1083642, 22.54341], [114.1085563, 22.5433821], [114.1085917, 22.5435909], [114.1085479, 22.5435972], [114.1085277, 22.5437459], [114.1084241, 22.5437621], [114.1083642, 22.54341]]]]}}, {"type": "Feature", "id": "way/1239024778", "properties": {"tags": {"building": "apartments"}, "heightStatus": "unknown", "source": "OpenStreetMap", "license": "ODbL-1.0"}, "geometry": {"type": "MultiPolygon", "coordinates": [[[[114.1083937, 22.5439494], [114.1084053, 22.5438534], [114.1087176, 22.5438856], [114.1087061, 22.5439816], [114.1083937, 22.5439494]]]]}}, {"type": "Feature", "id": "way/1239024779", "properties": {"tags": {"building": "apartments"}, "heightStatus": "unknown", "source": "OpenStreetMap", "license": "ODbL-1.0"}, "geometry": {"type": "MultiPolygon", "coordinates": [[[[114.1087429, 22.5439864], [114.1087545, 22.5438904], [114.1090668, 22.5439225], [114.1090552, 22.5440185], [114.1087429, 22.5439864]]]]}}, {"type": "Feature", "id": "way/1239024782", "properties": {"tags": {"building": "yes"}, "heightStatus": "unknown", "source": "OpenStreetMap", "license": "ODbL-1.0"}, "geometry": {"type": "MultiPolygon", "coordinates": [[[[114.1090903, 22.5439624], [114.1091003, 22.5438849], [114.1092535, 22.5439016], [114.1092878, 22.5436333], [114.109397, 22.5436452], [114.1093528, 22.5439911], [114.1090903, 22.5439624]]]]}}, {"type": "Feature", "id": "way/1239024784", "properties": {"tags": {"building": "apartments"}, "heightStatus": "unknown", "source": "OpenStreetMap", "license": "ODbL-1.0"}, "geometry": {"type": "MultiPolygon", "coordinates": [[[[114.1091296, 22.5431319], [114.1091424, 22.5430211], [114.1096285, 22.5430691], [114.1096157, 22.5431799], [114.1091296, 22.5431319]]]]}}, {"type": "Feature", "id": "way/1239024785", "properties": {"tags": {"building": "apartments"}, "heightStatus": "unknown", "source": "OpenStreetMap", "license": "ODbL-1.0"}, "geometry": {"type": "MultiPolygon", "coordinates": [[[[114.1091912, 22.5433172], [114.1092023, 22.5432255], [114.1095647, 22.5432628], [114.1095536, 22.5433546], [114.1091912, 22.5433172]]]]}}, {"type": "Feature", "id": "way/1239024786", "properties": {"tags": {"building": "apartments"}, "heightStatus": "unknown", "source": "OpenStreetMap", "license": "ODbL-1.0"}, "geometry": {"type": "MultiPolygon", "coordinates": [[[[114.1091544, 22.5435486], [114.1091651, 22.5434578], [114.109417, 22.5434832], [114.1094062, 22.5435739], [114.1091544, 22.5435486]]]]}}, {"type": "Feature", "id": "way/1239024787", "properties": {"tags": {"building": "apartments"}, "heightStatus": "unknown", "source": "OpenStreetMap", "license": "ODbL-1.0"}, "geometry": {"type": "MultiPolygon", "coordinates": [[[[114.1091328, 22.5428874], [114.1091461, 22.5427861], [114.109494, 22.542825], [114.1094807, 22.5429263], [114.1091328, 22.5428874]]]]}}, {"type": "Feature", "id": "way/1239024791", "properties": {"tags": {"building": "apartments"}, "heightStatus": "unknown", "source": "OpenStreetMap", "license": "ODbL-1.0"}, "geometry": {"type": "MultiPolygon", "coordinates": [[[[114.1073431, 22.5443317], [114.1075372, 22.5441902], [114.1076459, 22.5442027], [114.1078078, 22.5443979], [114.1077566, 22.5444341], [114.1076518, 22.5444169], [114.1076451, 22.5444518], [114.1074678, 22.5444228], [114.107475, 22.5443849], [114.1073746, 22.5443685], [114.1073431, 22.5443317]]]]}}, {"type": "Feature", "id": "way/1239024792", "properties": {"tags": {"building": "apartments"}, "heightStatus": "unknown", "source": "OpenStreetMap", "license": "ODbL-1.0"}, "geometry": {"type": "MultiPolygon", "coordinates": [[[[114.1073598, 22.5438614], [114.1074633, 22.5437805], [114.1075725, 22.5437899], [114.107742, 22.5439856], [114.1076972, 22.5440187], [114.1075857, 22.5440039], [114.1075802, 22.544039], [114.1074016, 22.5440152], [114.1074075, 22.5439773], [114.1073762, 22.5439731], [114.1073886, 22.5438929], [114.1073598, 22.5438614]]]]}}, {"type": "Feature", "id": "way/1251642993", "properties": {"tags": {"building": "kindergarten", "name": "深圳海关幼儿园"}, "heightStatus": "unknown", "source": "OpenStreetMap", "license": "ODbL-1.0"}, "geometry": {"type": "MultiPolygon", "coordinates": [[[[114.1100984, 22.5359982], [114.1101135, 22.5358977], [114.1104184, 22.5359369], [114.1103763, 22.5362166], [114.1102827, 22.5362046], [114.1102753, 22.5362542], [114.1101584, 22.5362393], [114.1101796, 22.5360978], [114.1102959, 22.5361127], [114.110309, 22.5360252], [114.1100984, 22.5359982]]]]}}, {"type": "Feature", "id": "way/1251642994", "properties": {"tags": {"building": "yes", "name": "11栋", "name:en": "Block 11", "name:zh": "11栋"}, "heightStatus": "unknown", "source": "OpenStreetMap", "license": "ODbL-1.0"}, "geometry": {"type": "MultiPolygon", "coordinates": [[[[114.1100108, 22.536616], [114.1100265, 22.5365317], [114.1103112, 22.5365771], [114.1102954, 22.5366613], [114.1100108, 22.536616]]]]}}, {"type": "Feature", "id": "way/1251642995", "properties": {"tags": {"building": "dormitory", "name": "8栋", "name:en": "Block 8", "name:zh": "8栋"}, "heightStatus": "unknown", "source": "OpenStreetMap", "license": "ODbL-1.0"}, "geometry": {"type": "MultiPolygon", "coordinates": [[[[114.1098535, 22.5374377], [114.1098574, 22.5374134], [114.1098714, 22.5374153], [114.1098833, 22.5373402], [114.1099124, 22.5373442], [114.1099105, 22.5373562], [114.1099748, 22.537365], [114.1099765, 22.5373549], [114.1100058, 22.537359], [114.1100041, 22.5373694], [114.1100366, 22.537374], [114.1100302, 22.5374122], [114.1100637, 22.537417], [114.1100664, 22.5374011], [114.1101105, 22.5374074], [114.1101036, 22.5374173], [114.1101554, 22.5374241], [114.1101576, 22.5374095], [114.1102047, 22.5374157], [114.1101916, 22.5375008], [114.1102081, 22.5375029], [114.1102028, 22.5375374], [114.1101325, 22.5375282], [114.1101348, 22.5375138], [114.1100621, 22.5375043], [114.1100606, 22.5375142], [114.1100064, 22.5375072], [114.1100135, 22.5374611], [114.1099894, 22.537458], [114.1099911, 22.5374473], [114.1099077, 22.5374364], [114.1099064, 22.5374448], [114.1098535, 22.5374377]]]]}}, {"type": "Feature", "id": "way/1251642996", "properties": {"tags": {"building": "dormitory", "name": "6栋", "name:en": "Block 6", "name:zh": "6栋"}, "heightStatus": "unknown", "source": "OpenStreetMap", "license": "ODbL-1.0"}, "geometry": {"type": "MultiPolygon", "coordinates": [[[[114.1103277, 22.5372864], [114.1103382, 22.5372121], [114.1106564, 22.5372506], [114.1106459, 22.5373249], [114.1105734, 22.5373161], [114.1105714, 22.5373302], [114.110528, 22.5373249], [114.1105299, 22.5373109], [114.1103277, 22.5372864]]]]}}, {"type": "Feature", "id": "way/1251642997", "properties": {"tags": {"building": "dormitory", "name": "7栋", "name:en": "Block 7", "name:zh": "7栋"}, "heightStatus": "unknown", "source": "OpenStreetMap", "license": "ODbL-1.0"}, "geometry": {"type": "MultiPolygon", "coordinates": [[[[114.1103213, 22.5375032], [114.1103329, 22.5374187], [114.1106535, 22.5374564], [114.1106419, 22.537541], [114.1103213, 22.5375032]]]]}}, {"type": "Feature", "id": "way/1251642998", "properties": {"tags": {"building": "dormitory", "name": "9栋", "name:en": "Block 9", "name:zh": "9栋"}, "heightStatus": "unknown", "source": "OpenStreetMap", "license": "ODbL-1.0"}, "geometry": {"type": "MultiPolygon", "coordinates": [[[[114.1099184, 22.5372585], [114.1099323, 22.5371693], [114.1102379, 22.53721], [114.110224, 22.5372991], [114.1099184, 22.5372585]]]]}}, {"type": "Feature", "id": "way/1251642999", "properties": {"tags": {"building": "dormitory", "name": "10栋", "name:en": "Block 10", "name:zh": "10栋"}, "heightStatus": "unknown", "source": "OpenStreetMap", "license": "ODbL-1.0"}, "geometry": {"type": "MultiPolygon", "coordinates": [[[[114.1099371, 22.5370428], [114.109951, 22.5369536], [114.1102566, 22.5369943], [114.1102427, 22.5370834], [114.1099371, 22.5370428]]]]}}, {"type": "Feature", "id": "way/1251643000", "properties": {"tags": {"building": "dormitory", "name": "5栋", "name:en": "Block 5", "name:zh": "5栋"}, "heightStatus": "unknown", "source": "OpenStreetMap", "license": "ODbL-1.0"}, "geometry": {"type": "MultiPolygon", "coordinates": [[[[114.1103599, 22.5370537], [114.1103679, 22.5370043], [114.1107339, 22.5370549], [114.1107262, 22.5371027], [114.1106906, 22.5370978], [114.1106858, 22.5371278], [114.1106267, 22.5371196], [114.1106245, 22.5371327], [114.110593, 22.5371284], [114.1105947, 22.5371175], [114.1105607, 22.5371128], [114.1105625, 22.5371016], [114.1104701, 22.5370889], [114.1104674, 22.5371055], [114.1104372, 22.5371013], [114.1104391, 22.5370899], [114.1103875, 22.5370827], [114.1103915, 22.5370581], [114.1103599, 22.5370537]]]]}}, {"type": "Feature", "id": "way/1251643001", "properties": {"tags": {"building": "dormitory", "name": "4栋", "name:en": "Block 4", "name:zh": "4栋"}, "heightStatus": "unknown", "source": "OpenStreetMap", "license": "ODbL-1.0"}, "geometry": {"type": "MultiPolygon", "coordinates": [[[[114.1103926, 22.5368542], [114.1104006, 22.5368048], [114.1107666, 22.5368554], [114.1107589, 22.5369032], [114.1107233, 22.5368983], [114.1107185, 22.5369283], [114.1106594, 22.5369201], [114.1106572, 22.5369332], [114.1106256, 22.5369289], [114.1106274, 22.536918], [114.1105934, 22.5369133], [114.1105952, 22.5369021], [114.1105028, 22.5368894], [114.1105001, 22.536906], [114.1104699, 22.5369018], [114.1104718, 22.5368904], [114.1104202, 22.5368832], [114.1104242, 22.5368586], [114.1103926, 22.5368542]]]]}}, {"type": "Feature", "id": "way/1251643003", "properties": {"tags": {"building": "commercial", "name": "渔景大厦", "name:en": "Yujing Building", "name:zh": "渔景大厦"}, "heightStatus": "unknown", "source": "OpenStreetMap", "license": "ODbL-1.0"}, "geometry": {"type": "MultiPolygon", "coordinates": [[[[114.1093029, 22.5371833], [114.109376, 22.5371269], [114.1095999, 22.5370631], [114.1096904, 22.5370613], [114.1096884, 22.5371213], [114.1096958, 22.5371511], [114.1097454, 22.5371987], [114.1096951, 22.5372402], [114.1095966, 22.5372693], [114.1095939, 22.5372929], [114.1095704, 22.5373127], [114.1095537, 22.5373133], [114.1095262, 22.5373059], [114.1095161, 22.5372919], [114.1094267, 22.537321], [114.1093494, 22.537321], [114.1093491, 22.5372632], [114.1093384, 22.5372291], [114.1093029, 22.5371833]]]]}}, {"type": "Feature", "id": "way/1251643004", "properties": {"tags": {"amenity": "police", "building": "yes", "name": "罗湖铁路公安局"}, "heightStatus": "unknown", "source": "OpenStreetMap", "license": "ODbL-1.0"}, "geometry": {"type": "MultiPolygon", "coordinates": [[[[114.1110362, 22.5373623], [114.1111357, 22.5366529], [114.1111662, 22.5366566], [114.1111707, 22.5366244], [114.1112562, 22.5366346], [114.1112524, 22.5366614], [114.1112727, 22.5366638], [114.1111833, 22.5373027], [114.1112189, 22.537307], [114.1112082, 22.5373829], [114.1110362, 22.5373623]]]]}}, {"type": "Feature", "id": "way/1251643005", "properties": {"tags": {"building": "yes"}, "heightStatus": "unknown", "source": "OpenStreetMap", "license": "ODbL-1.0"}, "geometry": {"type": "MultiPolygon", "coordinates": [[[[114.111153, 22.5365358], [114.1112556, 22.5357641], [114.1114078, 22.5357814], [114.1113051, 22.536553], [114.111153, 22.5365358]]]]}}, {"type": "Feature", "id": "way/1251643012", "properties": {"tags": {"building": "apartments", "name": "裕安花园"}, "heightStatus": "unknown", "source": "OpenStreetMap", "license": "ODbL-1.0"}, "geometry": {"type": "MultiPolygon", "coordinates": [[[[114.1066541, 22.5364721], [114.1066551, 22.5364164], [114.1066686, 22.5364166], [114.1066694, 22.5363781], [114.106839, 22.5363809], [114.1068386, 22.5364038], [114.1070218, 22.5364068], [114.1070214, 22.5364309], [114.1071692, 22.5364333], [114.1071688, 22.5364542], [114.1073331, 22.5364568], [114.1073323, 22.5364959], [114.1073454, 22.5364962], [114.1073443, 22.5365536], [114.1071589, 22.5365507], [114.1071592, 22.5365299], [114.1069879, 22.5365272], [114.1069883, 22.5365014], [114.1068335, 22.536499], [114.106834, 22.5364749], [114.1066541, 22.5364721]]]]}}, {"type": "Feature", "id": "way/1251643013", "properties": {"tags": {"building": "yes"}, "heightStatus": "unknown", "source": "OpenStreetMap", "license": "ODbL-1.0"}, "geometry": {"type": "MultiPolygon", "coordinates": [[[[114.1066879, 22.5366888], [114.106696, 22.5365773], [114.1073424, 22.5366058], [114.1072834, 22.5367965], [114.1070608, 22.5367656], [114.1070594, 22.5367408], [114.1066879, 22.5366888]]]]}}, {"type": "Feature", "id": "way/1251643014", "properties": {"tags": {"building": "apartments", "name": "裕晖大厦"}, "heightStatus": "unknown", "source": "OpenStreetMap", "license": "ODbL-1.0"}, "geometry": {"type": "MultiPolygon", "coordinates": [[[[114.1062649, 22.5365733], [114.106287, 22.5365636], [114.1062941, 22.5366164], [114.1064318, 22.5366078], [114.1064353, 22.5364471], [114.1065521, 22.5364471], [114.1065451, 22.5366682], [114.1062789, 22.5366639], [114.1062649, 22.5365733]]]]}}, {"type": "Feature", "id": "way/1251643017", "properties": {"tags": {"building": "apartments", "name": "11栋", "name:en": "Block 11", "name:zh": "11栋"}, "heightStatus": "unknown", "source": "OpenStreetMap", "license": "ODbL-1.0"}, "geometry": {"type": "MultiPolygon", "coordinates": [[[[114.1072014, 22.5361296], [114.1072785, 22.5361168], [114.1073102, 22.5360405], [114.1074, 22.5360723], [114.1073674, 22.5361506], [114.107424, 22.5362056], [114.1073649, 22.5362576], [114.1073055, 22.5361999], [114.107218, 22.5362145], [114.1072014, 22.5361296]]]]}}, {"type": "Feature", "id": "way/1251643020", "properties": {"tags": {"building": "apartments", "name": "10栋", "name:en": "Block 10", "name:zh": "10栋"}, "heightStatus": "unknown", "source": "OpenStreetMap", "license": "ODbL-1.0"}, "geometry": {"type": "MultiPolygon", "coordinates": [[[[114.1069459, 22.5361194], [114.1069946, 22.5360588], [114.1070637, 22.5361063], [114.1071473, 22.5360782], [114.1071793, 22.5361592], [114.1071057, 22.536184], [114.1070885, 22.5362641], [114.1069942, 22.5362469], [114.1070118, 22.5361646], [114.1069459, 22.5361194]]]]}}, {"type": "Feature", "id": "way/1251643024", "properties": {"tags": {"building": "apartments", "name": "9栋", "name:en": "Block 9", "name:zh": "9栋"}, "heightStatus": "unknown", "source": "OpenStreetMap", "license": "ODbL-1.0"}, "geometry": {"type": "MultiPolygon", "coordinates": [[[[114.1066039, 22.5360318], [114.1066764, 22.5359778], [114.1067304, 22.5360293], [114.1068091, 22.5360187], [114.1068003, 22.5359247], [114.1069056, 22.5359141], [114.1069941, 22.535937], [114.1070569, 22.5359835], [114.1069817, 22.5360506], [114.1069295, 22.5359958], [114.1068454, 22.5360154], [114.1068693, 22.5360955], [114.1067799, 22.5361151], [114.1067463, 22.5361952], [114.1066446, 22.5361723], [114.1066747, 22.5360988], [114.1066039, 22.5360318]]]]}}, {"type": "Feature", "id": "way/1251643025", "properties": {"tags": {"building": "residential", "name": "渔丰大厦"}, "heightStatus": "unknown", "source": "OpenStreetMap", "license": "ODbL-1.0"}, "geometry": {"type": "MultiPolygon", "coordinates": [[[[114.1075751, 22.536326], [114.1075968, 22.5362141], [114.1077645, 22.5362419], [114.1078149, 22.5361834], [114.1078956, 22.5362427], [114.1077928, 22.536362], [114.1075751, 22.536326]]]]}}, {"type": "Feature", "id": "way/1251643027", "properties": {"tags": {"building": "apartments"}, "heightStatus": "unknown", "source": "OpenStreetMap", "license": "ODbL-1.0"}, "geometry": {"type": "MultiPolygon", "coordinates": [[[[114.1060341, 22.5361146], [114.1063072, 22.5359393], [114.1063681, 22.5360203], [114.1060951, 22.5361956], [114.1060341, 22.5361146]]]]}}, {"type": "Feature", "id": "way/1251643028", "properties": {"tags": {"building": "apartments"}, "heightStatus": "unknown", "source": "OpenStreetMap", "license": "ODbL-1.0"}, "geometry": {"type": "MultiPolygon", "coordinates": [[[[114.1061897, 22.5363091], [114.1064627, 22.5361338], [114.1065237, 22.5362148], [114.1062507, 22.5363901], [114.1061897, 22.5363091]]]]}}, {"type": "Feature", "id": "way/1251643029", "properties": {"tags": {"building": "yes"}, "heightStatus": "unknown", "source": "OpenStreetMap", "license": "ODbL-1.0"}, "geometry": {"type": "MultiPolygon", "coordinates": [[[[114.1058694, 22.5365467], [114.106056, 22.5364786], [114.106099, 22.5365791], [114.1059124, 22.5366473], [114.1058694, 22.5365467]]]]}}, {"type": "Feature", "id": "way/1251643030", "properties": {"tags": {"building": "residential", "name": "罗湖口岸公安大院"}, "heightStatus": "unknown", "source": "OpenStreetMap", "license": "ODbL-1.0"}, "geometry": {"type": "MultiPolygon", "coordinates": [[[[114.1056852, 22.5360627], [114.1061228, 22.5357796], [114.1061721, 22.5358408], [114.105827, 22.5361168], [114.1059055, 22.5363075], [114.1060889, 22.5362591], [114.1061197, 22.5363516], [114.1058516, 22.5364441], [114.1056852, 22.5360627]]]]}}, {"type": "Feature", "id": "way/1251643031", "properties": {"tags": {"building": "yes"}, "heightStatus": "unknown", "source": "OpenStreetMap", "license": "ODbL-1.0"}, "geometry": {"type": "MultiPolygon", "coordinates": [[[[114.105249, 22.5364945], [114.1056793, 22.5362321], [114.1057737, 22.5363641], [114.1053435, 22.5366267], [114.105249, 22.5364945]]]]}}, {"type": "Feature", "id": "way/1251643037", "properties": {"tags": {"building": "yes"}, "heightStatus": "unknown", "source": "OpenStreetMap", "license": "ODbL-1.0"}, "geometry": {"type": "MultiPolygon", "coordinates": [[[[114.1049093, 22.5360972], [114.1051249, 22.5359909], [114.1051556, 22.536044], [114.1049401, 22.5361503], [114.1049093, 22.5360972]]]]}}, {"type": "Feature", "id": "way/1251643038", "properties": {"tags": {"building": "yes"}, "heightStatus": "unknown", "source": "OpenStreetMap", "license": "ODbL-1.0"}, "geometry": {"type": "MultiPolygon", "coordinates": [[[[114.1049177, 22.5361863], [114.105172, 22.5360626], [114.1052055, 22.5361215], [114.1049513, 22.5362452], [114.1049177, 22.5361863]]]]}}, {"type": "Feature", "id": "way/1252904137", "properties": {"tags": {"building": "retail", "building:levels": "5", "name": "万象城3期"}, "heightStatus": "levels_only_unverified", "source": "OpenStreetMap", "license": "ODbL-1.0"}, "geometry": {"type": "MultiPolygon", "coordinates": [[[[114.1038028, 22.5428289], [114.1038561, 22.5424736], [114.1042704, 22.5425266], [114.1042558, 22.5426239], [114.1043208, 22.5426327], [114.1044162, 22.5425603], [114.1044306, 22.5424618], [114.1044023, 22.542459], [114.1044824, 22.5417635], [114.1042507, 22.5417408], [114.1042802, 22.5414847], [114.1043398, 22.5414905], [114.1043596, 22.5414746], [114.1043772, 22.5413432], [114.104941, 22.5414074], [114.1048996, 22.5417175], [114.1047485, 22.5428486], [114.1046326, 22.5429351], [114.1038028, 22.5428289]]]]}}, {"type": "Feature", "id": "way/1258687089", "properties": {"tags": {"building": "train_station", "building:levels": "0", "building:levels:underground": "2", "layer": "-1", "location": "underground", "name": "鹿丹村站", "name:en": "Ludancun Station", "name:zh": "鹿丹村站", "public_transport": "station", "start_date": "2016-10-28", "wikidata": "Q21246003", "wikipedia": "zh:鹿丹村站"}, "heightStatus": "levels_only_unverified", "source": "OpenStreetMap", "license": "ODbL-1.0"}, "geometry": {"type": "MultiPolygon", "coordinates": [[[[114.1021266, 22.5385613], [114.1026512, 22.5384447], [114.1026456, 22.5384276], [114.1028424, 22.5383838], [114.1028446, 22.5384045], [114.1029367, 22.538385], [114.1028235, 22.5379427], [114.1028067, 22.5379478], [114.1027946, 22.5378902], [114.102556, 22.5378922], [114.1025556, 22.5378862], [114.1022196, 22.537889], [114.1022213, 22.5378392], [114.102553, 22.537844], [114.1025534, 22.5378361], [114.1029548, 22.5378416], [114.1029548, 22.5378492], [114.1031943, 22.5378488], [114.1031943, 22.5378838], [114.1031697, 22.5378838], [114.1031697, 22.5378969], [114.1031241, 22.5378969], [114.1031245, 22.5379128], [114.1029634, 22.5379112], [114.1028993, 22.5379272], [114.1030134, 22.5383675], [114.1041793, 22.5381105], [114.1041759, 22.5380946], [114.1043128, 22.5380688], [114.1043279, 22.5381324], [114.1041815, 22.5381631], [114.1042, 22.5382398], [114.1042921, 22.5382207], [114.1042835, 22.5381905], [114.1043374, 22.538179], [114.1043615, 22.5382768], [114.1041797, 22.5383194], [114.1041776, 22.538311], [114.1040307, 22.5383437], [114.1040557, 22.5384363], [114.1039243, 22.5384626], [114.1039489, 22.5385636], [114.1040445, 22.5385625], [114.1040445, 22.5385724], [114.1043847, 22.538572], [114.1043847, 22.538638], [114.1040437, 22.5386358], [114.1040438, 22.5386422], [114.1034708, 22.5386372], [114.1034338, 22.5384912], [114.1032761, 22.5385259], [114.1032727, 22.5385119], [114.1032309, 22.5385203], [114.1032369, 22.5385497], [114.1032455, 22.5385473], [114.1032524, 22.5385776], [114.1031999, 22.5385883], [114.103193, 22.5385601], [114.1032016, 22.5385581], [114.1031934, 22.5385274], [114.1028975, 22.5385963], [114.1029018, 22.5386146], [114.1027571, 22.5386468], [114.1027623, 22.5386659], [114.1027115, 22.538677], [114.1026706, 22.5385107], [114.1021425, 22.5386237], [114.1021266, 22.5385613]]]]}}, {"type": "Feature", "id": "way/1258697943", "properties": {"tags": {"building": "train_station", "building:levels": "0", "building:levels:underground": "3", "layer": "-1", "location": "underground", "name": "人民南站", "name:en": "Renmin South Station", "name:zh": "人民南站", "public_transport": "station", "start_date": "2016-10-28", "wikidata": "Q20688019", "wikipedia": "zh:人民南站"}, "heightStatus": "levels_only_unverified", "source": "OpenStreetMap", "license": "ODbL-1.0"}, "geometry": {"type": "MultiPolygon", "coordinates": [[[[114.1118882, 22.5377994], [114.1119211, 22.5376257], [114.1120307, 22.5376411], [114.112024, 22.5376809], [114.1121632, 22.537701], [114.1121827, 22.5375854], [114.112163, 22.5375826], [114.1121705, 22.5375385], [114.1121797, 22.5374841], [114.1122286, 22.5374912], [114.1122617, 22.5372958], [114.1122861, 22.5372993], [114.1123128, 22.5373032], [114.1122226, 22.5378358], [114.1133945, 22.5380053], [114.1133966, 22.5379934], [114.1134764, 22.5380049], [114.1135273, 22.5377046], [114.113536, 22.5376537], [114.1135992, 22.5372808], [114.1136346, 22.5372859], [114.1136682, 22.5372908], [114.1136083, 22.537644], [114.1135987, 22.5377006], [114.1135456, 22.5380142], [114.1136014, 22.5380223], [114.113565, 22.5382369], [114.1135911, 22.5382407], [114.1135695, 22.5383677], [114.1134205, 22.5383462], [114.1134407, 22.5382269], [114.1132928, 22.5382056], [114.1132975, 22.5381778], [114.1131628, 22.5381584], [114.1131313, 22.5382798], [114.1136058, 22.5384119], [114.1135962, 22.5386614], [114.113576, 22.5386604], [114.1135532, 22.5386592], [114.1135575, 22.5384689], [114.1130532, 22.5383297], [114.113069, 22.5382563], [114.1130412, 22.5382523], [114.1130509, 22.5381951], [114.1130802, 22.5381993], [114.1130859, 22.5381673], [114.1127227, 22.5381004], [114.1126917, 22.538283], [114.1126223, 22.5382729], [114.1126268, 22.5382465], [114.1121904, 22.5381835], [114.1121932, 22.5381668], [114.1122013, 22.5381191], [114.112639, 22.5381824], [114.1126549, 22.5380884], [114.1124993, 22.5380659], [114.1124941, 22.5380963], [114.1124425, 22.5380889], [114.1124473, 22.5380602], [114.1122942, 22.5380381], [114.1122886, 22.5380714], [114.1121996, 22.5380586], [114.1122054, 22.5380247], [114.1121247, 22.538013], [114.1121226, 22.5380254], [114.1119722, 22.5380037], [114.1120036, 22.5378185], [114.1118882, 22.5377994]]]]}}, {"type": "Feature", "id": "way/1314080773", "properties": {"tags": {"building": "yes"}, "heightStatus": "unknown", "source": "OpenStreetMap", "license": "ODbL-1.0"}, "geometry": {"type": "MultiPolygon", "coordinates": [[[[114.1057993, 22.5448796], [114.1058358, 22.5448377], [114.1059358, 22.5449119], [114.1058993, 22.5449538], [114.1057993, 22.5448796]]]]}}, {"type": "Feature", "id": "way/1411060172", "properties": {"tags": {"building": "commercial", "name": "金威旅游大厦"}, "heightStatus": "unknown", "source": "OpenStreetMap", "license": "ODbL-1.0"}, "geometry": {"type": "MultiPolygon", "coordinates": [[[[114.1081188, 22.5410152], [114.1087604, 22.5410138], [114.1087661, 22.5412744], [114.1087194, 22.5413516], [114.1084591, 22.5413459], [114.108398, 22.5412635], [114.1081193, 22.5412551], [114.1081188, 22.5410152]]]]}}, {"type": "Feature", "id": "way/1411060208", "properties": {"tags": {"building": "yes", "leisure": "pitch", "name": "路丰羽毛球馆", "sport": "badminton"}, "heightStatus": "unknown", "source": "OpenStreetMap", "license": "ODbL-1.0"}, "geometry": {"type": "MultiPolygon", "coordinates": [[[[114.1086736, 22.5422899], [114.1091903, 22.5422891], [114.109188, 22.5425849], [114.1087621, 22.542582], [114.1086769, 22.5424979], [114.1086736, 22.5422899]]]]}}, {"type": "Feature", "id": "way/1431913858", "properties": {"tags": {"addr:housename": "中海·鹿丹名苑", "addr:housename:en": "COC Ludan Garden", "addr:housename:zh": "中海·鹿丹名苑", "building": "apartments", "building:levels": "29", "name": "1栋", "name:en": "Block 1", "name:zh": "1栋"}, "heightStatus": "levels_only_unverified", "source": "OpenStreetMap", "license": "ODbL-1.0"}, "geometry": {"type": "MultiPolygon", "coordinates": [[[[114.1034998, 22.5365917], [114.1035435, 22.53658], [114.103538, 22.5365625], [114.1035853, 22.5365498], [114.1035908, 22.5365674], [114.1036222, 22.5365589], [114.1036257, 22.5364975], [114.1035869, 22.5364956], [114.1035881, 22.5364753], [114.1035687, 22.5364744], [114.103572, 22.5364179], [114.1036302, 22.5364208], [114.1036312, 22.5364035], [114.1037082, 22.5364073], [114.1037071, 22.5364247], [114.1037654, 22.5364276], [114.1037621, 22.536484], [114.1037427, 22.536483], [114.1037415, 22.5365033], [114.1037027, 22.5365013], [114.1036991, 22.5365628], [114.1037293, 22.5365742], [114.1037368, 22.5365574], [114.1037824, 22.5365747], [114.1037748, 22.5365916], [114.1038169, 22.5366075], [114.1037909, 22.5366659], [114.1037605, 22.5366543], [114.1037519, 22.5366736], [114.1036834, 22.5366475], [114.1036951, 22.5366213], [114.1036193, 22.5366175], [114.1036279, 22.5366448], [114.1035567, 22.5366639], [114.1035504, 22.5366439], [114.1035189, 22.5366523], [114.1034998, 22.5365917]]]]}}]}