{"type": "FeatureCollection", "features": [{"type": "Feature", "id": "way/182315044", "properties": {"tags": {"building": "commercial", "name": "茂业百货东门店", "shop": "department_store"}, "heightStatus": "unknown", "source": "OpenStreetMap", "license": "ODbL-1.0"}, "geometry": {"type": "MultiPolygon", "coordinates": [[[[114.1158407, 22.5494416], [114.1160454, 22.549405], [114.1162393, 22.5493703], [114.1162158, 22.5495016], [114.1162924, 22.5498659], [114.1163447, 22.550115], [114.1159953, 22.5501776], [114.1158407, 22.5494416]]]]}}, {"type": "Feature", "id": "way/192576766", "properties": {"tags": {"building": "commercial", "name": "天虹商场", "shop": "supermarket"}, "heightStatus": "unknown", "source": "OpenStreetMap", "license": "ODbL-1.0"}, "geometry": {"type": "MultiPolygon", "coordinates": [[[[114.1128567, 22.5504704], [114.113281, 22.5502605], [114.1133744, 22.5504144], [114.1134325, 22.5505637], [114.113483, 22.5507223], [114.1134754, 22.5508902], [114.1134274, 22.5510372], [114.1133694, 22.5511748], [114.1130057, 22.5511818], [114.1128567, 22.5504704]]]]}}, {"type": "Feature", "id": "way/197933013", "properties": {"tags": {"building": "commercial"}, "heightStatus": "unknown", "source": "OpenStreetMap", "license": "ODbL-1.0"}, "geometry": {"type": "MultiPolygon", "coordinates": [[[[114.1174884, 22.5512748], [114.1176588, 22.5511731], [114.1177257, 22.5512686], [114.1177911, 22.5512296], [114.1178593, 22.5513269], [114.1179308, 22.5512842], [114.1182915, 22.5517997], [114.1182405, 22.5518301], [114.118389, 22.5521138], [114.1180838, 22.5522669], [114.1174884, 22.5512748]]]]}}, {"type": "Feature", "id": "way/239698251", "properties": {"tags": {"building": "yes", "building:levels": "45", "height": "228", "layer": "1", "name": "罗湖商务中心大厦"}, "heightStatus": "height_tag_unverified", "source": "OpenStreetMap", "license": "ODbL-1.0"}, "geometry": {"type": "MultiPolygon", "coordinates": [[[[114.1216867, 22.5477738], [114.1217394, 22.5474853], [114.1221669, 22.5475519], [114.1221142, 22.5478404], [114.1216867, 22.5477738]]]]}}, {"type": "Feature", "id": "way/271383686", "properties": {"tags": {"building": "yes", "internet_access": "wlan", "name": "太阳广场", "shop": "mall"}, "heightStatus": "unknown", "source": "OpenStreetMap", "license": "ODbL-1.0"}, "geometry": {"type": "MultiPolygon", "coordinates": [[[[114.1128056, 22.547694], [114.113714, 22.5476573], [114.1139527, 22.5476226], [114.114072, 22.5482079], [114.1138952, 22.5482394], [114.1138998, 22.548268], [114.1137818, 22.5482841], [114.1136861, 22.5482941], [114.1135584, 22.5482989], [114.1131275, 22.5483083], [114.1131193, 22.5482683], [114.1129495, 22.5482989], [114.1129138, 22.5481487], [114.1128056, 22.547694]]]]}}, {"type": "Feature", "id": "way/487799851", "properties": {"tags": {"building": "retail"}, "heightStatus": "unknown", "source": "OpenStreetMap", "license": "ODbL-1.0"}, "geometry": {"type": "MultiPolygon", "coordinates": [[[[114.1125672, 22.5486733], [114.1126655, 22.5485824], [114.1127239, 22.5486364], [114.1127447, 22.5487477], [114.1129306, 22.5487181], [114.1130526, 22.5487598], [114.1130715, 22.5488808], [114.1131295, 22.5488731], [114.1131376, 22.5489253], [114.1132121, 22.5489154], [114.1132328, 22.5490484], [114.1132616, 22.5490446], [114.1133074, 22.5490749], [114.1133264, 22.5491647], [114.1132913, 22.5492001], [114.1130782, 22.5492367], [114.1131354, 22.5494888], [114.1130939, 22.5495588], [114.1130224, 22.54957], [114.1129734, 22.5495349], [114.1129323, 22.5493083], [114.1128645, 22.5493188], [114.1128384, 22.5491751], [114.1127925, 22.5491822], [114.1127618, 22.5490136], [114.112739, 22.5490172], [114.1125672, 22.5486733]]]]}}, {"type": "Feature", "id": "way/487800416", "properties": {"tags": {"building": "retail"}, "heightStatus": "unknown", "source": "OpenStreetMap", "license": "ODbL-1.0"}, "geometry": {"type": "MultiPolygon", "coordinates": [[[[114.1142317, 22.5483433], [114.1142848, 22.5482487], [114.1144972, 22.5481681], [114.1146188, 22.5487804], [114.1146224, 22.5487987], [114.1143387, 22.5488493], [114.1142317, 22.5483433]]]]}}, {"type": "Feature", "id": "way/487800417", "properties": {"tags": {"building": "retail"}, "heightStatus": "unknown", "source": "OpenStreetMap", "license": "ODbL-1.0"}, "geometry": {"type": "MultiPolygon", "coordinates": [[[[114.1143515, 22.5489039], [114.1146217, 22.5488572], [114.1146406, 22.5489508], [114.1146613, 22.5490529], [114.1146044, 22.5490627], [114.1145371, 22.5490744], [114.1145652, 22.5492132], [114.1144193, 22.5492383], [114.1143515, 22.5489039]]]]}}, {"type": "Feature", "id": "way/487801089", "properties": {"tags": {"building": "retail"}, "heightStatus": "unknown", "source": "OpenStreetMap", "license": "ODbL-1.0"}, "geometry": {"type": "MultiPolygon", "coordinates": [[[[114.1134628, 22.5496795], [114.1137262, 22.5494302], [114.1142582, 22.5493354], [114.114359, 22.5494061], [114.1143779, 22.5494829], [114.1143409, 22.5495503], [114.1134746, 22.5496935], [114.1134628, 22.5496795]]]]}}, {"type": "Feature", "id": "way/487801091", "properties": {"tags": {"building": "retail"}, "heightStatus": "unknown", "source": "OpenStreetMap", "license": "ODbL-1.0"}, "geometry": {"type": "MultiPolygon", "coordinates": [[[[114.1140406, 22.547408], [114.1140514, 22.5473638], [114.1140748, 22.5473183], [114.114099, 22.5472891], [114.1141336, 22.5472648], [114.1141742, 22.5472438], [114.1142972, 22.5472175], [114.1144347, 22.5478197], [114.1141986, 22.5478664], [114.1141749, 22.5478656], [114.1141551, 22.5478622], [114.1141337, 22.5478483], [114.114117, 22.5478249], [114.1140438, 22.5474563], [114.1140406, 22.547408]]]]}}, {"type": "Feature", "id": "way/523229000", "properties": {"tags": {"addr:city": "深圳市", "addr:district": "罗湖区", "addr:housenumber": "3020", "addr:province": "广东省", "addr:street": "深南东路", "building": "yes", "name": "东大门广场", "name:en": "DDM Mall", "shop": "department_store"}, "heightStatus": "unknown", "source": "OpenStreetMap", "license": "ODbL-1.0"}, "geometry": {"type": "MultiPolygon", "coordinates": [[[[114.1126624, 22.5463834], [114.112737, 22.5460096], [114.1133214, 22.546109], [114.1139449, 22.5462151], [114.1146511, 22.5463353], [114.1145765, 22.5467091], [114.1141932, 22.5466439], [114.1126624, 22.5463834]]]]}}, {"type": "Feature", "id": "way/523229001", "properties": {"tags": {"addr:city": "深圳市", "addr:district": "罗湖区", "addr:housenumber": "3022", "addr:province": "广东省", "addr:street": "深南东路", "building": "yes", "name": "百货广场大厦 西座写字楼", "office": "yes"}, "heightStatus": "unknown", "source": "OpenStreetMap", "license": "ODbL-1.0"}, "geometry": {"type": "MultiPolygon", "coordinates": [[[[114.1127472, 22.5463545], [114.1128073, 22.5460669], [114.1133701, 22.5461649], [114.113317, 22.5464428], [114.1127472, 22.5463545]]]]}}, {"type": "Feature", "id": "way/523229004", "properties": {"tags": {"addr:city": "深圳市", "addr:district": "罗湖区", "addr:housenumber": "3018", "addr:province": "广东省", "addr:street": "深南东路", "building": "yes", "name": "亚洲商业大厦", "office": "yes"}, "heightStatus": "unknown", "source": "OpenStreetMap", "license": "ODbL-1.0"}, "geometry": {"type": "MultiPolygon", "coordinates": [[[[114.1147517, 22.5466818], [114.114817, 22.5463636], [114.1153245, 22.5464524], [114.1152593, 22.5467705], [114.1147517, 22.5466818]]]]}}, {"type": "Feature", "id": "way/531933744", "properties": {"tags": {"addr:city": "深圳市", "addr:district": "罗湖区", "addr:housenumber": "3023", "addr:province": "广东省", "addr:street": "深南东路", "building": "yes", "name": "中旅大厦", "office": "yes"}, "heightStatus": "unknown", "source": "OpenStreetMap", "license": "ODbL-1.0"}, "geometry": {"type": "MultiPolygon", "coordinates": [[[[114.1129905, 22.5454973], [114.1129994, 22.5453669], [114.1131441, 22.545369], [114.1131511, 22.545341], [114.1131955, 22.5453237], [114.1132422, 22.5453237], [114.1132702, 22.5453345], [114.1132772, 22.5453669], [114.1133169, 22.5453712], [114.1133192, 22.5452245], [114.1130951, 22.5452245], [114.1130998, 22.5450973], [114.113387, 22.5450994], [114.11338, 22.5451706], [114.113443, 22.5451728], [114.113436, 22.5454035], [114.1133916, 22.5454035], [114.113394, 22.5454319], [114.113263, 22.545543], [114.1129905, 22.5454973]]]]}}, {"type": "Feature", "id": "way/531933746", "properties": {"tags": {"building": "residential"}, "heightStatus": "unknown", "source": "OpenStreetMap", "license": "ODbL-1.0"}, "geometry": {"type": "MultiPolygon", "coordinates": [[[[114.1126234, 22.5450865], [114.1126421, 22.5449873], [114.11299, 22.5450434], [114.1129713, 22.5451361], [114.1126234, 22.5450865]]]]}}, {"type": "Feature", "id": "way/531933749", "properties": {"tags": {"building": "residential"}, "heightStatus": "unknown", "source": "OpenStreetMap", "license": "ODbL-1.0"}, "geometry": {"type": "MultiPolygon", "coordinates": [[[[114.1125464, 22.5454833], [114.1125604, 22.5453906], [114.1128919, 22.5454488], [114.1128756, 22.5455415], [114.1125464, 22.5454833]]]]}}, {"type": "Feature", "id": "way/531933750", "properties": {"tags": {"building": "residential"}, "heightStatus": "unknown", "source": "OpenStreetMap", "license": "ODbL-1.0"}, "geometry": {"type": "MultiPolygon", "coordinates": [[[[114.1128172, 22.5453712], [114.1128569, 22.5451534], [114.1129573, 22.5451663], [114.1129246, 22.5453863], [114.1128172, 22.5453712]]]]}}, {"type": "Feature", "id": "way/531933755", "properties": {"tags": {"addr:city": "深圳市", "addr:district": "罗湖区", "addr:housenumber": "3039", "addr:province": "广东省", "addr:street": "深南东路", "building": "commercial", "name": "汇金天琅大厦", "was:name": "创意嘉年华"}, "heightStatus": "unknown", "source": "OpenStreetMap", "license": "ODbL-1.0"}, "geometry": {"type": "MultiPolygon", "coordinates": [[[[114.113897, 22.5452603], [114.114068, 22.5452558], [114.1140713, 22.5453641], [114.1139925, 22.5453661], [114.1139959, 22.5454707], [114.1140658, 22.5454692], [114.1140679, 22.5455519], [114.113998, 22.5455534], [114.1139992, 22.5455868], [114.114152, 22.5456143], [114.1141807, 22.5454783], [114.1142844, 22.545497], [114.1142358, 22.5457272], [114.1139369, 22.5456734], [114.113945, 22.5456349], [114.1139085, 22.5456358], [114.1139075, 22.5456027], [114.113897, 22.5452603]]]]}}, {"type": "Feature", "id": "way/531933756", "properties": {"tags": {"building": "yes", "name": "华旺商务宾馆", "tourism": "hotel"}, "heightStatus": "unknown", "source": "OpenStreetMap", "license": "ODbL-1.0"}, "geometry": {"type": "MultiPolygon", "coordinates": [[[[114.1143289, 22.5452602], [114.1145119, 22.545095], [114.1146176, 22.5451964], [114.1144305, 22.5453578], [114.1143289, 22.5452602]]]]}}, {"type": "Feature", "id": "way/531933757", "properties": {"tags": {"addr:city": "深圳市", "addr:district": "罗湖区", "addr:housenumber": "3011", "addr:province": "广东省", "addr:street": "南湖路", "building": "commercial", "name": "兴隆大厦"}, "heightStatus": "unknown", "source": "OpenStreetMap", "license": "ODbL-1.0"}, "geometry": {"type": "MultiPolygon", "coordinates": [[[[114.1147272, 22.5453675], [114.1147678, 22.5451826], [114.1150884, 22.5452427], [114.1150477, 22.5454276], [114.1147272, 22.5453675]]]]}}, {"type": "Feature", "id": "way/555859494", "properties": {"tags": {"building": "apartments"}, "heightStatus": "unknown", "source": "OpenStreetMap", "license": "ODbL-1.0"}, "geometry": {"type": "MultiPolygon", "coordinates": [[[[114.1168111, 22.5456614], [114.1168271, 22.5455668], [114.1168877, 22.5455755], [114.1168968, 22.545522], [114.1169969, 22.5455365], [114.1169877, 22.5455906], [114.1170458, 22.545599], [114.1170299, 22.5456928], [114.1169727, 22.5456845], [114.1169641, 22.5457354], [114.1168594, 22.5457202], [114.116868, 22.5456696], [114.1168111, 22.5456614]]]]}}, {"type": "Feature", "id": "way/555859495", "properties": {"tags": {"building": "apartments"}, "heightStatus": "unknown", "source": "OpenStreetMap", "license": "ODbL-1.0"}, "geometry": {"type": "MultiPolygon", "coordinates": [[[[114.1167721, 22.5459088], [114.1167881, 22.5458142], [114.1168487, 22.5458229], [114.1168578, 22.5457694], [114.116958, 22.5457839], [114.1169488, 22.545838], [114.1170069, 22.5458464], [114.1169909, 22.5459402], [114.1169338, 22.5459319], [114.1169251, 22.5459828], [114.1168204, 22.5459676], [114.116829, 22.545917], [114.1167721, 22.5459088]]]]}}, {"type": "Feature", "id": "way/555859496", "properties": {"tags": {"building": "apartments"}, "heightStatus": "unknown", "source": "OpenStreetMap", "license": "ODbL-1.0"}, "geometry": {"type": "MultiPolygon", "coordinates": [[[[114.1165294, 22.5460845], [114.1165454, 22.5459899], [114.116606, 22.5459987], [114.1166151, 22.5459451], [114.1167152, 22.5459596], [114.116706, 22.5460137], [114.1167641, 22.5460221], [114.1167482, 22.5461159], [114.116691, 22.5461077], [114.1166824, 22.5461585], [114.1165777, 22.5461434], [114.1165863, 22.5460927], [114.1165294, 22.5460845]]]]}}, {"type": "Feature", "id": "way/555859497", "properties": {"tags": {"building": "apartments"}, "heightStatus": "unknown", "source": "OpenStreetMap", "license": "ODbL-1.0"}, "geometry": {"type": "MultiPolygon", "coordinates": [[[[114.1162579, 22.5460452], [114.1162739, 22.5459506], [114.1163345, 22.5459593], [114.1163436, 22.5459058], [114.1164437, 22.5459203], [114.1164345, 22.5459744], [114.1164926, 22.5459828], [114.1164767, 22.5460766], [114.1164195, 22.5460683], [114.1164109, 22.5461192], [114.1163062, 22.546104], [114.1163148, 22.5460534], [114.1162579, 22.5460452]]]]}}, {"type": "Feature", "id": "way/555859498", "properties": {"tags": {"building": "apartments"}, "heightStatus": "unknown", "source": "OpenStreetMap", "license": "ODbL-1.0"}, "geometry": {"type": "MultiPolygon", "coordinates": [[[[114.1168579, 22.5454023], [114.116874, 22.5453077], [114.1169346, 22.5453165], [114.1169437, 22.5452629], [114.1170438, 22.5452774], [114.1170346, 22.5453315], [114.1170927, 22.5453399], [114.1170768, 22.5454337], [114.1170196, 22.5454255], [114.117011, 22.5454763], [114.1169063, 22.5454612], [114.1169149, 22.5454105], [114.1168579, 22.5454023]]]]}}, {"type": "Feature", "id": "way/555859499", "properties": {"tags": {"building": "apartments"}, "heightStatus": "unknown", "source": "OpenStreetMap", "license": "ODbL-1.0"}, "geometry": {"type": "MultiPolygon", "coordinates": [[[[114.1165644, 22.5453593], [114.1165804, 22.5452647], [114.116641, 22.5452735], [114.1166501, 22.5452199], [114.1167503, 22.5452344], [114.1167411, 22.5452886], [114.1167992, 22.545297], [114.1167832, 22.5453908], [114.1167261, 22.5453825], [114.1167174, 22.5454334], [114.1166127, 22.5454182], [114.1166213, 22.5453676], [114.1165644, 22.5453593]]]]}}, {"type": "Feature", "id": "way/617561700", "properties": {"tags": {"building": "apartments"}, "heightStatus": "unknown", "source": "OpenStreetMap", "license": "ODbL-1.0"}, "geometry": {"type": "MultiPolygon", "coordinates": [[[[114.1124512, 22.5536771], [114.1125067, 22.5536572], [114.1125021, 22.5536359], [114.1126068, 22.553606], [114.1126192, 22.5536259], [114.1126993, 22.5536046], [114.1127255, 22.5536857], [114.1125159, 22.5537483], [114.1125005, 22.5537027], [114.1124744, 22.5537155], [114.1124512, 22.5536771]]]]}}, {"type": "Feature", "id": "way/617561701", "properties": {"tags": {"building": "industrial"}, "heightStatus": "unknown", "source": "OpenStreetMap", "license": "ODbL-1.0"}, "geometry": {"type": "MultiPolygon", "coordinates": [[[[114.1124479, 22.5538637], [114.112644, 22.5538066], [114.1126907, 22.5539338], [114.1124934, 22.5539877], [114.1124479, 22.5538637]]]]}}, {"type": "Feature", "id": "way/617561704", "properties": {"tags": {"building": "residential"}, "heightStatus": "unknown", "source": "OpenStreetMap", "license": "ODbL-1.0"}, "geometry": {"type": "MultiPolygon", "coordinates": [[[[114.1125085, 22.5524818], [114.1128508, 22.5523587], [114.112879, 22.5524257], [114.1129684, 22.5523935], [114.1130155, 22.5525053], [114.1125838, 22.5526605], [114.1125085, 22.5524818]]]]}}, {"type": "Feature", "id": "way/617561705", "properties": {"tags": {"building": "residential"}, "heightStatus": "unknown", "source": "OpenStreetMap", "license": "ODbL-1.0"}, "geometry": {"type": "MultiPolygon", "coordinates": [[[[114.1129795, 22.5537869], [114.113226, 22.5537073], [114.1132569, 22.5537889], [114.1130104, 22.5538684], [114.1129795, 22.5537869]]]]}}, {"type": "Feature", "id": "way/617561706", "properties": {"tags": {"building": "yes"}, "heightStatus": "unknown", "source": "OpenStreetMap", "license": "ODbL-1.0"}, "geometry": {"type": "MultiPolygon", "coordinates": [[[[114.1129273, 22.5535898], [114.1131764, 22.553528], [114.1132005, 22.5536107], [114.1129515, 22.5536726], [114.1129273, 22.5535898]]]]}}, {"type": "Feature", "id": "way/617561707", "properties": {"tags": {"building": "residential"}, "heightStatus": "unknown", "source": "OpenStreetMap", "license": "ODbL-1.0"}, "geometry": {"type": "MultiPolygon", "coordinates": [[[[114.1128725, 22.5533735], [114.1131201, 22.5533132], [114.1131547, 22.5534345], [114.1129071, 22.5534947], [114.1128725, 22.5533735]]]]}}, {"type": "Feature", "id": "way/617561708", "properties": {"tags": {"building": "residential"}, "heightStatus": "unknown", "source": "OpenStreetMap", "license": "ODbL-1.0"}, "geometry": {"type": "MultiPolygon", "coordinates": [[[[114.1128023, 22.5531803], [114.1130415, 22.5531141], [114.1130797, 22.5532319], [114.1128405, 22.5532981], [114.1128023, 22.5531803]]]]}}, {"type": "Feature", "id": "way/617561709", "properties": {"tags": {"building": "residential"}, "heightStatus": "unknown", "source": "OpenStreetMap", "license": "ODbL-1.0"}, "geometry": {"type": "MultiPolygon", "coordinates": [[[[114.1127406, 22.5530195], [114.112997, 22.5529423], [114.1130342, 22.5530477], [114.1127779, 22.553125], [114.1127406, 22.5530195]]]]}}, {"type": "Feature", "id": "way/617561710", "properties": {"tags": {"building": "residential"}, "heightStatus": "unknown", "source": "OpenStreetMap", "license": "ODbL-1.0"}, "geometry": {"type": "MultiPolygon", "coordinates": [[[[114.1132923, 22.5537467], [114.1135364, 22.5536705], [114.1135711, 22.5537651], [114.1133269, 22.5538413], [114.1132923, 22.5537467]]]]}}, {"type": "Feature", "id": "way/617561711", "properties": {"tags": {"building": "residential"}, "heightStatus": "unknown", "source": "OpenStreetMap", "license": "ODbL-1.0"}, "geometry": {"type": "MultiPolygon", "coordinates": [[[[114.1132408, 22.5535734], [114.113488, 22.5534938], [114.1135197, 22.5535778], [114.1132725, 22.5536574], [114.1132408, 22.5535734]]]]}}, {"type": "Feature", "id": "way/617561712", "properties": {"tags": {"building": "residential"}, "heightStatus": "unknown", "source": "OpenStreetMap", "license": "ODbL-1.0"}, "geometry": {"type": "MultiPolygon", "coordinates": [[[[114.1131885, 22.5533772], [114.113433, 22.5533108], [114.1134612, 22.5533994], [114.1132167, 22.5534658], [114.1131885, 22.5533772]]]]}}, {"type": "Feature", "id": "way/617561713", "properties": {"tags": {"building": "residential"}, "heightStatus": "unknown", "source": "OpenStreetMap", "license": "ODbL-1.0"}, "geometry": {"type": "MultiPolygon", "coordinates": [[[[114.1131426, 22.5531888], [114.1133835, 22.5531219], [114.113415, 22.5532187], [114.1131741, 22.5532856], [114.1131426, 22.5531888]]]]}}, {"type": "Feature", "id": "way/617561714", "properties": {"tags": {"building": "residential"}, "heightStatus": "unknown", "source": "OpenStreetMap", "license": "ODbL-1.0"}, "geometry": {"type": "MultiPolygon", "coordinates": [[[[114.1130927, 22.5529967], [114.1133279, 22.5529341], [114.1133581, 22.5530308], [114.1131229, 22.5530934], [114.1130927, 22.5529967]]]]}}, {"type": "Feature", "id": "way/617561715", "properties": {"tags": {"building": "residential"}, "heightStatus": "unknown", "source": "OpenStreetMap", "license": "ODbL-1.0"}, "geometry": {"type": "MultiPolygon", "coordinates": [[[[114.112635, 22.5528326], [114.1126438, 22.5527027], [114.1129829, 22.5527223], [114.1129741, 22.5528522], [114.112635, 22.5528326]]]]}}, {"type": "Feature", "id": "way/617561716", "properties": {"tags": {"building": "residential"}, "heightStatus": "unknown", "source": "OpenStreetMap", "license": "ODbL-1.0"}, "geometry": {"type": "MultiPolygon", "coordinates": [[[[114.1130105, 22.5528732], [114.1130158, 22.5527568], [114.113275, 22.552767], [114.1132697, 22.5528834], [114.1130105, 22.5528732]]]]}}, {"type": "Feature", "id": "way/617561717", "properties": {"tags": {"building": "residential"}, "heightStatus": "unknown", "source": "OpenStreetMap", "license": "ODbL-1.0"}, "geometry": {"type": "MultiPolygon", "coordinates": [[[[114.1129754, 22.5525721], [114.1132691, 22.5525717], [114.1132692, 22.552683], [114.1129755, 22.5526833], [114.1129754, 22.5525721]]]]}}, {"type": "Feature", "id": "way/617561718", "properties": {"tags": {"building": "residential"}, "heightStatus": "unknown", "source": "OpenStreetMap", "license": "ODbL-1.0"}, "geometry": {"type": "MultiPolygon", "coordinates": [[[[114.1130094, 22.5524521], [114.1130112, 22.5523247], [114.1132925, 22.552328], [114.1132907, 22.5524554], [114.1130094, 22.5524521]]]]}}, {"type": "Feature", "id": "way/617561719", "properties": {"tags": {"building": "yes"}, "heightStatus": "unknown", "source": "OpenStreetMap", "license": "ODbL-1.0"}, "geometry": {"type": "MultiPolygon", "coordinates": [[[[114.1138749, 22.5527671], [114.1141737, 22.5526394], [114.1145375, 22.5531669], [114.1144176, 22.5532401], [114.1142286, 22.5529942], [114.1139989, 22.5530768], [114.1139562, 22.5529905], [114.1141798, 22.5528985], [114.1141147, 22.5527821], [114.1139216, 22.5528647], [114.1138749, 22.5527671]]]]}}, {"type": "Feature", "id": "way/617561720", "properties": {"tags": {"building": "residential"}, "heightStatus": "unknown", "source": "OpenStreetMap", "license": "ODbL-1.0"}, "geometry": {"type": "MultiPolygon", "coordinates": [[[[114.1138048, 22.5531369], [114.1139633, 22.5530843], [114.1140121, 22.5532307], [114.1142683, 22.5531425], [114.1143168, 22.5532396], [114.114002, 22.5533471], [114.1139796, 22.5532833], [114.1139247, 22.5533021], [114.1138942, 22.5532157], [114.1138434, 22.5532307], [114.1138048, 22.5531369]]]]}}, {"type": "Feature", "id": "way/617561721", "properties": {"tags": {"building": "residential"}, "heightStatus": "unknown", "source": "OpenStreetMap", "license": "ODbL-1.0"}, "geometry": {"type": "MultiPolygon", "coordinates": [[[[114.1141341, 22.553445], [114.1143711, 22.5533082], [114.114409, 22.5533641], [114.1144931, 22.5533155], [114.114568, 22.5534262], [114.1143047, 22.5535781], [114.1142702, 22.5535272], [114.1142123, 22.5535606], [114.1141341, 22.553445]]]]}}, {"type": "Feature", "id": "way/617561722", "properties": {"tags": {"building": "yes"}, "heightStatus": "unknown", "source": "OpenStreetMap", "license": "ODbL-1.0"}, "geometry": {"type": "MultiPolygon", "coordinates": [[[[114.1144569, 22.5536743], [114.1146825, 22.5534608], [114.1148561, 22.5536055], [114.1144569, 22.5536743]]]]}}, {"type": "Feature", "id": "way/617561723", "properties": {"tags": {"building": "yes"}, "heightStatus": "unknown", "source": "OpenStreetMap", "license": "ODbL-1.0"}, "geometry": {"type": "MultiPolygon", "coordinates": [[[[114.1135917, 22.55369], [114.1137904, 22.5536288], [114.1138028, 22.5536445], [114.1138937, 22.5535975], [114.113926, 22.5535534], [114.1141417, 22.5535036], [114.1142002, 22.5536303], [114.1140924, 22.5536658], [114.1140862, 22.5536516], [114.113792, 22.553737], [114.1137951, 22.553754], [114.1136965, 22.5537811], [114.1136826, 22.5537612], [114.1136256, 22.5537811], [114.1135917, 22.55369]]]]}}, {"type": "Feature", "id": "way/617561724", "properties": {"tags": {"building": "residential"}, "heightStatus": "unknown", "source": "OpenStreetMap", "license": "ODbL-1.0"}, "geometry": {"type": "MultiPolygon", "coordinates": [[[[114.1135516, 22.5534985], [114.1139944, 22.5533591], [114.1140336, 22.5534655], [114.1135908, 22.5536048], [114.1135516, 22.5534985]]]]}}, {"type": "Feature", "id": "way/617561725", "properties": {"tags": {"building": "residential"}, "heightStatus": "unknown", "source": "OpenStreetMap", "license": "ODbL-1.0"}, "geometry": {"type": "MultiPolygon", "coordinates": [[[[114.1135016, 22.5533198], [114.1137933, 22.5532335], [114.1138634, 22.5533367], [114.113775, 22.5533705], [114.1137699, 22.5533527], [114.1136784, 22.5533724], [114.1136865, 22.5533921], [114.1135839, 22.5534175], [114.1135788, 22.5534043], [114.113531, 22.5534175], [114.1135016, 22.5533198]]]]}}, {"type": "Feature", "id": "way/617561726", "properties": {"tags": {"building": "yes"}, "heightStatus": "unknown", "source": "OpenStreetMap", "license": "ODbL-1.0"}, "geometry": {"type": "MultiPolygon", "coordinates": [[[[114.1134088, 22.5530143], [114.1135864, 22.5529565], [114.113597, 22.5529845], [114.1139296, 22.5528761], [114.1139638, 22.5529657], [114.1135941, 22.5530861], [114.1136265, 22.553171], [114.1135621, 22.553192], [114.1135712, 22.5532159], [114.1135252, 22.5532309], [114.1135119, 22.5531961], [114.1134819, 22.5532058], [114.1134088, 22.5530143]]]]}}, {"type": "Feature", "id": "way/617561727", "properties": {"tags": {"building": "yes"}, "heightStatus": "unknown", "source": "OpenStreetMap", "license": "ODbL-1.0"}, "geometry": {"type": "MultiPolygon", "coordinates": [[[[114.1136761, 22.5525534], [114.1140237, 22.552468], [114.1140784, 22.5526581], [114.1140051, 22.5526761], [114.1139713, 22.5525588], [114.113849, 22.5525888], [114.1138573, 22.5526176], [114.1137053, 22.5526549], [114.1136761, 22.5525534]]]]}}, {"type": "Feature", "id": "way/617561728", "properties": {"tags": {"building": "yes"}, "heightStatus": "unknown", "source": "OpenStreetMap", "license": "ODbL-1.0"}, "geometry": {"type": "MultiPolygon", "coordinates": [[[[114.1133734, 22.5527737], [114.113378, 22.552704], [114.1134196, 22.5526997], [114.1134258, 22.5526713], [114.1134966, 22.5526798], [114.1134597, 22.5528164], [114.1134936, 22.5528335], [114.1136738, 22.5527709], [114.1137, 22.5528392], [114.1134874, 22.5529188], [114.1134489, 22.552852], [114.1133796, 22.552852], [114.1133734, 22.5527737]]]]}}, {"type": "Feature", "id": "way/617561729", "properties": {"tags": {"building": "yes"}, "heightStatus": "unknown", "source": "OpenStreetMap", "license": "ODbL-1.0"}, "geometry": {"type": "MultiPolygon", "coordinates": [[[[114.1133863, 22.5521472], [114.1136853, 22.5520578], [114.1138254, 22.5521161], [114.1138817, 22.5522466], [114.1137432, 22.5522975], [114.1137133, 22.5522282], [114.1136526, 22.5522088], [114.1134312, 22.5522751], [114.1133863, 22.5521472]]]]}}, {"type": "Feature", "id": "way/617561730", "properties": {"tags": {"building": "apartments"}, "heightStatus": "unknown", "source": "OpenStreetMap", "license": "ODbL-1.0"}, "geometry": {"type": "MultiPolygon", "coordinates": [[[[114.1133624, 22.5524015], [114.1135377, 22.5523902], [114.1135308, 22.5522998], [114.1137069, 22.5522884], [114.1137354, 22.5523462], [114.1135352, 22.5524306], [114.1135388, 22.5524976], [114.1136742, 22.5524495], [114.1137071, 22.5525286], [114.1135228, 22.5525941], [114.1133776, 22.5526034], [114.1133624, 22.5524015]]]]}}, {"type": "Feature", "id": "way/617585249", "properties": {"tags": {"building": "apartments", "building:levels": "31", "name": "万科彩园"}, "heightStatus": "levels_only_unverified", "source": "OpenStreetMap", "license": "ODbL-1.0"}, "geometry": {"type": "MultiPolygon", "coordinates": [[[[114.1154104, 22.5538795], [114.1154596, 22.5535665], [114.1155667, 22.5535836], [114.1155521, 22.5537344], [114.115586, 22.55376], [114.1158109, 22.5537429], [114.1158848, 22.5536206], [114.1156969, 22.5535267], [114.1155706, 22.5535523], [114.1155059, 22.5534897], [114.115549, 22.5534385], [114.1155706, 22.5534669], [114.1156507, 22.5534271], [114.1156722, 22.5533986], [114.1156229, 22.5533246], [114.1156938, 22.5532507], [114.1157832, 22.5533019], [114.1157862, 22.5533958], [114.1157585, 22.5534555], [114.1159064, 22.5535011], [114.1160204, 22.5533246], [114.1161929, 22.553447], [114.1160081, 22.5537657], [114.1158602, 22.5538226], [114.1158571, 22.553871], [114.1156383, 22.5538966], [114.1155891, 22.5538681], [114.1155213, 22.5538454], [114.1155028, 22.5538909], [114.1154104, 22.5538795]]]]}}, {"type": "Feature", "id": "way/617585252", "properties": {"tags": {"building": "yes"}, "heightStatus": "unknown", "source": "OpenStreetMap", "license": "ODbL-1.0"}, "geometry": {"type": "MultiPolygon", "coordinates": [[[[114.1157402, 22.5531994], [114.1158252, 22.5530799], [114.115911, 22.5531319], [114.1158719, 22.5531868], [114.1160215, 22.5532776], [114.1159756, 22.5533421], [114.1157402, 22.5531994]]]]}}, {"type": "Feature", "id": "way/617585253", "properties": {"tags": {"building": "yes"}, "heightStatus": "unknown", "source": "OpenStreetMap", "license": "ODbL-1.0"}, "geometry": {"type": "MultiPolygon", "coordinates": [[[[114.1162294, 22.5525289], [114.1163288, 22.5524032], [114.1162977, 22.5523822], [114.1163374, 22.552332], [114.1163744, 22.5523569], [114.1164213, 22.5523556], [114.1165043, 22.5524235], [114.116474, 22.5524551], [114.1164554, 22.5524399], [114.1164266, 22.55247], [114.1164495, 22.5524886], [114.1164119, 22.5525278], [114.1163771, 22.5524993], [114.1163368, 22.5525154], [114.1163144, 22.5525439], [114.1163538, 22.5525704], [114.1163325, 22.5525973], [114.1162799, 22.5525619], [114.1162624, 22.5525841], [114.1162357, 22.5525661], [114.1162526, 22.5525446], [114.1162294, 22.5525289]]]]}}, {"type": "Feature", "id": "way/617585254", "properties": {"tags": {"building": "apartments"}, "heightStatus": "unknown", "source": "OpenStreetMap", "license": "ODbL-1.0"}, "geometry": {"type": "MultiPolygon", "coordinates": [[[[114.1167639, 22.5520069], [114.1168063, 22.5518843], [114.116886, 22.5519056], [114.1169143, 22.5518173], [114.1170771, 22.5518647], [114.1170399, 22.5519399], [114.1171054, 22.5519628], [114.1170983, 22.5520004], [114.1171815, 22.5520053], [114.1172947, 22.5522193], [114.1172063, 22.552525], [114.1170824, 22.5525004], [114.1170399, 22.5524383], [114.1171195, 22.5522488], [114.1170611, 22.5521491], [114.1170753, 22.5520968], [114.1169957, 22.5520788], [114.1169709, 22.5521589], [114.116801, 22.5521131], [114.1168276, 22.5520249], [114.1167639, 22.5520069]]]]}}, {"type": "Feature", "id": "way/617585255", "properties": {"tags": {"building": "yes"}, "heightStatus": "unknown", "source": "OpenStreetMap", "license": "ODbL-1.0"}, "geometry": {"type": "MultiPolygon", "coordinates": [[[[114.1163036, 22.5526508], [114.1163963, 22.5525351], [114.1164299, 22.5525581], [114.1164432, 22.5525491], [114.1165133, 22.5525971], [114.1165036, 22.5526092], [114.1165421, 22.5526355], [114.116527, 22.5526543], [114.1165027, 22.5526377], [114.116463, 22.5526871], [114.116499, 22.5527117], [114.1164632, 22.5527563], [114.1164259, 22.5527307], [114.116412, 22.5527481], [114.116322, 22.5526865], [114.116334, 22.5526716], [114.1163036, 22.5526508]]]]}}, {"type": "Feature", "id": "way/617585256", "properties": {"tags": {"building": "yes"}, "heightStatus": "unknown", "source": "OpenStreetMap", "license": "ODbL-1.0"}, "geometry": {"type": "MultiPolygon", "coordinates": [[[[114.1161567, 22.5527993], [114.1162179, 22.5527061], [114.1163151, 22.5527606], [114.116293, 22.5527943], [114.1162513, 22.552771], [114.1162123, 22.5528305], [114.1161567, 22.5527993]]]]}}, {"type": "Feature", "id": "way/617585257", "properties": {"tags": {"building": "yes"}, "heightStatus": "unknown", "source": "OpenStreetMap", "license": "ODbL-1.0"}, "geometry": {"type": "MultiPolygon", "coordinates": [[[[114.1160773, 22.5529211], [114.11613, 22.5528428], [114.1162281, 22.552899], [114.1161655, 22.5529921], [114.1161444, 22.55298], [114.1161543, 22.5529652], [114.1160773, 22.5529211]]]]}}, {"type": "Feature", "id": "way/617585258", "properties": {"tags": {"building": "residential", "building:levels": "26", "name": "深运大厦"}, "heightStatus": "levels_only_unverified", "source": "OpenStreetMap", "license": "ODbL-1.0"}, "geometry": {"type": "MultiPolygon", "coordinates": [[[[114.1165353, 22.5529262], [114.1165505, 22.5528265], [114.1166195, 22.5528053], [114.1168208, 22.5528315], [114.116801, 22.5529608], [114.1165353, 22.5529262]]]]}}, {"type": "Feature", "id": "way/617585259", "properties": {"tags": {"building": "apartments"}, "heightStatus": "unknown", "source": "OpenStreetMap", "license": "ODbL-1.0"}, "geometry": {"type": "MultiPolygon", "coordinates": [[[[114.1170054, 22.5527569], [114.1170338, 22.5526538], [114.1171105, 22.5526719], [114.1171287, 22.5526061], [114.1171852, 22.5526195], [114.1171743, 22.5526589], [114.1171976, 22.5526644], [114.1172071, 22.5526304], [114.1172413, 22.5526385], [114.1172309, 22.5526759], [114.1173023, 22.5526928], [114.117346, 22.5525359], [114.1174495, 22.5525605], [114.1174423, 22.5525866], [114.1174636, 22.5525866], [114.1174702, 22.5525616], [114.1175438, 22.5525783], [114.1175279, 22.552638], [114.1176002, 22.5526543], [114.1175817, 22.5527239], [114.1175204, 22.5527099], [114.1175183, 22.5527175], [114.1175776, 22.5527311], [114.1175626, 22.5527867], [114.1174746, 22.5527666], [114.1174594, 22.552823], [114.1173928, 22.5528077], [114.1174097, 22.5527449], [114.1173251, 22.5527254], [114.1173187, 22.5527492], [114.1172768, 22.5527395], [114.1172369, 22.5528867], [114.1172052, 22.5528794], [114.1172132, 22.5528502], [114.1171157, 22.5528275], [114.1171096, 22.5528498], [114.1170759, 22.5528419], [114.1170936, 22.5527776], [114.1170054, 22.5527569]]]]}}, {"type": "Feature", "id": "way/617585260", "properties": {"tags": {"addr:housenumber": "226", "addr:street": "中兴路", "building": "commercial", "name": "外货集团大厦"}, "heightStatus": "unknown", "source": "OpenStreetMap", "license": "ODbL-1.0"}, "geometry": {"type": "MultiPolygon", "coordinates": [[[[114.1183918, 22.5527025], [114.1184327, 22.5526486], [114.1185051, 22.5526551], [114.1185915, 22.5526583], [114.118602, 22.552668], [114.1186627, 22.5526389], [114.1185506, 22.5524718], [114.1185868, 22.5524092], [114.1186195, 22.5523909], [114.1187012, 22.5523952], [114.1187958, 22.5525893], [114.1188904, 22.5525936], [114.1189149, 22.5526389], [114.1189184, 22.5526691], [114.1189242, 22.552681], [114.118916, 22.5527036], [114.1188717, 22.5527478], [114.1187234, 22.552723], [114.1186767, 22.5527769], [114.1187678, 22.5529149], [114.1187327, 22.5529796], [114.1187024, 22.5529947], [114.1186195, 22.5529969], [114.1185109, 22.5528006], [114.1184327, 22.5527931], [114.1183965, 22.552737], [114.1183918, 22.5527025]]]]}}, {"type": "Feature", "id": "way/617585266", "properties": {"tags": {"building": "yes"}, "heightStatus": "unknown", "source": "OpenStreetMap", "license": "ODbL-1.0"}, "geometry": {"type": "MultiPolygon", "coordinates": [[[[114.1182585, 22.5505024], [114.1186672, 22.5504857], [114.118672, 22.5505849], [114.1182632, 22.5506015], [114.1182585, 22.5505024]]]]}}, {"type": "Feature", "id": "way/617585267", "properties": {"tags": {"building": "yes"}, "heightStatus": "unknown", "source": "OpenStreetMap", "license": "ODbL-1.0"}, "geometry": {"type": "MultiPolygon", "coordinates": [[[[114.1182932, 22.5507593], [114.1186949, 22.5507331], [114.1187056, 22.5508917], [114.1183092, 22.5509129], [114.1182932, 22.5507593]]]]}}, {"type": "Feature", "id": "way/617585268", "properties": {"tags": {"building": "commercial"}, "heightStatus": "unknown", "source": "OpenStreetMap", "license": "ODbL-1.0"}, "geometry": {"type": "MultiPolygon", "coordinates": [[[[114.1183548, 22.5514413], [114.118367, 22.5513056], [114.1183712, 22.551258], [114.1185837, 22.5511351], [114.1187092, 22.5511959], [114.1187798, 22.55123], [114.1187705, 22.5514478], [114.118565, 22.5515492], [114.1183548, 22.5514413]]]]}}, {"type": "Feature", "id": "way/617585269", "properties": {"tags": {"building": "commercial"}, "heightStatus": "unknown", "source": "OpenStreetMap", "license": "ODbL-1.0"}, "geometry": {"type": "MultiPolygon", "coordinates": [[[[114.1182561, 22.5510783], [114.1183959, 22.5509917], [114.1184579, 22.5510309], [114.1185729, 22.5509623], [114.1186932, 22.5510407], [114.1187092, 22.5511959], [114.1185837, 22.5511351], [114.1183712, 22.551258], [114.118367, 22.5513056], [114.1183039, 22.5512728], [114.1182561, 22.5510783]]]]}}, {"type": "Feature", "id": "way/617585270", "properties": {"tags": {"building": "yes"}, "heightStatus": "unknown", "source": "OpenStreetMap", "license": "ODbL-1.0"}, "geometry": {"type": "MultiPolygon", "coordinates": [[[[114.1185141, 22.5516298], [114.1188928, 22.5516175], [114.1188972, 22.5517335], [114.1185185, 22.5517458], [114.1185141, 22.5516298]]]]}}, {"type": "Feature", "id": "way/617585271", "properties": {"tags": {"building": "residential"}, "heightStatus": "unknown", "source": "OpenStreetMap", "license": "ODbL-1.0"}, "geometry": {"type": "MultiPolygon", "coordinates": [[[[114.1185578, 22.5519687], [114.118956, 22.5519557], [114.1189648, 22.552106], [114.1185667, 22.5521256], [114.1185578, 22.5519687]]]]}}, {"type": "Feature", "id": "way/617585272", "properties": {"tags": {"building": "apartments"}, "heightStatus": "unknown", "source": "OpenStreetMap", "license": "ODbL-1.0"}, "geometry": {"type": "MultiPolygon", "coordinates": [[[[114.1190583, 22.5522409], [114.1190596, 22.5520503], [114.1194253, 22.5520523], [114.1194241, 22.5522414], [114.1193745, 22.5522725], [114.1192918, 22.552272], [114.1192925, 22.5521698], [114.1192276, 22.5521694], [114.1192278, 22.5521415], [114.1191632, 22.5521411], [114.119163, 22.5521721], [114.1192051, 22.5521723], [114.1192046, 22.5522417], [114.1190583, 22.5522409]]]]}}, {"type": "Feature", "id": "way/617585273", "properties": {"tags": {"building": "residential"}, "heightStatus": "unknown", "source": "OpenStreetMap", "license": "ODbL-1.0"}, "geometry": {"type": "MultiPolygon", "coordinates": [[[[114.1172699, 22.5532469], [114.1174595, 22.553156], [114.1176679, 22.5535118], [114.1174852, 22.5536098], [114.1172699, 22.5532469]]]]}}, {"type": "Feature", "id": "way/617585274", "properties": {"tags": {"building": "residential"}, "heightStatus": "unknown", "source": "OpenStreetMap", "license": "ODbL-1.0"}, "geometry": {"type": "MultiPolygon", "coordinates": [[[[114.1177288, 22.5530898], [114.1178643, 22.5530309], [114.1180631, 22.5534209], [114.1179555, 22.5534677], [114.1179384, 22.5534532], [114.1178611, 22.5534867], [114.1178152, 22.5533969], [114.1178727, 22.5533719], [114.1177288, 22.5530898]]]]}}, {"type": "Feature", "id": "way/617585275", "properties": {"tags": {"building": "residential"}, "heightStatus": "unknown", "source": "OpenStreetMap", "license": "ODbL-1.0"}, "geometry": {"type": "MultiPolygon", "coordinates": [[[[114.1175309, 22.5537301], [114.1175421, 22.5537218], [114.11772, 22.5535899], [114.1178928, 22.5537905], [114.1178578, 22.5538142], [114.1179372, 22.5539069], [114.118236, 22.553687], [114.1183668, 22.5538573], [114.1178928, 22.554211], [114.1177153, 22.5539975], [114.1177971, 22.5539371], [114.117762, 22.553894], [114.117713, 22.5539242], [114.1175309, 22.5537301]]]]}}, {"type": "Feature", "id": "way/657165582", "properties": {"tags": {"addr:housenumber": "2028", "addr:street": "深南东路", "building": "yes", "name": "罗湖商务中心", "office": "yes"}, "heightStatus": "unknown", "source": "OpenStreetMap", "license": "ODbL-1.0"}, "geometry": {"type": "MultiPolygon", "coordinates": [[[[114.1208479, 22.5475156], [114.1208867, 22.5473237], [114.1217394, 22.5474853], [114.1221669, 22.5475519], [114.1221142, 22.5478404], [114.1220824, 22.5479925], [114.1212363, 22.547588], [114.1208479, 22.5475156]]]]}}, {"type": "Feature", "id": "way/657165587", "properties": {"tags": {"addr:housenumber": "2102", "addr:street": "深南东路", "building": "yes", "name": "振华大厦", "office": "yes"}, "heightStatus": "unknown", "source": "OpenStreetMap", "license": "ODbL-1.0"}, "geometry": {"type": "MultiPolygon", "coordinates": [[[[114.117672, 22.5469399], [114.1177203, 22.5467665], [114.1180421, 22.5468706], [114.1184445, 22.5469399], [114.1184016, 22.5471233], [114.11801, 22.5470539], [114.117672, 22.5469399]]]]}}, {"type": "Feature", "id": "way/657165589", "properties": {"tags": {"addr:housenumber": "2098", "addr:street": "深南东路", "building": "yes", "name": "盛华大厦", "office": "yes"}, "heightStatus": "unknown", "source": "OpenStreetMap", "license": "ODbL-1.0"}, "geometry": {"type": "MultiPolygon", "coordinates": [[[[114.1185249, 22.5472174], [114.1185625, 22.5470192], [114.1190346, 22.5470985], [114.1189863, 22.5473016], [114.1185249, 22.5472174]]]]}}, {"type": "Feature", "id": "way/657165593", "properties": {"tags": {"building": "yes"}, "heightStatus": "unknown", "source": "OpenStreetMap", "license": "ODbL-1.0"}, "geometry": {"type": "MultiPolygon", "coordinates": [[[[114.1171463, 22.5475295], [114.1172107, 22.5472372], [114.1174896, 22.5472917], [114.1174628, 22.5473958], [114.117275, 22.5473561], [114.1172428, 22.5475444], [114.1171463, 22.5475295]]]]}}, {"type": "Feature", "id": "way/657165594", "properties": {"tags": {"building": "apartments", "name": "深圳海城公寓"}, "heightStatus": "unknown", "source": "OpenStreetMap", "license": "ODbL-1.0"}, "geometry": {"type": "MultiPolygon", "coordinates": [[[[114.1175003, 22.5475295], [114.1175754, 22.5472669], [114.1179295, 22.5473363], [114.1178705, 22.5476038], [114.1175003, 22.5475295]]]]}}, {"type": "Feature", "id": "way/657165596", "properties": {"tags": {"addr:housenumber": "2163", "addr:street": "湖贝路", "building": "apartments", "name": "东门广场"}, "heightStatus": "unknown", "source": "OpenStreetMap", "license": "ODbL-1.0"}, "geometry": {"type": "MultiPolygon", "coordinates": [[[[114.1185625, 22.54748], [114.1189541, 22.5474007], [114.1189916, 22.5475444], [114.1186, 22.5476336], [114.1185625, 22.54748]]]]}}, {"type": "Feature", "id": "way/657165598", "properties": {"tags": {"building": "yes", "name": "电信大厦", "name:en": "Telecom Building", "office": "telecommunication"}, "heightStatus": "unknown", "source": "OpenStreetMap", "license": "ODbL-1.0"}, "geometry": {"type": "MultiPolygon", "coordinates": [[[[114.1159876, 22.5469399], [114.1160627, 22.546504], [114.1167225, 22.5466179], [114.1167064, 22.5466922], [114.1169156, 22.5467319], [114.1168459, 22.5470836], [114.1166528, 22.5470489], [114.1167171, 22.5467665], [114.1161539, 22.5466675], [114.1161002, 22.5469499], [114.1159876, 22.5469399]]]]}}, {"type": "Feature", "id": "way/657165602", "properties": {"tags": {"addr:housenumber": "3016", "addr:street": "深南东路", "building": "yes", "name": "银都大厦", "office": "yes"}, "heightStatus": "unknown", "source": "OpenStreetMap", "license": "ODbL-1.0"}, "geometry": {"type": "MultiPolygon", "coordinates": [[[[114.1155086, 22.5466478], [114.1155357, 22.5465057], [114.1159155, 22.5465674], [114.1158885, 22.5467094], [114.1155086, 22.5466478]]]]}}, {"type": "Feature", "id": "way/663558696", "properties": {"tags": {"building": "retail", "name": "新白马国际服装批发城"}, "heightStatus": "unknown", "source": "OpenStreetMap", "license": "ODbL-1.0"}, "geometry": {"type": "MultiPolygon", "coordinates": [[[[114.1145819, 22.5500798], [114.115555, 22.5499094], [114.1156173, 22.5502129], [114.1146442, 22.5503835], [114.1145819, 22.5500798]]]]}}, {"type": "Feature", "id": "way/665904252", "properties": {"tags": {"addr:housenumber": "2125", "addr:street": "东门中路", "building": "residential", "layer": "1", "name": "华盛君荟名庭"}, "heightStatus": "unknown", "source": "OpenStreetMap", "license": "ODbL-1.0"}, "geometry": {"type": "MultiPolygon", "coordinates": [[[[114.1172241, 22.553212], [114.1178839, 22.5528999], [114.1181199, 22.5533903], [114.1174923, 22.5536777], [114.1172241, 22.553212]]]]}}, {"type": "Feature", "id": "way/673047310", "properties": {"tags": {"building": "commercial", "name": "鸿基大厦"}, "heightStatus": "unknown", "source": "OpenStreetMap", "license": "ODbL-1.0"}, "geometry": {"type": "MultiPolygon", "coordinates": [[[[114.1161242, 22.5473464], [114.1162563, 22.5472782], [114.1165658, 22.5473565], [114.1166092, 22.5474184], [114.1165391, 22.5477347], [114.1163361, 22.5476964], [114.1161242, 22.5473464]]]]}}, {"type": "Feature", "id": "way/761611899", "properties": {"tags": {"building": "yes"}, "heightStatus": "unknown", "source": "OpenStreetMap", "license": "ODbL-1.0"}, "geometry": {"type": "MultiPolygon", "coordinates": [[[[114.1164984, 22.5511671], [114.1165279, 22.5511524], [114.1165498, 22.5510984], [114.1165302, 22.5510667], [114.116597, 22.5510316], [114.1165908, 22.5510216], [114.1166449, 22.5509932], [114.1166695, 22.551033], [114.116727, 22.5510476], [114.1167792, 22.5510235], [114.1168472, 22.5511491], [114.1168066, 22.5511679], [114.1167858, 22.5512283], [114.1168185, 22.5512839], [114.1167559, 22.5513152], [114.1167461, 22.5513072], [114.1166799, 22.551343], [114.1166491, 22.5512945], [114.1165975, 22.5512765], [114.1165441, 22.5513032], [114.1165091, 22.5512434], [114.1165354, 22.5512303], [114.1164984, 22.5511671]]]]}}, {"type": "Feature", "id": "way/856113432", "properties": {"tags": {"building": "apartments", "name": "湖臻大厦"}, "heightStatus": "unknown", "source": "OpenStreetMap", "license": "ODbL-1.0"}, "geometry": {"type": "MultiPolygon", "coordinates": [[[[114.1201003, 22.5479632], [114.1201401, 22.5477623], [114.1208266, 22.5478723], [114.1207865, 22.5480769], [114.1201003, 22.5479632]]]]}}, {"type": "Feature", "id": "way/925545829", "properties": {"tags": {"building": "yes", "name": "旺角购物广场", "operator": "茂业百货", "shop": "department_store"}, "heightStatus": "unknown", "source": "OpenStreetMap", "license": "ODbL-1.0"}, "geometry": {"type": "MultiPolygon", "coordinates": [[[[114.1159642, 22.5489592], [114.1162507, 22.5488682], [114.1162969, 22.5488739], [114.1163308, 22.5488938], [114.1163401, 22.5489308], [114.1162785, 22.5492353], [114.1161152, 22.5492836], [114.1159642, 22.5489592]]]]}}, {"type": "Feature", "id": "way/925545830", "properties": {"tags": {"building": "yes", "name": "九龙城购物商场", "shop": "department_store"}, "heightStatus": "unknown", "source": "OpenStreetMap", "license": "ODbL-1.0"}, "geometry": {"type": "MultiPolygon", "coordinates": [[[[114.1159775, 22.5488463], [114.1160412, 22.5482382], [114.1164086, 22.5482684], [114.1164347, 22.5482788], [114.1164526, 22.5482926], [114.1164665, 22.5483107], [114.1164716, 22.548338], [114.1164675, 22.5483704], [114.1164081, 22.5486448], [114.1163972, 22.5486792], [114.1163733, 22.5487072], [114.1163456, 22.5487264], [114.1163094, 22.5487427], [114.1159775, 22.5488463]]]]}}, {"type": "Feature", "id": "way/925545833", "properties": {"tags": {"building": "retail"}, "heightStatus": "unknown", "source": "OpenStreetMap", "license": "ODbL-1.0"}, "geometry": {"type": "MultiPolygon", "coordinates": [[[[114.1150989, 22.5492592], [114.1151087, 22.5492258], [114.1151282, 22.5492116], [114.1152722, 22.5491832], [114.1154614, 22.5491459], [114.1156998, 22.5490687], [114.1158992, 22.5490069], [114.1159341, 22.5490828], [114.1159675, 22.5490804], [114.1159879, 22.5491207], [114.1159753, 22.5491308], [114.1159957, 22.5491874], [114.1159831, 22.5492004], [114.1160036, 22.5492382], [114.116024, 22.5492891], [114.1160177, 22.549303], [114.1157131, 22.549362], [114.115672, 22.54937], [114.115651, 22.5493249], [114.1152844, 22.549406], [114.1152635, 22.5494073], [114.1152425, 22.5493893], [114.1151812, 22.5493957], [114.1151491, 22.5494022], [114.1151212, 22.5493957], [114.1151129, 22.5493301], [114.1150989, 22.5492592]]]]}}, {"type": "Feature", "id": "way/1206537698", "properties": {"tags": {"building": "yes"}, "heightStatus": "unknown", "source": "OpenStreetMap", "license": "ODbL-1.0"}, "geometry": {"type": "MultiPolygon", "coordinates": [[[[114.1218864, 22.5526022], [114.1220527, 22.5525994], [114.1220545, 22.5526911], [114.1218882, 22.5526938], [114.1218864, 22.5526022]]]]}}, {"type": "Feature", "id": "relation/17013439", "properties": {"tags": {"building": "commercial"}, "heightStatus": "unknown", "source": "OpenStreetMap", "license": "ODbL-1.0"}, "geometry": {"type": "MultiPolygon", "coordinates": [[[[114.112038, 22.5467319], [114.1123216, 22.5466271], [114.1124401, 22.5465871], [114.1125702, 22.5465748], [114.1126974, 22.546575], [114.1130966, 22.546631], [114.1130799, 22.5467157], [114.1129177, 22.5468549], [114.1126912, 22.5470493], [114.1121923, 22.5470077], [114.1121957, 22.5469858], [114.1121783, 22.5469804], [114.1121618, 22.5469689], [114.1121506, 22.5469548], [114.1121333, 22.5469635], [114.112038, 22.5467319]], [[114.1122199, 22.5467651], [114.1122641, 22.5468567], [114.1126178, 22.5468876], [114.112873, 22.5466957], [114.1126928, 22.5466757], [114.1123567, 22.5467165], [114.1122199, 22.5467651]]]]}}, {"type": "Feature", "id": "way/1238849039", "properties": {"tags": {"building": "commercial"}, "heightStatus": "unknown", "source": "OpenStreetMap", "license": "ODbL-1.0"}, "geometry": {"type": "MultiPolygon", "coordinates": [[[[114.1126962, 22.5473887], [114.1138827, 22.5473423], [114.1138905, 22.5475131], [114.1136376, 22.5475503], [114.1135181, 22.547555], [114.1130888, 22.5475717], [114.1127249, 22.5475833], [114.1126962, 22.5473887]]]]}}, {"type": "Feature", "id": "way/1238849040", "properties": {"tags": {"building": "commercial"}, "heightStatus": "unknown", "source": "OpenStreetMap", "license": "ODbL-1.0"}, "geometry": {"type": "MultiPolygon", "coordinates": [[[[114.1131963, 22.5468194], [114.1132205, 22.5466596], [114.1138177, 22.5467533], [114.1137894, 22.5469113], [114.1131963, 22.5468194]]]]}}, {"type": "Feature", "id": "way/1238849041", "properties": {"tags": {"building": "commercial"}, "heightStatus": "unknown", "source": "OpenStreetMap", "license": "ODbL-1.0"}, "geometry": {"type": "MultiPolygon", "coordinates": [[[[114.1126817, 22.5472601], [114.112811, 22.5471264], [114.1128984, 22.5470815], [114.1130445, 22.5470661], [114.1130465, 22.5471498], [114.1129364, 22.5471566], [114.1127937, 22.5472607], [114.1127677, 22.547326], [114.1126863, 22.547334], [114.1126817, 22.5472601]]]]}}, {"type": "Feature", "id": "way/1238849042", "properties": {"tags": {"building": "commercial"}, "heightStatus": "unknown", "source": "OpenStreetMap", "license": "ODbL-1.0"}, "geometry": {"type": "MultiPolygon", "coordinates": [[[[114.113929, 22.5470554], [114.1141793, 22.546965], [114.1141858, 22.5469352], [114.1139508, 22.5468913], [114.1139763, 22.5467749], [114.1141524, 22.5468078], [114.1145269, 22.5468777], [114.1145015, 22.5469939], [114.1142662, 22.54695], [114.1142566, 22.5469939], [114.1142737, 22.5469878], [114.1142982, 22.5470455], [114.1139744, 22.5471625], [114.113929, 22.5470554]]]]}}, {"type": "Feature", "id": "way/1238849043", "properties": {"tags": {"building": "commercial"}, "heightStatus": "unknown", "source": "OpenStreetMap", "license": "ODbL-1.0"}, "geometry": {"type": "MultiPolygon", "coordinates": [[[[114.1139187, 22.5483816], [114.1141326, 22.5483436], [114.1143226, 22.5492545], [114.1141089, 22.5492925], [114.114075, 22.5491299], [114.1141358, 22.5491191], [114.1140663, 22.5487861], [114.1140054, 22.548797], [114.1139187, 22.5483816]]]]}}, {"type": "Feature", "id": "way/1238849044", "properties": {"tags": {"building": "commercial"}, "heightStatus": "unknown", "source": "OpenStreetMap", "license": "ODbL-1.0"}, "geometry": {"type": "MultiPolygon", "coordinates": [[[[114.1133901, 22.5489045], [114.1134769, 22.54877], [114.1136004, 22.5487474], [114.113591, 22.5487038], [114.1135621, 22.5487077], [114.1135562, 22.5486831], [114.1135038, 22.548463], [114.113882, 22.5483983], [114.1139342, 22.5486406], [114.1138497, 22.5486561], [114.1138624, 22.5487152], [114.1139022, 22.5487348], [114.11391, 22.5487719], [114.113962, 22.5487626], [114.1140564, 22.5492113], [114.1139924, 22.5492228], [114.1140068, 22.5492916], [114.1137616, 22.5493355], [114.1137598, 22.5493271], [114.11365, 22.5493466], [114.1136194, 22.5491997], [114.1134203, 22.5490669], [114.1133901, 22.5489045]]]]}}, {"type": "Feature", "id": "way/1238849045", "properties": {"tags": {"building": "commercial"}, "heightStatus": "unknown", "source": "OpenStreetMap", "license": "ODbL-1.0"}, "geometry": {"type": "MultiPolygon", "coordinates": [[[[114.1129693, 22.548694], [114.1129768, 22.5484707], [114.1131542, 22.5484758], [114.1133249, 22.5484732], [114.1133873, 22.5484696], [114.1135038, 22.548463], [114.1135562, 22.5486831], [114.1134029, 22.5486926], [114.1133311, 22.5486962], [114.1131413, 22.548699], [114.1129693, 22.548694]]]]}}, {"type": "Feature", "id": "way/1238849046", "properties": {"tags": {"building": "commercial"}, "heightStatus": "unknown", "source": "OpenStreetMap", "license": "ODbL-1.0"}, "geometry": {"type": "MultiPolygon", "coordinates": [[[[114.113165, 22.5493624], [114.1132604, 22.5492299], [114.1133469, 22.5492165], [114.1135395, 22.5493347], [114.1135488, 22.5493961], [114.1134488, 22.549535], [114.1133689, 22.5495417], [114.1131756, 22.549423], [114.113165, 22.5493624]]]]}}, {"type": "Feature", "id": "way/1238849048", "properties": {"tags": {"building": "construction"}, "heightStatus": "unknown", "source": "OpenStreetMap", "license": "ODbL-1.0"}, "geometry": {"type": "MultiPolygon", "coordinates": [[[[114.1150782, 22.547389], [114.1150995, 22.5473475], [114.1151268, 22.5473201], [114.1151753, 22.5473048], [114.115578, 22.5473726], [114.1158457, 22.5472031], [114.1161406, 22.5475553], [114.1160411, 22.547959], [114.1160376, 22.5481416], [114.1151552, 22.5480126], [114.1150983, 22.5477653], [114.1150782, 22.547389]]]]}}, {"type": "Feature", "id": "way/1238849049", "properties": {"tags": {"building": "commercial"}, "heightStatus": "unknown", "source": "OpenStreetMap", "license": "ODbL-1.0"}, "geometry": {"type": "MultiPolygon", "coordinates": [[[[114.1161113, 22.5480798], [114.1161855, 22.5477782], [114.1164391, 22.5478315], [114.1163649, 22.548133], [114.1161113, 22.5480798]]]]}}, {"type": "Feature", "id": "way/1238849050", "properties": {"tags": {"building": "yes"}, "heightStatus": "unknown", "source": "OpenStreetMap", "license": "ODbL-1.0"}, "geometry": {"type": "MultiPolygon", "coordinates": [[[[114.1152145, 22.548319], [114.1152323, 22.5481934], [114.1159377, 22.5482784], [114.1159199, 22.548404], [114.1152145, 22.548319]]]]}}, {"type": "Feature", "id": "way/1238849051", "properties": {"tags": {"building": "yes"}, "heightStatus": "unknown", "source": "OpenStreetMap", "license": "ODbL-1.0"}, "geometry": {"type": "MultiPolygon", "coordinates": [[[[114.1153127, 22.548547], [114.1153258, 22.5484539], [114.1158979, 22.548523], [114.1158847, 22.5486161], [114.1153127, 22.548547]]]]}}, {"type": "Feature", "id": "way/1238849052", "properties": {"tags": {"building": "retail"}, "heightStatus": "unknown", "source": "OpenStreetMap", "license": "ODbL-1.0"}, "geometry": {"type": "MultiPolygon", "coordinates": [[[[114.1141399, 22.547946], [114.1150202, 22.5478012], [114.1150395, 22.5479834], [114.1145806, 22.5480313], [114.1142496, 22.548138], [114.1141707, 22.5480775], [114.1141399, 22.547946]]]]}}, {"type": "Feature", "id": "way/1238849053", "properties": {"tags": {"building": "yes"}, "heightStatus": "unknown", "source": "OpenStreetMap", "license": "ODbL-1.0"}, "geometry": {"type": "MultiPolygon", "coordinates": [[[[114.1144157, 22.547501], [114.1149808, 22.5473905], [114.1150083, 22.5475107], [114.1144432, 22.5476211], [114.1144157, 22.547501]]]]}}, {"type": "Feature", "id": "way/1238849054", "properties": {"tags": {"building": "yes"}, "heightStatus": "unknown", "source": "OpenStreetMap", "license": "ODbL-1.0"}, "geometry": {"type": "MultiPolygon", "coordinates": [[[[114.11446, 22.5476827], [114.1149715, 22.5475879], [114.1149956, 22.5476984], [114.114484, 22.5477933], [114.11446, 22.5476827]]]]}}, {"type": "Feature", "id": "way/1238849055", "properties": {"tags": {"building": "retail"}, "heightStatus": "unknown", "source": "OpenStreetMap", "license": "ODbL-1.0"}, "geometry": {"type": "MultiPolygon", "coordinates": [[[[114.1145834, 22.5481906], [114.1146623, 22.5481711], [114.1147652, 22.5481533], [114.1148658, 22.548144], [114.1149682, 22.5481436], [114.1151279, 22.5481542], [114.1151482, 22.5481622], [114.1151616, 22.54818], [114.1151693, 22.5482075], [114.1151674, 22.5484012], [114.1152328, 22.5484199], [114.1152232, 22.5484919], [114.1151356, 22.5484892], [114.1149827, 22.5484483], [114.1148826, 22.5484279], [114.1147816, 22.5484154], [114.1146931, 22.5484208], [114.1146296, 22.5484323], [114.1145834, 22.5481906]]]]}}, {"type": "Feature", "id": "way/1238849056", "properties": {"tags": {"building": "retail"}, "heightStatus": "unknown", "source": "OpenStreetMap", "license": "ODbL-1.0"}, "geometry": {"type": "MultiPolygon", "coordinates": [[[[114.1146421, 22.5484981], [114.1147191, 22.5484785], [114.1148182, 22.5484714], [114.1149019, 22.5484821], [114.11505, 22.548523], [114.1152934, 22.5486136], [114.1152203, 22.5488961], [114.1146931, 22.5487691], [114.1146421, 22.5484981]]]]}}, {"type": "Feature", "id": "way/1238849057", "properties": {"tags": {"building": "yes"}, "heightStatus": "unknown", "source": "OpenStreetMap", "license": "ODbL-1.0"}, "geometry": {"type": "MultiPolygon", "coordinates": [[[[114.1152942, 22.5489489], [114.1153444, 22.5489331], [114.1153261, 22.5488837], [114.1153471, 22.5486596], [114.1154376, 22.5486668], [114.1154195, 22.5488606], [114.1154356, 22.5489043], [114.1155127, 22.5488799], [114.1154845, 22.5488039], [114.115625, 22.5487595], [114.1156532, 22.5488355], [114.1157016, 22.5488203], [114.115674, 22.548746], [114.1158061, 22.5487043], [114.1158622, 22.5488557], [114.1153227, 22.5490261], [114.1152942, 22.5489489]]]]}}, {"type": "Feature", "id": "way/1238849058", "properties": {"tags": {"building": "retail"}, "heightStatus": "unknown", "source": "OpenStreetMap", "license": "ODbL-1.0"}, "geometry": {"type": "MultiPolygon", "coordinates": [[[[114.1140055, 22.5496879], [114.1143876, 22.5496196], [114.114492, 22.5501414], [114.1141533, 22.5501995], [114.1141334, 22.550101], [114.1140805, 22.5501101], [114.1140055, 22.5496879]]]]}}, {"type": "Feature", "id": "way/1238849059", "properties": {"tags": {"building": "yes"}, "heightStatus": "unknown", "source": "OpenStreetMap", "license": "ODbL-1.0"}, "geometry": {"type": "MultiPolygon", "coordinates": [[[[114.113419, 22.5497975], [114.1139291, 22.5497259], [114.1140208, 22.5502836], [114.114368, 22.5502349], [114.1143861, 22.5503451], [114.1137543, 22.5504337], [114.1137319, 22.5502969], [114.1138139, 22.5502854], [114.1137539, 22.5499199], [114.1134462, 22.549963], [114.113419, 22.5497975]]]]}}, {"type": "Feature", "id": "way/1238849061", "properties": {"tags": {"building": "retail"}, "heightStatus": "unknown", "source": "OpenStreetMap", "license": "ODbL-1.0"}, "geometry": {"type": "MultiPolygon", "coordinates": [[[[114.1144902, 22.5496191], [114.1152008, 22.5494906], [114.1154663, 22.5496728], [114.1154942, 22.5497989], [114.1154663, 22.5498309], [114.1145696, 22.5499933], [114.1144902, 22.5496191]]]]}}, {"type": "Feature", "id": "way/1238849062", "properties": {"tags": {"building": "yes"}, "heightStatus": "unknown", "source": "OpenStreetMap", "license": "ODbL-1.0"}, "geometry": {"type": "MultiPolygon", "coordinates": [[[[114.1156311, 22.5500024], [114.1158172, 22.5499685], [114.1158521, 22.5501324], [114.115666, 22.5501663], [114.1156311, 22.5500024]]]]}}, {"type": "Feature", "id": "way/1238849063", "properties": {"tags": {"building": "yes"}, "heightStatus": "unknown", "source": "OpenStreetMap", "license": "ODbL-1.0"}, "geometry": {"type": "MultiPolygon", "coordinates": [[[[114.1155822, 22.5497419], [114.1157684, 22.5497081], [114.1158033, 22.549872], [114.1156172, 22.5499058], [114.1155822, 22.5497419]]]]}}, {"type": "Feature", "id": "way/1238849064", "properties": {"tags": {"building": "yes"}, "heightStatus": "unknown", "source": "OpenStreetMap", "license": "ODbL-1.0"}, "geometry": {"type": "MultiPolygon", "coordinates": [[[[114.1154136, 22.5494655], [114.1157191, 22.5494178], [114.1157522, 22.5495986], [114.1155467, 22.5496307], [114.1154919, 22.5495872], [114.115483, 22.5495386], [114.1154286, 22.5495471], [114.1154174, 22.5494863], [114.1154136, 22.5494655]]]]}}, {"type": "Feature", "id": "way/1238849065", "properties": {"tags": {"building": "yes"}, "heightStatus": "unknown", "source": "OpenStreetMap", "license": "ODbL-1.0"}, "geometry": {"type": "MultiPolygon", "coordinates": [[[[114.1143457, 22.5471993], [114.1145583, 22.5471571], [114.114584, 22.5472678], [114.1150062, 22.5471841], [114.1150879, 22.5472771], [114.1150346, 22.5473171], [114.1144023, 22.5474426], [114.1143457, 22.5471993]]]]}}, {"type": "Feature", "id": "way/1238849066", "properties": {"tags": {"building": "kindergarten", "name": "深圳幼儿园"}, "heightStatus": "unknown", "source": "OpenStreetMap", "license": "ODbL-1.0"}, "geometry": {"type": "MultiPolygon", "coordinates": [[[[114.1149848, 22.5507819], [114.1150406, 22.5507741], [114.1150486, 22.5508226], [114.115083, 22.5508178], [114.1150925, 22.5508753], [114.1153225, 22.5508431], [114.1153153, 22.5507988], [114.1153632, 22.5507921], [114.1153499, 22.5507112], [114.1154634, 22.5506953], [114.11549, 22.5508575], [114.1153942, 22.5508709], [114.1154022, 22.5509194], [114.114997, 22.5509761], [114.1149855, 22.5509061], [114.1150048, 22.5509034], [114.1149848, 22.5507819]]]]}}, {"type": "Feature", "id": "way/1238849067", "properties": {"tags": {"building": "yes"}, "heightStatus": "unknown", "source": "OpenStreetMap", "license": "ODbL-1.0"}, "geometry": {"type": "MultiPolygon", "coordinates": [[[[114.1140765, 22.5512254], [114.1144702, 22.551151], [114.1145169, 22.5513614], [114.1141232, 22.5514358], [114.1140765, 22.5512254]]]]}}, {"type": "Feature", "id": "way/1238849068", "properties": {"tags": {"building": "yes"}, "heightStatus": "unknown", "source": "OpenStreetMap", "license": "ODbL-1.0"}, "geometry": {"type": "MultiPolygon", "coordinates": [[[[114.1140359, 22.5508517], [114.1141762, 22.5506557], [114.1142711, 22.5506406], [114.1143112, 22.550657], [114.1143287, 22.550768], [114.114237, 22.5508905], [114.1142489, 22.5509556], [114.1143136, 22.5509455], [114.1143252, 22.5510086], [114.1140718, 22.5510481], [114.1140359, 22.5508517]]]]}}, {"type": "Feature", "id": "way/1238849069", "properties": {"tags": {"building": "retail"}, "heightStatus": "unknown", "source": "OpenStreetMap", "license": "ODbL-1.0"}, "geometry": {"type": "MultiPolygon", "coordinates": [[[[114.1143973, 22.550606], [114.1144481, 22.5506026], [114.1144967, 22.5506108], [114.1145431, 22.5506271], [114.1145862, 22.550668], [114.1146039, 22.5507037], [114.1147266, 22.5512538], [114.1147011, 22.5512569], [114.1146929, 22.551295], [114.1146749, 22.551332], [114.1146426, 22.551363], [114.114605, 22.5513773], [114.114563, 22.5513855], [114.1145399, 22.5512767], [114.1145835, 22.5512688], [114.1145969, 22.5512502], [114.114575, 22.5511461], [114.1145144, 22.5511571], [114.1145017, 22.5510973], [114.1145624, 22.5510864], [114.1145253, 22.5509102], [114.1144643, 22.5509212], [114.114438, 22.5507977], [114.1144992, 22.5507867], [114.1144834, 22.5507115], [114.114422, 22.5507225], [114.1143973, 22.550606]]]]}}, {"type": "Feature", "id": "way/1238849070", "properties": {"tags": {"building": "yes"}, "heightStatus": "unknown", "source": "OpenStreetMap", "license": "ODbL-1.0"}, "geometry": {"type": "MultiPolygon", "coordinates": [[[[114.1147399, 22.5505181], [114.1153875, 22.5504102], [114.1154169, 22.5505607], [114.1148577, 22.5506537], [114.1148661, 22.5506967], [114.1149257, 22.5506868], [114.1149483, 22.5508025], [114.1148003, 22.5508272], [114.1147399, 22.5505181]]]]}}, {"type": "Feature", "id": "way/1238849071", "properties": {"tags": {"building": "yes"}, "heightStatus": "unknown", "source": "OpenStreetMap", "license": "ODbL-1.0"}, "geometry": {"type": "MultiPolygon", "coordinates": [[[[114.1154841, 22.5506827], [114.1156702, 22.5506489], [114.1157051, 22.5508128], [114.115519, 22.5508466], [114.1154841, 22.5506827]]]]}}, {"type": "Feature", "id": "way/1238849072", "properties": {"tags": {"building": "yes"}, "heightStatus": "unknown", "source": "OpenStreetMap", "license": "ODbL-1.0"}, "geometry": {"type": "MultiPolygon", "coordinates": [[[[114.1155427, 22.5509782], [114.1157288, 22.5509444], [114.1157637, 22.5511083], [114.1155777, 22.5511421], [114.1155427, 22.5509782]]]]}}, {"type": "Feature", "id": "way/1238849073", "properties": {"tags": {"building": "yes"}, "heightStatus": "unknown", "source": "OpenStreetMap", "license": "ODbL-1.0"}, "geometry": {"type": "MultiPolygon", "coordinates": [[[[114.1156147, 22.551286], [114.1158008, 22.5512522], [114.1158358, 22.5514161], [114.1156497, 22.5514499], [114.1156147, 22.551286]]]]}}, {"type": "Feature", "id": "way/1238849074", "properties": {"tags": {"building": "yes"}, "heightStatus": "unknown", "source": "OpenStreetMap", "license": "ODbL-1.0"}, "geometry": {"type": "MultiPolygon", "coordinates": [[[[114.1148475, 22.5510921], [114.1150612, 22.5510496], [114.1151358, 22.5513695], [114.1149046, 22.5514155], [114.1148495, 22.551179], [114.114867, 22.5511755], [114.1148475, 22.5510921]]]]}}, {"type": "Feature", "id": "way/1238849075", "properties": {"tags": {"building": "yes"}, "heightStatus": "unknown", "source": "OpenStreetMap", "license": "ODbL-1.0"}, "geometry": {"type": "MultiPolygon", "coordinates": [[[[114.1149419, 22.5515329], [114.1149681, 22.5515283], [114.1149507, 22.5514435], [114.1151033, 22.5514168], [114.1151204, 22.5515], [114.1151563, 22.5514937], [114.1151854, 22.5516352], [114.1151466, 22.551642], [114.1151648, 22.5517304], [114.1150153, 22.5517567], [114.1149974, 22.5516698], [114.114971, 22.5516744], [114.1149419, 22.5515329]]]]}}, {"type": "Feature", "id": "way/1238849076", "properties": {"tags": {"building": "yes"}, "heightStatus": "unknown", "source": "OpenStreetMap", "license": "ODbL-1.0"}, "geometry": {"type": "MultiPolygon", "coordinates": [[[[114.1149928, 22.5518071], [114.1152248, 22.5517641], [114.115295, 22.5520865], [114.115063, 22.5521295], [114.1149928, 22.5518071]]]]}}, {"type": "Feature", "id": "way/1238849077", "properties": {"tags": {"building": "yes"}, "heightStatus": "unknown", "source": "OpenStreetMap", "license": "ODbL-1.0"}, "geometry": {"type": "MultiPolygon", "coordinates": [[[[114.115215, 22.5510003], [114.1154492, 22.5509566], [114.1155642, 22.5514831], [114.1153302, 22.5515267], [114.115215, 22.5510003]]]]}}, {"type": "Feature", "id": "way/1238849078", "properties": {"tags": {"building": "yes"}, "heightStatus": "unknown", "source": "OpenStreetMap", "license": "ODbL-1.0"}, "geometry": {"type": "MultiPolygon", "coordinates": [[[[114.1157609, 22.5507864], [114.1161275, 22.5507235], [114.1161459, 22.5508152], [114.1157794, 22.5508782], [114.1157609, 22.5507864]]]]}}, {"type": "Feature", "id": "way/1238849079", "properties": {"tags": {"building": "yes"}, "heightStatus": "unknown", "source": "OpenStreetMap", "license": "ODbL-1.0"}, "geometry": {"type": "MultiPolygon", "coordinates": [[[[114.1162479, 22.5508211], [114.1162901, 22.5507969], [114.1163038, 22.5507434], [114.1162757, 22.550696], [114.1164091, 22.5506286], [114.1164309, 22.5506654], [114.1164971, 22.5506823], [114.116556, 22.5506502], [114.1165922, 22.5507068], [114.1165839, 22.5507161], [114.1166251, 22.5507758], [114.1165738, 22.5508061], [114.1165562, 22.5508543], [114.1165871, 22.5509027], [114.1165237, 22.5509372], [114.1165085, 22.5509134], [114.1164415, 22.5509498], [114.1164245, 22.5509232], [114.1163653, 22.550905], [114.1163317, 22.5509242], [114.1162912, 22.5508639], [114.1162807, 22.55087], [114.1162479, 22.5508211]]]]}}, {"type": "Feature", "id": "way/1238849080", "properties": {"tags": {"building": "yes"}, "heightStatus": "unknown", "source": "OpenStreetMap", "license": "ODbL-1.0"}, "geometry": {"type": "MultiPolygon", "coordinates": [[[[114.1157984, 22.5509832], [114.1161649, 22.5509202], [114.1161834, 22.5510119], [114.1158168, 22.5510749], [114.1157984, 22.5509832]]]]}}, {"type": "Feature", "id": "way/1238849081", "properties": {"tags": {"building": "yes"}, "heightStatus": "unknown", "source": "OpenStreetMap", "license": "ODbL-1.0"}, "geometry": {"type": "MultiPolygon", "coordinates": [[[[114.1158388, 22.5511846], [114.1162053, 22.5511217], [114.1162238, 22.5512134], [114.1158572, 22.5512763], [114.1158388, 22.5511846]]]]}}, {"type": "Feature", "id": "way/1238849082", "properties": {"tags": {"building": "yes"}, "heightStatus": "unknown", "source": "OpenStreetMap", "license": "ODbL-1.0"}, "geometry": {"type": "MultiPolygon", "coordinates": [[[[114.1158827, 22.5513811], [114.1162493, 22.5513182], [114.1162677, 22.5514098], [114.1159012, 22.5514728], [114.1158827, 22.5513811]]]]}}, {"type": "Feature", "id": "way/1238849083", "properties": {"tags": {"building": "yes"}, "heightStatus": "unknown", "source": "OpenStreetMap", "license": "ODbL-1.0"}, "geometry": {"type": "MultiPolygon", "coordinates": [[[[114.1159557, 22.550528], [114.1161419, 22.5504941], [114.1161768, 22.550658], [114.1159907, 22.5506919], [114.1159557, 22.550528]]]]}}, {"type": "Feature", "id": "way/1238849084", "properties": {"tags": {"building": "yes"}, "heightStatus": "unknown", "source": "OpenStreetMap", "license": "ODbL-1.0"}, "geometry": {"type": "MultiPolygon", "coordinates": [[[[114.1157248, 22.5506036], [114.1159337, 22.5505641], [114.1159603, 22.5506842], [114.1157514, 22.5507236], [114.1157248, 22.5506036]]]]}}, {"type": "Feature", "id": "way/1238849085", "properties": {"tags": {"building": "yes"}, "heightStatus": "unknown", "source": "OpenStreetMap", "license": "ODbL-1.0"}, "geometry": {"type": "MultiPolygon", "coordinates": [[[[114.1154386, 22.5504033], [114.1160414, 22.5502959], [114.1160682, 22.5504243], [114.1156375, 22.5505011], [114.1156442, 22.5505329], [114.1155699, 22.5505462], [114.1155631, 22.5505136], [114.1154653, 22.550531], [114.1154386, 22.5504033]]]]}}, {"type": "Feature", "id": "way/1238849086", "properties": {"tags": {"building": "hospital"}, "heightStatus": "unknown", "source": "OpenStreetMap", "license": "ODbL-1.0"}, "geometry": {"type": "MultiPolygon", "coordinates": [[[[114.1161151, 22.5502676], [114.1162905, 22.550235], [114.1163203, 22.550237], [114.116346, 22.5502439], [114.116371, 22.5502568], [114.1163933, 22.5502755], [114.1164553, 22.550384], [114.1161933, 22.5504351], [114.1161808, 22.5503794], [114.1161419, 22.5503868], [114.1161151, 22.5502676]]]]}}, {"type": "Feature", "id": "way/1238849090", "properties": {"tags": {"building": "yes"}, "heightStatus": "unknown", "source": "OpenStreetMap", "license": "ODbL-1.0"}, "geometry": {"type": "MultiPolygon", "coordinates": [[[[114.1121108, 22.5500749], [114.1121354, 22.5500151], [114.1121199, 22.5500097], [114.1122002, 22.5498149], [114.1123233, 22.5498582], [114.1123037, 22.549906], [114.1123205, 22.5499636], [114.1123011, 22.5500122], [114.1125143, 22.5499941], [114.1123993, 22.5498024], [114.1125805, 22.5497096], [114.1127266, 22.549953], [114.1128077, 22.5500881], [114.1125491, 22.5502205], [114.1122866, 22.5502438], [114.112114, 22.5501832], [114.1121526, 22.5500895], [114.1121108, 22.5500749]]]]}}, {"type": "Feature", "id": "way/1238849094", "properties": {"tags": {"building": "yes"}, "heightStatus": "unknown", "source": "OpenStreetMap", "license": "ODbL-1.0"}, "geometry": {"type": "MultiPolygon", "coordinates": [[[[114.1125669, 22.5519766], [114.112573, 22.5518873], [114.1129494, 22.5519093], [114.1129433, 22.5519985], [114.1125669, 22.5519766]]]]}}, {"type": "Feature", "id": "way/1238849095", "properties": {"tags": {"building": "yes"}, "heightStatus": "unknown", "source": "OpenStreetMap", "license": "ODbL-1.0"}, "geometry": {"type": "MultiPolygon", "coordinates": [[[[114.1126189, 22.5517636], [114.1126266, 22.5516693], [114.1129693, 22.5516933], [114.1129615, 22.5517875], [114.1126189, 22.5517636]]]]}}, {"type": "Feature", "id": "way/1238849096", "properties": {"tags": {"building": "yes"}, "heightStatus": "unknown", "source": "OpenStreetMap", "license": "ODbL-1.0"}, "geometry": {"type": "MultiPolygon", "coordinates": [[[[114.1126225, 22.5515407], [114.1126302, 22.5514465], [114.1129728, 22.5514704], [114.1129651, 22.5515646], [114.1126225, 22.5515407]]]]}}, {"type": "Feature", "id": "way/1238849097", "properties": {"tags": {"building": "yes"}, "heightStatus": "unknown", "source": "OpenStreetMap", "license": "ODbL-1.0"}, "geometry": {"type": "MultiPolygon", "coordinates": [[[[114.1129982, 22.5515653], [114.1130059, 22.5514711], [114.1133485, 22.5514951], [114.1133408, 22.5515892], [114.1129982, 22.5515653]]]]}}, {"type": "Feature", "id": "way/1238849098", "properties": {"tags": {"building": "yes"}, "heightStatus": "unknown", "source": "OpenStreetMap", "license": "ODbL-1.0"}, "geometry": {"type": "MultiPolygon", "coordinates": [[[[114.1129931, 22.5517892], [114.1130008, 22.551695], [114.1133435, 22.551719], [114.1133357, 22.5518131], [114.1129931, 22.5517892]]]]}}, {"type": "Feature", "id": "way/1238849099", "properties": {"tags": {"building": "yes"}, "heightStatus": "unknown", "source": "OpenStreetMap", "license": "ODbL-1.0"}, "geometry": {"type": "MultiPolygon", "coordinates": [[[[114.1129801, 22.5520008], [114.1129871, 22.55191], [114.1131245, 22.5519189], [114.1131283, 22.5518682], [114.1133132, 22.5518802], [114.1133053, 22.5519834], [114.1131493, 22.5519732], [114.1131464, 22.5520117], [114.1129801, 22.5520008]]]]}}, {"type": "Feature", "id": "way/1238849100", "properties": {"tags": {"building": "yes"}, "heightStatus": "unknown", "source": "OpenStreetMap", "license": "ODbL-1.0"}, "geometry": {"type": "MultiPolygon", "coordinates": [[[[114.1125594, 22.5522515], [114.1125653, 22.5520812], [114.1126346, 22.5520833], [114.1126354, 22.5520603], [114.112929, 22.552069], [114.112927, 22.5521253], [114.1128632, 22.5521234], [114.1128624, 22.5521448], [114.1128237, 22.5521437], [114.1128231, 22.5521615], [114.1127861, 22.5521604], [114.1127855, 22.5521763], [114.1127512, 22.5521753], [114.1127507, 22.5521904], [114.1127158, 22.5521894], [114.1127151, 22.55221], [114.1126768, 22.5522089], [114.1126762, 22.5522248], [114.1126363, 22.5522236], [114.1126358, 22.5522382], [114.112598, 22.5522371], [114.1125974, 22.5522526], [114.1125594, 22.5522515]]]]}}, {"type": "Feature", "id": "way/1238849101", "properties": {"tags": {"building": "yes"}, "heightStatus": "unknown", "source": "OpenStreetMap", "license": "ODbL-1.0"}, "geometry": {"type": "MultiPolygon", "coordinates": [[[[114.1128704, 22.5513799], [114.1128772, 22.5512862], [114.1133379, 22.5513145], [114.1133312, 22.5514083], [114.1128704, 22.5513799]]]]}}, {"type": "Feature", "id": "way/1238849102", "properties": {"tags": {"building": "yes"}, "heightStatus": "unknown", "source": "OpenStreetMap", "license": "ODbL-1.0"}, "geometry": {"type": "MultiPolygon", "coordinates": [[[[114.1126235, 22.5513506], [114.1126314, 22.5512532], [114.1128766, 22.5512703], [114.1128687, 22.5513677], [114.1126235, 22.5513506]]]]}}, {"type": "Feature", "id": "way/1238849103", "properties": {"tags": {"building": "yes"}, "heightStatus": "unknown", "source": "OpenStreetMap", "license": "ODbL-1.0"}, "geometry": {"type": "MultiPolygon", "coordinates": [[[[114.1133872, 22.5518479], [114.1137375, 22.5517533], [114.1137669, 22.5518461], [114.1134166, 22.5519407], [114.1133872, 22.5518479]]]]}}, {"type": "Feature", "id": "way/1238849104", "properties": {"tags": {"building": "yes"}, "heightStatus": "unknown", "source": "OpenStreetMap", "license": "ODbL-1.0"}, "geometry": {"type": "MultiPolygon", "coordinates": [[[[114.1134259, 22.5514799], [114.1134534, 22.5513684], [114.1136024, 22.5513307], [114.1136803, 22.5515931], [114.1136229, 22.5516076], [114.1136304, 22.5516327], [114.1135994, 22.5516406], [114.1135892, 22.5516063], [114.1135456, 22.5516174], [114.1135196, 22.5515296], [114.1134462, 22.5515482], [114.1134259, 22.5514799]]]]}}, {"type": "Feature", "id": "way/1238849105", "properties": {"tags": {"building": "yes"}, "heightStatus": "unknown", "source": "OpenStreetMap", "license": "ODbL-1.0"}, "geometry": {"type": "MultiPolygon", "coordinates": [[[[114.1133511, 22.5516723], [114.1135284, 22.551626], [114.1135572, 22.5517202], [114.1133799, 22.5517665], [114.1133511, 22.5516723]]]]}}, {"type": "Feature", "id": "way/1238849106", "properties": {"tags": {"building": "yes"}, "heightStatus": "unknown", "source": "OpenStreetMap", "license": "ODbL-1.0"}, "geometry": {"type": "MultiPolygon", "coordinates": [[[[114.1136649, 22.5507486], [114.1139176, 22.5507009], [114.1140868, 22.5514657], [114.1138342, 22.5515134], [114.1136649, 22.5507486]]]]}}, {"type": "Feature", "id": "way/1238849107", "properties": {"tags": {"building": "yes"}, "heightStatus": "unknown", "source": "OpenStreetMap", "license": "ODbL-1.0"}, "geometry": {"type": "MultiPolygon", "coordinates": [[[[114.1138983, 22.551619], [114.1140077, 22.5515974], [114.1140719, 22.5518747], [114.1139625, 22.5518963], [114.1138983, 22.551619]]]]}}, {"type": "Feature", "id": "way/1238849108", "properties": {"tags": {"building": "yes"}, "heightStatus": "unknown", "source": "OpenStreetMap", "license": "ODbL-1.0"}, "geometry": {"type": "MultiPolygon", "coordinates": [[[[114.1140354, 22.552038], [114.1142212, 22.5519977], [114.1142445, 22.5520891], [114.1140586, 22.5521294], [114.1140354, 22.552038]]]]}}, {"type": "Feature", "id": "way/1238849109", "properties": {"tags": {"building": "yes"}, "heightStatus": "unknown", "source": "OpenStreetMap", "license": "ODbL-1.0"}, "geometry": {"type": "MultiPolygon", "coordinates": [[[[114.1142516, 22.5520007], [114.1144155, 22.5519677], [114.1144357, 22.5520536], [114.1142718, 22.5520866], [114.1142516, 22.5520007]]]]}}, {"type": "Feature", "id": "way/1238849110", "properties": {"tags": {"building": "yes"}, "heightStatus": "unknown", "source": "OpenStreetMap", "license": "ODbL-1.0"}, "geometry": {"type": "MultiPolygon", "coordinates": [[[[114.114471, 22.5519879], [114.1147912, 22.5519243], [114.1148099, 22.5520044], [114.1144897, 22.5520679], [114.114471, 22.5519879]]]]}}, {"type": "Feature", "id": "way/1238849111", "properties": {"tags": {"building": "yes"}, "heightStatus": "unknown", "source": "OpenStreetMap", "license": "ODbL-1.0"}, "geometry": {"type": "MultiPolygon", "coordinates": [[[[114.1140838, 22.5519385], [114.114087, 22.5518285], [114.1144332, 22.551837], [114.1144403, 22.5515924], [114.1145299, 22.5515946], [114.1145228, 22.5518403], [114.1145624, 22.5518413], [114.1145592, 22.5519502], [114.1140838, 22.5519385]]]]}}, {"type": "Feature", "id": "way/1238849112", "properties": {"tags": {"building": "yes"}, "heightStatus": "unknown", "source": "OpenStreetMap", "license": "ODbL-1.0"}, "geometry": {"type": "MultiPolygon", "coordinates": [[[[114.1144865, 22.5514689], [114.1146631, 22.551463], [114.1146678, 22.5515828], [114.1145776, 22.5515858], [114.1145755, 22.5515308], [114.1144891, 22.5515337], [114.1144865, 22.5514689]]]]}}, {"type": "Feature", "id": "way/1251643058", "properties": {"tags": {"building": "commercial", "name": "广深大厦"}, "heightStatus": "unknown", "source": "OpenStreetMap", "license": "ODbL-1.0"}, "geometry": {"type": "MultiPolygon", "coordinates": [[[[114.1211351, 22.5465206], [114.1212149, 22.5464683], [114.1212592, 22.5464732], [114.1212618, 22.5464536], [114.1216104, 22.5465043], [114.1216007, 22.5465312], [114.1216326, 22.5465345], [114.1216927, 22.5465988], [114.1216116, 22.5466453], [114.1215711, 22.546643], [114.1215633, 22.5466628], [114.1213913, 22.5466499], [114.1212397, 22.5466116], [114.1212418, 22.5465891], [114.1211945, 22.5465802], [114.1211351, 22.5465206]]]]}}, {"type": "Feature", "id": "way/1253641241", "properties": {"tags": {"building": "commercial", "name": "天俊外贸食出大厦"}, "heightStatus": "unknown", "source": "OpenStreetMap", "license": "ODbL-1.0"}, "geometry": {"type": "MultiPolygon", "coordinates": [[[[114.1176954, 22.5451298], [114.1177124, 22.5450618], [114.1177276, 22.545065], [114.1177364, 22.5450299], [114.1177511, 22.545033], [114.1177573, 22.5450086], [114.1177842, 22.5450144], [114.1177913, 22.5449865], [114.1178069, 22.5449898], [114.11781, 22.5449773], [114.1179593, 22.5450093], [114.1179507, 22.5450434], [114.1179655, 22.5450466], [114.1179565, 22.5450827], [114.1179764, 22.545087], [114.1179698, 22.5451133], [114.1179927, 22.5451182], [114.1179783, 22.5451757], [114.1179644, 22.5451757], [114.1179539, 22.5452176], [114.1179365, 22.5452139], [114.1179269, 22.5452522], [114.1179112, 22.5452489], [114.1179029, 22.545282], [114.117886, 22.5452784], [114.1178824, 22.5452929], [114.1177329, 22.5452609], [114.1177366, 22.5452461], [114.1177204, 22.5452426], [114.1177298, 22.5452052], [114.1177084, 22.5452007], [114.117715, 22.5451745], [114.1176969, 22.5451706], [114.1177065, 22.5451322], [114.1176954, 22.5451298]]]]}}, {"type": "Feature", "id": "way/1253641242", "properties": {"tags": {"building": "apartments", "name": "向西雍睦豪庭"}, "heightStatus": "unknown", "source": "OpenStreetMap", "license": "ODbL-1.0"}, "geometry": {"type": "MultiPolygon", "coordinates": [[[[114.1180112, 22.545579], [114.1180196, 22.5455475], [114.1183012, 22.5454001], [114.1183421, 22.5454091], [114.11835, 22.5454238], [114.1183456, 22.5454802], [114.1182775, 22.545512], [114.1183093, 22.545566], [114.1184695, 22.5455938], [114.1184886, 22.5454984], [114.1184146, 22.5454843], [114.1184279, 22.5454181], [114.1187119, 22.5454704], [114.1187031, 22.5455349], [114.1186252, 22.5455235], [114.1186208, 22.5455458], [114.1188585, 22.5455812], [114.1188809, 22.5454916], [114.1190172, 22.5455153], [114.1191503, 22.5456518], [114.1196905, 22.5457229], [114.1196746, 22.5458275], [114.1188349, 22.5457229], [114.1188472, 22.5456537], [114.1186624, 22.545627], [114.1186526, 22.5456886], [114.1181324, 22.545606], [114.1181032, 22.5455872], [114.1180598, 22.5456036], [114.118028, 22.5455929], [114.1180112, 22.545579]]]]}}, {"type": "Feature", "id": "way/1253641244", "properties": {"tags": {"building": "commercial", "name": "中建大厦"}, "heightStatus": "unknown", "source": "OpenStreetMap", "license": "ODbL-1.0"}, "geometry": {"type": "MultiPolygon", "coordinates": [[[[114.1175269, 22.5462105], [114.1176274, 22.5457305], [114.1178405, 22.5457685], [114.1178079, 22.5459239], [114.1179504, 22.5459493], [114.1178825, 22.546274], [114.1175269, 22.5462105]]]]}}, {"type": "Feature", "id": "way/1253641245", "properties": {"tags": {"building": "yes"}, "heightStatus": "unknown", "source": "OpenStreetMap", "license": "ODbL-1.0"}, "geometry": {"type": "MultiPolygon", "coordinates": [[[[114.1179209, 22.5463714], [114.1179501, 22.5462114], [114.1183813, 22.5462785], [114.1183521, 22.5464385], [114.1179209, 22.5463714]]]]}}, {"type": "Feature", "id": "way/1253641246", "properties": {"tags": {"building": "yes"}, "heightStatus": "unknown", "source": "OpenStreetMap", "license": "ODbL-1.0"}, "geometry": {"type": "MultiPolygon", "coordinates": [[[[114.1191871, 22.5460393], [114.1192066, 22.5459417], [114.1197526, 22.5460349], [114.1197326, 22.5461348], [114.1191871, 22.5460393]]]]}}, {"type": "Feature", "id": "way/1253641247", "properties": {"tags": {"building": "yes"}, "heightStatus": "unknown", "source": "OpenStreetMap", "license": "ODbL-1.0"}, "geometry": {"type": "MultiPolygon", "coordinates": [[[[114.1190843, 22.5465511], [114.1190999, 22.5464744], [114.1192527, 22.5464995], [114.1192758, 22.5463752], [114.1194149, 22.5464019], [114.1193933, 22.546526], [114.1195312, 22.546546], [114.1195645, 22.5463611], [114.1196294, 22.5463709], [114.1196089, 22.5464939], [114.1196268, 22.5464972], [114.1196115, 22.5465835], [114.1195834, 22.5465778], [114.1195726, 22.5466297], [114.1190843, 22.5465511]]]]}}, {"type": "Feature", "id": "way/1253641248", "properties": {"tags": {"building": "commercial", "name": "广东安装大厦"}, "heightStatus": "unknown", "source": "OpenStreetMap", "license": "ODbL-1.0"}, "geometry": {"type": "MultiPolygon", "coordinates": [[[[114.1199007, 22.5463919], [114.1199151, 22.5463191], [114.1199053, 22.5463174], [114.1199426, 22.5461286], [114.1199502, 22.5461299], [114.1199569, 22.5460963], [114.1202305, 22.5461425], [114.1202337, 22.5461262], [114.1205159, 22.5461739], [114.1204968, 22.5462707], [114.1200177, 22.5461897], [114.1199982, 22.546288], [114.1204816, 22.5463697], [114.1204585, 22.5464862], [114.1199007, 22.5463919]]]]}}, {"type": "Feature", "id": "way/1253641249", "properties": {"tags": {"building": "commercial"}, "heightStatus": "unknown", "source": "OpenStreetMap", "license": "ODbL-1.0"}, "geometry": {"type": "MultiPolygon", "coordinates": [[[[114.1198893, 22.5466807], [114.1199138, 22.5465409], [114.1204269, 22.5466176], [114.1204023, 22.5467575], [114.1198893, 22.5466807]]]]}}, {"type": "Feature", "id": "way/1253641250", "properties": {"tags": {"building": "commercial", "name": "外贸进出口大楼"}, "heightStatus": "unknown", "source": "OpenStreetMap", "license": "ODbL-1.0"}, "geometry": {"type": "MultiPolygon", "coordinates": [[[[114.1204609, 22.5467297], [114.1204854, 22.5465899], [114.1209984, 22.5466667], [114.1209739, 22.5468066], [114.1204609, 22.5467297]]]]}}, {"type": "Feature", "id": "way/1253641251", "properties": {"tags": {"building": "commercial"}, "heightStatus": "unknown", "source": "OpenStreetMap", "license": "ODbL-1.0"}, "geometry": {"type": "MultiPolygon", "coordinates": [[[[114.1206877, 22.5465529], [114.1207563, 22.5462165], [114.1209583, 22.5462517], [114.1208896, 22.546588], [114.1206877, 22.5465529]]]]}}, {"type": "Feature", "id": "way/1253641252", "properties": {"tags": {"building": "commercial"}, "heightStatus": "unknown", "source": "OpenStreetMap", "license": "ODbL-1.0"}, "geometry": {"type": "MultiPolygon", "coordinates": [[[[114.1205084, 22.5463401], [114.1205266, 22.546249], [114.120686, 22.5462761], [114.1206684, 22.5463642], [114.1205992, 22.5463524], [114.1205852, 22.5464225], [114.1205439, 22.5464155], [114.1205573, 22.5463484], [114.1205084, 22.5463401]]]]}}, {"type": "Feature", "id": "way/1253641257", "properties": {"tags": {"building": "apartments"}, "heightStatus": "unknown", "source": "OpenStreetMap", "license": "ODbL-1.0"}, "geometry": {"type": "MultiPolygon", "coordinates": [[[[114.1154794, 22.5455767], [114.1155112, 22.5454057], [114.1157277, 22.5454401], [114.1156959, 22.5456111], [114.1154794, 22.5455767]]]]}}, {"type": "Feature", "id": "way/1253641258", "properties": {"tags": {"building": "apartments"}, "heightStatus": "unknown", "source": "OpenStreetMap", "license": "ODbL-1.0"}, "geometry": {"type": "MultiPolygon", "coordinates": [[[[114.1159286, 22.5456436], [114.1159605, 22.5454726], [114.116177, 22.545507], [114.1161452, 22.545678], [114.1159286, 22.5456436]]]]}}, {"type": "Feature", "id": "way/1253641261", "properties": {"tags": {"building": "apartments"}, "heightStatus": "unknown", "source": "OpenStreetMap", "license": "ODbL-1.0"}, "geometry": {"type": "MultiPolygon", "coordinates": [[[[114.1160088, 22.5452814], [114.1160159, 22.545243], [114.1160716, 22.5452518], [114.1160766, 22.545225], [114.1160269, 22.5452172], [114.1160327, 22.545186], [114.1160833, 22.545194], [114.1160971, 22.5451192], [114.1161288, 22.5451242], [114.1161159, 22.5451938], [114.1161481, 22.5451988], [114.1161612, 22.5451279], [114.1162079, 22.5451353], [114.1161958, 22.5452007], [114.1162487, 22.545209], [114.1162439, 22.5452438], [114.1161923, 22.5452364], [114.1161867, 22.5452628], [114.1162486, 22.5452726], [114.1162405, 22.5453175], [114.1161863, 22.5453105], [114.1161748, 22.5453864], [114.1161209, 22.5453779], [114.1161342, 22.545303], [114.1160981, 22.5452974], [114.1160861, 22.5453677], [114.1160458, 22.5453614], [114.1160591, 22.5452893], [114.1160088, 22.5452814]]]]}}, {"type": "Feature", "id": "way/1253641264", "properties": {"tags": {"building": "commercial", "name": "金龙大厦"}, "heightStatus": "unknown", "source": "OpenStreetMap", "license": "ODbL-1.0"}, "geometry": {"type": "MultiPolygon", "coordinates": [[[[114.116822, 22.5450966], [114.116867, 22.5448494], [114.1171131, 22.5448877], [114.1170681, 22.5451348], [114.116822, 22.5450966]]]]}}, {"type": "Feature", "id": "way/1253641265", "properties": {"tags": {"building": "commercial", "name": "瑞和大厦"}, "heightStatus": "unknown", "source": "OpenStreetMap", "license": "ODbL-1.0"}, "geometry": {"type": "MultiPolygon", "coordinates": [[[[114.1157857, 22.5460603], [114.1158246, 22.545784], [114.116192, 22.5458212], [114.1161384, 22.5461247], [114.1159734, 22.5460739], [114.1157857, 22.5460603]]]]}}, {"type": "Feature", "id": "way/1253641266", "properties": {"tags": {"building": "commercial", "name": "粤海酒店", "tourism": "hotel"}, "heightStatus": "unknown", "source": "OpenStreetMap", "license": "ODbL-1.0"}, "geometry": {"type": "MultiPolygon", "coordinates": [[[[114.11528, 22.5459319], [114.1153269, 22.5456931], [114.1154803, 22.5457188], [114.1154612, 22.5458157], [114.1156015, 22.5458391], [114.1156204, 22.5457429], [114.1157789, 22.5457695], [114.1157321, 22.5460077], [114.11528, 22.5459319]]]]}}, {"type": "Feature", "id": "way/1262456851", "properties": {"tags": {"building": "apartments"}, "heightStatus": "unknown", "source": "OpenStreetMap", "license": "ODbL-1.0"}, "geometry": {"type": "MultiPolygon", "coordinates": [[[[114.1211603, 22.5451277], [114.1213203, 22.5449856], [114.1215862, 22.5452411], [114.1214261, 22.5453832], [114.1211603, 22.5451277]]]]}}, {"type": "Feature", "id": "way/1262456852", "properties": {"tags": {"building": "apartments", "name": "向西大厦"}, "heightStatus": "unknown", "source": "OpenStreetMap", "license": "ODbL-1.0"}, "geometry": {"type": "MultiPolygon", "coordinates": [[[[114.1215678, 22.5454311], [114.1216553, 22.545348], [114.1216752, 22.545367], [114.121693, 22.5453495], [114.1216501, 22.5453013], [114.121668, 22.5452868], [114.121659, 22.5452766], [114.1217277, 22.5452259], [114.1217415, 22.5452404], [114.1217599, 22.5452244], [114.1217887, 22.5452554], [114.1218284, 22.5452227], [114.1218442, 22.5452379], [114.1219261, 22.5451716], [114.1219805, 22.5452372], [114.1219006, 22.5453006], [114.1219123, 22.5453128], [114.1219484, 22.5452832], [114.1219698, 22.5453055], [114.121954, 22.5453184], [114.1219691, 22.5453341], [114.1219529, 22.5453475], [114.1219659, 22.545361], [114.1219351, 22.5453861], [114.1219511, 22.5454028], [114.1219236, 22.5454252], [114.1219483, 22.5454511], [114.1219305, 22.5454656], [114.1219617, 22.545493], [114.1218997, 22.5455465], [114.1218716, 22.5455164], [114.1218596, 22.5455261], [114.1218279, 22.5454927], [114.1218124, 22.5455053], [114.1217965, 22.5454884], [114.1217687, 22.5455108], [114.1217528, 22.5454939], [114.1217372, 22.5455063], [114.1217183, 22.545486], [114.1217074, 22.5454947], [114.1216999, 22.5454866], [114.1217367, 22.5454574], [114.1217043, 22.5454226], [114.1216212, 22.5454885], [114.1215678, 22.5454311]]]]}}, {"type": "Feature", "id": "way/1262456853", "properties": {"tags": {"building": "apartments", "name": "南华楼"}, "heightStatus": "unknown", "source": "OpenStreetMap", "license": "ODbL-1.0"}, "geometry": {"type": "MultiPolygon", "coordinates": [[[[114.1210711, 22.5461014], [114.1210868, 22.5460276], [114.1211242, 22.5460344], [114.1211433, 22.545945], [114.1211791, 22.5459515], [114.121182, 22.5459377], [114.1212797, 22.5459555], [114.121277, 22.5459677], [114.1213133, 22.5459744], [114.1213166, 22.5459588], [114.1214163, 22.5459771], [114.1214133, 22.5459907], [114.1214473, 22.5459969], [114.1214349, 22.5460547], [114.1213473, 22.5460386], [114.1213407, 22.5460695], [114.1214728, 22.5460939], [114.1214566, 22.5461693], [114.1214153, 22.5461617], [114.1214184, 22.5461473], [114.1213876, 22.5461416], [114.1213842, 22.5461575], [114.1213008, 22.5461422], [114.121304, 22.5461274], [114.1212196, 22.546112], [114.1212164, 22.5461265], [114.1211415, 22.5461128], [114.121144, 22.5461014], [114.1211099, 22.5460951], [114.1211071, 22.546108], [114.1210711, 22.5461014]]]]}}, {"type": "Feature", "id": "way/1262456854", "properties": {"tags": {"building": "commercial", "layer": "2"}, "heightStatus": "unknown", "source": "OpenStreetMap", "license": "ODbL-1.0"}, "geometry": {"type": "MultiPolygon", "coordinates": [[[[114.1215389, 22.5461481], [114.1215594, 22.5460628], [114.1218467, 22.5461217], [114.1218369, 22.5461677], [114.1218267, 22.5462098], [114.1217894, 22.5462021], [114.1217858, 22.5462169], [114.1217393, 22.5462072], [114.1217433, 22.5461908], [114.1216884, 22.5461795], [114.121683, 22.5462015], [114.1216283, 22.5461902], [114.1216335, 22.5461684], [114.1216198, 22.5461656], [114.1216149, 22.5461857], [114.1215695, 22.5461763], [114.1215746, 22.5461554], [114.1215389, 22.5461481]]]]}}, {"type": "Feature", "id": "way/1262456855", "properties": {"tags": {"building": "commercial", "layer": "2"}, "heightStatus": "unknown", "source": "OpenStreetMap", "license": "ODbL-1.0"}, "geometry": {"type": "MultiPolygon", "coordinates": [[[[114.1215825, 22.5459348], [114.1216021, 22.545852], [114.1218903, 22.5459088], [114.1218793, 22.5459565], [114.1218704, 22.5459948], [114.1217848, 22.5459779], [114.1217803, 22.5459972], [114.1217337, 22.5459879], [114.1217385, 22.5459673], [114.1217164, 22.5459629], [114.1217115, 22.5459838], [114.1216743, 22.5459764], [114.1216794, 22.5459549], [114.1216597, 22.545951], [114.121655, 22.5459712], [114.1216134, 22.5459628], [114.1216184, 22.545942], [114.1215825, 22.5459348]]]]}}, {"type": "Feature", "id": "way/1262456856", "properties": {"tags": {"building": "commercial", "layer": "2"}, "heightStatus": "unknown", "source": "OpenStreetMap", "license": "ODbL-1.0"}, "geometry": {"type": "MultiPolygon", "coordinates": [[[[114.1216003, 22.5458014], [114.12162, 22.5457159], [114.1219106, 22.5457708], [114.1218986, 22.5458223], [114.1218897, 22.5458607], [114.1218042, 22.5458438], [114.1217997, 22.5458631], [114.1217527, 22.5458539], [114.1217575, 22.5458333], [114.1217359, 22.545829], [114.1217311, 22.54585], [114.121693, 22.5458425], [114.121698, 22.5458211], [114.1216795, 22.5458175], [114.1216748, 22.5458378], [114.1216316, 22.5458293], [114.1216364, 22.5458085], [114.1216003, 22.5458014]]]]}}, {"type": "Feature", "id": "way/1262456857", "properties": {"tags": {"building": "yes", "layer": "1"}, "heightStatus": "unknown", "source": "OpenStreetMap", "license": "ODbL-1.0"}, "geometry": {"type": "MultiPolygon", "coordinates": [[[[114.1215284, 22.546159], [114.121552, 22.546054], [114.121833, 22.5461085], [114.1218394, 22.5460771], [114.1217987, 22.5460723], [114.1218086, 22.5460071], [114.1215698, 22.5459583], [114.1215922, 22.5458428], [114.1218259, 22.545886], [114.121832, 22.5458654], [114.1215952, 22.5458156], [114.1216328, 22.545672], [114.121875, 22.5457192], [114.121912, 22.5457264], [114.1219056, 22.545754], [114.121946, 22.5457806], [114.1219347, 22.5458294], [114.1218986, 22.5458223], [114.1218897, 22.5458607], [114.1218843, 22.5458882], [114.1219266, 22.5459148], [114.1219153, 22.5459636], [114.1218793, 22.5459565], [114.1218704, 22.5459948], [114.1219076, 22.5460077], [114.1218966, 22.546078], [114.1218736, 22.5460771], [114.12187, 22.5460976], [114.121885, 22.5461269], [114.1218733, 22.5461752], [114.1218369, 22.5461677], [114.1218263, 22.5462179], [114.1215284, 22.546159]]]]}}, {"type": "Feature", "id": "way/1266417134", "properties": {"tags": {"building": "apartments", "building:levels": "33", "name": "B栋", "name:en": "Block B", "name:zh": "B栋"}, "heightStatus": "levels_only_unverified", "source": "OpenStreetMap", "license": "ODbL-1.0"}, "geometry": {"type": "MultiPolygon", "coordinates": [[[[114.1204878, 22.5537762], [114.1206602, 22.5537346], [114.1207782, 22.5541519], [114.1206057, 22.5541935], [114.1204878, 22.5537762]]]]}}, {"type": "Feature", "id": "way/1266417135", "properties": {"tags": {"building": "apartments", "building:levels": "32", "name": "A栋", "name:en": "Block A", "name:zh": "A栋"}, "heightStatus": "levels_only_unverified", "source": "OpenStreetMap", "license": "ODbL-1.0"}, "geometry": {"type": "MultiPolygon", "coordinates": [[[[114.1199889, 22.5538333], [114.1203818, 22.5537253], [114.120433, 22.5538843], [114.1200402, 22.5539923], [114.1199889, 22.5538333]]]]}}, {"type": "Feature", "id": "way/1266417136", "properties": {"tags": {"building": "yes", "name": "黎明大楼"}, "heightStatus": "unknown", "source": "OpenStreetMap", "license": "ODbL-1.0"}, "geometry": {"type": "MultiPolygon", "coordinates": [[[[114.1193994, 22.5531086], [114.1196095, 22.5529987], [114.1203567, 22.5529447], [114.1203824, 22.5531647], [114.1196142, 22.5532208], [114.1195138, 22.5532855], [114.1193994, 22.5531086]]]]}}, {"type": "Feature", "id": "way/1266417148", "properties": {"tags": {"building": "apartments", "building:levels": "33", "layer": "2"}, "heightStatus": "levels_only_unverified", "source": "OpenStreetMap", "license": "ODbL-1.0"}, "geometry": {"type": "MultiPolygon", "coordinates": [[[[114.1211607, 22.552391], [114.1212131, 22.5522698], [114.1214507, 22.5523606], [114.1214459, 22.552265], [114.1217671, 22.5522508], [114.1217755, 22.5524117], [114.1214923, 22.5524115], [114.1214534, 22.5525025], [114.1211607, 22.552391]]]]}}, {"type": "Feature", "id": "way/1266417149", "properties": {"tags": {"building": "yes", "building:levels": "3", "layer": "1"}, "heightStatus": "levels_only_unverified", "source": "OpenStreetMap", "license": "ODbL-1.0"}, "geometry": {"type": "MultiPolygon", "coordinates": [[[[114.1211328, 22.5522601], [114.1220238, 22.5522079], [114.12209, 22.5522288], [114.1221126, 22.5522651], [114.1221095, 22.5524049], [114.1220391, 22.552415], [114.1220411, 22.5524596], [114.1211501, 22.5525119], [114.1211328, 22.5522601]]]]}}, {"type": "Feature", "id": "way/1266417163", "properties": {"tags": {"building": "apartments", "building:levels": "24", "name": "华隆园"}, "heightStatus": "levels_only_unverified", "source": "OpenStreetMap", "license": "ODbL-1.0"}, "geometry": {"type": "MultiPolygon", "coordinates": [[[[114.1214514, 22.5527793], [114.1214671, 22.5527128], [114.1217194, 22.5527635], [114.1217168, 22.5527746], [114.1217928, 22.5527899], [114.1217982, 22.5527812], [114.1218642, 22.5527966], [114.1218695, 22.552777], [114.121911, 22.5527867], [114.1219065, 22.5528034], [114.1219595, 22.5528157], [114.1219494, 22.5528529], [114.1219845, 22.552861], [114.1219942, 22.552825], [114.1220133, 22.5528294], [114.1220084, 22.5528479], [114.1220237, 22.5528514], [114.1220207, 22.5528626], [114.1220478, 22.5528687], [114.1220522, 22.5528518], [114.1220855, 22.5528593], [114.1220834, 22.5528673], [114.1221069, 22.5528724], [114.1221033, 22.5528861], [114.1221327, 22.5528925], [114.1221261, 22.5529188], [114.1221599, 22.5529261], [114.1221572, 22.5529368], [114.1221898, 22.5529437], [114.1221418, 22.5531372], [114.1221593, 22.5531409], [114.1221433, 22.5532065], [114.1219574, 22.5531677], [114.1219711, 22.5531114], [114.1220075, 22.553119], [114.1220455, 22.5529626], [114.1219421, 22.5529412], [114.1219365, 22.5529645], [114.1217538, 22.5529269], [114.121757, 22.5529135], [114.1217129, 22.5529045], [114.1217168, 22.5528882], [114.1216967, 22.5528841], [114.1216928, 22.5529008], [114.1216326, 22.5528887], [114.1216274, 22.5529105], [114.1216512, 22.5529153], [114.1216234, 22.5530329], [114.1215484, 22.5530178], [114.1215674, 22.5529375], [114.1214758, 22.5529191], [114.1214996, 22.5528182], [114.1215498, 22.5528283], [114.1215563, 22.5528004], [114.1214514, 22.5527793]]]]}}, {"type": "Feature", "id": "way/1271100625", "properties": {"tags": {"addr:city": "深圳市", "addr:district": "罗湖区", "addr:housenumber": "2002", "addr:province": "广东省", "addr:street": "东门中路", "building": "office", "building:levels": "18", "name": "江南大厦"}, "heightStatus": "levels_only_unverified", "source": "OpenStreetMap", "license": "ODbL-1.0"}, "geometry": {"type": "MultiPolygon", "coordinates": [[[[114.1166853, 22.5490852], [114.1169455, 22.5491415], [114.1170857, 22.5496033], [114.1166934, 22.5496108], [114.1166853, 22.5490852]]]]}}, {"type": "Feature", "id": "way/1271100626", "properties": {"tags": {"addr:city": "深圳市", "addr:district": "罗湖区", "addr:housenumber": "2020", "addr:province": "广东省", "addr:street": "东门中路", "building": "office", "building:levels": "15", "name": "东门金融大厦"}, "heightStatus": "levels_only_unverified", "source": "OpenStreetMap", "license": "ODbL-1.0"}, "geometry": {"type": "MultiPolygon", "coordinates": [[[[114.1167495, 22.549703], [114.1170201, 22.5496868], [114.1170248, 22.5497534], [114.1169844, 22.5497558], [114.1169898, 22.5498328], [114.1170296, 22.5498304], [114.1170316, 22.5498598], [114.1169868, 22.5498625], [114.1169896, 22.5499025], [114.1167645, 22.5499159], [114.1167495, 22.549703]]]]}}, {"type": "Feature", "id": "way/1271100627", "properties": {"tags": {"addr:city": "深圳市", "addr:district": "罗湖区", "addr:housenumber": "2216", "addr:province": "广东省", "addr:street": "东门中路", "building": "office", "building:levels": "28", "name": "华佳大厦"}, "heightStatus": "levels_only_unverified", "source": "OpenStreetMap", "license": "ODbL-1.0"}, "geometry": {"type": "MultiPolygon", "coordinates": [[[[114.1169599, 22.5484779], [114.1169774, 22.5484207], [114.1170077, 22.5483852], [114.1170253, 22.5483819], [114.1170293, 22.5483451], [114.1175973, 22.5482587], [114.1176358, 22.5484892], [114.1170627, 22.548586], [114.1170519, 22.5485447], [114.1169704, 22.5485318], [114.1169599, 22.5484779]]]]}}, {"type": "Feature", "id": "way/1271100628", "properties": {"tags": {"building": "yes"}, "heightStatus": "unknown", "source": "OpenStreetMap", "license": "ODbL-1.0"}, "geometry": {"type": "MultiPolygon", "coordinates": [[[[114.1171105, 22.5487307], [114.117729, 22.5485948], [114.1177655, 22.5487367], [114.1176648, 22.5487589], [114.1176462, 22.5486869], [114.1175704, 22.5487036], [114.1175884, 22.5487736], [114.117474, 22.5487987], [114.1174574, 22.5487339], [114.1174014, 22.5487462], [114.117419, 22.5488149], [114.1172501, 22.548852], [114.1172349, 22.5487932], [114.117206, 22.5487996], [114.1172211, 22.5488583], [114.1171476, 22.5488745], [114.1171105, 22.5487307]]]]}}, {"type": "Feature", "id": "way/1271100629", "properties": {"tags": {"building": "yes"}, "heightStatus": "unknown", "source": "OpenStreetMap", "license": "ODbL-1.0"}, "geometry": {"type": "MultiPolygon", "coordinates": [[[[114.1172198, 22.5491491], [114.1176829, 22.5490636], [114.117701, 22.5491472], [114.1172379, 22.5492328], [114.1172198, 22.5491491]]]]}}, {"type": "Feature", "id": "way/1271100630", "properties": {"tags": {"building": "yes", "name": "兴华广场"}, "heightStatus": "unknown", "source": "OpenStreetMap", "license": "ODbL-1.0"}, "geometry": {"type": "MultiPolygon", "coordinates": [[[[114.1171619, 22.5489555], [114.1177987, 22.5488304], [114.1178155, 22.5489033], [114.1171787, 22.5490286], [114.1171619, 22.5489555]]]]}}, {"type": "Feature", "id": "way/1271100631", "properties": {"tags": {"building": "yes"}, "heightStatus": "unknown", "source": "OpenStreetMap", "license": "ODbL-1.0"}, "geometry": {"type": "MultiPolygon", "coordinates": [[[[114.1177389, 22.5489936], [114.117819, 22.54898], [114.117835, 22.5490607], [114.117755, 22.5490743], [114.1177389, 22.5489936]]]]}}, {"type": "Feature", "id": "way/1271100632", "properties": {"tags": {"building": "yes"}, "heightStatus": "unknown", "source": "OpenStreetMap", "license": "ODbL-1.0"}, "geometry": {"type": "MultiPolygon", "coordinates": [[[[114.1172996, 22.5494685], [114.1177747, 22.5493814], [114.1177949, 22.5494753], [114.1173198, 22.5495625], [114.1172996, 22.5494685]]]]}}, {"type": "Feature", "id": "way/1271100633", "properties": {"tags": {"building": "yes"}, "heightStatus": "unknown", "source": "OpenStreetMap", "license": "ODbL-1.0"}, "geometry": {"type": "MultiPolygon", "coordinates": [[[[114.1173514, 22.5496492], [114.1178466, 22.5495613], [114.117881, 22.5497262], [114.1174377, 22.5498049], [114.1174228, 22.5497333], [114.1173709, 22.5497425], [114.1173514, 22.5496492]]]]}}, {"type": "Feature", "id": "way/1271100634", "properties": {"tags": {"building": "retail", "building:levels": "10", "name": "东门布料窗帘广场", "name:en": "East Gate Buliao Curtain Square"}, "heightStatus": "levels_only_unverified", "source": "OpenStreetMap", "license": "ODbL-1.0"}, "geometry": {"type": "MultiPolygon", "coordinates": [[[[114.1178662, 22.5481334], [114.1182364, 22.5480922], [114.1182595, 22.5482695], [114.1178893, 22.5483107], [114.1178662, 22.5481334]]]]}}, {"type": "Feature", "id": "way/1271100635", "properties": {"tags": {"building": "retail"}, "heightStatus": "unknown", "source": "OpenStreetMap", "license": "ODbL-1.0"}, "geometry": {"type": "MultiPolygon", "coordinates": [[[[114.1179255, 22.5483677], [114.1182713, 22.5483258], [114.1182915, 22.548468], [114.1179456, 22.5485098], [114.1179255, 22.5483677]]]]}}, {"type": "Feature", "id": "way/1271100636", "properties": {"tags": {"building": "yes", "building:levels": "15", "name": "丽苑酒店", "name:en": "Lee Garden Inn", "name:zh": "丽苑酒店"}, "heightStatus": "levels_only_unverified", "source": "OpenStreetMap", "license": "ODbL-1.0"}, "geometry": {"type": "MultiPolygon", "coordinates": [[[[114.1168456, 22.5501877], [114.1168916, 22.5501011], [114.1171836, 22.5500619], [114.1172562, 22.550294], [114.1169925, 22.5504345], [114.1168456, 22.5501877]]]]}}, {"type": "Feature", "id": "way/1271100637", "properties": {"tags": {"building": "yes"}, "heightStatus": "unknown", "source": "OpenStreetMap", "license": "ODbL-1.0"}, "geometry": {"type": "MultiPolygon", "coordinates": [[[[114.1170009, 22.5504778], [114.1172143, 22.5503688], [114.1172847, 22.5504864], [114.1170714, 22.5505954], [114.1170009, 22.5504778]]]]}}, {"type": "Feature", "id": "way/1271100638", "properties": {"tags": {"building": "residential"}, "heightStatus": "unknown", "source": "OpenStreetMap", "license": "ODbL-1.0"}, "geometry": {"type": "MultiPolygon", "coordinates": [[[[114.1175535, 22.5499988], [114.1178832, 22.5499403], [114.117901, 22.5500254], [114.1178662, 22.5500316], [114.1178686, 22.5500432], [114.1178187, 22.5500521], [114.1178162, 22.55004], [114.1177857, 22.5500455], [114.1177881, 22.5500568], [114.1177629, 22.5500613], [114.1177603, 22.5500488], [114.1176952, 22.5500604], [114.1176974, 22.550071], [114.1176649, 22.5500768], [114.1176626, 22.5500654], [114.1176311, 22.550071], [114.1176335, 22.5500825], [114.1176103, 22.5500866], [114.1176081, 22.5500761], [114.117571, 22.5500827], [114.1175535, 22.5499988]]]]}}, {"type": "Feature", "id": "way/1271100639", "properties": {"tags": {"building": "residential"}, "heightStatus": "unknown", "source": "OpenStreetMap", "license": "ODbL-1.0"}, "geometry": {"type": "MultiPolygon", "coordinates": [[[[114.1175897, 22.5502057], [114.1179194, 22.5501471], [114.1179372, 22.5502323], [114.1179024, 22.5502384], [114.1179048, 22.55025], [114.1178549, 22.5502589], [114.1178524, 22.5502469], [114.1178219, 22.5502523], [114.1178243, 22.5502637], [114.1177991, 22.5502682], [114.1177965, 22.5502557], [114.1177314, 22.5502673], [114.1177336, 22.5502778], [114.1177012, 22.5502836], [114.1176988, 22.5502722], [114.1176673, 22.5502778], [114.1176697, 22.5502893], [114.1176465, 22.5502935], [114.1176443, 22.550283], [114.1176072, 22.5502896], [114.1175897, 22.5502057]]]]}}, {"type": "Feature", "id": "way/1271100640", "properties": {"tags": {"building": "residential"}, "heightStatus": "unknown", "source": "OpenStreetMap", "license": "ODbL-1.0"}, "geometry": {"type": "MultiPolygon", "coordinates": [[[[114.1195338, 22.5500531], [114.1195355, 22.549933], [114.1198664, 22.5499371], [114.1198646, 22.5500573], [114.1195338, 22.5500531]]]]}}, {"type": "Feature", "id": "way/1271100641", "properties": {"tags": {"building": "residential"}, "heightStatus": "unknown", "source": "OpenStreetMap", "license": "ODbL-1.0"}, "geometry": {"type": "MultiPolygon", "coordinates": [[[[114.1193179, 22.5500511], [114.1195121, 22.5500379], [114.1195238, 22.5501844], [114.1194502, 22.5501895], [114.1194626, 22.5503439], [114.1193824, 22.5503494], [114.1193797, 22.5503155], [114.1193392, 22.5503182], [114.1193179, 22.5500511]]]]}}, {"type": "Feature", "id": "way/1271100644", "properties": {"tags": {"building": "residential"}, "heightStatus": "unknown", "source": "OpenStreetMap", "license": "ODbL-1.0"}, "geometry": {"type": "MultiPolygon", "coordinates": [[[[114.1194079, 22.5513228], [114.1197558, 22.5513208], [114.1197568, 22.5514603], [114.119692, 22.5514607], [114.1196917, 22.5514177], [114.1194086, 22.5514194], [114.1194079, 22.5513228]]]]}}, {"type": "Feature", "id": "way/1271100645", "properties": {"tags": {"building": "residential"}, "heightStatus": "unknown", "source": "OpenStreetMap", "license": "ODbL-1.0"}, "geometry": {"type": "MultiPolygon", "coordinates": [[[[114.1190102, 22.5516462], [114.1192981, 22.5516358], [114.1193066, 22.5518331], [114.1192043, 22.5518368], [114.1192016, 22.5517722], [114.1190159, 22.5517789], [114.1190102, 22.5516462]]]]}}, {"type": "Feature", "id": "way/1271100646", "properties": {"tags": {"building": "residential"}, "heightStatus": "unknown", "source": "OpenStreetMap", "license": "ODbL-1.0"}, "geometry": {"type": "MultiPolygon", "coordinates": [[[[114.1193404, 22.5515966], [114.1194383, 22.5515934], [114.1194413, 22.5516712], [114.1193433, 22.5516744], [114.1193404, 22.5515966]]]]}}, {"type": "Feature", "id": "way/1271100647", "properties": {"tags": {"building": "residential"}, "heightStatus": "unknown", "source": "OpenStreetMap", "license": "ODbL-1.0"}, "geometry": {"type": "MultiPolygon", "coordinates": [[[[114.1194489, 22.5515932], [114.1195592, 22.5515886], [114.1195623, 22.5516515], [114.119452, 22.5516562], [114.1194489, 22.5515932]]]]}}, {"type": "Feature", "id": "way/1271100648", "properties": {"tags": {"building": "residential"}, "heightStatus": "unknown", "source": "OpenStreetMap", "license": "ODbL-1.0"}, "geometry": {"type": "MultiPolygon", "coordinates": [[[[114.1195707, 22.5515873], [114.1196729, 22.551586], [114.1196738, 22.5516512], [114.1195717, 22.5516525], [114.1195707, 22.5515873]]]]}}, {"type": "Feature", "id": "way/1271100649", "properties": {"tags": {"building": "residential"}, "heightStatus": "unknown", "source": "OpenStreetMap", "license": "ODbL-1.0"}, "geometry": {"type": "MultiPolygon", "coordinates": [[[[114.1196299, 22.5516941], [114.1197349, 22.5516937], [114.1197353, 22.5517661], [114.1196303, 22.5517665], [114.1196299, 22.5516941]]]]}}, {"type": "Feature", "id": "way/1271100650", "properties": {"tags": {"building": "residential"}, "heightStatus": "unknown", "source": "OpenStreetMap", "license": "ODbL-1.0"}, "geometry": {"type": "MultiPolygon", "coordinates": [[[[114.1196362, 22.551791], [114.1197389, 22.551791], [114.1197389, 22.5518886], [114.1196362, 22.5518886], [114.1196362, 22.551791]]]]}}, {"type": "Feature", "id": "way/1271100651", "properties": {"tags": {"building": "residential"}, "heightStatus": "unknown", "source": "OpenStreetMap", "license": "ODbL-1.0"}, "geometry": {"type": "MultiPolygon", "coordinates": [[[[114.1193457, 22.5517937], [114.1194513, 22.551789], [114.1194568, 22.5518956], [114.1193513, 22.5519003], [114.1193457, 22.5517937]]]]}}, {"type": "Feature", "id": "way/1271100652", "properties": {"tags": {"building": "residential"}, "heightStatus": "unknown", "source": "OpenStreetMap", "license": "ODbL-1.0"}, "geometry": {"type": "MultiPolygon", "coordinates": [[[[114.1195295, 22.5516924], [114.119619, 22.5516915], [114.11962, 22.5517731], [114.1195305, 22.551774], [114.1195295, 22.5516924]]]]}}, {"type": "Feature", "id": "way/1271100653", "properties": {"tags": {"building": "residential"}, "heightStatus": "unknown", "source": "OpenStreetMap", "license": "ODbL-1.0"}, "geometry": {"type": "MultiPolygon", "coordinates": [[[[114.1194359, 22.5516886], [114.1195172, 22.5516879], [114.119518, 22.5517757], [114.1194367, 22.5517763], [114.1194359, 22.5516886]]]]}}, {"type": "Feature", "id": "way/1271100654", "properties": {"tags": {"building": "residential"}, "heightStatus": "unknown", "source": "OpenStreetMap", "license": "ODbL-1.0"}, "geometry": {"type": "MultiPolygon", "coordinates": [[[[114.1193398, 22.5516955], [114.1194282, 22.551695], [114.1194287, 22.5517739], [114.1193403, 22.5517744], [114.1193398, 22.5516955]]]]}}, {"type": "Feature", "id": "way/1271100655", "properties": {"tags": {"building": "residential"}, "heightStatus": "unknown", "source": "OpenStreetMap", "license": "ODbL-1.0"}, "geometry": {"type": "MultiPolygon", "coordinates": [[[[114.11938, 22.5511045], [114.119445, 22.5511016], [114.1194428, 22.5510604], [114.1194269, 22.5510612], [114.1194244, 22.5510137], [114.1194499, 22.5510125], [114.1194496, 22.5510073], [114.1194941, 22.5510053], [114.1194944, 22.5510119], [114.1195195, 22.5510108], [114.1195217, 22.55106], [114.1195102, 22.5510605], [114.1195119, 22.5510907], [114.1195715, 22.5510881], [114.1195694, 22.5510484], [114.1199014, 22.5510338], [114.1199033, 22.5510704], [114.1199648, 22.5510677], [114.1199605, 22.5509849], [114.1199699, 22.5509845], [114.1199695, 22.5509766], [114.1200203, 22.5509743], [114.1200207, 22.550982], [114.1200433, 22.5509809], [114.1200476, 22.5510615], [114.120098, 22.5510592], [114.1201023, 22.5511395], [114.1193836, 22.5511722], [114.11938, 22.5511045]]]]}}, {"type": "Feature", "id": "way/1271100656", "properties": {"tags": {"building": "office", "building:levels": "21", "name": "东方大厦"}, "heightStatus": "levels_only_unverified", "source": "OpenStreetMap", "license": "ODbL-1.0"}, "geometry": {"type": "MultiPolygon", "coordinates": [[[[114.1192451, 22.5538044], [114.1193824, 22.553737], [114.1195905, 22.5540984], [114.1194531, 22.5541658], [114.1192451, 22.5538044]]]]}}, {"type": "Feature", "id": "way/1271100657", "properties": {"tags": {"building": "yes"}, "heightStatus": "unknown", "source": "OpenStreetMap", "license": "ODbL-1.0"}, "geometry": {"type": "MultiPolygon", "coordinates": [[[[114.1193901, 22.5537384], [114.1196228, 22.5536243], [114.1196755, 22.553716], [114.1194428, 22.5538301], [114.1193901, 22.5537384]]]]}}, {"type": "Feature", "id": "way/1271100659", "properties": {"tags": {"building": "yes"}, "heightStatus": "unknown", "source": "OpenStreetMap", "license": "ODbL-1.0"}, "geometry": {"type": "MultiPolygon", "coordinates": [[[[114.119999, 22.5534824], [114.1203452, 22.5534115], [114.1203496, 22.5534298], [114.1204303, 22.5534133], [114.1204594, 22.5535345], [114.1200325, 22.5536218], [114.119999, 22.5534824]]]]}}, {"type": "Feature", "id": "way/1271100660", "properties": {"tags": {"building": "yes"}, "heightStatus": "unknown", "source": "OpenStreetMap", "license": "ODbL-1.0"}, "geometry": {"type": "MultiPolygon", "coordinates": [[[[114.1197688, 22.5535389], [114.1198621, 22.5535062], [114.1199447, 22.5537072], [114.1198514, 22.5537399], [114.1197688, 22.5535389]]]]}}, {"type": "Feature", "id": "way/1271100661", "properties": {"tags": {"building": "residential"}, "heightStatus": "unknown", "source": "OpenStreetMap", "license": "ODbL-1.0"}, "geometry": {"type": "MultiPolygon", "coordinates": [[[[114.1189995, 22.5536665], [114.1192136, 22.553587], [114.1192523, 22.5536761], [114.1191884, 22.5536998], [114.1191988, 22.5537237], [114.1191205, 22.5537527], [114.1191081, 22.5537242], [114.1190361, 22.5537509], [114.1189995, 22.5536665]]]]}}, {"type": "Feature", "id": "way/1271100662", "properties": {"tags": {"building": "residential"}, "heightStatus": "unknown", "source": "OpenStreetMap", "license": "ODbL-1.0"}, "geometry": {"type": "MultiPolygon", "coordinates": [[[[114.1189203, 22.5535047], [114.1191758, 22.5534146], [114.1192138, 22.5535064], [114.1189583, 22.5535966], [114.1189203, 22.5535047]]]]}}, {"type": "Feature", "id": "way/1271100663", "properties": {"tags": {"building": "residential"}, "heightStatus": "unknown", "source": "OpenStreetMap", "license": "ODbL-1.0"}, "geometry": {"type": "MultiPolygon", "coordinates": [[[[114.1189411, 22.553044], [114.1191264, 22.5530221], [114.1191388, 22.5531114], [114.1189535, 22.5531333], [114.1189411, 22.553044]]]]}}, {"type": "Feature", "id": "way/1271100664", "properties": {"tags": {"building": "residential"}, "heightStatus": "unknown", "source": "OpenStreetMap", "license": "ODbL-1.0"}, "geometry": {"type": "MultiPolygon", "coordinates": [[[[114.1189208, 22.5528788], [114.1191061, 22.5528569], [114.1191185, 22.5529462], [114.1189331, 22.5529681], [114.1189208, 22.5528788]]]]}}, {"type": "Feature", "id": "way/1271100665", "properties": {"tags": {"building": "residential"}, "heightStatus": "unknown", "source": "OpenStreetMap", "license": "ODbL-1.0"}, "geometry": {"type": "MultiPolygon", "coordinates": [[[[114.1191414, 22.5528856], [114.1192252, 22.5528763], [114.1192613, 22.553155], [114.1191774, 22.5531642], [114.1191414, 22.5528856]]]]}}, {"type": "Feature", "id": "way/1271100666", "properties": {"tags": {"building": "residential"}, "heightStatus": "unknown", "source": "OpenStreetMap", "license": "ODbL-1.0"}, "geometry": {"type": "MultiPolygon", "coordinates": [[[[114.1191208, 22.5532004], [114.1191948, 22.5531833], [114.1192656, 22.5531833], [114.1194012, 22.5535063], [114.1196816, 22.5534266], [114.1196954, 22.5535248], [114.1193134, 22.5536799], [114.1191208, 22.5532004]]]]}}, {"type": "Feature", "id": "way/1271100667", "properties": {"tags": {"building": "residential"}, "heightStatus": "unknown", "source": "OpenStreetMap", "license": "ODbL-1.0"}, "geometry": {"type": "MultiPolygon", "coordinates": [[[[114.1189193, 22.5533109], [114.1190679, 22.5532558], [114.1190995, 22.5533285], [114.1189509, 22.5533836], [114.1189193, 22.5533109]]]]}}, {"type": "Feature", "id": "way/1271100668", "properties": {"tags": {"building": "residential"}, "heightStatus": "unknown", "source": "OpenStreetMap", "license": "ODbL-1.0"}, "geometry": {"type": "MultiPolygon", "coordinates": [[[[114.1187658, 22.5532676], [114.1188733, 22.5532571], [114.118888, 22.5533845], [114.1187805, 22.553395], [114.1187658, 22.5532676]]]]}}, {"type": "Feature", "id": "way/1271100669", "properties": {"tags": {"building": "apartments", "building:levels": "23", "name": "都心名苑"}, "heightStatus": "levels_only_unverified", "source": "OpenStreetMap", "license": "ODbL-1.0"}, "geometry": {"type": "MultiPolygon", "coordinates": [[[[114.1207588, 22.5517417], [114.1212866, 22.5517176], [114.1212928, 22.5518334], [114.120765, 22.5518576], [114.1207588, 22.5517417]]]]}}, {"type": "Feature", "id": "way/1271100670", "properties": {"tags": {"building": "residential", "building:levels": "7"}, "heightStatus": "levels_only_unverified", "source": "OpenStreetMap", "license": "ODbL-1.0"}, "geometry": {"type": "MultiPolygon", "coordinates": [[[[114.1218119, 22.5518053], [114.1218971, 22.5518023], [114.121902, 22.5519187], [114.1218168, 22.5519217], [114.1218119, 22.5518053]]]]}}, {"type": "Feature", "id": "way/1271100671", "properties": {"tags": {"building": "residential", "building:levels": "7"}, "heightStatus": "levels_only_unverified", "source": "OpenStreetMap", "license": "ODbL-1.0"}, "geometry": {"type": "MultiPolygon", "coordinates": [[[[114.1217035, 22.5518092], [114.1218021, 22.5518086], [114.1218029, 22.5519245], [114.1217044, 22.5519251], [114.1217035, 22.5518092]]]]}}, {"type": "Feature", "id": "way/1271100672", "properties": {"tags": {"building": "residential", "building:levels": "7"}, "heightStatus": "levels_only_unverified", "source": "OpenStreetMap", "license": "ODbL-1.0"}, "geometry": {"type": "MultiPolygon", "coordinates": [[[[114.1216044, 22.5518125], [114.1216923, 22.5518113], [114.1216941, 22.5519235], [114.1216062, 22.5519247], [114.1216044, 22.5518125]]]]}}, {"type": "Feature", "id": "way/1301053557", "properties": {"tags": {"building": "train_station", "building:levels": "0", "building:levels:underground": "2", "layer": "-1", "location": "underground", "name": "晒布站", "name:en": "Shaibu Station", "name:zh": "晒布站", "public_transport": "station", "start_date": "2011-06-28", "wikidata": "Q5942974", "wikipedia": "zh:晒布站"}, "heightStatus": "levels_only_unverified", "source": "OpenStreetMap", "license": "ODbL-1.0"}, "geometry": {"type": "MultiPolygon", "coordinates": [[[[114.1168146, 22.5514383], [114.1168982, 22.5511451], [114.1169435, 22.5511602], [114.1168712, 22.551411], [114.1170422, 22.5514911], [114.1172899, 22.5513517], [114.1172226, 22.551058], [114.1172214, 22.5509982], [114.1170698, 22.5507706], [114.117112, 22.5507468], [114.1172031, 22.5508844], [114.1172597, 22.5508513], [114.1173383, 22.5509749], [114.1173565, 22.5510615], [114.1173917, 22.5510562], [114.1174194, 22.5511718], [114.1173854, 22.5511782], [114.1174131, 22.5512856], [114.1177218, 22.5517448], [114.1177145, 22.5517497], [114.117817, 22.5519068], [114.1177846, 22.5519251], [114.1176602, 22.5517437], [114.117596, 22.5517802], [114.1179311, 22.5522836], [114.1179632, 22.5522633], [114.1181834, 22.5524313], [114.1183809, 22.5527142], [114.1183347, 22.5527435], [114.1181422, 22.5524589], [114.1179761, 22.552328], [114.1179648, 22.552335], [114.1182923, 22.5528273], [114.1182445, 22.5528529], [114.1182319, 22.5528346], [114.1181554, 22.5528768], [114.1181692, 22.5528982], [114.1181213, 22.5529249], [114.1181031, 22.5529025], [114.1180823, 22.5529176], [114.1181691, 22.5530482], [114.1180594, 22.5531127], [114.1179424, 22.5529373], [114.1179512, 22.5528915], [114.1179154, 22.5528897], [114.1178645, 22.5529066], [114.1178959, 22.5529989], [114.117823, 22.553021], [114.1177714, 22.5528764], [114.1179374, 22.5527887], [114.1176834, 22.5524288], [114.1177463, 22.5523782], [114.1173672, 22.5518035], [114.1172408, 22.5517727], [114.1171553, 22.551645], [114.1170944, 22.5516792], [114.1170566, 22.5516182], [114.1171151, 22.5515898], [114.1170849, 22.5515439], [114.1170598, 22.5515573], [114.1169754, 22.5516631], [114.1169412, 22.5516419], [114.1170277, 22.5515317], [114.1168146, 22.5514383]]]]}}, {"type": "Feature", "id": "way/1338888209", "properties": {"tags": {"building": "yes", "ceremonial_gate": "paifang", "man_made": "ceremonial_gate", "name": "向西村牌楼"}, "heightStatus": "unknown", "source": "OpenStreetMap", "license": "ODbL-1.0"}, "geometry": {"type": "MultiPolygon", "coordinates": [[[[114.1175692, 22.5455769], [114.1175742, 22.545411], [114.117594, 22.5454115], [114.1175889, 22.5455774], [114.1175692, 22.5455769]]]]}}, {"type": "Feature", "id": "way/1346051844", "properties": {"tags": {"building": "yes"}, "heightStatus": "unknown", "source": "OpenStreetMap", "license": "ODbL-1.0"}, "geometry": {"type": "MultiPolygon", "coordinates": [[[[114.1152844, 22.549406], [114.115651, 22.5493249], [114.115672, 22.54937], [114.1157131, 22.549362], [114.1157167, 22.5493953], [114.1157191, 22.5494178], [114.1154136, 22.5494655], [114.1154174, 22.5494863], [114.1153682, 22.5494566], [114.1152844, 22.549406]]]]}}, {"type": "Feature", "id": "way/1346051848", "properties": {"tags": {"building": "yes"}, "heightStatus": "unknown", "source": "OpenStreetMap", "license": "ODbL-1.0"}, "geometry": {"type": "MultiPolygon", "coordinates": [[[[114.1160454, 22.549405], [114.1160681, 22.5493783], [114.1160912, 22.5493318], [114.1161152, 22.5492836], [114.1162785, 22.5492353], [114.1162596, 22.5493005], [114.1162393, 22.5493703], [114.1160454, 22.549405]]]]}}, {"type": "Feature", "id": "way/1409950928", "properties": {"tags": {"building": "yes"}, "heightStatus": "unknown", "source": "OpenStreetMap", "license": "ODbL-1.0"}, "geometry": {"type": "MultiPolygon", "coordinates": [[[[114.1152143, 22.552887], [114.1152302, 22.5528635], [114.1153409, 22.5528507], [114.1153814, 22.5530247], [114.1153239, 22.5530316], [114.1153473, 22.5531367], [114.1154112, 22.5531495], [114.1154506, 22.5531053], [114.1154304, 22.5530856], [114.1154208, 22.5530286], [114.1154623, 22.5530207], [114.1154676, 22.553063], [114.1155176, 22.5530974], [114.115507, 22.5531112], [114.1155134, 22.5531181], [114.1154197, 22.5532193], [114.1153026, 22.5531947], [114.1152718, 22.5531544], [114.1152143, 22.552887]]]]}}, {"type": "Feature", "id": "way/1414458281", "properties": {"tags": {"building": "construction", "construction": "residential", "layer": "1"}, "heightStatus": "unknown", "source": "OpenStreetMap", "license": "ODbL-1.0"}, "geometry": {"type": "MultiPolygon", "coordinates": [[[[114.1217403, 22.5509106], [114.1218018, 22.550867], [114.1217469, 22.5508009], [114.1218759, 22.5507094], [114.1219338, 22.5507789], [114.1220144, 22.5507217], [114.1221125, 22.5508397], [114.1220453, 22.5508873], [114.1220963, 22.5509486], [114.1220291, 22.5509962], [114.122017, 22.5509817], [114.1220027, 22.5509918], [114.1219429, 22.5509198], [114.1219074, 22.5509134], [114.1218325, 22.5509666], [114.121821, 22.5509528], [114.1217924, 22.5509732], [114.1217403, 22.5509106]]]]}}, {"type": "Feature", "id": "way/1414458282", "properties": {"tags": {"building": "construction", "construction": "residential", "layer": "1"}, "heightStatus": "unknown", "source": "OpenStreetMap", "license": "ODbL-1.0"}, "geometry": {"type": "MultiPolygon", "coordinates": [[[[114.1216459, 22.5513036], [114.1217078, 22.5512725], [114.121699, 22.5512546], [114.1216901, 22.5512603], [114.1216565, 22.5511949], [114.1218406, 22.5511091], [114.1218813, 22.5511753], [114.1219529, 22.551141], [114.1220476, 22.5513232], [114.12196, 22.5513575], [114.1219892, 22.5514106], [114.1219052, 22.5514474], [114.1218901, 22.5514188], [114.1218706, 22.5514254], [114.1218299, 22.5513477], [114.1217981, 22.5513404], [114.1217185, 22.551378], [114.1217114, 22.5513649], [114.1216778, 22.5513804], [114.1216459, 22.5513036]]]]}}, {"type": "Feature", "id": "way/1414458283", "properties": {"tags": {"building": "construction", "construction": "residential", "layer": "1"}, "heightStatus": "unknown", "source": "OpenStreetMap", "license": "ODbL-1.0"}, "geometry": {"type": "MultiPolygon", "coordinates": [[[[114.1208835, 22.551002], [114.1209258, 22.5508581], [114.1211928, 22.550925], [114.1211663, 22.5510153], [114.1212554, 22.5510376], [114.1212118, 22.5511861], [114.1209477, 22.5511199], [114.1209756, 22.551025], [114.1208835, 22.551002]]]]}}, {"type": "Feature", "id": "way/1414458284", "properties": {"tags": {"building": "construction", "construction": "retail"}, "heightStatus": "unknown", "source": "OpenStreetMap", "license": "ODbL-1.0"}, "geometry": {"type": "MultiPolygon", "coordinates": [[[[114.1206102, 22.5510678], [114.1209059, 22.5501708], [114.121886, 22.5504426], [114.1218565, 22.5505603], [114.1221154, 22.5506321], [114.1222227, 22.5507473], [114.1221051, 22.5514852], [114.1218531, 22.5515603], [114.1216315, 22.5514989], [114.1216392, 22.5512726], [114.1216238, 22.5511574], [114.1215946, 22.5511147], [114.1215329, 22.5510877], [114.1214806, 22.5510962], [114.1214112, 22.5511602], [114.1213373, 22.5512413], [114.1206102, 22.5510678]]]]}}, {"type": "Feature", "id": "way/1414458285", "properties": {"tags": {"building": "dormitory"}, "heightStatus": "unknown", "source": "OpenStreetMap", "license": "ODbL-1.0"}, "geometry": {"type": "MultiPolygon", "coordinates": [[[[114.1220324, 22.549231], [114.1220461, 22.5491583], [114.1222159, 22.5491858], [114.1222022, 22.5492584], [114.1220324, 22.549231]]]]}}, {"type": "Feature", "id": "way/1414458286", "properties": {"tags": {"building": "dormitory"}, "heightStatus": "unknown", "source": "OpenStreetMap", "license": "ODbL-1.0"}, "geometry": {"type": "MultiPolygon", "coordinates": [[[[114.122158, 22.5494562], [114.1221759, 22.5493538], [114.1224948, 22.5494012], [114.1225205, 22.5492535], [114.1226563, 22.5492738], [114.1226127, 22.5495239], [114.122158, 22.5494562]]]]}}, {"type": "Feature", "id": "way/1414458287", "properties": {"tags": {"building": "dormitory"}, "heightStatus": "unknown", "source": "OpenStreetMap", "license": "ODbL-1.0"}, "geometry": {"type": "MultiPolygon", "coordinates": [[[[114.1219167, 22.549033], [114.1219814, 22.5486741], [114.1221182, 22.5486952], [114.1220773, 22.5489221], [114.1225971, 22.549002], [114.1226434, 22.5487449], [114.1219705, 22.5486415], [114.1219921, 22.5485217], [114.1227763, 22.5486421], [114.1226766, 22.5491957], [114.1226143, 22.5491862], [114.1226224, 22.5491415], [114.1219167, 22.549033]]]]}}, {"type": "Feature", "id": "way/1459054443", "properties": {"tags": {"building": "train_station", "building:levels": "0", "building:levels:underground": "3", "layer": "-1", "location": "underground", "name": "湖贝站", "name:en": "Hubei Station", "name:zh": "湖贝站", "public_transport": "station", "start_date": "2011-06-28", "wikidata": "Q5942058", "wikimedia_commons": "Category:Hubei Station", "wikipedia": "zh:湖贝站"}, "heightStatus": "levels_only_unverified", "source": "OpenStreetMap", "license": "ODbL-1.0"}, "geometry": {"type": "MultiPolygon", "coordinates": [[[[114.1191283, 22.5470089], [114.1191368, 22.5469594], [114.119182, 22.5469661], [114.1191857, 22.5469446], [114.1194474, 22.5469832], [114.1194487, 22.5469757], [114.119508, 22.5469845], [114.1195899, 22.5469965], [114.1195871, 22.5470125], [114.1196642, 22.5470239], [114.119687, 22.5468988], [114.1196533, 22.5468935], [114.1196579, 22.5468685], [114.11969, 22.5468736], [114.1197238, 22.5466906], [114.1193724, 22.5466351], [114.119378, 22.5466048], [114.1200185, 22.5467068], [114.1200141, 22.54673], [114.1197948, 22.5466989], [114.1197365, 22.5470305], [114.12049, 22.5471417], [114.1204936, 22.5471235], [114.1206909, 22.5471545], [114.120716, 22.5469818], [114.1206992, 22.5469779], [114.1207053, 22.5469455], [114.1207201, 22.5469479], [114.1211756, 22.5467932], [114.1211825, 22.5467562], [114.1212532, 22.5467674], [114.1212499, 22.5467854], [114.1215332, 22.5468302], [114.1215311, 22.5468415], [114.1215781, 22.5468489], [114.121569, 22.5468983], [114.1215246, 22.5468913], [114.121523, 22.5468996], [114.1213062, 22.5468658], [114.1213048, 22.5468737], [114.1212208, 22.5468607], [114.1212227, 22.5468504], [114.1211892, 22.5468452], [114.1207728, 22.5469857], [114.1207422, 22.54716], [114.120893, 22.5471826], [114.1208316, 22.547532], [114.1207816, 22.5475245], [114.120786, 22.5474992], [114.1202187, 22.5474141], [114.12024, 22.5472929], [114.1200096, 22.5472583], [114.1200175, 22.5472132], [114.1194087, 22.5471199], [114.1194182, 22.547065], [114.1191643, 22.5470276], [114.1191665, 22.5470146], [114.1191283, 22.5470089]]]]}}, {"type": "Feature", "id": "way/1459054444", "properties": {"tags": {"building": "train_station", "building:levels": "0", "building:levels:underground": "2", "layer": "-1", "location": "underground", "name": "湖贝站", "name:en": "Hubei Station", "name:zh": "湖贝站", "public_transport": "station", "start_date": "2025-12-28", "wikidata": "Q5942058", "wikimedia_commons": "Category:Hubei Station", "wikipedia": "zh:湖贝站"}, "heightStatus": "levels_only_unverified", "source": "OpenStreetMap", "license": "ODbL-1.0"}, "geometry": {"type": "MultiPolygon", "coordinates": [[[[114.1172866, 22.546632], [114.1173347, 22.5463676], [114.1173293, 22.5463192], [114.1173306, 22.5463118], [114.1172958, 22.5463065], [114.1173056, 22.5462514], [114.1173381, 22.5462563], [114.117351, 22.5461836], [114.1173784, 22.5461877], [114.1174269, 22.5459149], [114.1174768, 22.5459225], [114.1174208, 22.5462375], [114.1174483, 22.5462417], [114.1174402, 22.5462869], [114.1174596, 22.5462899], [114.1174526, 22.5463295], [114.1173833, 22.546319], [114.1173825, 22.5463237], [114.1173902, 22.5463692], [114.1173816, 22.5464179], [114.1175277, 22.54644], [114.1175248, 22.5464567], [114.1187452, 22.5466411], [114.1187496, 22.5466161], [114.1187946, 22.5466229], [114.1188091, 22.5465409], [114.1189626, 22.5465641], [114.11897, 22.5465222], [114.1185383, 22.546457], [114.1185468, 22.546409], [114.1190308, 22.5464821], [114.1190376, 22.5464434], [114.119082, 22.5464501], [114.1190667, 22.5465361], [114.1190482, 22.5465333], [114.1190406, 22.5465761], [114.1191657, 22.546595], [114.1191607, 22.5466233], [114.119644, 22.5466962], [114.1195899, 22.5469965], [114.119508, 22.5469845], [114.1195109, 22.5469681], [114.1193156, 22.5469386], [114.1193189, 22.5469203], [114.1183006, 22.5467657], [114.1182876, 22.5468386], [114.1181349, 22.5468154], [114.1181362, 22.5468081], [114.1178529, 22.5467652], [114.117852, 22.5467704], [114.117729, 22.5467518], [114.1176653, 22.5467938], [114.1176293, 22.5469994], [114.1173995, 22.5469651], [114.1174253, 22.5468178], [114.1173079, 22.5466353], [114.1172866, 22.546632]]]]}}]}