{"type": "FeatureCollection", "features": [{"type": "Feature", "id": "way/243253414", "properties": {"tags": {"building": "yes"}, "heightStatus": "unknown", "source": "OpenStreetMap", "license": "ODbL-1.0"}, "geometry": {"type": "MultiPolygon", "coordinates": [[[[113.8885873, 22.5940419], [113.8885922, 22.5939971], [113.88861, 22.5939991], [113.8887931, 22.594018], [113.8888082, 22.5940196], [113.8888034, 22.5940626], [113.8885873, 22.5940419]]]]}}, {"type": "Feature", "id": "way/243253432", "properties": {"tags": {"amenity": "fuel", "brand": "中国石化", "brand:en": "Sinopec", "brand:wikidata": "Q831445", "brand:zh": "中国石化", "building": "roof", "layer": "1", "name": "中国石化", "name:en": "Sinopec", "name:zh": "中国石化", "operator": "中国石化"}, "heightStatus": "unknown", "source": "OpenStreetMap", "license": "ODbL-1.0"}, "geometry": {"type": "MultiPolygon", "coordinates": [[[[113.88861, 22.5939991], [113.8886329, 22.5938097], [113.888816, 22.5938286], [113.8887931, 22.594018], [113.88861, 22.5939991]]]]}}, {"type": "Feature", "id": "way/243253577", "properties": {"tags": {"building": "roof", "layer": "1"}, "heightStatus": "unknown", "source": "OpenStreetMap", "license": "ODbL-1.0"}, "geometry": {"type": "MultiPolygon", "coordinates": [[[[113.8883918, 22.5929606], [113.8884043, 22.5927821], [113.8885968, 22.5927936], [113.8885843, 22.592972], [113.8883918, 22.5929606]]]]}}, {"type": "Feature", "id": "way/243253578", "properties": {"tags": {"building": "yes"}, "heightStatus": "unknown", "source": "OpenStreetMap", "license": "ODbL-1.0"}, "geometry": {"type": "MultiPolygon", "coordinates": [[[[113.8883659, 22.5927791], [113.8883692, 22.5927343], [113.8886345, 22.5927511], [113.8886312, 22.5927958], [113.8885968, 22.5927936], [113.8884043, 22.5927821], [113.8883659, 22.5927791]]]]}}, {"type": "Feature", "id": "way/555937948", "properties": {"tags": {"building": "yes", "club": "yes", "name": "御龙居会所"}, "heightStatus": "unknown", "source": "OpenStreetMap", "license": "ODbL-1.0"}, "geometry": {"type": "MultiPolygon", "coordinates": [[[[113.8817422, 22.5936803], [113.881753, 22.5933888], [113.8820691, 22.5933989], [113.8820582, 22.5936903], [113.8817422, 22.5936803]]]]}}, {"type": "Feature", "id": "way/570570967", "properties": {"tags": {"addr:housename": "御龙居", "addr:housename:zh": "御龙居", "building": "apartments", "name": "5栋", "name:zh": "5栋"}, "heightStatus": "unknown", "source": "OpenStreetMap", "license": "ODbL-1.0"}, "geometry": {"type": "MultiPolygon", "coordinates": [[[[113.8846385, 22.5937251], [113.884717, 22.5937123], [113.8847966, 22.5937075], [113.8848762, 22.5937107], [113.884955, 22.5937219], [113.885032, 22.593741], [113.8851063, 22.5937677], [113.885177, 22.5938018], [113.8852432, 22.5938428], [113.8853042, 22.5938902], [113.885204, 22.5940001], [113.8851495, 22.5939578], [113.8850974, 22.5939256], [113.8850418, 22.5938988], [113.8849834, 22.5938778], [113.8849229, 22.5938628], [113.8848609, 22.5938539], [113.8847983, 22.5938514], [113.8847357, 22.5938552], [113.8846656, 22.5938666], [113.8846385, 22.5937251]]]]}}, {"type": "Feature", "id": "way/570570968", "properties": {"tags": {"addr:housename": "御龙居", "addr:housename:zh": "御龙居", "building": "apartments", "name": "3A栋", "name:zh": "3A栋"}, "heightStatus": "unknown", "source": "OpenStreetMap", "license": "ODbL-1.0"}, "geometry": {"type": "MultiPolygon", "coordinates": [[[[113.8838525, 22.5937859], [113.8839373, 22.5936654], [113.883997, 22.5937011], [113.884053, 22.5937271], [113.8841118, 22.5937473], [113.8841725, 22.5937615], [113.8842346, 22.5937695], [113.8842973, 22.5937711], [113.8843598, 22.5937665], [113.8844214, 22.5937555], [113.8844894, 22.5937362], [113.8845353, 22.5938735], [113.8844591, 22.5938952], [113.8843808, 22.5939091], [113.8843014, 22.593915], [113.8842217, 22.5939129], [113.8841427, 22.5939028], [113.8840654, 22.5938848], [113.8839907, 22.5938591], [113.8839194, 22.593826], [113.8838525, 22.5937859]]]]}}, {"type": "Feature", "id": "way/570570969", "properties": {"tags": {"addr:housename": "御龙居", "addr:housename:zh": "御龙居", "building": "apartments", "name": "6栋", "name:zh": "6栋"}, "heightStatus": "unknown", "source": "OpenStreetMap", "license": "ODbL-1.0"}, "geometry": {"type": "MultiPolygon", "coordinates": [[[[113.885413, 22.5939147], [113.8855137, 22.593805], [113.885568, 22.5938475], [113.88562, 22.5938799], [113.8856755, 22.5939069], [113.8857338, 22.5939281], [113.8857943, 22.5939433], [113.8858562, 22.5939523], [113.8859188, 22.593955], [113.8859814, 22.5939514], [113.8860516, 22.5939401], [113.8860782, 22.5940818], [113.8859996, 22.5940943], [113.88592, 22.5940989], [113.8858404, 22.5940955], [113.8857616, 22.594084], [113.8856847, 22.5940647], [113.8856105, 22.5940377], [113.88554, 22.5940035], [113.8854739, 22.5939623], [113.885413, 22.5939147]]]]}}, {"type": "Feature", "id": "way/570570971", "properties": {"tags": {"addr:housename": "御龙居", "addr:housename:zh": "御龙居", "building": "apartments", "name": "7栋", "name:zh": "7栋"}, "heightStatus": "unknown", "source": "OpenStreetMap", "license": "ODbL-1.0"}, "geometry": {"type": "MultiPolygon", "coordinates": [[[[113.8861798, 22.5939384], [113.886258, 22.593924], [113.8863374, 22.5939175], [113.8864171, 22.5939191], [113.8864962, 22.5939288], [113.8865736, 22.5939463], [113.8866485, 22.5939715], [113.88672, 22.5940041], [113.8867872, 22.5940438], [113.8866962, 22.5941607], [113.8866434, 22.5941295], [113.8865872, 22.5941038], [113.8865283, 22.594084], [113.8864674, 22.5940702], [113.8864052, 22.5940627], [113.8863425, 22.5940614], [113.8862801, 22.5940665], [113.8862102, 22.5940793], [113.8861798, 22.5939384]]]]}}, {"type": "Feature", "id": "way/570570972", "properties": {"tags": {"addr:housename": "御龙居", "addr:housename:zh": "御龙居", "building": "apartments", "name": "9栋", "name:zh": "9栋"}, "heightStatus": "unknown", "source": "OpenStreetMap", "license": "ODbL-1.0"}, "geometry": {"type": "MultiPolygon", "coordinates": [[[[113.8877283, 22.5941239], [113.8878012, 22.5940932], [113.8878771, 22.5940693], [113.8879552, 22.5940524], [113.8880347, 22.5940426], [113.8881148, 22.5940402], [113.8881949, 22.5940451], [113.8881845, 22.5941886], [113.8881122, 22.5941841], [113.8880475, 22.5941861], [113.8879832, 22.5941939], [113.8879202, 22.5942076], [113.8878589, 22.5942269], [113.8877929, 22.5942547], [113.8877283, 22.5941239]]]]}}, {"type": "Feature", "id": "way/570570973", "properties": {"tags": {"addr:housename": "御龙居", "addr:housename:zh": "御龙居", "building": "apartments", "name": "3栋", "name:zh": "3栋"}, "heightStatus": "unknown", "source": "OpenStreetMap", "license": "ODbL-1.0"}, "geometry": {"type": "MultiPolygon", "coordinates": [[[[113.8817868, 22.5940522], [113.881822, 22.5939122], [113.8818947, 22.5939278], [113.8819617, 22.5939363], [113.8820293, 22.5939392], [113.8820968, 22.5939365], [113.8821638, 22.5939281], [113.8822298, 22.5939142], [113.882294, 22.5938948], [113.8823594, 22.5938689], [113.8824586, 22.5938246], [113.8827639, 22.5935834], [113.8828651, 22.5936927], [113.8825445, 22.5939459], [113.8824241, 22.5939997], [113.882349, 22.5940295], [113.8822713, 22.5940529], [113.8821917, 22.5940697], [113.8821107, 22.5940798], [113.882029, 22.5940831], [113.8819474, 22.5940796], [113.8818664, 22.5940693], [113.8817868, 22.5940522]]]]}}, {"type": "Feature", "id": "way/570570974", "properties": {"tags": {"addr:housename": "御龙居", "addr:housename:zh": "御龙居", "building": "apartments", "name": "8栋", "name:zh": "8栋"}, "heightStatus": "unknown", "source": "OpenStreetMap", "license": "ODbL-1.0"}, "geometry": {"type": "MultiPolygon", "coordinates": [[[[113.886815, 22.5942465], [113.8868935, 22.5941223], [113.886961, 22.5941587], [113.8870253, 22.5941864], [113.8870921, 22.5942085], [113.8871609, 22.5942248], [113.8872309, 22.5942352], [113.8873017, 22.5942396], [113.8873726, 22.594238], [113.8874431, 22.5942304], [113.8875125, 22.5942168], [113.8875803, 22.5941974], [113.8876525, 22.5941697], [113.8877121, 22.5943025], [113.8876333, 22.5943327], [113.8875519, 22.594356], [113.8874684, 22.5943724], [113.8873837, 22.5943816], [113.8872984, 22.5943835], [113.8872132, 22.5943782], [113.887129, 22.5943656], [113.8870464, 22.594346], [113.8869661, 22.5943195], [113.8868887, 22.5942862], [113.886815, 22.5942465]]]]}}, {"type": "Feature", "id": "way/570570976", "properties": {"tags": {"addr:housename": "御龙居", "addr:housename:zh": "御龙居", "building": "apartments", "name": "2栋", "name:zh": "2栋"}, "heightStatus": "unknown", "source": "OpenStreetMap", "license": "ODbL-1.0"}, "geometry": {"type": "MultiPolygon", "coordinates": [[[[113.8827198, 22.5941514], [113.8828147, 22.5940865], [113.8829189, 22.5940252], [113.8830276, 22.5939708], [113.8831401, 22.5939236], [113.883256, 22.5938838], [113.8833746, 22.5938516], [113.8834953, 22.5938272], [113.8836176, 22.5938107], [113.8837354, 22.5938026], [113.883747, 22.5939459], [113.8836347, 22.5939537], [113.8835232, 22.5939687], [113.8834132, 22.5939909], [113.8833051, 22.5940203], [113.8831995, 22.5940565], [113.883097, 22.5940995], [113.882998, 22.5941491], [113.882903, 22.594205], [113.8828124, 22.5942669], [113.8827198, 22.5941514]]]]}}, {"type": "Feature", "id": "way/570570977", "properties": {"tags": {"addr:housename": "御龙居", "addr:housename:zh": "御龙居", "building": "apartments", "name": "1栋", "name:zh": "1栋"}, "heightStatus": "unknown", "source": "OpenStreetMap", "license": "ODbL-1.0"}, "geometry": {"type": "MultiPolygon", "coordinates": [[[[113.8814345, 22.59461], [113.8815135, 22.5944862], [113.8816165, 22.5945421], [113.8817161, 22.5945781], [113.8818207, 22.5945989], [113.8819275, 22.594604], [113.8820339, 22.5945933], [113.882137, 22.5945672], [113.8822309, 22.5945276], [113.8826208, 22.5942609], [113.8827135, 22.5943764], [113.8823104, 22.5946521], [113.8821904, 22.5947027], [113.8820631, 22.594735], [113.8819319, 22.5947481], [113.8818001, 22.5947418], [113.8816711, 22.5947162], [113.8815482, 22.5946718], [113.8814345, 22.59461]]]]}}, {"type": "Feature", "id": "way/1424759336", "properties": {"tags": {"addr:housename": "天骄世家", "addr:housename:en": "Tianjiao Shijia", "addr:housename:zh": "天骄世家", "building": "apartments", "building:levels": "16", "name": "7栋", "name:en": "Block 7", "name:zh": "7栋"}, "heightStatus": "levels_only_unverified", "source": "OpenStreetMap", "license": "ODbL-1.0"}, "geometry": {"type": "MultiPolygon", "coordinates": [[[[113.885459, 22.5914456], [113.885512, 22.5913248], [113.8855344, 22.5913332], [113.8855809, 22.591313], [113.885569, 22.5912898], [113.8855294, 22.591307], [113.8855193, 22.5912873], [113.8854973, 22.5912968], [113.8854705, 22.5912441], [113.8856128, 22.5911823], [113.8856261, 22.5912084], [113.8857271, 22.5911644], [113.8858281, 22.5911205], [113.8858148, 22.5910945], [113.8859571, 22.5910326], [113.885984, 22.5910853], [113.885962, 22.5910949], [113.885972, 22.5911146], [113.8859324, 22.5911318], [113.8859443, 22.591155], [113.8859907, 22.5911349], [113.885998, 22.5911135], [113.8861326, 22.5911528], [113.8861109, 22.5912162], [113.8860643, 22.5912026], [113.8860585, 22.5912196], [113.8859982, 22.591202], [113.8860045, 22.5912333], [113.8860476, 22.5912259], [113.8860519, 22.5912473], [113.8860758, 22.5912432], [113.8860873, 22.5913005], [113.8858657, 22.5913386], [113.8858542, 22.5912813], [113.8858781, 22.5912772], [113.8858738, 22.5912558], [113.8859168, 22.5912484], [113.8859113, 22.5912208], [113.8858856, 22.5912333], [113.8858692, 22.5912011], [113.8857682, 22.591245], [113.8856672, 22.591289], [113.8856836, 22.5913211], [113.8856568, 22.5913314], [113.8856762, 22.5913529], [113.8857098, 22.591327], [113.885725, 22.5913437], [113.8857437, 22.5913293], [113.8857841, 22.591374], [113.8856111, 22.5915075], [113.8855707, 22.5914628], [113.8855893, 22.5914484], [113.8855742, 22.5914316], [113.8856078, 22.5914057], [113.8855857, 22.5913813], [113.885562, 22.5914355], [113.8855441, 22.5914288], [113.8855258, 22.5914706], [113.885459, 22.5914456]]]]}}, {"type": "Feature", "id": "way/1424759338", "properties": {"tags": {"addr:housename": "天骄世家", "addr:housename:en": "Tianjiao Shijia", "addr:housename:zh": "天骄世家", "building": "apartments", "building:levels": "16", "name": "1栋", "name:en": "Block 1", "name:zh": "1栋"}, "heightStatus": "levels_only_unverified", "source": "OpenStreetMap", "license": "ODbL-1.0"}, "geometry": {"type": "MultiPolygon", "coordinates": [[[[113.8865331, 22.5900133], [113.8867041, 22.5899321], [113.88673, 22.5899785], [113.8867131, 22.5899866], [113.8867332, 22.5900228], [113.8867643, 22.5899938], [113.8867507, 22.5899815], [113.8867904, 22.5899443], [113.8869273, 22.590069], [113.8869969, 22.5901325], [113.8869796, 22.5901487], [113.8870094, 22.5901758], [113.8870232, 22.5901722], [113.887011, 22.5901319], [113.8870339, 22.590126], [113.8870274, 22.5901046], [113.8870877, 22.590089], [113.8871485, 22.5902894], [113.8870873, 22.5903052], [113.8870807, 22.5902834], [113.8870581, 22.5902892], [113.8870467, 22.5902516], [113.8870334, 22.5902551], [113.8870233, 22.5902925], [113.8870472, 22.5902981], [113.8870234, 22.5903857], [113.8869766, 22.5905579], [113.8869218, 22.5905452], [113.8869264, 22.5905281], [113.8868836, 22.5905182], [113.8868867, 22.5905589], [113.8869057, 22.5905576], [113.8869098, 22.5906097], [113.886718, 22.5906224], [113.8867127, 22.5905549], [113.8868081, 22.5905486], [113.8868068, 22.5905312], [113.8867913, 22.5905141], [113.8867735, 22.5905279], [113.8867653, 22.5905189], [113.8867406, 22.590538], [113.8867173, 22.5905123], [113.8869061, 22.590366], [113.8869295, 22.5903916], [113.8869048, 22.5904108], [113.886913, 22.5904198], [113.8868952, 22.5904336], [113.8869107, 22.5904506], [113.8869291, 22.5904549], [113.8869523, 22.5903692], [113.8869628, 22.5903307], [113.886916, 22.5903428], [113.8868604, 22.5901597], [113.8869088, 22.5901472], [113.8868758, 22.5901171], [113.8868078, 22.5900551], [113.8867944, 22.5900676], [113.8867908, 22.5900896], [113.8868138, 22.5900928], [113.8868119, 22.5901045], [113.8868437, 22.590109], [113.8868382, 22.5901421], [113.8865945, 22.5901076], [113.8865999, 22.5900745], [113.8866318, 22.590079], [113.8866337, 22.5900673], [113.8866567, 22.5900706], [113.8866604, 22.5900486], [113.8866517, 22.590033], [113.8865666, 22.5900734], [113.8865331, 22.5900133]]]]}}, {"type": "Feature", "id": "way/1424759344", "properties": {"tags": {"addr:housename": "天骄世家", "addr:housename:en": "Tianjiao Shijia", "addr:housename:zh": "天骄世家", "building": "apartments", "building:levels": "16", "name": "6栋", "name:en": "Block 6", "name:zh": "6栋"}, "heightStatus": "levels_only_unverified", "source": "OpenStreetMap", "license": "ODbL-1.0"}, "geometry": {"type": "MultiPolygon", "coordinates": [[[[113.8851013, 22.5907447], [113.8851891, 22.5906716], [113.8852247, 22.590708], [113.8852434, 22.5906924], [113.8852413, 22.5906584], [113.8851976, 22.5906607], [113.8851962, 22.5906389], [113.8851719, 22.5906402], [113.8851683, 22.5905821], [113.8853933, 22.5905701], [113.885397, 22.5906282], [113.8853727, 22.5906295], [113.8853741, 22.5906513], [113.8853303, 22.5906536], [113.8853327, 22.5906914], [113.8853524, 22.5907076], [113.8853878, 22.590671], [113.885476, 22.5907436], [113.8854432, 22.5907776], [113.8854128, 22.5907526], [113.8854065, 22.5907592], [113.8853744, 22.5907328], [113.8853535, 22.5907545], [113.8853357, 22.5907399], [113.8853378, 22.5907723], [113.8853961, 22.5907692], [113.8854001, 22.5908337], [113.8851945, 22.5908446], [113.8851904, 22.5907802], [113.8852487, 22.5907771], [113.8852462, 22.5907364], [113.885224, 22.5907549], [113.8852029, 22.5907333], [113.885171, 22.5907599], [113.8851646, 22.5907534], [113.8851344, 22.5907785], [113.8851013, 22.5907447]]]]}}, {"type": "Feature", "id": "way/1424759345", "properties": {"tags": {"addr:housename": "天骄世家", "addr:housename:en": "Tianjiao Shijia", "addr:housename:zh": "天骄世家", "building": "apartments", "building:levels": "16", "name": "12栋", "name:en": "Block 12", "name:zh": "12栋"}, "heightStatus": "levels_only_unverified", "source": "OpenStreetMap", "license": "ODbL-1.0"}, "geometry": {"type": "MultiPolygon", "coordinates": [[[[113.884925, 22.5911435], [113.8850128, 22.5910704], [113.8850484, 22.5911069], [113.8850671, 22.5910913], [113.885065, 22.5910573], [113.8850213, 22.5910596], [113.8850199, 22.5910378], [113.8849956, 22.5910391], [113.884992, 22.590981], [113.885217, 22.590969], [113.8852207, 22.5910271], [113.8851964, 22.5910284], [113.8851977, 22.5910502], [113.885154, 22.5910525], [113.8851564, 22.5910903], [113.8851761, 22.5911065], [113.8852115, 22.5910698], [113.8852997, 22.5911424], [113.8852669, 22.5911765], [113.8852365, 22.5911515], [113.8852302, 22.591158], [113.8851981, 22.5911316], [113.8851771, 22.5911534], [113.8851594, 22.5911388], [113.8851615, 22.5911712], [113.8852197, 22.5911681], [113.8852238, 22.5912325], [113.8850182, 22.5912435], [113.8850141, 22.591179], [113.8850724, 22.5911759], [113.8850699, 22.5911353], [113.8850477, 22.5911538], [113.8850266, 22.5911322], [113.8849946, 22.5911587], [113.8849883, 22.5911522], [113.8849581, 22.5911774], [113.884925, 22.5911435]]]]}}, {"type": "Feature", "id": "way/1424759346", "properties": {"tags": {"addr:housename": "天骄世家", "addr:housename:en": "Tianjiao Shijia", "addr:housename:zh": "天骄世家", "building": "apartments", "building:levels": "16", "name": "8栋", "name:en": "Block 8", "name:zh": "8栋"}, "heightStatus": "levels_only_unverified", "source": "OpenStreetMap", "license": "ODbL-1.0"}, "geometry": {"type": "MultiPolygon", "coordinates": [[[[113.8863533, 22.5913083], [113.886413, 22.5912142], [113.8864589, 22.5912389], [113.8864717, 22.5912188], [113.8864585, 22.591187], [113.8864176, 22.5912014], [113.8864092, 22.5911811], [113.8863864, 22.5911891], [113.8863639, 22.5911347], [113.8865745, 22.5910604], [113.886597, 22.5911148], [113.8865743, 22.5911228], [113.8865827, 22.5911432], [113.8865418, 22.5911576], [113.8865564, 22.591193], [113.8865805, 22.5912029], [113.8866022, 22.5911581], [113.8867101, 22.5912026], [113.88669, 22.5912443], [113.8866529, 22.591229], [113.886649, 22.5912369], [113.8866097, 22.5912207], [113.8865969, 22.5912473], [113.8865752, 22.5912384], [113.8865878, 22.5912686], [113.8866423, 22.5912494], [113.8866673, 22.5913097], [113.8864749, 22.5913776], [113.8864499, 22.5913173], [113.8865045, 22.591298], [113.8864887, 22.59126], [113.8864736, 22.5912838], [113.8864464, 22.5912691], [113.8864247, 22.5913034], [113.8864165, 22.591299], [113.886396, 22.5913314], [113.8863533, 22.5913083]]]]}}, {"type": "Feature", "id": "way/1424759347", "properties": {"tags": {"addr:housename": "天骄世家", "addr:housename:en": "Tianjiao Shijia", "addr:housename:zh": "天骄世家", "building": "apartments", "building:levels": "16", "name": "11栋", "name:en": "Block 11", "name:zh": "11栋"}, "heightStatus": "levels_only_unverified", "source": "OpenStreetMap", "license": "ODbL-1.0"}, "geometry": {"type": "MultiPolygon", "coordinates": [[[[113.8850613, 22.5916504], [113.8852652, 22.5915615], [113.8852921, 22.5916142], [113.8852701, 22.5916238], [113.8852802, 22.5916435], [113.8852406, 22.5916608], [113.8852581, 22.591695], [113.8852829, 22.5917032], [113.8853009, 22.591657], [113.8854121, 22.5916938], [113.8853954, 22.5917368], [113.8853572, 22.5917241], [113.885354, 22.5917323], [113.8853135, 22.5917189], [113.8853029, 22.5917463], [113.8852805, 22.5917389], [113.8852955, 22.5917682], [113.8853483, 22.5917452], [113.8853782, 22.5918036], [113.8851919, 22.5918848], [113.8851621, 22.5918264], [113.8852149, 22.5918034], [113.885196, 22.5917666], [113.8851829, 22.5917914], [113.8851546, 22.5917786], [113.8851358, 22.5918143], [113.8851273, 22.5918105], [113.8851095, 22.5918442], [113.885065, 22.5918242], [113.8851168, 22.5917261], [113.8851646, 22.5917477], [113.8851757, 22.5917267], [113.8851599, 22.5916959], [113.8851203, 22.5917132], [113.8851102, 22.5916934], [113.8850882, 22.591703], [113.8850613, 22.5916504]]]]}}, {"type": "Feature", "id": "way/1424759348", "properties": {"tags": {"addr:housename": "天骄世家", "addr:housename:en": "Tianjiao Shijia", "addr:housename:zh": "天骄世家", "building": "apartments", "building:levels": "16", "name": "10栋", "name:en": "Block 10", "name:zh": "10栋"}, "heightStatus": "levels_only_unverified", "source": "OpenStreetMap", "license": "ODbL-1.0"}, "geometry": {"type": "MultiPolygon", "coordinates": [[[[113.8855207, 22.5919282], [113.8855804, 22.591834], [113.8856263, 22.5918588], [113.8856391, 22.5918387], [113.8856259, 22.5918069], [113.885585, 22.5918213], [113.8855765, 22.591801], [113.8855538, 22.591809], [113.8855313, 22.5917546], [113.8857419, 22.5916803], [113.8857644, 22.5917347], [113.8857417, 22.5917427], [113.8857501, 22.5917631], [113.8857092, 22.5917775], [113.8857238, 22.5918129], [113.8857479, 22.5918228], [113.8857696, 22.591778], [113.8858775, 22.5918225], [113.8858574, 22.5918642], [113.8858203, 22.5918488], [113.8858164, 22.5918568], [113.8857771, 22.5918406], [113.8857643, 22.5918672], [113.8857426, 22.5918583], [113.8857552, 22.5918885], [113.8858097, 22.5918693], [113.8858347, 22.5919296], [113.8856423, 22.5919975], [113.8856173, 22.5919372], [113.8856718, 22.5919179], [113.8856561, 22.5918799], [113.885641, 22.5919037], [113.8856138, 22.591889], [113.8855921, 22.5919233], [113.8855839, 22.5919189], [113.8855634, 22.5919513], [113.8855207, 22.5919282]]]]}}, {"type": "Feature", "id": "way/1424759349", "properties": {"tags": {"addr:housename": "天骄世家", "addr:housename:en": "Tianjiao Shijia", "addr:housename:zh": "天骄世家", "building": "apartments", "building:levels": "16", "name": "9-2栋", "name:en": "Block 9-2", "name:zh": "9-2栋"}, "heightStatus": "levels_only_unverified", "source": "OpenStreetMap", "license": "ODbL-1.0"}, "geometry": {"type": "MultiPolygon", "coordinates": [[[[113.885957, 22.5920613], [113.8860166, 22.5919671], [113.8860625, 22.5919919], [113.8860753, 22.5919718], [113.8860621, 22.59194], [113.8860212, 22.5919544], [113.8860128, 22.591934], [113.88599, 22.591942], [113.8859675, 22.5918877], [113.8861781, 22.5918134], [113.8862006, 22.5918678], [113.8861779, 22.5918758], [113.8861863, 22.5918961], [113.8861454, 22.5919106], [113.88616, 22.5919459], [113.8861841, 22.5919559], [113.8862058, 22.5919111], [113.8863138, 22.5919556], [113.8862936, 22.5919972], [113.8862565, 22.5919819], [113.8862526, 22.5919899], [113.8862134, 22.5919737], [113.8862005, 22.5920003], [113.8861788, 22.5919913], [113.8861914, 22.5920216], [113.8862459, 22.5920024], [113.8862709, 22.5920627], [113.8860785, 22.5921306], [113.8860535, 22.5920702], [113.8861081, 22.592051], [113.8860923, 22.592013], [113.8860772, 22.5920368], [113.88605, 22.5920221], [113.8860283, 22.5920564], [113.8860201, 22.5920519], [113.8859996, 22.5920843], [113.885957, 22.5920613]]]]}}, {"type": "Feature", "id": "way/1424759350", "properties": {"tags": {"addr:housename": "天骄世家", "addr:housename:en": "Tianjiao Shijia", "addr:housename:zh": "天骄世家", "building": "apartments", "building:levels": "16", "name": "9-1栋", "name:en": "Block 9-1", "name:zh": "9-1栋"}, "heightStatus": "levels_only_unverified", "source": "OpenStreetMap", "license": "ODbL-1.0"}, "geometry": {"type": "MultiPolygon", "coordinates": [[[[113.8861521, 22.5916841], [113.8862118, 22.5915899], [113.8862577, 22.5916147], [113.8862704, 22.5915946], [113.8862572, 22.5915628], [113.8862163, 22.5915772], [113.8862079, 22.5915568], [113.8861852, 22.5915648], [113.8861626, 22.5915104], [113.8863732, 22.5914361], [113.8863957, 22.5914905], [113.886373, 22.5914986], [113.8863814, 22.5915189], [113.8863405, 22.5915334], [113.8863552, 22.5915687], [113.8863793, 22.5915787], [113.886401, 22.5915338], [113.8865089, 22.5915784], [113.8864887, 22.59162], [113.8864516, 22.5916047], [113.8864477, 22.5916127], [113.8864085, 22.5915965], [113.8863956, 22.5916231], [113.886374, 22.5916141], [113.8863865, 22.5916444], [113.886441, 22.5916252], [113.886466, 22.5916855], [113.8862736, 22.5917534], [113.8862486, 22.591693], [113.8863032, 22.5916738], [113.8862874, 22.5916358], [113.8862723, 22.5916596], [113.8862451, 22.5916449], [113.8862234, 22.5916791], [113.8862152, 22.5916747], [113.8861947, 22.5917071], [113.8861521, 22.5916841]]]]}}, {"type": "Feature", "id": "way/1424759351", "properties": {"tags": {"addr:housename": "天骄世家", "addr:housename:en": "Tianjiao Shijia", "addr:housename:zh": "天骄世家", "building": "apartments", "building:levels": "16", "name": "3栋", "name:en": "Block 3", "name:zh": "3栋"}, "heightStatus": "levels_only_unverified", "source": "OpenStreetMap", "license": "ODbL-1.0"}, "geometry": {"type": "MultiPolygon", "coordinates": [[[[113.8860508, 22.5902502], [113.8861346, 22.5900509], [113.8861929, 22.5900718], [113.8861811, 22.5901], [113.8861964, 22.5901051], [113.8861815, 22.5901431], [113.8862407, 22.5901629], [113.8862648, 22.5901092], [113.8862244, 22.5900937], [113.8862306, 22.5900798], [113.8862, 22.5900689], [113.8862226, 22.590015], [113.8864385, 22.5900924], [113.8864159, 22.5901462], [113.8863847, 22.5901351], [113.886377, 22.5901522], [113.8863366, 22.5901367], [113.8863112, 22.5901932], [113.8863873, 22.5901622], [113.8864129, 22.5902156], [113.8861667, 22.5903158], [113.8861412, 22.5902624], [113.8862173, 22.5902314], [113.8861551, 22.5902106], [113.8861402, 22.5902486], [113.8861213, 22.5902423], [113.8861092, 22.5902711], [113.8860508, 22.5902502]]]]}}, {"type": "Feature", "id": "way/1424759352", "properties": {"tags": {"addr:housename": "天骄世家", "addr:housename:en": "Tianjiao Shijia", "addr:housename:zh": "天骄世家", "building": "apartments", "building:levels": "16", "name": "5栋", "name:en": "Block 5", "name:zh": "5栋"}, "heightStatus": "levels_only_unverified", "source": "OpenStreetMap", "license": "ODbL-1.0"}, "geometry": {"type": "MultiPolygon", "coordinates": [[[[113.8855164, 22.5905296], [113.8855793, 22.5903238], [113.8856395, 22.5903395], [113.8856306, 22.5903687], [113.8856464, 22.5903724], [113.8856355, 22.5904115], [113.8856964, 22.590426], [113.8857149, 22.5903705], [113.8856731, 22.5903586], [113.8856778, 22.5903442], [113.8856463, 22.590336], [113.8856633, 22.5902804], [113.8858861, 22.5903384], [113.8858691, 22.5903941], [113.885837, 22.5903857], [113.885831, 22.5904034], [113.8857892, 22.5903916], [113.8857697, 22.59045], [113.8858423, 22.5904125], [113.8858733, 22.5904634], [113.8856386, 22.5905848], [113.8856076, 22.5905338], [113.8856802, 22.5904963], [113.8856161, 22.5904811], [113.8856052, 22.5905202], [113.8855857, 22.5905156], [113.8855767, 22.5905453], [113.8855164, 22.5905296]]]]}}, {"type": "Feature", "id": "way/1424762163", "properties": {"tags": {"addr:housename": "宝安新村", "addr:housename:en": "Bao'an Xincun", "addr:housename:zh": "宝安新村", "building": "apartments", "name": "2栋", "name:en": "Block 2", "name:zh": "2栋"}, "heightStatus": "unknown", "source": "OpenStreetMap", "license": "ODbL-1.0"}, "geometry": {"type": "MultiPolygon", "coordinates": [[[[113.8875951, 22.5902923], [113.8876346, 22.5902115], [113.8878003, 22.5902804], [113.887786, 22.5903098], [113.8879512, 22.5903786], [113.8879103, 22.5904625], [113.8877445, 22.5903935], [113.8877604, 22.5903611], [113.8875951, 22.5902923]]]]}}, {"type": "Feature", "id": "way/1424762164", "properties": {"tags": {"addr:housename": "宝安新村", "addr:housename:en": "Bao'an Xincun", "addr:housename:zh": "宝安新村", "building": "apartments", "name": "1栋", "name:en": "Block 1", "name:zh": "1栋"}, "heightStatus": "unknown", "source": "OpenStreetMap", "license": "ODbL-1.0"}, "geometry": {"type": "MultiPolygon", "coordinates": [[[[113.8877374, 22.5900522], [113.8877769, 22.5899713], [113.8879421, 22.5900401], [113.8879579, 22.5900077], [113.8881237, 22.5900767], [113.8880827, 22.5901606], [113.8879174, 22.5900918], [113.8879031, 22.5901211], [113.8877374, 22.5900522]]]]}}, {"type": "Feature", "id": "way/1424762165", "properties": {"tags": {"addr:housename": "宝安新村", "addr:housename:en": "Bao'an Xincun", "addr:housename:zh": "宝安新村", "building": "apartments", "name": "5栋", "name:en": "Block 5", "name:zh": "5栋"}, "heightStatus": "unknown", "source": "OpenStreetMap", "license": "ODbL-1.0"}, "geometry": {"type": "MultiPolygon", "coordinates": [[[[113.887995, 22.5909015], [113.888045, 22.5907985], [113.8882108, 22.5908672], [113.8881955, 22.5908988], [113.8883613, 22.5909675], [113.8883767, 22.5909359], [113.888543, 22.5910048], [113.8885271, 22.5910375], [113.8886927, 22.591106], [113.8886423, 22.5912096], [113.8884766, 22.5911409], [113.8884922, 22.5911088], [113.8883263, 22.5910401], [113.8883112, 22.5910711], [113.8881449, 22.5910022], [113.8881605, 22.5909701], [113.887995, 22.5909015]]]]}}, {"type": "Feature", "id": "way/1424762166", "properties": {"tags": {"addr:housename": "宝安新村", "addr:housename:en": "Bao'an Xincun", "addr:housename:zh": "宝安新村", "building": "apartments", "name": "14栋", "name:en": "Block 14", "name:zh": "14栋"}, "heightStatus": "unknown", "source": "OpenStreetMap", "license": "ODbL-1.0"}, "geometry": {"type": "MultiPolygon", "coordinates": [[[[113.8866452, 22.5926428], [113.886652, 22.5925419], [113.8866741, 22.5925432], [113.8866806, 22.5924463], [113.8869137, 22.5924597], [113.8869071, 22.5925566], [113.8869374, 22.5925583], [113.886944, 22.5924614], [113.887177, 22.5924748], [113.8871705, 22.5925717], [113.8871926, 22.5925729], [113.8871858, 22.5926738], [113.8871638, 22.5926725], [113.887161, 22.5927133], [113.8866645, 22.5926848], [113.8866673, 22.592644], [113.8866452, 22.5926428]]]]}}, {"type": "Feature", "id": "way/1424762167", "properties": {"tags": {"addr:housename": "宝安新村", "addr:housename:en": "Bao'an Xincun", "addr:housename:zh": "宝安新村", "building": "apartments", "name": "13栋", "name:en": "Block 13", "name:zh": "13栋"}, "heightStatus": "unknown", "source": "OpenStreetMap", "license": "ODbL-1.0"}, "geometry": {"type": "MultiPolygon", "coordinates": [[[[113.8872859, 22.5926955], [113.8872909, 22.5926209], [113.8873686, 22.5926254], [113.8873705, 22.5925968], [113.8873123, 22.5925935], [113.8873165, 22.5925302], [113.8873748, 22.5925335], [113.8873758, 22.5925187], [113.887446, 22.5925228], [113.887445, 22.5925375], [113.8875033, 22.5925409], [113.887499, 22.5926042], [113.8874408, 22.5926008], [113.8874388, 22.5926294], [113.8875942, 22.5926383], [113.8875961, 22.5926097], [113.8875379, 22.5926064], [113.8875421, 22.5925431], [113.8876004, 22.5925464], [113.8876014, 22.5925317], [113.8876716, 22.5925357], [113.8876706, 22.5925505], [113.8877289, 22.5925538], [113.8877246, 22.5926171], [113.8876664, 22.5926138], [113.8876644, 22.5926424], [113.8878198, 22.5926513], [113.8878217, 22.5926227], [113.8877635, 22.5926193], [113.8877677, 22.592556], [113.887826, 22.5925594], [113.887827, 22.5925446], [113.8878972, 22.5925486], [113.8878962, 22.5925634], [113.8879545, 22.5925667], [113.8879502, 22.59263], [113.8878919, 22.5926267], [113.88789, 22.5926553], [113.8879677, 22.5926598], [113.8879627, 22.5927343], [113.8872859, 22.5926955]]]]}}, {"type": "Feature", "id": "way/1424762168", "properties": {"tags": {"addr:housename": "宝安新村", "addr:housename:en": "Bao'an Xincun", "addr:housename:zh": "宝安新村", "building": "apartments", "name": "12栋", "name:en": "Block 12", "name:zh": "12栋"}, "heightStatus": "unknown", "source": "OpenStreetMap", "license": "ODbL-1.0"}, "geometry": {"type": "MultiPolygon", "coordinates": [[[[113.8867026, 22.5922979], [113.8867127, 22.5921972], [113.8874739, 22.5922625], [113.8874638, 22.5923631], [113.8867026, 22.5922979]]]]}}, {"type": "Feature", "id": "way/1424762169", "properties": {"tags": {"addr:housename": "宝安新村", "addr:housename:en": "Bao'an Xincun", "addr:housename:zh": "宝安新村", "building": "apartments", "name": "11栋", "name:en": "Block 11", "name:zh": "11栋"}, "heightStatus": "unknown", "source": "OpenStreetMap", "license": "ODbL-1.0"}, "geometry": {"type": "MultiPolygon", "coordinates": [[[[113.8868356, 22.5920688], [113.8868525, 22.5919015], [113.8875088, 22.5919577], [113.887492, 22.592125], [113.8868356, 22.5920688]]]]}}, {"type": "Feature", "id": "way/1424762170", "properties": {"tags": {"addr:housename": "宝安新村", "addr:housename:en": "Bao'an Xincun", "addr:housename:zh": "宝安新村", "building": "apartments", "name": "8栋", "name:en": "Block 8", "name:zh": "8栋"}, "heightStatus": "unknown", "source": "OpenStreetMap", "license": "ODbL-1.0"}, "geometry": {"type": "MultiPolygon", "coordinates": [[[[113.8870123, 22.5915483], [113.8870517, 22.5914674], [113.8872175, 22.5915363], [113.8872032, 22.5915656], [113.8874041, 22.5916491], [113.8874184, 22.59162], [113.8875841, 22.5916889], [113.8875447, 22.5917698], [113.8873794, 22.5917011], [113.8873636, 22.5917334], [113.8871618, 22.5916496], [113.8871777, 22.591617], [113.8870123, 22.5915483]]]]}}, {"type": "Feature", "id": "way/1424762171", "properties": {"tags": {"addr:housename": "宝安新村", "addr:housename:en": "Bao'an Xincun", "addr:housename:zh": "宝安新村", "building": "apartments", "name": "7栋", "name:en": "Block 7", "name:zh": "7栋"}, "heightStatus": "unknown", "source": "OpenStreetMap", "license": "ODbL-1.0"}, "geometry": {"type": "MultiPolygon", "coordinates": [[[[113.8871442, 22.5912903], [113.8871836, 22.5912094], [113.887349, 22.5912781], [113.8873649, 22.5912456], [113.8875667, 22.5913295], [113.8875509, 22.5913618], [113.8877162, 22.5914305], [113.8876767, 22.5915114], [113.887511, 22.5914425], [113.8875252, 22.5914134], [113.8873242, 22.5913298], [113.8873099, 22.5913592], [113.8871442, 22.5912903]]]]}}, {"type": "Feature", "id": "way/1424762172", "properties": {"tags": {"addr:housename": "宝安新村", "addr:housename:en": "Bao'an Xincun", "addr:housename:zh": "宝安新村", "building": "apartments", "name": "9栋", "name:en": "Block 9", "name:zh": "9栋"}, "heightStatus": "unknown", "source": "OpenStreetMap", "license": "ODbL-1.0"}, "geometry": {"type": "MultiPolygon", "coordinates": [[[[113.8880422, 22.5916363], [113.8880832, 22.5915523], [113.8882489, 22.5916213], [113.8882331, 22.5916537], [113.8883984, 22.5917225], [113.8883589, 22.5918034], [113.8881932, 22.5917344], [113.8882075, 22.5917051], [113.8880422, 22.5916363]]]]}}, {"type": "Feature", "id": "way/1424762173", "properties": {"tags": {"addr:housename": "宝安新村", "addr:housename:en": "Bao'an Xincun", "addr:housename:zh": "宝安新村", "building": "apartments", "name": "10栋", "name:en": "Block 10", "name:zh": "10栋"}, "heightStatus": "unknown", "source": "OpenStreetMap", "license": "ODbL-1.0"}, "geometry": {"type": "MultiPolygon", "coordinates": [[[[113.8879133, 22.5919552], [113.8879528, 22.5918743], [113.8881181, 22.5919431], [113.8881339, 22.5919108], [113.8882996, 22.5919798], [113.8882586, 22.5920637], [113.8880933, 22.5919949], [113.888079, 22.5920242], [113.8879133, 22.5919552]]]]}}, {"type": "Feature", "id": "way/1424762174", "properties": {"tags": {"addr:housename": "宝安新村", "addr:housename:en": "Bao'an Xincun", "addr:housename:zh": "宝安新村", "building": "apartments", "name": "6栋", "name:en": "Block 6", "name:zh": "6栋"}, "heightStatus": "unknown", "source": "OpenStreetMap", "license": "ODbL-1.0"}, "geometry": {"type": "MultiPolygon", "coordinates": [[[[113.8878447, 22.5912186], [113.8878948, 22.5911156], [113.8880603, 22.5911842], [113.8880759, 22.5911521], [113.8882422, 22.591221], [113.8882272, 22.591252], [113.8883931, 22.5913207], [113.8884087, 22.5912886], [113.8885744, 22.5913572], [113.8885241, 22.5914608], [113.8883586, 22.5913922], [113.8883427, 22.5914249], [113.8881764, 22.591356], [113.8881917, 22.5913244], [113.8880258, 22.5912557], [113.8880105, 22.5912873], [113.8878447, 22.5912186]]]]}}, {"type": "Feature", "id": "way/1424762175", "properties": {"tags": {"addr:housename": "宝安新村", "addr:housename:en": "Bao'an Xincun", "addr:housename:zh": "宝安新村", "building": "apartments", "name": "3栋", "name:en": "Block 3", "name:zh": "3栋"}, "heightStatus": "unknown", "source": "OpenStreetMap", "license": "ODbL-1.0"}, "geometry": {"type": "MultiPolygon", "coordinates": [[[[113.8874377, 22.5906459], [113.8874772, 22.5905651], [113.8876424, 22.5906339], [113.8876582, 22.5906015], [113.887824, 22.5906705], [113.887783, 22.5907544], [113.8876177, 22.5906856], [113.8876034, 22.5907149], [113.8874377, 22.5906459]]]]}}, {"type": "Feature", "id": "way/1424762176", "properties": {"tags": {"addr:housename": "宝安新村", "addr:housename:en": "Bao'an Xincun", "addr:housename:zh": "宝安新村", "building": "apartments", "name": "4栋", "name:en": "Block 4", "name:zh": "4栋"}, "heightStatus": "unknown", "source": "OpenStreetMap", "license": "ODbL-1.0"}, "geometry": {"type": "MultiPolygon", "coordinates": [[[[113.8872929, 22.5909328], [113.8873434, 22.5908293], [113.8875092, 22.5908983], [113.8874933, 22.5909307], [113.8876586, 22.5909995], [113.8876081, 22.5911029], [113.8874424, 22.591034], [113.8874582, 22.5910016], [113.8872929, 22.5909328]]]]}}, {"type": "Feature", "id": "way/1424764438", "properties": {"tags": {"building": "commercial"}, "heightStatus": "unknown", "source": "OpenStreetMap", "license": "ODbL-1.0"}, "geometry": {"type": "MultiPolygon", "coordinates": [[[[113.8809377, 22.5907627], [113.8811995, 22.5905024], [113.8814419, 22.5902614], [113.8818629, 22.5898428], [113.8818852, 22.5898319], [113.8819098, 22.5898265], [113.881935, 22.5898269], [113.8819594, 22.5898331], [113.8819813, 22.5898448], [113.8819993, 22.5898611], [113.8820124, 22.589881], [113.8820197, 22.5899033], [113.8821169, 22.590129], [113.8821258, 22.5901513], [113.8821291, 22.5901748], [113.8821268, 22.5901985], [113.8821189, 22.5902211], [113.8821057, 22.5902415], [113.8820881, 22.5902588], [113.8818931, 22.5904504], [113.8814887, 22.5908481], [113.8810546, 22.5908629], [113.8809377, 22.5907627]]]]}}, {"type": "Feature", "id": "way/1424764439", "properties": {"tags": {"addr:housename": "君成·雍和园", "addr:housename:en": "Juncheng Yonghe Garden", "addr:housename:zh": "君成·雍和园", "building": "apartments", "building:levels": "44", "layer": "1", "name": "1栋B座", "name:en": "Block 1B", "name:zh": "1栋B座"}, "heightStatus": "levels_only_unverified", "source": "OpenStreetMap", "license": "ODbL-1.0"}, "geometry": {"type": "MultiPolygon", "coordinates": [[[[113.8811856, 22.5905323], [113.8811903, 22.5905165], [113.8811995, 22.5905024], [113.8814419, 22.5902614], [113.8814588, 22.5902507], [113.881479, 22.590247], [113.8814991, 22.5902508], [113.8815161, 22.5902616], [113.8815271, 22.5902776], [113.8815811, 22.5904054], [113.8815863, 22.5904212], [113.8815866, 22.5904376], [113.8815819, 22.5904535], [113.8815727, 22.5904676], [113.88133, 22.5907086], [113.8813133, 22.5907193], [113.8812932, 22.590723], [113.881273, 22.5907192], [113.8812561, 22.5907084], [113.8812451, 22.5906924], [113.881191, 22.5905645], [113.8811859, 22.5905488], [113.8811856, 22.5905323]]]]}}, {"type": "Feature", "id": "way/1424764440", "properties": {"tags": {"addr:housename": "君成·雍和园", "addr:housename:en": "Juncheng Yonghe Garden", "addr:housename:zh": "君成·雍和园", "building": "apartments", "building:levels": "33", "layer": "1", "name": "1栋A座", "name:en": "Block 1A", "name:zh": "1栋A座"}, "heightStatus": "levels_only_unverified", "source": "OpenStreetMap", "license": "ODbL-1.0"}, "geometry": {"type": "MultiPolygon", "coordinates": [[[[113.8817527, 22.5903442], [113.8817528, 22.5903271], [113.8817585, 22.5903107], [113.8817692, 22.5902967], [113.8818838, 22.590184], [113.8818945, 22.5901718], [113.8819004, 22.5901571], [113.8819009, 22.5901414], [113.8818959, 22.5901264], [113.8818341, 22.5899831], [113.88183, 22.5899652], [113.8818315, 22.589947], [113.8818384, 22.5899298], [113.8818891, 22.5898788], [113.8819049, 22.5898663], [113.8819236, 22.5898582], [113.8819441, 22.589855], [113.8819647, 22.5898569], [113.8819884, 22.5898663], [113.8820074, 22.5898824], [113.8820197, 22.5899033], [113.8821169, 22.590129], [113.8821258, 22.5901513], [113.8821291, 22.5901748], [113.8821268, 22.5901985], [113.8821189, 22.5902211], [113.8821057, 22.5902415], [113.8820881, 22.5902588], [113.8818931, 22.5904504], [113.8818774, 22.5904613], [113.8818589, 22.5904674], [113.8818393, 22.5904684], [113.8818202, 22.5904639], [113.8818034, 22.5904546], [113.8817903, 22.5904411], [113.8817581, 22.5903607], [113.8817527, 22.5903442]]]]}}, {"type": "Feature", "id": "way/1424764441", "properties": {"tags": {"addr:housename": "君成·雍和园", "addr:housename:en": "Juncheng Yonghe Garden", "addr:housename:zh": "君成·雍和园", "building": "apartments", "building:levels": "45", "name": "2栋", "name:en": "Block 2", "name:zh": "2栋"}, "heightStatus": "levels_only_unverified", "source": "OpenStreetMap", "license": "ODbL-1.0"}, "geometry": {"type": "MultiPolygon", "coordinates": [[[[113.8815226, 22.5908661], [113.8815859, 22.5907793], [113.8817043, 22.5908529], [113.8817483, 22.5908099], [113.8817156, 22.5907814], [113.8817785, 22.5907198], [113.8819309, 22.5908527], [113.8818679, 22.5909142], [113.8818352, 22.5908857], [113.8817912, 22.5909287], [113.8818775, 22.5910337], [113.8817873, 22.5910969], [113.8816757, 22.5909612], [113.8815226, 22.5908661]]]]}}, {"type": "Feature", "id": "way/1424764442", "properties": {"tags": {"addr:housename": "君成·雍和园", "addr:housename:en": "Juncheng Yonghe Garden", "addr:housename:zh": "君成·雍和园", "building": "apartments", "building:levels": "44", "name": "4栋", "name:en": "Block 4", "name:zh": "4栋"}, "heightStatus": "levels_only_unverified", "source": "OpenStreetMap", "license": "ODbL-1.0"}, "geometry": {"type": "MultiPolygon", "coordinates": [[[[113.8827269, 22.5910908], [113.8828838, 22.5909626], [113.8829446, 22.5910259], [113.8829108, 22.5910535], [113.8829533, 22.5910978], [113.8830743, 22.5910278], [113.8831345, 22.5911164], [113.8829781, 22.5912069], [113.8828619, 22.5913392], [113.8827739, 22.5912733], [113.8828639, 22.5911709], [113.8828214, 22.5911266], [113.8827877, 22.5911542], [113.8827269, 22.5910908]]]]}}, {"type": "Feature", "id": "way/1424764443", "properties": {"tags": {"addr:housename": "君成·雍和园", "addr:housename:en": "Juncheng Yonghe Garden", "addr:housename:zh": "君成·雍和园", "building": "apartments", "building:levels": "44", "name": "3栋", "name:en": "Block 3", "name:zh": "3栋"}, "heightStatus": "levels_only_unverified", "source": "OpenStreetMap", "license": "ODbL-1.0"}, "geometry": {"type": "MultiPolygon", "coordinates": [[[[113.8820236, 22.5912578], [113.8820273, 22.5911532], [113.88217, 22.5911576], [113.8821826, 22.5910995], [113.8821384, 22.5910914], [113.8821564, 22.5910084], [113.8823619, 22.5910464], [113.8823439, 22.5911293], [113.8822997, 22.5911212], [113.8822872, 22.5911792], [113.8824207, 22.5912259], [113.8823806, 22.5913237], [113.882208, 22.5912634], [113.8820236, 22.5912578]]]]}}, {"type": "Feature", "id": "way/1424764446", "properties": {"tags": {"addr:housename": "丽景城", "addr:housename:en": "Lijingcheng", "addr:housename:zh": "丽景城", "building": "apartments", "building:levels": "11", "name": "4栋", "name:en": "Block 4", "name:zh": "4栋"}, "heightStatus": "levels_only_unverified", "source": "OpenStreetMap", "license": "ODbL-1.0"}, "geometry": {"type": "MultiPolygon", "coordinates": [[[[113.8837025, 22.5924947], [113.8837067, 22.5924294], [113.8848908, 22.5924939], [113.8848866, 22.5925593], [113.8848575, 22.5925577], [113.8848501, 22.5926729], [113.8847008, 22.5926648], [113.8847082, 22.5925495], [113.884664, 22.5925471], [113.8846567, 22.5926624], [113.8845073, 22.5926542], [113.8845147, 22.592539], [113.8844755, 22.5925368], [113.8844681, 22.592652], [113.8843188, 22.5926439], [113.8843261, 22.5925287], [113.884282, 22.5925263], [113.8842747, 22.5926415], [113.8841253, 22.5926334], [113.8841327, 22.5925182], [113.8840744, 22.592515], [113.8840671, 22.5926302], [113.8839177, 22.5926221], [113.8839251, 22.5925068], [113.883881, 22.5925044], [113.8838736, 22.5926197], [113.8837243, 22.5926115], [113.8837316, 22.5924963], [113.8837025, 22.5924947]]]]}}, {"type": "Feature", "id": "way/1424764447", "properties": {"tags": {"addr:housename": "丽景城", "addr:housename:en": "Lijingcheng", "addr:housename:zh": "丽景城", "building": "apartments", "building:levels": "11", "name": "3栋", "name:en": "Block 3", "name:zh": "3栋"}, "heightStatus": "levels_only_unverified", "source": "OpenStreetMap", "license": "ODbL-1.0"}, "geometry": {"type": "MultiPolygon", "coordinates": [[[[113.8824627, 22.5924359], [113.8824668, 22.5923705], [113.883651, 22.5924351], [113.8836468, 22.5925005], [113.8836176, 22.5924989], [113.8836103, 22.5926141], [113.883461, 22.592606], [113.8834683, 22.5924907], [113.8834242, 22.5924883], [113.8834168, 22.5926035], [113.8832675, 22.5925954], [113.8832749, 22.5924802], [113.8832356, 22.592478], [113.8832283, 22.5925932], [113.8830789, 22.5925851], [113.8830863, 22.5924699], [113.8830422, 22.5924675], [113.8830348, 22.5925827], [113.8828855, 22.5925746], [113.8828929, 22.5924593], [113.8828346, 22.5924562], [113.8828272, 22.5925714], [113.8826779, 22.5925632], [113.8826852, 22.592448], [113.8826411, 22.5924456], [113.8826338, 22.5925608], [113.8824844, 22.5925527], [113.8824918, 22.5924375], [113.8824627, 22.5924359]]]]}}, {"type": "Feature", "id": "way/1424764448", "properties": {"tags": {"addr:housename": "丽景城", "addr:housename:en": "Lijingcheng", "addr:housename:zh": "丽景城", "building": "apartments", "building:levels": "11", "name": "2栋", "name:en": "Block 2", "name:zh": "2栋"}, "heightStatus": "levels_only_unverified", "source": "OpenStreetMap", "license": "ODbL-1.0"}, "geometry": {"type": "MultiPolygon", "coordinates": [[[[113.8812939, 22.5923676], [113.8812981, 22.5923022], [113.8822933, 22.5923561], [113.8822891, 22.5924212], [113.8822671, 22.59242], [113.8822597, 22.5925352], [113.8821104, 22.5925271], [113.8821177, 22.5924119], [113.8820669, 22.5924097], [113.8820595, 22.5925249], [113.8819102, 22.5925168], [113.8819176, 22.5924016], [113.8818734, 22.5923992], [113.8818661, 22.5925144], [113.8817167, 22.5925063], [113.8817241, 22.592391], [113.8816658, 22.5923879], [113.8816585, 22.5925031], [113.8815091, 22.5924949], [113.8815165, 22.5923797], [113.8814724, 22.5923773], [113.881465, 22.5924925], [113.8813157, 22.5924844], [113.881323, 22.5923692], [113.8812939, 22.5923676]]]]}}, {"type": "Feature", "id": "way/1424764449", "properties": {"tags": {"addr:housename": "丽景城", "addr:housename:en": "Lijingcheng", "addr:housename:zh": "丽景城", "building": "apartments", "building:levels": "11", "name": "1栋", "name:en": "Block 1", "name:zh": "1栋"}, "heightStatus": "levels_only_unverified", "source": "OpenStreetMap", "license": "ODbL-1.0"}, "geometry": {"type": "MultiPolygon", "coordinates": [[[[113.8804202, 22.5922683], [113.8804243, 22.592203], [113.8812265, 22.5922467], [113.8812223, 22.5923121], [113.8811931, 22.5923105], [113.8811858, 22.5924257], [113.8810365, 22.5924175], [113.8810438, 22.5923023], [113.8809997, 22.5922999], [113.8809923, 22.5924151], [113.880843, 22.592407], [113.8808504, 22.5922918], [113.8807921, 22.5922886], [113.8807847, 22.5924038], [113.8806354, 22.5923957], [113.8806428, 22.5922805], [113.8805986, 22.5922781], [113.8805913, 22.5923933], [113.8804419, 22.5923852], [113.8804493, 22.5922699], [113.8804202, 22.5922683]]]]}}, {"type": "Feature", "id": "way/1424764450", "properties": {"tags": {"addr:housename": "丽景城", "addr:housename:en": "Lijingcheng", "addr:housename:zh": "丽景城", "building": "apartments", "building:levels": "11", "name": "12栋", "name:en": "Block 12", "name:zh": "12栋"}, "heightStatus": "levels_only_unverified", "source": "OpenStreetMap", "license": "ODbL-1.0"}, "geometry": {"type": "MultiPolygon", "coordinates": [[[[113.8802224, 22.5920732], [113.880252, 22.5919221], [113.880375, 22.5919426], [113.8803854, 22.5918896], [113.8802624, 22.591869], [113.880292, 22.5917179], [113.880415, 22.5917384], [113.8804202, 22.5917119], [113.88049, 22.5917236], [113.88041, 22.5921319], [113.8803402, 22.5921203], [113.8803454, 22.5920937], [113.8802224, 22.5920732]]]]}}, {"type": "Feature", "id": "way/1424764451", "properties": {"tags": {"addr:housename": "丽景城", "addr:housename:en": "Lijingcheng", "addr:housename:zh": "丽景城", "building": "apartments", "building:levels": "11", "name": "11栋", "name:en": "Block 11", "name:zh": "11栋"}, "heightStatus": "levels_only_unverified", "source": "OpenStreetMap", "license": "ODbL-1.0"}, "geometry": {"type": "MultiPolygon", "coordinates": [[[[113.8803508, 22.5914574], [113.8804639, 22.5913447], [113.8805556, 22.5914232], [113.8805953, 22.5913837], [113.8805036, 22.5913052], [113.8806167, 22.5911926], [113.8807084, 22.5912711], [113.8807282, 22.5912513], [113.8807802, 22.5912958], [113.8804747, 22.5916001], [113.8804227, 22.5915556], [113.8804425, 22.5915358], [113.8803508, 22.5914574]]]]}}, {"type": "Feature", "id": "way/1424764452", "properties": {"tags": {"addr:housename": "丽景城", "addr:housename:en": "Lijingcheng", "addr:housename:zh": "丽景城", "building": "apartments", "building:levels": "19", "name": "10栋", "name:en": "Block 10", "name:zh": "10栋"}, "heightStatus": "levels_only_unverified", "source": "OpenStreetMap", "license": "ODbL-1.0"}, "geometry": {"type": "MultiPolygon", "coordinates": [[[[113.8809046, 22.5912398], [113.8809098, 22.5911445], [113.8809728, 22.5911475], [113.8809719, 22.5911633], [113.8810222, 22.5911657], [113.8810238, 22.5911373], [113.8809992, 22.5911361], [113.8810005, 22.5911119], [113.8809354, 22.5911089], [113.8809388, 22.5910475], [113.8811076, 22.5910554], [113.8811041, 22.5911181], [113.8810909, 22.5911174], [113.8810892, 22.5911481], [113.881236, 22.591155], [113.8812377, 22.5911243], [113.8812245, 22.5911237], [113.8812279, 22.591061], [113.8813967, 22.591069], [113.8813933, 22.5911304], [113.8813282, 22.5911273], [113.8813269, 22.5911515], [113.8813023, 22.5911504], [113.8813007, 22.5911788], [113.8813511, 22.5911812], [113.8813519, 22.5911653], [113.8814149, 22.5911683], [113.8814096, 22.5912636], [113.8813565, 22.5912611], [113.8813552, 22.5912852], [113.8813865, 22.5912866], [113.8813839, 22.5913334], [113.8812344, 22.5913264], [113.8812371, 22.5912769], [113.8812693, 22.5912784], [113.8812724, 22.5912221], [113.8810456, 22.5912115], [113.8810425, 22.5912677], [113.8810747, 22.5912693], [113.881072, 22.5913187], [113.8809225, 22.5913117], [113.880925, 22.5912649], [113.8809563, 22.5912664], [113.8809576, 22.5912423], [113.8809046, 22.5912398]]]]}}, {"type": "Feature", "id": "way/1424764453", "properties": {"tags": {"addr:housename": "丽景城", "addr:housename:en": "Lijingcheng", "addr:housename:zh": "丽景城", "building": "apartments", "building:levels": "19", "name": "9栋", "name:en": "Block 9", "name:zh": "9栋"}, "heightStatus": "levels_only_unverified", "source": "OpenStreetMap", "license": "ODbL-1.0"}, "geometry": {"type": "MultiPolygon", "coordinates": [[[[113.8815204, 22.5915542], [113.8815593, 22.5915242], [113.8815794, 22.5915464], [113.8815994, 22.5915309], [113.8815654, 22.5914933], [113.8816447, 22.5914321], [113.8816851, 22.5914768], [113.8816719, 22.591487], [113.8817042, 22.5915227], [113.8817279, 22.5915045], [113.8817121, 22.591487], [113.8817322, 22.5914715], [113.8816905, 22.5914253], [113.8817416, 22.5913859], [113.8818499, 22.5915057], [113.8817977, 22.5915459], [113.8817892, 22.5915365], [113.8817637, 22.5915562], [113.8818578, 22.5916604], [113.8818834, 22.5916408], [113.8818749, 22.5916314], [113.8819271, 22.5915912], [113.8820353, 22.591711], [113.8819842, 22.5917504], [113.8819424, 22.5917042], [113.8819223, 22.5917197], [113.8819065, 22.5917022], [113.8818828, 22.5917205], [113.8819151, 22.5917562], [113.8819283, 22.591746], [113.8819687, 22.5917907], [113.8818893, 22.5918518], [113.8818553, 22.5918141], [113.8818352, 22.5918296], [113.8818553, 22.5918518], [113.8818163, 22.5918818], [113.8817204, 22.5917756], [113.8817616, 22.5917439], [113.8817823, 22.5917668], [113.8818291, 22.5917307], [113.8816836, 22.5915696], [113.8816368, 22.5916057], [113.8816575, 22.5916286], [113.8816163, 22.5916604], [113.8815204, 22.5915542]]]]}}, {"type": "Feature", "id": "way/1424764454", "properties": {"tags": {"addr:housename": "丽景城", "addr:housename:en": "Lijingcheng", "addr:housename:zh": "丽景城", "building": "apartments", "building:levels": "19", "name": "8栋", "name:en": "Block 8", "name:zh": "8栋"}, "heightStatus": "levels_only_unverified", "source": "OpenStreetMap", "license": "ODbL-1.0"}, "geometry": {"type": "MultiPolygon", "coordinates": [[[[113.8821952, 22.5919034], [113.8822014, 22.5918082], [113.8822643, 22.5918117], [113.8822633, 22.5918275], [113.8823136, 22.5918303], [113.8823154, 22.5918019], [113.8822909, 22.5918005], [113.8822925, 22.5917764], [113.8822274, 22.5917728], [113.8822314, 22.5917114], [113.8824001, 22.5917208], [113.882396, 22.5917834], [113.8823828, 22.5917827], [113.8823808, 22.5918133], [113.8825275, 22.5918215], [113.8825295, 22.5917908], [113.8825163, 22.5917901], [113.8825204, 22.5917275], [113.8826891, 22.5917368], [113.8826851, 22.5917982], [113.88262, 22.5917946], [113.8826184, 22.5918188], [113.8825938, 22.5918174], [113.882592, 22.5918458], [113.8826423, 22.5918486], [113.8826433, 22.5918328], [113.8827062, 22.5918363], [113.8827, 22.5919315], [113.882647, 22.5919286], [113.8826454, 22.5919526], [113.8826766, 22.5919544], [113.8826736, 22.5920011], [113.8825241, 22.5919928], [113.8825273, 22.5919434], [113.8825596, 22.5919452], [113.8825632, 22.5918889], [113.8823365, 22.5918763], [113.8823329, 22.5919326], [113.8823651, 22.5919343], [113.8823619, 22.5919838], [113.8822124, 22.5919755], [113.8822154, 22.5919287], [113.8822467, 22.5919305], [113.8822483, 22.5919064], [113.8821952, 22.5919034]]]]}}, {"type": "Feature", "id": "way/1424764455", "properties": {"tags": {"addr:housename": "丽景城", "addr:housename:en": "Lijingcheng", "addr:housename:zh": "丽景城", "building": "apartments", "building:levels": "19", "name": "7栋", "name:en": "Block 7", "name:zh": "7栋"}, "heightStatus": "levels_only_unverified", "source": "OpenStreetMap", "license": "ODbL-1.0"}, "geometry": {"type": "MultiPolygon", "coordinates": [[[[113.8828572, 22.5915413], [113.8830186, 22.591495], [113.8830387, 22.5915549], [113.8830261, 22.5915585], [113.8830359, 22.5915878], [113.8831764, 22.5915475], [113.8831665, 22.5915182], [113.8831538, 22.5915218], [113.8831336, 22.5914619], [113.883295, 22.5914156], [113.8833148, 22.5914743], [113.8832525, 22.5914922], [113.8832603, 22.5915153], [113.8832368, 22.5915221], [113.883246, 22.5915492], [113.8832941, 22.5915354], [113.883289, 22.5915203], [113.8833492, 22.591503], [113.8833799, 22.5915941], [113.8833291, 22.5916087], [113.8833369, 22.5916317], [113.8833668, 22.5916231], [113.8833818, 22.5916678], [113.8832388, 22.5917089], [113.8832229, 22.5916616], [113.8832537, 22.5916527], [113.8832356, 22.5915989], [113.8830187, 22.5916612], [113.8830368, 22.591715], [113.8830677, 22.5917062], [113.8830836, 22.5917535], [113.8829406, 22.5917945], [113.8829256, 22.5917498], [113.8829555, 22.5917412], [113.8829477, 22.5917182], [113.8828969, 22.5917327], [113.8828663, 22.5916416], [113.8829264, 22.5916243], [113.8829315, 22.5916395], [113.8829797, 22.5916257], [113.8829705, 22.5915985], [113.882947, 22.5916053], [113.8829392, 22.5915821], [113.882877, 22.5916], [113.8828572, 22.5915413]]]]}}, {"type": "Feature", "id": "way/1424764456", "properties": {"tags": {"addr:housename": "丽景城", "addr:housename:en": "Lijingcheng", "addr:housename:zh": "丽景城", "building": "apartments", "building:levels": "19", "name": "5栋", "name:en": "Block 5", "name:zh": "5栋"}, "heightStatus": "levels_only_unverified", "source": "OpenStreetMap", "license": "ODbL-1.0"}, "geometry": {"type": "MultiPolygon", "coordinates": [[[[113.8842725, 22.5918186], [113.8843032, 22.5917813], [113.8843281, 22.5917988], [113.8843439, 22.5917796], [113.8843016, 22.5917499], [113.8843641, 22.5916739], [113.8844143, 22.5917091], [113.8844038, 22.5917218], [113.884444, 22.5917499], [113.8844626, 22.5917272], [113.884443, 22.5917135], [113.8844589, 22.5916942], [113.884407, 22.5916578], [113.8844472, 22.5916088], [113.8845818, 22.5917031], [113.8845407, 22.5917531], [113.8845302, 22.5917457], [113.8845101, 22.5917702], [113.8846272, 22.5918523], [113.8846473, 22.5918278], [113.8846367, 22.5918204], [113.8846778, 22.5917704], [113.8848124, 22.5918648], [113.8847722, 22.5919137], [113.8847202, 22.5918773], [113.8847044, 22.5918966], [113.8846848, 22.5918829], [113.8846661, 22.5919056], [113.8847063, 22.5919337], [113.8847167, 22.591921], [113.8847669, 22.5919562], [113.8847044, 22.5920322], [113.884662, 22.5920026], [113.8846462, 22.5920218], [113.8846712, 22.5920393], [113.8846405, 22.5920766], [113.8845212, 22.591993], [113.8845537, 22.5919535], [113.8845794, 22.5919715], [113.8846163, 22.5919267], [113.8844354, 22.5917999], [113.8843985, 22.5918447], [113.8844242, 22.5918628], [113.8843918, 22.5919022], [113.8842725, 22.5918186]]]]}}, {"type": "Feature", "id": "way/1424764457", "properties": {"tags": {"addr:housename": "丽景城", "addr:housename:en": "Lijingcheng", "addr:housename:zh": "丽景城", "building": "apartments", "building:levels": "19", "name": "6栋", "name:en": "Block 6", "name:zh": "6栋"}, "heightStatus": "levels_only_unverified", "source": "OpenStreetMap", "license": "ODbL-1.0"}, "geometry": {"type": "MultiPolygon", "coordinates": [[[[113.8836074, 22.5915541], [113.8836147, 22.5914589], [113.8836775, 22.591463], [113.8836763, 22.5914788], [113.8837266, 22.5914821], [113.8837288, 22.5914537], [113.8837042, 22.5914521], [113.883706, 22.5914279], [113.883641, 22.5914237], [113.8836457, 22.5913624], [113.8838143, 22.5913733], [113.8838095, 22.5914359], [113.8837963, 22.591435], [113.8837939, 22.5914656], [113.8839406, 22.5914751], [113.8839429, 22.5914445], [113.8839297, 22.5914437], [113.8839345, 22.5913811], [113.884103, 22.591392], [113.8840984, 22.5914533], [113.8840334, 22.5914491], [113.8840315, 22.5914733], [113.884007, 22.5914717], [113.8840048, 22.5915001], [113.8840551, 22.5915033], [113.8840563, 22.5914875], [113.8841192, 22.5914916], [113.8841119, 22.5915868], [113.8840589, 22.5915833], [113.8840571, 22.5916074], [113.8840883, 22.5916094], [113.8840848, 22.5916561], [113.8839354, 22.5916464], [113.8839391, 22.591597], [113.8839714, 22.5915991], [113.8839756, 22.5915429], [113.883749, 22.5915282], [113.8837448, 22.5915844], [113.883777, 22.5915865], [113.8837732, 22.5916359], [113.8836239, 22.5916263], [113.8836274, 22.5915796], [113.8836586, 22.5915816], [113.8836605, 22.5915575], [113.8836074, 22.5915541]]]]}}, {"type": "Feature", "id": "way/1424767273", "properties": {"tags": {"building": "commercial", "name": "正泰商业大厦"}, "heightStatus": "unknown", "source": "OpenStreetMap", "license": "ODbL-1.0"}, "geometry": {"type": "MultiPolygon", "coordinates": [[[[113.8850758, 22.5927138], [113.8851405, 22.5920718], [113.88595, 22.5923487], [113.8859042, 22.592785], [113.8850758, 22.5927138]]]]}}, {"type": "Feature", "id": "way/1424767282", "properties": {"tags": {"addr:housename": "富盈门", "addr:housename:en": "Fuyingmen", "addr:housename:zh": "富盈门", "building": "apartments", "building:levels": "17", "name": "D1栋", "name:en": "Block D1", "name:zh": "D1栋"}, "heightStatus": "levels_only_unverified", "source": "OpenStreetMap", "license": "ODbL-1.0"}, "geometry": {"type": "MultiPolygon", "coordinates": [[[[113.8841482, 22.5900136], [113.8842213, 22.5898369], [113.8843896, 22.5898963], [113.884365, 22.5899555], [113.884388, 22.5899636], [113.8844333, 22.5898541], [113.8845737, 22.5899036], [113.884528, 22.590014], [113.8846655, 22.5900625], [113.8847112, 22.5899521], [113.8848515, 22.5900016], [113.8848062, 22.5901111], [113.8848291, 22.5901192], [113.8848537, 22.59006], [113.8850219, 22.5901193], [113.8849488, 22.590296], [113.8847791, 22.5902362], [113.8847955, 22.5901966], [113.8843342, 22.5900339], [113.8843179, 22.5900734], [113.8841482, 22.5900136]]]]}}, {"type": "Feature", "id": "way/1425735956", "properties": {"tags": {"addr:housename": "中粮澜山", "addr:housename:zh": "中粮澜山", "building": "apartments", "name": "42栋", "name:zh": "42栋"}, "heightStatus": "unknown", "source": "OpenStreetMap", "license": "ODbL-1.0"}, "geometry": {"type": "MultiPolygon", "coordinates": [[[[113.882837, 22.5964079], [113.882947, 22.596273], [113.8830669, 22.5963563], [113.8829569, 22.5964912], [113.882837, 22.5964079]]]]}}, {"type": "Feature", "id": "way/1425735957", "properties": {"tags": {"addr:housename": "中粮澜山", "addr:housename:zh": "中粮澜山", "building": "apartments", "name": "41栋", "name:zh": "41栋"}, "heightStatus": "unknown", "source": "OpenStreetMap", "license": "ODbL-1.0"}, "geometry": {"type": "MultiPolygon", "coordinates": [[[[113.8828537, 22.5961623], [113.8829827, 22.5961477], [113.8829946, 22.5962376], [113.8828656, 22.5962522], [113.8828537, 22.5961623]]]]}}, {"type": "Feature", "id": "way/1425735958", "properties": {"tags": {"addr:housename": "中粮澜山", "addr:housename:zh": "中粮澜山", "building": "apartments", "name": "40栋", "name:zh": "40栋"}, "heightStatus": "unknown", "source": "OpenStreetMap", "license": "ODbL-1.0"}, "geometry": {"type": "MultiPolygon", "coordinates": [[[[113.8828569, 22.5960389], [113.8828933, 22.5959548], [113.883014, 22.5959993], [113.8829776, 22.5960835], [113.8828569, 22.5960389]]]]}}, {"type": "Feature", "id": "way/1425735959", "properties": {"tags": {"addr:housename": "中粮澜山", "addr:housename:zh": "中粮澜山", "building": "apartments", "name": "39栋", "name:zh": "39栋"}, "heightStatus": "unknown", "source": "OpenStreetMap", "license": "ODbL-1.0"}, "geometry": {"type": "MultiPolygon", "coordinates": [[[[113.8829326, 22.5958512], [113.8829742, 22.595792], [113.882937, 22.5957696], [113.8829788, 22.5957102], [113.8829415, 22.5956878], [113.8830257, 22.5955682], [113.883063, 22.5955905], [113.8831048, 22.5955311], [113.883142, 22.5955534], [113.8831837, 22.5954942], [113.8833348, 22.5955848], [113.8832928, 22.5956444], [113.8832556, 22.5956221], [113.8832138, 22.5956815], [113.8831765, 22.5956592], [113.8830929, 22.595778], [113.8831301, 22.5958004], [113.8830883, 22.5958598], [113.8831256, 22.5958822], [113.8830837, 22.5959418], [113.8829326, 22.5958512]]]]}}, {"type": "Feature", "id": "way/1425735960", "properties": {"tags": {"addr:housename": "中粮澜山", "addr:housename:zh": "中粮澜山", "building": "apartments", "name": "36栋", "name:zh": "36栋"}, "heightStatus": "unknown", "source": "OpenStreetMap", "license": "ODbL-1.0"}, "geometry": {"type": "MultiPolygon", "coordinates": [[[[113.8843105, 22.5947609], [113.8843848, 22.594743], [113.884396, 22.5947827], [113.8844703, 22.5947648], [113.8845158, 22.5949258], [113.884441, 22.5949438], [113.8844298, 22.5949041], [113.8843555, 22.594922], [113.8843105, 22.5947609]]]]}}, {"type": "Feature", "id": "way/1425735961", "properties": {"tags": {"addr:housename": "中粮澜山", "addr:housename:zh": "中粮澜山", "building": "apartments", "name": "37栋", "name:zh": "37栋"}, "heightStatus": "unknown", "source": "OpenStreetMap", "license": "ODbL-1.0"}, "geometry": {"type": "MultiPolygon", "coordinates": [[[[113.8841254, 22.5948493], [113.8841996, 22.5948314], [113.8841884, 22.5947917], [113.8842627, 22.5947738], [113.8843087, 22.5949346], [113.8842344, 22.5949525], [113.8842456, 22.5949922], [113.8841709, 22.5950103], [113.8841254, 22.5948493]]]]}}, {"type": "Feature", "id": "way/1425735962", "properties": {"tags": {"addr:housename": "中粮澜山", "addr:housename:zh": "中粮澜山", "building": "apartments", "name": "38栋", "name:zh": "38栋"}, "heightStatus": "unknown", "source": "OpenStreetMap", "license": "ODbL-1.0"}, "geometry": {"type": "MultiPolygon", "coordinates": [[[[113.8834581, 22.5952157], [113.8835199, 22.5951736], [113.8834935, 22.5951406], [113.8835553, 22.5950985], [113.8835289, 22.5950655], [113.8835907, 22.5950235], [113.8835644, 22.5949904], [113.8836888, 22.5949058], [113.8837151, 22.5949388], [113.8837769, 22.5948967], [113.8838033, 22.5949298], [113.8838651, 22.5948877], [113.8838914, 22.5949207], [113.8839532, 22.5948787], [113.8840601, 22.5950126], [113.8839979, 22.5950549], [113.8839716, 22.5950219], [113.8839098, 22.5950639], [113.8838834, 22.5950309], [113.8838216, 22.595073], [113.8837952, 22.5950399], [113.8836717, 22.5951241], [113.883698, 22.5951571], [113.8836363, 22.5951991], [113.8836626, 22.5952322], [113.8836008, 22.5952742], [113.8836272, 22.5953072], [113.883565, 22.5953496], [113.8834581, 22.5952157]]]]}}, {"type": "Feature", "id": "way/1425735963", "properties": {"tags": {"addr:housename": "中粮澜山", "addr:housename:zh": "中粮澜山", "building": "apartments", "name": "35栋", "name:zh": "35栋"}, "heightStatus": "unknown", "source": "OpenStreetMap", "license": "ODbL-1.0"}, "geometry": {"type": "MultiPolygon", "coordinates": [[[[113.8824839, 22.5962293], [113.8825743, 22.5962286], [113.8825751, 22.5963206], [113.8826314, 22.5963202], [113.8826319, 22.5963781], [113.8825594, 22.5963787], [113.8825596, 22.5964029], [113.8824854, 22.5964035], [113.8824839, 22.5962293]]]]}}, {"type": "Feature", "id": "way/1425735964", "properties": {"tags": {"addr:housename": "中粮澜山", "addr:housename:zh": "中粮澜山", "building": "apartments", "name": "33栋", "name:zh": "33栋"}, "heightStatus": "unknown", "source": "OpenStreetMap", "license": "ODbL-1.0"}, "geometry": {"type": "MultiPolygon", "coordinates": [[[[113.8824824, 22.5960551], [113.8825566, 22.5960546], [113.8825568, 22.5960788], [113.8826292, 22.5960783], [113.8826298, 22.5961362], [113.8825735, 22.5961366], [113.8825743, 22.5962286], [113.8824839, 22.5962293], [113.8824824, 22.5960551]]]]}}, {"type": "Feature", "id": "way/1425735965", "properties": {"tags": {"addr:housename": "中粮澜山", "addr:housename:zh": "中粮澜山", "building": "apartments", "name": "32栋", "name:zh": "32栋"}, "heightStatus": "unknown", "source": "OpenStreetMap", "license": "ODbL-1.0"}, "geometry": {"type": "MultiPolygon", "coordinates": [[[[113.8825038, 22.5959633], [113.8825671, 22.5957993], [113.8826523, 22.5958273], [113.8826188, 22.5959139], [113.8826718, 22.5959314], [113.8826508, 22.5959859], [113.8825825, 22.5959635], [113.8825737, 22.5959863], [113.8825038, 22.5959633]]]]}}, {"type": "Feature", "id": "way/1425735966", "properties": {"tags": {"addr:housename": "中粮澜山", "addr:housename:zh": "中粮澜山", "building": "apartments", "name": "31栋", "name:zh": "31栋"}, "heightStatus": "unknown", "source": "OpenStreetMap", "license": "ODbL-1.0"}, "geometry": {"type": "MultiPolygon", "coordinates": [[[[113.8825671, 22.5957993], [113.8826304, 22.5956352], [113.8827002, 22.5956582], [113.8826914, 22.595681], [113.8827597, 22.5957034], [113.8827387, 22.595758], [113.8826857, 22.5957406], [113.8826523, 22.5958273], [113.8825671, 22.5957993]]]]}}, {"type": "Feature", "id": "way/1425735967", "properties": {"tags": {"addr:housename": "中粮澜山", "addr:housename:zh": "中粮澜山", "building": "apartments", "name": "30栋", "name:zh": "30栋"}, "heightStatus": "unknown", "source": "OpenStreetMap", "license": "ODbL-1.0"}, "geometry": {"type": "MultiPolygon", "coordinates": [[[[113.8826632, 22.5955338], [113.8827879, 22.5954032], [113.8828557, 22.5954584], [113.8827899, 22.5955274], [113.8828321, 22.5955617], [113.8827906, 22.5956052], [113.8827362, 22.595561], [113.8827188, 22.5955791], [113.8826632, 22.5955338]]]]}}, {"type": "Feature", "id": "way/1425735968", "properties": {"tags": {"addr:housename": "中粮澜山", "addr:housename:zh": "中粮澜山", "building": "apartments", "name": "28栋", "name:zh": "28栋"}, "heightStatus": "unknown", "source": "OpenStreetMap", "license": "ODbL-1.0"}, "geometry": {"type": "MultiPolygon", "coordinates": [[[[113.88297, 22.5952199], [113.8831376, 22.5951399], [113.8831791, 22.5952141], [113.8830906, 22.5952563], [113.8831164, 22.5953024], [113.8830607, 22.595329], [113.8830274, 22.5952696], [113.8830041, 22.5952807], [113.88297, 22.5952199]]]]}}, {"type": "Feature", "id": "way/1425735969", "properties": {"tags": {"addr:housename": "中粮澜山", "addr:housename:zh": "中粮澜山", "building": "apartments", "name": "27栋", "name:zh": "27栋"}, "heightStatus": "unknown", "source": "OpenStreetMap", "license": "ODbL-1.0"}, "geometry": {"type": "MultiPolygon", "coordinates": [[[[113.8831376, 22.5951399], [113.8833052, 22.59506], [113.8833393, 22.5951208], [113.883316, 22.5951319], [113.8833492, 22.5951914], [113.8832935, 22.595218], [113.8832677, 22.5951719], [113.8831791, 22.5952141], [113.8831376, 22.5951399]]]]}}, {"type": "Feature", "id": "way/1425735970", "properties": {"tags": {"addr:housename": "中粮澜山", "addr:housename:zh": "中粮澜山", "building": "apartments", "name": "29栋", "name:zh": "29栋"}, "heightStatus": "unknown", "source": "OpenStreetMap", "license": "ODbL-1.0"}, "geometry": {"type": "MultiPolygon", "coordinates": [[[[113.8827879, 22.5954032], [113.8829126, 22.5952725], [113.8829683, 22.5953178], [113.882951, 22.595336], [113.8830053, 22.5953802], [113.8829638, 22.5954237], [113.8829216, 22.5953894], [113.8828557, 22.5954584], [113.8827879, 22.5954032]]]]}}, {"type": "Feature", "id": "way/1425735972", "properties": {"tags": {"addr:housename": "中粮澜山", "addr:housename:zh": "中粮澜山", "building": "apartments", "name": "26栋", "name:zh": "26栋"}, "heightStatus": "unknown", "source": "OpenStreetMap", "license": "ODbL-1.0"}, "geometry": {"type": "MultiPolygon", "coordinates": [[[[113.8833035, 22.5949392], [113.883355, 22.5948403], [113.8833816, 22.5948009], [113.8834154, 22.5947664], [113.8834552, 22.5947379], [113.8834998, 22.5947164], [113.8836218, 22.5946892], [113.8836537, 22.5948115], [113.883548, 22.594835], [113.883529, 22.5948442], [113.8835084, 22.5948589], [113.8834908, 22.5948768], [113.8834746, 22.594901], [113.8834263, 22.5949937], [113.8833035, 22.5949392]]]]}}, {"type": "Feature", "id": "way/1425735973", "properties": {"tags": {"addr:housename": "中粮澜山", "addr:housename:zh": "中粮澜山", "building": "apartments", "name": "23栋", "name:zh": "23栋"}, "heightStatus": "unknown", "source": "OpenStreetMap", "license": "ODbL-1.0"}, "geometry": {"type": "MultiPolygon", "coordinates": [[[[113.8842142, 22.5945652], [113.8843078, 22.5944977], [113.8843506, 22.5944732], [113.8843974, 22.5944561], [113.8844468, 22.5944469], [113.8844971, 22.5944458], [113.8846195, 22.5944714], [113.8845894, 22.5945941], [113.8844834, 22.5945719], [113.8844619, 22.5945723], [113.8844363, 22.5945771], [113.884412, 22.594586], [113.8843858, 22.594601], [113.8842981, 22.5946643], [113.8842142, 22.5945652]]]]}}, {"type": "Feature", "id": "way/1425735974", "properties": {"tags": {"addr:housename": "中粮澜山", "addr:housename:zh": "中粮澜山", "building": "apartments", "name": "25栋", "name:zh": "25栋"}, "heightStatus": "unknown", "source": "OpenStreetMap", "license": "ODbL-1.0"}, "geometry": {"type": "MultiPolygon", "coordinates": [[[[113.8837264, 22.5946359], [113.8838289, 22.5945805], [113.8838749, 22.5945614], [113.8839237, 22.5945502], [113.883974, 22.5945471], [113.884024, 22.5945522], [113.8841416, 22.5945927], [113.8840941, 22.5947105], [113.8839922, 22.5946755], [113.883971, 22.5946733], [113.8839449, 22.594675], [113.8839195, 22.5946808], [113.8838914, 22.5946924], [113.8837953, 22.5947444], [113.8837264, 22.5946359]]]]}}, {"type": "Feature", "id": "way/1425735975", "properties": {"tags": {"addr:housename": "中粮澜山", "addr:housename:zh": "中粮澜山", "building": "apartments", "name": "22栋", "name:zh": "22栋"}, "heightStatus": "unknown", "source": "OpenStreetMap", "license": "ODbL-1.0"}, "geometry": {"type": "MultiPolygon", "coordinates": [[[[113.8845706, 22.5947505], [113.8849062, 22.5947494], [113.8849061, 22.5947217], [113.885244, 22.5947206], [113.8852443, 22.5948013], [113.8849064, 22.5948024], [113.8849065, 22.5948302], [113.8845709, 22.5948313], [113.8845706, 22.5947505]]]]}}, {"type": "Feature", "id": "way/1425735976", "properties": {"tags": {"addr:housename": "中粮澜山", "addr:housename:zh": "中粮澜山", "building": "apartments", "name": "21栋", "name:zh": "21栋"}, "heightStatus": "unknown", "source": "OpenStreetMap", "license": "ODbL-1.0"}, "geometry": {"type": "MultiPolygon", "coordinates": [[[[113.8853254, 22.5946199], [113.885661, 22.5946188], [113.8856609, 22.594591], [113.8859988, 22.5945899], [113.8859991, 22.5946707], [113.8856612, 22.5946718], [113.8856613, 22.5946995], [113.8853257, 22.5947007], [113.8853254, 22.5946199]]]]}}, {"type": "Feature", "id": "way/1425735977", "properties": {"tags": {"addr:housename": "中粮澜山", "addr:housename:zh": "中粮澜山", "building": "apartments", "name": "19栋", "name:zh": "19栋"}, "heightStatus": "unknown", "source": "OpenStreetMap", "license": "ODbL-1.0"}, "geometry": {"type": "MultiPolygon", "coordinates": [[[[113.8852909, 22.5942932], [113.8856265, 22.5942921], [113.8856266, 22.5943199], [113.8859645, 22.5943187], [113.8859648, 22.5943995], [113.8856269, 22.5944006], [113.8856268, 22.5943729], [113.8852912, 22.594374], [113.8852909, 22.5942932]]]]}}, {"type": "Feature", "id": "way/1425735978", "properties": {"tags": {"addr:housename": "中粮澜山", "addr:housename:zh": "中粮澜山", "building": "apartments", "name": "20栋", "name:zh": "20栋"}, "heightStatus": "unknown", "source": "OpenStreetMap", "license": "ODbL-1.0"}, "geometry": {"type": "MultiPolygon", "coordinates": [[[[113.886041, 22.5944643], [113.8863775, 22.5944629], [113.8863779, 22.5945436], [113.8860414, 22.5945451], [113.886041, 22.5944643]]]]}}, {"type": "Feature", "id": "way/1425735979", "properties": {"tags": {"addr:housename": "中粮澜山", "addr:housename:zh": "中粮澜山", "building": "apartments", "name": "18栋", "name:zh": "18栋"}, "heightStatus": "unknown", "source": "OpenStreetMap", "license": "ODbL-1.0"}, "geometry": {"type": "MultiPolygon", "coordinates": [[[[113.8847595, 22.5942977], [113.8847629, 22.5942135], [113.8851205, 22.5942259], [113.8851171, 22.59431], [113.8850198, 22.5943067], [113.8850186, 22.5943379], [113.8848554, 22.5943323], [113.8848567, 22.594301], [113.8847595, 22.5942977]]]]}}, {"type": "Feature", "id": "way/1425735980", "properties": {"tags": {"addr:housename": "中粮澜山", "addr:housename:zh": "中粮澜山", "building": "apartments", "name": "17栋", "name:zh": "17栋"}, "heightStatus": "unknown", "source": "OpenStreetMap", "license": "ODbL-1.0"}, "geometry": {"type": "MultiPolygon", "coordinates": [[[[113.8843185, 22.5942491], [113.8843219, 22.594165], [113.8846795, 22.5941773], [113.8846761, 22.5942615], [113.8845789, 22.5942581], [113.8845776, 22.5942894], [113.8844145, 22.5942838], [113.8844158, 22.5942525], [113.8843185, 22.5942491]]]]}}, {"type": "Feature", "id": "way/1425735981", "properties": {"tags": {"addr:housename": "中粮澜山", "addr:housename:zh": "中粮澜山", "building": "apartments", "name": "16栋", "name:zh": "16栋"}, "heightStatus": "unknown", "source": "OpenStreetMap", "license": "ODbL-1.0"}, "geometry": {"type": "MultiPolygon", "coordinates": [[[[113.8838316, 22.5942307], [113.8841787, 22.5941502], [113.8842009, 22.5942319], [113.8841065, 22.5942538], [113.8841148, 22.5942841], [113.8839565, 22.5943209], [113.8839482, 22.5942905], [113.8838538, 22.5943124], [113.8838316, 22.5942307]]]]}}, {"type": "Feature", "id": "way/1425735982", "properties": {"tags": {"addr:housename": "中粮澜山", "addr:housename:zh": "中粮澜山", "building": "apartments", "name": "15栋", "name:zh": "15栋"}, "heightStatus": "unknown", "source": "OpenStreetMap", "license": "ODbL-1.0"}, "geometry": {"type": "MultiPolygon", "coordinates": [[[[113.8833692, 22.5943501], [113.8837171, 22.594273], [113.8837384, 22.5943549], [113.8836438, 22.5943758], [113.8836517, 22.5944063], [113.883493, 22.5944414], [113.8834851, 22.594411], [113.8833905, 22.594432], [113.8833692, 22.5943501]]]]}}, {"type": "Feature", "id": "way/1425735983", "properties": {"tags": {"addr:housename": "中粮澜山", "addr:housename:zh": "中粮澜山", "building": "apartments", "name": "11栋", "name:zh": "11栋"}, "heightStatus": "unknown", "source": "OpenStreetMap", "license": "ODbL-1.0"}, "geometry": {"type": "MultiPolygon", "coordinates": [[[[113.882439, 22.5951172], [113.8826296, 22.5948376], [113.8827068, 22.5948824], [113.882655, 22.5949584], [113.8826837, 22.5949751], [113.8825967, 22.5951027], [113.882568, 22.595086], [113.8825162, 22.595162], [113.882439, 22.5951172]]]]}}, {"type": "Feature", "id": "way/1425735984", "properties": {"tags": {"addr:housename": "中粮澜山", "addr:housename:zh": "中粮澜山", "building": "apartments", "name": "12栋", "name:zh": "12栋"}, "heightStatus": "unknown", "source": "OpenStreetMap", "license": "ODbL-1.0"}, "geometry": {"type": "MultiPolygon", "coordinates": [[[[113.8828395, 22.594653], [113.8831166, 22.5944439], [113.8831743, 22.5945091], [113.883099, 22.5945659], [113.8831204, 22.5945902], [113.8829941, 22.5946856], [113.8829726, 22.5946614], [113.8828973, 22.5947182], [113.8828395, 22.594653]]]]}}, {"type": "Feature", "id": "way/1425735985", "properties": {"tags": {"addr:housename": "中粮澜山", "addr:housename:zh": "中粮澜山", "building": "apartments", "name": "10栋", "name:zh": "10栋"}, "heightStatus": "unknown", "source": "OpenStreetMap", "license": "ODbL-1.0"}, "geometry": {"type": "MultiPolygon", "coordinates": [[[[113.8820562, 22.5955013], [113.8822136, 22.5954364], [113.8822785, 22.5952888], [113.8824047, 22.5953362], [113.88236, 22.5954378], [113.8823361, 22.5954787], [113.8823048, 22.5955151], [113.882267, 22.5955458], [113.8822239, 22.5955698], [113.8821117, 22.5956161], [113.8820562, 22.5955013]]]]}}, {"type": "Feature", "id": "way/1425735986", "properties": {"tags": {"addr:housename": "中粮澜山", "addr:housename:zh": "中粮澜山", "building": "apartments", "name": "9栋", "name:zh": "9栋"}, "heightStatus": "unknown", "source": "OpenStreetMap", "license": "ODbL-1.0"}, "geometry": {"type": "MultiPolygon", "coordinates": [[[[113.8815877, 22.5956814], [113.8816338, 22.595563], [113.8817961, 22.5956169], [113.8819535, 22.5955519], [113.8820091, 22.5956668], [113.8818969, 22.595713], [113.8818487, 22.5957266], [113.8817987, 22.5957321], [113.8817484, 22.5957293], [113.8816995, 22.5957185], [113.8815877, 22.5956814]]]]}}, {"type": "Feature", "id": "way/1425735987", "properties": {"tags": {"addr:housename": "中粮澜山", "addr:housename:zh": "中粮澜山", "building": "apartments", "name": "1栋", "name:zh": "1栋"}, "heightStatus": "unknown", "source": "OpenStreetMap", "license": "ODbL-1.0"}, "geometry": {"type": "MultiPolygon", "coordinates": [[[[113.8814635, 22.5962255], [113.8814893, 22.5961392], [113.8818012, 22.5962188], [113.8817802, 22.596289], [113.882092, 22.5963685], [113.88207, 22.596442], [113.8823814, 22.5965214], [113.8823551, 22.596609], [113.8820435, 22.5965295], [113.8820655, 22.596456], [113.8817541, 22.5963766], [113.8817755, 22.5963051], [113.8814635, 22.5962255]]]]}}, {"type": "Feature", "id": "way/1425735988", "properties": {"tags": {"addr:housename": "中粮澜山", "addr:housename:zh": "中粮澜山", "building": "apartments", "name": "2栋", "name:zh": "2栋"}, "heightStatus": "unknown", "source": "OpenStreetMap", "license": "ODbL-1.0"}, "geometry": {"type": "MultiPolygon", "coordinates": [[[[113.8805316, 22.5957571], [113.8805565, 22.5956742], [113.8808262, 22.5957434], [113.880807, 22.5958075], [113.8810766, 22.5958767], [113.8810572, 22.5959414], [113.8813261, 22.5960104], [113.8813012, 22.5960932], [113.8810314, 22.596024], [113.8810509, 22.5959593], [113.880782, 22.5958903], [113.8808012, 22.5958262], [113.8805316, 22.5957571]]]]}}, {"type": "Feature", "id": "way/1425735989", "properties": {"tags": {"addr:housename": "中粮澜山", "addr:housename:zh": "中粮澜山", "building": "apartments", "name": "6栋", "name:zh": "6栋"}, "heightStatus": "unknown", "source": "OpenStreetMap", "license": "ODbL-1.0"}, "geometry": {"type": "MultiPolygon", "coordinates": [[[[113.8809763, 22.594952], [113.8812466, 22.5948084], [113.8813028, 22.5948986], [113.8812184, 22.5949434], [113.8812763, 22.5950362], [113.8811561, 22.5951], [113.8811219, 22.5950451], [113.8811405, 22.5950352], [113.8811168, 22.5949974], [113.8810325, 22.5950422], [113.8809763, 22.594952]]]]}}, {"type": "Feature", "id": "way/1425735990", "properties": {"tags": {"addr:housename": "中粮澜山", "addr:housename:zh": "中粮澜山", "building": "apartments", "name": "8栋", "name:zh": "8栋"}, "heightStatus": "unknown", "source": "OpenStreetMap", "license": "ODbL-1.0"}, "geometry": {"type": "MultiPolygon", "coordinates": [[[[113.8813639, 22.5951749], [113.8816342, 22.5950313], [113.8816904, 22.5951214], [113.881606, 22.5951663], [113.8816638, 22.595259], [113.8815437, 22.5953229], [113.8815095, 22.595268], [113.881528, 22.5952581], [113.8815044, 22.5952202], [113.8814201, 22.595265], [113.8813639, 22.5951749]]]]}}, {"type": "Feature", "id": "way/1425735991", "properties": {"tags": {"addr:housename": "中粮澜山", "addr:housename:zh": "中粮澜山", "building": "apartments", "name": "7栋", "name:zh": "7栋"}, "heightStatus": "unknown", "source": "OpenStreetMap", "license": "ODbL-1.0"}, "geometry": {"type": "MultiPolygon", "coordinates": [[[[113.8811574, 22.5955698], [113.8814276, 22.5954262], [113.8814838, 22.5955164], [113.8813995, 22.5955612], [113.8814573, 22.595654], [113.8813372, 22.5957178], [113.881303, 22.5956629], [113.8813215, 22.5956531], [113.8812979, 22.5956152], [113.8812136, 22.59566], [113.8811574, 22.5955698]]]]}}, {"type": "Feature", "id": "way/1425735992", "properties": {"tags": {"addr:housename": "中粮澜山", "addr:housename:zh": "中粮澜山", "building": "apartments", "name": "5栋", "name:zh": "5栋"}, "heightStatus": "unknown", "source": "OpenStreetMap", "license": "ODbL-1.0"}, "geometry": {"type": "MultiPolygon", "coordinates": [[[[113.8807769, 22.5953724], [113.8810472, 22.5952288], [113.8811034, 22.595319], [113.8810191, 22.5953638], [113.8810769, 22.5954566], [113.8809568, 22.5955204], [113.8809225, 22.5954655], [113.8809411, 22.5954556], [113.8809175, 22.5954178], [113.8808331, 22.5954626], [113.8807769, 22.5953724]]]]}}, {"type": "Feature", "id": "way/1444645316", "properties": {"tags": {"building": "school"}, "heightStatus": "unknown", "source": "OpenStreetMap", "license": "ODbL-1.0"}, "geometry": {"type": "MultiPolygon", "coordinates": [[[[113.8886394, 22.5918521], [113.8887834, 22.5915595], [113.8889338, 22.5916225], [113.8887898, 22.5919152], [113.8886394, 22.5918521]]]]}}, {"type": "Feature", "id": "way/1444645322", "properties": {"tags": {"building": "industrial"}, "heightStatus": "unknown", "source": "OpenStreetMap", "license": "ODbL-1.0"}, "geometry": {"type": "MultiPolygon", "coordinates": [[[[113.8884474, 22.5922365], [113.8885852, 22.5919441], [113.8887296, 22.592002], [113.8885918, 22.5922945], [113.8884474, 22.5922365]]]]}}, {"type": "Feature", "id": "way/1444645323", "properties": {"tags": {"building": "industrial"}, "heightStatus": "unknown", "source": "OpenStreetMap", "license": "ODbL-1.0"}, "geometry": {"type": "MultiPolygon", "coordinates": [[[[113.8882828, 22.5925843], [113.8883908, 22.5923551], [113.8885352, 22.5924131], [113.8884272, 22.5926423], [113.8882828, 22.5925843]]]]}}, {"type": "Feature", "id": "way/1445310760", "properties": {"tags": {"addr:housenumber": "130", "addr:place": "新庄园小区", "addr:place:en": "Xinzhuangyuan Community", "addr:place:zh": "新庄园小区", "building": "apartments"}, "heightStatus": "unknown", "source": "OpenStreetMap", "license": "ODbL-1.0"}, "geometry": {"type": "MultiPolygon", "coordinates": [[[[113.884209, 22.5913216], [113.8842704, 22.5912366], [113.884551, 22.5914093], [113.8844896, 22.5914944], [113.884209, 22.5913216]]]]}}, {"type": "Feature", "id": "way/1445310761", "properties": {"tags": {"addr:housenumber": "127", "addr:place": "新庄园小区", "addr:place:en": "Xinzhuangyuan Community", "addr:place:zh": "新庄园小区", "building": "apartments"}, "heightStatus": "unknown", "source": "OpenStreetMap", "license": "ODbL-1.0"}, "geometry": {"type": "MultiPolygon", "coordinates": [[[[113.8841857, 22.5910555], [113.884261, 22.5910265], [113.884299, 22.5911109], [113.8842238, 22.5911399], [113.8841857, 22.5910555]]]]}}, {"type": "Feature", "id": "way/1445310762", "properties": {"tags": {"addr:housenumber": "126", "addr:place": "新庄园小区", "addr:place:en": "Xinzhuangyuan Community", "addr:place:zh": "新庄园小区", "building": "apartments"}, "heightStatus": "unknown", "source": "OpenStreetMap", "license": "ODbL-1.0"}, "geometry": {"type": "MultiPolygon", "coordinates": [[[[113.8841104, 22.5910844], [113.8841857, 22.5910555], [113.8842238, 22.5911399], [113.8841485, 22.5911688], [113.8841104, 22.5910844]]]]}}, {"type": "Feature", "id": "way/1445310770", "properties": {"tags": {"addr:housenumber": "34", "addr:place": "庄边新村", "addr:place:en": "Zhuangbian Xincun", "addr:place:zh": "庄边新村", "building": "apartments"}, "heightStatus": "unknown", "source": "OpenStreetMap", "license": "ODbL-1.0"}, "geometry": {"type": "MultiPolygon", "coordinates": [[[[113.8829288, 22.5908532], [113.8830187, 22.5908187], [113.8830688, 22.5909295], [113.8829789, 22.5909641], [113.8829288, 22.5908532]]]]}}, {"type": "Feature", "id": "way/1445310771", "properties": {"tags": {"addr:housenumber": "17", "addr:place": "庄边新村", "addr:place:en": "Zhuangbian Xincun", "addr:place:zh": "庄边新村", "building": "apartments"}, "heightStatus": "unknown", "source": "OpenStreetMap", "license": "ODbL-1.0"}, "geometry": {"type": "MultiPolygon", "coordinates": [[[[113.8823682, 22.5901716], [113.8824581, 22.590137], [113.8825081, 22.5902479], [113.8824182, 22.5902825], [113.8823682, 22.5901716]]]]}}, {"type": "Feature", "id": "way/1445310772", "properties": {"tags": {"addr:housenumber": "18", "addr:place": "庄边新村", "addr:place:en": "Zhuangbian Xincun", "addr:place:zh": "庄边新村", "building": "apartments"}, "heightStatus": "unknown", "source": "OpenStreetMap", "license": "ODbL-1.0"}, "geometry": {"type": "MultiPolygon", "coordinates": [[[[113.8822783, 22.5902062], [113.8823682, 22.5901716], [113.8824182, 22.5902825], [113.8823283, 22.590317], [113.8822783, 22.5902062]]]]}}, {"type": "Feature", "id": "way/1445310773", "properties": {"tags": {"addr:housenumber": "13", "addr:place": "庄边新村", "addr:place:en": "Zhuangbian Xincun", "addr:place:zh": "庄边新村", "building": "apartments"}, "heightStatus": "unknown", "source": "OpenStreetMap", "license": "ODbL-1.0"}, "geometry": {"type": "MultiPolygon", "coordinates": [[[[113.8822963, 22.5900122], [113.8823862, 22.5899776], [113.8824362, 22.5900885], [113.8823463, 22.5901231], [113.8822963, 22.5900122]]]]}}, {"type": "Feature", "id": "way/1445310774", "properties": {"tags": {"addr:housenumber": "14", "addr:place": "庄边新村", "addr:place:en": "Zhuangbian Xincun", "addr:place:zh": "庄边新村", "building": "apartments"}, "heightStatus": "unknown", "source": "OpenStreetMap", "license": "ODbL-1.0"}, "geometry": {"type": "MultiPolygon", "coordinates": [[[[113.8822064, 22.5900468], [113.8822963, 22.5900122], [113.8823463, 22.5901231], [113.8822564, 22.5901577], [113.8822064, 22.5900468]]]]}}, {"type": "Feature", "id": "way/1445310776", "properties": {"tags": {"addr:housenumber": "10", "addr:place": "庄边新村", "addr:place:en": "Zhuangbian Xincun", "addr:place:zh": "庄边新村", "building": "apartments"}, "heightStatus": "unknown", "source": "OpenStreetMap", "license": "ODbL-1.0"}, "geometry": {"type": "MultiPolygon", "coordinates": [[[[113.8821345, 22.5898874], [113.8822244, 22.5898529], [113.8822744, 22.5899637], [113.8821845, 22.5899983], [113.8821345, 22.5898874]]]]}}, {"type": "Feature", "id": "way/1445310777", "properties": {"tags": {"addr:housenumber": "30", "addr:place": "庄边新村", "addr:place:en": "Zhuangbian Xincun", "addr:place:zh": "庄边新村", "building": "apartments"}, "heightStatus": "unknown", "source": "OpenStreetMap", "license": "ODbL-1.0"}, "geometry": {"type": "MultiPolygon", "coordinates": [[[[113.8825839, 22.5906497], [113.8826738, 22.5906151], [113.8827238, 22.590726], [113.8826339, 22.5907606], [113.8825839, 22.5906497]]]]}}, {"type": "Feature", "id": "way/1445310778", "properties": {"tags": {"addr:housenumber": "31", "addr:place": "庄边新村", "addr:place:en": "Zhuangbian Xincun", "addr:place:zh": "庄边新村", "building": "apartments"}, "heightStatus": "unknown", "source": "OpenStreetMap", "license": "ODbL-1.0"}, "geometry": {"type": "MultiPolygon", "coordinates": [[[[113.882494, 22.5906843], [113.8825839, 22.5906497], [113.8826339, 22.5907606], [113.882544, 22.5907951], [113.882494, 22.5906843]]]]}}, {"type": "Feature", "id": "way/1445310779", "properties": {"tags": {"addr:housenumber": "25", "addr:place": "庄边新村", "addr:place:en": "Zhuangbian Xincun", "addr:place:zh": "庄边新村", "building": "apartments"}, "heightStatus": "unknown", "source": "OpenStreetMap", "license": "ODbL-1.0"}, "geometry": {"type": "MultiPolygon", "coordinates": [[[[113.882512, 22.5904903], [113.8826019, 22.5904558], [113.8826519, 22.5905666], [113.882562, 22.5906012], [113.882512, 22.5904903]]]]}}, {"type": "Feature", "id": "way/1445310780", "properties": {"tags": {"addr:housenumber": "26", "addr:place": "庄边新村", "addr:place:en": "Zhuangbian Xincun", "addr:place:zh": "庄边新村", "building": "apartments"}, "heightStatus": "unknown", "source": "OpenStreetMap", "license": "ODbL-1.0"}, "geometry": {"type": "MultiPolygon", "coordinates": [[[[113.8824221, 22.5905249], [113.882512, 22.5904903], [113.882562, 22.5906012], [113.8824721, 22.5906358], [113.8824221, 22.5905249]]]]}}, {"type": "Feature", "id": "way/1445310783", "properties": {"tags": {"addr:housenumber": "21", "addr:place": "庄边新村", "addr:place:en": "Zhuangbian Xincun", "addr:place:zh": "庄边新村", "building": "apartments"}, "heightStatus": "unknown", "source": "OpenStreetMap", "license": "ODbL-1.0"}, "geometry": {"type": "MultiPolygon", "coordinates": [[[[113.8824401, 22.590331], [113.88253, 22.5902964], [113.88258, 22.5904072], [113.8824901, 22.5904418], [113.8824401, 22.590331]]]]}}, {"type": "Feature", "id": "way/1445310784", "properties": {"tags": {"addr:housenumber": "22", "addr:place": "庄边新村", "addr:place:en": "Zhuangbian Xincun", "addr:place:zh": "庄边新村", "building": "apartments"}, "heightStatus": "unknown", "source": "OpenStreetMap", "license": "ODbL-1.0"}, "geometry": {"type": "MultiPolygon", "coordinates": [[[[113.8823502, 22.5903656], [113.8824401, 22.590331], [113.8824901, 22.5904418], [113.8824002, 22.5904764], [113.8823502, 22.5903656]]]]}}, {"type": "Feature", "id": "way/1445310785", "properties": {"tags": {"addr:housenumber": "32", "addr:place": "庄边新村", "addr:place:en": "Zhuangbian Xincun", "addr:place:zh": "庄边新村", "building": "apartments"}, "heightStatus": "unknown", "source": "OpenStreetMap", "license": "ODbL-1.0"}, "geometry": {"type": "MultiPolygon", "coordinates": [[[[113.8828643, 22.5907101], [113.8829543, 22.5906756], [113.8830043, 22.5907864], [113.8829144, 22.590821], [113.8828643, 22.5907101]]]]}}, {"type": "Feature", "id": "way/1445310786", "properties": {"tags": {"addr:housenumber": "33", "addr:place": "庄边新村", "addr:place:en": "Zhuangbian Xincun", "addr:place:zh": "庄边新村", "building": "apartments"}, "heightStatus": "unknown", "source": "OpenStreetMap", "license": "ODbL-1.0"}, "geometry": {"type": "MultiPolygon", "coordinates": [[[[113.8827744, 22.5907447], [113.8828643, 22.5907101], [113.8829144, 22.590821], [113.8828244, 22.5908556], [113.8827744, 22.5907447]]]]}}, {"type": "Feature", "id": "way/1445310787", "properties": {"tags": {"addr:housenumber": "27", "addr:place": "庄边新村", "addr:place:en": "Zhuangbian Xincun", "addr:place:zh": "庄边新村", "building": "apartments"}, "heightStatus": "unknown", "source": "OpenStreetMap", "license": "ODbL-1.0"}, "geometry": {"type": "MultiPolygon", "coordinates": [[[[113.8827996, 22.5905667], [113.8828895, 22.5905321], [113.8829396, 22.590643], [113.8828496, 22.5906776], [113.8827996, 22.5905667]]]]}}, {"type": "Feature", "id": "way/1445310788", "properties": {"tags": {"addr:housenumber": "28", "addr:place": "庄边新村", "addr:place:en": "Zhuangbian Xincun", "addr:place:zh": "庄边新村", "building": "apartments"}, "heightStatus": "unknown", "source": "OpenStreetMap", "license": "ODbL-1.0"}, "geometry": {"type": "MultiPolygon", "coordinates": [[[[113.8827097, 22.5906013], [113.8827996, 22.5905667], [113.8828496, 22.5906776], [113.8827597, 22.5907121], [113.8827097, 22.5906013]]]]}}, {"type": "Feature", "id": "way/1445310789", "properties": {"tags": {"addr:housenumber": "23", "addr:place": "庄边新村", "addr:place:en": "Zhuangbian Xincun", "addr:place:zh": "庄边新村", "building": "apartments"}, "heightStatus": "unknown", "source": "OpenStreetMap", "license": "ODbL-1.0"}, "geometry": {"type": "MultiPolygon", "coordinates": [[[[113.8827277, 22.5904073], [113.8828176, 22.5903728], [113.8828676, 22.5904836], [113.8827777, 22.5905182], [113.8827277, 22.5904073]]]]}}, {"type": "Feature", "id": "way/1445310790", "properties": {"tags": {"addr:housenumber": "24", "addr:place": "庄边新村", "addr:place:en": "Zhuangbian Xincun", "addr:place:zh": "庄边新村", "building": "apartments"}, "heightStatus": "unknown", "source": "OpenStreetMap", "license": "ODbL-1.0"}, "geometry": {"type": "MultiPolygon", "coordinates": [[[[113.8826378, 22.5904419], [113.8827277, 22.5904073], [113.8827777, 22.5905182], [113.8826878, 22.5905528], [113.8826378, 22.5904419]]]]}}, {"type": "Feature", "id": "way/1445310791", "properties": {"tags": {"addr:housenumber": "19", "addr:place": "庄边新村", "addr:place:en": "Zhuangbian Xincun", "addr:place:zh": "庄边新村", "building": "apartments"}, "heightStatus": "unknown", "source": "OpenStreetMap", "license": "ODbL-1.0"}, "geometry": {"type": "MultiPolygon", "coordinates": [[[[113.8826558, 22.590248], [113.8827457, 22.5902134], [113.8827957, 22.5903242], [113.8827058, 22.5903588], [113.8826558, 22.590248]]]]}}, {"type": "Feature", "id": "way/1445310792", "properties": {"tags": {"addr:housenumber": "20", "addr:place": "庄边新村", "addr:place:en": "Zhuangbian Xincun", "addr:place:zh": "庄边新村", "building": "apartments"}, "heightStatus": "unknown", "source": "OpenStreetMap", "license": "ODbL-1.0"}, "geometry": {"type": "MultiPolygon", "coordinates": [[[[113.8825659, 22.5902825], [113.8826558, 22.590248], [113.8827058, 22.5903588], [113.8826159, 22.5903934], [113.8825659, 22.5902825]]]]}}, {"type": "Feature", "id": "way/1445310793", "properties": {"tags": {"addr:housenumber": "15", "addr:place": "庄边新村", "addr:place:en": "Zhuangbian Xincun", "addr:place:zh": "庄边新村", "building": "apartments"}, "heightStatus": "unknown", "source": "OpenStreetMap", "license": "ODbL-1.0"}, "geometry": {"type": "MultiPolygon", "coordinates": [[[[113.8825839, 22.5900886], [113.8826738, 22.590054], [113.8827238, 22.5901649], [113.8826339, 22.5901994], [113.8825839, 22.5900886]]]]}}, {"type": "Feature", "id": "way/1445310794", "properties": {"tags": {"addr:housenumber": "16", "addr:place": "庄边新村", "addr:place:en": "Zhuangbian Xincun", "addr:place:zh": "庄边新村", "building": "apartments"}, "heightStatus": "unknown", "source": "OpenStreetMap", "license": "ODbL-1.0"}, "geometry": {"type": "MultiPolygon", "coordinates": [[[[113.882494, 22.5901232], [113.8825839, 22.5900886], [113.8826339, 22.5901994], [113.882544, 22.590234], [113.882494, 22.5901232]]]]}}, {"type": "Feature", "id": "way/1445310795", "properties": {"tags": {"addr:housenumber": "11", "addr:place": "庄边新村", "addr:place:en": "Zhuangbian Xincun", "addr:place:zh": "庄边新村", "building": "apartments"}, "heightStatus": "unknown", "source": "OpenStreetMap", "license": "ODbL-1.0"}, "geometry": {"type": "MultiPolygon", "coordinates": [[[[113.882512, 22.5899292], [113.8826019, 22.5898946], [113.8826519, 22.5900055], [113.882562, 22.5900401], [113.882512, 22.5899292]]]]}}, {"type": "Feature", "id": "way/1445310796", "properties": {"tags": {"addr:housenumber": "12", "addr:place": "庄边新村", "addr:place:en": "Zhuangbian Xincun", "addr:place:zh": "庄边新村", "building": "apartments"}, "heightStatus": "unknown", "source": "OpenStreetMap", "license": "ODbL-1.0"}, "geometry": {"type": "MultiPolygon", "coordinates": [[[[113.8824221, 22.5899638], [113.882512, 22.5899292], [113.882562, 22.5900401], [113.8824721, 22.5900747], [113.8824221, 22.5899638]]]]}}, {"type": "Feature", "id": "way/1445310799", "properties": {"tags": {"building": "apartments"}, "heightStatus": "unknown", "source": "OpenStreetMap", "license": "ODbL-1.0"}, "geometry": {"type": "MultiPolygon", "coordinates": [[[[113.8842799, 22.5902798], [113.884313, 22.5902049], [113.884783, 22.590382], [113.8847769, 22.5903958], [113.884809, 22.5904123], [113.8848371, 22.590434], [113.8848603, 22.5904603], [113.8848777, 22.5904902], [113.8848886, 22.5905225], [113.8848927, 22.5905562], [113.8848899, 22.59059], [113.8848802, 22.5906227], [113.8848952, 22.5906283], [113.8847034, 22.5910622], [113.8846223, 22.5910317], [113.8846482, 22.5909732], [113.8846063, 22.5909574], [113.884623, 22.5909195], [113.8845556, 22.5908941], [113.884689, 22.5905922], [113.8847324, 22.5906086], [113.8847655, 22.5905337], [113.8846844, 22.5905031], [113.8846667, 22.5905432], [113.8843397, 22.59042], [113.8843672, 22.5903578], [113.8843262, 22.5903423], [113.8843433, 22.5903036], [113.8842799, 22.5902798]]]]}}, {"type": "Feature", "id": "way/1445310800", "properties": {"tags": {"building": "apartments"}, "heightStatus": "unknown", "source": "OpenStreetMap", "license": "ODbL-1.0"}, "geometry": {"type": "MultiPolygon", "coordinates": [[[[113.8843917, 22.5905374], [113.8844505, 22.5905148], [113.8844654, 22.5905479], [113.8844807, 22.5905421], [113.8844956, 22.5905752], [113.8845533, 22.590553], [113.8845951, 22.5906454], [113.8845374, 22.5906676], [113.8845523, 22.5907008], [113.8845371, 22.5907066], [113.8845521, 22.5907398], [113.8844934, 22.5907624], [113.8843917, 22.5905374]]]]}}, {"type": "Feature", "id": "way/1445310801", "properties": {"tags": {"addr:housenumber": "128", "addr:place": "新庄园小区", "addr:place:en": "Xinzhuangyuan Community", "addr:place:zh": "新庄园小区", "building": "apartments"}, "heightStatus": "unknown", "source": "OpenStreetMap", "license": "ODbL-1.0"}, "geometry": {"type": "MultiPolygon", "coordinates": [[[[113.88432, 22.5910038], [113.8844974, 22.5909356], [113.8845256, 22.590998], [113.8843482, 22.5910663], [113.88432, 22.5910038]]]]}}, {"type": "Feature", "id": "way/1445310802", "properties": {"tags": {"addr:housenumber": "133", "addr:place": "新庄园小区", "addr:place:en": "Xinzhuangyuan Community", "addr:place:zh": "新庄园小区", "building": "apartments"}, "heightStatus": "unknown", "source": "OpenStreetMap", "license": "ODbL-1.0"}, "geometry": {"type": "MultiPolygon", "coordinates": [[[[113.8844719, 22.5911023], [113.884536, 22.5910136], [113.8846957, 22.591112], [113.8846317, 22.5912007], [113.8844719, 22.5911023]]]]}}, {"type": "Feature", "id": "way/1445310803", "properties": {"tags": {"addr:housenumber": "132", "addr:place": "新庄园小区", "addr:place:en": "Xinzhuangyuan Community", "addr:place:zh": "新庄园小区", "building": "apartments"}, "heightStatus": "unknown", "source": "OpenStreetMap", "license": "ODbL-1.0"}, "geometry": {"type": "MultiPolygon", "coordinates": [[[[113.8843989, 22.5912678], [113.8844841, 22.5911498], [113.884562, 22.5911978], [113.8844768, 22.5913158], [113.8843989, 22.5912678]]]]}}, {"type": "Feature", "id": "way/1445310804", "properties": {"tags": {"addr:housenumber": "131", "addr:place": "新庄园小区", "addr:place:en": "Xinzhuangyuan Community", "addr:place:zh": "新庄园小区", "building": "apartments"}, "heightStatus": "unknown", "source": "OpenStreetMap", "license": "ODbL-1.0"}, "geometry": {"type": "MultiPolygon", "coordinates": [[[[113.8843022, 22.59121], [113.8843874, 22.591092], [113.8844653, 22.59114], [113.8843801, 22.591258], [113.8843022, 22.59121]]]]}}, {"type": "Feature", "id": "way/1445310805", "properties": {"tags": {"addr:housenumber": "129", "addr:place": "新庄园小区", "addr:place:en": "Xinzhuangyuan Community", "addr:place:zh": "新庄园小区", "building": "apartments"}, "heightStatus": "unknown", "source": "OpenStreetMap", "license": "ODbL-1.0"}, "geometry": {"type": "MultiPolygon", "coordinates": [[[[113.8841181, 22.5912657], [113.8841672, 22.5911978], [113.8842376, 22.5912412], [113.8841886, 22.5913091], [113.8841181, 22.5912657]]]]}}, {"type": "Feature", "id": "way/1445310806", "properties": {"tags": {"addr:housenumber": "125", "addr:place": "新庄园小区", "addr:place:en": "Xinzhuangyuan Community", "addr:place:zh": "新庄园小区", "building": "apartments"}, "heightStatus": "unknown", "source": "OpenStreetMap", "license": "ODbL-1.0"}, "geometry": {"type": "MultiPolygon", "coordinates": [[[[113.8839505, 22.5911386], [113.8840219, 22.5911111], [113.8840607, 22.591197], [113.8839892, 22.5912245], [113.8839505, 22.5911386]]]]}}, {"type": "Feature", "id": "way/1445310817", "properties": {"tags": {"addr:housenumber": "57", "addr:place": "新庄园小区", "addr:place:en": "Xinzhuangyuan Community", "addr:place:zh": "新庄园小区", "building": "apartments"}, "heightStatus": "unknown", "source": "OpenStreetMap", "license": "ODbL-1.0"}, "geometry": {"type": "MultiPolygon", "coordinates": [[[[113.8835053, 22.5898728], [113.8836055, 22.5898343], [113.8836646, 22.5899653], [113.8835644, 22.5900038], [113.8835053, 22.5898728]]]]}}, {"type": "Feature", "id": "way/1445310818", "properties": {"tags": {"addr:housenumber": "64", "addr:place": "新庄园小区", "addr:place:en": "Xinzhuangyuan Community", "addr:place:zh": "新庄园小区", "building": "apartments"}, "heightStatus": "unknown", "source": "OpenStreetMap", "license": "ODbL-1.0"}, "geometry": {"type": "MultiPolygon", "coordinates": [[[[113.8835752, 22.5900275], [113.8836753, 22.589989], [113.8837344, 22.59012], [113.8836343, 22.5901585], [113.8835752, 22.5900275]]]]}}, {"type": "Feature", "id": "way/1445310819", "properties": {"tags": {"addr:housenumber": "71", "addr:place": "新庄园小区", "addr:place:en": "Xinzhuangyuan Community", "addr:place:zh": "新庄园小区", "building": "apartments"}, "heightStatus": "unknown", "source": "OpenStreetMap", "license": "ODbL-1.0"}, "geometry": {"type": "MultiPolygon", "coordinates": [[[[113.883509, 22.5902346], [113.8836091, 22.5901961], [113.8836682, 22.5903271], [113.8835681, 22.5903656], [113.883509, 22.5902346]]]]}}, {"type": "Feature", "id": "way/1445310820", "properties": {"tags": {"addr:housenumber": "94", "addr:place": "新庄园小区", "addr:place:en": "Xinzhuangyuan Community", "addr:place:zh": "新庄园小区", "building": "apartments"}, "heightStatus": "unknown", "source": "OpenStreetMap", "license": "ODbL-1.0"}, "geometry": {"type": "MultiPolygon", "coordinates": [[[[113.884121, 22.5903623], [113.8842211, 22.5903237], [113.8842803, 22.5904547], [113.8841801, 22.5904933], [113.884121, 22.5903623]]]]}}, {"type": "Feature", "id": "way/1445310821", "properties": {"tags": {"addr:housenumber": "113", "addr:place": "新庄园小区", "addr:place:en": "Xinzhuangyuan Community", "addr:place:zh": "新庄园小区", "building": "apartments"}, "heightStatus": "unknown", "source": "OpenStreetMap", "license": "ODbL-1.0"}, "geometry": {"type": "MultiPolygon", "coordinates": [[[[113.8841604, 22.5907102], [113.8842605, 22.5906717], [113.8843197, 22.5908027], [113.8842195, 22.5908412], [113.8841604, 22.5907102]]]]}}, {"type": "Feature", "id": "way/1445310822", "properties": {"tags": {"addr:housenumber": "93", "addr:place": "新庄园小区", "addr:place:en": "Xinzhuangyuan Community", "addr:place:zh": "新庄园小区", "building": "apartments"}, "heightStatus": "unknown", "source": "OpenStreetMap", "license": "ODbL-1.0"}, "geometry": {"type": "MultiPolygon", "coordinates": [[[[113.8840209, 22.5904008], [113.884121, 22.5903623], [113.8841801, 22.5904933], [113.88408, 22.5905318], [113.8840209, 22.5904008]]]]}}, {"type": "Feature", "id": "way/1445310823", "properties": {"tags": {"addr:housenumber": "84", "addr:place": "新庄园小区", "addr:place:en": "Xinzhuangyuan Community", "addr:place:zh": "新庄园小区", "building": "apartments"}, "heightStatus": "unknown", "source": "OpenStreetMap", "license": "ODbL-1.0"}, "geometry": {"type": "MultiPolygon", "coordinates": [[[[113.8840511, 22.5902075], [113.8841513, 22.590169], [113.8842104, 22.5903], [113.8841102, 22.5903385], [113.8840511, 22.5902075]]]]}}, {"type": "Feature", "id": "way/1445310824", "properties": {"tags": {"addr:housenumber": "83", "addr:place": "新庄园小区", "addr:place:en": "Xinzhuangyuan Community", "addr:place:zh": "新庄园小区", "building": "apartments"}, "heightStatus": "unknown", "source": "OpenStreetMap", "license": "ODbL-1.0"}, "geometry": {"type": "MultiPolygon", "coordinates": [[[[113.883951, 22.590246], [113.8840511, 22.5902075], [113.8841102, 22.5903385], [113.8840101, 22.590377], [113.883951, 22.590246]]]]}}, {"type": "Feature", "id": "way/1445310825", "properties": {"tags": {"addr:housenumber": "102", "addr:place": "新庄园小区", "addr:place:en": "Xinzhuangyuan Community", "addr:place:zh": "新庄园小区", "building": "apartments"}, "heightStatus": "unknown", "source": "OpenStreetMap", "license": "ODbL-1.0"}, "geometry": {"type": "MultiPolygon", "coordinates": [[[[113.8839545, 22.5906078], [113.8840546, 22.5905693], [113.8841137, 22.5907003], [113.8840136, 22.5907388], [113.8839545, 22.5906078]]]]}}, {"type": "Feature", "id": "way/1445310826", "properties": {"tags": {"addr:housenumber": "101", "addr:place": "新庄园小区", "addr:place:en": "Xinzhuangyuan Community", "addr:place:zh": "新庄园小区", "building": "apartments"}, "heightStatus": "unknown", "source": "OpenStreetMap", "license": "ODbL-1.0"}, "geometry": {"type": "MultiPolygon", "coordinates": [[[[113.8838543, 22.5906463], [113.8839545, 22.5906078], [113.8840136, 22.5907388], [113.8839134, 22.5907773], [113.8838543, 22.5906463]]]]}}, {"type": "Feature", "id": "way/1445310827", "properties": {"tags": {"addr:housenumber": "122", "addr:place": "新庄园小区", "addr:place:en": "Xinzhuangyuan Community", "addr:place:zh": "新庄园小区", "building": "apartments"}, "heightStatus": "unknown", "source": "OpenStreetMap", "license": "ODbL-1.0"}, "geometry": {"type": "MultiPolygon", "coordinates": [[[[113.8840941, 22.5909171], [113.8841942, 22.5908786], [113.8842533, 22.5910096], [113.8841532, 22.5910481], [113.8840941, 22.5909171]]]]}}, {"type": "Feature", "id": "way/1445310828", "properties": {"tags": {"addr:housenumber": "104", "addr:place": "新庄园小区", "addr:place:en": "Xinzhuangyuan Community", "addr:place:zh": "新庄园小区", "building": "apartments"}, "heightStatus": "unknown", "source": "OpenStreetMap", "license": "ODbL-1.0"}, "geometry": {"type": "MultiPolygon", "coordinates": [[[[113.8841907, 22.5905169], [113.8842908, 22.5904784], [113.8843499, 22.5906094], [113.8842498, 22.5906479], [113.8841907, 22.5905169]]]]}}, {"type": "Feature", "id": "way/1445310829", "properties": {"tags": {"addr:housenumber": "121", "addr:place": "新庄园小区", "addr:place:en": "Xinzhuangyuan Community", "addr:place:zh": "新庄园小区", "building": "apartments"}, "heightStatus": "unknown", "source": "OpenStreetMap", "license": "ODbL-1.0"}, "geometry": {"type": "MultiPolygon", "coordinates": [[[[113.8839939, 22.5909557], [113.8840941, 22.5909171], [113.8841532, 22.5910481], [113.8840531, 22.5910867], [113.8839939, 22.5909557]]]]}}, {"type": "Feature", "id": "way/1445310830", "properties": {"tags": {"addr:housenumber": "103", "addr:place": "新庄园小区", "addr:place:en": "Xinzhuangyuan Community", "addr:place:zh": "新庄园小区", "building": "apartments"}, "heightStatus": "unknown", "source": "OpenStreetMap", "license": "ODbL-1.0"}, "geometry": {"type": "MultiPolygon", "coordinates": [[[[113.8840905, 22.5905554], [113.8841907, 22.5905169], [113.8842498, 22.5906479], [113.8841496, 22.5906864], [113.8840905, 22.5905554]]]]}}, {"type": "Feature", "id": "way/1445310831", "properties": {"tags": {"addr:housenumber": "124", "addr:place": "新庄园小区", "addr:place:en": "Xinzhuangyuan Community", "addr:place:zh": "新庄园小区", "building": "apartments"}, "heightStatus": "unknown", "source": "OpenStreetMap", "license": "ODbL-1.0"}, "geometry": {"type": "MultiPolygon", "coordinates": [[[[113.8843303, 22.5908263], [113.8844306, 22.5907877], [113.8844897, 22.5909187], [113.8843894, 22.5909573], [113.8843303, 22.5908263]]]]}}, {"type": "Feature", "id": "way/1445310832", "properties": {"tags": {"addr:housenumber": "123", "addr:place": "新庄园小区", "addr:place:en": "Xinzhuangyuan Community", "addr:place:zh": "新庄园小区", "building": "apartments"}, "heightStatus": "unknown", "source": "OpenStreetMap", "license": "ODbL-1.0"}, "geometry": {"type": "MultiPolygon", "coordinates": [[[[113.8842302, 22.5908648], [113.8843303, 22.5908263], [113.8843894, 22.5909573], [113.8842893, 22.5909958], [113.8842302, 22.5908648]]]]}}, {"type": "Feature", "id": "way/1445310833", "properties": {"tags": {"addr:housenumber": "73", "addr:place": "新庄园小区", "addr:place:en": "Xinzhuangyuan Community", "addr:place:zh": "新庄园小区", "building": "apartments"}, "heightStatus": "unknown", "source": "OpenStreetMap", "license": "ODbL-1.0"}, "geometry": {"type": "MultiPolygon", "coordinates": [[[[113.8837452, 22.5901437], [113.8838453, 22.5901052], [113.8839044, 22.5902362], [113.8838043, 22.5902747], [113.8837452, 22.5901437]]]]}}, {"type": "Feature", "id": "way/1445310834", "properties": {"tags": {"addr:housenumber": "72", "addr:place": "新庄园小区", "addr:place:en": "Xinzhuangyuan Community", "addr:place:zh": "新庄园小区", "building": "apartments"}, "heightStatus": "unknown", "source": "OpenStreetMap", "license": "ODbL-1.0"}, "geometry": {"type": "MultiPolygon", "coordinates": [[[[113.883645, 22.5901823], [113.8837452, 22.5901437], [113.8838043, 22.5902747], [113.8837041, 22.5903133], [113.883645, 22.5901823]]]]}}, {"type": "Feature", "id": "way/1445310835", "properties": {"tags": {"addr:housenumber": "74", "addr:place": "新庄园小区", "addr:place:en": "Xinzhuangyuan Community", "addr:place:zh": "新庄园小区", "building": "apartments"}, "heightStatus": "unknown", "source": "OpenStreetMap", "license": "ODbL-1.0"}, "geometry": {"type": "MultiPolygon", "coordinates": [[[[113.8838813, 22.5900914], [113.8839814, 22.5900529], [113.8840405, 22.5901839], [113.8839404, 22.5902224], [113.8838813, 22.5900914]]]]}}, {"type": "Feature", "id": "way/1445310836", "properties": {"tags": {"addr:housenumber": "82", "addr:place": "新庄园小区", "addr:place:en": "Xinzhuangyuan Community", "addr:place:zh": "新庄园小区", "building": "apartments"}, "heightStatus": "unknown", "source": "OpenStreetMap", "license": "ODbL-1.0"}, "geometry": {"type": "MultiPolygon", "coordinates": [[[[113.8838149, 22.5902984], [113.8839151, 22.5902599], [113.8839742, 22.5903909], [113.883874, 22.5904294], [113.8838149, 22.5902984]]]]}}, {"type": "Feature", "id": "way/1445310837", "properties": {"tags": {"addr:housenumber": "112", "addr:place": "新庄园小区", "addr:place:en": "Xinzhuangyuan Community", "addr:place:zh": "新庄园小区", "building": "apartments"}, "heightStatus": "unknown", "source": "OpenStreetMap", "license": "ODbL-1.0"}, "geometry": {"type": "MultiPolygon", "coordinates": [[[[113.8840243, 22.5907625], [113.8841245, 22.590724], [113.8841836, 22.590855], [113.8840834, 22.5908935], [113.8840243, 22.5907625]]]]}}, {"type": "Feature", "id": "way/1445310838", "properties": {"tags": {"addr:housenumber": "92", "addr:place": "新庄园小区", "addr:place:en": "Xinzhuangyuan Community", "addr:place:zh": "新庄园小区", "building": "apartments"}, "heightStatus": "unknown", "source": "OpenStreetMap", "license": "ODbL-1.0"}, "geometry": {"type": "MultiPolygon", "coordinates": [[[[113.8838848, 22.5904531], [113.8839849, 22.5904146], [113.884044, 22.5905456], [113.8839439, 22.5905841], [113.8838848, 22.5904531]]]]}}, {"type": "Feature", "id": "way/1445310839", "properties": {"tags": {"addr:housenumber": "81", "addr:place": "新庄园小区", "addr:place:en": "Xinzhuangyuan Community", "addr:place:zh": "新庄园小区", "building": "apartments"}, "heightStatus": "unknown", "source": "OpenStreetMap", "license": "ODbL-1.0"}, "geometry": {"type": "MultiPolygon", "coordinates": [[[[113.8837148, 22.5903369], [113.8838149, 22.5902984], [113.883874, 22.5904294], [113.8837739, 22.5904679], [113.8837148, 22.5903369]]]]}}, {"type": "Feature", "id": "way/1445310840", "properties": {"tags": {"addr:housenumber": "111", "addr:place": "新庄园小区", "addr:place:en": "Xinzhuangyuan Community", "addr:place:zh": "新庄园小区", "building": "apartments"}, "heightStatus": "unknown", "source": "OpenStreetMap", "license": "ODbL-1.0"}, "geometry": {"type": "MultiPolygon", "coordinates": [[[[113.8839242, 22.590801], [113.8840243, 22.5907625], [113.8840834, 22.5908935], [113.8839833, 22.590932], [113.8839242, 22.590801]]]]}}, {"type": "Feature", "id": "way/1445310841", "properties": {"tags": {"addr:housenumber": "114", "addr:place": "新庄园小区", "addr:place:en": "Xinzhuangyuan Community", "addr:place:zh": "新庄园小区", "building": "apartments"}, "heightStatus": "unknown", "source": "OpenStreetMap", "license": "ODbL-1.0"}, "geometry": {"type": "MultiPolygon", "coordinates": [[[[113.8842605, 22.5906717], [113.8843607, 22.5906332], [113.8844198, 22.5907642], [113.8843197, 22.5908027], [113.8842605, 22.5906717]]]]}}, {"type": "Feature", "id": "way/1445310842", "properties": {"tags": {"addr:housenumber": "91", "addr:place": "新庄园小区", "addr:place:en": "Xinzhuangyuan Community", "addr:place:zh": "新庄园小区", "building": "apartments"}, "heightStatus": "unknown", "source": "OpenStreetMap", "license": "ODbL-1.0"}, "geometry": {"type": "MultiPolygon", "coordinates": [[[[113.8837847, 22.5904916], [113.8838848, 22.5904531], [113.8839439, 22.5905841], [113.8838438, 22.5906226], [113.8837847, 22.5904916]]]]}}, {"type": "Feature", "id": "way/1445310848", "properties": {"tags": {"addr:housenumber": "108", "addr:place": "新庄园小区", "addr:place:en": "Xinzhuangyuan Community", "addr:place:zh": "新庄园小区", "building": "apartments"}, "heightStatus": "unknown", "source": "OpenStreetMap", "license": "ODbL-1.0"}, "geometry": {"type": "MultiPolygon", "coordinates": [[[[113.8835519, 22.5909442], [113.8836521, 22.5909057], [113.8837112, 22.5910367], [113.883611, 22.5910752], [113.8835519, 22.5909442]]]]}}, {"type": "Feature", "id": "way/1445310849", "properties": {"tags": {"addr:housenumber": "107", "addr:place": "新庄园小区", "addr:place:en": "Xinzhuangyuan Community", "addr:place:zh": "新庄园小区", "building": "apartments"}, "heightStatus": "unknown", "source": "OpenStreetMap", "license": "ODbL-1.0"}, "geometry": {"type": "MultiPolygon", "coordinates": [[[[113.8834518, 22.5909827], [113.8835519, 22.5909442], [113.883611, 22.5910752], [113.8835109, 22.5911137], [113.8834518, 22.5909827]]]]}}, {"type": "Feature", "id": "way/1445310850", "properties": {"tags": {"addr:housenumber": "110", "addr:place": "新庄园小区", "addr:place:en": "Xinzhuangyuan Community", "addr:place:zh": "新庄园小区", "building": "apartments"}, "heightStatus": "unknown", "source": "OpenStreetMap", "license": "ODbL-1.0"}, "geometry": {"type": "MultiPolygon", "coordinates": [[[[113.8837881, 22.5908534], [113.8838883, 22.5908148], [113.8839474, 22.5909458], [113.8838472, 22.5909844], [113.8837881, 22.5908534]]]]}}, {"type": "Feature", "id": "way/1445310851", "properties": {"tags": {"addr:housenumber": "109", "addr:place": "新庄园小区", "addr:place:en": "Xinzhuangyuan Community", "addr:place:zh": "新庄园小区", "building": "apartments"}, "heightStatus": "unknown", "source": "OpenStreetMap", "license": "ODbL-1.0"}, "geometry": {"type": "MultiPolygon", "coordinates": [[[[113.883688, 22.5908919], [113.8837881, 22.5908534], [113.8838472, 22.5909844], [113.8837471, 22.5910229], [113.883688, 22.5908919]]]]}}, {"type": "Feature", "id": "way/1445310852", "properties": {"tags": {"addr:housenumber": "106", "addr:place": "新庄园小区", "addr:place:en": "Xinzhuangyuan Community", "addr:place:zh": "新庄园小区", "building": "apartments"}, "heightStatus": "unknown", "source": "OpenStreetMap", "license": "ODbL-1.0"}, "geometry": {"type": "MultiPolygon", "coordinates": [[[[113.8833157, 22.5910351], [113.8834159, 22.5909965], [113.883475, 22.5911275], [113.8833748, 22.5911661], [113.8833157, 22.5910351]]]]}}, {"type": "Feature", "id": "way/1445310853", "properties": {"tags": {"addr:housenumber": "105", "addr:place": "新庄园小区", "addr:place:en": "Xinzhuangyuan Community", "addr:place:zh": "新庄园小区", "building": "apartments"}, "heightStatus": "unknown", "source": "OpenStreetMap", "license": "ODbL-1.0"}, "geometry": {"type": "MultiPolygon", "coordinates": [[[[113.8832156, 22.5910736], [113.8833157, 22.5910351], [113.8833748, 22.5911661], [113.8832747, 22.5912046], [113.8832156, 22.5910736]]]]}}, {"type": "Feature", "id": "way/1445310854", "properties": {"tags": {"addr:housenumber": "96", "addr:place": "新庄园小区", "addr:place:en": "Xinzhuangyuan Community", "addr:place:zh": "新庄园小区", "building": "apartments"}, "heightStatus": "unknown", "source": "OpenStreetMap", "license": "ODbL-1.0"}, "geometry": {"type": "MultiPolygon", "coordinates": [[[[113.8832459, 22.5908803], [113.883346, 22.5908418], [113.8834051, 22.5909728], [113.883305, 22.5910113], [113.8832459, 22.5908803]]]]}}, {"type": "Feature", "id": "way/1445310855", "properties": {"tags": {"addr:housenumber": "95", "addr:place": "新庄园小区", "addr:place:en": "Xinzhuangyuan Community", "addr:place:zh": "新庄园小区", "building": "apartments"}, "heightStatus": "unknown", "source": "OpenStreetMap", "license": "ODbL-1.0"}, "geometry": {"type": "MultiPolygon", "coordinates": [[[[113.8831457, 22.5909188], [113.8832459, 22.5908803], [113.883305, 22.5910113], [113.8832048, 22.5910498], [113.8831457, 22.5909188]]]]}}, {"type": "Feature", "id": "way/1445310856", "properties": {"tags": {"addr:housenumber": "98", "addr:place": "新庄园小区", "addr:place:en": "Xinzhuangyuan Community", "addr:place:zh": "新庄园小区", "building": "apartments"}, "heightStatus": "unknown", "source": "OpenStreetMap", "license": "ODbL-1.0"}, "geometry": {"type": "MultiPolygon", "coordinates": [[[[113.8834821, 22.5907895], [113.8835822, 22.5907509], [113.8836413, 22.5908819], [113.8835412, 22.5909205], [113.8834821, 22.5907895]]]]}}, {"type": "Feature", "id": "way/1445310857", "properties": {"tags": {"addr:housenumber": "97", "addr:place": "新庄园小区", "addr:place:en": "Xinzhuangyuan Community", "addr:place:zh": "新庄园小区", "building": "apartments"}, "heightStatus": "unknown", "source": "OpenStreetMap", "license": "ODbL-1.0"}, "geometry": {"type": "MultiPolygon", "coordinates": [[[[113.8833819, 22.590828], [113.8834821, 22.5907895], [113.8835412, 22.5909205], [113.883441, 22.590959], [113.8833819, 22.590828]]]]}}, {"type": "Feature", "id": "way/1445310858", "properties": {"tags": {"addr:housenumber": "118", "addr:place": "新庄园小区", "addr:place:en": "Xinzhuangyuan Community", "addr:place:zh": "新庄园小区", "building": "apartments"}, "heightStatus": "unknown", "source": "OpenStreetMap", "license": "ODbL-1.0"}, "geometry": {"type": "MultiPolygon", "coordinates": [[[[113.8836217, 22.5910988], [113.8837218, 22.5910603], [113.8837809, 22.5911913], [113.8836808, 22.5912298], [113.8836217, 22.5910988]]]]}}, {"type": "Feature", "id": "way/1445310859", "properties": {"tags": {"addr:housenumber": "100", "addr:place": "新庄园小区", "addr:place:en": "Xinzhuangyuan Community", "addr:place:zh": "新庄园小区", "building": "apartments"}, "heightStatus": "unknown", "source": "OpenStreetMap", "license": "ODbL-1.0"}, "geometry": {"type": "MultiPolygon", "coordinates": [[[[113.8837183, 22.5906986], [113.8838184, 22.5906601], [113.8838775, 22.5907911], [113.8837774, 22.5908296], [113.8837183, 22.5906986]]]]}}, {"type": "Feature", "id": "way/1445310860", "properties": {"tags": {"addr:housenumber": "117", "addr:place": "新庄园小区", "addr:place:en": "Xinzhuangyuan Community", "addr:place:zh": "新庄园小区", "building": "apartments"}, "heightStatus": "unknown", "source": "OpenStreetMap", "license": "ODbL-1.0"}, "geometry": {"type": "MultiPolygon", "coordinates": [[[[113.8835215, 22.5911373], [113.8836217, 22.5910988], [113.8836808, 22.5912298], [113.8835806, 22.5912683], [113.8835215, 22.5911373]]]]}}, {"type": "Feature", "id": "way/1445310861", "properties": {"tags": {"addr:housenumber": "99", "addr:place": "新庄园小区", "addr:place:en": "Xinzhuangyuan Community", "addr:place:zh": "新庄园小区", "building": "apartments"}, "heightStatus": "unknown", "source": "OpenStreetMap", "license": "ODbL-1.0"}, "geometry": {"type": "MultiPolygon", "coordinates": [[[[113.8836181, 22.5907371], [113.8837183, 22.5906986], [113.8837774, 22.5908296], [113.8836772, 22.5908681], [113.8836181, 22.5907371]]]]}}, {"type": "Feature", "id": "way/1445310862", "properties": {"tags": {"addr:housenumber": "120", "addr:place": "新庄园小区", "addr:place:en": "Xinzhuangyuan Community", "addr:place:zh": "新庄园小区", "building": "apartments"}, "heightStatus": "unknown", "source": "OpenStreetMap", "license": "ODbL-1.0"}, "geometry": {"type": "MultiPolygon", "coordinates": [[[[113.8838579, 22.591008], [113.883958, 22.5909695], [113.8840171, 22.5911005], [113.883917, 22.591139], [113.8838579, 22.591008]]]]}}, {"type": "Feature", "id": "way/1445310863", "properties": {"tags": {"addr:housenumber": "119", "addr:place": "新庄园小区", "addr:place:en": "Xinzhuangyuan Community", "addr:place:zh": "新庄园小区", "building": "apartments"}, "heightStatus": "unknown", "source": "OpenStreetMap", "license": "ODbL-1.0"}, "geometry": {"type": "MultiPolygon", "coordinates": [[[[113.8837577, 22.5910465], [113.8838579, 22.591008], [113.883917, 22.591139], [113.8838169, 22.5911775], [113.8837577, 22.5910465]]]]}}, {"type": "Feature", "id": "way/1445310864", "properties": {"tags": {"addr:housenumber": "69", "addr:place": "新庄园小区", "addr:place:en": "Xinzhuangyuan Community", "addr:place:zh": "新庄园小区", "building": "apartments"}, "heightStatus": "unknown", "source": "OpenStreetMap", "license": "ODbL-1.0"}, "geometry": {"type": "MultiPolygon", "coordinates": [[[[113.8832728, 22.5903254], [113.8833729, 22.5902869], [113.883432, 22.5904179], [113.8833319, 22.5904564], [113.8832728, 22.5903254]]]]}}, {"type": "Feature", "id": "way/1445310865", "properties": {"tags": {"addr:housenumber": "68", "addr:place": "新庄园小区", "addr:place:en": "Xinzhuangyuan Community", "addr:place:zh": "新庄园小区", "building": "apartments"}, "heightStatus": "unknown", "source": "OpenStreetMap", "license": "ODbL-1.0"}, "geometry": {"type": "MultiPolygon", "coordinates": [[[[113.8831726, 22.590364], [113.8832728, 22.5903254], [113.8833319, 22.5904564], [113.8832317, 22.590495], [113.8831726, 22.590364]]]]}}, {"type": "Feature", "id": "way/1445310866", "properties": {"tags": {"addr:housenumber": "70", "addr:place": "新庄园小区", "addr:place:en": "Xinzhuangyuan Community", "addr:place:zh": "新庄园小区", "building": "apartments"}, "heightStatus": "unknown", "source": "OpenStreetMap", "license": "ODbL-1.0"}, "geometry": {"type": "MultiPolygon", "coordinates": [[[[113.8834088, 22.5902731], [113.883509, 22.5902346], [113.8835681, 22.5903656], [113.883468, 22.5904041], [113.8834088, 22.5902731]]]]}}, {"type": "Feature", "id": "way/1445310867", "properties": {"tags": {"addr:housenumber": "67", "addr:place": "新庄园小区", "addr:place:en": "Xinzhuangyuan Community", "addr:place:zh": "新庄园小区", "building": "apartments"}, "heightStatus": "unknown", "source": "OpenStreetMap", "license": "ODbL-1.0"}, "geometry": {"type": "MultiPolygon", "coordinates": [[[[113.8830366, 22.5904163], [113.8831367, 22.5903778], [113.8831958, 22.5905088], [113.8830957, 22.5905473], [113.8830366, 22.5904163]]]]}}, {"type": "Feature", "id": "way/1445310868", "properties": {"tags": {"addr:housenumber": "66", "addr:place": "新庄园小区", "addr:place:en": "Xinzhuangyuan Community", "addr:place:zh": "新庄园小区", "building": "apartments"}, "heightStatus": "unknown", "source": "OpenStreetMap", "license": "ODbL-1.0"}, "geometry": {"type": "MultiPolygon", "coordinates": [[[[113.8829364, 22.5904548], [113.8830366, 22.5904163], [113.8830957, 22.5905473], [113.8829955, 22.5905858], [113.8829364, 22.5904548]]]]}}, {"type": "Feature", "id": "way/1445310869", "properties": {"tags": {"addr:housenumber": "78", "addr:place": "新庄园小区", "addr:place:en": "Xinzhuangyuan Community", "addr:place:zh": "新庄园小区", "building": "apartments"}, "heightStatus": "unknown", "source": "OpenStreetMap", "license": "ODbL-1.0"}, "geometry": {"type": "MultiPolygon", "coordinates": [[[[113.8833425, 22.5904801], [113.8834427, 22.5904415], [113.8835018, 22.5905725], [113.8834016, 22.5906111], [113.8833425, 22.5904801]]]]}}, {"type": "Feature", "id": "way/1445310870", "properties": {"tags": {"addr:housenumber": "88", "addr:place": "新庄园小区", "addr:place:en": "Xinzhuangyuan Community", "addr:place:zh": "新庄园小区", "building": "apartments"}, "heightStatus": "unknown", "source": "OpenStreetMap", "license": "ODbL-1.0"}, "geometry": {"type": "MultiPolygon", "coordinates": [[[[113.8834124, 22.5906348], [113.8835125, 22.5905963], [113.8835716, 22.5907273], [113.8834715, 22.5907658], [113.8834124, 22.5906348]]]]}}, {"type": "Feature", "id": "way/1445310871", "properties": {"tags": {"addr:housenumber": "77", "addr:place": "新庄园小区", "addr:place:en": "Xinzhuangyuan Community", "addr:place:zh": "新庄园小区", "building": "apartments"}, "heightStatus": "unknown", "source": "OpenStreetMap", "license": "ODbL-1.0"}, "geometry": {"type": "MultiPolygon", "coordinates": [[[[113.8832424, 22.5905186], [113.8833425, 22.5904801], [113.8834016, 22.5906111], [113.8833015, 22.5906496], [113.8832424, 22.5905186]]]]}}, {"type": "Feature", "id": "way/1445310872", "properties": {"tags": {"addr:housenumber": "87", "addr:place": "新庄园小区", "addr:place:en": "Xinzhuangyuan Community", "addr:place:zh": "新庄园小区", "building": "apartments"}, "heightStatus": "unknown", "source": "OpenStreetMap", "license": "ODbL-1.0"}, "geometry": {"type": "MultiPolygon", "coordinates": [[[[113.8833123, 22.5906733], [113.8834124, 22.5906348], [113.8834715, 22.5907658], [113.8833714, 22.5908043], [113.8833123, 22.5906733]]]]}}, {"type": "Feature", "id": "way/1445310873", "properties": {"tags": {"addr:housenumber": "90", "addr:place": "新庄园小区", "addr:place:en": "Xinzhuangyuan Community", "addr:place:zh": "新庄园小区", "building": "apartments"}, "heightStatus": "unknown", "source": "OpenStreetMap", "license": "ODbL-1.0"}, "geometry": {"type": "MultiPolygon", "coordinates": [[[[113.8836486, 22.590544], [113.8837487, 22.5905054], [113.8838079, 22.5906364], [113.8837077, 22.590675], [113.8836486, 22.590544]]]]}}, {"type": "Feature", "id": "way/1445310874", "properties": {"tags": {"addr:housenumber": "89", "addr:place": "新庄园小区", "addr:place:en": "Xinzhuangyuan Community", "addr:place:zh": "新庄园小区", "building": "apartments"}, "heightStatus": "unknown", "source": "OpenStreetMap", "license": "ODbL-1.0"}, "geometry": {"type": "MultiPolygon", "coordinates": [[[[113.8835485, 22.5905825], [113.8836486, 22.590544], [113.8837077, 22.590675], [113.8836076, 22.5907135], [113.8835485, 22.5905825]]]]}}, {"type": "Feature", "id": "way/1445310875", "properties": {"tags": {"addr:housenumber": "80", "addr:place": "新庄园小区", "addr:place:en": "Xinzhuangyuan Community", "addr:place:zh": "新庄园小区", "building": "apartments"}, "heightStatus": "unknown", "source": "OpenStreetMap", "license": "ODbL-1.0"}, "geometry": {"type": "MultiPolygon", "coordinates": [[[[113.8835787, 22.5903892], [113.8836789, 22.5903507], [113.883738, 22.5904817], [113.8836378, 22.5905202], [113.8835787, 22.5903892]]]]}}, {"type": "Feature", "id": "way/1445310876", "properties": {"tags": {"addr:housenumber": "79", "addr:place": "新庄园小区", "addr:place:en": "Xinzhuangyuan Community", "addr:place:zh": "新庄园小区", "building": "apartments"}, "heightStatus": "unknown", "source": "OpenStreetMap", "license": "ODbL-1.0"}, "geometry": {"type": "MultiPolygon", "coordinates": [[[[113.8834786, 22.5904277], [113.8835787, 22.5903892], [113.8836378, 22.5905202], [113.8835377, 22.5905587], [113.8834786, 22.5904277]]]]}}, {"type": "Feature", "id": "way/1445310877", "properties": {"tags": {"addr:housenumber": "86", "addr:place": "新庄园小区", "addr:place:en": "Xinzhuangyuan Community", "addr:place:zh": "新庄园小区", "building": "apartments"}, "heightStatus": "unknown", "source": "OpenStreetMap", "license": "ODbL-1.0"}, "geometry": {"type": "MultiPolygon", "coordinates": [[[[113.8831762, 22.5907257], [113.8832763, 22.5906871], [113.8833354, 22.5908181], [113.8832353, 22.5908567], [113.8831762, 22.5907257]]]]}}, {"type": "Feature", "id": "way/1445310878", "properties": {"tags": {"addr:housenumber": "85", "addr:place": "新庄园小区", "addr:place:en": "Xinzhuangyuan Community", "addr:place:zh": "新庄园小区", "building": "apartments"}, "heightStatus": "unknown", "source": "OpenStreetMap", "license": "ODbL-1.0"}, "geometry": {"type": "MultiPolygon", "coordinates": [[[[113.883076, 22.5907642], [113.8831762, 22.5907257], [113.8832353, 22.5908567], [113.8831351, 22.5908952], [113.883076, 22.5907642]]]]}}, {"type": "Feature", "id": "way/1445310879", "properties": {"tags": {"addr:housenumber": "76", "addr:place": "新庄园小区", "addr:place:en": "Xinzhuangyuan Community", "addr:place:zh": "新庄园小区", "building": "apartments"}, "heightStatus": "unknown", "source": "OpenStreetMap", "license": "ODbL-1.0"}, "geometry": {"type": "MultiPolygon", "coordinates": [[[[113.8831063, 22.5905709], [113.8832065, 22.5905324], [113.8832656, 22.5906634], [113.8831654, 22.5907019], [113.8831063, 22.5905709]]]]}}, {"type": "Feature", "id": "way/1445310880", "properties": {"tags": {"addr:housenumber": "75", "addr:place": "新庄园小区", "addr:place:en": "Xinzhuangyuan Community", "addr:place:zh": "新庄园小区", "building": "apartments"}, "heightStatus": "unknown", "source": "OpenStreetMap", "license": "ODbL-1.0"}, "geometry": {"type": "MultiPolygon", "coordinates": [[[[113.8830062, 22.5906094], [113.8831063, 22.5905709], [113.8831654, 22.5907019], [113.8830653, 22.5907404], [113.8830062, 22.5906094]]]]}}, {"type": "Feature", "id": "way/1445310881", "properties": {"tags": {"addr:housenumber": "47", "addr:place": "新庄园小区", "addr:place:en": "Xinzhuangyuan Community", "addr:place:zh": "新庄园小区", "building": "apartments"}, "heightStatus": "unknown", "source": "OpenStreetMap", "license": "ODbL-1.0"}, "geometry": {"type": "MultiPolygon", "coordinates": [[[[113.8830633, 22.5898613], [113.8831634, 22.5898228], [113.8832226, 22.5899538], [113.8831224, 22.5899923], [113.8830633, 22.5898613]]]]}}, {"type": "Feature", "id": "way/1445310882", "properties": {"tags": {"addr:housenumber": "46", "addr:place": "新庄园小区", "addr:place:en": "Xinzhuangyuan Community", "addr:place:zh": "新庄园小区", "building": "apartments"}, "heightStatus": "unknown", "source": "OpenStreetMap", "license": "ODbL-1.0"}, "geometry": {"type": "MultiPolygon", "coordinates": [[[[113.8829632, 22.5898998], [113.8830633, 22.5898613], [113.8831224, 22.5899923], [113.8830223, 22.5900308], [113.8829632, 22.5898998]]]]}}, {"type": "Feature", "id": "way/1445310885", "properties": {"tags": {"addr:housenumber": "45", "addr:place": "新庄园小区", "addr:place:en": "Xinzhuangyuan Community", "addr:place:zh": "新庄园小区", "building": "apartments"}, "heightStatus": "unknown", "source": "OpenStreetMap", "license": "ODbL-1.0"}, "geometry": {"type": "MultiPolygon", "coordinates": [[[[113.8828271, 22.5899522], [113.8829272, 22.5899137], [113.8829863, 22.5900447], [113.8828862, 22.5900832], [113.8828271, 22.5899522]]]]}}, {"type": "Feature", "id": "way/1445310886", "properties": {"tags": {"addr:housenumber": "44", "addr:place": "新庄园小区", "addr:place:en": "Xinzhuangyuan Community", "addr:place:zh": "新庄园小区", "building": "apartments"}, "heightStatus": "unknown", "source": "OpenStreetMap", "license": "ODbL-1.0"}, "geometry": {"type": "MultiPolygon", "coordinates": [[[[113.882727, 22.5899907], [113.8828271, 22.5899522], [113.8828862, 22.5900832], [113.8827861, 22.5901217], [113.882727, 22.5899907]]]]}}, {"type": "Feature", "id": "way/1445310891", "properties": {"tags": {"addr:housenumber": "54", "addr:place": "新庄园小区", "addr:place:en": "Xinzhuangyuan Community", "addr:place:zh": "新庄园小区", "building": "apartments"}, "heightStatus": "unknown", "source": "OpenStreetMap", "license": "ODbL-1.0"}, "geometry": {"type": "MultiPolygon", "coordinates": [[[[113.8831331, 22.5900159], [113.8832332, 22.5899774], [113.8832923, 22.5901084], [113.8831922, 22.5901469], [113.8831331, 22.5900159]]]]}}, {"type": "Feature", "id": "way/1445310893", "properties": {"tags": {"addr:housenumber": "61", "addr:place": "新庄园小区", "addr:place:en": "Xinzhuangyuan Community", "addr:place:zh": "新庄园小区", "building": "apartments"}, "heightStatus": "unknown", "source": "OpenStreetMap", "license": "ODbL-1.0"}, "geometry": {"type": "MultiPolygon", "coordinates": [[[[113.8832029, 22.5901707], [113.8833031, 22.5901322], [113.8833622, 22.5902632], [113.883262, 22.5903017], [113.8832029, 22.5901707]]]]}}, {"type": "Feature", "id": "way/1445310894", "properties": {"tags": {"addr:housenumber": "53", "addr:place": "新庄园小区", "addr:place:en": "Xinzhuangyuan Community", "addr:place:zh": "新庄园小区", "building": "apartments"}, "heightStatus": "unknown", "source": "OpenStreetMap", "license": "ODbL-1.0"}, "geometry": {"type": "MultiPolygon", "coordinates": [[[[113.8830329, 22.5900545], [113.8831331, 22.5900159], [113.8831922, 22.5901469], [113.883092, 22.5901855], [113.8830329, 22.5900545]]]]}}, {"type": "Feature", "id": "way/1445310896", "properties": {"tags": {"addr:housenumber": "60", "addr:place": "新庄园小区", "addr:place:en": "Xinzhuangyuan Community", "addr:place:zh": "新庄园小区", "building": "apartments"}, "heightStatus": "unknown", "source": "OpenStreetMap", "license": "ODbL-1.0"}, "geometry": {"type": "MultiPolygon", "coordinates": [[[[113.8831028, 22.5902092], [113.8832029, 22.5901707], [113.883262, 22.5903017], [113.8831619, 22.5903402], [113.8831028, 22.5902092]]]]}}, {"type": "Feature", "id": "way/1445310897", "properties": {"tags": {"addr:housenumber": "63", "addr:place": "新庄园小区", "addr:place:en": "Xinzhuangyuan Community", "addr:place:zh": "新庄园小区", "building": "apartments"}, "heightStatus": "unknown", "source": "OpenStreetMap", "license": "ODbL-1.0"}, "geometry": {"type": "MultiPolygon", "coordinates": [[[[113.8834391, 22.5900798], [113.8835393, 22.5900413], [113.8835984, 22.5901723], [113.8834982, 22.5902108], [113.8834391, 22.5900798]]]]}}, {"type": "Feature", "id": "way/1445310898", "properties": {"tags": {"addr:housenumber": "62", "addr:place": "新庄园小区", "addr:place:en": "Xinzhuangyuan Community", "addr:place:zh": "新庄园小区", "building": "apartments"}, "heightStatus": "unknown", "source": "OpenStreetMap", "license": "ODbL-1.0"}, "geometry": {"type": "MultiPolygon", "coordinates": [[[[113.883339, 22.5901184], [113.8834391, 22.5900798], [113.8834982, 22.5902108], [113.8833981, 22.5902494], [113.883339, 22.5901184]]]]}}, {"type": "Feature", "id": "way/1445310899", "properties": {"tags": {"addr:housenumber": "56", "addr:place": "新庄园小区", "addr:place:en": "Xinzhuangyuan Community", "addr:place:zh": "新庄园小区", "building": "apartments"}, "heightStatus": "unknown", "source": "OpenStreetMap", "license": "ODbL-1.0"}, "geometry": {"type": "MultiPolygon", "coordinates": [[[[113.8833693, 22.5899251], [113.8834694, 22.5898866], [113.8835285, 22.5900176], [113.8834284, 22.5900561], [113.8833693, 22.5899251]]]]}}, {"type": "Feature", "id": "way/1445310900", "properties": {"tags": {"addr:housenumber": "55", "addr:place": "新庄园小区", "addr:place:en": "Xinzhuangyuan Community", "addr:place:zh": "新庄园小区", "building": "apartments"}, "heightStatus": "unknown", "source": "OpenStreetMap", "license": "ODbL-1.0"}, "geometry": {"type": "MultiPolygon", "coordinates": [[[[113.8832691, 22.5899636], [113.8833693, 22.5899251], [113.8834284, 22.5900561], [113.8833282, 22.5900946], [113.8832691, 22.5899636]]]]}}, {"type": "Feature", "id": "way/1445310901", "properties": {"tags": {"addr:housenumber": "59", "addr:place": "新庄园小区", "addr:place:en": "Xinzhuangyuan Community", "addr:place:zh": "新庄园小区", "building": "apartments"}, "heightStatus": "unknown", "source": "OpenStreetMap", "license": "ODbL-1.0"}, "geometry": {"type": "MultiPolygon", "coordinates": [[[[113.8829667, 22.5902615], [113.8830669, 22.590223], [113.883126, 22.590354], [113.8830258, 22.5903925], [113.8829667, 22.5902615]]]]}}, {"type": "Feature", "id": "way/1445310902", "properties": {"tags": {"addr:housenumber": "58", "addr:place": "新庄园小区", "addr:place:en": "Xinzhuangyuan Community", "addr:place:zh": "新庄园小区", "building": "apartments"}, "heightStatus": "unknown", "source": "OpenStreetMap", "license": "ODbL-1.0"}, "geometry": {"type": "MultiPolygon", "coordinates": [[[[113.8828666, 22.5903001], [113.8829667, 22.5902615], [113.8830258, 22.5903925], [113.8829257, 22.5904311], [113.8828666, 22.5903001]]]]}}, {"type": "Feature", "id": "way/1445310903", "properties": {"tags": {"addr:housenumber": "52", "addr:place": "新庄园小区", "addr:place:en": "Xinzhuangyuan Community", "addr:place:zh": "新庄园小区", "building": "apartments"}, "heightStatus": "unknown", "source": "OpenStreetMap", "license": "ODbL-1.0"}, "geometry": {"type": "MultiPolygon", "coordinates": [[[[113.8828968, 22.5901068], [113.882997, 22.5900683], [113.8830561, 22.5901993], [113.8829559, 22.5902378], [113.8828968, 22.5901068]]]]}}, {"type": "Feature", "id": "way/1445310904", "properties": {"tags": {"addr:housenumber": "51", "addr:place": "新庄园小区", "addr:place:en": "Xinzhuangyuan Community", "addr:place:zh": "新庄园小区", "building": "apartments"}, "heightStatus": "unknown", "source": "OpenStreetMap", "license": "ODbL-1.0"}, "geometry": {"type": "MultiPolygon", "coordinates": [[[[113.8827967, 22.5901453], [113.8828968, 22.5901068], [113.8829559, 22.5902378], [113.8828558, 22.5902763], [113.8827967, 22.5901453]]]]}}, {"type": "Feature", "id": "way/1449337821", "properties": {"tags": {"building": "kindergarten"}, "heightStatus": "unknown", "source": "OpenStreetMap", "license": "ODbL-1.0"}, "geometry": {"type": "MultiPolygon", "coordinates": [[[[113.8812234, 22.5943167], [113.8812334, 22.5939142], [113.8812369, 22.5939063], [113.8812429, 22.5938998], [113.8812507, 22.5938954], [113.8812598, 22.5938935], [113.8812694, 22.5938945], [113.8812782, 22.5938984], [113.8812842, 22.5939039], [113.8812884, 22.5939125], [113.8812886, 22.5939232], [113.8813624, 22.593927], [113.8813572, 22.5940134], [113.8814078, 22.594016], [113.8814067, 22.594035], [113.8814668, 22.5940381], [113.8814604, 22.5941453], [113.8815748, 22.5941511], [113.8815696, 22.5942384], [113.8814194, 22.5942308], [113.881421, 22.5942031], [113.8813917, 22.5942016], [113.8813931, 22.5941781], [113.8813917, 22.5941682], [113.8813854, 22.5941586], [113.8813739, 22.5941504], [113.8813601, 22.594146], [113.8813456, 22.5941458], [113.8813318, 22.5941498], [113.8813199, 22.5941576], [113.8813113, 22.5941684], [113.8813068, 22.5941811], [113.8813048, 22.5942619], [113.881288, 22.5942615], [113.8812866, 22.594318], [113.8812234, 22.5943167]]]]}}, {"type": "Feature", "id": "way/1467486436", "properties": {"tags": {"building": "retail"}, "heightStatus": "unknown", "source": "OpenStreetMap", "license": "ODbL-1.0"}, "geometry": {"type": "MultiPolygon", "coordinates": [[[[113.8795707, 22.5922782], [113.8796164, 22.5920083], [113.8796395, 22.591975], [113.8796721, 22.5919282], [113.8798931, 22.5919601], [113.8798328, 22.592316], [113.8795707, 22.5922782]]]]}}]}