{"type":"FeatureCollection","features":[{"type":"Feature","id":"way/259065200","geometry":{"type":"MultiPolygon","coordinates":[[[[113.8795592,22.5644804],[113.8796626,22.564378],[113.8805091,22.5651142],[113.88111,22.5645254],[113.8802643,22.5637844],[113.8803545,22.5636961],[113.8820229,22.5651389],[113.8812276,22.5659232],[113.8795592,22.5644804]]]]},"properties":{"name":"宝安游泳馆","height":0,"kind":"unknown","label":"缺少可用高度；仅展示轮廓"}},{"type":"Feature","id":"way/520359328","geometry":{"type":"MultiPolygon","coordinates":[[[[113.8829075,22.5636051],[113.8830288,22.5634903],[113.8833824,22.5638089],[113.8832612,22.5639237],[113.8829075,22.5636051]]]]},"properties":{"name":"宝鸿林大厦","height":51,"kind":"levels","label":"17层 × 3米（估算）"}},{"type":"Feature","id":"way/534594396","geometry":{"type":"MultiPolygon","coordinates":[[[[113.880183,22.5660333],[113.8804738,22.565744],[113.8810023,22.5661969],[113.8807493,22.5664487],[113.8806976,22.5664044],[113.8806599,22.566442],[113.880183,22.5660333]]]]},"properties":{"name":"深圳市宝安区行政服务中心","height":0,"kind":"unknown","label":"缺少可用高度；仅展示轮廓"}},{"type":"Feature","id":"way/598020620","geometry":{"type":"MultiPolygon","coordinates":[[[[113.8796438,22.5669385],[113.8796893,22.5668943],[113.8796622,22.5668705],[113.879762,22.5667736],[113.8800717,22.5670455],[113.8798249,22.5672852],[113.8796815,22.5671594],[113.8798284,22.5670167],[113.8797227,22.5669239],[113.8796774,22.566968],[113.8796438,22.5669385]]]]},"properties":{"name":"深圳市公安局宝安分局办证大厅","height":0,"kind":"unknown","label":"缺少可用高度；仅展示轮廓"}},{"type":"Feature","id":"way/598020622","geometry":{"type":"MultiPolygon","coordinates":[[[[113.8799217,22.5666244],[113.8799695,22.5665773],[113.8801332,22.566719],[113.8800853,22.5667661],[113.8799217,22.5666244]]]]},"properties":{"name":"港澳通行证自助办理","height":3,"kind":"levels","label":"1层 × 3米（估算）"}},{"type":"Feature","id":"way/612863321","geometry":{"type":"MultiPolygon","coordinates":[[[[113.882447,22.5630944],[113.8826467,22.563092],[113.8826473,22.5631356],[113.8826892,22.5631351],[113.882734,22.5630917],[113.8828143,22.5631624],[113.8826677,22.5633044],[113.8825738,22.5633055],[113.8825722,22.5631897],[113.8824484,22.5631912],[113.882447,22.5630944]]]]},"properties":{"name":"2H栋","height":93,"kind":"levels","label":"31层 × 3米（估算）"}},{"type":"Feature","id":"way/1089624221","geometry":{"type":"MultiPolygon","coordinates":[[[[113.8833838,22.563498],[113.8834376,22.5634467],[113.8834678,22.5634737],[113.8834942,22.5634485],[113.8834459,22.5634054],[113.8835057,22.5633483],[113.8836429,22.563471],[113.8837315,22.5633865],[113.8838176,22.5634635],[113.883645,22.563628],[113.8836061,22.5635933],[113.8836322,22.5635685],[113.8835941,22.5635344],[113.883512,22.5636127],[113.8833838,22.563498]]]]},"properties":{"name":"2栋","height":72,"kind":"levels","label":"24层 × 3米（估算）"}},{"type":"Feature","id":"way/1089624222","geometry":{"type":"MultiPolygon","coordinates":[[[[113.8837694,22.5632655],[113.8839695,22.5630761],[113.8841458,22.5632349],[113.8839458,22.5634243],[113.8837694,22.5632655]]]]},"properties":{"name":"3栋","height":72,"kind":"levels","label":"24层 × 3米（估算）"}},{"type":"Feature","id":"way/1184908223","geometry":{"type":"MultiPolygon","coordinates":[[[[113.8792299,22.5666957],[113.8793055,22.5666226],[113.8792466,22.5665706],[113.8793336,22.5664866],[113.8794117,22.5665556],[113.8794277,22.5665402],[113.8795702,22.5666661],[113.8794444,22.5667875],[113.8793649,22.5667173],[113.8793121,22.5667683],[113.8792299,22.5666957]]]]},"properties":{"name":"way/1184908223","height":90,"kind":"levels","label":"30层 × 3米（估算）"}},{"type":"Feature","id":"way/1212919906","geometry":{"type":"MultiPolygon","coordinates":[[[[113.8781683,22.5643368],[113.8784463,22.5640626],[113.8791423,22.5646644],[113.8793787,22.5644313],[113.8806644,22.5655432],[113.8803361,22.5658668],[113.880261,22.5658019],[113.8800751,22.5659852],[113.8781683,22.5643368]]]]},"properties":{"name":"宝安超网中心","height":0,"kind":"unknown","label":"缺少可用高度；仅展示轮廓"}},{"type":"Feature","id":"way/1349217912","geometry":{"type":"MultiPolygon","coordinates":[[[[113.8789811,22.5669562],[113.879037,22.5669333],[113.8790269,22.5669121],[113.8791329,22.5668687],[113.8791428,22.5668895],[113.879207,22.5668632],[113.8792462,22.5669448],[113.8791787,22.5669724],[113.8792002,22.567017],[113.8792382,22.5670015],[113.8792491,22.5670244],[113.8792868,22.5670089],[113.8793116,22.5670603],[113.8792319,22.567093],[113.879239,22.5671078],[113.8791409,22.567148],[113.8791323,22.5671301],[113.8790555,22.5671615],[113.8790319,22.5671125],[113.8790714,22.5670963],[113.8790613,22.5670754],[113.8791054,22.5670574],[113.8790794,22.5670033],[113.8790162,22.5670292],[113.8789811,22.5669562]]]]},"properties":{"name":"way/1349217912","height":30,"kind":"levels","label":"10层 × 3米（估算）"}},{"type":"Feature","id":"way/1349724593","geometry":{"type":"MultiPolygon","coordinates":[[[[113.8857727,22.563238],[113.8858232,22.5631868],[113.8858778,22.5632326],[113.8859168,22.563193],[113.8858779,22.5631603],[113.8859353,22.5631021],[113.8861181,22.5632558],[113.8860601,22.5633145],[113.8860256,22.5632855],[113.8859857,22.563326],[113.8860367,22.5633688],[113.8859877,22.5634186],[113.8857727,22.563238]]]]},"properties":{"name":"A栋","height":36,"kind":"levels","label":"12层 × 3米（估算）"}},{"type":"Feature","id":"way/1349724594","geometry":{"type":"MultiPolygon","coordinates":[[[[113.8861004,22.5635143],[113.886153,22.5634622],[113.886209,22.5635066],[113.8862468,22.563466],[113.8862069,22.5634343],[113.886263,22.5633784],[113.8864458,22.5635321],[113.8863878,22.5635908],[113.8863533,22.5635618],[113.8863134,22.5636023],[113.8863644,22.5636451],[113.8863154,22.5636949],[113.8861004,22.5635143]]]]},"properties":{"name":"B栋","height":36,"kind":"levels","label":"12层 × 3米（估算）"}},{"type":"Feature","id":"way/1349724595","geometry":{"type":"MultiPolygon","coordinates":[[[[113.8857727,22.563238],[113.8858232,22.5631868],[113.8858778,22.5632326],[113.8859168,22.563193],[113.8858779,22.5631603],[113.8859353,22.5631021],[113.8861181,22.5632558],[113.886263,22.5633784],[113.8864458,22.5635321],[113.8863878,22.5635908],[113.8863533,22.5635618],[113.8863134,22.5636023],[113.8863644,22.5636451],[113.8863154,22.5636949],[113.8861004,22.5635143],[113.8859877,22.5634186],[113.8857727,22.563238]]]]},"properties":{"name":"way/1349724595","height":9,"kind":"levels","label":"3层 × 3米（估算）"}},{"type":"Feature","id":"way/1349724599","geometry":{"type":"MultiPolygon","coordinates":[[[[113.8876682,22.5632204],[113.8879699,22.5629258],[113.8881067,22.5630452],[113.8878049,22.5633399],[113.8876682,22.5632204]]]]},"properties":{"name":"way/1349724599","height":0,"kind":"unknown","label":"缺少可用高度；仅展示轮廓"}},{"type":"Feature","id":"way/1349724600","geometry":{"type":"MultiPolygon","coordinates":[[[[113.8865034,22.5638912],[113.8866412,22.5637572],[113.8870666,22.5641302],[113.8869287,22.5642642],[113.8865034,22.5638912]]]]},"properties":{"name":"华创达中心商务大厦","height":18,"kind":"levels","label":"6层 × 3米（估算）"}},{"type":"Feature","id":"way/1442559275","geometry":{"type":"MultiPolygon","coordinates":[[[[113.8849546,22.565482],[113.8851092,22.5653376],[113.8851852,22.565407],[113.8852091,22.5653846],[113.8852808,22.5654501],[113.8850783,22.5656391],[113.8850066,22.5655737],[113.8850306,22.5655513],[113.8849546,22.565482]]]]},"properties":{"name":"A3栋","height":0,"kind":"unknown","label":"缺少可用高度；仅展示轮廓"}},{"type":"Feature","id":"way/1442559276","geometry":{"type":"MultiPolygon","coordinates":[[[[113.8853596,22.5651038],[113.8855143,22.5649595],[113.8855902,22.5650288],[113.8856142,22.5650065],[113.8856858,22.5650719],[113.8854833,22.565261],[113.8854116,22.5651956],[113.8854356,22.5651732],[113.8853596,22.5651038]]]]},"properties":{"name":"A1栋","height":0,"kind":"unknown","label":"缺少可用高度；仅展示轮廓"}},{"type":"Feature","id":"way/1442559277","geometry":{"type":"MultiPolygon","coordinates":[[[[113.8851571,22.5652929],[113.8853117,22.5651485],[113.8853877,22.5652179],[113.8854116,22.5651956],[113.8854833,22.565261],[113.8852808,22.5654501],[113.8852091,22.5653846],[113.8852331,22.5653623],[113.8851571,22.5652929]]]]},"properties":{"name":"A2栋","height":0,"kind":"unknown","label":"缺少可用高度；仅展示轮廓"}},{"type":"Feature","id":"way/1442559278","geometry":{"type":"MultiPolygon","coordinates":[[[[113.8862039,22.5642954],[113.8863585,22.5641511],[113.8864345,22.5642205],[113.8864584,22.5641981],[113.88653,22.5642635],[113.8863275,22.5644526],[113.8862559,22.5643872],[113.8862798,22.5643648],[113.8862039,22.5642954]]]]},"properties":{"name":"B4栋","height":0,"kind":"unknown","label":"缺少可用高度；仅展示轮廓"}},{"type":"Feature","id":"way/1442559279","geometry":{"type":"MultiPolygon","coordinates":[[[[113.8860014,22.5644845],[113.886156,22.5643401],[113.886232,22.5644095],[113.8862559,22.5643872],[113.8863275,22.5644526],[113.886125,22.5646417],[113.8860534,22.5645762],[113.8860773,22.5645539],[113.8860014,22.5644845]]]]},"properties":{"name":"B5栋","height":0,"kind":"unknown","label":"缺少可用高度；仅展示轮廓"}},{"type":"Feature","id":"way/1442559280","geometry":{"type":"MultiPolygon","coordinates":[[[[113.8857989,22.5646736],[113.8859535,22.5645292],[113.8860295,22.5645986],[113.8860534,22.5645762],[113.886125,22.5646417],[113.8859225,22.5648307],[113.8858509,22.5647653],[113.8858748,22.564743],[113.8857989,22.5646736]]]]},"properties":{"name":"B6栋","height":0,"kind":"unknown","label":"缺少可用高度；仅展示轮廓"}},{"type":"Feature","id":"way/1442559284","geometry":{"type":"MultiPolygon","coordinates":[[[[113.8856228,22.5661648],[113.885739,22.5660481],[113.8858099,22.5661083],[113.8860304,22.5658866],[113.8860927,22.5659395],[113.8857298,22.5663044],[113.8856675,22.5662515],[113.8856938,22.566225],[113.8856228,22.5661648]]]]},"properties":{"name":"8栋","height":0,"kind":"unknown","label":"缺少可用高度；仅展示轮廓"}},{"type":"Feature","id":"way/1442559285","geometry":{"type":"MultiPolygon","coordinates":[[[[113.8858825,22.5664317],[113.8862999,22.566012],[113.8863736,22.5660746],[113.8859563,22.5664942],[113.8858825,22.5664317]]]]},"properties":{"name":"6栋","height":0,"kind":"unknown","label":"缺少可用高度；仅展示轮廓"}},{"type":"Feature","id":"way/1442559286","geometry":{"type":"MultiPolygon","coordinates":[[[[113.8860848,22.5666106],[113.8861509,22.5665442],[113.8862253,22.5665413],[113.8866325,22.5661318],[113.8865615,22.5660716],[113.8866777,22.5659548],[113.8867486,22.566015],[113.886775,22.5659885],[113.8868373,22.5660414],[113.8862444,22.5666376],[113.8861223,22.5666424],[113.8860848,22.5666106]]]]},"properties":{"name":"2栋","height":0,"kind":"unknown","label":"缺少可用高度；仅展示轮廓"}},{"type":"Feature","id":"way/1442559287","geometry":{"type":"MultiPolygon","coordinates":[[[[113.8868787,22.5657681],[113.8869949,22.5656513],[113.8870658,22.5657115],[113.8874731,22.565302],[113.8874699,22.5652333],[113.887536,22.5651669],[113.8875734,22.5651986],[113.8875786,22.5653115],[113.8869857,22.5659076],[113.8869234,22.5658547],[113.8869497,22.5658283],[113.8868787,22.5657681]]]]},"properties":{"name":"1栋","height":0,"kind":"unknown","label":"缺少可用高度；仅展示轮廓"}},{"type":"Feature","id":"way/1442559288","geometry":{"type":"MultiPolygon","coordinates":[[[[113.8869194,22.5654334],[113.8873368,22.5650138],[113.8874105,22.5650763],[113.8869932,22.5654959],[113.8869194,22.5654334]]]]},"properties":{"name":"5栋","height":0,"kind":"unknown","label":"缺少可用高度；仅展示轮廓"}},{"type":"Feature","id":"way/1442559289","geometry":{"type":"MultiPolygon","coordinates":[[[[113.8866967,22.5652282],[113.887114,22.5648086],[113.8871877,22.5648711],[113.8867704,22.5652907],[113.8866967,22.5652282]]]]},"properties":{"name":"7栋","height":0,"kind":"unknown","label":"缺少可用高度；仅展示轮廓"}},{"type":"Feature","id":"way/1442559290","geometry":{"type":"MultiPolygon","coordinates":[[[[113.8861736,22.5657286],[113.8862898,22.5656118],[113.8863607,22.565672],[113.886387,22.5656456],[113.8864494,22.5656984],[113.8862806,22.5658682],[113.8862183,22.5658153],[113.8862446,22.5657888],[113.8861736,22.5657286]]]]},"properties":{"name":"4栋","height":0,"kind":"unknown","label":"缺少可用高度；仅展示轮廓"}},{"type":"Feature","id":"way/1442559291","geometry":{"type":"MultiPolygon","coordinates":[[[[113.8864413,22.5654569],[113.8865575,22.5653401],[113.8866285,22.5654003],[113.8866548,22.5653738],[113.8867171,22.5654267],[113.8865483,22.5655964],[113.886486,22.5655435],[113.8865123,22.5655171],[113.8864413,22.5654569]]]]},"properties":{"name":"3栋","height":0,"kind":"unknown","label":"缺少可用高度；仅展示轮廓"}},{"type":"Feature","id":"way/1442559292","geometry":{"type":"MultiPolygon","coordinates":[[[[113.8860107,22.5649863],[113.8861269,22.5648696],[113.8861979,22.5649298],[113.8865643,22.5645613],[113.8864933,22.5645011],[113.8866095,22.5643843],[113.8866804,22.5644445],[113.8867068,22.564418],[113.8867691,22.5644709],[113.8861177,22.5651259],[113.8860554,22.565073],[113.8860817,22.5650465],[113.8860107,22.5649863]]]]},"properties":{"name":"9栋","height":0,"kind":"unknown","label":"缺少可用高度；仅展示轮廓"}},{"type":"Feature","id":"way/1442559293","geometry":{"type":"MultiPolygon","coordinates":[[[[113.8851952,22.5658055],[113.8853114,22.5656888],[113.8853823,22.565749],[113.8857488,22.5653805],[113.8856778,22.5653203],[113.8857939,22.5652035],[113.8858649,22.5652637],[113.8858912,22.5652372],[113.8859536,22.5652901],[113.8853022,22.5659451],[113.8852399,22.5658922],[113.8852662,22.5658657],[113.8851952,22.5658055]]]]},"properties":{"name":"10栋","height":0,"kind":"unknown","label":"缺少可用高度；仅展示轮廓"}},{"type":"Feature","id":"way/1442559295","geometry":{"type":"MultiPolygon","coordinates":[[[[113.8851244,22.563784],[113.8854953,22.563434],[113.8856361,22.5635612],[113.8855533,22.5636393],[113.8854911,22.563583],[113.8852881,22.5637746],[113.8853511,22.5638315],[113.885266,22.5639119],[113.8851244,22.563784]]]]},"properties":{"name":"way/1442559295","height":0,"kind":"unknown","label":"缺少可用高度；仅展示轮廓"}},{"type":"Feature","id":"way/1442559296","geometry":{"type":"MultiPolygon","coordinates":[[[[113.8841182,22.5647337],[113.8844909,22.564382],[113.8846266,22.5645047],[113.8845417,22.5645848],[113.8844795,22.5645286],[113.8842765,22.5647202],[113.8843395,22.5647771],[113.8842547,22.564857],[113.8841182,22.5647337]]]]},"properties":{"name":"way/1442559296","height":0,"kind":"unknown","label":"缺少可用高度；仅展示轮廓"}},{"type":"Feature","id":"way/1442559297","geometry":{"type":"MultiPolygon","coordinates":[[[[113.8852496,22.5641169],[113.8854224,22.564056],[113.8854476,22.5641171],[113.885413,22.5641293],[113.8854271,22.5641634],[113.885484,22.5641556],[113.885486,22.5641679],[113.8855112,22.5641644],[113.8855168,22.5641989],[113.8855465,22.5641948],[113.8855568,22.5642585],[113.8854151,22.5642779],[113.8852954,22.5643505],[113.8852571,22.5642967],[113.8852822,22.5642815],[113.8852615,22.5642523],[113.8852829,22.5642394],[113.8852755,22.564229],[113.8853236,22.5641999],[113.8853095,22.5641657],[113.8852748,22.5641779],[113.8852496,22.5641169]]]]},"properties":{"name":"way/1442559297","height":0,"kind":"unknown","label":"缺少可用高度；仅展示轮廓"}},{"type":"Feature","id":"way/1442559298","geometry":{"type":"MultiPolygon","coordinates":[[[[113.8855465,22.5641948],[113.8855762,22.5641907],[113.8855707,22.5641562],[113.8855959,22.5641527],[113.885594,22.5641405],[113.8856508,22.5641327],[113.8856536,22.5640962],[113.8856166,22.5640939],[113.8856214,22.5640287],[113.8858059,22.5640404],[113.8858011,22.5641056],[113.8857641,22.5641032],[113.8857614,22.5641397],[113.8858166,22.5641547],[113.8858128,22.5641665],[113.8858373,22.5641732],[113.8858267,22.5642066],[113.8858555,22.5642144],[113.8858368,22.564277],[113.8856985,22.564239],[113.8855568,22.5642585],[113.8855465,22.5641948]]]]},"properties":{"name":"way/1442559298","height":0,"kind":"unknown","label":"缺少可用高度；仅展示轮廓"}},{"type":"Feature","id":"way/1442559299","geometry":{"type":"MultiPolygon","coordinates":[[[[113.8847593,22.5648442],[113.8848297,22.5648381],[113.8848332,22.5648722],[113.8848726,22.5648688],[113.8848797,22.5648161],[113.884893,22.5648177],[113.8848961,22.5647942],[113.8849336,22.5647986],[113.8849373,22.564771],[113.8850065,22.564779],[113.8849888,22.5649102],[113.8850324,22.5650362],[113.884966,22.5650558],[113.8849569,22.5650294],[113.8849209,22.56504],[113.8849131,22.5650175],[113.8849004,22.5650213],[113.8848829,22.5649707],[113.8848434,22.5649741],[113.8848469,22.5650082],[113.8847764,22.5650142],[113.8847593,22.5648442]]]]},"properties":{"name":"way/1442559299","height":0,"kind":"unknown","label":"缺少可用高度；仅展示轮廓"}},{"type":"Feature","id":"way/1442559300","geometry":{"type":"MultiPolygon","coordinates":[[[[113.8849522,22.5643411],[113.8850814,22.5642189],[113.885132,22.5642645],[113.8851061,22.564289],[113.8851345,22.5643145],[113.8851825,22.5642854],[113.8851899,22.5642957],[113.8852112,22.5642828],[113.885232,22.5643119],[113.8852571,22.5642967],[113.8852954,22.5643505],[113.8851756,22.5644231],[113.8850999,22.5645354],[113.8850407,22.5645014],[113.8850566,22.5644778],[113.8850246,22.5644594],[113.8850381,22.5644394],[113.8850267,22.5644328],[113.8850571,22.5643878],[113.8850287,22.5643622],[113.8850028,22.5643867],[113.8849522,22.5643411]]]]},"properties":{"name":"way/1442559300","height":0,"kind":"unknown","label":"缺少可用高度；仅展示轮廓"}},{"type":"Feature","id":"way/1442559301","geometry":{"type":"MultiPolygon","coordinates":[[[[113.8847841,22.5646598],[113.8848459,22.5644988],[113.8849126,22.5645206],[113.8849002,22.5645529],[113.8849375,22.5645651],[113.8849679,22.56452],[113.8849793,22.5645265],[113.8849928,22.5645065],[113.8850248,22.5645249],[113.8850407,22.5645014],[113.8850999,22.5645354],[113.8850242,22.5646477],[113.8850065,22.564779],[113.8849373,22.564771],[113.884941,22.5647435],[113.8849036,22.5647392],[113.8849067,22.5647157],[113.8848934,22.5647142],[113.8849005,22.5646615],[113.8848632,22.5646493],[113.8848508,22.5646816],[113.8847841,22.5646598]]]]},"properties":{"name":"way/1442559301","height":0,"kind":"unknown","label":"缺少可用高度；仅展示轮廓"}},{"type":"Feature","id":"way/1442583074","geometry":{"type":"MultiPolygon","coordinates":[[[[113.881165,22.5690761],[113.8812472,22.5689963],[113.8812754,22.569021],[113.8813404,22.5689579],[113.8815076,22.5691046],[113.8814426,22.5691677],[113.8814708,22.5691925],[113.8813886,22.5692723],[113.881165,22.5690761]]]]},"properties":{"name":"A4栋","height":0,"kind":"unknown","label":"缺少可用高度；仅展示轮廓"}},{"type":"Feature","id":"way/1442583075","geometry":{"type":"MultiPolygon","coordinates":[[[[113.8808843,22.5688265],[113.8809665,22.5687467],[113.8809947,22.5687715],[113.8810597,22.5687083],[113.8812269,22.568855],[113.8811619,22.5689182],[113.8811901,22.5689429],[113.881108,22.5690228],[113.8808843,22.5688265]]]]},"properties":{"name":"B栋","height":0,"kind":"unknown","label":"缺少可用高度；仅展示轮廓"}},{"type":"Feature","id":"way/1442583076","geometry":{"type":"MultiPolygon","coordinates":[[[[113.8805872,22.5691143],[113.8807345,22.5689712],[113.8808688,22.5690891],[113.8807871,22.5691685],[113.8808118,22.5691902],[113.8807463,22.5692539],[113.8805872,22.5691143]]]]},"properties":{"name":"A1栋","height":0,"kind":"unknown","label":"缺少可用高度；仅展示轮廓"}},{"type":"Feature","id":"way/1442583077","geometry":{"type":"MultiPolygon","coordinates":[[[[113.8809164,22.5694032],[113.880982,22.5693395],[113.8810067,22.5693612],[113.8810884,22.5692818],[113.8812228,22.5693997],[113.8810755,22.5695428],[113.8809164,22.5694032]]]]},"properties":{"name":"A3栋","height":0,"kind":"unknown","label":"缺少可用高度；仅展示轮廓"}},{"type":"Feature","id":"way/1442583078","geometry":{"type":"MultiPolygon","coordinates":[[[[113.8807463,22.5692539],[113.8808118,22.5691902],[113.8808365,22.5692119],[113.8809183,22.5691325],[113.881039,22.5692384],[113.8809572,22.5693179],[113.880982,22.5693395],[113.8809164,22.5694032],[113.8807463,22.5692539]]]]},"properties":{"name":"A2栋","height":0,"kind":"unknown","label":"缺少可用高度；仅展示轮廓"}},{"type":"Feature","id":"way/1442583079","geometry":{"type":"MultiPolygon","coordinates":[[[[113.8830852,22.5684869],[113.8831782,22.5683964],[113.8832099,22.5684242],[113.8832366,22.5683982],[113.8833584,22.5685051],[113.8832118,22.5686477],[113.8830898,22.5685407],[113.8831167,22.5685145],[113.8830852,22.5684869]]]]},"properties":{"name":"B1栋","height":21,"kind":"levels","label":"7层 × 3米（估算）"}},{"type":"Feature","id":"way/1442583080","geometry":{"type":"MultiPolygon","coordinates":[[[[113.883232,22.5683445],[113.8833251,22.568254],[113.8833567,22.5682817],[113.8833834,22.5682558],[113.8835051,22.5683625],[113.8833584,22.5685051],[113.8832366,22.5683982],[113.8832635,22.5683721],[113.883232,22.5683445]]]]},"properties":{"name":"B2栋","height":21,"kind":"levels","label":"7层 × 3米（估算）"}},{"type":"Feature","id":"way/1442583081","geometry":{"type":"MultiPolygon","coordinates":[[[[113.882736,22.5682104],[113.8828291,22.5681199],[113.8828607,22.5681477],[113.8828875,22.5681217],[113.8830093,22.5682285],[113.8828626,22.5683711],[113.8827406,22.5682641],[113.8827675,22.568238],[113.882736,22.5682104]]]]},"properties":{"name":"A1栋","height":21,"kind":"levels","label":"7层 × 3米（估算）"}},{"type":"Feature","id":"way/1442583082","geometry":{"type":"MultiPolygon","coordinates":[[[[113.8828829,22.568068],[113.8829759,22.5679775],[113.8830076,22.5680052],[113.8830343,22.5679792],[113.8831559,22.568086],[113.8830093,22.5682285],[113.8828875,22.5681217],[113.8829143,22.5680956],[113.8828829,22.568068]]]]},"properties":{"name":"A2栋","height":21,"kind":"levels","label":"7层 × 3米（估算）"}},{"type":"Feature","id":"way/1442583084","geometry":{"type":"MultiPolygon","coordinates":[[[[113.8822943,22.5686619],[113.8825408,22.568423],[113.8826267,22.5684986],[113.8826735,22.5684533],[113.882988,22.56873],[113.8828946,22.5688206],[113.88258,22.5685439],[113.8823802,22.5687375],[113.8822943,22.5686619]]]]},"properties":{"name":"2栋","height":21,"kind":"levels","label":"7层 × 3米（估算）"}},{"type":"Feature","id":"way/1442583085","geometry":{"type":"MultiPolygon","coordinates":[[[[113.8824391,22.5688178],[113.882535,22.5687249],[113.8827797,22.5689402],[113.8826838,22.5690331],[113.8824391,22.5688178]]]]},"properties":{"name":"3栋","height":21,"kind":"levels","label":"7层 × 3米（估算）"}},{"type":"Feature","id":"way/1442583086","geometry":{"type":"MultiPolygon","coordinates":[[[[113.8818152,22.5691262],[113.8822449,22.5687097],[113.8823309,22.5687853],[113.8819012,22.5692018],[113.8818152,22.5691262]]]]},"properties":{"name":"1栋","height":21,"kind":"levels","label":"7层 × 3米（估算）"}},{"type":"Feature","id":"way/1442583088","geometry":{"type":"MultiPolygon","coordinates":[[[[113.8812343,22.5696729],[113.8813101,22.5695993],[113.8813453,22.5696302],[113.8814226,22.5695551],[113.8815679,22.5696827],[113.8814907,22.5697578],[113.8815259,22.5697887],[113.8814502,22.5698623],[113.8812343,22.5696729]]]]},"properties":{"name":"A栋","height":48,"kind":"levels","label":"16层 × 3米（估算）"}},{"type":"Feature","id":"way/1442583089","geometry":{"type":"MultiPolygon","coordinates":[[[[113.881752,22.5696554],[113.8818901,22.5695212],[113.8819714,22.5695925],[113.8820049,22.56956],[113.8820846,22.5696299],[113.8818795,22.5698292],[113.8817998,22.5697593],[113.8818333,22.5697268],[113.881752,22.5696554]]]]},"properties":{"name":"B栋","height":48,"kind":"levels","label":"16层 × 3米（估算）"}},{"type":"Feature","id":"way/1442583090","geometry":{"type":"MultiPolygon","coordinates":[[[[113.882262,22.5700797],[113.8824394,22.5699073],[113.8827039,22.5701394],[113.8824885,22.5703487],[113.882289,22.5701736],[113.882327,22.5701367],[113.882262,22.5700797]]]]},"properties":{"name":"B栋","height":93,"kind":"levels","label":"31层 × 3米（估算）"}},{"type":"Feature","id":"way/1442583091","geometry":{"type":"MultiPolygon","coordinates":[[[[113.8817517,22.5701352],[113.8819671,22.5699259],[113.8821666,22.570101],[113.8821286,22.5701379],[113.8821936,22.5701949],[113.8820162,22.5703673],[113.8817517,22.5701352]]]]},"properties":{"name":"A栋","height":93,"kind":"levels","label":"31层 × 3米（估算）"}},{"type":"Feature","id":"way/1442583094","geometry":{"type":"MultiPolygon","coordinates":[[[[113.8823421,22.5696389],[113.8825532,22.5694338],[113.8826308,22.5695019],[113.8824934,22.5696354],[113.8826871,22.5698053],[113.8826134,22.5698769],[113.8823421,22.5696389]]]]},"properties":{"name":"2栋","height":24,"kind":"levels","label":"8层 × 3米（估算）"}},{"type":"Feature","id":"way/1442583095","geometry":{"type":"MultiPolygon","coordinates":[[[[113.8825532,22.5694338],[113.8827642,22.5692288],[113.8830355,22.5694668],[113.8829618,22.5695384],[113.8827681,22.5693685],[113.8826308,22.5695019],[113.8825532,22.5694338]]]]},"properties":{"name":"3栋","height":24,"kind":"levels","label":"8层 × 3米（估算）"}},{"type":"Feature","id":"way/1442583096","geometry":{"type":"MultiPolygon","coordinates":[[[[113.8826855,22.5699609],[113.8831368,22.5695223],[113.8832052,22.5695824],[113.8827539,22.570021],[113.8826855,22.5699609]]]]},"properties":{"name":"1栋","height":24,"kind":"levels","label":"8层 × 3米（估算）"}},{"type":"Feature","id":"way/1442583097","geometry":{"type":"MultiPolygon","coordinates":[[[[113.8834372,22.5678519],[113.8835785,22.5677146],[113.8837817,22.5678929],[113.8836926,22.5679794],[113.8835456,22.5678503],[113.8834933,22.5679011],[113.8834372,22.5678519]]]]},"properties":{"name":"B座","height":51,"kind":"levels","label":"17层 × 3米（估算）"}},{"type":"Feature","id":"way/1442583098","geometry":{"type":"MultiPolygon","coordinates":[[[[113.8832959,22.5679892],[113.8834372,22.5678519],[113.8834933,22.5679011],[113.8834411,22.5679519],[113.8835881,22.568081],[113.8834991,22.5681675],[113.8832959,22.5679892]]]]},"properties":{"name":"A座","height":51,"kind":"levels","label":"17层 × 3米（估算）"}},{"type":"Feature","id":"way/1442583099","geometry":{"type":"MultiPolygon","coordinates":[[[[113.8840176,22.5685835],[113.8840846,22.5685184],[113.8841332,22.568561],[113.8844995,22.5682051],[113.88457,22.568267],[113.8841367,22.568688],[113.8840176,22.5685835]]]]},"properties":{"name":"A栋","height":0,"kind":"unknown","label":"缺少可用高度；仅展示轮廓"}},{"type":"Feature","id":"way/1442583100","geometry":{"type":"MultiPolygon","coordinates":[[[[113.8836801,22.5683125],[113.8838045,22.568191],[113.8838621,22.5682413],[113.8839086,22.5681959],[113.883851,22.5681456],[113.8839547,22.5680444],[113.8840123,22.5680947],[113.8840588,22.5680493],[113.8840012,22.567999],[113.8841256,22.5678775],[113.8842499,22.5679861],[113.8838044,22.5684211],[113.8836801,22.5683125]]]]},"properties":{"name":"C栋","height":0,"kind":"unknown","label":"缺少可用高度；仅展示轮廓"}},{"type":"Feature","id":"way/1442583101","geometry":{"type":"MultiPolygon","coordinates":[[[[113.8838985,22.5684791],[113.8843318,22.568058],[113.8844024,22.5681199],[113.8840361,22.5684758],[113.8840846,22.5685184],[113.8840176,22.5685835],[113.8838985,22.5684791]]]]},"properties":{"name":"B栋","height":0,"kind":"unknown","label":"缺少可用高度；仅展示轮廓"}},{"type":"Feature","id":"way/1442583102","geometry":{"type":"MultiPolygon","coordinates":[[[[113.8842665,22.5677091],[113.8844151,22.5675647],[113.8844927,22.5676327],[113.8843441,22.5677772],[113.8842665,22.5677091]]]]},"properties":{"name":"B3栋","height":24,"kind":"levels","label":"8层 × 3米（估算）"}},{"type":"Feature","id":"way/1442583103","geometry":{"type":"MultiPolygon","coordinates":[[[[113.8844151,22.5675647],[113.8845638,22.5674202],[113.8846413,22.5674883],[113.8844927,22.5676327],[113.8844151,22.5675647]]]]},"properties":{"name":"B2栋","height":24,"kind":"levels","label":"8层 × 3米（估算）"}},{"type":"Feature","id":"way/1442583104","geometry":{"type":"MultiPolygon","coordinates":[[[[113.8841928,22.5677807],[113.8842665,22.5677091],[113.8843441,22.5677772],[113.8844416,22.5678628],[113.8843679,22.5679344],[113.8841928,22.5677807]]]]},"properties":{"name":"B4栋","height":24,"kind":"levels","label":"8层 × 3米（估算）"}},{"type":"Feature","id":"way/1442583105","geometry":{"type":"MultiPolygon","coordinates":[[[[113.8845638,22.5674202],[113.8846375,22.5673486],[113.8848126,22.5675023],[113.8847389,22.5675739],[113.8846413,22.5674883],[113.8845638,22.5674202]]]]},"properties":{"name":"B1栋","height":24,"kind":"levels","label":"8层 × 3米（估算）"}},{"type":"Feature","id":"way/1442583106","geometry":{"type":"MultiPolygon","coordinates":[[[[113.8847245,22.5677456],[113.8848955,22.5675794],[113.8849386,22.5676173],[113.884952,22.5676042],[113.8850801,22.5677166],[113.8848823,22.5679089],[113.8847542,22.5677965],[113.8847676,22.5677835],[113.8847245,22.5677456]]]]},"properties":{"name":"A1栋","height":24,"kind":"levels","label":"8层 × 3米（估算）"}},{"type":"Feature","id":"way/1442583107","geometry":{"type":"MultiPolygon","coordinates":[[[[113.884479,22.5679945],[113.88465,22.5678284],[113.8846931,22.5678662],[113.8847065,22.5678531],[113.8848346,22.5679656],[113.8846368,22.5681578],[113.8845087,22.5680454],[113.8845221,22.5680324],[113.884479,22.5679945]]]]},"properties":{"name":"A2栋","height":24,"kind":"levels","label":"8层 × 3米（估算）"}},{"type":"Feature","id":"way/1442583108","geometry":{"type":"MultiPolygon","coordinates":[[[[113.8855097,22.5668437],[113.8855861,22.5667694],[113.8857205,22.5668874],[113.8856441,22.5669617],[113.8855097,22.5668437]]]]},"properties":{"name":"B栋","height":27,"kind":"levels","label":"9层 × 3米（估算）"}},{"type":"Feature","id":"way/1442583109","geometry":{"type":"MultiPolygon","coordinates":[[[[113.8848238,22.5671746],[113.8848506,22.5671485],[113.8848365,22.5671361],[113.8849025,22.567072],[113.8849166,22.5670844],[113.8849434,22.5670584],[113.8849936,22.5671024],[113.8849668,22.5671285],[113.8849883,22.5671474],[113.8850688,22.5670692],[113.8850472,22.5670503],[113.8850204,22.5670764],[113.8849702,22.5670323],[113.884997,22.5670063],[113.8849829,22.5669939],[113.8850489,22.5669298],[113.885063,22.5669422],[113.8850898,22.5669161],[113.88514,22.5669602],[113.8851132,22.5669862],[113.8851347,22.5670051],[113.8852151,22.566927],[113.8851936,22.5669081],[113.8851668,22.5669342],[113.8851166,22.5668901],[113.8851434,22.566864],[113.8851293,22.5668516],[113.8851953,22.5667876],[113.8852094,22.5667999],[113.8852362,22.5667739],[113.8852864,22.566818],[113.8852596,22.566844],[113.8852811,22.5668629],[113.8853213,22.5668238],[113.8853858,22.5668804],[113.8849466,22.5673071],[113.8848822,22.5672505],[113.8849224,22.5672115],[113.8849009,22.5671926],[113.8848741,22.5672186],[113.8848238,22.5671746]]]]},"properties":{"name":"A2栋","height":27,"kind":"levels","label":"9层 × 3米（估算）"}},{"type":"Feature","id":"way/1442583110","geometry":{"type":"MultiPolygon","coordinates":[[[[113.8851173,22.5674484],[113.8851441,22.5674224],[113.88513,22.56741],[113.885196,22.5673459],[113.8852101,22.5673583],[113.8852369,22.5673322],[113.8852871,22.5673763],[113.8852603,22.5674024],[113.8852818,22.5674212],[113.8853622,22.5673431],[113.8853407,22.5673242],[113.8853139,22.5673503],[113.8852637,22.5673062],[113.8852905,22.5672801],[113.8852764,22.5672678],[113.8853424,22.5672037],[113.8853565,22.567216],[113.8853833,22.56719],[113.8854335,22.5672341],[113.8854067,22.5672601],[113.8854282,22.567279],[113.8855086,22.5672008],[113.8854871,22.567182],[113.8854603,22.567208],[113.8854101,22.5671639],[113.8854369,22.5671379],[113.8854228,22.5671255],[113.8854887,22.5670614],[113.8855029,22.5670738],[113.8855297,22.5670478],[113.8855799,22.5670918],[113.8855531,22.5671179],[113.8855746,22.5671367],[113.8856148,22.5670977],[113.8856793,22.5671543],[113.8852401,22.567581],[113.8851757,22.5675244],[113.8852159,22.5674853],[113.8851944,22.5674664],[113.8851676,22.5674925],[113.8851173,22.5674484]]]]},"properties":{"name":"A1栋","height":27,"kind":"levels","label":"9层 × 3米（估算）"}},{"type":"Feature","id":"way/1442583111","geometry":{"type":"MultiPolygon","coordinates":[[[[113.8845347,22.5664009],[113.8847761,22.5661645],[113.8849641,22.5663282],[113.8847227,22.5665646],[113.8845347,22.5664009]]]]},"properties":{"name":"B座","height":87,"kind":"levels","label":"29层 × 3米（估算）"}},{"type":"Feature","id":"way/1442583112","geometry":{"type":"MultiPolygon","coordinates":[[[[113.8846194,22.5668264],[113.8848607,22.56659],[113.8850487,22.5667536],[113.8848073,22.56699],[113.8846194,22.5668264]]]]},"properties":{"name":"A座","height":87,"kind":"levels","label":"29层 × 3米（估算）"}},{"type":"Feature","id":"way/1442583114","geometry":{"type":"MultiPolygon","coordinates":[[[[113.8837991,22.567705],[113.8838267,22.567678],[113.8838002,22.5676549],[113.8838578,22.5675986],[113.8838842,22.5676216],[113.8839109,22.5675954],[113.8839554,22.5676342],[113.8839287,22.5676603],[113.8839558,22.5676839],[113.8840493,22.5675924],[113.8840221,22.5675688],[113.8839954,22.567595],[113.8839509,22.5675562],[113.8839775,22.5675301],[113.8839511,22.567507],[113.8840086,22.5674507],[113.884035,22.5674736],[113.8840618,22.5674475],[113.8841063,22.5674863],[113.8840796,22.5675124],[113.8841067,22.567536],[113.8842002,22.5674445],[113.884173,22.5674208],[113.8841463,22.567447],[113.8841017,22.5674082],[113.8841284,22.5673821],[113.8841019,22.567359],[113.8841595,22.5673027],[113.8841859,22.5673257],[113.8842126,22.5672995],[113.8842571,22.5673383],[113.8842305,22.5673644],[113.8842576,22.5673881],[113.8843044,22.5673423],[113.8843577,22.5673888],[113.8839237,22.5678135],[113.8838708,22.5677674],[113.8838984,22.5677404],[113.8838713,22.5677167],[113.8838437,22.5677438],[113.8837991,22.567705]]]]},"properties":{"name":"D栋","height":0,"kind":"unknown","label":"缺少可用高度；仅展示轮廓"}},{"type":"Feature","id":"way/1442583115","geometry":{"type":"MultiPolygon","coordinates":[[[[113.8835389,22.5674754],[113.8835667,22.5674483],[113.8835402,22.5674252],[113.8835978,22.5673689],[113.8836242,22.5673918],[113.8836509,22.5673657],[113.8836955,22.5674045],[113.8836688,22.5674306],[113.8836959,22.5674542],[113.8837893,22.5673627],[113.8837622,22.567339],[113.8837354,22.5673652],[113.8836909,22.5673264],[113.8837176,22.5673003],[113.8836911,22.5672772],[113.8837487,22.5672209],[113.883775,22.5672439],[113.8838018,22.5672177],[113.8838463,22.5672565],[113.8838196,22.5672826],[113.8838467,22.5673062],[113.8839402,22.5672148],[113.883913,22.5671911],[113.8838863,22.5672173],[113.8838418,22.5671785],[113.8838684,22.5671524],[113.883842,22.5671293],[113.8838995,22.567073],[113.8839259,22.567096],[113.8839527,22.5670698],[113.8839972,22.5671086],[113.8839705,22.5671347],[113.8839976,22.5671583],[113.8840444,22.5671125],[113.8840978,22.5671591],[113.8836635,22.567584],[113.8836106,22.5675379],[113.8836384,22.5675106],[113.8836113,22.567487],[113.8835835,22.5675142],[113.8835389,22.5674754]]]]},"properties":{"name":"B栋","height":0,"kind":"unknown","label":"缺少可用高度；仅展示轮廓"}},{"type":"Feature","id":"way/1442583116","geometry":{"type":"MultiPolygon","coordinates":[[[[113.8840329,22.5669826],[113.8840596,22.5669564],[113.8840331,22.5669334],[113.8840906,22.5668771],[113.8841171,22.5669001],[113.8841438,22.5668739],[113.8841883,22.5669127],[113.8841617,22.5669388],[113.8841888,22.5669624],[113.8842822,22.5668709],[113.884255,22.5668473],[113.8842283,22.5668734],[113.8841838,22.5668347],[113.8842105,22.5668085],[113.884184,22.5667855],[113.8842415,22.5667291],[113.8842679,22.5667521],[113.8842946,22.566726],[113.8843392,22.5667647],[113.8843125,22.5667909],[113.8843397,22.5668145],[113.884433,22.5667229],[113.8844059,22.5666993],[113.8843792,22.5667255],[113.8843346,22.5666867],[113.8843613,22.5666606],[113.8843349,22.5666376],[113.8843924,22.5665812],[113.8844188,22.5666042],[113.8844455,22.566578],[113.8844901,22.5666168],[113.8844634,22.5666429],[113.8844905,22.5666665],[113.8845372,22.5666207],[113.8845904,22.566667],[113.8841378,22.5671109],[113.8840846,22.5670646],[113.8841313,22.5670188],[113.8841042,22.5669952],[113.8840775,22.5670214],[113.8840329,22.5669826]]]]},"properties":{"name":"A栋","height":0,"kind":"unknown","label":"缺少可用高度；仅展示轮廓"}},{"type":"Feature","id":"way/1442583117","geometry":{"type":"MultiPolygon","coordinates":[[[[113.8843044,22.5672119],[113.8843311,22.5671857],[113.8843047,22.5671627],[113.8843622,22.5671064],[113.8843886,22.5671294],[113.8844153,22.5671032],[113.8844599,22.567142],[113.8844332,22.5671681],[113.8844603,22.5671917],[113.8845537,22.5671002],[113.8845266,22.5670766],[113.8844999,22.5671027],[113.8844553,22.567064],[113.884482,22.5670378],[113.8844555,22.5670148],[113.884513,22.5669584],[113.8845395,22.5669814],[113.8845662,22.5669553],[113.8846107,22.566994],[113.8845841,22.5670202],[113.8846112,22.5670438],[113.8846579,22.566998],[113.8847111,22.5670443],[113.8844094,22.5673402],[113.8843562,22.5672939],[113.8844028,22.5672481],[113.8843757,22.5672245],[113.884349,22.5672507],[113.8843044,22.5672119]]]]},"properties":{"name":"C栋","height":0,"kind":"unknown","label":"缺少可用高度；仅展示轮廓"}},{"type":"Feature","id":"way/1442583118","geometry":{"type":"MultiPolygon","coordinates":[[[[113.8815914,22.5670417],[113.881695,22.5669444],[113.882091,22.5673038],[113.8819873,22.5674011],[113.8815914,22.5670417]]]]},"properties":{"name":"1栋","height":24,"kind":"levels","label":"8层 × 3米（估算）"}},{"type":"Feature","id":"way/1442583119","geometry":{"type":"MultiPolygon","coordinates":[[[[113.8811464,22.5674512],[113.8812501,22.5673538],[113.881646,22.5677132],[113.8815424,22.5678105],[113.8811464,22.5674512]]]]},"properties":{"name":"3栋","height":0,"kind":"unknown","label":"缺少可用高度；仅展示轮廓"}},{"type":"Feature","id":"way/1442583120","geometry":{"type":"MultiPolygon","coordinates":[[[[113.8813678,22.5672207],[113.8814715,22.5671233],[113.8818674,22.5674827],[113.8817638,22.56758],[113.8813678,22.5672207]]]]},"properties":{"name":"2栋","height":0,"kind":"unknown","label":"缺少可用高度；仅展示轮廓"}},{"type":"Feature","id":"way/1442583121","geometry":{"type":"MultiPolygon","coordinates":[[[[113.8810826,22.5685077],[113.8811966,22.5684007],[113.8817097,22.5688664],[113.8815958,22.5689734],[113.8810826,22.5685077]]]]},"properties":{"name":"1栋","height":24,"kind":"levels","label":"8层 × 3米（估算）"}},{"type":"Feature","id":"way/1442583122","geometry":{"type":"MultiPolygon","coordinates":[[[[113.8810498,22.567846],[113.8811468,22.5677509],[113.8812643,22.5678531],[113.8812977,22.5678205],[113.8813761,22.5678887],[113.8814028,22.5678625],[113.881471,22.5679218],[113.8812386,22.5681497],[113.8811704,22.5680904],[113.8812125,22.5680491],[113.881134,22.5679809],[113.8811674,22.5679482],[113.8810498,22.567846]]]]},"properties":{"name":"A座","height":75,"kind":"levels","label":"25层 × 3米（估算）"}},{"type":"Feature","id":"way/1442583123","geometry":{"type":"MultiPolygon","coordinates":[[[[113.8807631,22.5681271],[113.88086,22.568032],[113.8809776,22.5681343],[113.881011,22.5681016],[113.8810894,22.5681698],[113.8811315,22.5681285],[113.8811996,22.5681878],[113.8809672,22.5684157],[113.880899,22.5683564],[113.8809257,22.5683303],[113.8808473,22.568262],[113.8808806,22.5682293],[113.8807631,22.5681271]]]]},"properties":{"name":"B座","height":75,"kind":"levels","label":"25层 × 3米（估算）"}},{"type":"Feature","id":"way/1442583124","geometry":{"type":"MultiPolygon","coordinates":[[[[113.8814531,22.5681072],[113.8818761,22.5677098],[113.8819613,22.5677871],[113.8815383,22.5681845],[113.8814531,22.5681072]]]]},"properties":{"name":"5栋","height":24,"kind":"levels","label":"8层 × 3米（估算）"}},{"type":"Feature","id":"way/1442583125","geometry":{"type":"MultiPolygon","coordinates":[[[[113.8819648,22.5679728],[113.8820897,22.5678554],[113.8824313,22.5681654],[113.8823064,22.5682828],[113.8819648,22.5679728]]]]},"properties":{"name":"4栋","height":24,"kind":"levels","label":"8层 × 3米（估算）"}},{"type":"Feature","id":"way/1442583126","geometry":{"type":"MultiPolygon","coordinates":[[[[113.8817258,22.5682039],[113.8818507,22.5680865],[113.8821923,22.5683966],[113.8820674,22.568514],[113.8817258,22.5682039]]]]},"properties":{"name":"3栋","height":24,"kind":"levels","label":"8层 × 3米（估算）"}},{"type":"Feature","id":"way/1442583127","geometry":{"type":"MultiPolygon","coordinates":[[[[113.8814914,22.5684177],[113.8816164,22.5683003],[113.881958,22.5686104],[113.881833,22.5687278],[113.8814914,22.5684177]]]]},"properties":{"name":"2栋","height":24,"kind":"levels","label":"8层 × 3米（估算）"}},{"type":"Feature","id":"way/1442583130","geometry":{"type":"MultiPolygon","coordinates":[[[[113.8836306,22.5667824],[113.8837597,22.5666567],[113.8838264,22.5667152],[113.8838063,22.5667348],[113.8838276,22.5667534],[113.883908,22.5666753],[113.8838867,22.5666566],[113.8838666,22.5666761],[113.8837998,22.5666176],[113.883929,22.566492],[113.8839957,22.5665505],[113.8839756,22.56657],[113.8839969,22.5665887],[113.8840773,22.5665105],[113.884056,22.5664918],[113.8840359,22.5665114],[113.8839691,22.5664529],[113.8840983,22.5663273],[113.884165,22.5663858],[113.8841449,22.5664053],[113.8841662,22.566424],[113.8842064,22.5663849],[113.8842822,22.5664513],[113.8837743,22.5669455],[113.8836985,22.5668791],[113.8837387,22.56684],[113.8837174,22.5668213],[113.8836973,22.5668408],[113.8836306,22.5667824]]]]},"properties":{"name":"海峰阁","height":0,"kind":"unknown","label":"缺少可用高度；仅展示轮廓"}},{"type":"Feature","id":"way/1442583131","geometry":{"type":"MultiPolygon","coordinates":[[[[113.882832,22.5668396],[113.8829097,22.5668377],[113.8829082,22.5667847],[113.8829545,22.5667836],[113.8829233,22.5667562],[113.8830925,22.5665916],[113.8831517,22.5666434],[113.8831115,22.5666825],[113.8831298,22.5666986],[113.8831499,22.566679],[113.8832097,22.5667314],[113.8830807,22.566857],[113.8830209,22.5668046],[113.883041,22.566785],[113.8830227,22.566769],[113.882988,22.5668027],[113.8829922,22.5669517],[113.8832298,22.5671623],[113.8833911,22.5671584],[113.8834258,22.5671247],[113.8834075,22.5671086],[113.8833874,22.5671282],[113.8833111,22.5670613],[113.8834401,22.5669357],[113.8835164,22.5670026],[113.8834964,22.5670221],[113.8835147,22.5670382],[113.8835548,22.5669991],[113.883614,22.5670509],[113.8834448,22.5672156],[113.8834136,22.5671882],[113.8834148,22.567231],[113.8833574,22.5672324],[113.8833595,22.5673042],[113.8832075,22.5673078],[113.8832063,22.5672656],[113.8828818,22.5669787],[113.882836,22.5669799],[113.882832,22.5668396]]]]},"properties":{"name":"海月阁","height":0,"kind":"unknown","label":"缺少可用高度；仅展示轮廓"}},{"type":"Feature","id":"way/1442583132","geometry":{"type":"MultiPolygon","coordinates":[[[[113.8838684,22.5658853],[113.8840376,22.5657206],[113.8840689,22.565748],[113.8840676,22.5657052],[113.884125,22.5657038],[113.884123,22.565632],[113.8842749,22.5656283],[113.8842761,22.5656706],[113.8845602,22.5659196],[113.884606,22.5659185],[113.88461,22.5660588],[113.8845323,22.5660607],[113.8845338,22.5661137],[113.8844875,22.5661148],[113.8845187,22.5661422],[113.8843495,22.5663068],[113.8842903,22.566255],[113.8843305,22.5662159],[113.8843122,22.5661998],[113.8842921,22.5662194],[113.8842323,22.566167],[113.8843613,22.5660414],[113.8844211,22.5660938],[113.884401,22.5661134],[113.8844193,22.5661294],[113.884454,22.5660956],[113.8844498,22.5659467],[113.8842526,22.5657739],[113.8840913,22.5657778],[113.8840566,22.5658115],[113.8840749,22.5658276],[113.884095,22.565808],[113.8841548,22.5658605],[113.8840258,22.565986],[113.883966,22.5659336],[113.8839861,22.565914],[113.8839678,22.565898],[113.8839276,22.5659371],[113.8838684,22.5658853]]]]},"properties":{"name":"海逸阁","height":0,"kind":"unknown","label":"缺少可用高度；仅展示轮廓"}},{"type":"Feature","id":"way/1442583133","geometry":{"type":"MultiPolygon","coordinates":[[[[113.8835822,22.56614],[113.8838087,22.5659196],[113.8838895,22.5659904],[113.883663,22.5662108],[113.8835822,22.56614]]]]},"properties":{"name":"海虹阁","height":0,"kind":"unknown","label":"缺少可用高度；仅展示轮廓"}},{"type":"Feature","id":"way/1442583134","geometry":{"type":"MultiPolygon","coordinates":[[[[113.8831669,22.5665451],[113.8833934,22.5663247],[113.8834742,22.5663955],[113.8832477,22.5666159],[113.8831669,22.5665451]]]]},"properties":{"name":"海霞阁","height":0,"kind":"unknown","label":"缺少可用高度；仅展示轮廓"}},{"type":"Feature","id":"way/1442583135","geometry":{"type":"MultiPolygon","coordinates":[[[[113.8827544,22.5663706],[113.8830971,22.5660533],[113.8832567,22.5662003],[113.883148,22.566301],[113.8830702,22.5662293],[113.8829449,22.5663453],[113.8830227,22.566417],[113.882914,22.5665176],[113.8827544,22.5663706]]]]},"properties":{"name":"金贵阁","height":48,"kind":"levels","label":"16层 × 3米（估算）"}},{"type":"Feature","id":"way/1442583136","geometry":{"type":"MultiPolygon","coordinates":[[[[113.8827577,22.5659849],[113.8828997,22.5658534],[113.8829901,22.5659366],[113.8828481,22.5660681],[113.8827577,22.5659849]]]]},"properties":{"name":"金华阁","height":0,"kind":"unknown","label":"缺少可用高度；仅展示轮廓"}},{"type":"Feature","id":"way/1442583137","geometry":{"type":"MultiPolygon","coordinates":[[[[113.8825496,22.5661867],[113.8826916,22.5660552],[113.882782,22.5661384],[113.88264,22.5662699],[113.8825496,22.5661867]]]]},"properties":{"name":"金荣阁","height":0,"kind":"unknown","label":"缺少可用高度；仅展示轮廓"}},{"type":"Feature","id":"way/1442583138","geometry":{"type":"MultiPolygon","coordinates":[[[[113.8831884,22.5658791],[113.8833334,22.5657402],[113.8832625,22.5656771],[113.8833362,22.5656066],[113.8834071,22.5656697],[113.883444,22.5656343],[113.8834913,22.5656764],[113.8834719,22.565695],[113.8834856,22.5657072],[113.8833503,22.5658368],[113.883462,22.5659362],[113.8833611,22.5660328],[113.8831884,22.5658791]]]]},"properties":{"name":"金荟阁","height":42,"kind":"levels","label":"14层 × 3米（估算）"}},{"type":"Feature","id":"way/1442583139","geometry":{"type":"MultiPolygon","coordinates":[[[[113.8835517,22.5654002],[113.8836253,22.5653296],[113.8836962,22.5653927],[113.8838412,22.5652538],[113.8840139,22.5654075],[113.883913,22.5655042],[113.8838013,22.5654048],[113.8836661,22.5655343],[113.8836523,22.5655221],[113.8836329,22.5655408],[113.8835856,22.5654987],[113.8836226,22.5654633],[113.8835517,22.5654002]]]]},"properties":{"name":"金茗阁","height":42,"kind":"levels","label":"14层 × 3米（估算）"}},{"type":"Feature","id":"way/1442583140","geometry":{"type":"MultiPolygon","coordinates":[[[[113.8833766,22.5655355],[113.8834763,22.56544],[113.8835294,22.5654874],[113.8835159,22.5655003],[113.8835511,22.5655317],[113.8835856,22.5654987],[113.8836329,22.5655408],[113.8835621,22.5656086],[113.8834913,22.5656764],[113.883444,22.5656343],[113.8834785,22.5656013],[113.8834433,22.5655699],[113.8834298,22.5655829],[113.8833766,22.5655355]]]]},"properties":{"name":"金萃阁","height":42,"kind":"levels","label":"14层 × 3米（估算）"}},{"type":"Feature","id":"way/1442585159","geometry":{"type":"MultiPolygon","coordinates":[[[[113.8831985,22.5632288],[113.8833711,22.5630642],[113.8834572,22.5631412],[113.8833686,22.5632257],[113.8835057,22.5633483],[113.8834459,22.5634054],[113.8833976,22.5633622],[113.8833712,22.5633874],[113.8834014,22.5634144],[113.8833476,22.5634657],[113.8832194,22.563351],[113.8833015,22.5632728],[113.8832634,22.5632387],[113.8832374,22.5632635],[113.8831985,22.5632288]]]]},"properties":{"name":"1栋","height":0,"kind":"unknown","label":"缺少可用高度；仅展示轮廓"}},{"type":"Feature","id":"way/1442589787","geometry":{"type":"MultiPolygon","coordinates":[[[[113.8818478,22.5719061],[113.8822709,22.5715024],[113.8823918,22.5716105],[113.8819687,22.5720142],[113.8818478,22.5719061]]]]},"properties":{"name":"way/1442589787","height":0,"kind":"unknown","label":"缺少可用高度；仅展示轮廓"}},{"type":"Feature","id":"way/1442589788","geometry":{"type":"MultiPolygon","coordinates":[[[[113.8816418,22.5717253],[113.8820801,22.5713071],[113.8821411,22.5713617],[113.8821924,22.5713128],[113.8821919,22.571285],[113.8821375,22.5712858],[113.882137,22.5712572],[113.882359,22.5712538],[113.8823595,22.5712824],[113.8823051,22.5712832],[113.8823056,22.5713111],[113.8823586,22.5713584],[113.8824177,22.571302],[113.8825586,22.5714279],[113.8824553,22.5715264],[113.8822979,22.5713857],[113.8822028,22.5713871],[113.8817484,22.5718206],[113.8816418,22.5717253]]]]},"properties":{"name":"way/1442589788","height":0,"kind":"unknown","label":"缺少可用高度；仅展示轮廓"}},{"type":"Feature","id":"relation/19720809","geometry":{"type":"MultiPolygon","coordinates":[[[[113.8852484,22.571708],[113.8856712,22.5712977],[113.8860801,22.571657],[113.8856573,22.5720673],[113.8852484,22.571708]],[[113.8855465,22.5716663],[113.8856876,22.5717903],[113.8858188,22.571663],[113.8856777,22.571539],[113.8855465,22.5716663]]]]},"properties":{"name":"愉盛综合大厦","height":0,"kind":"unknown","label":"缺少可用高度；仅展示轮廓"}},{"type":"Feature","id":"way/1442589793","geometry":{"type":"MultiPolygon","coordinates":[[[[113.8851135,22.5712864],[113.8853532,22.5710539],[113.8854259,22.5711177],[113.8851861,22.5713502],[113.8851135,22.5712864]]]]},"properties":{"name":"way/1442589793","height":0,"kind":"unknown","label":"缺少可用高度；仅展示轮廓"}},{"type":"Feature","id":"way/1442589794","geometry":{"type":"MultiPolygon","coordinates":[[[[113.8849248,22.5711169],[113.8851645,22.5708844],[113.8852885,22.5709933],[113.8850488,22.5712259],[113.8849248,22.5711169]]]]},"properties":{"name":"way/1442589794","height":0,"kind":"unknown","label":"缺少可用高度；仅展示轮廓"}},{"type":"Feature","id":"way/1442589795","geometry":{"type":"MultiPolygon","coordinates":[[[[113.8847292,22.5709442],[113.884969,22.5707117],[113.8850929,22.5708207],[113.8848532,22.5710532],[113.8847292,22.5709442]]]]},"properties":{"name":"way/1442589795","height":0,"kind":"unknown","label":"缺少可用高度；仅展示轮廓"}},{"type":"Feature","id":"way/1442589796","geometry":{"type":"MultiPolygon","coordinates":[[[[113.8843375,22.5719179],[113.8850043,22.5712711],[113.885147,22.5713965],[113.8844802,22.5720433],[113.8843375,22.5719179]]]]},"properties":{"name":"way/1442589796","height":0,"kind":"unknown","label":"缺少可用高度；仅展示轮廓"}},{"type":"Feature","id":"way/1442589797","geometry":{"type":"MultiPolygon","coordinates":[[[[113.8839801,22.5716037],[113.8846469,22.5709569],[113.8849346,22.5712098],[113.884787,22.571353],[113.884632,22.5712167],[113.8842603,22.5715772],[113.8844154,22.5717135],[113.8842678,22.5718566],[113.8839801,22.5716037]]]]},"properties":{"name":"way/1442589797","height":0,"kind":"unknown","label":"缺少可用高度；仅展示轮廓"}},{"type":"Feature","id":"way/1442589798","geometry":{"type":"MultiPolygon","coordinates":[[[[113.8827141,22.5706271],[113.8827945,22.5705491],[113.8833053,22.5709981],[113.8832249,22.5710761],[113.8827141,22.5706271]]]]},"properties":{"name":"way/1442589798","height":0,"kind":"unknown","label":"缺少可用高度；仅展示轮廓"}},{"type":"Feature","id":"way/1442589799","geometry":{"type":"MultiPolygon","coordinates":[[[[113.8830279,22.5712245],[113.8830808,22.5711733],[113.8831019,22.5711918],[113.8831169,22.5711773],[113.8830746,22.5711402],[113.8831302,22.5710862],[113.8832854,22.5712226],[113.8832298,22.5712765],[113.8831875,22.5712394],[113.8831725,22.5712539],[113.8831937,22.5712725],[113.8831408,22.5713237],[113.8831197,22.5713052],[113.8831025,22.5713219],[113.8830319,22.5712598],[113.8830491,22.5712431],[113.8830279,22.5712245]]]]},"properties":{"name":"4座","height":0,"kind":"unknown","label":"缺少可用高度；仅展示轮廓"}},{"type":"Feature","id":"way/1442589800","geometry":{"type":"MultiPolygon","coordinates":[[[[113.8825624,22.5708155],[113.8826153,22.5707642],[113.8826364,22.5707828],[113.8826514,22.5707682],[113.8826091,22.5707311],[113.8826647,22.5706771],[113.8828199,22.5708135],[113.8827643,22.5708674],[113.882722,22.5708303],[113.882707,22.5708448],[113.8827282,22.5708634],[113.8826753,22.5709147],[113.8826542,22.5708961],[113.882637,22.5709128],[113.8825664,22.5708507],[113.8825836,22.570834],[113.8825624,22.5708155]]]]},"properties":{"name":"1座","height":0,"kind":"unknown","label":"缺少可用高度；仅展示轮廓"}},{"type":"Feature","id":"way/1442589801","geometry":{"type":"MultiPolygon","coordinates":[[[[113.8828728,22.5710882],[113.8829256,22.5710369],[113.8829468,22.5710555],[113.8829617,22.571041],[113.8829194,22.5710038],[113.8829751,22.5709498],[113.8831302,22.5710862],[113.8830746,22.5711402],[113.8830323,22.571103],[113.8830174,22.5711175],[113.8830385,22.5711361],[113.8829857,22.5711874],[113.8829645,22.5711688],[113.8829473,22.5711855],[113.8828767,22.5711234],[113.8828939,22.5711068],[113.8828728,22.5710882]]]]},"properties":{"name":"3座","height":0,"kind":"unknown","label":"缺少可用高度；仅展示轮廓"}},{"type":"Feature","id":"way/1442589802","geometry":{"type":"MultiPolygon","coordinates":[[[[113.8827176,22.5709518],[113.8827704,22.5709005],[113.8827916,22.5709191],[113.8828066,22.5709046],[113.8827643,22.5708674],[113.8828199,22.5708135],[113.8829751,22.5709498],[113.8829194,22.5710038],[113.8828772,22.5709666],[113.8828622,22.5709812],[113.8828833,22.5709997],[113.8828305,22.571051],[113.8828093,22.5710324],[113.8827921,22.5710491],[113.8827215,22.5709871],[113.8827387,22.5709704],[113.8827176,22.5709518]]]]},"properties":{"name":"2座","height":0,"kind":"unknown","label":"缺少可用高度；仅展示轮廓"}},{"type":"Feature","id":"way/1442589803","geometry":{"type":"MultiPolygon","coordinates":[[[[113.8832519,22.5714993],[113.8835338,22.5712258],[113.8836113,22.5712939],[113.8834032,22.5714958],[113.8835636,22.5716367],[113.8837716,22.5714348],[113.8838491,22.5715029],[113.8835673,22.5717764],[113.8832519,22.5714993]]]]},"properties":{"name":"way/1442589803","height":0,"kind":"unknown","label":"缺少可用高度；仅展示轮廓"}},{"type":"Feature","id":"way/1442589828","geometry":{"type":"MultiPolygon","coordinates":[[[[113.8825352,22.571762],[113.8826716,22.5717594],[113.8827212,22.5717118],[113.8826575,22.5716553],[113.8827137,22.5716012],[113.8829535,22.5718137],[113.8828973,22.5718678],[113.8828336,22.5718114],[113.8827841,22.571859],[113.8827869,22.571985],[113.8827028,22.5719866],[113.8826995,22.5718365],[113.882537,22.5718396],[113.8825352,22.571762]]]]},"properties":{"name":"E座","height":90,"kind":"levels","label":"30层 × 3米（估算）"}},{"type":"Feature","id":"way/1442726587","geometry":{"type":"MultiPolygon","coordinates":[[[[113.880295,22.5705634],[113.8805656,22.5702992],[113.8806356,22.5703604],[113.8803651,22.5706246],[113.880295,22.5705634]]]]},"properties":{"name":"way/1442726587","height":18,"kind":"levels","label":"6层 × 3米（估算）"}},{"type":"Feature","id":"way/1442726588","geometry":{"type":"MultiPolygon","coordinates":[[[[113.8806885,22.5709097],[113.8809678,22.5706369],[113.8811087,22.5707599],[113.8808294,22.5710327],[113.8806885,22.5709097]]]]},"properties":{"name":"way/1442726588","height":0,"kind":"unknown","label":"缺少可用高度；仅展示轮廓"}},{"type":"Feature","id":"way/1442726589","geometry":{"type":"MultiPolygon","coordinates":[[[[113.879887,22.570206],[113.8801878,22.569912],[113.880288,22.5699995],[113.8799871,22.5702934],[113.879887,22.570206]]]]},"properties":{"name":"5栋","height":0,"kind":"unknown","label":"缺少可用高度；仅展示轮廓"}},{"type":"Feature","id":"way/1442726590","geometry":{"type":"MultiPolygon","coordinates":[[[[113.8800671,22.5703704],[113.8803714,22.5700731],[113.8804716,22.5701605],[113.8801673,22.5704578],[113.8800671,22.5703704]]]]},"properties":{"name":"6栋","height":0,"kind":"unknown","label":"缺少可用高度；仅展示轮廓"}},{"type":"Feature","id":"way/1442726591","geometry":{"type":"MultiPolygon","coordinates":[[[[113.8802426,22.5698611],[113.8804647,22.5696441],[113.8805649,22.5697315],[113.8803428,22.5699485],[113.8802426,22.5698611]]]]},"properties":{"name":"3栋","height":0,"kind":"unknown","label":"缺少可用高度；仅展示轮廓"}},{"type":"Feature","id":"way/1442726592","geometry":{"type":"MultiPolygon","coordinates":[[[[113.8804262,22.5700221],[113.8806483,22.5698051],[113.8807485,22.5698926],[113.8805264,22.5701096],[113.8804262,22.5700221]]]]},"properties":{"name":"4栋","height":0,"kind":"unknown","label":"缺少可用高度；仅展示轮廓"}},{"type":"Feature","id":"way/1442726593","geometry":{"type":"MultiPolygon","coordinates":[[[[113.8800518,22.5696964],[113.8802739,22.5694794],[113.8803741,22.5695669],[113.880152,22.5697838],[113.8800518,22.5696964]]]]},"properties":{"name":"2栋","height":0,"kind":"unknown","label":"缺少可用高度；仅展示轮廓"}},{"type":"Feature","id":"way/1442726594","geometry":{"type":"MultiPolygon","coordinates":[[[[113.8798682,22.5695354],[113.8800903,22.5693184],[113.8801905,22.5694058],[113.8799684,22.5696228],[113.8798682,22.5695354]]]]},"properties":{"name":"1栋","height":0,"kind":"unknown","label":"缺少可用高度；仅展示轮廓"}},{"type":"Feature","id":"way/1442726595","geometry":{"type":"MultiPolygon","coordinates":[[[[113.8795169,22.5698786],[113.8798283,22.5695743],[113.8799285,22.5696618],[113.8797014,22.5698836],[113.8799285,22.5700817],[113.8798441,22.5701642],[113.8795169,22.5698786]]]]},"properties":{"name":"7栋","height":0,"kind":"unknown","label":"缺少可用高度；仅展示轮廓"}},{"type":"Feature","id":"way/1442726596","geometry":{"type":"MultiPolygon","coordinates":[[[[113.8804519,22.5707105],[113.8807388,22.5704303],[113.8808692,22.5705441],[113.8805823,22.5708243],[113.8804519,22.5707105]]]]},"properties":{"name":"way/1442726596","height":0,"kind":"unknown","label":"缺少可用高度；仅展示轮廓"}},{"type":"Feature","id":"way/1442726598","geometry":{"type":"MultiPolygon","coordinates":[[[[113.8812016,22.5706145],[113.8812553,22.5705624],[113.8812975,22.5705994],[113.8813253,22.5705724],[113.881297,22.5705475],[113.8813492,22.5704968],[113.8815032,22.570632],[113.8814513,22.5706825],[113.8814079,22.5706443],[113.88138,22.5706713],[113.8814235,22.5707095],[113.8813695,22.5707619],[113.8812016,22.5706145]]]]},"properties":{"name":"D栋","height":0,"kind":"unknown","label":"缺少可用高度；仅展示轮廓"}},{"type":"Feature","id":"way/1442726599","geometry":{"type":"MultiPolygon","coordinates":[[[[113.8806984,22.5701759],[113.8807521,22.5701232],[113.8807958,22.5701611],[113.8808234,22.570134],[113.8807797,22.5700961],[113.8808314,22.5700454],[113.8809862,22.5701798],[113.8809343,22.5702308],[113.8809058,22.5702061],[113.8808781,22.5702333],[113.8809205,22.5702701],[113.8808672,22.5703225],[113.8806984,22.5701759]]]]},"properties":{"name":"G栋","height":0,"kind":"unknown","label":"缺少可用高度；仅展示轮廓"}},{"type":"Feature","id":"way/1442726600","geometry":{"type":"MultiPolygon","coordinates":[[[[113.8810342,22.5704687],[113.8810879,22.5704163],[113.8811303,22.5704533],[113.881158,22.5704262],[113.8811297,22.5704016],[113.8811816,22.5703508],[113.8813207,22.5704722],[113.8812687,22.5705229],[113.8812405,22.5704983],[113.8812127,22.5705253],[113.8812553,22.5705624],[113.8812016,22.5706145],[113.8810342,22.5704687]]]]},"properties":{"name":"E栋","height":0,"kind":"unknown","label":"缺少可用高度；仅展示轮廓"}},{"type":"Feature","id":"way/1442726601","geometry":{"type":"MultiPolygon","coordinates":[[[[113.8808672,22.5703225],[113.8809205,22.5702701],[113.880963,22.5703072],[113.8809907,22.5702802],[113.8809624,22.5702555],[113.8810143,22.5702048],[113.8811534,22.5703262],[113.8811014,22.5703769],[113.8810732,22.5703522],[113.8810454,22.5703793],[113.8810879,22.5704163],[113.8810342,22.5704687],[113.8808672,22.5703225]]]]},"properties":{"name":"F栋","height":0,"kind":"unknown","label":"缺少可用高度；仅展示轮廓"}},{"type":"Feature","id":"way/1442726602","geometry":{"type":"MultiPolygon","coordinates":[[[[113.8815194,22.5707993],[113.8816358,22.5706857],[113.8817335,22.570771],[113.881748,22.5707568],[113.8818186,22.5708183],[113.8816408,22.5709919],[113.8815703,22.5709303],[113.8816171,22.5708846],[113.8815194,22.5707993]]]]},"properties":{"name":"C栋","height":0,"kind":"unknown","label":"缺少可用高度；仅展示轮廓"}},{"type":"Feature","id":"way/1442726603","geometry":{"type":"MultiPolygon","coordinates":[[[[113.8810996,22.5712093],[113.8812159,22.5710957],[113.8813136,22.571181],[113.8813604,22.5711353],[113.8814309,22.5711969],[113.8812532,22.5713704],[113.8811827,22.5713088],[113.8811972,22.5712946],[113.8810996,22.5712093]]]]},"properties":{"name":"A栋","height":0,"kind":"unknown","label":"缺少可用高度；仅展示轮廓"}},{"type":"Feature","id":"way/1442726604","geometry":{"type":"MultiPolygon","coordinates":[[[[113.8813095,22.5710043],[113.8814259,22.5708907],[113.8815235,22.570976],[113.8815703,22.5709303],[113.8816408,22.5709919],[113.8814309,22.5711969],[113.8813604,22.5711353],[113.8814072,22.5710896],[113.8813095,22.5710043]]]]},"properties":{"name":"B栋","height":0,"kind":"unknown","label":"缺少可用高度；仅展示轮廓"}},{"type":"Feature","id":"way/1442726605","geometry":{"type":"MultiPolygon","coordinates":[[[[113.8798016,22.5692029],[113.8798639,22.5691445],[113.8799854,22.5692551],[113.8799231,22.5693135],[113.8798016,22.5692029]]]]},"properties":{"name":"A1座","height":0,"kind":"unknown","label":"缺少可用高度；仅展示轮廓"}},{"type":"Feature","id":"way/1442726606","geometry":{"type":"MultiPolygon","coordinates":[[[[113.8796801,22.5690923],[113.8797424,22.5690339],[113.8798639,22.5691445],[113.8798016,22.5692029],[113.8796801,22.5690923]]]]},"properties":{"name":"A2座","height":0,"kind":"unknown","label":"缺少可用高度；仅展示轮廓"}},{"type":"Feature","id":"way/1442726607","geometry":{"type":"MultiPolygon","coordinates":[[[[113.8794907,22.5691425],[113.8796293,22.569036],[113.8796801,22.5690923],[113.8795415,22.5691988],[113.8794907,22.5691425]]]]},"properties":{"name":"A3座","height":0,"kind":"unknown","label":"缺少可用高度；仅展示轮廓"}},{"type":"Feature","id":"way/1442726608","geometry":{"type":"MultiPolygon","coordinates":[[[[113.8795934,22.5693554],[113.8796977,22.5692577],[113.8797548,22.5693096],[113.8797411,22.5693224],[113.8797581,22.5693379],[113.8797991,22.5692995],[113.8798556,22.5693509],[113.8796966,22.5694998],[113.8796401,22.5694484],[113.8796811,22.56941],[113.8796641,22.5693946],[113.8796504,22.5694074],[113.8795934,22.5693554]]]]},"properties":{"name":"B1座","height":0,"kind":"unknown","label":"缺少可用高度；仅展示轮廓"}},{"type":"Feature","id":"way/1442726609","geometry":{"type":"MultiPolygon","coordinates":[[[[113.8794344,22.5695044],[113.8795387,22.5694066],[113.8795958,22.5694586],[113.8795821,22.5694714],[113.8795991,22.5694868],[113.8796401,22.5694484],[113.8796966,22.5694998],[113.8795376,22.5696488],[113.8794811,22.5695974],[113.8795221,22.569559],[113.8795051,22.5695435],[113.8794915,22.5695563],[113.8794344,22.5695044]]]]},"properties":{"name":"B2座","height":0,"kind":"unknown","label":"缺少可用高度；仅展示轮廓"}},{"type":"Feature","id":"way/1442726610","geometry":{"type":"MultiPolygon","coordinates":[[[[113.8792754,22.5696533],[113.8793798,22.5695556],[113.8794368,22.5696075],[113.8794232,22.5696203],[113.8794402,22.5696357],[113.8794811,22.5695974],[113.8795376,22.5696488],[113.8793787,22.5697977],[113.8793222,22.5697463],[113.8793631,22.5697079],[113.8793462,22.5696925],[113.8793325,22.5697053],[113.8792754,22.5696533]]]]},"properties":{"name":"B3座","height":0,"kind":"unknown","label":"缺少可用高度；仅展示轮廓"}},{"type":"Feature","id":"way/1442726611","geometry":{"type":"MultiPolygon","coordinates":[[[[113.8792345,22.5692146],[113.8793487,22.5691268],[113.8794,22.5691836],[113.879385,22.5691951],[113.8794003,22.5692121],[113.8794451,22.5691776],[113.8794959,22.5692339],[113.8793218,22.5693677],[113.8792711,22.5693114],[113.8793159,22.5692769],[113.8793007,22.56926],[113.8792857,22.5692714],[113.8792345,22.5692146]]]]},"properties":{"name":"A4座","height":0,"kind":"unknown","label":"缺少可用高度；仅展示轮廓"}},{"type":"Feature","id":"way/1442726612","geometry":{"type":"MultiPolygon","coordinates":[[[[113.8790212,22.5693777],[113.8791355,22.5692899],[113.8791867,22.5693468],[113.8791718,22.5693583],[113.879187,22.5693752],[113.8792319,22.5693407],[113.8792827,22.569397],[113.8791086,22.5695308],[113.8790579,22.5694745],[113.8791027,22.56944],[113.8790875,22.5694231],[113.8790725,22.5694346],[113.8790212,22.5693777]]]]},"properties":{"name":"A5座","height":0,"kind":"unknown","label":"缺少可用高度；仅展示轮廓"}},{"type":"Feature","id":"way/1442726617","geometry":{"type":"MultiPolygon","coordinates":[[[[113.8795555,22.5715507],[113.8798197,22.5712929],[113.8799038,22.5713664],[113.8796396,22.5716243],[113.8795555,22.5715507]]]]},"properties":{"name":"C座","height":0,"kind":"unknown","label":"缺少可用高度；仅展示轮廓"}},{"type":"Feature","id":"way/1442726619","geometry":{"type":"MultiPolygon","coordinates":[[[[113.8794071,22.5717187],[113.8794925,22.5716354],[113.8798138,22.5719161],[113.8797284,22.5719994],[113.8794071,22.5717187]]]]},"properties":{"name":"B座","height":0,"kind":"unknown","label":"缺少可用高度；仅展示轮廓"}},{"type":"Feature","id":"way/1442726620","geometry":{"type":"MultiPolygon","coordinates":[[[[113.8801264,22.5718508],[113.8801796,22.5717988],[113.8802079,22.5718235],[113.8802454,22.5717868],[113.880196,22.5717436],[113.8802545,22.5716864],[113.8804401,22.5718486],[113.8803815,22.5719057],[113.8803321,22.5718625],[113.8802945,22.5718992],[113.8803228,22.5719239],[113.8802696,22.5719758],[113.8801264,22.5718508]]]]},"properties":{"name":"E座","height":0,"kind":"unknown","label":"缺少可用高度；仅展示轮廓"}},{"type":"Feature","id":"way/1442726621","geometry":{"type":"MultiPolygon","coordinates":[[[[113.8799408,22.5716886],[113.879994,22.5716367],[113.8800223,22.5716614],[113.8800598,22.5716247],[113.8800104,22.5715815],[113.880069,22.5715243],[113.8802545,22.5716864],[113.880196,22.5717436],[113.8801465,22.5717004],[113.8801089,22.5717371],[113.8801372,22.5717618],[113.880084,22.5718137],[113.8799408,22.5716886]]]]},"properties":{"name":"D座","height":0,"kind":"unknown","label":"缺少可用高度；仅展示轮廓"}},{"type":"Feature","id":"way/1442726622","geometry":{"type":"MultiPolygon","coordinates":[[[[113.8799079,22.5712142],[113.8803091,22.5708226],[113.8803864,22.5708902],[113.8799853,22.5712818],[113.8799079,22.5712142]]]]},"properties":{"name":"way/1442726622","height":0,"kind":"unknown","label":"缺少可用高度；仅展示轮廓"}},{"type":"Feature","id":"way/1442726623","geometry":{"type":"MultiPolygon","coordinates":[[[[113.8801207,22.5714001],[113.8805219,22.5710086],[113.8806663,22.5711347],[113.8802651,22.5715262],[113.8801207,22.5714001]]]]},"properties":{"name":"way/1442726623","height":0,"kind":"unknown","label":"缺少可用高度；仅展示轮廓"}},{"type":"Feature","id":"way/1442726624","geometry":{"type":"MultiPolygon","coordinates":[[[[113.8803691,22.5716259],[113.8807702,22.5712344],[113.8809146,22.5713605],[113.8805135,22.5717521],[113.8803691,22.5716259]]]]},"properties":{"name":"way/1442726624","height":0,"kind":"unknown","label":"缺少可用高度；仅展示轮廓"}},{"type":"Feature","id":"way/1442726625","geometry":{"type":"MultiPolygon","coordinates":[[[[113.8806604,22.5718804],[113.8810615,22.5714889],[113.8812035,22.5716129],[113.8808024,22.5720045],[113.8806604,22.5718804]]]]},"properties":{"name":"way/1442726625","height":0,"kind":"unknown","label":"缺少可用高度；仅展示轮廓"}},{"type":"Feature","id":"way/1443888275","geometry":{"type":"MultiPolygon","coordinates":[[[[113.8796565,22.571173],[113.8797253,22.5711064],[113.8798182,22.571188],[113.8797494,22.5712547],[113.8796565,22.571173]]]]},"properties":{"name":"way/1443888275","height":0,"kind":"unknown","label":"缺少可用高度；仅展示轮廓"}},{"type":"Feature","id":"way/1443888276","geometry":{"type":"MultiPolygon","coordinates":[[[[113.8798175,22.5710171],[113.8798863,22.5709504],[113.8799791,22.5710321],[113.8799103,22.5710988],[113.8798175,22.5710171]]]]},"properties":{"name":"way/1443888276","height":0,"kind":"unknown","label":"缺少可用高度；仅展示轮廓"}},{"type":"Feature","id":"way/1443888277","geometry":{"type":"MultiPolygon","coordinates":[[[[113.8799097,22.5709277],[113.8799785,22.570861],[113.8800714,22.5709427],[113.8800026,22.5710094],[113.8799097,22.5709277]]]]},"properties":{"name":"way/1443888277","height":0,"kind":"unknown","label":"缺少可用高度；仅展示轮廓"}},{"type":"Feature","id":"way/1443888278","geometry":{"type":"MultiPolygon","coordinates":[[[[113.8793346,22.571485],[113.8794034,22.5714184],[113.8794962,22.5715],[113.8794274,22.5715667],[113.8793346,22.571485]]]]},"properties":{"name":"way/1443888278","height":0,"kind":"unknown","label":"缺少可用高度；仅展示轮廓"}},{"type":"Feature","id":"way/1443888279","geometry":{"type":"MultiPolygon","coordinates":[[[[113.8797487,22.5710838],[113.8798175,22.5710171],[113.8799103,22.5710988],[113.8798415,22.5711655],[113.8797487,22.5710838]]]]},"properties":{"name":"way/1443888279","height":0,"kind":"unknown","label":"缺少可用高度；仅展示轮廓"}},{"type":"Feature","id":"way/1443888280","geometry":{"type":"MultiPolygon","coordinates":[[[[113.8794955,22.5713291],[113.8795643,22.5712624],[113.8796572,22.5713441],[113.8795884,22.5714108],[113.8794955,22.5713291]]]]},"properties":{"name":"way/1443888280","height":0,"kind":"unknown","label":"缺少可用高度；仅展示轮廓"}},{"type":"Feature","id":"way/1443888281","geometry":{"type":"MultiPolygon","coordinates":[[[[113.8795877,22.5712397],[113.8796565,22.571173],[113.8797494,22.5712547],[113.8796806,22.5713214],[113.8795877,22.5712397]]]]},"properties":{"name":"way/1443888281","height":0,"kind":"unknown","label":"缺少可用高度；仅展示轮廓"}},{"type":"Feature","id":"way/1443888282","geometry":{"type":"MultiPolygon","coordinates":[[[[113.8801096,22.5707965],[113.8801784,22.5707298],[113.8802712,22.5708115],[113.8802024,22.5708782],[113.8801096,22.5707965]]]]},"properties":{"name":"way/1443888282","height":0,"kind":"unknown","label":"缺少可用高度；仅展示轮廓"}},{"type":"Feature","id":"way/1443888283","geometry":{"type":"MultiPolygon","coordinates":[[[[113.8794267,22.5713958],[113.8794955,22.5713291],[113.8795884,22.5714108],[113.8795195,22.5714774],[113.8794267,22.5713958]]]]},"properties":{"name":"way/1443888283","height":0,"kind":"unknown","label":"缺少可用高度；仅展示轮廓"}},{"type":"Feature","id":"way/1443888284","geometry":{"type":"MultiPolygon","coordinates":[[[[113.8799785,22.570861],[113.8800473,22.5707943],[113.8801402,22.570876],[113.8800714,22.5709427],[113.8799785,22.570861]]]]},"properties":{"name":"way/1443888284","height":0,"kind":"unknown","label":"缺少可用高度；仅展示轮廓"}},{"type":"Feature","id":"way/1443888285","geometry":{"type":"MultiPolygon","coordinates":[[[[113.8792658,22.5715517],[113.8793346,22.571485],[113.8794274,22.5715667],[113.8793586,22.5716334],[113.8792658,22.5715517]]]]},"properties":{"name":"way/1443888285","height":0,"kind":"unknown","label":"缺少可用高度；仅展示轮廓"}},{"type":"Feature","id":"way/1443888286","geometry":{"type":"MultiPolygon","coordinates":[[[[113.8799437,22.5706601],[113.8800125,22.5705934],[113.8801053,22.5706751],[113.8800365,22.5707418],[113.8799437,22.5706601]]]]},"properties":{"name":"way/1443888286","height":0,"kind":"unknown","label":"缺少可用高度；仅展示轮廓"}},{"type":"Feature","id":"way/1443888287","geometry":{"type":"MultiPolygon","coordinates":[[[[113.8795633,22.5703255],[113.8796321,22.5702588],[113.8797249,22.5703405],[113.8796561,22.5704071],[113.8795633,22.5703255]]]]},"properties":{"name":"way/1443888287","height":0,"kind":"unknown","label":"缺少可用高度；仅展示轮廓"}},{"type":"Feature","id":"way/1443888288","geometry":{"type":"MultiPolygon","coordinates":[[[[113.8792997,22.5712841],[113.8793685,22.5712174],[113.8794614,22.5712991],[113.8793926,22.5713658],[113.8792997,22.5712841]]]]},"properties":{"name":"way/1443888288","height":0,"kind":"unknown","label":"缺少可用高度；仅展示轮廓"}},{"type":"Feature","id":"way/1443888289","geometry":{"type":"MultiPolygon","coordinates":[[[[113.8798515,22.5707494],[113.8799204,22.5706827],[113.8800132,22.5707644],[113.8799444,22.570831],[113.8798515,22.5707494]]]]},"properties":{"name":"way/1443888289","height":0,"kind":"unknown","label":"缺少可用高度；仅展示轮廓"}},{"type":"Feature","id":"way/1443888290","geometry":{"type":"MultiPolygon","coordinates":[[[[113.8794024,22.5704814],[113.8794712,22.5704147],[113.879564,22.5704964],[113.8794952,22.5705631],[113.8794024,22.5704814]]]]},"properties":{"name":"way/1443888290","height":0,"kind":"unknown","label":"缺少可用高度；仅展示轮廓"}},{"type":"Feature","id":"way/1443888291","geometry":{"type":"MultiPolygon","coordinates":[[[[113.8795295,22.5710614],[113.8795984,22.5709947],[113.8796912,22.5710764],[113.8796224,22.5711431],[113.8795295,22.5710614]]]]},"properties":{"name":"way/1443888291","height":0,"kind":"unknown","label":"缺少可用高度；仅展示轮廓"}},{"type":"Feature","id":"way/1443888292","geometry":{"type":"MultiPolygon","coordinates":[[[[113.8797827,22.5708161],[113.8798515,22.5707494],[113.8799444,22.570831],[113.8798756,22.5708977],[113.8797827,22.5708161]]]]},"properties":{"name":"way/1443888292","height":0,"kind":"unknown","label":"缺少可用高度；仅展示轮廓"}},{"type":"Feature","id":"way/1443888293","geometry":{"type":"MultiPolygon","coordinates":[[[[113.8796901,22.570437],[113.8797589,22.5703703],[113.8798518,22.570452],[113.8797829,22.5705187],[113.8796901,22.570437]]]]},"properties":{"name":"way/1443888293","height":0,"kind":"unknown","label":"缺少可用高度；仅展示轮廓"}},{"type":"Feature","id":"way/1443888294","geometry":{"type":"MultiPolygon","coordinates":[[[[113.8792076,22.5713734],[113.8792764,22.5713067],[113.8793692,22.5713884],[113.8793004,22.5714551],[113.8792076,22.5713734]]]]},"properties":{"name":"way/1443888294","height":0,"kind":"unknown","label":"缺少可用高度；仅展示轮廓"}},{"type":"Feature","id":"way/1443888295","geometry":{"type":"MultiPolygon","coordinates":[[[[113.8798168,22.5705485],[113.8798856,22.5704818],[113.8799784,22.5705635],[113.8799096,22.5706302],[113.8798168,22.5705485]]]]},"properties":{"name":"way/1443888295","height":0,"kind":"unknown","label":"缺少可用高度；仅展示轮廓"}},{"type":"Feature","id":"way/1443888297","geometry":{"type":"MultiPolygon","coordinates":[[[[113.8794607,22.5711281],[113.8795295,22.5710614],[113.8796224,22.5711431],[113.8795536,22.5712097],[113.8794607,22.5711281]]]]},"properties":{"name":"way/1443888297","height":0,"kind":"unknown","label":"缺少可用高度；仅展示轮廓"}},{"type":"Feature","id":"way/1443888298","geometry":{"type":"MultiPolygon","coordinates":[[[[113.8797247,22.5706378],[113.8797935,22.5705711],[113.8798863,22.5706528],[113.8798175,22.5707194],[113.8797247,22.5706378]]]]},"properties":{"name":"way/1443888298","height":0,"kind":"unknown","label":"缺少可用高度；仅展示轮廓"}},{"type":"Feature","id":"way/1443888299","geometry":{"type":"MultiPolygon","coordinates":[[[[113.8794712,22.5704147],[113.87954,22.570348],[113.8796328,22.5704297],[113.879564,22.5704964],[113.8794712,22.5704147]]]]},"properties":{"name":"way/1443888299","height":0,"kind":"unknown","label":"缺少可用高度；仅展示轮廓"}},{"type":"Feature","id":"way/1443888300","geometry":{"type":"MultiPolygon","coordinates":[[[[113.879598,22.5705263],[113.8796668,22.5704596],[113.8797596,22.5705413],[113.8796908,22.5706079],[113.879598,22.5705263]]]]},"properties":{"name":"way/1443888300","height":0,"kind":"unknown","label":"缺少可用高度；仅展示轮廓"}},{"type":"Feature","id":"way/1443888301","geometry":{"type":"MultiPolygon","coordinates":[[[[113.8795292,22.5705929],[113.879598,22.5705263],[113.8796908,22.5706079],[113.879622,22.5706746],[113.8795292,22.5705929]]]]},"properties":{"name":"way/1443888301","height":0,"kind":"unknown","label":"缺少可用高度；仅展示轮廓"}},{"type":"Feature","id":"way/1443888302","geometry":{"type":"MultiPolygon","coordinates":[[[[113.8791388,22.5714401],[113.8792076,22.5713734],[113.8793004,22.5714551],[113.8792316,22.5715217],[113.8791388,22.5714401]]]]},"properties":{"name":"way/1443888302","height":0,"kind":"unknown","label":"缺少可用高度；仅展示轮廓"}},{"type":"Feature","id":"way/1443888303","geometry":{"type":"MultiPolygon","coordinates":[[[[113.8796559,22.5707044],[113.8797247,22.5706378],[113.8798175,22.5707194],[113.8797487,22.5707861],[113.8796559,22.5707044]]]]},"properties":{"name":"way/1443888303","height":0,"kind":"unknown","label":"缺少可用高度；仅展示轮廓"}},{"type":"Feature","id":"way/1443888304","geometry":{"type":"MultiPolygon","coordinates":[[[[113.8796905,22.5709054],[113.8797593,22.5708387],[113.8798521,22.5709204],[113.8797833,22.5709871],[113.8796905,22.5709054]]]]},"properties":{"name":"way/1443888304","height":0,"kind":"unknown","label":"缺少可用高度；仅展示轮廓"}},{"type":"Feature","id":"way/1443888306","geometry":{"type":"MultiPolygon","coordinates":[[[[113.8793339,22.5710165],[113.8794027,22.5709498],[113.8794955,22.5710315],[113.8794267,22.5710981],[113.8793339,22.5710165]]]]},"properties":{"name":"way/1443888306","height":0,"kind":"unknown","label":"缺少可用高度；仅展示轮廓"}},{"type":"Feature","id":"way/1443888309","geometry":{"type":"MultiPolygon","coordinates":[[[[113.8795636,22.5707938],[113.8796324,22.5707271],[113.8797253,22.5708088],[113.8796564,22.5708755],[113.8795636,22.5707938]]]]},"properties":{"name":"way/1443888309","height":0,"kind":"unknown","label":"缺少可用高度；仅展示轮廓"}},{"type":"Feature","id":"way/1443888310","geometry":{"type":"MultiPolygon","coordinates":[[[[113.8794948,22.5708605],[113.8795636,22.5707938],[113.8796564,22.5708755],[113.8795876,22.5709422],[113.8794948,22.5708605]]]]},"properties":{"name":"way/1443888310","height":0,"kind":"unknown","label":"缺少可用高度；仅展示轮廓"}},{"type":"Feature","id":"way/1443888311","geometry":{"type":"MultiPolygon","coordinates":[[[[113.8792417,22.5711058],[113.8793105,22.5710391],[113.8794033,22.5711208],[113.8793345,22.5711875],[113.8792417,22.5711058]]]]},"properties":{"name":"way/1443888311","height":0,"kind":"unknown","label":"缺少可用高度；仅展示轮廓"}},{"type":"Feature","id":"way/1443888312","geometry":{"type":"MultiPolygon","coordinates":[[[[113.8791729,22.5711725],[113.8792417,22.5711058],[113.8793345,22.5711875],[113.8792657,22.5712542],[113.8791729,22.5711725]]]]},"properties":{"name":"way/1443888312","height":0,"kind":"unknown","label":"缺少可用高度；仅展示轮廓"}},{"type":"Feature","id":"way/1443888313","geometry":{"type":"MultiPolygon","coordinates":[[[[113.8794027,22.5709498],[113.8794715,22.5708831],[113.8795643,22.5709648],[113.8794955,22.5710315],[113.8794027,22.5709498]]]]},"properties":{"name":"way/1443888313","height":0,"kind":"unknown","label":"缺少可用高度；仅展示轮廓"}},{"type":"Feature","id":"way/1443888314","geometry":{"type":"MultiPolygon","coordinates":[[[[113.8790807,22.5712618],[113.8791495,22.5711951],[113.8792424,22.5712768],[113.8791736,22.5713435],[113.8790807,22.5712618]]]]},"properties":{"name":"way/1443888314","height":0,"kind":"unknown","label":"缺少可用高度；仅展示轮廓"}},{"type":"Feature","id":"way/1443888316","geometry":{"type":"MultiPolygon","coordinates":[[[[113.8796217,22.5709721],[113.8796905,22.5709054],[113.8797833,22.5709871],[113.8797145,22.5710538],[113.8796217,22.5709721]]]]},"properties":{"name":"way/1443888316","height":0,"kind":"unknown","label":"缺少可用高度；仅展示轮廓"}},{"type":"Feature","id":"way/1443888317","geometry":{"type":"MultiPolygon","coordinates":[[[[113.8793685,22.5712174],[113.8794373,22.5711507],[113.8795302,22.5712324],[113.8794614,22.5712991],[113.8793685,22.5712174]]]]},"properties":{"name":"way/1443888317","height":0,"kind":"unknown","label":"缺少可用高度；仅展示轮廓"}},{"type":"Feature","id":"way/1443888319","geometry":{"type":"MultiPolygon","coordinates":[[[[113.8793225,22.5702838],[113.8793913,22.5702171],[113.8794842,22.5702988],[113.8794154,22.5703655],[113.8793225,22.5702838]]]]},"properties":{"name":"way/1443888319","height":0,"kind":"unknown","label":"缺少可用高度；仅展示轮廓"}},{"type":"Feature","id":"way/1443888321","geometry":{"type":"MultiPolygon","coordinates":[[[[113.8792537,22.5703505],[113.8793225,22.5702838],[113.8794154,22.5703655],[113.8793466,22.5704322],[113.8792537,22.5703505]]]]},"properties":{"name":"way/1443888321","height":0,"kind":"unknown","label":"缺少可用高度；仅展示轮廓"}},{"type":"Feature","id":"way/1443888322","geometry":{"type":"MultiPolygon","coordinates":[[[[113.8791611,22.5699714],[113.8792299,22.5699047],[113.8793227,22.5699864],[113.8792539,22.5700531],[113.8791611,22.5699714]]]]},"properties":{"name":"way/1443888322","height":0,"kind":"unknown","label":"缺少可用高度；仅展示轮廓"}},{"type":"Feature","id":"way/1443888323","geometry":{"type":"MultiPolygon","coordinates":[[[[113.8792878,22.5700829],[113.8793566,22.5700162],[113.8794494,22.5700979],[113.8793806,22.5701646],[113.8792878,22.5700829]]]]},"properties":{"name":"way/1443888323","height":0,"kind":"unknown","label":"缺少可用高度；仅展示轮廓"}},{"type":"Feature","id":"way/1443888324","geometry":{"type":"MultiPolygon","coordinates":[[[[113.8790343,22.5698599],[113.8791031,22.5697932],[113.8791959,22.5698749],[113.8791271,22.5699416],[113.8790343,22.5698599]]]]},"properties":{"name":"way/1443888324","height":0,"kind":"unknown","label":"缺少可用高度；仅展示轮廓"}},{"type":"Feature","id":"way/1443888325","geometry":{"type":"MultiPolygon","coordinates":[[[[113.8791957,22.5701722],[113.8792645,22.5701055],[113.8793573,22.5701872],[113.8792885,22.5702539],[113.8791957,22.5701722]]]]},"properties":{"name":"way/1443888325","height":0,"kind":"unknown","label":"缺少可用高度；仅展示轮廓"}},{"type":"Feature","id":"way/1443888327","geometry":{"type":"MultiPolygon","coordinates":[[[[113.879069,22.5700607],[113.8791378,22.569994],[113.8792306,22.5700757],[113.8791618,22.5701424],[113.879069,22.5700607]]]]},"properties":{"name":"way/1443888327","height":0,"kind":"unknown","label":"缺少可用高度；仅展示轮廓"}},{"type":"Feature","id":"way/1443888328","geometry":{"type":"MultiPolygon","coordinates":[[[[113.8794147,22.5701945],[113.8794835,22.5701278],[113.8795763,22.5702095],[113.8795075,22.5702762],[113.8794147,22.5701945]]]]},"properties":{"name":"way/1443888328","height":0,"kind":"unknown","label":"缺少可用高度；仅展示轮廓"}},{"type":"Feature","id":"way/1443888330","geometry":{"type":"MultiPolygon","coordinates":[[[[113.8791269,22.5702389],[113.8791957,22.5701722],[113.8792885,22.5702539],[113.8792197,22.5703205],[113.8791269,22.5702389]]]]},"properties":{"name":"way/1443888330","height":0,"kind":"unknown","label":"缺少可用高度；仅展示轮廓"}},{"type":"Feature","id":"way/1443888341","geometry":{"type":"MultiPolygon","coordinates":[[[[113.8790927,22.5705065],[113.8791615,22.5704398],[113.8792543,22.5705215],[113.8791855,22.5705882],[113.8790927,22.5705065]]]]},"properties":{"name":"way/1443888341","height":0,"kind":"unknown","label":"缺少可用高度；仅展示轮廓"}},{"type":"Feature","id":"way/1443888359","geometry":{"type":"MultiPolygon","coordinates":[[[[113.8791615,22.5704398],[113.8792303,22.5703732],[113.8793231,22.5704548],[113.8792543,22.5705215],[113.8791615,22.5704398]]]]},"properties":{"name":"way/1443888359","height":0,"kind":"unknown","label":"缺少可用高度；仅展示轮廓"}},{"type":"Feature","id":"way/1443888368","geometry":{"type":"MultiPolygon","coordinates":[[[[113.8790346,22.5703282],[113.8791034,22.5702616],[113.8791962,22.5703432],[113.8791274,22.5704099],[113.8790346,22.5703282]]]]},"properties":{"name":"way/1443888368","height":0,"kind":"unknown","label":"缺少可用高度；仅展示轮廓"}},{"type":"Feature","id":"way/1443888416","geometry":{"type":"MultiPolygon","coordinates":[[[[113.8790421,22.5718191],[113.8791109,22.5717524],[113.8792038,22.5718341],[113.8791349,22.5719008],[113.8790421,22.5718191]]]]},"properties":{"name":"way/1443888416","height":0,"kind":"unknown","label":"缺少可用高度；仅展示轮廓"}},{"type":"Feature","id":"way/1444075996","geometry":{"type":"MultiPolygon","coordinates":[[[[113.8883854,22.5643722],[113.8885366,22.5642213],[113.8885845,22.5642622],[113.8885448,22.5643017],[113.8885671,22.5643208],[113.8885804,22.5643076],[113.8886273,22.5643477],[113.8886009,22.5643741],[113.8886157,22.5643868],[113.8885702,22.5644322],[113.8885554,22.5644195],[113.8885289,22.5644459],[113.888482,22.5644058],[113.8884952,22.5643926],[113.8884729,22.5643735],[113.8884333,22.5644131],[113.8883854,22.5643722]]]]},"properties":{"name":"way/1444075996","height":0,"kind":"unknown","label":"缺少可用高度；仅展示轮廓"}},{"type":"Feature","id":"way/1444075997","geometry":{"type":"MultiPolygon","coordinates":[[[[113.8882342,22.5645231],[113.8883854,22.5643722],[113.8884333,22.5644131],[113.8883936,22.5644526],[113.8884159,22.5644717],[113.8884292,22.5644585],[113.8884761,22.5644986],[113.8884497,22.564525],[113.8884645,22.5645377],[113.888419,22.5645831],[113.8884042,22.5645704],[113.8883777,22.5645968],[113.8883308,22.5645567],[113.888344,22.5645435],[113.8883217,22.5645244],[113.8882821,22.564564],[113.8882342,22.5645231]]]]},"properties":{"name":"way/1444075997","height":0,"kind":"unknown","label":"缺少可用高度；仅展示轮廓"}},{"type":"Feature","id":"way/1444075998","geometry":{"type":"MultiPolygon","coordinates":[[[[113.8873916,22.5646151],[113.8874338,22.5645722],[113.8874482,22.5645843],[113.8874716,22.5645606],[113.8874285,22.5645243],[113.8874757,22.5644765],[113.8876401,22.5646149],[113.8875929,22.5646627],[113.8875497,22.5646264],[113.8875264,22.5646501],[113.8875407,22.5646622],[113.8874985,22.564705],[113.8874841,22.5646929],[113.8874746,22.5647026],[113.8873964,22.5646368],[113.887406,22.5646272],[113.8873916,22.5646151]]]]},"properties":{"name":"way/1444075998","height":0,"kind":"unknown","label":"缺少可用高度；仅展示轮廓"}},{"type":"Feature","id":"way/1444075999","geometry":{"type":"MultiPolygon","coordinates":[[[[113.8872272,22.5644767],[113.8872694,22.5644339],[113.8872838,22.564446],[113.8873072,22.5644223],[113.8872641,22.564386],[113.8873113,22.5643381],[113.8874757,22.5644765],[113.8874285,22.5645243],[113.8873853,22.564488],[113.8873619,22.5645117],[113.8873763,22.5645238],[113.8873341,22.5645667],[113.8873197,22.5645546],[113.8873101,22.5645642],[113.887232,22.5644985],[113.8872415,22.5644888],[113.8872272,22.5644767]]]]},"properties":{"name":"way/1444075999","height":0,"kind":"unknown","label":"缺少可用高度；仅展示轮廓"}},{"type":"Feature","id":"way/1444076000","geometry":{"type":"MultiPolygon","coordinates":[[[[113.8870628,22.5643383],[113.887105,22.5642955],[113.8871194,22.5643076],[113.8871428,22.5642839],[113.8870997,22.5642476],[113.8871469,22.5641998],[113.8873113,22.5643381],[113.8872641,22.564386],[113.8872209,22.5643497],[113.8871975,22.5643734],[113.8872119,22.5643855],[113.8871697,22.5644283],[113.8871553,22.5644162],[113.8871457,22.5644259],[113.8870676,22.5643601],[113.8870771,22.5643504],[113.8870628,22.5643383]]]]},"properties":{"name":"way/1444076000","height":0,"kind":"unknown","label":"缺少可用高度；仅展示轮廓"}},{"type":"Feature","id":"way/1444076001","geometry":{"type":"MultiPolygon","coordinates":[[[[113.8870111,22.5636563],[113.8870889,22.5635817],[113.8872112,22.5636906],[113.8871334,22.5637651],[113.8870111,22.5636563]]]]},"properties":{"name":"way/1444076001","height":0,"kind":"unknown","label":"缺少可用高度；仅展示轮廓"}},{"type":"Feature","id":"way/1444076002","geometry":{"type":"MultiPolygon","coordinates":[[[[113.8873467,22.5633346],[113.8874245,22.5632601],[113.8875468,22.5633689],[113.887469,22.5634435],[113.8873467,22.5633346]]]]},"properties":{"name":"way/1444076002","height":0,"kind":"unknown","label":"缺少可用高度；仅展示轮廓"}},{"type":"Feature","id":"way/1444076003","geometry":{"type":"MultiPolygon","coordinates":[[[[113.8869333,22.5637309],[113.8870111,22.5636563],[113.8871334,22.5637651],[113.8870556,22.5638397],[113.8869333,22.5637309]]]]},"properties":{"name":"way/1444076003","height":0,"kind":"unknown","label":"缺少可用高度；仅展示轮廓"}},{"type":"Feature","id":"way/1444076004","geometry":{"type":"MultiPolygon","coordinates":[[[[113.8872689,22.5634092],[113.8873467,22.5633346],[113.887469,22.5634435],[113.8873912,22.563518],[113.8872689,22.5634092]]]]},"properties":{"name":"way/1444076004","height":0,"kind":"unknown","label":"缺少可用高度；仅展示轮廓"}},{"type":"Feature","id":"way/1444076005","geometry":{"type":"MultiPolygon","coordinates":[[[[113.8868555,22.5638054],[113.8869333,22.5637309],[113.8870556,22.5638397],[113.8869778,22.5639143],[113.8868555,22.5638054]]]]},"properties":{"name":"way/1444076005","height":0,"kind":"unknown","label":"缺少可用高度；仅展示轮廓"}},{"type":"Feature","id":"way/1444076006","geometry":{"type":"MultiPolygon","coordinates":[[[[113.8875706,22.5633902],[113.8876484,22.5633156],[113.8877707,22.5634244],[113.8876929,22.563499],[113.8875706,22.5633902]]]]},"properties":{"name":"way/1444076006","height":0,"kind":"unknown","label":"缺少可用高度；仅展示轮廓"}},{"type":"Feature","id":"way/1444076007","geometry":{"type":"MultiPolygon","coordinates":[[[[113.8871911,22.5634838],[113.8872689,22.5634092],[113.8873912,22.563518],[113.8873134,22.5635926],[113.8871911,22.5634838]]]]},"properties":{"name":"way/1444076007","height":0,"kind":"unknown","label":"缺少可用高度；仅展示轮廓"}},{"type":"Feature","id":"way/1444076008","geometry":{"type":"MultiPolygon","coordinates":[[[[113.8874928,22.5634648],[113.8875706,22.5633902],[113.8876929,22.563499],[113.887615,22.5635736],[113.8874928,22.5634648]]]]},"properties":{"name":"way/1444076008","height":0,"kind":"unknown","label":"缺少可用高度；仅展示轮廓"}},{"type":"Feature","id":"way/1444076009","geometry":{"type":"MultiPolygon","coordinates":[[[[113.887415,22.5635393],[113.8874928,22.5634648],[113.887615,22.5635736],[113.8875372,22.5636482],[113.887415,22.5635393]]]]},"properties":{"name":"way/1444076009","height":0,"kind":"unknown","label":"缺少可用高度；仅展示轮廓"}},{"type":"Feature","id":"way/1444076010","geometry":{"type":"MultiPolygon","coordinates":[[[[113.8873371,22.5636139],[113.887415,22.5635393],[113.8875372,22.5636482],[113.8874594,22.5637227],[113.8873371,22.5636139]]]]},"properties":{"name":"way/1444076010","height":0,"kind":"unknown","label":"缺少可用高度；仅展示轮廓"}},{"type":"Feature","id":"way/1444076011","geometry":{"type":"MultiPolygon","coordinates":[[[[113.8872349,22.5637119],[113.8873127,22.5636373],[113.887435,22.5637461],[113.8873572,22.5638207],[113.8872349,22.5637119]]]]},"properties":{"name":"way/1444076011","height":0,"kind":"unknown","label":"缺少可用高度；仅展示轮廓"}},{"type":"Feature","id":"way/1444076012","geometry":{"type":"MultiPolygon","coordinates":[[[[113.8871571,22.5637864],[113.8872349,22.5637119],[113.8873572,22.5638207],[113.8872794,22.5638952],[113.8871571,22.5637864]]]]},"properties":{"name":"way/1444076012","height":0,"kind":"unknown","label":"缺少可用高度；仅展示轮廓"}},{"type":"Feature","id":"way/1444076013","geometry":{"type":"MultiPolygon","coordinates":[[[[113.8870793,22.563861],[113.8871571,22.5637864],[113.8872794,22.5638952],[113.8872016,22.5639698],[113.8870793,22.563861]]]]},"properties":{"name":"way/1444076013","height":0,"kind":"unknown","label":"缺少可用高度；仅展示轮廓"}},{"type":"Feature","id":"way/1444076014","geometry":{"type":"MultiPolygon","coordinates":[[[[113.8872779,22.5631297],[113.8873557,22.5630552],[113.887478,22.563164],[113.8874002,22.5632385],[113.8872779,22.5631297]]]]},"properties":{"name":"way/1444076014","height":0,"kind":"unknown","label":"缺少可用高度；仅展示轮廓"}},{"type":"Feature","id":"way/1444076015","geometry":{"type":"MultiPolygon","coordinates":[[[[113.8870015,22.5639356],[113.8870793,22.563861],[113.8872016,22.5639698],[113.8871238,22.5640444],[113.8870015,22.5639356]]]]},"properties":{"name":"way/1444076015","height":0,"kind":"unknown","label":"缺少可用高度；仅展示轮廓"}},{"type":"Feature","id":"way/1444076016","geometry":{"type":"MultiPolygon","coordinates":[[[[113.8872001,22.5632043],[113.8872779,22.5631297],[113.8874002,22.5632385],[113.8873224,22.5633131],[113.8872001,22.5632043]]]]},"properties":{"name":"way/1444076016","height":0,"kind":"unknown","label":"缺少可用高度；仅展示轮廓"}},{"type":"Feature","id":"way/1444076017","geometry":{"type":"MultiPolygon","coordinates":[[[[113.8871223,22.5632789],[113.8872001,22.5632043],[113.8873224,22.5633131],[113.8872446,22.5633877],[113.8871223,22.5632789]]]]},"properties":{"name":"way/1444076017","height":0,"kind":"unknown","label":"缺少可用高度；仅展示轮廓"}},{"type":"Feature","id":"way/1444076018","geometry":{"type":"MultiPolygon","coordinates":[[[[113.8870445,22.5633534],[113.8871223,22.5632789],[113.8872446,22.5633877],[113.8871668,22.5634623],[113.8870445,22.5633534]]]]},"properties":{"name":"way/1444076018","height":0,"kind":"unknown","label":"缺少可用高度；仅展示轮廓"}},{"type":"Feature","id":"way/1444076019","geometry":{"type":"MultiPolygon","coordinates":[[[[113.8869423,22.5634514],[113.8870201,22.5633768],[113.8871424,22.5634856],[113.8870646,22.5635602],[113.8869423,22.5634514]]]]},"properties":{"name":"way/1444076019","height":0,"kind":"unknown","label":"缺少可用高度；仅展示轮廓"}},{"type":"Feature","id":"way/1444076020","geometry":{"type":"MultiPolygon","coordinates":[[[[113.8868645,22.563526],[113.8869423,22.5634514],[113.8870646,22.5635602],[113.8869868,22.5636348],[113.8868645,22.563526]]]]},"properties":{"name":"way/1444076020","height":0,"kind":"unknown","label":"缺少可用高度；仅展示轮廓"}},{"type":"Feature","id":"way/1444076021","geometry":{"type":"MultiPolygon","coordinates":[[[[113.8867867,22.5636005],[113.8868645,22.563526],[113.8869868,22.5636348],[113.886909,22.5637093],[113.8867867,22.5636005]]]]},"properties":{"name":"way/1444076021","height":0,"kind":"unknown","label":"缺少可用高度；仅展示轮廓"}},{"type":"Feature","id":"way/1444076022","geometry":{"type":"MultiPolygon","coordinates":[[[[113.8870889,22.5635817],[113.8871667,22.5635072],[113.887289,22.563616],[113.8872112,22.5636906],[113.8870889,22.5635817]]]]},"properties":{"name":"way/1444076022","height":0,"kind":"unknown","label":"缺少可用高度；仅展示轮廓"}},{"type":"Feature","id":"way/1444076023","geometry":{"type":"MultiPolygon","coordinates":[[[[113.8867089,22.5636751],[113.8867867,22.5636005],[113.886909,22.5637093],[113.8868311,22.5637839],[113.8867089,22.5636751]]]]},"properties":{"name":"way/1444076023","height":0,"kind":"unknown","label":"缺少可用高度；仅展示轮廓"}},{"type":"Feature","id":"way/1444076024","geometry":{"type":"MultiPolygon","coordinates":[[[[113.8874245,22.5632601],[113.8875023,22.5631855],[113.8876246,22.5632943],[113.8875468,22.5633689],[113.8874245,22.5632601]]]]},"properties":{"name":"way/1444076024","height":0,"kind":"unknown","label":"缺少可用高度；仅展示轮廓"}},{"type":"Feature","id":"way/1444076025","geometry":{"type":"MultiPolygon","coordinates":[[[[113.8878445,22.5645461],[113.8879223,22.5644715],[113.8880446,22.5645803],[113.8879667,22.5646549],[113.8878445,22.5645461]]]]},"properties":{"name":"way/1444076025","height":0,"kind":"unknown","label":"缺少可用高度；仅展示轮廓"}},{"type":"Feature","id":"way/1444076026","geometry":{"type":"MultiPolygon","coordinates":[[[[113.8881801,22.5642244],[113.8882579,22.5641498],[113.8883802,22.5642587],[113.8883024,22.5643332],[113.8881801,22.5642244]]]]},"properties":{"name":"way/1444076026","height":0,"kind":"unknown","label":"缺少可用高度；仅展示轮廓"}},{"type":"Feature","id":"way/1444076027","geometry":{"type":"MultiPolygon","coordinates":[[[[113.8877666,22.5646206],[113.8878445,22.5645461],[113.8879667,22.5646549],[113.8878889,22.5647294],[113.8877666,22.5646206]]]]},"properties":{"name":"way/1444076027","height":0,"kind":"unknown","label":"缺少可用高度；仅展示轮廓"}},{"type":"Feature","id":"way/1444076028","geometry":{"type":"MultiPolygon","coordinates":[[[[113.8881023,22.564299],[113.8881801,22.5642244],[113.8883024,22.5643332],[113.8882246,22.5644078],[113.8881023,22.564299]]]]},"properties":{"name":"way/1444076028","height":0,"kind":"unknown","label":"缺少可用高度；仅展示轮廓"}},{"type":"Feature","id":"way/1444076029","geometry":{"type":"MultiPolygon","coordinates":[[[[113.8880001,22.5643969],[113.8880779,22.5643224],[113.8882002,22.5644312],[113.8881224,22.5645057],[113.8880001,22.5643969]]]]},"properties":{"name":"way/1444076029","height":0,"kind":"unknown","label":"缺少可用高度；仅展示轮廓"}},{"type":"Feature","id":"way/1444076030","geometry":{"type":"MultiPolygon","coordinates":[[[[113.8883357,22.5640753],[113.8884135,22.5640007],[113.8885358,22.5641095],[113.888458,22.5641841],[113.8883357,22.5640753]]]]},"properties":{"name":"way/1444076030","height":0,"kind":"unknown","label":"缺少可用高度；仅展示轮廓"}},{"type":"Feature","id":"way/1444076031","geometry":{"type":"MultiPolygon","coordinates":[[[[113.8879223,22.5644715],[113.8880001,22.5643969],[113.8881224,22.5645057],[113.8880446,22.5645803],[113.8879223,22.5644715]]]]},"properties":{"name":"way/1444076031","height":0,"kind":"unknown","label":"缺少可用高度；仅展示轮廓"}},{"type":"Feature","id":"way/1444076032","geometry":{"type":"MultiPolygon","coordinates":[[[[113.8882579,22.5641498],[113.8883357,22.5640753],[113.888458,22.5641841],[113.8883802,22.5642587],[113.8882579,22.5641498]]]]},"properties":{"name":"way/1444076032","height":0,"kind":"unknown","label":"缺少可用高度；仅展示轮廓"}},{"type":"Feature","id":"way/1444076033","geometry":{"type":"MultiPolygon","coordinates":[[[[113.8877763,22.5643413],[113.8878541,22.5642667],[113.8879764,22.5643755],[113.8878986,22.5644501],[113.8877763,22.5643413]]]]},"properties":{"name":"way/1444076033","height":0,"kind":"unknown","label":"缺少可用高度；仅展示轮廓"}},{"type":"Feature","id":"way/1444076034","geometry":{"type":"MultiPolygon","coordinates":[[[[113.8881119,22.5640196],[113.8881897,22.5639451],[113.888312,22.5640539],[113.8882342,22.5641284],[113.8881119,22.5640196]]]]},"properties":{"name":"way/1444076034","height":0,"kind":"unknown","label":"缺少可用高度；仅展示轮廓"}},{"type":"Feature","id":"way/1444076035","geometry":{"type":"MultiPolygon","coordinates":[[[[113.8876985,22.5644158],[113.8877763,22.5643413],[113.8878986,22.5644501],[113.8878208,22.5645247],[113.8876985,22.5644158]]]]},"properties":{"name":"way/1444076035","height":0,"kind":"unknown","label":"缺少可用高度；仅展示轮廓"}},{"type":"Feature","id":"way/1444076036","geometry":{"type":"MultiPolygon","coordinates":[[[[113.8880341,22.5640942],[113.8881119,22.5640196],[113.8882342,22.5641284],[113.8881564,22.564203],[113.8880341,22.5640942]]]]},"properties":{"name":"way/1444076036","height":0,"kind":"unknown","label":"缺少可用高度；仅展示轮廓"}},{"type":"Feature","id":"way/1444076037","geometry":{"type":"MultiPolygon","coordinates":[[[[113.8876207,22.5644904],[113.8876985,22.5644158],[113.8878208,22.5645247],[113.887743,22.5645992],[113.8876207,22.5644904]]]]},"properties":{"name":"way/1444076037","height":0,"kind":"unknown","label":"缺少可用高度；仅展示轮廓"}},{"type":"Feature","id":"way/1444076038","geometry":{"type":"MultiPolygon","coordinates":[[[[113.8879563,22.5641688],[113.8880341,22.5640942],[113.8881564,22.564203],[113.8880786,22.5642776],[113.8879563,22.5641688]]]]},"properties":{"name":"way/1444076038","height":0,"kind":"unknown","label":"缺少可用高度；仅展示轮廓"}},{"type":"Feature","id":"way/1444076039","geometry":{"type":"MultiPolygon","coordinates":[[[[113.8880431,22.5638147],[113.8881209,22.5637401],[113.8882432,22.563849],[113.8881654,22.5639235],[113.8880431,22.5638147]]]]},"properties":{"name":"way/1444076039","height":0,"kind":"unknown","label":"缺少可用高度；仅展示轮廓"}},{"type":"Feature","id":"way/1444076040","geometry":{"type":"MultiPolygon","coordinates":[[[[113.8879653,22.5638893],[113.8880431,22.5638147],[113.8881654,22.5639235],[113.8880876,22.5639981],[113.8879653,22.5638893]]]]},"properties":{"name":"way/1444076040","height":0,"kind":"unknown","label":"缺少可用高度；仅展示轮廓"}},{"type":"Feature","id":"way/1444076041","geometry":{"type":"MultiPolygon","coordinates":[[[[113.8878875,22.5639638],[113.8879653,22.5638893],[113.8880876,22.5639981],[113.8880098,22.5640727],[113.8878875,22.5639638]]]]},"properties":{"name":"way/1444076041","height":0,"kind":"unknown","label":"缺少可用高度；仅展示轮廓"}},{"type":"Feature","id":"way/1444076042","geometry":{"type":"MultiPolygon","coordinates":[[[[113.8878097,22.5640384],[113.8878875,22.5639638],[113.8880098,22.5640727],[113.887932,22.5641472],[113.8878097,22.5640384]]]]},"properties":{"name":"way/1444076042","height":0,"kind":"unknown","label":"缺少可用高度；仅展示轮廓"}},{"type":"Feature","id":"way/1444076043","geometry":{"type":"MultiPolygon","coordinates":[[[[113.8877075,22.5641364],[113.8877853,22.5640618],[113.8879076,22.5641706],[113.8878298,22.5642452],[113.8877075,22.5641364]]]]},"properties":{"name":"way/1444076043","height":0,"kind":"unknown","label":"缺少可用高度；仅展示轮廓"}},{"type":"Feature","id":"way/1444076044","geometry":{"type":"MultiPolygon","coordinates":[[[[113.8876297,22.5642109],[113.8877075,22.5641364],[113.8878298,22.5642452],[113.887752,22.5643197],[113.8876297,22.5642109]]]]},"properties":{"name":"way/1444076044","height":0,"kind":"unknown","label":"缺少可用高度；仅展示轮廓"}},{"type":"Feature","id":"way/1444076045","geometry":{"type":"MultiPolygon","coordinates":[[[[113.8875519,22.5642855],[113.8876297,22.5642109],[113.887752,22.5643197],[113.8876742,22.5643943],[113.8875519,22.5642855]]]]},"properties":{"name":"way/1444076045","height":0,"kind":"unknown","label":"缺少可用高度；仅展示轮廓"}},{"type":"Feature","id":"way/1444076046","geometry":{"type":"MultiPolygon","coordinates":[[[[113.8878541,22.5642667],[113.8879319,22.5641921],[113.8880542,22.564301],[113.8879764,22.5643755],[113.8878541,22.5642667]]]]},"properties":{"name":"way/1444076046","height":0,"kind":"unknown","label":"缺少可用高度；仅展示轮廓"}},{"type":"Feature","id":"way/1444076047","geometry":{"type":"MultiPolygon","coordinates":[[[[113.8874741,22.5643601],[113.8875519,22.5642855],[113.8876742,22.5643943],[113.8875964,22.5644689],[113.8874741,22.5643601]]]]},"properties":{"name":"way/1444076047","height":0,"kind":"unknown","label":"缺少可用高度；仅展示轮廓"}},{"type":"Feature","id":"way/1444076048","geometry":{"type":"MultiPolygon","coordinates":[[[[113.8881897,22.5639451],[113.8882675,22.5638705],[113.8883898,22.5639793],[113.888312,22.5640539],[113.8881897,22.5639451]]]]},"properties":{"name":"way/1444076048","height":0,"kind":"unknown","label":"缺少可用高度；仅展示轮廓"}},{"type":"Feature","id":"way/1444076049","geometry":{"type":"MultiPolygon","coordinates":[[[[113.8875614,22.5640062],[113.8876392,22.5639317],[113.8877615,22.5640405],[113.8876837,22.5641151],[113.8875614,22.5640062]]]]},"properties":{"name":"way/1444076049","height":0,"kind":"unknown","label":"缺少可用高度；仅展示轮廓"}},{"type":"Feature","id":"way/1444076050","geometry":{"type":"MultiPolygon","coordinates":[[[[113.887897,22.5636846],[113.8879749,22.56361],[113.8880971,22.5637188],[113.8880193,22.5637934],[113.887897,22.5636846]]]]},"properties":{"name":"way/1444076050","height":0,"kind":"unknown","label":"缺少可用高度；仅展示轮廓"}},{"type":"Feature","id":"way/1444076051","geometry":{"type":"MultiPolygon","coordinates":[[[[113.8874836,22.5640808],[113.8875614,22.5640062],[113.8876837,22.5641151],[113.8876059,22.5641896],[113.8874836,22.5640808]]]]},"properties":{"name":"way/1444076051","height":0,"kind":"unknown","label":"缺少可用高度；仅展示轮廓"}},{"type":"Feature","id":"way/1444076052","geometry":{"type":"MultiPolygon","coordinates":[[[[113.8878192,22.5637592],[113.887897,22.5636846],[113.8880193,22.5637934],[113.8879415,22.563868],[113.8878192,22.5637592]]]]},"properties":{"name":"way/1444076052","height":0,"kind":"unknown","label":"缺少可用高度；仅展示轮廓"}},{"type":"Feature","id":"way/1444076053","geometry":{"type":"MultiPolygon","coordinates":[[[[113.8874058,22.5641554],[113.8874836,22.5640808],[113.8876059,22.5641896],[113.8875281,22.5642642],[113.8874058,22.5641554]]]]},"properties":{"name":"way/1444076053","height":0,"kind":"unknown","label":"缺少可用高度；仅展示轮廓"}},{"type":"Feature","id":"way/1444076054","geometry":{"type":"MultiPolygon","coordinates":[[[[113.8877414,22.5638337],[113.8878192,22.5637592],[113.8879415,22.563868],[113.8878637,22.5639425],[113.8877414,22.5638337]]]]},"properties":{"name":"way/1444076054","height":0,"kind":"unknown","label":"缺少可用高度；仅展示轮廓"}},{"type":"Feature","id":"way/1444076055","geometry":{"type":"MultiPolygon","coordinates":[[[[113.887328,22.5642299],[113.8874058,22.5641554],[113.8875281,22.5642642],[113.8874503,22.5643388],[113.887328,22.5642299]]]]},"properties":{"name":"way/1444076055","height":0,"kind":"unknown","label":"缺少可用高度；仅展示轮廓"}},{"type":"Feature","id":"way/1444076056","geometry":{"type":"MultiPolygon","coordinates":[[[[113.8876636,22.5639083],[113.8877414,22.5638337],[113.8878637,22.5639425],[113.8877859,22.5640171],[113.8876636,22.5639083]]]]},"properties":{"name":"way/1444076056","height":0,"kind":"unknown","label":"缺少可用高度；仅展示轮廓"}},{"type":"Feature","id":"way/1444076057","geometry":{"type":"MultiPolygon","coordinates":[[[[113.8877504,22.5635542],[113.8878282,22.5634797],[113.8879505,22.5635885],[113.8878727,22.5636631],[113.8877504,22.5635542]]]]},"properties":{"name":"way/1444076057","height":0,"kind":"unknown","label":"缺少可用高度；仅展示轮廓"}},{"type":"Feature","id":"way/1444076058","geometry":{"type":"MultiPolygon","coordinates":[[[[113.8876726,22.5636288],[113.8877504,22.5635542],[113.8878727,22.5636631],[113.8877949,22.5637376],[113.8876726,22.5636288]]]]},"properties":{"name":"way/1444076058","height":0,"kind":"unknown","label":"缺少可用高度；仅展示轮廓"}},{"type":"Feature","id":"way/1444076059","geometry":{"type":"MultiPolygon","coordinates":[[[[113.8875948,22.5637034],[113.8876726,22.5636288],[113.8877949,22.5637376],[113.8877171,22.5638122],[113.8875948,22.5637034]]]]},"properties":{"name":"way/1444076059","height":0,"kind":"unknown","label":"缺少可用高度；仅展示轮廓"}},{"type":"Feature","id":"way/1444076060","geometry":{"type":"MultiPolygon","coordinates":[[[[113.887517,22.5637779],[113.8875948,22.5637034],[113.8877171,22.5638122],[113.8876393,22.5638868],[113.887517,22.5637779]]]]},"properties":{"name":"way/1444076060","height":0,"kind":"unknown","label":"缺少可用高度；仅展示轮廓"}},{"type":"Feature","id":"way/1444076061","geometry":{"type":"MultiPolygon","coordinates":[[[[113.8874148,22.5638759],[113.8874926,22.5638013],[113.8876149,22.5639101],[113.8875371,22.5639847],[113.8874148,22.5638759]]]]},"properties":{"name":"way/1444076061","height":0,"kind":"unknown","label":"缺少可用高度；仅展示轮廓"}},{"type":"Feature","id":"way/1444076062","geometry":{"type":"MultiPolygon","coordinates":[[[[113.887337,22.5639505],[113.8874148,22.5638759],[113.8875371,22.5639847],[113.8874593,22.5640593],[113.887337,22.5639505]]]]},"properties":{"name":"way/1444076062","height":0,"kind":"unknown","label":"缺少可用高度；仅展示轮廓"}},{"type":"Feature","id":"way/1444076063","geometry":{"type":"MultiPolygon","coordinates":[[[[113.8872592,22.564025],[113.887337,22.5639505],[113.8874593,22.5640593],[113.8873815,22.5641338],[113.8872592,22.564025]]]]},"properties":{"name":"way/1444076063","height":0,"kind":"unknown","label":"缺少可用高度；仅展示轮廓"}},{"type":"Feature","id":"way/1444076064","geometry":{"type":"MultiPolygon","coordinates":[[[[113.8871814,22.5640996],[113.8872592,22.564025],[113.8873815,22.5641338],[113.8873037,22.5642084],[113.8871814,22.5640996]]]]},"properties":{"name":"way/1444076064","height":0,"kind":"unknown","label":"缺少可用高度；仅展示轮廓"}},{"type":"Feature","id":"way/1444076066","geometry":{"type":"MultiPolygon","coordinates":[[[[113.886576,22.5634765],[113.8867966,22.5632563],[113.8868946,22.56334],[113.886674,22.5635602],[113.886576,22.5634765]]]]},"properties":{"name":"66栋","height":0,"kind":"unknown","label":"缺少可用高度；仅展示轮廓"}},{"type":"Feature","id":"way/1444076067","geometry":{"type":"MultiPolygon","coordinates":[[[[113.8866783,22.5630703],[113.8867391,22.5630135],[113.8871467,22.5630119],[113.887209,22.5630688],[113.8869451,22.5633146],[113.8866783,22.5630703]]]]},"properties":{"name":"65栋","height":0,"kind":"unknown","label":"缺少可用高度；仅展示轮廓"}},{"type":"Feature","id":"way/1444076068","geometry":{"type":"MultiPolygon","coordinates":[[[[113.8884798,22.5635292],[113.8885487,22.5634606],[113.8885724,22.5634809],[113.888654,22.5633995],[113.8887588,22.5634891],[113.8886771,22.5635706],[113.8887008,22.5635909],[113.888632,22.5636594],[113.8884798,22.5635292]]]]},"properties":{"name":"3栋","height":42,"kind":"levels","label":"14层 × 3米（估算）"}},{"type":"Feature","id":"way/1444076069","geometry":{"type":"MultiPolygon","coordinates":[[[[113.8882928,22.5633234],[113.888337,22.5632794],[113.8883728,22.5633101],[113.8884544,22.5632288],[113.8886066,22.563359],[113.888525,22.5634403],[113.8885487,22.5634606],[113.8884798,22.5635292],[113.8883177,22.5633905],[113.8883424,22.5633659],[113.8882928,22.5633234]]]]},"properties":{"name":"2栋","height":42,"kind":"levels","label":"14层 × 3米（估算）"}},{"type":"Feature","id":"way/1444076070","geometry":{"type":"MultiPolygon","coordinates":[[[[113.888632,22.5636594],[113.8887008,22.5635909],[113.8887245,22.5636112],[113.8888061,22.5635298],[113.8889583,22.56366],[113.8888767,22.5637414],[113.8889125,22.563772],[113.8888682,22.5638161],[113.8888186,22.5637737],[113.8887941,22.5637981],[113.888632,22.5636594]]]]},"properties":{"name":"4栋","height":42,"kind":"levels","label":"14层 × 3米（估算）"}},{"type":"Feature","id":"way/1444076071","geometry":{"type":"MultiPolygon","coordinates":[[[[113.8886519,22.5639399],[113.8887941,22.5637981],[113.8888186,22.5637737],[113.8888682,22.5638161],[113.8888806,22.5638267],[113.8888477,22.5638596],[113.8889256,22.5639262],[113.8889057,22.563946],[113.8889272,22.5639644],[113.8888661,22.5640253],[113.8888446,22.5640069],[113.8888248,22.5640266],[113.8887469,22.56396],[113.8887139,22.5639929],[113.8886519,22.5639399]]]]},"properties":{"name":"5栋","height":42,"kind":"levels","label":"14层 × 3米（估算）"}},{"type":"Feature","id":"way/1444076072","geometry":{"type":"MultiPolygon","coordinates":[[[[113.8880671,22.5633413],[113.8881281,22.5632805],[113.8881497,22.5632989],[113.8881695,22.5632791],[113.8882474,22.5633458],[113.8882804,22.5633128],[113.8882928,22.5633234],[113.8883424,22.5633659],[113.8883177,22.5633905],[113.8881756,22.5635322],[113.8881135,22.5634791],[113.8881466,22.5634462],[113.8880687,22.5633795],[113.8880886,22.5633598],[113.8880671,22.5633413]]]]},"properties":{"name":"1栋","height":42,"kind":"levels","label":"14层 × 3米（估算）"}},{"type":"Feature","id":"way/1444076076","geometry":{"type":"MultiPolygon","coordinates":[[[[113.8876294,22.5648163],[113.8876951,22.5647503],[113.8876667,22.5647261],[113.8877129,22.5646797],[113.8878817,22.5648231],[113.8879869,22.564819],[113.8881654,22.5646398],[113.8882871,22.5647432],[113.8880622,22.564969],[113.8878201,22.5649783],[113.8876294,22.5648163]]]]},"properties":{"name":"way/1444076076","height":0,"kind":"unknown","label":"缺少可用高度；仅展示轮廓"}},{"type":"Feature","id":"way/1444096857","geometry":{"type":"MultiPolygon","coordinates":[[[[113.8877249,22.5680696],[113.8878195,22.5679768],[113.8882962,22.568391],[113.8882016,22.5684838],[113.8877249,22.5680696]]]]},"properties":{"name":"way/1444096857","height":0,"kind":"unknown","label":"缺少可用高度；仅展示轮廓"}},{"type":"Feature","id":"way/1444096858","geometry":{"type":"MultiPolygon","coordinates":[[[[113.8882605,22.5682389],[113.8886739,22.5678332],[113.8887734,22.5679197],[113.88836,22.5683253],[113.8882605,22.5682389]]]]},"properties":{"name":"way/1444096858","height":0,"kind":"unknown","label":"缺少可用高度；仅展示轮廓"}},{"type":"Feature","id":"way/1444096859","geometry":{"type":"MultiPolygon","coordinates":[[[[113.88814,22.5674006],[113.8882271,22.5673151],[113.8887024,22.5677281],[113.8886153,22.5678136],[113.88814,22.5674006]]]]},"properties":{"name":"way/1444096859","height":0,"kind":"unknown","label":"缺少可用高度；仅展示轮廓"}},{"type":"Feature","id":"way/1444096860","geometry":{"type":"MultiPolygon","coordinates":[[[[113.8876611,22.5678778],[113.8880761,22.5674707],[113.8881798,22.5675608],[113.8877649,22.567968],[113.8876611,22.5678778]]]]},"properties":{"name":"way/1444096860","height":0,"kind":"unknown","label":"缺少可用高度；仅展示轮廓"}},{"type":"Feature","id":"way/1444096861","geometry":{"type":"MultiPolygon","coordinates":[[[[113.8872119,22.5676298],[113.8872845,22.5675586],[113.8873481,22.5676139],[113.8875286,22.5677708],[113.887456,22.567842],[113.8872119,22.5676298]]]]},"properties":{"name":"way/1444096861","height":0,"kind":"unknown","label":"缺少可用高度；仅展示轮廓"}},{"type":"Feature","id":"way/1444096862","geometry":{"type":"MultiPolygon","coordinates":[[[[113.8872727,22.5675484],[113.8878165,22.5670147],[113.8878919,22.5670802],[113.8873481,22.5676139],[113.8872845,22.5675586],[113.8872727,22.5675484]]]]},"properties":{"name":"way/1444096862","height":0,"kind":"unknown","label":"缺少可用高度；仅展示轮廓"}},{"type":"Feature","id":"way/1444096863","geometry":{"type":"MultiPolygon","coordinates":[[[[113.8881381,22.5667038],[113.8883594,22.5664867],[113.8883978,22.56652],[113.8884323,22.5664861],[113.8886659,22.5666891],[113.8885713,22.5667819],[113.8884112,22.5666428],[113.88825,22.566801],[113.8881381,22.5667038]]]]},"properties":{"name":"way/1444096863","height":0,"kind":"unknown","label":"缺少可用高度；仅展示轮廓"}},{"type":"Feature","id":"way/1444096864","geometry":{"type":"MultiPolygon","coordinates":[[[[113.8878619,22.5669748],[113.8881122,22.5667292],[113.8882241,22.5668264],[113.8879738,22.567072],[113.8878619,22.5669748]]]]},"properties":{"name":"way/1444096864","height":0,"kind":"unknown","label":"缺少可用高度；仅展示轮廓"}},{"type":"Feature","id":"way/1444096865","geometry":{"type":"MultiPolygon","coordinates":[[[[113.8881234,22.5670586],[113.8883438,22.5668423],[113.8884192,22.5669078],[113.8881987,22.5671241],[113.8881234,22.5670586]]]]},"properties":{"name":"way/1444096865","height":0,"kind":"unknown","label":"缺少可用高度；仅展示轮廓"}},{"type":"Feature","id":"way/1444096866","geometry":{"type":"MultiPolygon","coordinates":[[[[113.8878182,22.5673527],[113.8880591,22.5671164],[113.8881345,22.5671819],[113.8878936,22.5674182],[113.8878182,22.5673527]]]]},"properties":{"name":"way/1444096866","height":0,"kind":"unknown","label":"缺少可用高度；仅展示轮廓"}},{"type":"Feature","id":"way/1444096867","geometry":{"type":"MultiPolygon","coordinates":[[[[113.88752,22.5676194],[113.8877358,22.5674077],[113.8878111,22.5674732],[113.8875954,22.5676849],[113.88752,22.5676194]]]]},"properties":{"name":"way/1444096867","height":0,"kind":"unknown","label":"缺少可用高度；仅展示轮廓"}},{"type":"Feature","id":"way/1444096869","geometry":{"type":"MultiPolygon","coordinates":[[[[113.8886884,22.5668057],[113.8887493,22.5667469],[113.8888407,22.5668276],[113.8887798,22.5668864],[113.8886884,22.5668057]]]]},"properties":{"name":"way/1444096869","height":0,"kind":"unknown","label":"缺少可用高度；仅展示轮廓"}},{"type":"Feature","id":"way/1444096870","geometry":{"type":"MultiPolygon","coordinates":[[[[113.8884251,22.56706],[113.888486,22.5670012],[113.8885774,22.5670819],[113.8885165,22.5671407],[113.8884251,22.56706]]]]},"properties":{"name":"way/1444096870","height":0,"kind":"unknown","label":"缺少可用高度；仅展示轮廓"}},{"type":"Feature","id":"way/1444096871","geometry":{"type":"MultiPolygon","coordinates":[[[[113.8885129,22.5669753],[113.8885738,22.5669165],[113.8886652,22.5669972],[113.8886043,22.567056],[113.8885129,22.5669753]]]]},"properties":{"name":"way/1444096871","height":0,"kind":"unknown","label":"缺少可用高度；仅展示轮廓"}},{"type":"Feature","id":"way/1444096872","geometry":{"type":"MultiPolygon","coordinates":[[[[113.8886007,22.5668905],[113.8886616,22.5668317],[113.888753,22.5669124],[113.8886921,22.5669712],[113.8886007,22.5668905]]]]},"properties":{"name":"way/1444096872","height":0,"kind":"unknown","label":"缺少可用高度；仅展示轮廓"}},{"type":"Feature","id":"way/1444096873","geometry":{"type":"MultiPolygon","coordinates":[[[[113.8885065,22.5674565],[113.8885674,22.5673977],[113.8886588,22.5674784],[113.8885979,22.5675372],[113.8885065,22.5674565]]]]},"properties":{"name":"way/1444096873","height":0,"kind":"unknown","label":"缺少可用高度；仅展示轮廓"}},{"type":"Feature","id":"way/1444096874","geometry":{"type":"MultiPolygon","coordinates":[[[[113.8885943,22.5673717],[113.8886552,22.5673129],[113.8887466,22.5673936],[113.8886857,22.5674524],[113.8885943,22.5673717]]]]},"properties":{"name":"way/1444096874","height":0,"kind":"unknown","label":"缺少可用高度；仅展示轮廓"}},{"type":"Feature","id":"way/1444096875","geometry":{"type":"MultiPolygon","coordinates":[[[[113.8886821,22.567287],[113.888743,22.5672282],[113.8888344,22.5673089],[113.8887735,22.5673677],[113.8886821,22.567287]]]]},"properties":{"name":"way/1444096875","height":0,"kind":"unknown","label":"缺少可用高度；仅展示轮廓"}},{"type":"Feature","id":"way/1444096878","geometry":{"type":"MultiPolygon","coordinates":[[[[113.888378,22.567343],[113.8884389,22.5672842],[113.8885303,22.5673649],[113.8884694,22.5674237],[113.888378,22.567343]]]]},"properties":{"name":"way/1444096878","height":0,"kind":"unknown","label":"缺少可用高度；仅展示轮廓"}},{"type":"Feature","id":"way/1444096880","geometry":{"type":"MultiPolygon","coordinates":[[[[113.8884658,22.5672583],[113.8885267,22.5671995],[113.8886181,22.5672802],[113.8885572,22.567339],[113.8884658,22.5672583]]]]},"properties":{"name":"way/1444096880","height":0,"kind":"unknown","label":"缺少可用高度；仅展示轮廓"}},{"type":"Feature","id":"way/1444096884","geometry":{"type":"MultiPolygon","coordinates":[[[[113.8885536,22.5671735],[113.8886145,22.5671147],[113.8887059,22.5671954],[113.888645,22.5672542],[113.8885536,22.5671735]]]]},"properties":{"name":"way/1444096884","height":0,"kind":"unknown","label":"缺少可用高度；仅展示轮廓"}},{"type":"Feature","id":"way/1444096888","geometry":{"type":"MultiPolygon","coordinates":[[[[113.8886414,22.5670887],[113.8887023,22.5670299],[113.8887937,22.5671106],[113.8887328,22.5671694],[113.8886414,22.5670887]]]]},"properties":{"name":"way/1444096888","height":0,"kind":"unknown","label":"缺少可用高度；仅展示轮廓"}},{"type":"Feature","id":"way/1444096889","geometry":{"type":"MultiPolygon","coordinates":[[[[113.888635,22.5675698],[113.8886959,22.567511],[113.8887873,22.5675917],[113.8887264,22.5676505],[113.888635,22.5675698]]]]},"properties":{"name":"way/1444096889","height":0,"kind":"unknown","label":"缺少可用高度；仅展示轮廓"}},{"type":"Feature","id":"way/1444096890","geometry":{"type":"MultiPolygon","coordinates":[[[[113.8887292,22.5670039],[113.8887901,22.5669451],[113.8888814,22.5670258],[113.8888206,22.5670846],[113.8887292,22.5670039]]]]},"properties":{"name":"way/1444096890","height":0,"kind":"unknown","label":"缺少可用高度；仅展示轮廓"}},{"type":"Feature","id":"way/1444096891","geometry":{"type":"MultiPolygon","coordinates":[[[[113.8887228,22.567485],[113.8887837,22.5674262],[113.888875,22.5675069],[113.8888141,22.5675657],[113.8887228,22.567485]]]]},"properties":{"name":"way/1444096891","height":0,"kind":"unknown","label":"缺少可用高度；仅展示轮廓"}},{"type":"Feature","id":"way/1444096897","geometry":{"type":"MultiPolygon","coordinates":[[[[113.8875694,22.5667825],[113.8881094,22.5662539],[113.888257,22.5663825],[113.8877169,22.5669111],[113.8876893,22.566887],[113.8875694,22.5667825]]]]},"properties":{"name":"way/1444096897","height":0,"kind":"unknown","label":"缺少可用高度；仅展示轮廓"}},{"type":"Feature","id":"way/1444096898","geometry":{"type":"MultiPolygon","coordinates":[[[[113.887338,22.5665705],[113.887878,22.566042],[113.8880256,22.5661706],[113.8874855,22.5666991],[113.887338,22.5665705]]]]},"properties":{"name":"way/1444096898","height":0,"kind":"unknown","label":"缺少可用高度；仅展示轮廓"}},{"type":"Feature","id":"way/1444096899","geometry":{"type":"MultiPolygon","coordinates":[[[[113.8871116,22.566366],[113.8876516,22.5658375],[113.8877992,22.5659661],[113.8872591,22.5664946],[113.8871116,22.566366]]]]},"properties":{"name":"way/1444096899","height":0,"kind":"unknown","label":"缺少可用高度；仅展示轮廓"}},{"type":"Feature","id":"way/1444096901","geometry":{"type":"MultiPolygon","coordinates":[[[[113.8869584,22.5674206],[113.88749,22.5669004],[113.8876065,22.567002],[113.887075,22.5675221],[113.8869584,22.5674206]]]]},"properties":{"name":"C座","height":0,"kind":"unknown","label":"缺少可用高度；仅展示轮廓"}},{"type":"Feature","id":"way/1444096902","geometry":{"type":"MultiPolygon","coordinates":[[[[113.8867024,22.5671988],[113.887234,22.5666786],[113.8873505,22.5667802],[113.886819,22.5673003],[113.8867024,22.5671988]]]]},"properties":{"name":"B座","height":0,"kind":"unknown","label":"缺少可用高度；仅展示轮廓"}},{"type":"Feature","id":"way/1444096903","geometry":{"type":"MultiPolygon","coordinates":[[[[113.8864622,22.5669858],[113.8869938,22.5664657],[113.8871103,22.5665672],[113.8865788,22.5670874],[113.8864622,22.5669858]]]]},"properties":{"name":"A座","height":0,"kind":"unknown","label":"缺少可用高度；仅展示轮廓"}},{"type":"Feature","id":"way/1444096904","geometry":{"type":"MultiPolygon","coordinates":[[[[113.8884122,22.5686692],[113.8886435,22.5684459],[113.8887268,22.5685195],[113.8885739,22.5686672],[113.8887555,22.5688276],[113.8886771,22.5689032],[113.8884122,22.5686692]]]]},"properties":{"name":"way/1444096904","height":0,"kind":"unknown","label":"缺少可用高度；仅展示轮廓"}},{"type":"Feature","id":"way/1444096959","geometry":{"type":"MultiPolygon","coordinates":[[[[113.8886796,22.568409],[113.8887405,22.5683502],[113.8888319,22.5684309],[113.888771,22.5684897],[113.8886796,22.568409]]]]},"properties":{"name":"way/1444096959","height":0,"kind":"unknown","label":"缺少可用高度；仅展示轮廓"}},{"type":"Feature","id":"way/1444096975","geometry":{"type":"MultiPolygon","coordinates":[[[[113.8883972,22.5655109],[113.8884862,22.5654235],[113.8887403,22.5656442],[113.8886513,22.5657316],[113.8883972,22.5655109]]]]},"properties":{"name":"way/1444096975","height":0,"kind":"unknown","label":"缺少可用高度；仅展示轮廓"}},{"type":"Feature","id":"way/1444096976","geometry":{"type":"MultiPolygon","coordinates":[[[[113.8885117,22.5653985],[113.8887493,22.5651652],[113.8890034,22.565386],[113.8887658,22.5656192],[113.8885117,22.5653985]]]]},"properties":{"name":"way/1444096976","height":0,"kind":"unknown","label":"缺少可用高度；仅展示轮廓"}},{"type":"Feature","id":"way/1444096977","geometry":{"type":"MultiPolygon","coordinates":[[[[113.8881756,22.5653099],[113.8885208,22.5649711],[113.8886651,22.5650964],[113.8883199,22.5654353],[113.8881756,22.5653099]]]]},"properties":{"name":"way/1444096977","height":0,"kind":"unknown","label":"缺少可用高度；仅展示轮廓"}},{"type":"Feature","id":"way/1444096979","geometry":{"type":"MultiPolygon","coordinates":[[[[113.8881532,22.5660129],[113.8882566,22.5659263],[113.8883825,22.5660546],[113.8886452,22.5658348],[113.8887457,22.5659372],[113.8883796,22.5662436],[113.8881532,22.5660129]]]]},"properties":{"name":"B座","height":0,"kind":"unknown","label":"缺少可用高度；仅展示轮廓"}},{"type":"Feature","id":"way/1444096980","geometry":{"type":"MultiPolygon","coordinates":[[[[113.8877752,22.5657044],[113.8881134,22.5653717],[113.8882226,22.5654663],[113.8879799,22.565705],[113.8881166,22.5658235],[113.8880211,22.5659175],[113.8877752,22.5657044]]]]},"properties":{"name":"A座","height":0,"kind":"unknown","label":"缺少可用高度；仅展示轮廓"}},{"type":"Feature","id":"way/1444096982","geometry":{"type":"MultiPolygon","coordinates":[[[[113.8886127,22.5663882],[113.888934,22.5660721],[113.8890283,22.5661539],[113.888707,22.5664699],[113.8886127,22.5663882]]]]},"properties":{"name":"way/1444096982","height":0,"kind":"unknown","label":"缺少可用高度；仅展示轮廓"}},{"type":"Feature","id":"way/1444106395","geometry":{"type":"MultiPolygon","coordinates":[[[[113.884924,22.5698281],[113.8852551,22.569499],[113.8853897,22.5696145],[113.8850586,22.5699435],[113.884924,22.5698281]]]]},"properties":{"name":"way/1444106395","height":0,"kind":"unknown","label":"缺少可用高度；仅展示轮廓"}},{"type":"Feature","id":"way/1444106396","geometry":{"type":"MultiPolygon","coordinates":[[[[113.8848014,22.5699392],[113.8848997,22.5698416],[113.8850918,22.5700064],[113.8849935,22.5701041],[113.8848014,22.5699392]]]]},"properties":{"name":"way/1444106396","height":0,"kind":"unknown","label":"缺少可用高度；仅展示轮廓"}},{"type":"Feature","id":"way/1444106399","geometry":{"type":"MultiPolygon","coordinates":[[[[113.884052,22.5694776],[113.8844349,22.5691149],[113.8845007,22.5691741],[113.8845828,22.5690963],[113.8845662,22.569072],[113.8845549,22.5690451],[113.8845494,22.5690168],[113.8845497,22.568988],[113.884556,22.5689598],[113.884568,22.5689332],[113.8845852,22.5689092],[113.8850679,22.5693438],[113.8849934,22.5694144],[113.884649,22.5691043],[113.8845003,22.5692451],[113.8844805,22.5692272],[113.8841361,22.5695533],[113.884052,22.5694776]]]]},"properties":{"name":"way/1444106399","height":0,"kind":"unknown","label":"缺少可用高度；仅展示轮廓"}},{"type":"Feature","id":"way/1444106400","geometry":{"type":"MultiPolygon","coordinates":[[[[113.8837831,22.5696814],[113.8838515,22.5696166],[113.8840831,22.5698251],[113.8840147,22.5698899],[113.8837831,22.5696814]]]]},"properties":{"name":"way/1444106400","height":0,"kind":"unknown","label":"缺少可用高度；仅展示轮廓"}},{"type":"Feature","id":"way/1444106407","geometry":{"type":"MultiPolygon","coordinates":[[[[113.8886285,22.5699799],[113.8886894,22.5699211],[113.8887808,22.5700018],[113.8887199,22.5700606],[113.8886285,22.5699799]]]]},"properties":{"name":"way/1444106407","height":0,"kind":"unknown","label":"缺少可用高度；仅展示轮廓"}},{"type":"Feature","id":"way/1444106408","geometry":{"type":"MultiPolygon","coordinates":[[[[113.8887163,22.5698952],[113.8887772,22.5698364],[113.8888686,22.5699171],[113.8888077,22.5699759],[113.8887163,22.5698952]]]]},"properties":{"name":"way/1444106408","height":0,"kind":"unknown","label":"缺少可用高度；仅展示轮廓"}},{"type":"Feature","id":"way/1444106409","geometry":{"type":"MultiPolygon","coordinates":[[[[113.8885407,22.5700647],[113.8886016,22.5700059],[113.888693,22.5700866],[113.8886321,22.5701454],[113.8885407,22.5700647]]]]},"properties":{"name":"way/1444106409","height":0,"kind":"unknown","label":"缺少可用高度；仅展示轮廓"}},{"type":"Feature","id":"way/1444106410","geometry":{"type":"MultiPolygon","coordinates":[[[[113.888427,22.5701746],[113.8885138,22.5700907],[113.8886052,22.5701714],[113.8885185,22.5702552],[113.888427,22.5701746]]]]},"properties":{"name":"way/1444106410","height":0,"kind":"unknown","label":"缺少可用高度；仅展示轮廓"}},{"type":"Feature","id":"way/1444106412","geometry":{"type":"MultiPolygon","coordinates":[[[[113.8886766,22.5696956],[113.8887375,22.5696368],[113.8888289,22.5697175],[113.888768,22.5697763],[113.8886766,22.5696956]]]]},"properties":{"name":"way/1444106412","height":0,"kind":"unknown","label":"缺少可用高度；仅展示轮廓"}},{"type":"Feature","id":"way/1444106413","geometry":{"type":"MultiPolygon","coordinates":[[[[113.888501,22.5698651],[113.8885619,22.5698063],[113.8886533,22.569887],[113.8885924,22.5699458],[113.888501,22.5698651]]]]},"properties":{"name":"way/1444106413","height":0,"kind":"unknown","label":"缺少可用高度；仅展示轮廓"}},{"type":"Feature","id":"way/1444106414","geometry":{"type":"MultiPolygon","coordinates":[[[[113.8885888,22.5697804],[113.8886497,22.5697216],[113.8887411,22.5698023],[113.8886802,22.5698611],[113.8885888,22.5697804]]]]},"properties":{"name":"way/1444106414","height":0,"kind":"unknown","label":"缺少可用高度；仅展示轮廓"}},{"type":"Feature","id":"way/1444106415","geometry":{"type":"MultiPolygon","coordinates":[[[[113.8884132,22.5699499],[113.8884741,22.5698911],[113.8885655,22.5699718],[113.8885046,22.5700306],[113.8884132,22.5699499]]]]},"properties":{"name":"way/1444106415","height":0,"kind":"unknown","label":"缺少可用高度；仅展示轮廓"}},{"type":"Feature","id":"way/1444106416","geometry":{"type":"MultiPolygon","coordinates":[[[[113.8882982,22.570061],[113.8883862,22.5699759],[113.8884777,22.5700566],[113.8883897,22.5701417],[113.8882982,22.570061]]]]},"properties":{"name":"way/1444106416","height":0,"kind":"unknown","label":"缺少可用高度；仅展示轮廓"}},{"type":"Feature","id":"way/1444106423","geometry":{"type":"MultiPolygon","coordinates":[[[[113.8879682,22.5708944],[113.888395,22.57048],[113.888486,22.5705599],[113.8880591,22.5709742],[113.8879682,22.5708944]]]]},"properties":{"name":"way/1444106423","height":0,"kind":"unknown","label":"缺少可用高度；仅展示轮廓"}},{"type":"Feature","id":"way/1444106424","geometry":{"type":"MultiPolygon","coordinates":[[[[113.8877163,22.570648],[113.8882293,22.5701499],[113.8884039,22.5703032],[113.8878908,22.5708013],[113.8877163,22.570648]]]]},"properties":{"name":"way/1444106424","height":0,"kind":"unknown","label":"缺少可用高度；仅展示轮廓"}},{"type":"Feature","id":"way/1444106425","geometry":{"type":"MultiPolygon","coordinates":[[[[113.8873177,22.5713894],[113.8878089,22.5709154],[113.8879043,22.5709997],[113.8873916,22.5714548],[113.8873177,22.5713894]]]]},"properties":{"name":"way/1444106425","height":0,"kind":"unknown","label":"缺少可用高度；仅展示轮廓"}},{"type":"Feature","id":"way/1444106426","geometry":{"type":"MultiPolygon","coordinates":[[[[113.887093,22.5712531],[113.8876135,22.5707478],[113.8877495,22.5708672],[113.887229,22.5713725],[113.887093,22.5712531]]]]},"properties":{"name":"way/1444106426","height":0,"kind":"unknown","label":"缺少可用高度；仅展示轮廓"}},{"type":"Feature","id":"way/1444106427","geometry":{"type":"MultiPolygon","coordinates":[[[[113.8865097,22.5717998],[113.8870088,22.5713181],[113.8871773,22.571467],[113.8866782,22.5719487],[113.8865097,22.5717998]]]]},"properties":{"name":"way/1444106427","height":0,"kind":"unknown","label":"缺少可用高度；仅展示轮廓"}},{"type":"Feature","id":"way/1444106428","geometry":{"type":"MultiPolygon","coordinates":[[[[113.8864355,22.5691087],[113.8866271,22.5689206],[113.8869047,22.5691618],[113.8867515,22.5693121],[113.8866634,22.5692355],[113.8867193,22.5691806],[113.8866316,22.5691044],[113.8865373,22.5691971],[113.8864355,22.5691087]]]]},"properties":{"name":"way/1444106428","height":0,"kind":"unknown","label":"缺少可用高度；仅展示轮廓"}},{"type":"Feature","id":"way/1444106429","geometry":{"type":"MultiPolygon","coordinates":[[[[113.8866201,22.569657],[113.8870285,22.569256],[113.8871454,22.5693575],[113.886737,22.5697585],[113.8866201,22.569657]]]]},"properties":{"name":"way/1444106429","height":0,"kind":"unknown","label":"缺少可用高度；仅展示轮廓"}},{"type":"Feature","id":"way/1444106430","geometry":{"type":"MultiPolygon","coordinates":[[[[113.8862352,22.5693262],[113.8863613,22.5692024],[113.886643,22.5694471],[113.8865168,22.5695709],[113.8862352,22.5693262]]]]},"properties":{"name":"way/1444106430","height":0,"kind":"unknown","label":"缺少可用高度；仅展示轮廓"}},{"type":"Feature","id":"way/1444106431","geometry":{"type":"MultiPolygon","coordinates":[[[[113.8851551,22.57186],[113.8852315,22.571787],[113.8854005,22.571938],[113.8853241,22.5720109],[113.8851551,22.57186]]]]},"properties":{"name":"way/1444106431","height":0,"kind":"unknown","label":"缺少可用高度；仅展示轮廓"}},{"type":"Feature","id":"way/1444106445","geometry":{"type":"MultiPolygon","coordinates":[[[[113.8860331,22.5718548],[113.8861562,22.5717373],[113.8862827,22.5718503],[113.8861596,22.5719678],[113.8860331,22.5718548]]]]},"properties":{"name":"way/1444106445","height":0,"kind":"unknown","label":"缺少可用高度；仅展示轮廓"}},{"type":"Feature","id":"way/1444106454","geometry":{"type":"MultiPolygon","coordinates":[[[[113.8836853,22.5699305],[113.8837545,22.5698621],[113.8838519,22.569946],[113.8837827,22.5700145],[113.8836853,22.5699305]]]]},"properties":{"name":"way/1444106454","height":0,"kind":"unknown","label":"缺少可用高度；仅展示轮廓"}},{"type":"Feature","id":"way/1444106455","geometry":{"type":"MultiPolygon","coordinates":[[[[113.8833581,22.5702508],[113.8834273,22.5701824],[113.8835247,22.5702664],[113.8834555,22.5703348],[113.8833581,22.5702508]]]]},"properties":{"name":"way/1444106455","height":0,"kind":"unknown","label":"缺少可用高度；仅展示轮廓"}},{"type":"Feature","id":"way/1444106456","geometry":{"type":"MultiPolygon","coordinates":[[[[113.8834482,22.5701617],[113.8835174,22.5700933],[113.8836148,22.5701772],[113.8835456,22.5702457],[113.8834482,22.5701617]]]]},"properties":{"name":"way/1444106456","height":0,"kind":"unknown","label":"缺少可用高度；仅展示轮廓"}},{"type":"Feature","id":"way/1444106457","geometry":{"type":"MultiPolygon","coordinates":[[[[113.8833859,22.5699796],[113.8834551,22.5699112],[113.8835525,22.5699951],[113.8834833,22.5700636],[113.8833859,22.5699796]]]]},"properties":{"name":"way/1444106457","height":0,"kind":"unknown","label":"缺少可用高度；仅展示轮廓"}},{"type":"Feature","id":"way/1444106458","geometry":{"type":"MultiPolygon","coordinates":[[[[113.8831575,22.5702056],[113.8832266,22.5701372],[113.883324,22.5702211],[113.8832549,22.5702896],[113.8831575,22.5702056]]]]},"properties":{"name":"way/1444106458","height":0,"kind":"unknown","label":"缺少可用高度；仅展示轮廓"}},{"type":"Feature","id":"way/1444106459","geometry":{"type":"MultiPolygon","coordinates":[[[[113.8828389,22.5705207],[113.8829081,22.5704522],[113.8830055,22.5705362],[113.8829363,22.5706046],[113.8828389,22.5705207]]]]},"properties":{"name":"way/1444106459","height":0,"kind":"unknown","label":"缺少可用高度；仅展示轮廓"}},{"type":"Feature","id":"way/1444106460","geometry":{"type":"MultiPolygon","coordinates":[[[[113.8834847,22.5698852],[113.8835538,22.5698168],[113.8836512,22.5699008],[113.8835821,22.5699692],[113.8834847,22.5698852]]]]},"properties":{"name":"way/1444106460","height":0,"kind":"unknown","label":"缺少可用高度；仅展示轮廓"}},{"type":"Feature","id":"way/1444106461","geometry":{"type":"MultiPolygon","coordinates":[[[[113.8829982,22.5703631],[113.8830674,22.5702947],[113.8831648,22.5703786],[113.8830956,22.5704471],[113.8829982,22.5703631]]]]},"properties":{"name":"way/1444106461","height":0,"kind":"unknown","label":"缺少可用高度；仅展示轮廓"}},{"type":"Feature","id":"way/1444106462","geometry":{"type":"MultiPolygon","coordinates":[[[[113.8830674,22.5702947],[113.8831365,22.5702262],[113.8832339,22.5703102],[113.8831648,22.5703786],[113.8830674,22.5702947]]]]},"properties":{"name":"way/1444106462","height":0,"kind":"unknown","label":"缺少可用高度；仅展示轮廓"}},{"type":"Feature","id":"way/1444106463","geometry":{"type":"MultiPolygon","coordinates":[[[[113.8829081,22.5704522],[113.8829773,22.5703838],[113.8830747,22.5704678],[113.8830055,22.5705362],[113.8829081,22.5704522]]]]},"properties":{"name":"way/1444106463","height":0,"kind":"unknown","label":"缺少可用高度；仅展示轮廓"}},{"type":"Feature","id":"way/1444106464","geometry":{"type":"MultiPolygon","coordinates":[[[[113.8835538,22.5698168],[113.883623,22.5697484],[113.8837204,22.5698324],[113.8836512,22.5699008],[113.8835538,22.5698168]]]]},"properties":{"name":"way/1444106464","height":0,"kind":"unknown","label":"缺少可用高度；仅展示轮廓"}},{"type":"Feature","id":"way/1444106465","geometry":{"type":"MultiPolygon","coordinates":[[[[113.8832266,22.5701372],[113.8832958,22.5700687],[113.8833932,22.5701527],[113.883324,22.5702211],[113.8832266,22.5701372]]]]},"properties":{"name":"way/1444106465","height":0,"kind":"unknown","label":"缺少可用高度；仅展示轮廓"}},{"type":"Feature","id":"way/1444106466","geometry":{"type":"MultiPolygon","coordinates":[[[[113.8833167,22.570048],[113.8833859,22.5699796],[113.8834833,22.5700636],[113.8834141,22.570132],[113.8833167,22.570048]]]]},"properties":{"name":"way/1444106466","height":0,"kind":"unknown","label":"缺少可用高度；仅展示轮廓"}},{"type":"Feature","id":"way/1444106467","geometry":{"type":"MultiPolygon","coordinates":[[[[113.8835174,22.5700933],[113.8835866,22.5700248],[113.883684,22.5701088],[113.8836148,22.5701772],[113.8835174,22.5700933]]]]},"properties":{"name":"way/1444106467","height":0,"kind":"unknown","label":"缺少可用高度；仅展示轮廓"}},{"type":"Feature","id":"way/1444106468","geometry":{"type":"MultiPolygon","coordinates":[[[[113.8832889,22.5703193],[113.8833581,22.5702508],[113.8834555,22.5703348],[113.8833863,22.5704032],[113.8832889,22.5703193]]]]},"properties":{"name":"way/1444106468","height":0,"kind":"unknown","label":"缺少可用高度；仅展示轮廓"}},{"type":"Feature","id":"way/1444106469","geometry":{"type":"MultiPolygon","coordinates":[[[[113.8829704,22.5706343],[113.8830396,22.5705659],[113.883137,22.5706499],[113.8830678,22.5707183],[113.8829704,22.5706343]]]]},"properties":{"name":"way/1444106469","height":0,"kind":"unknown","label":"缺少可用高度；仅展示轮廓"}},{"type":"Feature","id":"way/1444106470","geometry":{"type":"MultiPolygon","coordinates":[[[[113.8836161,22.5699989],[113.8836853,22.5699305],[113.8837827,22.5700145],[113.8837135,22.5700829],[113.8836161,22.5699989]]]]},"properties":{"name":"way/1444106470","height":0,"kind":"unknown","label":"缺少可用高度；仅展示轮廓"}},{"type":"Feature","id":"way/1444106471","geometry":{"type":"MultiPolygon","coordinates":[[[[113.8831296,22.5704768],[113.8831988,22.5704083],[113.8832962,22.5704923],[113.883227,22.5705607],[113.8831296,22.5704768]]]]},"properties":{"name":"way/1444106471","height":0,"kind":"unknown","label":"缺少可用高度；仅展示轮廓"}},{"type":"Feature","id":"way/1444106472","geometry":{"type":"MultiPolygon","coordinates":[[[[113.8831988,22.5704083],[113.883268,22.5703399],[113.8833654,22.5704239],[113.8832962,22.5704923],[113.8831988,22.5704083]]]]},"properties":{"name":"way/1444106472","height":0,"kind":"unknown","label":"缺少可用高度；仅展示轮廓"}},{"type":"Feature","id":"way/1444106473","geometry":{"type":"MultiPolygon","coordinates":[[[[113.8830396,22.5705659],[113.8831087,22.5704975],[113.8832061,22.5705814],[113.883137,22.5706499],[113.8830396,22.5705659]]]]},"properties":{"name":"way/1444106473","height":0,"kind":"unknown","label":"缺少可用高度；仅展示轮廓"}},{"type":"Feature","id":"way/1444106474","geometry":{"type":"MultiPolygon","coordinates":[[[[113.8839132,22.5704341],[113.8839824,22.5703657],[113.8840798,22.5704496],[113.8840106,22.5705181],[113.8839132,22.5704341]]]]},"properties":{"name":"way/1444106474","height":0,"kind":"unknown","label":"缺少可用高度；仅展示轮廓"}},{"type":"Feature","id":"way/1444106475","geometry":{"type":"MultiPolygon","coordinates":[[[[113.8836847,22.5706601],[113.8837539,22.5705917],[113.8838513,22.5706756],[113.8837821,22.5707441],[113.8836847,22.5706601]]]]},"properties":{"name":"way/1444106475","height":0,"kind":"unknown","label":"缺少可用高度；仅展示轮廓"}},{"type":"Feature","id":"way/1444106476","geometry":{"type":"MultiPolygon","coordinates":[[[[113.8840119,22.5703398],[113.8840811,22.5702713],[113.8841785,22.5703553],[113.8841093,22.5704237],[113.8840119,22.5703398]]]]},"properties":{"name":"way/1444106476","height":0,"kind":"unknown","label":"缺少可用高度；仅展示轮廓"}},{"type":"Feature","id":"way/1444106477","geometry":{"type":"MultiPolygon","coordinates":[[[[113.8833661,22.5709752],[113.8834353,22.5709067],[113.8835327,22.5709907],[113.8834635,22.5710591],[113.8833661,22.5709752]]]]},"properties":{"name":"way/1444106477","height":0,"kind":"unknown","label":"缺少可用高度；仅展示轮廓"}},{"type":"Feature","id":"way/1444106478","geometry":{"type":"MultiPolygon","coordinates":[[[[113.8835254,22.5708176],[113.8835946,22.5707492],[113.883692,22.5708331],[113.8836228,22.5709016],[113.8835254,22.5708176]]]]},"properties":{"name":"way/1444106478","height":0,"kind":"unknown","label":"缺少可用高度；仅展示轮廓"}},{"type":"Feature","id":"way/1444106479","geometry":{"type":"MultiPolygon","coordinates":[[[[113.8835946,22.5707492],[113.8836638,22.5706807],[113.8837612,22.5707647],[113.883692,22.5708331],[113.8835946,22.5707492]]]]},"properties":{"name":"way/1444106479","height":0,"kind":"unknown","label":"缺少可用高度；仅展示轮廓"}},{"type":"Feature","id":"way/1444106480","geometry":{"type":"MultiPolygon","coordinates":[[[[113.8840811,22.5702713],[113.8841503,22.5702029],[113.8842477,22.5702869],[113.8841785,22.5703553],[113.8840811,22.5702713]]]]},"properties":{"name":"way/1444106480","height":0,"kind":"unknown","label":"缺少可用高度；仅展示轮廓"}},{"type":"Feature","id":"way/1444106481","geometry":{"type":"MultiPolygon","coordinates":[[[[113.8834353,22.5709067],[113.8835045,22.5708383],[113.8836019,22.5709223],[113.8835327,22.5709907],[113.8834353,22.5709067]]]]},"properties":{"name":"way/1444106481","height":0,"kind":"unknown","label":"缺少可用高度；仅展示轮廓"}},{"type":"Feature","id":"way/1444106482","geometry":{"type":"MultiPolygon","coordinates":[[[[113.8837539,22.5705917],[113.8838231,22.5705232],[113.8839205,22.5706072],[113.8838513,22.5706756],[113.8837539,22.5705917]]]]},"properties":{"name":"way/1444106482","height":0,"kind":"unknown","label":"缺少可用高度；仅展示轮廓"}},{"type":"Feature","id":"way/1444106483","geometry":{"type":"MultiPolygon","coordinates":[[[[113.883844,22.5705025],[113.8839132,22.5704341],[113.8840106,22.5705181],[113.8839414,22.5705865],[113.883844,22.5705025]]]]},"properties":{"name":"way/1444106483","height":0,"kind":"unknown","label":"缺少可用高度；仅展示轮廓"}},{"type":"Feature","id":"way/1444106484","geometry":{"type":"MultiPolygon","coordinates":[[[[113.8836496,22.5702069],[113.8837188,22.5701384],[113.8838162,22.5702224],[113.883747,22.5702908],[113.8836496,22.5702069]]]]},"properties":{"name":"way/1444106484","height":0,"kind":"unknown","label":"缺少可用高度；仅展示轮廓"}},{"type":"Feature","id":"way/1444106485","geometry":{"type":"MultiPolygon","coordinates":[[[[113.8834211,22.5704329],[113.8834903,22.5703644],[113.8835877,22.5704484],[113.8835185,22.5705168],[113.8834211,22.5704329]]]]},"properties":{"name":"way/1444106485","height":0,"kind":"unknown","label":"缺少可用高度；仅展示轮廓"}},{"type":"Feature","id":"way/1444106486","geometry":{"type":"MultiPolygon","coordinates":[[[[113.8831025,22.5707479],[113.8831717,22.5706795],[113.8832691,22.5707635],[113.8831999,22.5708319],[113.8831025,22.5707479]]]]},"properties":{"name":"way/1444106486","height":0,"kind":"unknown","label":"缺少可用高度；仅展示轮廓"}},{"type":"Feature","id":"way/1444106487","geometry":{"type":"MultiPolygon","coordinates":[[[[113.8837483,22.5701125],[113.8838175,22.5700441],[113.8839149,22.5701281],[113.8838457,22.5701965],[113.8837483,22.5701125]]]]},"properties":{"name":"way/1444106487","height":0,"kind":"unknown","label":"缺少可用高度；仅展示轮廓"}},{"type":"Feature","id":"way/1444106488","geometry":{"type":"MultiPolygon","coordinates":[[[[113.8832618,22.5705904],[113.883331,22.5705219],[113.8834284,22.5706059],[113.8833592,22.5706743],[113.8832618,22.5705904]]]]},"properties":{"name":"way/1444106488","height":0,"kind":"unknown","label":"缺少可用高度；仅展示轮廓"}},{"type":"Feature","id":"way/1444106489","geometry":{"type":"MultiPolygon","coordinates":[[[[113.883331,22.5705219],[113.8834002,22.5704535],[113.8834976,22.5705375],[113.8834284,22.5706059],[113.883331,22.5705219]]]]},"properties":{"name":"way/1444106489","height":0,"kind":"unknown","label":"缺少可用高度；仅展示轮廓"}},{"type":"Feature","id":"way/1444106490","geometry":{"type":"MultiPolygon","coordinates":[[[[113.8831717,22.5706795],[113.8832409,22.5706111],[113.8833383,22.570695],[113.8832691,22.5707635],[113.8831717,22.5706795]]]]},"properties":{"name":"way/1444106490","height":0,"kind":"unknown","label":"缺少可用高度；仅展示轮廓"}},{"type":"Feature","id":"way/1444106491","geometry":{"type":"MultiPolygon","coordinates":[[[[113.8838175,22.5700441],[113.8838867,22.5699757],[113.8839841,22.5700596],[113.8839149,22.5701281],[113.8838175,22.5700441]]]]},"properties":{"name":"way/1444106491","height":0,"kind":"unknown","label":"缺少可用高度；仅展示轮廓"}},{"type":"Feature","id":"way/1444106492","geometry":{"type":"MultiPolygon","coordinates":[[[[113.8834903,22.5703644],[113.8835595,22.570296],[113.8836569,22.57038],[113.8835877,22.5704484],[113.8834903,22.5703644]]]]},"properties":{"name":"way/1444106492","height":0,"kind":"unknown","label":"缺少可用高度；仅展示轮廓"}},{"type":"Feature","id":"way/1444106493","geometry":{"type":"MultiPolygon","coordinates":[[[[113.8835804,22.5702753],[113.8836496,22.5702069],[113.883747,22.5702908],[113.8836778,22.5703593],[113.8835804,22.5702753]]]]},"properties":{"name":"way/1444106493","height":0,"kind":"unknown","label":"缺少可用高度；仅展示轮廓"}},{"type":"Feature","id":"way/1444106494","geometry":{"type":"MultiPolygon","coordinates":[[[[113.883781,22.5703205],[113.8838502,22.5702521],[113.8839476,22.5703361],[113.8838784,22.5704045],[113.883781,22.5703205]]]]},"properties":{"name":"way/1444106494","height":0,"kind":"unknown","label":"缺少可用高度；仅展示轮廓"}},{"type":"Feature","id":"way/1444106495","geometry":{"type":"MultiPolygon","coordinates":[[[[113.8835526,22.5705465],[113.8836218,22.5704781],[113.8837192,22.5705621],[113.88365,22.5706305],[113.8835526,22.5705465]]]]},"properties":{"name":"way/1444106495","height":0,"kind":"unknown","label":"缺少可用高度；仅展示轮廓"}},{"type":"Feature","id":"way/1444106496","geometry":{"type":"MultiPolygon","coordinates":[[[[113.883234,22.5708616],[113.8833032,22.5707932],[113.8834006,22.5708771],[113.8833314,22.5709456],[113.883234,22.5708616]]]]},"properties":{"name":"way/1444106496","height":0,"kind":"unknown","label":"缺少可用高度；仅展示轮廓"}},{"type":"Feature","id":"way/1444106497","geometry":{"type":"MultiPolygon","coordinates":[[[[113.8838798,22.5702262],[113.883949,22.5701578],[113.8840464,22.5702417],[113.8839772,22.5703102],[113.8838798,22.5702262]]]]},"properties":{"name":"way/1444106497","height":0,"kind":"unknown","label":"缺少可用高度；仅展示轮廓"}},{"type":"Feature","id":"way/1444106498","geometry":{"type":"MultiPolygon","coordinates":[[[[113.8833933,22.570704],[113.8834625,22.5706356],[113.8835599,22.5707196],[113.8834907,22.570788],[113.8833933,22.570704]]]]},"properties":{"name":"way/1444106498","height":0,"kind":"unknown","label":"缺少可用高度；仅展示轮廓"}},{"type":"Feature","id":"way/1444106499","geometry":{"type":"MultiPolygon","coordinates":[[[[113.8834625,22.5706356],[113.8835317,22.5705672],[113.8836291,22.5706511],[113.8835599,22.5707196],[113.8834625,22.5706356]]]]},"properties":{"name":"way/1444106499","height":0,"kind":"unknown","label":"缺少可用高度；仅展示轮廓"}},{"type":"Feature","id":"way/1444106500","geometry":{"type":"MultiPolygon","coordinates":[[[[113.8833032,22.5707932],[113.8833724,22.5707247],[113.8834698,22.5708087],[113.8834006,22.5708771],[113.8833032,22.5707932]]]]},"properties":{"name":"way/1444106500","height":0,"kind":"unknown","label":"缺少可用高度；仅展示轮廓"}},{"type":"Feature","id":"way/1444106501","geometry":{"type":"MultiPolygon","coordinates":[[[[113.883949,22.5701578],[113.8840181,22.5700893],[113.8841155,22.5701733],[113.8840464,22.5702417],[113.883949,22.5701578]]]]},"properties":{"name":"way/1444106501","height":0,"kind":"unknown","label":"缺少可用高度；仅展示轮廓"}},{"type":"Feature","id":"way/1444106502","geometry":{"type":"MultiPolygon","coordinates":[[[[113.8836218,22.5704781],[113.883691,22.5704097],[113.8837884,22.5704936],[113.8837192,22.5705621],[113.8836218,22.5704781]]]]},"properties":{"name":"way/1444106502","height":0,"kind":"unknown","label":"缺少可用高度；仅展示轮廓"}},{"type":"Feature","id":"way/1444106503","geometry":{"type":"MultiPolygon","coordinates":[[[[113.8837119,22.570389],[113.883781,22.5703205],[113.8838784,22.5704045],[113.8838093,22.5704729],[113.8837119,22.570389]]]]},"properties":{"name":"way/1444106503","height":0,"kind":"unknown","label":"缺少可用高度；仅展示轮廓"}},{"type":"Feature","id":"way/1444106505","geometry":{"type":"MultiPolygon","coordinates":[[[[113.8843797,22.5703614],[113.8844506,22.5702913],[113.8846842,22.5704926],[113.8846132,22.5705628],[113.8843797,22.5703614]]]]},"properties":{"name":"way/1444106505","height":0,"kind":"unknown","label":"缺少可用高度；仅展示轮廓"}},{"type":"Feature","id":"way/1444106506","geometry":{"type":"MultiPolygon","coordinates":[[[[113.8845855,22.5706616],[113.8846547,22.5705931],[113.8847521,22.5706771],[113.8846829,22.5707455],[113.8845855,22.5706616]]]]},"properties":{"name":"way/1444106506","height":0,"kind":"unknown","label":"缺少可用高度；仅展示轮廓"}},{"type":"Feature","id":"way/1444106507","geometry":{"type":"MultiPolygon","coordinates":[[[[113.8846547,22.5705931],[113.8847239,22.5705247],[113.8848213,22.5706087],[113.8847521,22.5706771],[113.8846547,22.5705931]]]]},"properties":{"name":"way/1444106507","height":0,"kind":"unknown","label":"缺少可用高度；仅展示轮廓"}},{"type":"Feature","id":"way/1444106508","geometry":{"type":"MultiPolygon","coordinates":[[[[113.8840263,22.5709664],[113.8840955,22.570898],[113.8841929,22.570982],[113.8841237,22.5710504],[113.8840263,22.5709664]]]]},"properties":{"name":"way/1444106508","height":0,"kind":"unknown","label":"缺少可用高度；仅展示轮廓"}},{"type":"Feature","id":"way/1444106509","geometry":{"type":"MultiPolygon","coordinates":[[[[113.8841856,22.5708089],[113.8842548,22.5707404],[113.8843522,22.5708244],[113.884283,22.5708928],[113.8841856,22.5708089]]]]},"properties":{"name":"way/1444106509","height":0,"kind":"unknown","label":"缺少可用高度；仅展示轮廓"}},{"type":"Feature","id":"way/1444106510","geometry":{"type":"MultiPolygon","coordinates":[[[[113.8842548,22.5707404],[113.884324,22.570672],[113.8844214,22.570756],[113.8843522,22.5708244],[113.8842548,22.5707404]]]]},"properties":{"name":"way/1444106510","height":0,"kind":"unknown","label":"缺少可用高度；仅展示轮廓"}},{"type":"Feature","id":"way/1444106511","geometry":{"type":"MultiPolygon","coordinates":[[[[113.8840955,22.570898],[113.8841647,22.5708296],[113.8842621,22.5709135],[113.8841929,22.570982],[113.8840955,22.570898]]]]},"properties":{"name":"way/1444106511","height":0,"kind":"unknown","label":"缺少可用高度；仅展示轮廓"}},{"type":"Feature","id":"way/1444106512","geometry":{"type":"MultiPolygon","coordinates":[[[[113.8844141,22.5705829],[113.8844832,22.5705145],[113.8845806,22.5705985],[113.8845115,22.5706669],[113.8844141,22.5705829]]]]},"properties":{"name":"way/1444106512","height":0,"kind":"unknown","label":"缺少可用高度；仅展示轮廓"}},{"type":"Feature","id":"way/1444106513","geometry":{"type":"MultiPolygon","coordinates":[[[[113.884477,22.5707649],[113.8845462,22.5706965],[113.8846436,22.5707805],[113.8845744,22.5708489],[113.884477,22.5707649]]]]},"properties":{"name":"way/1444106513","height":0,"kind":"unknown","label":"缺少可用高度；仅展示轮廓"}},{"type":"Feature","id":"way/1444106514","geometry":{"type":"MultiPolygon","coordinates":[[[[113.8841584,22.57108],[113.8842276,22.5710116],[113.884325,22.5710955],[113.8842558,22.571164],[113.8841584,22.57108]]]]},"properties":{"name":"way/1444106514","height":0,"kind":"unknown","label":"缺少可用高度；仅展示轮廓"}},{"type":"Feature","id":"way/1444106515","geometry":{"type":"MultiPolygon","coordinates":[[[[113.8843177,22.5709224],[113.8843869,22.570854],[113.8844843,22.570938],[113.8844151,22.5710064],[113.8843177,22.5709224]]]]},"properties":{"name":"way/1444106515","height":0,"kind":"unknown","label":"缺少可用高度；仅展示轮廓"}},{"type":"Feature","id":"way/1444106516","geometry":{"type":"MultiPolygon","coordinates":[[[[113.8843869,22.570854],[113.8844561,22.5707856],[113.8845535,22.5708695],[113.8844843,22.570938],[113.8843869,22.570854]]]]},"properties":{"name":"way/1444106516","height":0,"kind":"unknown","label":"缺少可用高度；仅展示轮廓"}},{"type":"Feature","id":"way/1444106517","geometry":{"type":"MultiPolygon","coordinates":[[[[113.8842276,22.5710116],[113.8842968,22.5709431],[113.8843942,22.5710271],[113.884325,22.5710955],[113.8842276,22.5710116]]]]},"properties":{"name":"way/1444106517","height":0,"kind":"unknown","label":"缺少可用高度；仅展示轮廓"}},{"type":"Feature","id":"way/1444106518","geometry":{"type":"MultiPolygon","coordinates":[[[[113.8842134,22.5705377],[113.8842826,22.5704693],[113.88438,22.5705532],[113.8843108,22.5706217],[113.8842134,22.5705377]]]]},"properties":{"name":"way/1444106518","height":0,"kind":"unknown","label":"缺少可用高度；仅展示轮廓"}},{"type":"Feature","id":"way/1444106519","geometry":{"type":"MultiPolygon","coordinates":[[[[113.8838948,22.5708528],[113.883964,22.5707843],[113.8840614,22.5708683],[113.8839922,22.5709367],[113.8838948,22.5708528]]]]},"properties":{"name":"way/1444106519","height":0,"kind":"unknown","label":"缺少可用高度；仅展示轮廓"}},{"type":"Feature","id":"way/1444106520","geometry":{"type":"MultiPolygon","coordinates":[[[[113.8840541,22.5706952],[113.8841233,22.5706268],[113.8842207,22.5707107],[113.8841515,22.5707792],[113.8840541,22.5706952]]]]},"properties":{"name":"way/1444106520","height":0,"kind":"unknown","label":"缺少可用高度；仅展示轮廓"}},{"type":"Feature","id":"way/1444106521","geometry":{"type":"MultiPolygon","coordinates":[[[[113.8841233,22.5706268],[113.8841925,22.5705583],[113.8842899,22.5706423],[113.8842207,22.5707107],[113.8841233,22.5706268]]]]},"properties":{"name":"way/1444106521","height":0,"kind":"unknown","label":"缺少可用高度；仅展示轮廓"}},{"type":"Feature","id":"way/1444106522","geometry":{"type":"MultiPolygon","coordinates":[[[[113.883964,22.5707843],[113.8840332,22.5707159],[113.8841306,22.5707999],[113.8840614,22.5708683],[113.883964,22.5707843]]]]},"properties":{"name":"way/1444106522","height":0,"kind":"unknown","label":"缺少可用高度；仅展示轮廓"}},{"type":"Feature","id":"way/1444106523","geometry":{"type":"MultiPolygon","coordinates":[[[[113.8842826,22.5704693],[113.8843518,22.5704008],[113.8844492,22.5704848],[113.88438,22.5705532],[113.8842826,22.5704693]]]]},"properties":{"name":"way/1444106523","height":0,"kind":"unknown","label":"缺少可用高度；仅展示轮廓"}},{"type":"Feature","id":"way/1444106524","geometry":{"type":"MultiPolygon","coordinates":[[[[113.8843449,22.5706514],[113.8844141,22.5705829],[113.8845115,22.5706669],[113.8844423,22.5707353],[113.8843449,22.5706514]]]]},"properties":{"name":"way/1444106524","height":0,"kind":"unknown","label":"缺少可用高度；仅展示轮廓"}},{"type":"Feature","id":"way/1444106525","geometry":{"type":"MultiPolygon","coordinates":[[[[113.8836798,22.5710566],[113.883749,22.5709881],[113.8838464,22.5710721],[113.8837772,22.5711405],[113.8836798,22.5710566]]]]},"properties":{"name":"way/1444106525","height":0,"kind":"unknown","label":"缺少可用高度；仅展示轮廓"}},{"type":"Feature","id":"way/1444106526","geometry":{"type":"MultiPolygon","coordinates":[[[[113.8838113,22.5711702],[113.8838805,22.5711018],[113.8839779,22.5711858],[113.8839087,22.5712542],[113.8838113,22.5711702]]]]},"properties":{"name":"way/1444106526","height":0,"kind":"unknown","label":"缺少可用高度；仅展示轮廓"}},{"type":"Feature","id":"way/1444106527","geometry":{"type":"MultiPolygon","coordinates":[[[[113.883749,22.5709881],[113.8838182,22.5709197],[113.8839156,22.5710037],[113.8838464,22.5710721],[113.883749,22.5709881]]]]},"properties":{"name":"way/1444106527","height":0,"kind":"unknown","label":"缺少可用高度；仅展示轮廓"}},{"type":"Feature","id":"way/1444106528","geometry":{"type":"MultiPolygon","coordinates":[[[[113.8838805,22.5711018],[113.8839497,22.5710334],[113.8840471,22.5711173],[113.8839779,22.5711858],[113.8838805,22.5711018]]]]},"properties":{"name":"way/1444106528","height":0,"kind":"unknown","label":"缺少可用高度；仅展示轮廓"}},{"type":"Feature","id":"way/1444106529","geometry":{"type":"MultiPolygon","coordinates":[[[[113.8835897,22.5711457],[113.8836589,22.5710773],[113.8837563,22.5711612],[113.8836871,22.5712296],[113.8835897,22.5711457]]]]},"properties":{"name":"way/1444106529","height":0,"kind":"unknown","label":"缺少可用高度；仅展示轮廓"}},{"type":"Feature","id":"way/1444106530","geometry":{"type":"MultiPolygon","coordinates":[[[[113.8837212,22.5712594],[113.8837904,22.5711909],[113.8838878,22.5712749],[113.8838186,22.5713433],[113.8837212,22.5712594]]]]},"properties":{"name":"way/1444106530","height":0,"kind":"unknown","label":"缺少可用高度；仅展示轮廓"}},{"type":"Feature","id":"way/1444106531","geometry":{"type":"MultiPolygon","coordinates":[[[[113.8839434,22.5712838],[113.8840126,22.5712154],[113.88411,22.5712993],[113.8840408,22.5713678],[113.8839434,22.5712838]]]]},"properties":{"name":"way/1444106531","height":0,"kind":"unknown","label":"缺少可用高度；仅展示轮廓"}},{"type":"Feature","id":"way/1444106532","geometry":{"type":"MultiPolygon","coordinates":[[[[113.8840126,22.5712154],[113.8840818,22.5711469],[113.8841792,22.5712309],[113.88411,22.5712993],[113.8840126,22.5712154]]]]},"properties":{"name":"way/1444106532","height":0,"kind":"unknown","label":"缺少可用高度；仅展示轮廓"}},{"type":"Feature","id":"way/1444106533","geometry":{"type":"MultiPolygon","coordinates":[[[[113.8838533,22.5713729],[113.8839225,22.5713045],[113.8840199,22.5713885],[113.8839507,22.5714569],[113.8838533,22.5713729]]]]},"properties":{"name":"way/1444106533","height":0,"kind":"unknown","label":"缺少可用高度；仅展示轮廓"}},{"type":"Feature","id":"way/1444106534","geometry":{"type":"MultiPolygon","coordinates":[[[[113.8864274,22.5699707],[113.8864966,22.5699023],[113.886594,22.5699862],[113.8865248,22.5700547],[113.8864274,22.5699707]]]]},"properties":{"name":"way/1444106534","height":0,"kind":"unknown","label":"缺少可用高度；仅展示轮廓"}},{"type":"Feature","id":"way/1444106535","geometry":{"type":"MultiPolygon","coordinates":[[[[113.8861089,22.5702858],[113.886178,22.5702173],[113.8862754,22.5703013],[113.8862063,22.5703697],[113.8861089,22.5702858]]]]},"properties":{"name":"way/1444106535","height":0,"kind":"unknown","label":"缺少可用高度；仅展示轮廓"}},{"type":"Feature","id":"way/1444106536","geometry":{"type":"MultiPolygon","coordinates":[[[[113.8862681,22.5701282],[113.8863373,22.5700598],[113.8864347,22.5701437],[113.8863655,22.5702122],[113.8862681,22.5701282]]]]},"properties":{"name":"way/1444106536","height":0,"kind":"unknown","label":"缺少可用高度；仅展示轮廓"}},{"type":"Feature","id":"way/1444106537","geometry":{"type":"MultiPolygon","coordinates":[[[[113.8863373,22.5700598],[113.8864065,22.5699913],[113.8865039,22.5700753],[113.8864347,22.5701437],[113.8863373,22.5700598]]]]},"properties":{"name":"way/1444106537","height":0,"kind":"unknown","label":"缺少可用高度；仅展示轮廓"}},{"type":"Feature","id":"way/1444106538","geometry":{"type":"MultiPolygon","coordinates":[[[[113.886178,22.5702173],[113.8862472,22.5701489],[113.8863446,22.5702329],[113.8862754,22.5703013],[113.886178,22.5702173]]]]},"properties":{"name":"way/1444106538","height":0,"kind":"unknown","label":"缺少可用高度；仅展示轮廓"}},{"type":"Feature","id":"way/1444106539","geometry":{"type":"MultiPolygon","coordinates":[[[[113.8864966,22.5699023],[113.8865658,22.5698338],[113.8866632,22.5699178],[113.886594,22.5699862],[113.8864966,22.5699023]]]]},"properties":{"name":"way/1444106539","height":0,"kind":"unknown","label":"缺少可用高度；仅展示轮廓"}},{"type":"Feature","id":"way/1444106540","geometry":{"type":"MultiPolygon","coordinates":[[[[113.8861638,22.5697435],[113.886233,22.569675],[113.8863304,22.569759],[113.8862612,22.5698274],[113.8861638,22.5697435]]]]},"properties":{"name":"way/1444106540","height":0,"kind":"unknown","label":"缺少可用高度；仅展示轮廓"}},{"type":"Feature","id":"way/1444106541","geometry":{"type":"MultiPolygon","coordinates":[[[[113.8858453,22.5700585],[113.8859144,22.5699901],[113.8860118,22.5700741],[113.8859427,22.5701425],[113.8858453,22.5700585]]]]},"properties":{"name":"way/1444106541","height":0,"kind":"unknown","label":"缺少可用高度；仅展示轮廓"}},{"type":"Feature","id":"way/1444106542","geometry":{"type":"MultiPolygon","coordinates":[[[[113.8860045,22.569901],[113.8860737,22.5698325],[113.8861711,22.5699165],[113.8861019,22.5699849],[113.8860045,22.569901]]]]},"properties":{"name":"way/1444106542","height":0,"kind":"unknown","label":"缺少可用高度；仅展示轮廓"}},{"type":"Feature","id":"way/1444106543","geometry":{"type":"MultiPolygon","coordinates":[[[[113.8860737,22.5698325],[113.8861429,22.5697641],[113.8862403,22.5698481],[113.8861711,22.5699165],[113.8860737,22.5698325]]]]},"properties":{"name":"way/1444106543","height":0,"kind":"unknown","label":"缺少可用高度；仅展示轮廓"}},{"type":"Feature","id":"way/1444106544","geometry":{"type":"MultiPolygon","coordinates":[[[[113.8859144,22.5699901],[113.8859836,22.5699217],[113.886081,22.5700056],[113.8860118,22.5700741],[113.8859144,22.5699901]]]]},"properties":{"name":"way/1444106544","height":0,"kind":"unknown","label":"缺少可用高度；仅展示轮廓"}},{"type":"Feature","id":"way/1444106545","geometry":{"type":"MultiPolygon","coordinates":[[[[113.886233,22.569675],[113.8863022,22.5696066],[113.8863996,22.5696906],[113.8863304,22.569759],[113.886233,22.569675]]]]},"properties":{"name":"way/1444106545","height":0,"kind":"unknown","label":"缺少可用高度；仅展示轮廓"}},{"type":"Feature","id":"way/1444106546","geometry":{"type":"MultiPolygon","coordinates":[[[[113.8860317,22.5696299],[113.8861009,22.5695614],[113.8861983,22.5696454],[113.8861291,22.5697138],[113.8860317,22.5696299]]]]},"properties":{"name":"way/1444106546","height":0,"kind":"unknown","label":"缺少可用高度；仅展示轮廓"}},{"type":"Feature","id":"way/1444106547","geometry":{"type":"MultiPolygon","coordinates":[[[[113.8857131,22.5699449],[113.8857823,22.5698765],[113.8858797,22.5699605],[113.8858105,22.5700289],[113.8857131,22.5699449]]]]},"properties":{"name":"way/1444106547","height":0,"kind":"unknown","label":"缺少可用高度；仅展示轮廓"}},{"type":"Feature","id":"way/1444106548","geometry":{"type":"MultiPolygon","coordinates":[[[[113.8858724,22.5697874],[113.8859416,22.569719],[113.886039,22.5698029],[113.8859698,22.5698713],[113.8858724,22.5697874]]]]},"properties":{"name":"way/1444106548","height":0,"kind":"unknown","label":"缺少可用高度；仅展示轮廓"}},{"type":"Feature","id":"way/1444106549","geometry":{"type":"MultiPolygon","coordinates":[[[[113.8859416,22.569719],[113.8860108,22.5696505],[113.8861082,22.5697345],[113.886039,22.5698029],[113.8859416,22.569719]]]]},"properties":{"name":"way/1444106549","height":0,"kind":"unknown","label":"缺少可用高度；仅展示轮廓"}},{"type":"Feature","id":"way/1444106550","geometry":{"type":"MultiPolygon","coordinates":[[[[113.8857823,22.5698765],[113.8858515,22.5698081],[113.8859489,22.5698921],[113.8858797,22.5699605],[113.8857823,22.5698765]]]]},"properties":{"name":"way/1444106550","height":0,"kind":"unknown","label":"缺少可用高度；仅展示轮廓"}},{"type":"Feature","id":"way/1444106551","geometry":{"type":"MultiPolygon","coordinates":[[[[113.8861009,22.5695614],[113.8861701,22.569493],[113.8862675,22.569577],[113.8861983,22.5696454],[113.8861009,22.5695614]]]]},"properties":{"name":"way/1444106551","height":0,"kind":"unknown","label":"缺少可用高度；仅展示轮廓"}},{"type":"Feature","id":"way/1444106552","geometry":{"type":"MultiPolygon","coordinates":[[[[113.8862953,22.5698571],[113.8863645,22.5697887],[113.8864619,22.5698727],[113.8863927,22.5699411],[113.8862953,22.5698571]]]]},"properties":{"name":"way/1444106552","height":0,"kind":"unknown","label":"缺少可用高度；仅展示轮廓"}},{"type":"Feature","id":"way/1444106553","geometry":{"type":"MultiPolygon","coordinates":[[[[113.8859767,22.5701722],[113.8860459,22.5701038],[113.8861433,22.5701877],[113.8860741,22.5702562],[113.8859767,22.5701722]]]]},"properties":{"name":"way/1444106553","height":0,"kind":"unknown","label":"缺少可用高度；仅展示轮廓"}},{"type":"Feature","id":"way/1444106554","geometry":{"type":"MultiPolygon","coordinates":[[[[113.886136,22.5700146],[113.8862052,22.5699462],[113.8863026,22.5700302],[113.8862334,22.5700986],[113.886136,22.5700146]]]]},"properties":{"name":"way/1444106554","height":0,"kind":"unknown","label":"缺少可用高度；仅展示轮廓"}},{"type":"Feature","id":"way/1444106555","geometry":{"type":"MultiPolygon","coordinates":[[[[113.8862052,22.5699462],[113.8862744,22.5698778],[113.8863718,22.5699617],[113.8863026,22.5700302],[113.8862052,22.5699462]]]]},"properties":{"name":"way/1444106555","height":0,"kind":"unknown","label":"缺少可用高度；仅展示轮廓"}},{"type":"Feature","id":"way/1444106556","geometry":{"type":"MultiPolygon","coordinates":[[[[113.8860459,22.5701038],[113.8861151,22.5700353],[113.8862125,22.5701193],[113.8861433,22.5701877],[113.8860459,22.5701038]]]]},"properties":{"name":"way/1444106556","height":0,"kind":"unknown","label":"缺少可用高度；仅展示轮廓"}},{"type":"Feature","id":"way/1444106557","geometry":{"type":"MultiPolygon","coordinates":[[[[113.8863645,22.5697887],[113.8864337,22.5697203],[113.8865311,22.5698042],[113.8864619,22.5698727],[113.8863645,22.5697887]]]]},"properties":{"name":"way/1444106557","height":0,"kind":"unknown","label":"缺少可用高度；仅展示轮廓"}},{"type":"Feature","id":"way/1444106558","geometry":{"type":"MultiPolygon","coordinates":[[[[113.8860101,22.5703801],[113.8860793,22.5703117],[113.8861767,22.5703956],[113.8861075,22.5704641],[113.8860101,22.5703801]]]]},"properties":{"name":"way/1444106558","height":0,"kind":"unknown","label":"缺少可用高度；仅展示轮廓"}},{"type":"Feature","id":"way/1444106559","geometry":{"type":"MultiPolygon","coordinates":[[[[113.8857817,22.5706061],[113.8858508,22.5705377],[113.8859482,22.5706216],[113.8858791,22.5706901],[113.8857817,22.5706061]]]]},"properties":{"name":"way/1444106559","height":0,"kind":"unknown","label":"缺少可用高度；仅展示轮廓"}},{"type":"Feature","id":"way/1444106560","geometry":{"type":"MultiPolygon","coordinates":[[[[113.8854631,22.5709212],[113.8855323,22.5708527],[113.8856297,22.5709367],[113.8855605,22.5710051],[113.8854631,22.5709212]]]]},"properties":{"name":"way/1444106560","height":0,"kind":"unknown","label":"缺少可用高度；仅展示轮廓"}},{"type":"Feature","id":"way/1444106561","geometry":{"type":"MultiPolygon","coordinates":[[[[113.8856224,22.5707636],[113.8856916,22.5706952],[113.885789,22.5707791],[113.8857198,22.5708476],[113.8856224,22.5707636]]]]},"properties":{"name":"way/1444106561","height":0,"kind":"unknown","label":"缺少可用高度；仅展示轮廓"}},{"type":"Feature","id":"way/1444106562","geometry":{"type":"MultiPolygon","coordinates":[[[[113.8856916,22.5706952],[113.8857607,22.5706267],[113.8858581,22.5707107],[113.885789,22.5707791],[113.8856916,22.5706952]]]]},"properties":{"name":"way/1444106562","height":0,"kind":"unknown","label":"缺少可用高度；仅展示轮廓"}},{"type":"Feature","id":"way/1444106563","geometry":{"type":"MultiPolygon","coordinates":[[[[113.8855323,22.5708527],[113.8856015,22.5707843],[113.8856989,22.5708683],[113.8856297,22.5709367],[113.8855323,22.5708527]]]]},"properties":{"name":"way/1444106563","height":0,"kind":"unknown","label":"缺少可用高度；仅展示轮廓"}},{"type":"Feature","id":"way/1444106564","geometry":{"type":"MultiPolygon","coordinates":[[[[113.8858508,22.5705377],[113.88592,22.5704692],[113.8860174,22.5705532],[113.8859482,22.5706216],[113.8858508,22.5705377]]]]},"properties":{"name":"way/1444106564","height":0,"kind":"unknown","label":"缺少可用高度；仅展示轮廓"}},{"type":"Feature","id":"way/1444106565","geometry":{"type":"MultiPolygon","coordinates":[[[[113.8859409,22.5704485],[113.8860101,22.5703801],[113.8861075,22.5704641],[113.8860383,22.5705325],[113.8859409,22.5704485]]]]},"properties":{"name":"way/1444106565","height":0,"kind":"unknown","label":"缺少可用高度；仅展示轮廓"}},{"type":"Feature","id":"way/1444106566","geometry":{"type":"MultiPolygon","coordinates":[[[[113.8857465,22.5701529],[113.8858157,22.5700844],[113.8859131,22.5701684],[113.8858439,22.5702368],[113.8857465,22.5701529]]]]},"properties":{"name":"way/1444106566","height":0,"kind":"unknown","label":"缺少可用高度；仅展示轮廓"}},{"type":"Feature","id":"way/1444106567","geometry":{"type":"MultiPolygon","coordinates":[[[[113.8855181,22.5703789],[113.8855872,22.5703104],[113.8856846,22.5703944],[113.8856155,22.5704628],[113.8855181,22.5703789]]]]},"properties":{"name":"way/1444106567","height":0,"kind":"unknown","label":"缺少可用高度；仅展示轮廓"}},{"type":"Feature","id":"way/1444106568","geometry":{"type":"MultiPolygon","coordinates":[[[[113.8851995,22.5706939],[113.8852687,22.5706255],[113.8853661,22.5707095],[113.8852969,22.5707779],[113.8851995,22.5706939]]]]},"properties":{"name":"way/1444106568","height":0,"kind":"unknown","label":"缺少可用高度；仅展示轮廓"}},{"type":"Feature","id":"way/1444106569","geometry":{"type":"MultiPolygon","coordinates":[[[[113.8853588,22.5705364],[113.885428,22.5704679],[113.8855254,22.5705519],[113.8854562,22.5706203],[113.8853588,22.5705364]]]]},"properties":{"name":"way/1444106569","height":0,"kind":"unknown","label":"缺少可用高度；仅展示轮廓"}},{"type":"Feature","id":"way/1444106570","geometry":{"type":"MultiPolygon","coordinates":[[[[113.885428,22.5704679],[113.8854971,22.5703995],[113.8855945,22.5704835],[113.8855254,22.5705519],[113.885428,22.5704679]]]]},"properties":{"name":"way/1444106570","height":0,"kind":"unknown","label":"缺少可用高度；仅展示轮廓"}},{"type":"Feature","id":"way/1444106571","geometry":{"type":"MultiPolygon","coordinates":[[[[113.8852687,22.5706255],[113.8853379,22.5705571],[113.8854353,22.570641],[113.8853661,22.5707095],[113.8852687,22.5706255]]]]},"properties":{"name":"way/1444106571","height":0,"kind":"unknown","label":"缺少可用高度；仅展示轮廓"}},{"type":"Feature","id":"way/1444106572","geometry":{"type":"MultiPolygon","coordinates":[[[[113.8855872,22.5703104],[113.8856564,22.570242],[113.8857538,22.570326],[113.8856846,22.5703944],[113.8855872,22.5703104]]]]},"properties":{"name":"way/1444106572","height":0,"kind":"unknown","label":"缺少可用高度；仅展示轮廓"}},{"type":"Feature","id":"way/1444106573","geometry":{"type":"MultiPolygon","coordinates":[[[[113.8856773,22.5702213],[113.8857465,22.5701529],[113.8858439,22.5702368],[113.8857747,22.5703053],[113.8856773,22.5702213]]]]},"properties":{"name":"way/1444106573","height":0,"kind":"unknown","label":"缺少可用高度；仅展示轮廓"}},{"type":"Feature","id":"way/1444106574","geometry":{"type":"MultiPolygon","coordinates":[[[[113.8856144,22.5700393],[113.8856836,22.5699709],[113.885781,22.5700548],[113.8857118,22.5701233],[113.8856144,22.5700393]]]]},"properties":{"name":"way/1444106574","height":0,"kind":"unknown","label":"缺少可用高度；仅展示轮廓"}},{"type":"Feature","id":"way/1444106575","geometry":{"type":"MultiPolygon","coordinates":[[[[113.8853859,22.5702653],[113.8854551,22.5701969],[113.8855525,22.5702808],[113.8854833,22.5703493],[113.8853859,22.5702653]]]]},"properties":{"name":"way/1444106575","height":0,"kind":"unknown","label":"缺少可用高度；仅展示轮廓"}},{"type":"Feature","id":"way/1444106576","geometry":{"type":"MultiPolygon","coordinates":[[[[113.8850674,22.5705804],[113.8851365,22.5705119],[113.8852339,22.5705959],[113.8851648,22.5706643],[113.8850674,22.5705804]]]]},"properties":{"name":"way/1444106576","height":0,"kind":"unknown","label":"缺少可用高度；仅展示轮廓"}},{"type":"Feature","id":"way/1444106577","geometry":{"type":"MultiPolygon","coordinates":[[[[113.8852266,22.5704228],[113.8852958,22.5703544],[113.8853932,22.5704383],[113.885324,22.5705068],[113.8852266,22.5704228]]]]},"properties":{"name":"way/1444106577","height":0,"kind":"unknown","label":"缺少可用高度；仅展示轮廓"}},{"type":"Feature","id":"way/1444106578","geometry":{"type":"MultiPolygon","coordinates":[[[[113.8852958,22.5703544],[113.885365,22.5702859],[113.8854624,22.5703699],[113.8853932,22.5704383],[113.8852958,22.5703544]]]]},"properties":{"name":"way/1444106578","height":0,"kind":"unknown","label":"缺少可用高度；仅展示轮廓"}},{"type":"Feature","id":"way/1444106579","geometry":{"type":"MultiPolygon","coordinates":[[[[113.8851365,22.5705119],[113.8852057,22.5704435],[113.8853031,22.5705275],[113.8852339,22.5705959],[113.8851365,22.5705119]]]]},"properties":{"name":"way/1444106579","height":0,"kind":"unknown","label":"缺少可用高度；仅展示轮廓"}},{"type":"Feature","id":"way/1444106580","geometry":{"type":"MultiPolygon","coordinates":[[[[113.8854551,22.5701969],[113.8855243,22.5701284],[113.8856217,22.5702124],[113.8855525,22.5702808],[113.8854551,22.5701969]]]]},"properties":{"name":"way/1444106580","height":0,"kind":"unknown","label":"缺少可用高度；仅展示轮廓"}},{"type":"Feature","id":"way/1444106581","geometry":{"type":"MultiPolygon","coordinates":[[[[113.8855452,22.5701077],[113.8856144,22.5700393],[113.8857118,22.5701233],[113.8856426,22.5701917],[113.8855452,22.5701077]]]]},"properties":{"name":"way/1444106581","height":0,"kind":"unknown","label":"缺少可用高度；仅展示轮廓"}},{"type":"Feature","id":"way/1444106582","geometry":{"type":"MultiPolygon","coordinates":[[[[113.885878,22.5702665],[113.8859472,22.5701981],[113.8860446,22.5702821],[113.8859754,22.5703505],[113.885878,22.5702665]]]]},"properties":{"name":"way/1444106582","height":0,"kind":"unknown","label":"缺少可用高度；仅展示轮廓"}},{"type":"Feature","id":"way/1444106583","geometry":{"type":"MultiPolygon","coordinates":[[[[113.8856495,22.5704925],[113.8857187,22.5704241],[113.8858161,22.5705081],[113.8857469,22.5705765],[113.8856495,22.5704925]]]]},"properties":{"name":"way/1444106583","height":0,"kind":"unknown","label":"缺少可用高度；仅展示轮廓"}},{"type":"Feature","id":"way/1444106584","geometry":{"type":"MultiPolygon","coordinates":[[[[113.885331,22.5708076],[113.8854002,22.5707392],[113.8854975,22.5708231],[113.8854284,22.5708916],[113.885331,22.5708076]]]]},"properties":{"name":"way/1444106584","height":0,"kind":"unknown","label":"缺少可用高度；仅展示轮廓"}},{"type":"Feature","id":"way/1444106585","geometry":{"type":"MultiPolygon","coordinates":[[[[113.8854902,22.57065],[113.8855594,22.5705816],[113.8856568,22.5706656],[113.8855876,22.570734],[113.8854902,22.57065]]]]},"properties":{"name":"way/1444106585","height":0,"kind":"unknown","label":"缺少可用高度；仅展示轮廓"}},{"type":"Feature","id":"way/1444106586","geometry":{"type":"MultiPolygon","coordinates":[[[[113.8855594,22.5705816],[113.8856286,22.5705132],[113.885726,22.5705971],[113.8856568,22.5706656],[113.8855594,22.5705816]]]]},"properties":{"name":"way/1444106586","height":0,"kind":"unknown","label":"缺少可用高度；仅展示轮廓"}},{"type":"Feature","id":"way/1444106587","geometry":{"type":"MultiPolygon","coordinates":[[[[113.8854002,22.5707392],[113.8854693,22.5706707],[113.8855667,22.5707547],[113.8854975,22.5708231],[113.8854002,22.5707392]]]]},"properties":{"name":"way/1444106587","height":0,"kind":"unknown","label":"缺少可用高度；仅展示轮廓"}},{"type":"Feature","id":"way/1444106588","geometry":{"type":"MultiPolygon","coordinates":[[[[113.8857187,22.5704241],[113.8857879,22.5703557],[113.8858853,22.5704396],[113.8858161,22.5705081],[113.8857187,22.5704241]]]]},"properties":{"name":"way/1444106588","height":0,"kind":"unknown","label":"缺少可用高度；仅展示轮廓"}},{"type":"Feature","id":"way/1444106589","geometry":{"type":"MultiPolygon","coordinates":[[[[113.8858088,22.570335],[113.885878,22.5702665],[113.8859754,22.5703505],[113.8859062,22.5704189],[113.8858088,22.570335]]]]},"properties":{"name":"way/1444106589","height":0,"kind":"unknown","label":"缺少可用高度；仅展示轮廓"}},{"type":"Feature","id":"way/1444106590","geometry":{"type":"MultiPolygon","coordinates":[[[[113.8859023,22.5695032],[113.8860449,22.5693647],[113.8861396,22.5694479],[113.8859971,22.5695864],[113.8859023,22.5695032]]]]},"properties":{"name":"way/1444106590","height":0,"kind":"unknown","label":"缺少可用高度；仅展示轮廓"}},{"type":"Feature","id":"way/1444106591","geometry":{"type":"MultiPolygon","coordinates":[[[[113.8856924,22.5697071],[113.8858889,22.5695163],[113.8859837,22.5695995],[113.8857872,22.5697903],[113.8856924,22.5697071]]]]},"properties":{"name":"way/1444106591","height":0,"kind":"unknown","label":"缺少可用高度；仅展示轮廓"}},{"type":"Feature","id":"way/1444106592","geometry":{"type":"MultiPolygon","coordinates":[[[[113.8858878,22.5692994],[113.8860304,22.5691609],[113.8861251,22.5692441],[113.8859826,22.5693826],[113.8858878,22.5692994]]]]},"properties":{"name":"way/1444106592","height":0,"kind":"unknown","label":"缺少可用高度；仅展示轮廓"}},{"type":"Feature","id":"way/1444106593","geometry":{"type":"MultiPolygon","coordinates":[[[[113.8860438,22.5691479],[113.8861864,22.5690094],[113.8862811,22.5690926],[113.8861385,22.5692311],[113.8860438,22.5691479]]]]},"properties":{"name":"way/1444106593","height":0,"kind":"unknown","label":"缺少可用高度；仅展示轮廓"}},{"type":"Feature","id":"way/1444106594","geometry":{"type":"MultiPolygon","coordinates":[[[[113.8863557,22.5688448],[113.8864983,22.5687063],[113.8865931,22.5687895],[113.8864505,22.568928],[113.8863557,22.5688448]]]]},"properties":{"name":"way/1444106594","height":0,"kind":"unknown","label":"缺少可用高度；仅展示轮廓"}},{"type":"Feature","id":"way/1444106595","geometry":{"type":"MultiPolygon","coordinates":[[[[113.8861998,22.5689963],[113.8863423,22.5688578],[113.8864371,22.568941],[113.8862945,22.5690795],[113.8861998,22.5689963]]]]},"properties":{"name":"way/1444106595","height":0,"kind":"unknown","label":"缺少可用高度；仅展示轮廓"}},{"type":"Feature","id":"way/1444106596","geometry":{"type":"MultiPolygon","coordinates":[[[[113.8862469,22.5687492],[113.8863895,22.5686107],[113.8864842,22.5686939],[113.8863416,22.5688324],[113.8862469,22.5687492]]]]},"properties":{"name":"way/1444106596","height":0,"kind":"unknown","label":"缺少可用高度；仅展示轮廓"}},{"type":"Feature","id":"way/1444106597","geometry":{"type":"MultiPolygon","coordinates":[[[[113.8860909,22.5689008],[113.8862335,22.5687622],[113.8863282,22.5688454],[113.8861857,22.568984],[113.8860909,22.5689008]]]]},"properties":{"name":"way/1444106597","height":0,"kind":"unknown","label":"缺少可用高度；仅展示轮廓"}},{"type":"Feature","id":"way/1444106598","geometry":{"type":"MultiPolygon","coordinates":[[[[113.8859349,22.5690523],[113.8860775,22.5689138],[113.8861722,22.568997],[113.8860297,22.5691355],[113.8859349,22.5690523]]]]},"properties":{"name":"way/1444106598","height":0,"kind":"unknown","label":"缺少可用高度；仅展示轮廓"}},{"type":"Feature","id":"way/1444106599","geometry":{"type":"MultiPolygon","coordinates":[[[[113.8857789,22.5692038],[113.8859215,22.5690653],[113.8860163,22.5691485],[113.8858737,22.569287],[113.8857789,22.5692038]]]]},"properties":{"name":"way/1444106599","height":0,"kind":"unknown","label":"缺少可用高度；仅展示轮廓"}},{"type":"Feature","id":"way/1444106600","geometry":{"type":"MultiPolygon","coordinates":[[[[113.8856229,22.5693554],[113.8857655,22.5692169],[113.8858603,22.5693001],[113.8857177,22.5694386],[113.8856229,22.5693554]]]]},"properties":{"name":"way/1444106600","height":0,"kind":"unknown","label":"缺少可用高度；仅展示轮廓"}},{"type":"Feature","id":"way/1444106601","geometry":{"type":"MultiPolygon","coordinates":[[[[113.8857318,22.569451],[113.8858744,22.5693124],[113.8859691,22.5693956],[113.8858266,22.5695342],[113.8857318,22.569451]]]]},"properties":{"name":"way/1444106601","height":0,"kind":"unknown","label":"缺少可用高度；仅展示轮廓"}},{"type":"Feature","id":"way/1444106602","geometry":{"type":"MultiPolygon","coordinates":[[[[113.8855758,22.5696025],[113.8857184,22.569464],[113.8858132,22.5695472],[113.8856706,22.5696857],[113.8855758,22.5696025]]]]},"properties":{"name":"way/1444106602","height":0,"kind":"unknown","label":"缺少可用高度；仅展示轮廓"}},{"type":"Feature","id":"way/1444106603","geometry":{"type":"MultiPolygon","coordinates":[[[[113.8854669,22.5695069],[113.8856095,22.5693684],[113.8857043,22.5694516],[113.8855617,22.5695901],[113.8854669,22.5695069]]]]},"properties":{"name":"way/1444106603","height":0,"kind":"unknown","label":"缺少可用高度；仅展示轮廓"}},{"type":"Feature","id":"way/1444106605","geometry":{"type":"MultiPolygon","coordinates":[[[[113.8859858,22.5681552],[113.886055,22.5680867],[113.8861524,22.5681707],[113.8860832,22.5682391],[113.8859858,22.5681552]]]]},"properties":{"name":"way/1444106605","height":0,"kind":"unknown","label":"缺少可用高度；仅展示轮廓"}},{"type":"Feature","id":"way/1444106606","geometry":{"type":"MultiPolygon","coordinates":[[[[113.8858537,22.5680416],[113.8859229,22.5679732],[113.8860203,22.5680571],[113.8859511,22.5681256],[113.8858537,22.5680416]]]]},"properties":{"name":"way/1444106606","height":0,"kind":"unknown","label":"缺少可用高度；仅展示轮廓"}},{"type":"Feature","id":"way/1444106607","geometry":{"type":"MultiPolygon","coordinates":[[[[113.8864007,22.5675005],[113.8864699,22.5674321],[113.8865673,22.5675161],[113.8864981,22.5675845],[113.8864007,22.5675005]]]]},"properties":{"name":"way/1444106607","height":0,"kind":"unknown","label":"缺少可用高度；仅展示轮廓"}},{"type":"Feature","id":"way/1444106608","geometry":{"type":"MultiPolygon","coordinates":[[[[113.8865328,22.5676141],[113.886602,22.5675457],[113.8866994,22.5676296],[113.8866302,22.5676981],[113.8865328,22.5676141]]]]},"properties":{"name":"way/1444106608","height":0,"kind":"unknown","label":"缺少可用高度；仅展示轮廓"}},{"type":"Feature","id":"way/1444106609","geometry":{"type":"MultiPolygon","coordinates":[[[[113.8863044,22.5678401],[113.8863736,22.5677717],[113.886471,22.5678556],[113.8864018,22.5679241],[113.8863044,22.5678401]]]]},"properties":{"name":"way/1444106609","height":0,"kind":"unknown","label":"缺少可用高度；仅展示轮廓"}},{"type":"Feature","id":"way/1444106610","geometry":{"type":"MultiPolygon","coordinates":[[[[113.8861451,22.5679976],[113.8862143,22.5679292],[113.8863117,22.5680131],[113.8862425,22.5680816],[113.8861451,22.5679976]]]]},"properties":{"name":"way/1444106610","height":0,"kind":"unknown","label":"缺少可用高度；仅展示轮廓"}},{"type":"Feature","id":"way/1444106611","geometry":{"type":"MultiPolygon","coordinates":[[[[113.8862143,22.5679292],[113.8862835,22.5678607],[113.8863809,22.5679447],[113.8863117,22.5680131],[113.8862143,22.5679292]]]]},"properties":{"name":"way/1444106611","height":0,"kind":"unknown","label":"缺少可用高度；仅展示轮廓"}},{"type":"Feature","id":"way/1444106612","geometry":{"type":"MultiPolygon","coordinates":[[[[113.886055,22.5680867],[113.8861242,22.5680183],[113.8862216,22.5681023],[113.8861524,22.5681707],[113.886055,22.5680867]]]]},"properties":{"name":"way/1444106612","height":0,"kind":"unknown","label":"缺少可用高度；仅展示轮廓"}},{"type":"Feature","id":"way/1444106613","geometry":{"type":"MultiPolygon","coordinates":[[[[113.8863736,22.5677717],[113.8864427,22.5677032],[113.8865401,22.5677872],[113.886471,22.5678556],[113.8863736,22.5677717]]]]},"properties":{"name":"way/1444106613","height":0,"kind":"unknown","label":"缺少可用高度；仅展示轮廓"}},{"type":"Feature","id":"way/1444106614","geometry":{"type":"MultiPolygon","coordinates":[[[[113.8864636,22.5676825],[113.8865328,22.5676141],[113.8866302,22.5676981],[113.886561,22.5677665],[113.8864636,22.5676825]]]]},"properties":{"name":"way/1444106614","height":0,"kind":"unknown","label":"缺少可用高度；仅展示轮廓"}},{"type":"Feature","id":"way/1444106615","geometry":{"type":"MultiPolygon","coordinates":[[[[113.8862692,22.5673869],[113.8863384,22.5673184],[113.8864358,22.5674024],[113.8863666,22.5674708],[113.8862692,22.5673869]]]]},"properties":{"name":"way/1444106615","height":0,"kind":"unknown","label":"缺少可用高度；仅展示轮廓"}},{"type":"Feature","id":"way/1444106616","geometry":{"type":"MultiPolygon","coordinates":[[[[113.8860408,22.5676129],[113.88611,22.5675444],[113.8862074,22.5676284],[113.8861382,22.5676968],[113.8860408,22.5676129]]]]},"properties":{"name":"way/1444106616","height":0,"kind":"unknown","label":"缺少可用高度；仅展示轮廓"}},{"type":"Feature","id":"way/1444106617","geometry":{"type":"MultiPolygon","coordinates":[[[[113.8857222,22.5679279],[113.8857914,22.5678595],[113.8858888,22.5679435],[113.8858196,22.5680119],[113.8857222,22.5679279]]]]},"properties":{"name":"way/1444106617","height":0,"kind":"unknown","label":"缺少可用高度；仅展示轮廓"}},{"type":"Feature","id":"way/1444106618","geometry":{"type":"MultiPolygon","coordinates":[[[[113.8858815,22.5677704],[113.8859507,22.5677019],[113.8860481,22.5677859],[113.8859789,22.5678543],[113.8858815,22.5677704]]]]},"properties":{"name":"way/1444106618","height":0,"kind":"unknown","label":"缺少可用高度；仅展示轮廓"}},{"type":"Feature","id":"way/1444106619","geometry":{"type":"MultiPolygon","coordinates":[[[[113.8859507,22.5677019],[113.8860198,22.5676335],[113.8861172,22.5677175],[113.8860481,22.5677859],[113.8859507,22.5677019]]]]},"properties":{"name":"way/1444106619","height":0,"kind":"unknown","label":"缺少可用高度；仅展示轮廓"}},{"type":"Feature","id":"way/1444106620","geometry":{"type":"MultiPolygon","coordinates":[[[[113.8857914,22.5678595],[113.8858606,22.5677911],[113.885958,22.567875],[113.8858888,22.5679435],[113.8857914,22.5678595]]]]},"properties":{"name":"way/1444106620","height":0,"kind":"unknown","label":"缺少可用高度；仅展示轮廓"}},{"type":"Feature","id":"way/1444106621","geometry":{"type":"MultiPolygon","coordinates":[[[[113.88611,22.5675444],[113.8861791,22.567476],[113.8862765,22.56756],[113.8862074,22.5676284],[113.88611,22.5675444]]]]},"properties":{"name":"way/1444106621","height":0,"kind":"unknown","label":"缺少可用高度；仅展示轮廓"}},{"type":"Feature","id":"way/1444106622","geometry":{"type":"MultiPolygon","coordinates":[[[[113.8862,22.5674553],[113.8862692,22.5673869],[113.8863666,22.5674708],[113.8862974,22.5675393],[113.8862,22.5674553]]]]},"properties":{"name":"way/1444106622","height":0,"kind":"unknown","label":"缺少可用高度；仅展示轮廓"}},{"type":"Feature","id":"way/1444106623","geometry":{"type":"MultiPolygon","coordinates":[[[[113.8861371,22.5672733],[113.8862063,22.5672049],[113.8863037,22.5672888],[113.8862345,22.5673573],[113.8861371,22.5672733]]]]},"properties":{"name":"way/1444106623","height":0,"kind":"unknown","label":"缺少可用高度；仅展示轮廓"}},{"type":"Feature","id":"way/1444106624","geometry":{"type":"MultiPolygon","coordinates":[[[[113.8859086,22.5674993],[113.8859778,22.5674308],[113.8860752,22.5675148],[113.886006,22.5675832],[113.8859086,22.5674993]]]]},"properties":{"name":"way/1444106624","height":0,"kind":"unknown","label":"缺少可用高度；仅展示轮廓"}},{"type":"Feature","id":"way/1444106625","geometry":{"type":"MultiPolygon","coordinates":[[[[113.8855901,22.5678144],[113.8856593,22.5677459],[113.8857567,22.5678299],[113.8856875,22.5678983],[113.8855901,22.5678144]]]]},"properties":{"name":"way/1444106625","height":0,"kind":"unknown","label":"缺少可用高度；仅展示轮廓"}},{"type":"Feature","id":"way/1444106626","geometry":{"type":"MultiPolygon","coordinates":[[[[113.8857494,22.5676568],[113.8858185,22.5675884],[113.8859159,22.5676723],[113.8858468,22.5677408],[113.8857494,22.5676568]]]]},"properties":{"name":"way/1444106626","height":0,"kind":"unknown","label":"缺少可用高度；仅展示轮廓"}},{"type":"Feature","id":"way/1444106627","geometry":{"type":"MultiPolygon","coordinates":[[[[113.8858185,22.5675884],[113.8858877,22.5675199],[113.8859851,22.5676039],[113.8859159,22.5676723],[113.8858185,22.5675884]]]]},"properties":{"name":"way/1444106627","height":0,"kind":"unknown","label":"缺少可用高度；仅展示轮廓"}},{"type":"Feature","id":"way/1444106628","geometry":{"type":"MultiPolygon","coordinates":[[[[113.8856593,22.5677459],[113.8857284,22.5676775],[113.8858258,22.5677615],[113.8857567,22.5678299],[113.8856593,22.5677459]]]]},"properties":{"name":"way/1444106628","height":0,"kind":"unknown","label":"缺少可用高度；仅展示轮廓"}},{"type":"Feature","id":"way/1444106629","geometry":{"type":"MultiPolygon","coordinates":[[[[113.8859778,22.5674308],[113.886047,22.5673624],[113.8861444,22.5674464],[113.8860752,22.5675148],[113.8859778,22.5674308]]]]},"properties":{"name":"way/1444106629","height":0,"kind":"unknown","label":"缺少可用高度；仅展示轮廓"}},{"type":"Feature","id":"way/1444106630","geometry":{"type":"MultiPolygon","coordinates":[[[[113.8860679,22.5673417],[113.8861371,22.5672733],[113.8862345,22.5673573],[113.8861653,22.5674257],[113.8860679,22.5673417]]]]},"properties":{"name":"way/1444106630","height":0,"kind":"unknown","label":"缺少可用高度；仅展示轮廓"}},{"type":"Feature","id":"way/1444106631","geometry":{"type":"MultiPolygon","coordinates":[[[[113.8861722,22.5677265],[113.8862414,22.5676581],[113.8863388,22.5677421],[113.8862696,22.5678105],[113.8861722,22.5677265]]]]},"properties":{"name":"way/1444106631","height":0,"kind":"unknown","label":"缺少可用高度；仅展示轮廓"}},{"type":"Feature","id":"way/1444106632","geometry":{"type":"MultiPolygon","coordinates":[[[[113.886013,22.567884],[113.8860821,22.5678156],[113.8861795,22.5678996],[113.8861104,22.567968],[113.886013,22.567884]]]]},"properties":{"name":"way/1444106632","height":0,"kind":"unknown","label":"缺少可用高度；仅展示轮廓"}},{"type":"Feature","id":"way/1444106633","geometry":{"type":"MultiPolygon","coordinates":[[[[113.8860821,22.5678156],[113.8861513,22.5677472],[113.8862487,22.5678311],[113.8861795,22.5678996],[113.8860821,22.5678156]]]]},"properties":{"name":"way/1444106633","height":0,"kind":"unknown","label":"缺少可用高度；仅展示轮廓"}},{"type":"Feature","id":"way/1444106634","geometry":{"type":"MultiPolygon","coordinates":[[[[113.8859229,22.5679732],[113.885992,22.5679047],[113.8860894,22.5679887],[113.8860203,22.5680571],[113.8859229,22.5679732]]]]},"properties":{"name":"way/1444106634","height":0,"kind":"unknown","label":"缺少可用高度；仅展示轮廓"}},{"type":"Feature","id":"way/1444106635","geometry":{"type":"MultiPolygon","coordinates":[[[[113.8862414,22.5676581],[113.8863106,22.5675897],[113.886408,22.5676736],[113.8863388,22.5677421],[113.8862414,22.5676581]]]]},"properties":{"name":"way/1444106635","height":0,"kind":"unknown","label":"缺少可用高度；仅展示轮廓"}},{"type":"Feature","id":"way/1444106636","geometry":{"type":"MultiPolygon","coordinates":[[[[113.8863315,22.567569],[113.8864007,22.5675005],[113.8864981,22.5675845],[113.8864289,22.5676529],[113.8863315,22.567569]]]]},"properties":{"name":"way/1444106636","height":0,"kind":"unknown","label":"缺少可用高度；仅展示轮廓"}},{"type":"Feature","id":"way/1444106637","geometry":{"type":"MultiPolygon","coordinates":[[[[113.8867964,22.5678412],[113.8868656,22.5677728],[113.886963,22.5678568],[113.8868938,22.5679252],[113.8867964,22.5678412]]]]},"properties":{"name":"way/1444106637","height":0,"kind":"unknown","label":"缺少可用高度；仅展示轮廓"}},{"type":"Feature","id":"way/1444106638","geometry":{"type":"MultiPolygon","coordinates":[[[[113.8865679,22.5680672],[113.8866371,22.5679988],[113.8867345,22.5680828],[113.8866653,22.5681512],[113.8865679,22.5680672]]]]},"properties":{"name":"way/1444106638","height":0,"kind":"unknown","label":"缺少可用高度；仅展示轮廓"}},{"type":"Feature","id":"way/1444106639","geometry":{"type":"MultiPolygon","coordinates":[[[[113.8862493,22.5683823],[113.8863185,22.5683139],[113.8864159,22.5683978],[113.8863467,22.5684663],[113.8862493,22.5683823]]]]},"properties":{"name":"way/1444106639","height":0,"kind":"unknown","label":"缺少可用高度；仅展示轮廓"}},{"type":"Feature","id":"way/1444106640","geometry":{"type":"MultiPolygon","coordinates":[[[[113.8864086,22.5682247],[113.8864778,22.5681563],[113.8865752,22.5682403],[113.886506,22.5683087],[113.8864086,22.5682247]]]]},"properties":{"name":"way/1444106640","height":0,"kind":"unknown","label":"缺少可用高度；仅展示轮廓"}},{"type":"Feature","id":"way/1444106641","geometry":{"type":"MultiPolygon","coordinates":[[[[113.8864778,22.5681563],[113.886547,22.5680879],[113.8866444,22.5681718],[113.8865752,22.5682403],[113.8864778,22.5681563]]]]},"properties":{"name":"way/1444106641","height":0,"kind":"unknown","label":"缺少可用高度；仅展示轮廓"}},{"type":"Feature","id":"way/1444106642","geometry":{"type":"MultiPolygon","coordinates":[[[[113.8863185,22.5683139],[113.8863877,22.5682454],[113.8864851,22.5683294],[113.8864159,22.5683978],[113.8863185,22.5683139]]]]},"properties":{"name":"way/1444106642","height":0,"kind":"unknown","label":"缺少可用高度；仅展示轮廓"}},{"type":"Feature","id":"way/1444106643","geometry":{"type":"MultiPolygon","coordinates":[[[[113.8866371,22.5679988],[113.8867063,22.5679304],[113.8868037,22.5680143],[113.8867345,22.5680828],[113.8866371,22.5679988]]]]},"properties":{"name":"way/1444106643","height":0,"kind":"unknown","label":"缺少可用高度；仅展示轮廓"}},{"type":"Feature","id":"way/1444106644","geometry":{"type":"MultiPolygon","coordinates":[[[[113.8867272,22.5679097],[113.8867964,22.5678412],[113.8868938,22.5679252],[113.8868246,22.5679936],[113.8867272,22.5679097]]]]},"properties":{"name":"way/1444106644","height":0,"kind":"unknown","label":"缺少可用高度；仅展示轮廓"}},{"type":"Feature","id":"way/1444106645","geometry":{"type":"MultiPolygon","coordinates":[[[[113.8866643,22.5677277],[113.8867334,22.5676592],[113.8868308,22.5677432],[113.8867617,22.5678116],[113.8866643,22.5677277]]]]},"properties":{"name":"way/1444106645","height":0,"kind":"unknown","label":"缺少可用高度；仅展示轮廓"}},{"type":"Feature","id":"way/1444106646","geometry":{"type":"MultiPolygon","coordinates":[[[[113.8864358,22.5679537],[113.886505,22.5678852],[113.8866024,22.5679692],[113.8865332,22.5680376],[113.8864358,22.5679537]]]]},"properties":{"name":"way/1444106646","height":0,"kind":"unknown","label":"缺少可用高度；仅展示轮廓"}},{"type":"Feature","id":"way/1444106647","geometry":{"type":"MultiPolygon","coordinates":[[[[113.8861172,22.5682687],[113.8861864,22.5682003],[113.8862838,22.5682843],[113.8862146,22.5683527],[113.8861172,22.5682687]]]]},"properties":{"name":"way/1444106647","height":0,"kind":"unknown","label":"缺少可用高度；仅展示轮廓"}},{"type":"Feature","id":"way/1444106648","geometry":{"type":"MultiPolygon","coordinates":[[[[113.8862765,22.5681112],[113.8863457,22.5680427],[113.8864431,22.5681267],[113.8863739,22.5681951],[113.8862765,22.5681112]]]]},"properties":{"name":"way/1444106648","height":0,"kind":"unknown","label":"缺少可用高度；仅展示轮廓"}},{"type":"Feature","id":"way/1444106649","geometry":{"type":"MultiPolygon","coordinates":[[[[113.8863457,22.5680427],[113.8864149,22.5679743],[113.8865123,22.5680583],[113.8864431,22.5681267],[113.8863457,22.5680427]]]]},"properties":{"name":"way/1444106649","height":0,"kind":"unknown","label":"缺少可用高度；仅展示轮廓"}},{"type":"Feature","id":"way/1444106650","geometry":{"type":"MultiPolygon","coordinates":[[[[113.8861864,22.5682003],[113.8862556,22.5681319],[113.886353,22.5682158],[113.8862838,22.5682843],[113.8861864,22.5682003]]]]},"properties":{"name":"way/1444106650","height":0,"kind":"unknown","label":"缺少可用高度；仅展示轮廓"}},{"type":"Feature","id":"way/1444106651","geometry":{"type":"MultiPolygon","coordinates":[[[[113.886505,22.5678852],[113.8865742,22.5678168],[113.8866716,22.5679008],[113.8866024,22.5679692],[113.886505,22.5678852]]]]},"properties":{"name":"way/1444106651","height":0,"kind":"unknown","label":"缺少可用高度；仅展示轮廓"}},{"type":"Feature","id":"way/1444106652","geometry":{"type":"MultiPolygon","coordinates":[[[[113.8865951,22.5677961],[113.8866643,22.5677277],[113.8867617,22.5678116],[113.8866925,22.5678801],[113.8865951,22.5677961]]]]},"properties":{"name":"way/1444106652","height":0,"kind":"unknown","label":"缺少可用高度；仅展示轮廓"}},{"type":"Feature","id":"way/1444106653","geometry":{"type":"MultiPolygon","coordinates":[[[[113.8869279,22.5679549],[113.886997,22.5678865],[113.8870944,22.5679704],[113.8870253,22.5680389],[113.8869279,22.5679549]]]]},"properties":{"name":"way/1444106653","height":0,"kind":"unknown","label":"缺少可用高度；仅展示轮廓"}},{"type":"Feature","id":"way/1444106654","geometry":{"type":"MultiPolygon","coordinates":[[[[113.8866994,22.5681809],[113.8867686,22.5681125],[113.886866,22.5681964],[113.8867968,22.5682649],[113.8866994,22.5681809]]]]},"properties":{"name":"way/1444106654","height":0,"kind":"unknown","label":"缺少可用高度；仅展示轮廓"}},{"type":"Feature","id":"way/1444106655","geometry":{"type":"MultiPolygon","coordinates":[[[[113.8863808,22.568496],[113.88645,22.5684275],[113.8865474,22.5685115],[113.8864782,22.5685799],[113.8863808,22.568496]]]]},"properties":{"name":"way/1444106655","height":0,"kind":"unknown","label":"缺少可用高度；仅展示轮廓"}},{"type":"Feature","id":"way/1444106656","geometry":{"type":"MultiPolygon","coordinates":[[[[113.8865401,22.5683384],[113.8866093,22.56827],[113.8867067,22.5683539],[113.8866375,22.5684224],[113.8865401,22.5683384]]]]},"properties":{"name":"way/1444106656","height":0,"kind":"unknown","label":"缺少可用高度；仅展示轮廓"}},{"type":"Feature","id":"way/1444106657","geometry":{"type":"MultiPolygon","coordinates":[[[[113.8866093,22.56827],[113.8866785,22.5682015],[113.8867759,22.5682855],[113.8867067,22.5683539],[113.8866093,22.56827]]]]},"properties":{"name":"way/1444106657","height":0,"kind":"unknown","label":"缺少可用高度；仅展示轮廓"}},{"type":"Feature","id":"way/1444106658","geometry":{"type":"MultiPolygon","coordinates":[[[[113.88645,22.5684275],[113.8865192,22.5683591],[113.8866166,22.5684431],[113.8865474,22.5685115],[113.88645,22.5684275]]]]},"properties":{"name":"way/1444106658","height":0,"kind":"unknown","label":"缺少可用高度；仅展示轮廓"}},{"type":"Feature","id":"way/1444106659","geometry":{"type":"MultiPolygon","coordinates":[[[[113.8867686,22.5681125],[113.8868378,22.568044],[113.8869352,22.568128],[113.886866,22.5681964],[113.8867686,22.5681125]]]]},"properties":{"name":"way/1444106659","height":0,"kind":"unknown","label":"缺少可用高度；仅展示轮廓"}},{"type":"Feature","id":"way/1444106660","geometry":{"type":"MultiPolygon","coordinates":[[[[113.8868587,22.5680233],[113.8869279,22.5679549],[113.8870253,22.5680389],[113.8869561,22.5681073],[113.8868587,22.5680233]]]]},"properties":{"name":"way/1444106660","height":0,"kind":"unknown","label":"缺少可用高度；仅展示轮廓"}},{"type":"Feature","id":"way/1444106661","geometry":{"type":"MultiPolygon","coordinates":[[[[113.88706,22.5680685],[113.8871292,22.5680001],[113.8872266,22.568084],[113.8871574,22.5681525],[113.88706,22.5680685]]]]},"properties":{"name":"way/1444106661","height":0,"kind":"unknown","label":"缺少可用高度；仅展示轮廓"}},{"type":"Feature","id":"way/1444106662","geometry":{"type":"MultiPolygon","coordinates":[[[[113.8868315,22.5682945],[113.8869007,22.568226],[113.8869981,22.56831],[113.8869289,22.5683784],[113.8868315,22.5682945]]]]},"properties":{"name":"way/1444106662","height":0,"kind":"unknown","label":"缺少可用高度；仅展示轮廓"}},{"type":"Feature","id":"way/1444106663","geometry":{"type":"MultiPolygon","coordinates":[[[[113.8865129,22.5686096],[113.8865821,22.5685411],[113.8866795,22.5686251],[113.8866103,22.5686935],[113.8865129,22.5686096]]]]},"properties":{"name":"way/1444106663","height":0,"kind":"unknown","label":"缺少可用高度；仅展示轮廓"}},{"type":"Feature","id":"way/1444106664","geometry":{"type":"MultiPolygon","coordinates":[[[[113.8866722,22.568452],[113.8867414,22.5683836],[113.8868388,22.5684675],[113.8867696,22.568536],[113.8866722,22.568452]]]]},"properties":{"name":"way/1444106664","height":0,"kind":"unknown","label":"缺少可用高度；仅展示轮廓"}},{"type":"Feature","id":"way/1444106665","geometry":{"type":"MultiPolygon","coordinates":[[[[113.8867414,22.5683836],[113.8868106,22.5683151],[113.886908,22.5683991],[113.8868388,22.5684675],[113.8867414,22.5683836]]]]},"properties":{"name":"way/1444106665","height":0,"kind":"unknown","label":"缺少可用高度；仅展示轮廓"}},{"type":"Feature","id":"way/1444106666","geometry":{"type":"MultiPolygon","coordinates":[[[[113.8865821,22.5685411],[113.8866513,22.5684727],[113.8867487,22.5685567],[113.8866795,22.5686251],[113.8865821,22.5685411]]]]},"properties":{"name":"way/1444106666","height":0,"kind":"unknown","label":"缺少可用高度；仅展示轮廓"}},{"type":"Feature","id":"way/1444106667","geometry":{"type":"MultiPolygon","coordinates":[[[[113.8869007,22.568226],[113.8869699,22.5681576],[113.8870673,22.5682416],[113.8869981,22.56831],[113.8869007,22.568226]]]]},"properties":{"name":"way/1444106667","height":0,"kind":"unknown","label":"缺少可用高度；仅展示轮廓"}},{"type":"Feature","id":"way/1444106668","geometry":{"type":"MultiPolygon","coordinates":[[[[113.8869908,22.5681369],[113.88706,22.5680685],[113.8871574,22.5681525],[113.8870882,22.5682209],[113.8869908,22.5681369]]]]},"properties":{"name":"way/1444106668","height":0,"kind":"unknown","label":"缺少可用高度；仅展示轮廓"}},{"type":"Feature","id":"way/1444106669","geometry":{"type":"MultiPolygon","coordinates":[[[[113.8869683,22.5685791],[113.8870374,22.5685107],[113.8871348,22.5685947],[113.8870657,22.5686631],[113.8869683,22.5685791]]]]},"properties":{"name":"way/1444106669","height":0,"kind":"unknown","label":"缺少可用高度；仅展示轮廓"}},{"type":"Feature","id":"way/1444106670","geometry":{"type":"MultiPolygon","coordinates":[[[[113.886809,22.5687367],[113.8868782,22.5686683],[113.8869756,22.5687522],[113.8869064,22.5688207],[113.886809,22.5687367]]]]},"properties":{"name":"way/1444106670","height":0,"kind":"unknown","label":"缺少可用高度；仅展示轮廓"}},{"type":"Feature","id":"way/1444106671","geometry":{"type":"MultiPolygon","coordinates":[[[[113.8870534,22.5687806],[113.8871225,22.5687121],[113.8872199,22.5687961],[113.8871508,22.5688645],[113.8870534,22.5687806]]]]},"properties":{"name":"way/1444106671","height":0,"kind":"unknown","label":"缺少可用高度；仅展示轮廓"}},{"type":"Feature","id":"way/1444106672","geometry":{"type":"MultiPolygon","coordinates":[[[[113.8871175,22.5690027],[113.8871867,22.5689343],[113.8872841,22.5690183],[113.8872149,22.5690867],[113.8871175,22.5690027]]]]},"properties":{"name":"way/1444106672","height":0,"kind":"unknown","label":"缺少可用高度；仅展示轮廓"}},{"type":"Feature","id":"way/1444106673","geometry":{"type":"MultiPolygon","coordinates":[[[[113.8871225,22.5687121],[113.8871917,22.5686437],[113.8872891,22.5687277],[113.8872199,22.5687961],[113.8871225,22.5687121]]]]},"properties":{"name":"way/1444106673","height":0,"kind":"unknown","label":"缺少可用高度；仅展示轮廓"}},{"type":"Feature","id":"way/1444106674","geometry":{"type":"MultiPolygon","coordinates":[[[[113.8872026,22.5692042],[113.8872718,22.5691357],[113.8873692,22.5692197],[113.8873,22.5692881],[113.8872026,22.5692042]]]]},"properties":{"name":"way/1444106674","height":0,"kind":"unknown","label":"缺少可用高度；仅展示轮廓"}},{"type":"Feature","id":"way/1444106675","geometry":{"type":"MultiPolygon","coordinates":[[[[113.8872718,22.5691357],[113.887341,22.5690673],[113.8874384,22.5691513],[113.8873692,22.5692197],[113.8872718,22.5691357]]]]},"properties":{"name":"way/1444106675","height":0,"kind":"unknown","label":"缺少可用高度；仅展示轮廓"}},{"type":"Feature","id":"way/1444106676","geometry":{"type":"MultiPolygon","coordinates":[[[[113.8872076,22.5689136],[113.8872768,22.5688452],[113.8873742,22.5689291],[113.887305,22.5689976],[113.8872076,22.5689136]]]]},"properties":{"name":"way/1444106676","height":0,"kind":"unknown","label":"缺少可用高度；仅展示轮廓"}},{"type":"Feature","id":"way/1444106677","geometry":{"type":"MultiPolygon","coordinates":[[[[113.8868941,22.5689381],[113.8869633,22.5688697],[113.8870607,22.5689537],[113.8869915,22.5690221],[113.8868941,22.5689381]]]]},"properties":{"name":"way/1444106677","height":0,"kind":"unknown","label":"缺少可用高度；仅展示轮廓"}},{"type":"Feature","id":"way/1444106678","geometry":{"type":"MultiPolygon","coordinates":[[[[113.8872768,22.5688452],[113.887346,22.5687767],[113.8874434,22.5688607],[113.8873742,22.5689291],[113.8872768,22.5688452]]]]},"properties":{"name":"way/1444106678","height":0,"kind":"unknown","label":"缺少可用高度；仅展示轮廓"}},{"type":"Feature","id":"way/1444106679","geometry":{"type":"MultiPolygon","coordinates":[[[[113.8869633,22.5688697],[113.8870324,22.5688013],[113.8871298,22.5688852],[113.8870607,22.5689537],[113.8869633,22.5688697]]]]},"properties":{"name":"way/1444106679","height":0,"kind":"unknown","label":"缺少可用高度；仅展示轮廓"}},{"type":"Feature","id":"way/1444106680","geometry":{"type":"MultiPolygon","coordinates":[[[[113.8867398,22.5688051],[113.886809,22.5687367],[113.8869064,22.5688207],[113.8868372,22.5688891],[113.8867398,22.5688051]]]]},"properties":{"name":"way/1444106680","height":0,"kind":"unknown","label":"缺少可用高度；仅展示轮廓"}},{"type":"Feature","id":"way/1444106681","geometry":{"type":"MultiPolygon","coordinates":[[[[113.8870484,22.5690712],[113.8871175,22.5690027],[113.8872149,22.5690867],[113.8871458,22.5691551],[113.8870484,22.5690712]]]]},"properties":{"name":"way/1444106681","height":0,"kind":"unknown","label":"缺少可用高度；仅展示轮廓"}},{"type":"Feature","id":"way/1444106682","geometry":{"type":"MultiPolygon","coordinates":[[[[113.8873619,22.5690466],[113.8874311,22.5689782],[113.8875285,22.5690621],[113.8874593,22.5691306],[113.8873619,22.5690466]]]]},"properties":{"name":"way/1444106682","height":0,"kind":"unknown","label":"缺少可用高度；仅展示轮廓"}},{"type":"Feature","id":"way/1444106683","geometry":{"type":"MultiPolygon","coordinates":[[[[113.8874311,22.5689782],[113.8875003,22.5689097],[113.8875977,22.5689937],[113.8875285,22.5690621],[113.8874311,22.5689782]]]]},"properties":{"name":"way/1444106683","height":0,"kind":"unknown","label":"缺少可用高度；仅展示轮廓"}},{"type":"Feature","id":"way/1444106684","geometry":{"type":"MultiPolygon","coordinates":[[[[113.8868991,22.5686476],[113.8869683,22.5685791],[113.8870657,22.5686631],[113.8869965,22.5687315],[113.8868991,22.5686476]]]]},"properties":{"name":"way/1444106684","height":0,"kind":"unknown","label":"缺少可用高度；仅展示轮廓"}},{"type":"Feature","id":"way/1444106685","geometry":{"type":"MultiPolygon","coordinates":[[[[113.8871275,22.5684216],[113.8871967,22.5683532],[113.8872941,22.5684372],[113.8872249,22.5685056],[113.8871275,22.5684216]]]]},"properties":{"name":"way/1444106685","height":0,"kind":"unknown","label":"缺少可用高度；仅展示轮廓"}},{"type":"Feature","id":"way/1444106686","geometry":{"type":"MultiPolygon","coordinates":[[[[113.8874361,22.5686877],[113.8875053,22.5686192],[113.8876027,22.5687032],[113.8875335,22.5687716],[113.8874361,22.5686877]]]]},"properties":{"name":"way/1444106686","height":0,"kind":"unknown","label":"缺少可用高度；仅展示轮廓"}},{"type":"Feature","id":"way/1444106687","geometry":{"type":"MultiPolygon","coordinates":[[[[113.8875212,22.5688891],[113.8875904,22.5688207],[113.8876878,22.5689046],[113.8876186,22.5689731],[113.8875212,22.5688891]]]]},"properties":{"name":"way/1444106687","height":0,"kind":"unknown","label":"缺少可用高度；仅展示轮廓"}},{"type":"Feature","id":"way/1444106688","geometry":{"type":"MultiPolygon","coordinates":[[[[113.8875904,22.5688207],[113.8876596,22.5687522],[113.887757,22.5688362],[113.8876878,22.5689046],[113.8875904,22.5688207]]]]},"properties":{"name":"way/1444106688","height":0,"kind":"unknown","label":"缺少可用高度；仅展示轮廓"}},{"type":"Feature","id":"way/1444106689","geometry":{"type":"MultiPolygon","coordinates":[[[[113.8872126,22.5686231],[113.8872818,22.5685546],[113.8873792,22.5686386],[113.88731,22.568707],[113.8872126,22.5686231]]]]},"properties":{"name":"way/1444106689","height":0,"kind":"unknown","label":"缺少可用高度；仅展示轮廓"}},{"type":"Feature","id":"way/1444106690","geometry":{"type":"MultiPolygon","coordinates":[[[[113.8872818,22.5685546],[113.887351,22.5684862],[113.8874484,22.5685702],[113.8873792,22.5686386],[113.8872818,22.5685546]]]]},"properties":{"name":"way/1444106690","height":0,"kind":"unknown","label":"缺少可用高度；仅展示轮廓"}},{"type":"Feature","id":"way/1444106691","geometry":{"type":"MultiPolygon","coordinates":[[[[113.8870584,22.5684901],[113.8871275,22.5684216],[113.8872249,22.5685056],[113.8871558,22.568574],[113.8870584,22.5684901]]]]},"properties":{"name":"way/1444106691","height":0,"kind":"unknown","label":"缺少可用高度；仅展示轮廓"}},{"type":"Feature","id":"way/1444106692","geometry":{"type":"MultiPolygon","coordinates":[[[[113.8873669,22.5687561],[113.8874361,22.5686877],[113.8875335,22.5687716],[113.8874643,22.56884],[113.8873669,22.5687561]]]]},"properties":{"name":"way/1444106692","height":0,"kind":"unknown","label":"缺少可用高度；仅展示轮廓"}},{"type":"Feature","id":"way/1444106693","geometry":{"type":"MultiPolygon","coordinates":[[[[113.8872176,22.5683325],[113.8872868,22.5682641],[113.8873842,22.568348],[113.887315,22.5684165],[113.8872176,22.5683325]]]]},"properties":{"name":"way/1444106693","height":0,"kind":"unknown","label":"缺少可用高度；仅展示轮廓"}},{"type":"Feature","id":"way/1444106694","geometry":{"type":"MultiPolygon","coordinates":[[[[113.8872868,22.5682641],[113.887356,22.5681956],[113.8874534,22.5682796],[113.8873842,22.568348],[113.8872868,22.5682641]]]]},"properties":{"name":"way/1444106694","height":0,"kind":"unknown","label":"缺少可用高度；仅展示轮廓"}},{"type":"Feature","id":"way/1444106695","geometry":{"type":"MultiPolygon","coordinates":[[[[113.8873719,22.5684655],[113.8874411,22.5683971],[113.8875385,22.568481],[113.8874693,22.5685495],[113.8873719,22.5684655]]]]},"properties":{"name":"way/1444106695","height":0,"kind":"unknown","label":"缺少可用高度；仅展示轮廓"}},{"type":"Feature","id":"way/1444106696","geometry":{"type":"MultiPolygon","coordinates":[[[[113.8874411,22.5683971],[113.8875103,22.5683286],[113.8876077,22.5684126],[113.8875385,22.568481],[113.8874411,22.5683971]]]]},"properties":{"name":"way/1444106696","height":0,"kind":"unknown","label":"缺少可用高度；仅展示轮廓"}},{"type":"Feature","id":"way/1444106697","geometry":{"type":"MultiPolygon","coordinates":[[[[113.8875262,22.5685985],[113.8875954,22.5685301],[113.8876928,22.5686141],[113.8876236,22.5686825],[113.8875262,22.5685985]]]]},"properties":{"name":"way/1444106697","height":0,"kind":"unknown","label":"缺少可用高度；仅展示轮廓"}},{"type":"Feature","id":"way/1444106698","geometry":{"type":"MultiPolygon","coordinates":[[[[113.8875954,22.5685301],[113.8876646,22.5684617],[113.887762,22.5685456],[113.8876928,22.5686141],[113.8875954,22.5685301]]]]},"properties":{"name":"way/1444106698","height":0,"kind":"unknown","label":"缺少可用高度；仅展示轮廓"}},{"type":"Feature","id":"way/1444106699","geometry":{"type":"MultiPolygon","coordinates":[[[[113.8876805,22.5687315],[113.8877497,22.5686631],[113.8878471,22.5687471],[113.8877779,22.5688155],[113.8876805,22.5687315]]]]},"properties":{"name":"way/1444106699","height":0,"kind":"unknown","label":"缺少可用高度；仅展示轮廓"}},{"type":"Feature","id":"way/1444106700","geometry":{"type":"MultiPolygon","coordinates":[[[[113.8877497,22.5686631],[113.8878189,22.5685947],[113.8879163,22.5686786],[113.8878471,22.5687471],[113.8877497,22.5686631]]]]},"properties":{"name":"way/1444106700","height":0,"kind":"unknown","label":"缺少可用高度；仅展示轮廓"}},{"type":"Feature","id":"way/1444106701","geometry":{"type":"MultiPolygon","coordinates":[[[[113.8859457,22.5687876],[113.8861,22.5686331],[113.886195,22.5687141],[113.8860407,22.5688685],[113.8859457,22.5687876]]]]},"properties":{"name":"way/1444106701","height":0,"kind":"unknown","label":"缺少可用高度；仅展示轮廓"}},{"type":"Feature","id":"way/1444106702","geometry":{"type":"MultiPolygon","coordinates":[[[[113.8857498,22.5682617],[113.8858422,22.5681691],[113.8859372,22.5682501],[113.8858448,22.5683426],[113.8857498,22.5682617]]]]},"properties":{"name":"way/1444106702","height":0,"kind":"unknown","label":"缺少可用高度；仅展示轮廓"}},{"type":"Feature","id":"way/1444106703","geometry":{"type":"MultiPolygon","coordinates":[[[[113.885556,22.5684558],[113.8857103,22.5683013],[113.8858053,22.5683822],[113.885651,22.5685367],[113.885556,22.5684558]]]]},"properties":{"name":"way/1444106703","height":0,"kind":"unknown","label":"缺少可用高度；仅展示轮廓"}},{"type":"Feature","id":"way/1444106704","geometry":{"type":"MultiPolygon","coordinates":[[[[113.8860099,22.5684828],[113.8861021,22.5683905],[113.8861971,22.5684714],[113.8861049,22.5685637],[113.8860099,22.5684828]]]]},"properties":{"name":"way/1444106704","height":0,"kind":"unknown","label":"缺少可用高度；仅展示轮廓"}},{"type":"Feature","id":"way/1444106705","geometry":{"type":"MultiPolygon","coordinates":[[[[113.8858795,22.5683717],[113.8859717,22.5682794],[113.8860667,22.5683603],[113.8859745,22.5684526],[113.8858795,22.5683717]]]]},"properties":{"name":"way/1444106705","height":0,"kind":"unknown","label":"缺少可用高度；仅展示轮廓"}},{"type":"Feature","id":"way/1444106706","geometry":{"type":"MultiPolygon","coordinates":[[[[113.8858161,22.5686769],[113.8859704,22.5685224],[113.8860654,22.5686033],[113.8859111,22.5687578],[113.8858161,22.5686769]]]]},"properties":{"name":"way/1444106706","height":0,"kind":"unknown","label":"缺少可用高度；仅展示轮廓"}},{"type":"Feature","id":"way/1444106707","geometry":{"type":"MultiPolygon","coordinates":[[[[113.8856856,22.5685658],[113.8858399,22.5684113],[113.8859349,22.5684922],[113.8857806,22.5686467],[113.8856856,22.5685658]]]]},"properties":{"name":"way/1444106707","height":0,"kind":"unknown","label":"缺少可用高度；仅展示轮廓"}},{"type":"Feature","id":"way/1444106708","geometry":{"type":"MultiPolygon","coordinates":[[[[113.8861396,22.5685935],[113.886232,22.5685011],[113.886327,22.568582],[113.8862346,22.5686744],[113.8861396,22.5685935]]]]},"properties":{"name":"way/1444106708","height":0,"kind":"unknown","label":"缺少可用高度；仅展示轮廓"}},{"type":"Feature","id":"way/1444106709","geometry":{"type":"MultiPolygon","coordinates":[[[[113.885752,22.5689817],[113.8859063,22.5688273],[113.8860013,22.5689082],[113.885847,22.5690626],[113.885752,22.5689817]]]]},"properties":{"name":"way/1444106709","height":0,"kind":"unknown","label":"缺少可用高度；仅展示轮廓"}},{"type":"Feature","id":"way/1444106710","geometry":{"type":"MultiPolygon","coordinates":[[[[113.8855581,22.5691758],[113.8857124,22.5690214],[113.8858074,22.5691023],[113.8856531,22.5692568],[113.8855581,22.5691758]]]]},"properties":{"name":"way/1444106710","height":0,"kind":"unknown","label":"缺少可用高度；仅展示轮廓"}},{"type":"Feature","id":"way/1444106711","geometry":{"type":"MultiPolygon","coordinates":[[[[113.8853642,22.5693699],[113.8855185,22.5692155],[113.8856135,22.5692964],[113.8854592,22.5694509],[113.8853642,22.5693699]]]]},"properties":{"name":"way/1444106711","height":0,"kind":"unknown","label":"缺少可用高度；仅展示轮廓"}},{"type":"Feature","id":"way/1444106712","geometry":{"type":"MultiPolygon","coordinates":[[[[113.8851041,22.5691481],[113.8852584,22.5689936],[113.8853534,22.5690745],[113.8851991,22.569229],[113.8851041,22.5691481]]]]},"properties":{"name":"way/1444106712","height":0,"kind":"unknown","label":"缺少可用高度；仅展示轮廓"}},{"type":"Feature","id":"way/1444106713","geometry":{"type":"MultiPolygon","coordinates":[[[[113.8856223,22.568871],[113.8857766,22.5687165],[113.8858716,22.5687974],[113.8857173,22.5689519],[113.8856223,22.568871]]]]},"properties":{"name":"way/1444106713","height":0,"kind":"unknown","label":"缺少可用高度；仅展示轮廓"}},{"type":"Feature","id":"way/1444106714","geometry":{"type":"MultiPolygon","coordinates":[[[[113.8854919,22.5687599],[113.8856462,22.5686054],[113.8857412,22.5686863],[113.8855869,22.5688408],[113.8854919,22.5687599]]]]},"properties":{"name":"way/1444106714","height":0,"kind":"unknown","label":"缺少可用高度；仅展示轮廓"}},{"type":"Feature","id":"way/1444106715","geometry":{"type":"MultiPolygon","coordinates":[[[[113.8854284,22.5690651],[113.8855827,22.5689106],[113.8856777,22.5689915],[113.8855234,22.569146],[113.8854284,22.5690651]]]]},"properties":{"name":"way/1444106715","height":0,"kind":"unknown","label":"缺少可用高度；仅展示轮廓"}},{"type":"Feature","id":"way/1444106716","geometry":{"type":"MultiPolygon","coordinates":[[[[113.885298,22.568954],[113.8854523,22.5687995],[113.8855473,22.5688804],[113.885393,22.5690349],[113.885298,22.568954]]]]},"properties":{"name":"way/1444106716","height":0,"kind":"unknown","label":"缺少可用高度；仅展示轮廓"}},{"type":"Feature","id":"way/1444106717","geometry":{"type":"MultiPolygon","coordinates":[[[[113.8852345,22.5692592],[113.8853888,22.5691047],[113.8854838,22.5691856],[113.8853295,22.5693401],[113.8852345,22.5692592]]]]},"properties":{"name":"way/1444106717","height":0,"kind":"unknown","label":"缺少可用高度；仅展示轮廓"}},{"type":"Feature","id":"way/1444106718","geometry":{"type":"MultiPolygon","coordinates":[[[[113.8853622,22.5686499],[113.8855165,22.5684954],[113.8856115,22.5685763],[113.8854572,22.5687308],[113.8853622,22.5686499]]]]},"properties":{"name":"way/1444106718","height":0,"kind":"unknown","label":"缺少可用高度；仅展示轮廓"}},{"type":"Feature","id":"way/1444106719","geometry":{"type":"MultiPolygon","coordinates":[[[[113.8851683,22.568844],[113.8853226,22.5686895],[113.8854176,22.5687704],[113.8852633,22.5689249],[113.8851683,22.568844]]]]},"properties":{"name":"way/1444106719","height":0,"kind":"unknown","label":"缺少可用高度；仅展示轮廓"}},{"type":"Feature","id":"way/1444106720","geometry":{"type":"MultiPolygon","coordinates":[[[[113.8849744,22.5690381],[113.8851287,22.5688836],[113.8852237,22.5689645],[113.8850694,22.569119],[113.8849744,22.5690381]]]]},"properties":{"name":"way/1444106720","height":0,"kind":"unknown","label":"缺少可用高度；仅展示轮廓"}},{"type":"Feature","id":"way/1444106721","geometry":{"type":"MultiPolygon","coordinates":[[[[113.8852318,22.5685388],[113.8853861,22.5683843],[113.8854811,22.5684652],[113.8853268,22.5686197],[113.8852318,22.5685388]]]]},"properties":{"name":"way/1444106721","height":0,"kind":"unknown","label":"缺少可用高度；仅展示轮廓"}},{"type":"Feature","id":"way/1444106722","geometry":{"type":"MultiPolygon","coordinates":[[[[113.8850379,22.5687329],[113.8851922,22.5685784],[113.8852872,22.5686593],[113.8851329,22.5688138],[113.8850379,22.5687329]]]]},"properties":{"name":"way/1444106722","height":0,"kind":"unknown","label":"缺少可用高度；仅展示轮廓"}},{"type":"Feature","id":"way/1444106723","geometry":{"type":"MultiPolygon","coordinates":[[[[113.884844,22.568927],[113.8849983,22.5687725],[113.8850933,22.5688534],[113.884939,22.5690079],[113.884844,22.568927]]]]},"properties":{"name":"way/1444106723","height":0,"kind":"unknown","label":"缺少可用高度；仅展示轮廓"}},{"type":"Feature","id":"way/1444106726","geometry":{"type":"MultiPolygon","coordinates":[[[[113.8859184,22.571331],[113.885985,22.5712667],[113.8860727,22.5713442],[113.8860061,22.5714085],[113.8859184,22.571331]]]]},"properties":{"name":"way/1444106726","height":0,"kind":"unknown","label":"缺少可用高度；仅展示轮廓"}},{"type":"Feature","id":"way/1444106727","geometry":{"type":"MultiPolygon","coordinates":[[[[113.8857891,22.5712167],[113.8858557,22.5711524],[113.8859434,22.5712299],[113.8858768,22.5712942],[113.8857891,22.5712167]]]]},"properties":{"name":"way/1444106727","height":0,"kind":"unknown","label":"缺少可用高度；仅展示轮廓"}},{"type":"Feature","id":"way/1444106728","geometry":{"type":"MultiPolygon","coordinates":[[[[113.8858692,22.5711394],[113.8859358,22.5710751],[113.8860235,22.5711526],[113.8859569,22.5712169],[113.8858692,22.5711394]]]]},"properties":{"name":"way/1444106728","height":0,"kind":"unknown","label":"缺少可用高度；仅展示轮廓"}},{"type":"Feature","id":"way/1444106729","geometry":{"type":"MultiPolygon","coordinates":[[[[113.8860478,22.5714453],[113.8861144,22.571381],[113.8862021,22.5714585],[113.8861355,22.5715228],[113.8860478,22.5714453]]]]},"properties":{"name":"way/1444106729","height":0,"kind":"unknown","label":"缺少可用高度；仅展示轮廓"}},{"type":"Feature","id":"way/1444106730","geometry":{"type":"MultiPolygon","coordinates":[[[[113.8865282,22.5709816],[113.8865948,22.5709173],[113.8866825,22.5709948],[113.8866159,22.5710591],[113.8865282,22.5709816]]]]},"properties":{"name":"way/1444106730","height":0,"kind":"unknown","label":"缺少可用高度；仅展示轮廓"}},{"type":"Feature","id":"way/1444106731","geometry":{"type":"MultiPolygon","coordinates":[[[[113.8864481,22.5710589],[113.8865147,22.5709946],[113.8866024,22.5710721],[113.8865358,22.5711364],[113.8864481,22.5710589]]]]},"properties":{"name":"way/1444106731","height":0,"kind":"unknown","label":"缺少可用高度；仅展示轮廓"}},{"type":"Feature","id":"way/1444106732","geometry":{"type":"MultiPolygon","coordinates":[[[[113.8863681,22.5711362],[113.8864347,22.5710719],[113.8865224,22.5711494],[113.8864557,22.5712137],[113.8863681,22.5711362]]]]},"properties":{"name":"way/1444106732","height":0,"kind":"unknown","label":"缺少可用高度；仅展示轮廓"}},{"type":"Feature","id":"way/1444106733","geometry":{"type":"MultiPolygon","coordinates":[[[[113.8863065,22.5716737],[113.8863731,22.5716094],[113.8864608,22.5716868],[113.8863942,22.5717511],[113.8863065,22.5716737]]]]},"properties":{"name":"way/1444106733","height":0,"kind":"unknown","label":"缺少可用高度；仅展示轮廓"}},{"type":"Feature","id":"way/1444106734","geometry":{"type":"MultiPolygon","coordinates":[[[[113.886288,22.5712135],[113.8863546,22.5711492],[113.8864423,22.5712266],[113.8863757,22.5712909],[113.886288,22.5712135]]]]},"properties":{"name":"way/1444106734","height":0,"kind":"unknown","label":"缺少可用高度；仅展示轮廓"}},{"type":"Feature","id":"way/1444106735","geometry":{"type":"MultiPolygon","coordinates":[[[[113.8867869,22.57121],[113.8868535,22.5711457],[113.8869412,22.5712232],[113.8868746,22.5712875],[113.8867869,22.57121]]]]},"properties":{"name":"way/1444106735","height":0,"kind":"unknown","label":"缺少可用高度；仅展示轮廓"}},{"type":"Feature","id":"way/1444106736","geometry":{"type":"MultiPolygon","coordinates":[[[[113.8862079,22.5712908],[113.8862745,22.5712265],[113.8863622,22.5713039],[113.8862956,22.5713682],[113.8862079,22.5712908]]]]},"properties":{"name":"way/1444106736","height":0,"kind":"unknown","label":"缺少可用高度；仅展示轮廓"}},{"type":"Feature","id":"way/1444106737","geometry":{"type":"MultiPolygon","coordinates":[[[[113.8867068,22.5712873],[113.8867735,22.571223],[113.8868611,22.5713004],[113.8867945,22.5713647],[113.8867068,22.5712873]]]]},"properties":{"name":"way/1444106737","height":0,"kind":"unknown","label":"缺少可用高度；仅展示轮廓"}},{"type":"Feature","id":"way/1444106738","geometry":{"type":"MultiPolygon","coordinates":[[[[113.8861278,22.571368],[113.8861945,22.5713037],[113.8862822,22.5713812],[113.8862155,22.5714455],[113.8861278,22.571368]]]]},"properties":{"name":"way/1444106738","height":0,"kind":"unknown","label":"缺少可用高度；仅展示轮廓"}},{"type":"Feature","id":"way/1444106739","geometry":{"type":"MultiPolygon","coordinates":[[[[113.8866268,22.5713645],[113.8866934,22.5713002],[113.8867811,22.5713777],[113.8867145,22.571442],[113.8866268,22.5713645]]]]},"properties":{"name":"way/1444106739","height":0,"kind":"unknown","label":"缺少可用高度；仅展示轮廓"}},{"type":"Feature","id":"way/1444106740","geometry":{"type":"MultiPolygon","coordinates":[[[[113.8865467,22.5714418],[113.8866133,22.5713775],[113.886701,22.571455],[113.8866344,22.5715193],[113.8865467,22.5714418]]]]},"properties":{"name":"way/1444106740","height":0,"kind":"unknown","label":"缺少可用高度；仅展示轮廓"}},{"type":"Feature","id":"way/1444106741","geometry":{"type":"MultiPolygon","coordinates":[[[[113.8864666,22.5715191],[113.8865332,22.5714548],[113.8866209,22.5715323],[113.8865543,22.5715966],[113.8864666,22.5715191]]]]},"properties":{"name":"way/1444106741","height":0,"kind":"unknown","label":"缺少可用高度；仅展示轮廓"}},{"type":"Feature","id":"way/1444106742","geometry":{"type":"MultiPolygon","coordinates":[[[[113.8863866,22.5715964],[113.8864532,22.5715321],[113.8865409,22.5716096],[113.8864742,22.5716738],[113.8863866,22.5715964]]]]},"properties":{"name":"way/1444106742","height":0,"kind":"unknown","label":"缺少可用高度；仅展示轮廓"}},{"type":"Feature","id":"way/1444106743","geometry":{"type":"MultiPolygon","coordinates":[[[[113.8861771,22.5715593],[113.8862437,22.5714951],[113.8863314,22.5715725],[113.8862648,22.5716368],[113.8861771,22.5715593]]]]},"properties":{"name":"way/1444106743","height":0,"kind":"unknown","label":"缺少可用高度；仅展示轮廓"}},{"type":"Feature","id":"way/1444106744","geometry":{"type":"MultiPolygon","coordinates":[[[[113.8866575,22.5710957],[113.8867241,22.5710314],[113.8868118,22.5711089],[113.8867452,22.5711732],[113.8866575,22.5710957]]]]},"properties":{"name":"way/1444106744","height":0,"kind":"unknown","label":"缺少可用高度；仅展示轮廓"}},{"type":"Feature","id":"way/1444106745","geometry":{"type":"MultiPolygon","coordinates":[[[[113.8863988,22.5708673],[113.8864654,22.570803],[113.8865531,22.5708805],[113.8864865,22.5709448],[113.8863988,22.5708673]]]]},"properties":{"name":"way/1444106745","height":0,"kind":"unknown","label":"缺少可用高度；仅展示轮廓"}},{"type":"Feature","id":"way/1444106746","geometry":{"type":"MultiPolygon","coordinates":[[[[113.8865775,22.571173],[113.8866441,22.5711087],[113.8867318,22.5711861],[113.8866651,22.5712504],[113.8865775,22.571173]]]]},"properties":{"name":"way/1444106746","height":0,"kind":"unknown","label":"缺少可用高度；仅展示轮廓"}},{"type":"Feature","id":"way/1444106747","geometry":{"type":"MultiPolygon","coordinates":[[[[113.8863187,22.5709446],[113.8863854,22.5708803],[113.886473,22.5709578],[113.8864064,22.5710221],[113.8863187,22.5709446]]]]},"properties":{"name":"way/1444106747","height":0,"kind":"unknown","label":"缺少可用高度；仅展示轮廓"}},{"type":"Feature","id":"way/1444106748","geometry":{"type":"MultiPolygon","coordinates":[[[[113.8864974,22.5712502],[113.886564,22.5711859],[113.8866517,22.5712634],[113.8865851,22.5713277],[113.8864974,22.5712502]]]]},"properties":{"name":"way/1444106748","height":0,"kind":"unknown","label":"缺少可用高度；仅展示轮廓"}},{"type":"Feature","id":"way/1444106749","geometry":{"type":"MultiPolygon","coordinates":[[[[113.8864173,22.5713275],[113.8864839,22.5712632],[113.8865716,22.5713407],[113.886505,22.571405],[113.8864173,22.5713275]]]]},"properties":{"name":"way/1444106749","height":0,"kind":"unknown","label":"缺少可用高度；仅展示轮廓"}},{"type":"Feature","id":"way/1444106750","geometry":{"type":"MultiPolygon","coordinates":[[[[113.8862387,22.5710219],[113.8863053,22.5709576],[113.886393,22.5710351],[113.8863264,22.5710994],[113.8862387,22.5710219]]]]},"properties":{"name":"way/1444106750","height":0,"kind":"unknown","label":"缺少可用高度；仅展示轮廓"}},{"type":"Feature","id":"way/1444106751","geometry":{"type":"MultiPolygon","coordinates":[[[[113.8863372,22.5714048],[113.8864039,22.5713405],[113.8864915,22.571418],[113.8864249,22.5714823],[113.8863372,22.5714048]]]]},"properties":{"name":"way/1444106751","height":0,"kind":"unknown","label":"缺少可用高度；仅展示轮廓"}},{"type":"Feature","id":"way/1444106752","geometry":{"type":"MultiPolygon","coordinates":[[[[113.8861586,22.5710992],[113.8862252,22.5710349],[113.8863129,22.5711123],[113.8862463,22.5711766],[113.8861586,22.5710992]]]]},"properties":{"name":"way/1444106752","height":0,"kind":"unknown","label":"缺少可用高度；仅展示轮廓"}},{"type":"Feature","id":"way/1444106753","geometry":{"type":"MultiPolygon","coordinates":[[[[113.8860785,22.5711764],[113.8861451,22.5711122],[113.8862328,22.5711896],[113.8861662,22.5712539],[113.8860785,22.5711764]]]]},"properties":{"name":"way/1444106753","height":0,"kind":"unknown","label":"缺少可用高度；仅展示轮廓"}},{"type":"Feature","id":"way/1444106754","geometry":{"type":"MultiPolygon","coordinates":[[[[113.8862572,22.5714821],[113.8863238,22.5714178],[113.8864115,22.5714952],[113.8863449,22.5715595],[113.8862572,22.5714821]]]]},"properties":{"name":"way/1444106754","height":0,"kind":"unknown","label":"缺少可用高度；仅展示轮廓"}},{"type":"Feature","id":"way/1444106755","geometry":{"type":"MultiPolygon","coordinates":[[[[113.8859985,22.5712537],[113.8860651,22.5711894],[113.8861528,22.5712669],[113.8860861,22.5713312],[113.8859985,22.5712537]]]]},"properties":{"name":"way/1444106755","height":0,"kind":"unknown","label":"缺少可用高度；仅展示轮廓"}},{"type":"Feature","id":"way/1444106756","geometry":{"type":"MultiPolygon","coordinates":[[[[113.8862695,22.570753],[113.8863362,22.5706888],[113.8864238,22.5707662],[113.8863572,22.5708305],[113.8862695,22.570753]]]]},"properties":{"name":"way/1444106756","height":0,"kind":"unknown","label":"缺少可用高度；仅展示轮廓"}},{"type":"Feature","id":"way/1444106757","geometry":{"type":"MultiPolygon","coordinates":[[[[113.8861895,22.5708303],[113.8862561,22.570766],[113.8863438,22.5708435],[113.8862772,22.5709078],[113.8861895,22.5708303]]]]},"properties":{"name":"way/1444106757","height":0,"kind":"unknown","label":"缺少可用高度；仅展示轮廓"}},{"type":"Feature","id":"way/1444106758","geometry":{"type":"MultiPolygon","coordinates":[[[[113.8861094,22.5709076],[113.886176,22.5708433],[113.8862637,22.5709208],[113.8861971,22.5709851],[113.8861094,22.5709076]]]]},"properties":{"name":"way/1444106758","height":0,"kind":"unknown","label":"缺少可用高度；仅展示轮廓"}},{"type":"Feature","id":"way/1444106759","geometry":{"type":"MultiPolygon","coordinates":[[[[113.8860293,22.5709849],[113.8860959,22.5709206],[113.8861836,22.5709981],[113.886117,22.5710624],[113.8860293,22.5709849]]]]},"properties":{"name":"way/1444106759","height":0,"kind":"unknown","label":"缺少可用高度；仅展示轮廓"}},{"type":"Feature","id":"way/1444106760","geometry":{"type":"MultiPolygon","coordinates":[[[[113.8859493,22.5710622],[113.8860159,22.5709979],[113.8861036,22.5710753],[113.8860369,22.5711396],[113.8859493,22.5710622]]]]},"properties":{"name":"way/1444106760","height":0,"kind":"unknown","label":"缺少可用高度；仅展示轮廓"}},{"type":"Feature","id":"way/1444106761","geometry":{"type":"MultiPolygon","coordinates":[[[[113.8864789,22.5707901],[113.8865455,22.5707258],[113.8866332,22.5708033],[113.8865666,22.5708676],[113.8864789,22.5707901]]]]},"properties":{"name":"way/1444106761","height":0,"kind":"unknown","label":"缺少可用高度；仅展示轮廓"}},{"type":"Feature","id":"way/1444106762","geometry":{"type":"MultiPolygon","coordinates":[[[[113.8863496,22.5706758],[113.8864162,22.5706115],[113.8865039,22.570689],[113.8864373,22.5707533],[113.8863496,22.5706758]]]]},"properties":{"name":"way/1444106762","height":0,"kind":"unknown","label":"缺少可用高度；仅展示轮廓"}},{"type":"Feature","id":"way/1444106763","geometry":{"type":"MultiPolygon","coordinates":[[[[113.8864297,22.5705985],[113.8864963,22.5705342],[113.886584,22.5706117],[113.8865174,22.570676],[113.8864297,22.5705985]]]]},"properties":{"name":"way/1444106763","height":0,"kind":"unknown","label":"缺少可用高度；仅展示轮廓"}},{"type":"Feature","id":"way/1444106764","geometry":{"type":"MultiPolygon","coordinates":[[[[113.8866083,22.5709044],[113.8866749,22.5708401],[113.8867626,22.5709176],[113.886696,22.5709819],[113.8866083,22.5709044]]]]},"properties":{"name":"way/1444106764","height":0,"kind":"unknown","label":"缺少可用高度；仅展示轮廓"}},{"type":"Feature","id":"way/1444106765","geometry":{"type":"MultiPolygon","coordinates":[[[[113.8870887,22.5704407],[113.8871553,22.5703764],[113.887243,22.5704539],[113.8871764,22.5705182],[113.8870887,22.5704407]]]]},"properties":{"name":"way/1444106765","height":0,"kind":"unknown","label":"缺少可用高度；仅展示轮廓"}},{"type":"Feature","id":"way/1444106766","geometry":{"type":"MultiPolygon","coordinates":[[[[113.8870086,22.570518],[113.8870752,22.5704537],[113.8871629,22.5705312],[113.8870963,22.5705955],[113.8870086,22.570518]]]]},"properties":{"name":"way/1444106766","height":0,"kind":"unknown","label":"缺少可用高度；仅展示轮廓"}},{"type":"Feature","id":"way/1444106767","geometry":{"type":"MultiPolygon","coordinates":[[[[113.8869286,22.5705953],[113.8869952,22.570531],[113.8870829,22.5706085],[113.8870162,22.5706728],[113.8869286,22.5705953]]]]},"properties":{"name":"way/1444106767","height":0,"kind":"unknown","label":"缺少可用高度；仅展示轮廓"}},{"type":"Feature","id":"way/1444106768","geometry":{"type":"MultiPolygon","coordinates":[[[[113.886867,22.5711327],[113.8869336,22.5710684],[113.8870213,22.5711459],[113.8869547,22.5712102],[113.886867,22.5711327]]]]},"properties":{"name":"way/1444106768","height":0,"kind":"unknown","label":"缺少可用高度；仅展示轮廓"}},{"type":"Feature","id":"way/1444106769","geometry":{"type":"MultiPolygon","coordinates":[[[[113.8868485,22.5706726],[113.8869151,22.5706083],[113.8870028,22.5706857],[113.8869362,22.57075],[113.8868485,22.5706726]]]]},"properties":{"name":"way/1444106769","height":0,"kind":"unknown","label":"缺少可用高度；仅展示轮廓"}},{"type":"Feature","id":"way/1444106770","geometry":{"type":"MultiPolygon","coordinates":[[[[113.8873474,22.5706691],[113.887414,22.5706048],[113.8875017,22.5706823],[113.8874351,22.5707465],[113.8873474,22.5706691]]]]},"properties":{"name":"way/1444106770","height":0,"kind":"unknown","label":"缺少可用高度；仅展示轮廓"}},{"type":"Feature","id":"way/1444106771","geometry":{"type":"MultiPolygon","coordinates":[[[[113.8867684,22.5707498],[113.886835,22.5706855],[113.8869227,22.570763],[113.8868561,22.5708273],[113.8867684,22.5707498]]]]},"properties":{"name":"way/1444106771","height":0,"kind":"unknown","label":"缺少可用高度；仅展示轮廓"}},{"type":"Feature","id":"way/1444106772","geometry":{"type":"MultiPolygon","coordinates":[[[[113.8872673,22.5707464],[113.887334,22.5706821],[113.8874216,22.5707595],[113.887355,22.5708238],[113.8872673,22.5707464]]]]},"properties":{"name":"way/1444106772","height":0,"kind":"unknown","label":"缺少可用高度；仅展示轮廓"}},{"type":"Feature","id":"way/1444106773","geometry":{"type":"MultiPolygon","coordinates":[[[[113.8866883,22.5708271],[113.886755,22.5707628],[113.8868426,22.5708403],[113.886776,22.5709046],[113.8866883,22.5708271]]]]},"properties":{"name":"way/1444106773","height":0,"kind":"unknown","label":"缺少可用高度；仅展示轮廓"}},{"type":"Feature","id":"way/1444106774","geometry":{"type":"MultiPolygon","coordinates":[[[[113.8871873,22.5708236],[113.8872539,22.5707593],[113.8873416,22.5708368],[113.887275,22.5709011],[113.8871873,22.5708236]]]]},"properties":{"name":"way/1444106774","height":0,"kind":"unknown","label":"缺少可用高度；仅展示轮廓"}},{"type":"Feature","id":"way/1444106775","geometry":{"type":"MultiPolygon","coordinates":[[[[113.8871072,22.5709009],[113.8871738,22.5708366],[113.8872615,22.5709141],[113.8871949,22.5709784],[113.8871072,22.5709009]]]]},"properties":{"name":"way/1444106775","height":0,"kind":"unknown","label":"缺少可用高度；仅展示轮廓"}},{"type":"Feature","id":"way/1444106776","geometry":{"type":"MultiPolygon","coordinates":[[[[113.8870271,22.5709782],[113.8870937,22.5709139],[113.8871814,22.5709914],[113.8871148,22.5710557],[113.8870271,22.5709782]]]]},"properties":{"name":"way/1444106776","height":0,"kind":"unknown","label":"缺少可用高度；仅展示轮廓"}},{"type":"Feature","id":"way/1444106777","geometry":{"type":"MultiPolygon","coordinates":[[[[113.8869471,22.5710555],[113.8870137,22.5709912],[113.8871014,22.5710686],[113.8870347,22.5711329],[113.8869471,22.5710555]]]]},"properties":{"name":"way/1444106777","height":0,"kind":"unknown","label":"缺少可用高度；仅展示轮廓"}},{"type":"Feature","id":"way/1444106778","geometry":{"type":"MultiPolygon","coordinates":[[[[113.8867376,22.5710184],[113.8868042,22.5709541],[113.8868919,22.5710316],[113.8868253,22.5710959],[113.8867376,22.5710184]]]]},"properties":{"name":"way/1444106778","height":0,"kind":"unknown","label":"缺少可用高度；仅展示轮廓"}},{"type":"Feature","id":"way/1444106779","geometry":{"type":"MultiPolygon","coordinates":[[[[113.887218,22.5705548],[113.8872846,22.5704905],[113.8873723,22.5705679],[113.8873057,22.5706322],[113.887218,22.5705548]]]]},"properties":{"name":"way/1444106779","height":0,"kind":"unknown","label":"缺少可用高度；仅展示轮廓"}},{"type":"Feature","id":"way/1444106780","geometry":{"type":"MultiPolygon","coordinates":[[[[113.8869593,22.5703264],[113.8870259,22.5702621],[113.8871136,22.5703396],[113.887047,22.5704039],[113.8869593,22.5703264]]]]},"properties":{"name":"way/1444106780","height":0,"kind":"unknown","label":"缺少可用高度；仅展示轮廓"}},{"type":"Feature","id":"way/1444106781","geometry":{"type":"MultiPolygon","coordinates":[[[[113.8871379,22.570632],[113.8872046,22.5705678],[113.8872923,22.5706452],[113.8872256,22.5707095],[113.8871379,22.570632]]]]},"properties":{"name":"way/1444106781","height":0,"kind":"unknown","label":"缺少可用高度；仅展示轮廓"}},{"type":"Feature","id":"way/1444106782","geometry":{"type":"MultiPolygon","coordinates":[[[[113.8868792,22.5704037],[113.8869459,22.5703394],[113.8870335,22.5704169],[113.8869669,22.5704812],[113.8868792,22.5704037]]]]},"properties":{"name":"way/1444106782","height":0,"kind":"unknown","label":"缺少可用高度；仅展示轮廓"}},{"type":"Feature","id":"way/1444106783","geometry":{"type":"MultiPolygon","coordinates":[[[[113.8870579,22.5707093],[113.8871245,22.570645],[113.8872122,22.5707225],[113.8871456,22.5707868],[113.8870579,22.5707093]]]]},"properties":{"name":"way/1444106783","height":0,"kind":"unknown","label":"缺少可用高度；仅展示轮廓"}},{"type":"Feature","id":"way/1444106784","geometry":{"type":"MultiPolygon","coordinates":[[[[113.8869778,22.5707866],[113.8870444,22.5707223],[113.8871321,22.5707998],[113.8870655,22.5708641],[113.8869778,22.5707866]]]]},"properties":{"name":"way/1444106784","height":0,"kind":"unknown","label":"缺少可用高度；仅展示轮廓"}},{"type":"Feature","id":"way/1444106785","geometry":{"type":"MultiPolygon","coordinates":[[[[113.8867992,22.570481],[113.8868658,22.5704167],[113.8869535,22.5704942],[113.8868869,22.5705584],[113.8867992,22.570481]]]]},"properties":{"name":"way/1444106785","height":0,"kind":"unknown","label":"缺少可用高度；仅展示轮廓"}},{"type":"Feature","id":"way/1444106786","geometry":{"type":"MultiPolygon","coordinates":[[[[113.8868977,22.5708639],[113.8869644,22.5707996],[113.887052,22.5708771],[113.8869854,22.5709414],[113.8868977,22.5708639]]]]},"properties":{"name":"way/1444106786","height":0,"kind":"unknown","label":"缺少可用高度；仅展示轮廓"}},{"type":"Feature","id":"way/1444106787","geometry":{"type":"MultiPolygon","coordinates":[[[[113.8867191,22.5705583],[113.8867857,22.570494],[113.8868734,22.5705714],[113.8868068,22.5706357],[113.8867191,22.5705583]]]]},"properties":{"name":"way/1444106787","height":0,"kind":"unknown","label":"缺少可用高度；仅展示轮廓"}},{"type":"Feature","id":"way/1444106788","geometry":{"type":"MultiPolygon","coordinates":[[[[113.886639,22.5706355],[113.8867056,22.5705712],[113.8867933,22.5706487],[113.8867267,22.570713],[113.886639,22.5706355]]]]},"properties":{"name":"way/1444106788","height":0,"kind":"unknown","label":"缺少可用高度；仅展示轮廓"}},{"type":"Feature","id":"way/1444106789","geometry":{"type":"MultiPolygon","coordinates":[[[[113.8868177,22.5709412],[113.8868843,22.5708769],[113.886972,22.5709543],[113.8869054,22.5710186],[113.8868177,22.5709412]]]]},"properties":{"name":"way/1444106789","height":0,"kind":"unknown","label":"缺少可用高度；仅展示轮廓"}},{"type":"Feature","id":"way/1444106790","geometry":{"type":"MultiPolygon","coordinates":[[[[113.886559,22.5707128],[113.8866256,22.5706485],[113.8867133,22.570726],[113.8866466,22.5707903],[113.886559,22.5707128]]]]},"properties":{"name":"way/1444106790","height":0,"kind":"unknown","label":"缺少可用高度；仅展示轮廓"}},{"type":"Feature","id":"way/1444106791","geometry":{"type":"MultiPolygon","coordinates":[[[[113.88683,22.5702121],[113.8868967,22.5701478],[113.8869843,22.5702253],[113.8869177,22.5702896],[113.88683,22.5702121]]]]},"properties":{"name":"way/1444106791","height":0,"kind":"unknown","label":"缺少可用高度；仅展示轮廓"}},{"type":"Feature","id":"way/1444106792","geometry":{"type":"MultiPolygon","coordinates":[[[[113.88675,22.5702894],[113.8868166,22.5702251],[113.8869043,22.5703026],[113.8868377,22.5703669],[113.88675,22.5702894]]]]},"properties":{"name":"way/1444106792","height":0,"kind":"unknown","label":"缺少可用高度；仅展示轮廓"}},{"type":"Feature","id":"way/1444106793","geometry":{"type":"MultiPolygon","coordinates":[[[[113.8866699,22.5703667],[113.8867365,22.5703024],[113.8868242,22.5703799],[113.8867576,22.5704442],[113.8866699,22.5703667]]]]},"properties":{"name":"way/1444106793","height":0,"kind":"unknown","label":"缺少可用高度；仅展示轮廓"}},{"type":"Feature","id":"way/1444106794","geometry":{"type":"MultiPolygon","coordinates":[[[[113.8865898,22.570444],[113.8866564,22.5703797],[113.8867441,22.5704571],[113.8866775,22.5705214],[113.8865898,22.570444]]]]},"properties":{"name":"way/1444106794","height":0,"kind":"unknown","label":"缺少可用高度；仅展示轮廓"}},{"type":"Feature","id":"way/1444106795","geometry":{"type":"MultiPolygon","coordinates":[[[[113.8865098,22.5705212],[113.8865764,22.5704569],[113.8866641,22.5705344],[113.8865974,22.5705987],[113.8865098,22.5705212]]]]},"properties":{"name":"way/1444106795","height":0,"kind":"unknown","label":"缺少可用高度；仅展示轮廓"}},{"type":"Feature","id":"way/1444106796","geometry":{"type":"MultiPolygon","coordinates":[[[[113.8875604,22.5698291],[113.8877071,22.5696875],[113.8878793,22.5698397],[113.8877327,22.5699813],[113.8875604,22.5698291]]]]},"properties":{"name":"way/1444106796","height":0,"kind":"unknown","label":"缺少可用高度；仅展示轮廓"}},{"type":"Feature","id":"way/1444106797","geometry":{"type":"MultiPolygon","coordinates":[[[[113.8871152,22.5701759],[113.8871819,22.5701116],[113.8872695,22.570189],[113.8872029,22.5702533],[113.8871152,22.5701759]]]]},"properties":{"name":"way/1444106797","height":0,"kind":"unknown","label":"缺少可用高度；仅展示轮廓"}},{"type":"Feature","id":"way/1444106798","geometry":{"type":"MultiPolygon","coordinates":[[[[113.886986,22.5700616],[113.8870526,22.5699973],[113.8871403,22.5700748],[113.8870736,22.570139],[113.886986,22.5700616]]]]},"properties":{"name":"way/1444106798","height":0,"kind":"unknown","label":"缺少可用高度；仅展示轮廓"}},{"type":"Feature","id":"way/1444106799","geometry":{"type":"MultiPolygon","coordinates":[[[[113.887066,22.5699843],[113.8871327,22.56992],[113.8872203,22.5699975],[113.8871537,22.5700618],[113.887066,22.5699843]]]]},"properties":{"name":"way/1444106799","height":0,"kind":"unknown","label":"缺少可用高度；仅展示轮廓"}},{"type":"Feature","id":"way/1444106800","geometry":{"type":"MultiPolygon","coordinates":[[[[113.8872446,22.5702902],[113.8873112,22.5702259],[113.8873989,22.5703033],[113.8873323,22.5703676],[113.8872446,22.5702902]]]]},"properties":{"name":"way/1444106800","height":0,"kind":"unknown","label":"缺少可用高度；仅展示轮廓"}},{"type":"Feature","id":"way/1444106801","geometry":{"type":"MultiPolygon","coordinates":[[[[113.8875649,22.5699811],[113.8876315,22.5699168],[113.8877192,22.5699942],[113.8876526,22.5700585],[113.8875649,22.5699811]]]]},"properties":{"name":"way/1444106801","height":0,"kind":"unknown","label":"缺少可用高度；仅展示轮廓"}},{"type":"Feature","id":"way/1444106802","geometry":{"type":"MultiPolygon","coordinates":[[[[113.8875033,22.5705185],[113.88757,22.5704542],[113.8876576,22.5705317],[113.887591,22.570596],[113.8875033,22.5705185]]]]},"properties":{"name":"way/1444106802","height":0,"kind":"unknown","label":"缺少可用高度；仅展示轮廓"}},{"type":"Feature","id":"way/1444106803","geometry":{"type":"MultiPolygon","coordinates":[[[[113.8874848,22.5700583],[113.8875515,22.569994],[113.8876391,22.5700715],[113.8875725,22.5701358],[113.8874848,22.5700583]]]]},"properties":{"name":"way/1444106803","height":0,"kind":"unknown","label":"缺少可用高度；仅展示轮廓"}},{"type":"Feature","id":"way/1444106804","geometry":{"type":"MultiPolygon","coordinates":[[[[113.8879838,22.5700549],[113.8880504,22.5699906],[113.8881381,22.570068],[113.8880714,22.5701323],[113.8879838,22.5700549]]]]},"properties":{"name":"way/1444106804","height":0,"kind":"unknown","label":"缺少可用高度；仅展示轮廓"}},{"type":"Feature","id":"way/1444106805","geometry":{"type":"MultiPolygon","coordinates":[[[[113.8874048,22.5701356],[113.8874714,22.5700713],[113.8875591,22.5701488],[113.8874924,22.5702131],[113.8874048,22.5701356]]]]},"properties":{"name":"way/1444106805","height":0,"kind":"unknown","label":"缺少可用高度；仅展示轮廓"}},{"type":"Feature","id":"way/1444106806","geometry":{"type":"MultiPolygon","coordinates":[[[[113.8879037,22.5701321],[113.8879703,22.5700678],[113.888058,22.5701453],[113.8879914,22.5702096],[113.8879037,22.5701321]]]]},"properties":{"name":"way/1444106806","height":0,"kind":"unknown","label":"缺少可用高度；仅展示轮廓"}},{"type":"Feature","id":"way/1444106807","geometry":{"type":"MultiPolygon","coordinates":[[[[113.8873247,22.5702129],[113.8873913,22.5701486],[113.887479,22.5702261],[113.8874124,22.5702904],[113.8873247,22.5702129]]]]},"properties":{"name":"way/1444106807","height":0,"kind":"unknown","label":"缺少可用高度；仅展示轮廓"}},{"type":"Feature","id":"way/1444106808","geometry":{"type":"MultiPolygon","coordinates":[[[[113.8878236,22.5702094],[113.8878902,22.5701451],[113.8879779,22.5702226],[113.8879113,22.5702869],[113.8878236,22.5702094]]]]},"properties":{"name":"way/1444106808","height":0,"kind":"unknown","label":"缺少可用高度；仅展示轮廓"}},{"type":"Feature","id":"way/1444106809","geometry":{"type":"MultiPolygon","coordinates":[[[[113.8877435,22.5702867],[113.8878102,22.5702224],[113.8878979,22.5702999],[113.8878312,22.5703642],[113.8877435,22.5702867]]]]},"properties":{"name":"way/1444106809","height":0,"kind":"unknown","label":"缺少可用高度；仅展示轮廓"}},{"type":"Feature","id":"way/1444106810","geometry":{"type":"MultiPolygon","coordinates":[[[[113.8876635,22.570364],[113.8877301,22.5702997],[113.8878178,22.5703771],[113.8877512,22.5704414],[113.8876635,22.570364]]]]},"properties":{"name":"way/1444106810","height":0,"kind":"unknown","label":"缺少可用高度；仅展示轮廓"}},{"type":"Feature","id":"way/1444106811","geometry":{"type":"MultiPolygon","coordinates":[[[[113.8875834,22.5704412],[113.88765,22.5703769],[113.8877377,22.5704544],[113.8876711,22.5705187],[113.8875834,22.5704412]]]]},"properties":{"name":"way/1444106811","height":0,"kind":"unknown","label":"缺少可用高度；仅展示轮廓"}},{"type":"Feature","id":"way/1444106812","geometry":{"type":"MultiPolygon","coordinates":[[[[113.8873739,22.5704042],[113.8874406,22.5703399],[113.8875283,22.5704174],[113.8874616,22.5704817],[113.8873739,22.5704042]]]]},"properties":{"name":"way/1444106812","height":0,"kind":"unknown","label":"缺少可用高度；仅展示轮廓"}},{"type":"Feature","id":"way/1444106813","geometry":{"type":"MultiPolygon","coordinates":[[[[113.8878544,22.5699405],[113.887921,22.5698763],[113.8880087,22.5699537],[113.8879421,22.570018],[113.8878544,22.5699405]]]]},"properties":{"name":"way/1444106813","height":0,"kind":"unknown","label":"缺少可用高度；仅展示轮廓"}},{"type":"Feature","id":"way/1444106814","geometry":{"type":"MultiPolygon","coordinates":[[[[113.8877743,22.5700178],[113.8878409,22.5699535],[113.8879286,22.570031],[113.887862,22.5700953],[113.8877743,22.5700178]]]]},"properties":{"name":"way/1444106814","height":0,"kind":"unknown","label":"缺少可用高度；仅展示轮廓"}},{"type":"Feature","id":"way/1444106815","geometry":{"type":"MultiPolygon","coordinates":[[[[113.8876942,22.5700951],[113.8877608,22.5700308],[113.8878485,22.5701083],[113.8877819,22.5701726],[113.8876942,22.5700951]]]]},"properties":{"name":"way/1444106815","height":0,"kind":"unknown","label":"缺少可用高度；仅展示轮廓"}},{"type":"Feature","id":"way/1444106816","geometry":{"type":"MultiPolygon","coordinates":[[[[113.8876142,22.5701724],[113.8876808,22.5701081],[113.8877685,22.5701856],[113.8877018,22.5702499],[113.8876142,22.5701724]]]]},"properties":{"name":"way/1444106816","height":0,"kind":"unknown","label":"缺少可用高度；仅展示轮廓"}},{"type":"Feature","id":"way/1444106817","geometry":{"type":"MultiPolygon","coordinates":[[[[113.8874355,22.5698668],[113.8875021,22.5698025],[113.8875898,22.5698799],[113.8875232,22.5699442],[113.8874355,22.5698668]]]]},"properties":{"name":"way/1444106817","height":0,"kind":"unknown","label":"缺少可用高度；仅展示轮廓"}},{"type":"Feature","id":"way/1444106818","geometry":{"type":"MultiPolygon","coordinates":[[[[113.8875341,22.5702497],[113.8876007,22.5701854],[113.8876884,22.5702628],[113.8876218,22.5703271],[113.8875341,22.5702497]]]]},"properties":{"name":"way/1444106818","height":0,"kind":"unknown","label":"缺少可用高度；仅展示轮廓"}},{"type":"Feature","id":"way/1444106819","geometry":{"type":"MultiPolygon","coordinates":[[[[113.8873554,22.569944],[113.8874221,22.5698797],[113.8875097,22.5699572],[113.8874431,22.5700215],[113.8873554,22.569944]]]]},"properties":{"name":"way/1444106819","height":0,"kind":"unknown","label":"缺少可用高度；仅展示轮廓"}},{"type":"Feature","id":"way/1444106820","geometry":{"type":"MultiPolygon","coordinates":[[[[113.8872754,22.5700213],[113.887342,22.569957],[113.8874297,22.5700345],[113.8873631,22.5700988],[113.8872754,22.5700213]]]]},"properties":{"name":"way/1444106820","height":0,"kind":"unknown","label":"缺少可用高度；仅展示轮廓"}},{"type":"Feature","id":"way/1444106821","geometry":{"type":"MultiPolygon","coordinates":[[[[113.887454,22.5703269],[113.8875206,22.5702626],[113.8876083,22.5703401],[113.8875417,22.5704044],[113.887454,22.5703269]]]]},"properties":{"name":"way/1444106821","height":0,"kind":"unknown","label":"缺少可用高度；仅展示轮廓"}},{"type":"Feature","id":"way/1444106822","geometry":{"type":"MultiPolygon","coordinates":[[[[113.8871953,22.5700986],[113.8872619,22.5700343],[113.8873496,22.5701118],[113.887283,22.5701761],[113.8871953,22.5700986]]]]},"properties":{"name":"way/1444106822","height":0,"kind":"unknown","label":"缺少可用高度；仅展示轮廓"}},{"type":"Feature","id":"way/1444106823","geometry":{"type":"MultiPolygon","coordinates":[[[[113.8873863,22.5696752],[113.8874529,22.5696109],[113.8875406,22.5696884],[113.887474,22.5697527],[113.8873863,22.5696752]]]]},"properties":{"name":"way/1444106823","height":0,"kind":"unknown","label":"缺少可用高度；仅展示轮廓"}},{"type":"Feature","id":"way/1444106824","geometry":{"type":"MultiPolygon","coordinates":[[[[113.8873062,22.5697525],[113.8873729,22.5696882],[113.8874605,22.5697656],[113.8873939,22.5698299],[113.8873062,22.5697525]]]]},"properties":{"name":"way/1444106824","height":0,"kind":"unknown","label":"缺少可用高度；仅展示轮廓"}},{"type":"Feature","id":"way/1444106825","geometry":{"type":"MultiPolygon","coordinates":[[[[113.8872262,22.5698297],[113.8872928,22.5697654],[113.8873805,22.5698429],[113.8873139,22.5699072],[113.8872262,22.5698297]]]]},"properties":{"name":"way/1444106825","height":0,"kind":"unknown","label":"缺少可用高度；仅展示轮廓"}},{"type":"Feature","id":"way/1444106826","geometry":{"type":"MultiPolygon","coordinates":[[[[113.8871461,22.569907],[113.8872127,22.5698427],[113.8873004,22.5699202],[113.8872338,22.5699845],[113.8871461,22.569907]]]]},"properties":{"name":"way/1444106826","height":0,"kind":"unknown","label":"缺少可用高度；仅展示轮廓"}},{"type":"Feature","id":"way/1444106827","geometry":{"type":"MultiPolygon","coordinates":[[[[113.8880638,22.5699776],[113.8881304,22.5699133],[113.8882181,22.5699908],[113.8881515,22.5700551],[113.8880638,22.5699776]]]]},"properties":{"name":"way/1444106827","height":0,"kind":"unknown","label":"缺少可用高度；仅展示轮廓"}},{"type":"Feature","id":"way/1444106828","geometry":{"type":"MultiPolygon","coordinates":[[[[113.8886243,22.5694367],[113.8886909,22.5693724],[113.8887786,22.5694498],[113.888712,22.5695141],[113.8886243,22.5694367]]]]},"properties":{"name":"way/1444106828","height":0,"kind":"unknown","label":"缺少可用高度；仅展示轮廓"}},{"type":"Feature","id":"way/1444106829","geometry":{"type":"MultiPolygon","coordinates":[[[[113.8885442,22.5695139],[113.8886109,22.5694496],[113.8886985,22.5695271],[113.8886319,22.5695914],[113.8885442,22.5695139]]]]},"properties":{"name":"way/1444106829","height":0,"kind":"unknown","label":"缺少可用高度；仅展示轮廓"}},{"type":"Feature","id":"way/1444106830","geometry":{"type":"MultiPolygon","coordinates":[[[[113.8884642,22.5695912],[113.8885308,22.5695269],[113.8886185,22.5696044],[113.8885519,22.5696687],[113.8884642,22.5695912]]]]},"properties":{"name":"way/1444106830","height":0,"kind":"unknown","label":"缺少可用高度；仅展示轮廓"}},{"type":"Feature","id":"way/1444106831","geometry":{"type":"MultiPolygon","coordinates":[[[[113.8883841,22.5696685],[113.8884507,22.5696042],[113.8885384,22.5696817],[113.8884718,22.569746],[113.8883841,22.5696685]]]]},"properties":{"name":"way/1444106831","height":0,"kind":"unknown","label":"缺少可用高度；仅展示轮廓"}},{"type":"Feature","id":"way/1444106832","geometry":{"type":"MultiPolygon","coordinates":[[[[113.888304,22.5697458],[113.8883707,22.5696815],[113.8884583,22.5697589],[113.8883917,22.5698232],[113.888304,22.5697458]]]]},"properties":{"name":"way/1444106832","height":0,"kind":"unknown","label":"缺少可用高度；仅展示轮廓"}},{"type":"Feature","id":"way/1444106833","geometry":{"type":"MultiPolygon","coordinates":[[[[113.888224,22.5698231],[113.8882906,22.5697588],[113.8883783,22.5698362],[113.8883116,22.5699005],[113.888224,22.5698231]]]]},"properties":{"name":"way/1444106833","height":0,"kind":"unknown","label":"缺少可用高度；仅展示轮廓"}},{"type":"Feature","id":"way/1444106834","geometry":{"type":"MultiPolygon","coordinates":[[[[113.8881439,22.5699003],[113.8882105,22.569836],[113.8882982,22.5699135],[113.8882316,22.5699778],[113.8881439,22.5699003]]]]},"properties":{"name":"way/1444106834","height":0,"kind":"unknown","label":"缺少可用高度；仅展示轮廓"}},{"type":"Feature","id":"way/1444106835","geometry":{"type":"MultiPolygon","coordinates":[[[[113.8879344,22.5698633],[113.8880011,22.569799],[113.8880887,22.5698765],[113.8880221,22.5699408],[113.8879344,22.5698633]]]]},"properties":{"name":"way/1444106835","height":0,"kind":"unknown","label":"缺少可用高度；仅展示轮廓"}},{"type":"Feature","id":"way/1444106836","geometry":{"type":"MultiPolygon","coordinates":[[[[113.8884949,22.5693224],[113.8885615,22.5692581],[113.8886492,22.5693355],[113.8885826,22.5693998],[113.8884949,22.5693224]]]]},"properties":{"name":"way/1444106836","height":0,"kind":"unknown","label":"缺少可用高度；仅展示轮廓"}},{"type":"Feature","id":"way/1444106837","geometry":{"type":"MultiPolygon","coordinates":[[[[113.8884149,22.5693996],[113.8884815,22.5693353],[113.8885692,22.5694128],[113.8885025,22.5694771],[113.8884149,22.5693996]]]]},"properties":{"name":"way/1444106837","height":0,"kind":"unknown","label":"缺少可用高度；仅展示轮廓"}},{"type":"Feature","id":"way/1444106838","geometry":{"type":"MultiPolygon","coordinates":[[[[113.8883348,22.5694769],[113.8884014,22.5694126],[113.8884891,22.5694901],[113.8884225,22.5695544],[113.8883348,22.5694769]]]]},"properties":{"name":"way/1444106838","height":0,"kind":"unknown","label":"缺少可用高度；仅展示轮廓"}},{"type":"Feature","id":"way/1444106839","geometry":{"type":"MultiPolygon","coordinates":[[[[113.8882547,22.5695542],[113.8883213,22.5694899],[113.888409,22.5695674],[113.8883424,22.5696317],[113.8882547,22.5695542]]]]},"properties":{"name":"way/1444106839","height":0,"kind":"unknown","label":"缺少可用高度；仅展示轮廓"}},{"type":"Feature","id":"way/1444106840","geometry":{"type":"MultiPolygon","coordinates":[[[[113.8881746,22.5696315],[113.8882413,22.5695672],[113.8883289,22.5696446],[113.8882623,22.5697089],[113.8881746,22.5696315]]]]},"properties":{"name":"way/1444106840","height":0,"kind":"unknown","label":"缺少可用高度；仅展示轮廓"}},{"type":"Feature","id":"way/1444106841","geometry":{"type":"MultiPolygon","coordinates":[[[[113.8880946,22.5697087],[113.8881612,22.5696444],[113.8882489,22.5697219],[113.8881823,22.5697862],[113.8880946,22.5697087]]]]},"properties":{"name":"way/1444106841","height":0,"kind":"unknown","label":"缺少可用高度；仅展示轮廓"}},{"type":"Feature","id":"way/1444106842","geometry":{"type":"MultiPolygon","coordinates":[[[[113.8880145,22.569786],[113.8880811,22.5697217],[113.8881688,22.5697992],[113.8881022,22.5698635],[113.8880145,22.569786]]]]},"properties":{"name":"way/1444106842","height":0,"kind":"unknown","label":"缺少可用高度；仅展示轮廓"}},{"type":"Feature","id":"way/1444106843","geometry":{"type":"MultiPolygon","coordinates":[[[[113.8878051,22.5697493],[113.8878717,22.569685],[113.8879594,22.5697624],[113.8878928,22.5698267],[113.8878051,22.5697493]]]]},"properties":{"name":"way/1444106843","height":0,"kind":"unknown","label":"缺少可用高度；仅展示轮廓"}},{"type":"Feature","id":"way/1444106844","geometry":{"type":"MultiPolygon","coordinates":[[[[113.8883656,22.5692083],[113.8884322,22.569144],[113.8885199,22.5692215],[113.8884533,22.5692858],[113.8883656,22.5692083]]]]},"properties":{"name":"way/1444106844","height":0,"kind":"unknown","label":"缺少可用高度；仅展示轮廓"}},{"type":"Feature","id":"way/1444106845","geometry":{"type":"MultiPolygon","coordinates":[[[[113.8882855,22.5692856],[113.8883521,22.5692213],[113.8884398,22.5692988],[113.8883732,22.5693631],[113.8882855,22.5692856]]]]},"properties":{"name":"way/1444106845","height":0,"kind":"unknown","label":"缺少可用高度；仅展示轮廓"}},{"type":"Feature","id":"way/1444106846","geometry":{"type":"MultiPolygon","coordinates":[[[[113.8882055,22.5693629],[113.8882721,22.5692986],[113.8883598,22.569376],[113.8882931,22.5694403],[113.8882055,22.5693629]]]]},"properties":{"name":"way/1444106846","height":0,"kind":"unknown","label":"缺少可用高度；仅展示轮廓"}},{"type":"Feature","id":"way/1444106847","geometry":{"type":"MultiPolygon","coordinates":[[[[113.8881254,22.5694401],[113.888192,22.5693758],[113.8882797,22.5694533],[113.8882131,22.5695176],[113.8881254,22.5694401]]]]},"properties":{"name":"way/1444106847","height":0,"kind":"unknown","label":"缺少可用高度；仅展示轮廓"}},{"type":"Feature","id":"way/1444106848","geometry":{"type":"MultiPolygon","coordinates":[[[[113.8880453,22.5695174],[113.8881119,22.5694531],[113.8881996,22.5695306],[113.888133,22.5695949],[113.8880453,22.5695174]]]]},"properties":{"name":"way/1444106848","height":0,"kind":"unknown","label":"缺少可用高度；仅展示轮廓"}},{"type":"Feature","id":"way/1444106849","geometry":{"type":"MultiPolygon","coordinates":[[[[113.8879652,22.5695947],[113.8880319,22.5695304],[113.8881196,22.5696079],[113.8880529,22.5696722],[113.8879652,22.5695947]]]]},"properties":{"name":"way/1444106849","height":0,"kind":"unknown","label":"缺少可用高度；仅展示轮廓"}},{"type":"Feature","id":"way/1444106850","geometry":{"type":"MultiPolygon","coordinates":[[[[113.8878852,22.569672],[113.8879518,22.5696077],[113.8880395,22.5696852],[113.8879729,22.5697495],[113.8878852,22.569672]]]]},"properties":{"name":"way/1444106850","height":0,"kind":"unknown","label":"缺少可用高度；仅展示轮廓"}},{"type":"Feature","id":"way/1444106851","geometry":{"type":"MultiPolygon","coordinates":[[[[113.8876757,22.569635],[113.8877423,22.5695707],[113.88783,22.5696481],[113.8877634,22.5697124],[113.8876757,22.569635]]]]},"properties":{"name":"way/1444106851","height":0,"kind":"unknown","label":"缺少可用高度；仅展示轮廓"}},{"type":"Feature","id":"way/1444106852","geometry":{"type":"MultiPolygon","coordinates":[[[[113.8882362,22.569094],[113.8883028,22.5690297],[113.8883905,22.5691072],[113.8883239,22.5691715],[113.8882362,22.569094]]]]},"properties":{"name":"way/1444106852","height":0,"kind":"unknown","label":"缺少可用高度；仅展示轮廓"}},{"type":"Feature","id":"way/1444106853","geometry":{"type":"MultiPolygon","coordinates":[[[[113.8881561,22.5691713],[113.8882228,22.569107],[113.8883104,22.5691845],[113.8882438,22.5692488],[113.8881561,22.5691713]]]]},"properties":{"name":"way/1444106853","height":0,"kind":"unknown","label":"缺少可用高度；仅展示轮廓"}},{"type":"Feature","id":"way/1444106854","geometry":{"type":"MultiPolygon","coordinates":[[[[113.8880761,22.5692486],[113.8881427,22.5691843],[113.8882304,22.5692617],[113.8881638,22.569326],[113.8880761,22.5692486]]]]},"properties":{"name":"way/1444106854","height":0,"kind":"unknown","label":"缺少可用高度；仅展示轮廓"}},{"type":"Feature","id":"way/1444106855","geometry":{"type":"MultiPolygon","coordinates":[[[[113.887996,22.5693258],[113.8880626,22.5692615],[113.8881503,22.569339],[113.8880837,22.5694033],[113.887996,22.5693258]]]]},"properties":{"name":"way/1444106855","height":0,"kind":"unknown","label":"缺少可用高度；仅展示轮廓"}},{"type":"Feature","id":"way/1444106856","geometry":{"type":"MultiPolygon","coordinates":[[[[113.8879159,22.5694031],[113.8879825,22.5693388],[113.8880702,22.5694163],[113.8880036,22.5694806],[113.8879159,22.5694031]]]]},"properties":{"name":"way/1444106856","height":0,"kind":"unknown","label":"缺少可用高度；仅展示轮廓"}},{"type":"Feature","id":"way/1444106857","geometry":{"type":"MultiPolygon","coordinates":[[[[113.8878359,22.5694804],[113.8879025,22.5694161],[113.8879902,22.5694936],[113.8879235,22.5695579],[113.8878359,22.5694804]]]]},"properties":{"name":"way/1444106857","height":0,"kind":"unknown","label":"缺少可用高度；仅展示轮廓"}},{"type":"Feature","id":"way/1444106858","geometry":{"type":"MultiPolygon","coordinates":[[[[113.8877558,22.5695577],[113.8878224,22.5694934],[113.8879101,22.5695708],[113.8878435,22.5696351],[113.8877558,22.5695577]]]]},"properties":{"name":"way/1444106858","height":0,"kind":"unknown","label":"缺少可用高度；仅展示轮廓"}},{"type":"Feature","id":"way/1444106859","geometry":{"type":"MultiPolygon","coordinates":[[[[113.8881069,22.5689797],[113.8881736,22.5689154],[113.8882612,22.5689929],[113.8881946,22.5690572],[113.8881069,22.5689797]]]]},"properties":{"name":"way/1444106859","height":0,"kind":"unknown","label":"缺少可用高度；仅展示轮廓"}},{"type":"Feature","id":"way/1444106860","geometry":{"type":"MultiPolygon","coordinates":[[[[113.8880269,22.569057],[113.8880935,22.5689927],[113.8881812,22.5690702],[113.8881146,22.5691345],[113.8880269,22.569057]]]]},"properties":{"name":"way/1444106860","height":0,"kind":"unknown","label":"缺少可用高度；仅展示轮廓"}},{"type":"Feature","id":"way/1444106861","geometry":{"type":"MultiPolygon","coordinates":[[[[113.8879468,22.5691343],[113.8880134,22.56907],[113.8881011,22.5691474],[113.8880345,22.5692117],[113.8879468,22.5691343]]]]},"properties":{"name":"way/1444106861","height":0,"kind":"unknown","label":"缺少可用高度；仅展示轮廓"}},{"type":"Feature","id":"way/1444106862","geometry":{"type":"MultiPolygon","coordinates":[[[[113.8878667,22.5692115],[113.8879334,22.5691473],[113.888021,22.5692247],[113.8879544,22.569289],[113.8878667,22.5692115]]]]},"properties":{"name":"way/1444106862","height":0,"kind":"unknown","label":"缺少可用高度；仅展示轮廓"}},{"type":"Feature","id":"way/1444106863","geometry":{"type":"MultiPolygon","coordinates":[[[[113.8877867,22.5692888],[113.8878533,22.5692245],[113.887941,22.569302],[113.8878743,22.5693663],[113.8877867,22.5692888]]]]},"properties":{"name":"way/1444106863","height":0,"kind":"unknown","label":"缺少可用高度；仅展示轮廓"}},{"type":"Feature","id":"way/1444106864","geometry":{"type":"MultiPolygon","coordinates":[[[[113.8877066,22.5693661],[113.8877732,22.5693018],[113.8878609,22.5693793],[113.8877943,22.5694436],[113.8877066,22.5693661]]]]},"properties":{"name":"way/1444106864","height":0,"kind":"unknown","label":"缺少可用高度；仅展示轮廓"}},{"type":"Feature","id":"way/1444106865","geometry":{"type":"MultiPolygon","coordinates":[[[[113.8876265,22.5694434],[113.8876931,22.5693791],[113.8877808,22.5694566],[113.8877142,22.5695209],[113.8876265,22.5694434]]]]},"properties":{"name":"way/1444106865","height":0,"kind":"unknown","label":"缺少可用高度；仅展示轮廓"}},{"type":"Feature","id":"way/1444106866","geometry":{"type":"MultiPolygon","coordinates":[[[[113.8875464,22.5695207],[113.8876131,22.5694564],[113.8877008,22.5695338],[113.8876341,22.5695981],[113.8875464,22.5695207]]]]},"properties":{"name":"way/1444106866","height":0,"kind":"unknown","label":"缺少可用高度；仅展示轮廓"}},{"type":"Feature","id":"way/1444619364","geometry":{"type":"MultiPolygon","coordinates":[[[[113.8841182,22.5647337],[113.8844909,22.564382],[113.8851244,22.563784],[113.8854953,22.563434],[113.8856361,22.5635612],[113.8861261,22.5640039],[113.8858368,22.564277],[113.8856985,22.564239],[113.8855568,22.5642585],[113.8854151,22.5642779],[113.8852954,22.5643505],[113.8851756,22.5644231],[113.8850999,22.5645354],[113.8850242,22.5646477],[113.8850065,22.564779],[113.8849888,22.5649102],[113.8850324,22.5650362],[113.8847491,22.5653036],[113.8842547,22.564857],[113.8841182,22.5647337]]]]},"properties":{"name":"万科生活广场","height":0,"kind":"unknown","label":"缺少可用高度；仅展示轮廓"}},{"type":"Feature","id":"way/1456889812","geometry":{"type":"MultiPolygon","coordinates":[[[[113.8852469,22.570063],[113.8855598,22.5697602],[113.8856365,22.5698278],[113.8853237,22.5701306],[113.8852469,22.570063]]]]},"properties":{"name":"way/1456889812","height":0,"kind":"unknown","label":"缺少可用高度；仅展示轮廓"}},{"type":"Feature","id":"way/1457397666","geometry":{"type":"MultiPolygon","coordinates":[[[[113.8820436,22.5667371],[113.8821335,22.5666553],[113.882173,22.5666924],[113.8823829,22.5665016],[113.8823457,22.5664667],[113.8824338,22.5663867],[113.882711,22.5666469],[113.8826218,22.566728],[113.8824929,22.566607],[113.882283,22.5667976],[113.8824105,22.5669173],[113.8823216,22.566998],[113.8820436,22.5667371]]]]},"properties":{"name":"way/1457397666","height":0,"kind":"unknown","label":"缺少可用高度；仅展示轮廓"}},{"type":"Feature","id":"way/1460877360","geometry":{"type":"MultiPolygon","coordinates":[[[[113.8831453,22.5693298],[113.8833554,22.5691283],[113.8834693,22.5692296],[113.8832592,22.5694311],[113.8831453,22.5693298]]]]},"properties":{"name":"way/1460877360","height":0,"kind":"unknown","label":"缺少可用高度；仅展示轮廓"}},{"type":"Feature","id":"way/1501439338","geometry":{"type":"MultiPolygon","coordinates":[[[[113.8830257,22.5639431],[113.8830454,22.5639255],[113.8830642,22.5639087],[113.8831687,22.5640067],[113.8832029,22.5639761],[113.8832696,22.564037],[113.8832475,22.5640571],[113.8835177,22.5643178],[113.8835238,22.564312],[113.8836057,22.5643888],[113.8839098,22.5641152],[113.8839428,22.5641475],[113.8840124,22.5640853],[113.884045,22.5641167],[113.8845324,22.5636817],[113.8845096,22.5636597],[113.8846019,22.5635746],[113.8846263,22.5635979],[113.885162,22.5631185],[113.8850981,22.5630583],[113.8851036,22.5630516],[113.8848997,22.5628601],[113.8848874,22.5628712],[113.8848343,22.5628212],[113.8851832,22.5625043],[113.88521,22.5625296],[113.8852354,22.5625534],[113.8849478,22.5628146],[113.8851527,22.563007],[113.885285,22.5628851],[113.8852931,22.5628927],[113.8855764,22.5626374],[113.8858447,22.5628891],[113.8856873,22.5630308],[113.8856663,22.5630108],[113.8853307,22.5632944],[113.8853568,22.5633191],[113.8853608,22.5633155],[113.8853938,22.5633453],[113.8857823,22.5629995],[113.8858086,22.5630246],[113.885836,22.5630507],[113.8853883,22.5634544],[113.8853316,22.5634009],[113.885325,22.5634073],[113.8852919,22.5633756],[113.8852993,22.5633695],[113.885273,22.5633455],[113.8838699,22.564615],[113.883874,22.5646247],[113.8838005,22.5646924],[113.8842966,22.5651635],[113.8842688,22.5651887],[113.8842423,22.5652125],[113.8837471,22.5647391],[113.8836406,22.5648322],[113.8834178,22.5646212],[113.8835692,22.5644809],[113.8835371,22.5644509],[113.883544,22.5644447],[113.8834674,22.5643719],[113.8834637,22.5643584],[113.8831946,22.5641038],[113.8831849,22.5641125],[113.8831197,22.5640513],[113.8831302,22.5640413],[113.8830257,22.5639431]]]]},"properties":{"name":"宝安站","height":0,"kind":"unknown","label":"缺少可用高度；仅展示轮廓"}}]}