{"type":"FeatureCollection","features":[{"type":"Feature","id":"way/968110528","geometry":{"type":"MultiPolygon","coordinates":[[[[113.8363137,22.7402296],[113.8366754,22.7401565],[113.8367725,22.7405658],[113.8364109,22.7406388],[113.8363137,22.7402296]]]]},"properties":{"name":"A","height":0,"kind":"unknown","label":"缺少可用高度；仅展示轮廓"}},{"type":"Feature","id":"way/968110529","geometry":{"type":"MultiPolygon","coordinates":[[[[113.8368472,22.7409714],[113.8372125,22.7408954],[113.8374381,22.7408485],[113.8374992,22.7410983],[113.8369084,22.7412212],[113.8368472,22.7409714]]]]},"properties":{"name":"D","height":0,"kind":"unknown","label":"缺少可用高度；仅展示轮廓"}},{"type":"Feature","id":"way/968110530","geometry":{"type":"MultiPolygon","coordinates":[[[[113.8368252,22.7399071],[113.8371733,22.7398346],[113.8372299,22.7400661],[113.8371569,22.7400813],[113.8368818,22.7401385],[113.8368252,22.7399071]]]]},"properties":{"name":"B","height":0,"kind":"unknown","label":"缺少可用高度；仅展示轮廓"}},{"type":"Feature","id":"way/968110531","geometry":{"type":"MultiPolygon","coordinates":[[[[113.836935,22.7401948],[113.8371725,22.7401454],[113.8372456,22.7401302],[113.8372616,22.7401268],[113.8374062,22.7407183],[113.8371807,22.7407652],[113.8370797,22.7407862],[113.836935,22.7401948]]]]},"properties":{"name":"C","height":0,"kind":"unknown","label":"缺少可用高度；仅展示轮廓"}},{"type":"Feature","id":"way/968354638","geometry":{"type":"MultiPolygon","coordinates":[[[[113.8371807,22.7407652],[113.8374062,22.7407183],[113.8374204,22.7407762],[113.8374381,22.7408485],[113.8372125,22.7408954],[113.8371807,22.7407652]]]]},"properties":{"name":"way/968354638","height":0,"kind":"unknown","label":"缺少可用高度；仅展示轮廓"}},{"type":"Feature","id":"way/968355186","geometry":{"type":"MultiPolygon","coordinates":[[[[113.8371569,22.7400813],[113.8372299,22.7400661],[113.8372456,22.7401302],[113.8371725,22.7401454],[113.8371569,22.7400813]]]]},"properties":{"name":"way/968355186","height":0,"kind":"unknown","label":"缺少可用高度；仅展示轮廓"}},{"type":"Feature","id":"way/968355187","geometry":{"type":"MultiPolygon","coordinates":[[[[113.8365146,22.740046],[113.8366491,22.740023],[113.8366655,22.7401051],[113.836531,22.740128],[113.8365146,22.740046]]]]},"properties":{"name":"E","height":0,"kind":"unknown","label":"缺少可用高度；仅展示轮廓"}},{"type":"Feature","id":"way/1448328150","geometry":{"type":"MultiPolygon","coordinates":[[[[113.8302419,22.7420206],[113.8307253,22.7417252],[113.8308844,22.7419467],[113.830401,22.7422421],[113.8302419,22.7420206]]]]},"properties":{"name":"way/1448328150","height":0,"kind":"unknown","label":"缺少可用高度；仅展示轮廓"}},{"type":"Feature","id":"way/1448350896","geometry":{"type":"MultiPolygon","coordinates":[[[[113.8392529,22.739051],[113.8393122,22.7390376],[113.8393052,22.7390114],[113.8393983,22.7389904],[113.8394412,22.7391518],[113.8393481,22.7391728],[113.8393411,22.7391467],[113.8392818,22.73916],[113.8392529,22.739051]]]]},"properties":{"name":"way/1448350896","height":0,"kind":"unknown","label":"缺少可用高度；仅展示轮廓"}},{"type":"Feature","id":"way/1448350897","geometry":{"type":"MultiPolygon","coordinates":[[[[113.8393259,22.7393546],[113.839419,22.7393336],[113.8394259,22.7393597],[113.8394852,22.7393464],[113.8395142,22.7394554],[113.8394549,22.7394688],[113.8394618,22.739495],[113.8393687,22.739516],[113.8393259,22.7393546]]]]},"properties":{"name":"way/1448350897","height":0,"kind":"unknown","label":"缺少可用高度；仅展示轮廓"}},{"type":"Feature","id":"way/1448350898","geometry":{"type":"MultiPolygon","coordinates":[[[[113.8394229,22.7397054],[113.8394822,22.739692],[113.8394753,22.7396659],[113.8395684,22.7396448],[113.8396112,22.7398062],[113.8395181,22.7398273],[113.8395112,22.7398011],[113.8394519,22.7398145],[113.8394229,22.7397054]]]]},"properties":{"name":"way/1448350898","height":0,"kind":"unknown","label":"缺少可用高度；仅展示轮廓"}},{"type":"Feature","id":"way/1448350899","geometry":{"type":"MultiPolygon","coordinates":[[[[113.838958,22.7391133],[113.8390173,22.7390999],[113.8390104,22.7390737],[113.8391034,22.7390527],[113.8391463,22.7392141],[113.8390532,22.7392351],[113.8390463,22.7392089],[113.8389869,22.7392223],[113.838958,22.7391133]]]]},"properties":{"name":"way/1448350899","height":0,"kind":"unknown","label":"缺少可用高度；仅展示轮廓"}},{"type":"Feature","id":"way/1448350900","geometry":{"type":"MultiPolygon","coordinates":[[[[113.839031,22.7394169],[113.8391241,22.7393958],[113.839131,22.739422],[113.8391903,22.7394086],[113.8392193,22.7395177],[113.83916,22.7395311],[113.8391669,22.7395572],[113.8390738,22.7395783],[113.839031,22.7394169]]]]},"properties":{"name":"way/1448350900","height":0,"kind":"unknown","label":"缺少可用高度；仅展示轮廓"}},{"type":"Feature","id":"way/1448350901","geometry":{"type":"MultiPolygon","coordinates":[[[[113.839128,22.7397677],[113.8391874,22.7397543],[113.8391804,22.7397281],[113.8392735,22.7397071],[113.8393163,22.7398685],[113.8392233,22.7398895],[113.8392163,22.7398633],[113.839157,22.7398767],[113.839128,22.7397677]]]]},"properties":{"name":"way/1448350901","height":0,"kind":"unknown","label":"缺少可用高度；仅展示轮廓"}},{"type":"Feature","id":"way/1448350902","geometry":{"type":"MultiPolygon","coordinates":[[[[113.8396151,22.7388403],[113.8398112,22.7388063],[113.8402138,22.7407849],[113.8400177,22.7408189],[113.8396151,22.7388403]]]]},"properties":{"name":"way/1448350902","height":0,"kind":"unknown","label":"缺少可用高度；仅展示轮廓"}},{"type":"Feature","id":"way/1448350904","geometry":{"type":"MultiPolygon","coordinates":[[[[113.8383856,22.7392073],[113.8387805,22.7391193],[113.8388245,22.7392872],[113.8384295,22.7393752],[113.8383856,22.7392073]]]]},"properties":{"name":"way/1448350904","height":0,"kind":"unknown","label":"缺少可用高度；仅展示轮廓"}},{"type":"Feature","id":"way/1448350905","geometry":{"type":"MultiPolygon","coordinates":[[[[113.8378209,22.7392975],[113.8382104,22.7392108],[113.8382514,22.7393673],[113.8378619,22.739454],[113.8378209,22.7392975]]]]},"properties":{"name":"way/1448350905","height":0,"kind":"unknown","label":"缺少可用高度；仅展示轮廓"}},{"type":"Feature","id":"way/1448350906","geometry":{"type":"MultiPolygon","coordinates":[[[[113.8361947,22.7414816],[113.8363815,22.7414335],[113.8365714,22.7420618],[113.8363846,22.7421099],[113.8361947,22.7414816]]]]},"properties":{"name":"way/1448350906","height":0,"kind":"unknown","label":"缺少可用高度；仅展示轮廓"}},{"type":"Feature","id":"way/1448350907","geometry":{"type":"MultiPolygon","coordinates":[[[[113.8357425,22.7423624],[113.8357427,22.742188],[113.8365281,22.7421887],[113.8365279,22.7423631],[113.8357425,22.7423624]]]]},"properties":{"name":"way/1448350907","height":0,"kind":"unknown","label":"缺少可用高度；仅展示轮廓"}},{"type":"Feature","id":"way/1448350908","geometry":{"type":"MultiPolygon","coordinates":[[[[113.8367536,22.7413798],[113.8370017,22.7413245],[113.8371548,22.7419093],[113.8369068,22.7419646],[113.8367536,22.7413798]]]]},"properties":{"name":"way/1448350908","height":0,"kind":"unknown","label":"缺少可用高度；仅展示轮廓"}},{"type":"Feature","id":"way/1448350910","geometry":{"type":"MultiPolygon","coordinates":[[[[113.8392075,22.7401723],[113.83969,22.7400648],[113.8398552,22.7406954],[113.8393726,22.7408029],[113.8392075,22.7401723]]]]},"properties":{"name":"新城源综合市场","height":0,"kind":"unknown","label":"缺少可用高度；仅展示轮廓"}},{"type":"Feature","id":"way/1448350913","geometry":{"type":"MultiPolygon","coordinates":[[[[113.8371921,22.7415993],[113.8376078,22.7415067],[113.8376477,22.7416593],[113.8372321,22.7417519],[113.8371921,22.7415993]]]]},"properties":{"name":"way/1448350913","height":0,"kind":"unknown","label":"缺少可用高度；仅展示轮廓"}},{"type":"Feature","id":"way/1448350914","geometry":{"type":"MultiPolygon","coordinates":[[[[113.837129,22.7413572],[113.8375447,22.7412646],[113.8375846,22.7414172],[113.837169,22.7415098],[113.837129,22.7413572]]]]},"properties":{"name":"way/1448350914","height":0,"kind":"unknown","label":"缺少可用高度；仅展示轮廓"}},{"type":"Feature","id":"way/1448350915","geometry":{"type":"MultiPolygon","coordinates":[[[[113.8372525,22.7418297],[113.8376681,22.7417371],[113.8377081,22.7418897],[113.8372924,22.7419823],[113.8372525,22.7418297]]]]},"properties":{"name":"way/1448350915","height":0,"kind":"unknown","label":"缺少可用高度；仅展示轮廓"}},{"type":"Feature","id":"way/1448350916","geometry":{"type":"MultiPolygon","coordinates":[[[[113.8388582,22.7411369],[113.8392739,22.7410443],[113.8393138,22.7411969],[113.8388982,22.7412895],[113.8388582,22.7411369]]]]},"properties":{"name":"way/1448350916","height":0,"kind":"unknown","label":"缺少可用高度；仅展示轮廓"}},{"type":"Feature","id":"way/1448350917","geometry":{"type":"MultiPolygon","coordinates":[[[[113.8387979,22.7409064],[113.8392135,22.7408139],[113.8392535,22.7409665],[113.8388378,22.741059],[113.8387979,22.7409064]]]]},"properties":{"name":"way/1448350917","height":0,"kind":"unknown","label":"缺少可用高度；仅展示轮廓"}},{"type":"Feature","id":"way/1448350918","geometry":{"type":"MultiPolygon","coordinates":[[[[113.8387348,22.7406644],[113.8391504,22.7405718],[113.8391904,22.7407244],[113.8387747,22.740817],[113.8387348,22.7406644]]]]},"properties":{"name":"way/1448350918","height":0,"kind":"unknown","label":"缺少可用高度；仅展示轮廓"}},{"type":"Feature","id":"way/1448350919","geometry":{"type":"MultiPolygon","coordinates":[[[[113.8386744,22.7404339],[113.8390901,22.7403414],[113.8391301,22.740494],[113.8387144,22.7405865],[113.8386744,22.7404339]]]]},"properties":{"name":"way/1448350919","height":0,"kind":"unknown","label":"缺少可用高度；仅展示轮廓"}},{"type":"Feature","id":"way/1448350920","geometry":{"type":"MultiPolygon","coordinates":[[[[113.8386115,22.7401911],[113.8390272,22.7400985],[113.8390671,22.7402511],[113.8386515,22.7403437],[113.8386115,22.7401911]]]]},"properties":{"name":"way/1448350920","height":0,"kind":"unknown","label":"缺少可用高度；仅展示轮廓"}},{"type":"Feature","id":"way/1448350921","geometry":{"type":"MultiPolygon","coordinates":[[[[113.8385512,22.7399606],[113.8389668,22.739868],[113.8390068,22.7400207],[113.8385911,22.7401132],[113.8385512,22.7399606]]]]},"properties":{"name":"way/1448350921","height":0,"kind":"unknown","label":"缺少可用高度；仅展示轮廓"}},{"type":"Feature","id":"way/1448350922","geometry":{"type":"MultiPolygon","coordinates":[[[[113.8384277,22.7394881],[113.8388434,22.7393955],[113.8388833,22.7395482],[113.8384677,22.7396407],[113.8384277,22.7394881]]]]},"properties":{"name":"way/1448350922","height":0,"kind":"unknown","label":"缺少可用高度；仅展示轮廓"}},{"type":"Feature","id":"way/1448350923","geometry":{"type":"MultiPolygon","coordinates":[[[[113.8384881,22.7397186],[113.8389037,22.739626],[113.8389437,22.7397786],[113.838528,22.7398712],[113.8384881,22.7397186]]]]},"properties":{"name":"way/1448350923","height":0,"kind":"unknown","label":"缺少可用高度；仅展示轮廓"}},{"type":"Feature","id":"way/1448350924","geometry":{"type":"MultiPolygon","coordinates":[[[[113.8383184,22.7412695],[113.838734,22.7411769],[113.838774,22.7413295],[113.8383583,22.7414221],[113.8383184,22.7412695]]]]},"properties":{"name":"way/1448350924","height":0,"kind":"unknown","label":"缺少可用高度；仅展示轮廓"}},{"type":"Feature","id":"way/1448350925","geometry":{"type":"MultiPolygon","coordinates":[[[[113.838258,22.741039],[113.8386737,22.7409465],[113.8387137,22.7410991],[113.838298,22.7411916],[113.838258,22.741039]]]]},"properties":{"name":"way/1448350925","height":0,"kind":"unknown","label":"缺少可用高度；仅展示轮廓"}},{"type":"Feature","id":"way/1448350926","geometry":{"type":"MultiPolygon","coordinates":[[[[113.8381949,22.740797],[113.8386106,22.7407044],[113.8386506,22.740857],[113.8382349,22.7409496],[113.8381949,22.740797]]]]},"properties":{"name":"way/1448350926","height":0,"kind":"unknown","label":"缺少可用高度；仅展示轮廓"}},{"type":"Feature","id":"way/1448350927","geometry":{"type":"MultiPolygon","coordinates":[[[[113.8381346,22.7405665],[113.8385503,22.740474],[113.8385902,22.7406266],[113.8381746,22.7407191],[113.8381346,22.7405665]]]]},"properties":{"name":"way/1448350927","height":0,"kind":"unknown","label":"缺少可用高度；仅展示轮廓"}},{"type":"Feature","id":"way/1448350928","geometry":{"type":"MultiPolygon","coordinates":[[[[113.8380717,22.7403237],[113.8384873,22.7402311],[113.8385273,22.7403837],[113.8381116,22.7404763],[113.8380717,22.7403237]]]]},"properties":{"name":"way/1448350928","height":0,"kind":"unknown","label":"缺少可用高度；仅展示轮廓"}},{"type":"Feature","id":"way/1448350929","geometry":{"type":"MultiPolygon","coordinates":[[[[113.8380113,22.7400932],[113.838427,22.7400006],[113.8384669,22.7401533],[113.8380513,22.7402458],[113.8380113,22.7400932]]]]},"properties":{"name":"way/1448350929","height":0,"kind":"unknown","label":"缺少可用高度；仅展示轮廓"}},{"type":"Feature","id":"way/1448350930","geometry":{"type":"MultiPolygon","coordinates":[[[[113.8378879,22.7396207],[113.8383035,22.7395281],[113.8383435,22.7396808],[113.8379279,22.7397733],[113.8378879,22.7396207]]]]},"properties":{"name":"way/1448350930","height":0,"kind":"unknown","label":"缺少可用高度；仅展示轮廓"}},{"type":"Feature","id":"way/1448350931","geometry":{"type":"MultiPolygon","coordinates":[[[[113.8379482,22.7398512],[113.8383639,22.7397586],[113.8384038,22.7399112],[113.8379882,22.7400038],[113.8379482,22.7398512]]]]},"properties":{"name":"way/1448350931","height":0,"kind":"unknown","label":"缺少可用高度；仅展示轮廓"}},{"type":"Feature","id":"way/1448350932","geometry":{"type":"MultiPolygon","coordinates":[[[[113.837524,22.7406331],[113.8379397,22.7405405],[113.8379796,22.7406931],[113.837564,22.7407857],[113.837524,22.7406331]]]]},"properties":{"name":"way/1448350932","height":0,"kind":"unknown","label":"缺少可用高度；仅展示轮廓"}},{"type":"Feature","id":"way/1448350933","geometry":{"type":"MultiPolygon","coordinates":[[[[113.8374637,22.7404026],[113.8378793,22.7403101],[113.8379193,22.7404627],[113.8375036,22.7405553],[113.8374637,22.7404026]]]]},"properties":{"name":"way/1448350933","height":0,"kind":"unknown","label":"缺少可用高度；仅展示轮廓"}},{"type":"Feature","id":"way/1448350934","geometry":{"type":"MultiPolygon","coordinates":[[[[113.8372768,22.7396202],[113.8376924,22.7395276],[113.8377647,22.7398038],[113.8373491,22.7398964],[113.8372768,22.7396202]]]]},"properties":{"name":"way/1448350934","height":0,"kind":"unknown","label":"缺少可用高度；仅展示轮廓"}},{"type":"Feature","id":"way/1448350935","geometry":{"type":"MultiPolygon","coordinates":[[[[113.8373729,22.7400419],[113.8377886,22.7399493],[113.8378579,22.7402137],[113.8374422,22.7403063],[113.8373729,22.7400419]]]]},"properties":{"name":"way/1448350935","height":0,"kind":"unknown","label":"缺少可用高度；仅展示轮廓"}},{"type":"Feature","id":"way/1448350936","geometry":{"type":"MultiPolygon","coordinates":[[[[113.8375869,22.740876],[113.8380026,22.7407834],[113.8380426,22.740936],[113.8376269,22.7410286],[113.8375869,22.740876]]]]},"properties":{"name":"way/1448350936","height":0,"kind":"unknown","label":"缺少可用高度；仅展示轮廓"}},{"type":"Feature","id":"way/1448350937","geometry":{"type":"MultiPolygon","coordinates":[[[[113.8376473,22.7411064],[113.8380629,22.7410138],[113.8381029,22.7411664],[113.8376873,22.741259],[113.8376473,22.7411064]]]]},"properties":{"name":"way/1448350937","height":0,"kind":"unknown","label":"缺少可用高度；仅展示轮廓"}},{"type":"Feature","id":"way/1448350938","geometry":{"type":"MultiPolygon","coordinates":[[[[113.8377104,22.7413485],[113.838126,22.7412559],[113.838166,22.7414085],[113.8377503,22.7415011],[113.8377104,22.7413485]]]]},"properties":{"name":"way/1448350938","height":0,"kind":"unknown","label":"缺少可用高度；仅展示轮廓"}},{"type":"Feature","id":"way/1448350939","geometry":{"type":"MultiPolygon","coordinates":[[[[113.8377707,22.7415789],[113.8381864,22.7414863],[113.8382263,22.7416389],[113.8378107,22.7417315],[113.8377707,22.7415789]]]]},"properties":{"name":"way/1448350939","height":0,"kind":"unknown","label":"缺少可用高度；仅展示轮廓"}},{"type":"Feature","id":"way/1448350943","geometry":{"type":"MultiPolygon","coordinates":[[[[113.835494,22.7417307],[113.8356212,22.7417308],[113.8356211,22.7418272],[113.835494,22.7418271],[113.835494,22.7417307]]]]},"properties":{"name":"way/1448350943","height":0,"kind":"unknown","label":"缺少可用高度；仅展示轮廓"}},{"type":"Feature","id":"way/1448350944","geometry":{"type":"MultiPolygon","coordinates":[[[[113.8353278,22.7418269],[113.8353279,22.7417306],[113.8354551,22.7417307],[113.835455,22.741827],[113.8353278,22.7418269]]]]},"properties":{"name":"way/1448350944","height":0,"kind":"unknown","label":"缺少可用高度；仅展示轮廓"}},{"type":"Feature","id":"way/1448350945","geometry":{"type":"MultiPolygon","coordinates":[[[[113.8351617,22.7418268],[113.8351618,22.7417305],[113.8352889,22.7417306],[113.8352888,22.7418269],[113.8351617,22.7418268]]]]},"properties":{"name":"way/1448350945","height":0,"kind":"unknown","label":"缺少可用高度；仅展示轮廓"}},{"type":"Feature","id":"way/1448350946","geometry":{"type":"MultiPolygon","coordinates":[[[[113.8349955,22.7418267],[113.8349956,22.7417303],[113.8351228,22.7417304],[113.8351227,22.7418268],[113.8349955,22.7418267]]]]},"properties":{"name":"way/1448350946","height":0,"kind":"unknown","label":"缺少可用高度；仅展示轮廓"}},{"type":"Feature","id":"way/1448350947","geometry":{"type":"MultiPolygon","coordinates":[[[[113.8344971,22.7423136],[113.8344972,22.7422173],[113.8346244,22.7422174],[113.8346243,22.7423137],[113.8344971,22.7423136]]]]},"properties":{"name":"way/1448350947","height":0,"kind":"unknown","label":"缺少可用高度；仅展示轮廓"}},{"type":"Feature","id":"way/1448350948","geometry":{"type":"MultiPolygon","coordinates":[[[[113.834331,22.7423135],[113.8343311,22.7422172],[113.8344582,22.7422173],[113.8344581,22.7423136],[113.834331,22.7423135]]]]},"properties":{"name":"way/1448350948","height":0,"kind":"unknown","label":"缺少可用高度；仅展示轮廓"}},{"type":"Feature","id":"way/1448350949","geometry":{"type":"MultiPolygon","coordinates":[[[[113.8341648,22.7423134],[113.8341649,22.7422171],[113.8342921,22.7422172],[113.834292,22.7423135],[113.8341648,22.7423134]]]]},"properties":{"name":"way/1448350949","height":0,"kind":"unknown","label":"缺少可用高度；仅展示轮廓"}},{"type":"Feature","id":"way/1448350950","geometry":{"type":"MultiPolygon","coordinates":[[[[113.8339987,22.7423132],[113.8339988,22.7422169],[113.8341259,22.742217],[113.8341259,22.7423133],[113.8339987,22.7423132]]]]},"properties":{"name":"way/1448350950","height":0,"kind":"unknown","label":"缺少可用高度；仅展示轮廓"}},{"type":"Feature","id":"way/1448350951","geometry":{"type":"MultiPolygon","coordinates":[[[[113.8343311,22.7421508],[113.8343312,22.7420545],[113.8344584,22.7420546],[113.8344583,22.7421509],[113.8343311,22.7421508]]]]},"properties":{"name":"way/1448350951","height":0,"kind":"unknown","label":"缺少可用高度；仅展示轮廓"}},{"type":"Feature","id":"way/1448350952","geometry":{"type":"MultiPolygon","coordinates":[[[[113.834165,22.7421507],[113.8341651,22.7420544],[113.8342922,22.7420545],[113.8342921,22.7421508],[113.834165,22.7421507]]]]},"properties":{"name":"way/1448350952","height":0,"kind":"unknown","label":"缺少可用高度；仅展示轮廓"}},{"type":"Feature","id":"way/1448350953","geometry":{"type":"MultiPolygon","coordinates":[[[[113.8346635,22.7421516],[113.8346636,22.7420553],[113.8347908,22.7420554],[113.8347907,22.7421517],[113.8346635,22.7421516]]]]},"properties":{"name":"way/1448350953","height":0,"kind":"unknown","label":"缺少可用高度；仅展示轮廓"}},{"type":"Feature","id":"way/1448350954","geometry":{"type":"MultiPolygon","coordinates":[[[[113.8354941,22.7423149],[113.8354942,22.7422186],[113.8356214,22.7422187],[113.8356213,22.742315],[113.8354941,22.7423149]]]]},"properties":{"name":"way/1448350954","height":0,"kind":"unknown","label":"缺少可用高度；仅展示轮廓"}},{"type":"Feature","id":"way/1448350955","geometry":{"type":"MultiPolygon","coordinates":[[[[113.835328,22.7423148],[113.8353281,22.7422185],[113.8354552,22.7422186],[113.8354551,22.7423149],[113.835328,22.7423148]]]]},"properties":{"name":"way/1448350955","height":0,"kind":"unknown","label":"缺少可用高度；仅展示轮廓"}},{"type":"Feature","id":"way/1448350956","geometry":{"type":"MultiPolygon","coordinates":[[[[113.8351618,22.7423147],[113.8351619,22.7422183],[113.8352891,22.7422184],[113.835289,22.7423148],[113.8351618,22.7423147]]]]},"properties":{"name":"way/1448350956","height":0,"kind":"unknown","label":"缺少可用高度；仅展示轮廓"}},{"type":"Feature","id":"way/1448350957","geometry":{"type":"MultiPolygon","coordinates":[[[[113.8354943,22.7420559],[113.8356215,22.742056],[113.8356214,22.7421523],[113.8354943,22.7421522],[113.8354943,22.7420559]]]]},"properties":{"name":"way/1448350957","height":0,"kind":"unknown","label":"缺少可用高度；仅展示轮廓"}},{"type":"Feature","id":"way/1448350958","geometry":{"type":"MultiPolygon","coordinates":[[[[113.8349957,22.7423145],[113.8349958,22.7422182],[113.8351229,22.7422183],[113.8351229,22.7423146],[113.8349957,22.7423145]]]]},"properties":{"name":"way/1448350958","height":0,"kind":"unknown","label":"缺少可用高度；仅展示轮廓"}},{"type":"Feature","id":"way/1448350959","geometry":{"type":"MultiPolygon","coordinates":[[[[113.8353281,22.7421521],[113.8353282,22.7420558],[113.8354554,22.7420559],[113.8354553,22.7421522],[113.8353281,22.7421521]]]]},"properties":{"name":"way/1448350959","height":0,"kind":"unknown","label":"缺少可用高度；仅展示轮廓"}},{"type":"Feature","id":"way/1448350960","geometry":{"type":"MultiPolygon","coordinates":[[[[113.8348295,22.7423144],[113.8348296,22.7422181],[113.8349568,22.7422182],[113.8349567,22.7423145],[113.8348295,22.7423144]]]]},"properties":{"name":"way/1448350960","height":0,"kind":"unknown","label":"缺少可用高度；仅展示轮廓"}},{"type":"Feature","id":"way/1448350961","geometry":{"type":"MultiPolygon","coordinates":[[[[113.835162,22.742152],[113.8351621,22.7420557],[113.8352892,22.7420558],[113.8352891,22.7421521],[113.835162,22.742152]]]]},"properties":{"name":"way/1448350961","height":0,"kind":"unknown","label":"缺少可用高度；仅展示轮廓"}},{"type":"Feature","id":"way/1448350962","geometry":{"type":"MultiPolygon","coordinates":[[[[113.8346634,22.7423143],[113.8346635,22.7422179],[113.8347907,22.742218],[113.8347906,22.7423144],[113.8346634,22.7423143]]]]},"properties":{"name":"way/1448350962","height":0,"kind":"unknown","label":"缺少可用高度；仅展示轮廓"}},{"type":"Feature","id":"way/1448350963","geometry":{"type":"MultiPolygon","coordinates":[[[[113.8349958,22.7421518],[113.8349959,22.7420555],[113.8351231,22.7420556],[113.835123,22.7421519],[113.8349958,22.7421518]]]]},"properties":{"name":"way/1448350963","height":0,"kind":"unknown","label":"缺少可用高度；仅展示轮廓"}},{"type":"Feature","id":"way/1448350964","geometry":{"type":"MultiPolygon","coordinates":[[[[113.8348297,22.7421517],[113.8348298,22.7420554],[113.8349569,22.7420555],[113.8349569,22.7421518],[113.8348297,22.7421517]]]]},"properties":{"name":"way/1448350964","height":0,"kind":"unknown","label":"缺少可用高度；仅展示轮廓"}},{"type":"Feature","id":"way/1448350965","geometry":{"type":"MultiPolygon","coordinates":[[[[113.8354945,22.7419895],[113.8354946,22.7418932],[113.8356218,22.7418933],[113.8356217,22.7419896],[113.8354945,22.7419895]]]]},"properties":{"name":"way/1448350965","height":0,"kind":"unknown","label":"缺少可用高度；仅展示轮廓"}},{"type":"Feature","id":"way/1448350966","geometry":{"type":"MultiPolygon","coordinates":[[[[113.8344974,22.7421514],[113.8344975,22.7420551],[113.8346247,22.7420552],[113.8346246,22.7421515],[113.8344974,22.7421514]]]]},"properties":{"name":"way/1448350966","height":0,"kind":"unknown","label":"缺少可用高度；仅展示轮廓"}},{"type":"Feature","id":"way/1448350967","geometry":{"type":"MultiPolygon","coordinates":[[[[113.8353284,22.7419894],[113.8353285,22.7418931],[113.8354557,22.7418932],[113.8354556,22.7419895],[113.8353284,22.7419894]]]]},"properties":{"name":"way/1448350967","height":0,"kind":"unknown","label":"缺少可用高度；仅展示轮廓"}},{"type":"Feature","id":"way/1448350968","geometry":{"type":"MultiPolygon","coordinates":[[[[113.8351622,22.7419892],[113.8351623,22.7418929],[113.8352895,22.741893],[113.8352894,22.7419893],[113.8351622,22.7419892]]]]},"properties":{"name":"way/1448350968","height":0,"kind":"unknown","label":"缺少可用高度；仅展示轮廓"}},{"type":"Feature","id":"way/1448350969","geometry":{"type":"MultiPolygon","coordinates":[[[[113.8349961,22.7419891],[113.8349962,22.7418928],[113.8351234,22.7418929],[113.8351233,22.7419892],[113.8349961,22.7419891]]]]},"properties":{"name":"way/1448350969","height":0,"kind":"unknown","label":"缺少可用高度；仅展示轮廓"}},{"type":"Feature","id":"way/1448350970","geometry":{"type":"MultiPolygon","coordinates":[[[[113.8348299,22.741989],[113.83483,22.7418927],[113.8349572,22.7418928],[113.8349571,22.7419891],[113.8348299,22.741989]]]]},"properties":{"name":"way/1448350970","height":0,"kind":"unknown","label":"缺少可用高度；仅展示轮廓"}},{"type":"Feature","id":"way/1448350972","geometry":{"type":"MultiPolygon","coordinates":[[[[113.836088,22.7418551],[113.8362105,22.7418236],[113.8362385,22.7419163],[113.836116,22.7419478],[113.836088,22.7418551]]]]},"properties":{"name":"way/1448350972","height":0,"kind":"unknown","label":"缺少可用高度；仅展示轮廓"}},{"type":"Feature","id":"way/1448350973","geometry":{"type":"MultiPolygon","coordinates":[[[[113.8359279,22.7418962],[113.8360504,22.7418647],[113.8360785,22.7419575],[113.835956,22.741989],[113.8359279,22.7418962]]]]},"properties":{"name":"way/1448350973","height":0,"kind":"unknown","label":"缺少可用高度；仅展示轮廓"}},{"type":"Feature","id":"way/1448350974","geometry":{"type":"MultiPolygon","coordinates":[[[[113.8357679,22.7419373],[113.8358904,22.7419059],[113.8359185,22.7419986],[113.8357959,22.7420301],[113.8357679,22.7419373]]]]},"properties":{"name":"way/1448350974","height":0,"kind":"unknown","label":"缺少可用高度；仅展示轮廓"}},{"type":"Feature","id":"way/1448350975","geometry":{"type":"MultiPolygon","coordinates":[[[[113.8360406,22.7416983],[113.8361631,22.7416668],[113.8361912,22.7417596],[113.8360686,22.7417911],[113.8360406,22.7416983]]]]},"properties":{"name":"way/1448350975","height":0,"kind":"unknown","label":"缺少可用高度；仅展示轮廓"}},{"type":"Feature","id":"way/1448350976","geometry":{"type":"MultiPolygon","coordinates":[[[[113.8358806,22.7417395],[113.8360031,22.741708],[113.8360311,22.7418008],[113.8359086,22.7418323],[113.8358806,22.7417395]]]]},"properties":{"name":"way/1448350976","height":0,"kind":"unknown","label":"缺少可用高度；仅展示轮廓"}},{"type":"Feature","id":"way/1448350977","geometry":{"type":"MultiPolygon","coordinates":[[[[113.8359933,22.7415416],[113.8361158,22.7415101],[113.8361439,22.7416028],[113.8360214,22.7416343],[113.8359933,22.7415416]]]]},"properties":{"name":"way/1448350977","height":0,"kind":"unknown","label":"缺少可用高度；仅展示轮廓"}},{"type":"Feature","id":"way/1448350978","geometry":{"type":"MultiPolygon","coordinates":[[[[113.8357205,22.7417806],[113.835843,22.7417491],[113.8358711,22.7418419],[113.8357486,22.7418734],[113.8357205,22.7417806]]]]},"properties":{"name":"way/1448350978","height":0,"kind":"unknown","label":"缺少可用高度；仅展示轮廓"}},{"type":"Feature","id":"way/1448350979","geometry":{"type":"MultiPolygon","coordinates":[[[[113.8358333,22.7415827],[113.8359558,22.7415512],[113.8359838,22.741644],[113.8358613,22.7416755],[113.8358333,22.7415827]]]]},"properties":{"name":"way/1448350979","height":0,"kind":"unknown","label":"缺少可用高度；仅展示轮廓"}},{"type":"Feature","id":"way/1448350980","geometry":{"type":"MultiPolygon","coordinates":[[[[113.8356732,22.7416239],[113.8357958,22.7415924],[113.8358238,22.7416851],[113.8357013,22.7417166],[113.8356732,22.7416239]]]]},"properties":{"name":"way/1448350980","height":0,"kind":"unknown","label":"缺少可用高度；仅展示轮廓"}},{"type":"Feature","id":"way/1448350982","geometry":{"type":"MultiPolygon","coordinates":[[[[113.8360312,22.7408671],[113.8361532,22.740834],[113.8361826,22.7409265],[113.8360606,22.7409595],[113.8360312,22.7408671]]]]},"properties":{"name":"way/1448350982","height":0,"kind":"unknown","label":"缺少可用高度；仅展示轮廓"}},{"type":"Feature","id":"way/1448350983","geometry":{"type":"MultiPolygon","coordinates":[[[[113.8358718,22.7409102],[113.8359938,22.7408772],[113.8360232,22.7409696],[113.8359012,22.7410026],[113.8358718,22.7409102]]]]},"properties":{"name":"way/1448350983","height":0,"kind":"unknown","label":"缺少可用高度；仅展示轮廓"}},{"type":"Feature","id":"way/1448350984","geometry":{"type":"MultiPolygon","coordinates":[[[[113.8357123,22.7409534],[113.8358344,22.7409203],[113.8358638,22.7410128],[113.8357417,22.7410458],[113.8357123,22.7409534]]]]},"properties":{"name":"way/1448350984","height":0,"kind":"unknown","label":"缺少可用高度；仅展示轮廓"}},{"type":"Feature","id":"way/1448350985","geometry":{"type":"MultiPolygon","coordinates":[[[[113.8361386,22.7412265],[113.8362606,22.7411935],[113.83629,22.7412859],[113.836168,22.7413189],[113.8361386,22.7412265]]]]},"properties":{"name":"way/1448350985","height":0,"kind":"unknown","label":"缺少可用高度；仅展示轮廓"}},{"type":"Feature","id":"way/1448350986","geometry":{"type":"MultiPolygon","coordinates":[[[[113.8359792,22.7412696],[113.8361012,22.7412366],[113.8361306,22.741329],[113.8360086,22.7413621],[113.8359792,22.7412696]]]]},"properties":{"name":"way/1448350986","height":0,"kind":"unknown","label":"缺少可用高度；仅展示轮廓"}},{"type":"Feature","id":"way/1448350987","geometry":{"type":"MultiPolygon","coordinates":[[[[113.8358197,22.7413128],[113.8359418,22.7412798],[113.8359712,22.7413722],[113.8358491,22.7414052],[113.8358197,22.7413128]]]]},"properties":{"name":"way/1448350987","height":0,"kind":"unknown","label":"缺少可用高度；仅展示轮廓"}},{"type":"Feature","id":"way/1448350988","geometry":{"type":"MultiPolygon","coordinates":[[[[113.8360889,22.7410704],[113.8362109,22.7410374],[113.8362403,22.7411298],[113.8361183,22.7411628],[113.8360889,22.7410704]]]]},"properties":{"name":"way/1448350988","height":0,"kind":"unknown","label":"缺少可用高度；仅展示轮廓"}},{"type":"Feature","id":"way/1448350989","geometry":{"type":"MultiPolygon","coordinates":[[[[113.8356603,22.7413559],[113.8357824,22.7413229],[113.8358118,22.7414153],[113.8356897,22.7414484],[113.8356603,22.7413559]]]]},"properties":{"name":"way/1448350989","height":0,"kind":"unknown","label":"缺少可用高度；仅展示轮廓"}},{"type":"Feature","id":"way/1448350990","geometry":{"type":"MultiPolygon","coordinates":[[[[113.8359295,22.7411135],[113.8360515,22.7410805],[113.8360809,22.7411729],[113.8359589,22.741206],[113.8359295,22.7411135]]]]},"properties":{"name":"way/1448350990","height":0,"kind":"unknown","label":"缺少可用高度；仅展示轮廓"}},{"type":"Feature","id":"way/1448350991","geometry":{"type":"MultiPolygon","coordinates":[[[[113.8357701,22.7411567],[113.8358921,22.7411237],[113.8359215,22.7412161],[113.8357995,22.7412491],[113.8357701,22.7411567]]]]},"properties":{"name":"way/1448350991","height":0,"kind":"unknown","label":"缺少可用高度；仅展示轮廓"}},{"type":"Feature","id":"way/1448350992","geometry":{"type":"MultiPolygon","coordinates":[[[[113.8356106,22.7411998],[113.8357327,22.7411668],[113.8357621,22.7412592],[113.83564,22.7412923],[113.8356106,22.7411998]]]]},"properties":{"name":"way/1448350992","height":0,"kind":"unknown","label":"缺少可用高度；仅展示轮廓"}},{"type":"Feature","id":"way/1448350993","geometry":{"type":"MultiPolygon","coordinates":[[[[113.8352374,22.741281],[113.8353408,22.7412127],[113.8354016,22.741291],[113.8352982,22.7413593],[113.8352374,22.741281]]]]},"properties":{"name":"way/1448350993","height":0,"kind":"unknown","label":"缺少可用高度；仅展示轮廓"}},{"type":"Feature","id":"way/1448350994","geometry":{"type":"MultiPolygon","coordinates":[[[[113.8353724,22.7411918],[113.8354759,22.7411235],[113.8355367,22.7412018],[113.8354332,22.7412701],[113.8353724,22.7411918]]]]},"properties":{"name":"way/1448350994","height":0,"kind":"unknown","label":"缺少可用高度；仅展示轮廓"}},{"type":"Feature","id":"way/1448350995","geometry":{"type":"MultiPolygon","coordinates":[[[[113.8354048,22.7409703],[113.8355082,22.7409021],[113.835569,22.7409804],[113.8354656,22.7410487],[113.8354048,22.7409703]]]]},"properties":{"name":"way/1448350995","height":0,"kind":"unknown","label":"缺少可用高度；仅展示轮廓"}},{"type":"Feature","id":"way/1448350996","geometry":{"type":"MultiPolygon","coordinates":[[[[113.8353022,22.740838],[113.8354056,22.7407697],[113.8354664,22.740848],[113.835363,22.7409163],[113.8353022,22.740838]]]]},"properties":{"name":"way/1448350996","height":0,"kind":"unknown","label":"缺少可用高度；仅展示轮廓"}},{"type":"Feature","id":"way/1448350997","geometry":{"type":"MultiPolygon","coordinates":[[[[113.8352697,22.7410595],[113.8353732,22.7409913],[113.8354339,22.7410696],[113.8353305,22.7411379],[113.8352697,22.7410595]]]]},"properties":{"name":"way/1448350997","height":0,"kind":"unknown","label":"缺少可用高度；仅展示轮廓"}},{"type":"Feature","id":"way/1448350998","geometry":{"type":"MultiPolygon","coordinates":[[[[113.8351347,22.7411488],[113.8352381,22.7410805],[113.8352989,22.7411588],[113.8351955,22.7412271],[113.8351347,22.7411488]]]]},"properties":{"name":"way/1448350998","height":0,"kind":"unknown","label":"缺少可用高度；仅展示轮廓"}},{"type":"Feature","id":"way/1448350999","geometry":{"type":"MultiPolygon","coordinates":[[[[113.8351671,22.7409272],[113.8352705,22.7408589],[113.8353313,22.7409372],[113.8352279,22.7410055],[113.8351671,22.7409272]]]]},"properties":{"name":"way/1448350999","height":0,"kind":"unknown","label":"缺少可用高度；仅展示轮廓"}},{"type":"Feature","id":"way/1448351000","geometry":{"type":"MultiPolygon","coordinates":[[[[113.835032,22.7410164],[113.8351354,22.7409481],[113.8351962,22.7410264],[113.8350928,22.7410947],[113.835032,22.7410164]]]]},"properties":{"name":"way/1448351000","height":0,"kind":"unknown","label":"缺少可用高度；仅展示轮廓"}},{"type":"Feature","id":"way/1448351001","geometry":{"type":"MultiPolygon","coordinates":[[[[113.8348518,22.741129],[113.8349552,22.7410607],[113.835016,22.741139],[113.8349126,22.7412073],[113.8348518,22.741129]]]]},"properties":{"name":"way/1448351001","height":0,"kind":"unknown","label":"缺少可用高度；仅展示轮廓"}},{"type":"Feature","id":"way/1448351002","geometry":{"type":"MultiPolygon","coordinates":[[[[113.8341439,22.7417966],[113.8342473,22.7417283],[113.8343081,22.7418066],[113.8342047,22.7418749],[113.8341439,22.7417966]]]]},"properties":{"name":"way/1448351002","height":0,"kind":"unknown","label":"缺少可用高度；仅展示轮廓"}},{"type":"Feature","id":"way/1448351003","geometry":{"type":"MultiPolygon","coordinates":[[[[113.8340088,22.7418858],[113.8341122,22.7418175],[113.834173,22.7418958],[113.8340696,22.7419641],[113.8340088,22.7418858]]]]},"properties":{"name":"way/1448351003","height":0,"kind":"unknown","label":"缺少可用高度；仅展示轮廓"}},{"type":"Feature","id":"way/1448351004","geometry":{"type":"MultiPolygon","coordinates":[[[[113.8347167,22.7412182],[113.8348201,22.7411499],[113.8348809,22.7412282],[113.8347775,22.7412965],[113.8347167,22.7412182]]]]},"properties":{"name":"way/1448351004","height":0,"kind":"unknown","label":"缺少可用高度；仅展示轮廓"}},{"type":"Feature","id":"way/1448351005","geometry":{"type":"MultiPolygon","coordinates":[[[[113.8345816,22.7413074],[113.834685,22.7412391],[113.8347458,22.7413174],[113.8346424,22.7413857],[113.8345816,22.7413074]]]]},"properties":{"name":"way/1448351005","height":0,"kind":"unknown","label":"缺少可用高度；仅展示轮廓"}},{"type":"Feature","id":"way/1448351006","geometry":{"type":"MultiPolygon","coordinates":[[[[113.8344465,22.7413966],[113.8345499,22.7413283],[113.8346107,22.7414066],[113.8345073,22.7414749],[113.8344465,22.7413966]]]]},"properties":{"name":"way/1448351006","height":0,"kind":"unknown","label":"缺少可用高度；仅展示轮廓"}},{"type":"Feature","id":"way/1448351007","geometry":{"type":"MultiPolygon","coordinates":[[[[113.8343114,22.7414858],[113.8344148,22.7414175],[113.8344756,22.7414958],[113.8343722,22.7415641],[113.8343114,22.7414858]]]]},"properties":{"name":"way/1448351007","height":0,"kind":"unknown","label":"缺少可用高度；仅展示轮廓"}},{"type":"Feature","id":"way/1448351008","geometry":{"type":"MultiPolygon","coordinates":[[[[113.8341763,22.741575],[113.8342797,22.7415067],[113.8343405,22.741585],[113.8342371,22.7416533],[113.8341763,22.741575]]]]},"properties":{"name":"way/1448351008","height":0,"kind":"unknown","label":"缺少可用高度；仅展示轮廓"}},{"type":"Feature","id":"way/1448351009","geometry":{"type":"MultiPolygon","coordinates":[[[[113.8340413,22.7416642],[113.8341447,22.7415959],[113.8342055,22.7416742],[113.834102,22.7417425],[113.8340413,22.7416642]]]]},"properties":{"name":"way/1448351009","height":0,"kind":"unknown","label":"缺少可用高度；仅展示轮廓"}},{"type":"Feature","id":"way/1448351010","geometry":{"type":"MultiPolygon","coordinates":[[[[113.8339062,22.7417534],[113.8340096,22.7416851],[113.8340704,22.7417634],[113.833967,22.7418317],[113.8339062,22.7417534]]]]},"properties":{"name":"way/1448351010","height":0,"kind":"unknown","label":"缺少可用高度；仅展示轮廓"}},{"type":"Feature","id":"way/1448351011","geometry":{"type":"MultiPolygon","coordinates":[[[[113.834279,22.7417074],[113.8343824,22.7416391],[113.8344432,22.7417174],[113.8343398,22.7417857],[113.834279,22.7417074]]]]},"properties":{"name":"way/1448351011","height":0,"kind":"unknown","label":"缺少可用高度；仅展示轮廓"}},{"type":"Feature","id":"way/1448351012","geometry":{"type":"MultiPolygon","coordinates":[[[[113.8350571,22.7413936],[113.8351605,22.7413253],[113.8352213,22.7414036],[113.8351179,22.7414719],[113.8350571,22.7413936]]]]},"properties":{"name":"way/1448351012","height":0,"kind":"unknown","label":"缺少可用高度；仅展示轮廓"}},{"type":"Feature","id":"way/1448351013","geometry":{"type":"MultiPolygon","coordinates":[[[[113.834922,22.7414828],[113.8350254,22.7414145],[113.8350862,22.7414928],[113.8349828,22.7415611],[113.834922,22.7414828]]]]},"properties":{"name":"way/1448351013","height":0,"kind":"unknown","label":"缺少可用高度；仅展示轮廓"}},{"type":"Feature","id":"way/1448351014","geometry":{"type":"MultiPolygon","coordinates":[[[[113.8347869,22.741572],[113.8348903,22.7415037],[113.8349511,22.7415821],[113.8348477,22.7416503],[113.8347869,22.741572]]]]},"properties":{"name":"way/1448351014","height":0,"kind":"unknown","label":"缺少可用高度；仅展示轮廓"}},{"type":"Feature","id":"way/1448351015","geometry":{"type":"MultiPolygon","coordinates":[[[[113.8349544,22.7412614],[113.8350578,22.7411931],[113.8351186,22.7412714],[113.8350152,22.7413397],[113.8349544,22.7412614]]]]},"properties":{"name":"way/1448351015","height":0,"kind":"unknown","label":"缺少可用高度；仅展示轮廓"}},{"type":"Feature","id":"way/1448351016","geometry":{"type":"MultiPolygon","coordinates":[[[[113.8346518,22.7416612],[113.8347553,22.7415929],[113.8348161,22.7416713],[113.8347126,22.7417395],[113.8346518,22.7416612]]]]},"properties":{"name":"way/1448351016","height":0,"kind":"unknown","label":"缺少可用高度；仅展示轮廓"}},{"type":"Feature","id":"way/1448351017","geometry":{"type":"MultiPolygon","coordinates":[[[[113.8348193,22.7413506],[113.8349227,22.7412823],[113.8349835,22.7413606],[113.8348801,22.7414289],[113.8348193,22.7413506]]]]},"properties":{"name":"way/1448351017","height":0,"kind":"unknown","label":"缺少可用高度；仅展示轮廓"}},{"type":"Feature","id":"way/1448351018","geometry":{"type":"MultiPolygon","coordinates":[[[[113.8345168,22.7417504],[113.8346202,22.7416822],[113.834681,22.7417605],[113.8345776,22.7418287],[113.8345168,22.7417504]]]]},"properties":{"name":"way/1448351018","height":0,"kind":"unknown","label":"缺少可用高度；仅展示轮廓"}},{"type":"Feature","id":"way/1448351019","geometry":{"type":"MultiPolygon","coordinates":[[[[113.8346842,22.7414398],[113.8347876,22.7413715],[113.8348484,22.7414498],[113.834745,22.7415181],[113.8346842,22.7414398]]]]},"properties":{"name":"way/1448351019","height":0,"kind":"unknown","label":"缺少可用高度；仅展示轮廓"}},{"type":"Feature","id":"way/1448351020","geometry":{"type":"MultiPolygon","coordinates":[[[[113.8343817,22.7418396],[113.8344851,22.7417714],[113.8345459,22.7418497],[113.8344425,22.741918],[113.8343817,22.7418396]]]]},"properties":{"name":"way/1448351020","height":0,"kind":"unknown","label":"缺少可用高度；仅展示轮廓"}},{"type":"Feature","id":"way/1448351021","geometry":{"type":"MultiPolygon","coordinates":[[[[113.8345491,22.741529],[113.8346526,22.7414607],[113.8347134,22.741539],[113.8346099,22.7416073],[113.8345491,22.741529]]]]},"properties":{"name":"way/1448351021","height":0,"kind":"unknown","label":"缺少可用高度；仅展示轮廓"}},{"type":"Feature","id":"way/1448351022","geometry":{"type":"MultiPolygon","coordinates":[[[[113.8342466,22.7419288],[113.83435,22.7418606],[113.8344108,22.7419389],[113.8343074,22.7420072],[113.8342466,22.7419288]]]]},"properties":{"name":"way/1448351022","height":0,"kind":"unknown","label":"缺少可用高度；仅展示轮廓"}},{"type":"Feature","id":"way/1448351023","geometry":{"type":"MultiPolygon","coordinates":[[[[113.8344141,22.7416182],[113.8345175,22.7415499],[113.8345783,22.7416282],[113.8344749,22.7416965],[113.8344141,22.7416182]]]]},"properties":{"name":"way/1448351023","height":0,"kind":"unknown","label":"缺少可用高度；仅展示轮廓"}},{"type":"Feature","id":"way/1448351026","geometry":{"type":"MultiPolygon","coordinates":[[[[113.8355799,22.7406727],[113.8359246,22.7405822],[113.8358947,22.7404853],[113.8360498,22.7404446],[113.8361295,22.740703],[113.8356297,22.7408341],[113.8355799,22.7406727]]]]},"properties":{"name":"way/1448351026","height":0,"kind":"unknown","label":"缺少可用高度；仅展示轮廓"}},{"type":"Feature","id":"way/1448351027","geometry":{"type":"MultiPolygon","coordinates":[[[[113.8369722,22.7392822],[113.8371439,22.7391757],[113.8372564,22.7393301],[113.8370847,22.7394365],[113.8369722,22.7392822]]]]},"properties":{"name":"way/1448351027","height":0,"kind":"unknown","label":"缺少可用高度；仅展示轮廓"}},{"type":"Feature","id":"way/1448351028","geometry":{"type":"MultiPolygon","coordinates":[[[[113.8368005,22.7393886],[113.8369722,22.7392822],[113.8370847,22.7394365],[113.836913,22.739543],[113.8368005,22.7393886]]]]},"properties":{"name":"way/1448351028","height":0,"kind":"unknown","label":"缺少可用高度；仅展示轮廓"}},{"type":"Feature","id":"way/1448351029","geometry":{"type":"MultiPolygon","coordinates":[[[[113.8366288,22.7394951],[113.8368005,22.7393886],[113.836913,22.739543],[113.8367413,22.7396494],[113.8366288,22.7394951]]]]},"properties":{"name":"way/1448351029","height":0,"kind":"unknown","label":"缺少可用高度；仅展示轮廓"}},{"type":"Feature","id":"way/1448351030","geometry":{"type":"MultiPolygon","coordinates":[[[[113.8383929,22.7369466],[113.8386884,22.7368644],[113.8387717,22.7371191],[113.8384762,22.7372013],[113.8383929,22.7369466]]]]},"properties":{"name":"way/1448351030","height":0,"kind":"unknown","label":"缺少可用高度；仅展示轮廓"}},{"type":"Feature","id":"way/1448351031","geometry":{"type":"MultiPolygon","coordinates":[[[[113.8391762,22.7371438],[113.8394386,22.7370979],[113.8395575,22.7376751],[113.8392952,22.7377211],[113.8392761,22.7376284],[113.8391762,22.7371438]]]]},"properties":{"name":"way/1448351031","height":0,"kind":"unknown","label":"缺少可用高度；仅展示轮廓"}},{"type":"Feature","id":"way/1448351032","geometry":{"type":"MultiPolygon","coordinates":[[[[113.8388851,22.7376969],[113.8392761,22.7376284],[113.8392952,22.7377211],[113.8389042,22.7377896],[113.8388851,22.7376969]]]]},"properties":{"name":"way/1448351032","height":0,"kind":"unknown","label":"缺少可用高度；仅展示轮廓"}},{"type":"Feature","id":"way/1448351033","geometry":{"type":"MultiPolygon","coordinates":[[[[113.8386288,22.7377957],[113.8387944,22.7377657],[113.8388676,22.73811],[113.838702,22.7381399],[113.8386288,22.7377957]]]]},"properties":{"name":"way/1448351033","height":0,"kind":"unknown","label":"缺少可用高度；仅展示轮廓"}},{"type":"Feature","id":"way/1448351034","geometry":{"type":"MultiPolygon","coordinates":[[[[113.8388642,22.7371708],[113.8389819,22.7371374],[113.8391241,22.7375636],[113.8390064,22.737597],[113.8388642,22.7371708]]]]},"properties":{"name":"way/1448351034","height":0,"kind":"unknown","label":"缺少可用高度；仅展示轮廓"}},{"type":"Feature","id":"way/1448351035","geometry":{"type":"MultiPolygon","coordinates":[[[[113.8386265,22.7372753],[113.8387854,22.7372364],[113.8389009,22.737638],[113.838742,22.7376769],[113.8386265,22.7372753]]]]},"properties":{"name":"way/1448351035","height":0,"kind":"unknown","label":"缺少可用高度；仅展示轮廓"}},{"type":"Feature","id":"way/1448351041","geometry":{"type":"MultiPolygon","coordinates":[[[[113.8381825,22.7378031],[113.8384647,22.737729],[113.8384932,22.7378216],[113.8382111,22.7378957],[113.8381825,22.7378031]]]]},"properties":{"name":"way/1448351041","height":0,"kind":"unknown","label":"缺少可用高度；仅展示轮廓"}},{"type":"Feature","id":"way/1448351042","geometry":{"type":"MultiPolygon","coordinates":[[[[113.8383929,22.7384816],[113.8385153,22.7384495],[113.8385439,22.7385421],[113.8384215,22.7385743],[113.8383929,22.7384816]]]]},"properties":{"name":"way/1448351042","height":0,"kind":"unknown","label":"缺少可用高度；仅展示轮廓"}},{"type":"Feature","id":"way/1448351043","geometry":{"type":"MultiPolygon","coordinates":[[[[113.8382331,22.7385236],[113.8383555,22.7384915],[113.8383841,22.7385841],[113.8382617,22.7386162],[113.8382331,22.7385236]]]]},"properties":{"name":"way/1448351043","height":0,"kind":"unknown","label":"缺少可用高度；仅展示轮廓"}},{"type":"Feature","id":"way/1448351044","geometry":{"type":"MultiPolygon","coordinates":[[[[113.8380734,22.7385655],[113.8381957,22.7385334],[113.8382243,22.738626],[113.8381019,22.7386581],[113.8380734,22.7385655]]]]},"properties":{"name":"way/1448351044","height":0,"kind":"unknown","label":"缺少可用高度；仅展示轮廓"}},{"type":"Feature","id":"way/1448351045","geometry":{"type":"MultiPolygon","coordinates":[[[[113.8379136,22.7386075],[113.8380359,22.7385753],[113.8380645,22.738668],[113.8379421,22.7387001],[113.8379136,22.7386075]]]]},"properties":{"name":"way/1448351045","height":0,"kind":"unknown","label":"缺少可用高度；仅展示轮廓"}},{"type":"Feature","id":"way/1448351046","geometry":{"type":"MultiPolygon","coordinates":[[[[113.8383481,22.7383341],[113.8384704,22.738302],[113.838499,22.7383946],[113.8383767,22.7384267],[113.8383481,22.7383341]]]]},"properties":{"name":"way/1448351046","height":0,"kind":"unknown","label":"缺少可用高度；仅展示轮廓"}},{"type":"Feature","id":"way/1448351047","geometry":{"type":"MultiPolygon","coordinates":[[[[113.8381883,22.7383761],[113.8383106,22.7383439],[113.8383392,22.7384366],[113.8382169,22.7384687],[113.8381883,22.7383761]]]]},"properties":{"name":"way/1448351047","height":0,"kind":"unknown","label":"缺少可用高度；仅展示轮廓"}},{"type":"Feature","id":"way/1448351048","geometry":{"type":"MultiPolygon","coordinates":[[[[113.8380285,22.738418],[113.8381508,22.7383859],[113.8381794,22.7384785],[113.8380571,22.7385106],[113.8380285,22.738418]]]]},"properties":{"name":"way/1448351048","height":0,"kind":"unknown","label":"缺少可用高度；仅展示轮廓"}},{"type":"Feature","id":"way/1448351049","geometry":{"type":"MultiPolygon","coordinates":[[[[113.8382998,22.7381776],[113.8384221,22.7381455],[113.8384507,22.7382382],[113.8383284,22.7382703],[113.8382998,22.7381776]]]]},"properties":{"name":"way/1448351049","height":0,"kind":"unknown","label":"缺少可用高度；仅展示轮廓"}},{"type":"Feature","id":"way/1448351050","geometry":{"type":"MultiPolygon","coordinates":[[[[113.8378687,22.73846],[113.837991,22.7384278],[113.8380196,22.7385205],[113.8378973,22.7385526],[113.8378687,22.73846]]]]},"properties":{"name":"way/1448351050","height":0,"kind":"unknown","label":"缺少可用高度；仅展示轮廓"}},{"type":"Feature","id":"way/1448351051","geometry":{"type":"MultiPolygon","coordinates":[[[[113.83814,22.7382196],[113.8382623,22.7381875],[113.8382909,22.7382801],[113.8381686,22.7383122],[113.83814,22.7382196]]]]},"properties":{"name":"way/1448351051","height":0,"kind":"unknown","label":"缺少可用高度；仅展示轮廓"}},{"type":"Feature","id":"way/1448351052","geometry":{"type":"MultiPolygon","coordinates":[[[[113.8379802,22.7382615],[113.8381025,22.7382294],[113.8381311,22.7383221],[113.8380088,22.7383542],[113.8379802,22.7382615]]]]},"properties":{"name":"way/1448351052","height":0,"kind":"unknown","label":"缺少可用高度；仅展示轮廓"}},{"type":"Feature","id":"way/1448351053","geometry":{"type":"MultiPolygon","coordinates":[[[[113.8378204,22.7383035],[113.8379427,22.7382714],[113.8379713,22.738364],[113.837849,22.7383961],[113.8378204,22.7383035]]]]},"properties":{"name":"way/1448351053","height":0,"kind":"unknown","label":"缺少可用高度；仅展示轮廓"}},{"type":"Feature","id":"way/1448351054","geometry":{"type":"MultiPolygon","coordinates":[[[[113.8382516,22.7380211],[113.8383739,22.737989],[113.8384025,22.7380816],[113.8382802,22.7381137],[113.8382516,22.7380211]]]]},"properties":{"name":"way/1448351054","height":0,"kind":"unknown","label":"缺少可用高度；仅展示轮廓"}},{"type":"Feature","id":"way/1448351055","geometry":{"type":"MultiPolygon","coordinates":[[[[113.8380918,22.738063],[113.8382141,22.7380309],[113.8382427,22.7381236],[113.8381204,22.7381557],[113.8380918,22.738063]]]]},"properties":{"name":"way/1448351055","height":0,"kind":"unknown","label":"缺少可用高度；仅展示轮廓"}},{"type":"Feature","id":"way/1448351056","geometry":{"type":"MultiPolygon","coordinates":[[[[113.837932,22.738105],[113.8380543,22.7380729],[113.8380829,22.7381655],[113.8379606,22.7381976],[113.837932,22.738105]]]]},"properties":{"name":"way/1448351056","height":0,"kind":"unknown","label":"缺少可用高度；仅展示轮廓"}},{"type":"Feature","id":"way/1448351057","geometry":{"type":"MultiPolygon","coordinates":[[[[113.8377722,22.7381469],[113.8378945,22.7381148],[113.8379231,22.7382074],[113.8378008,22.7382396],[113.8377722,22.7381469]]]]},"properties":{"name":"way/1448351057","height":0,"kind":"unknown","label":"缺少可用高度；仅展示轮廓"}},{"type":"Feature","id":"way/1448351058","geometry":{"type":"MultiPolygon","coordinates":[[[[113.8382458,22.7374481],[113.8383682,22.737416],[113.8383967,22.7375086],[113.8382744,22.7375407],[113.8382458,22.7374481]]]]},"properties":{"name":"way/1448351058","height":0,"kind":"unknown","label":"缺少可用高度；仅展示轮廓"}},{"type":"Feature","id":"way/1448351059","geometry":{"type":"MultiPolygon","coordinates":[[[[113.8380227,22.737845],[113.8381451,22.7378129],[113.8381736,22.7379055],[113.8380513,22.7379376],[113.8380227,22.737845]]]]},"properties":{"name":"way/1448351059","height":0,"kind":"unknown","label":"缺少可用高度；仅展示轮廓"}},{"type":"Feature","id":"way/1448351060","geometry":{"type":"MultiPolygon","coordinates":[[[[113.838294,22.7376046],[113.8384164,22.7375725],[113.8384449,22.7376652],[113.8383226,22.7376973],[113.838294,22.7376046]]]]},"properties":{"name":"way/1448351060","height":0,"kind":"unknown","label":"缺少可用高度；仅展示轮廓"}},{"type":"Feature","id":"way/1448351061","geometry":{"type":"MultiPolygon","coordinates":[[[[113.8378629,22.7378869],[113.8379853,22.7378548],[113.8380138,22.7379475],[113.8378915,22.7379796],[113.8378629,22.7378869]]]]},"properties":{"name":"way/1448351061","height":0,"kind":"unknown","label":"缺少可用高度；仅展示轮廓"}},{"type":"Feature","id":"way/1448351062","geometry":{"type":"MultiPolygon","coordinates":[[[[113.8381342,22.7376466],[113.8382566,22.7376145],[113.8382851,22.7377071],[113.8381628,22.7377392],[113.8381342,22.7376466]]]]},"properties":{"name":"way/1448351062","height":0,"kind":"unknown","label":"缺少可用高度；仅展示轮廓"}},{"type":"Feature","id":"way/1448351063","geometry":{"type":"MultiPolygon","coordinates":[[[[113.8377031,22.7379289],[113.8378255,22.7378968],[113.837854,22.7379894],[113.8377317,22.7380215],[113.8377031,22.7379289]]]]},"properties":{"name":"way/1448351063","height":0,"kind":"unknown","label":"缺少可用高度；仅展示轮廓"}},{"type":"Feature","id":"way/1448351064","geometry":{"type":"MultiPolygon","coordinates":[[[[113.8379744,22.7376885],[113.8380968,22.7376564],[113.8381253,22.7377491],[113.838003,22.7377812],[113.8379744,22.7376885]]]]},"properties":{"name":"way/1448351064","height":0,"kind":"unknown","label":"缺少可用高度；仅展示轮廓"}},{"type":"Feature","id":"way/1448351065","geometry":{"type":"MultiPolygon","coordinates":[[[[113.8378146,22.7377305],[113.837937,22.7376984],[113.8379655,22.737791],[113.8378432,22.7378231],[113.8378146,22.7377305]]]]},"properties":{"name":"way/1448351065","height":0,"kind":"unknown","label":"缺少可用高度；仅展示轮廓"}},{"type":"Feature","id":"way/1448351066","geometry":{"type":"MultiPolygon","coordinates":[[[[113.8376548,22.7377724],[113.8377772,22.7377403],[113.8378057,22.737833],[113.8376834,22.7378651],[113.8376548,22.7377724]]]]},"properties":{"name":"way/1448351066","height":0,"kind":"unknown","label":"缺少可用高度；仅展示轮廓"}},{"type":"Feature","id":"way/1448351067","geometry":{"type":"MultiPolygon","coordinates":[[[[113.838086,22.73749],[113.8382084,22.7374579],[113.8382369,22.7375505],[113.8381146,22.7375827],[113.838086,22.73749]]]]},"properties":{"name":"way/1448351067","height":0,"kind":"unknown","label":"缺少可用高度；仅展示轮廓"}},{"type":"Feature","id":"way/1448351068","geometry":{"type":"MultiPolygon","coordinates":[[[[113.8379262,22.737532],[113.8380486,22.7374999],[113.8380771,22.7375925],[113.8379548,22.7376246],[113.8379262,22.737532]]]]},"properties":{"name":"way/1448351068","height":0,"kind":"unknown","label":"缺少可用高度；仅展示轮廓"}},{"type":"Feature","id":"way/1448351069","geometry":{"type":"MultiPolygon","coordinates":[[[[113.8377664,22.7375739],[113.8378888,22.7375418],[113.8379173,22.7376344],[113.837795,22.7376666],[113.8377664,22.7375739]]]]},"properties":{"name":"way/1448351069","height":0,"kind":"unknown","label":"缺少可用高度；仅展示轮廓"}},{"type":"Feature","id":"way/1448351070","geometry":{"type":"MultiPolygon","coordinates":[[[[113.8376066,22.7376159],[113.837729,22.7375838],[113.8377575,22.7376764],[113.8376352,22.7377085],[113.8376066,22.7376159]]]]},"properties":{"name":"way/1448351070","height":0,"kind":"unknown","label":"缺少可用高度；仅展示轮廓"}},{"type":"Feature","id":"way/1448351073","geometry":{"type":"MultiPolygon","coordinates":[[[[113.8373868,22.7376743],[113.8375584,22.7376331],[113.8376764,22.7380505],[113.8375048,22.7380918],[113.8373868,22.7376743]]]]},"properties":{"name":"way/1448351073","height":0,"kind":"unknown","label":"缺少可用高度；仅展示轮廓"}},{"type":"Feature","id":"way/1448351074","geometry":{"type":"MultiPolygon","coordinates":[[[[113.8375405,22.7382183],[113.8377121,22.7381771],[113.8378829,22.7387817],[113.8377113,22.7388229],[113.8375405,22.7382183]]]]},"properties":{"name":"way/1448351074","height":0,"kind":"unknown","label":"缺少可用高度；仅展示轮廓"}},{"type":"Feature","id":"way/1448351075","geometry":{"type":"MultiPolygon","coordinates":[[[[113.8362077,22.7393337],[113.8363128,22.7392676],[113.8363716,22.7393472],[113.8362665,22.7394132],[113.8362077,22.7393337]]]]},"properties":{"name":"way/1448351075","height":0,"kind":"unknown","label":"缺少可用高度；仅展示轮廓"}},{"type":"Feature","id":"way/1448351076","geometry":{"type":"MultiPolygon","coordinates":[[[[113.8360704,22.73942],[113.8361755,22.7393539],[113.8362344,22.7394335],[113.8361293,22.7394995],[113.8360704,22.73942]]]]},"properties":{"name":"way/1448351076","height":0,"kind":"unknown","label":"缺少可用高度；仅展示轮廓"}},{"type":"Feature","id":"way/1448351077","geometry":{"type":"MultiPolygon","coordinates":[[[[113.8365253,22.7392622],[113.8366476,22.73923],[113.8366762,22.7393227],[113.8365538,22.7393548],[113.8365253,22.7392622]]]]},"properties":{"name":"way/1448351077","height":0,"kind":"unknown","label":"缺少可用高度；仅展示轮廓"}},{"type":"Feature","id":"way/1448351081","geometry":{"type":"MultiPolygon","coordinates":[[[[113.8361184,22.7384867],[113.8362408,22.7384546],[113.8362694,22.7385473],[113.836147,22.7385794],[113.8361184,22.7384867]]]]},"properties":{"name":"way/1448351081","height":0,"kind":"unknown","label":"缺少可用高度；仅展示轮廓"}},{"type":"Feature","id":"way/1448351082","geometry":{"type":"MultiPolygon","coordinates":[[[[113.8369171,22.7382785],[113.8370394,22.7382464],[113.837068,22.738339],[113.8369457,22.7383711],[113.8369171,22.7382785]]]]},"properties":{"name":"way/1448351082","height":0,"kind":"unknown","label":"缺少可用高度；仅展示轮廓"}},{"type":"Feature","id":"way/1448351083","geometry":{"type":"MultiPolygon","coordinates":[[[[113.8370233,22.7386378],[113.8371456,22.7386057],[113.8371742,22.7386983],[113.8370519,22.7387304],[113.8370233,22.7386378]]]]},"properties":{"name":"way/1448351083","height":0,"kind":"unknown","label":"缺少可用高度；仅展示轮廓"}},{"type":"Feature","id":"way/1448351084","geometry":{"type":"MultiPolygon","coordinates":[[[[113.8368635,22.7386797],[113.8369858,22.7386476],[113.8370144,22.7387403],[113.8368921,22.7387724],[113.8368635,22.7386797]]]]},"properties":{"name":"way/1448351084","height":0,"kind":"unknown","label":"缺少可用高度；仅展示轮廓"}},{"type":"Feature","id":"way/1448351085","geometry":{"type":"MultiPolygon","coordinates":[[[[113.8367037,22.7387217],[113.836826,22.7386896],[113.8368546,22.7387822],[113.8367323,22.7388143],[113.8367037,22.7387217]]]]},"properties":{"name":"way/1448351085","height":0,"kind":"unknown","label":"缺少可用高度；仅展示轮廓"}},{"type":"Feature","id":"way/1448351086","geometry":{"type":"MultiPolygon","coordinates":[[[[113.8369653,22.7384348],[113.8370876,22.7384027],[113.8371162,22.7384954],[113.8369939,22.7385275],[113.8369653,22.7384348]]]]},"properties":{"name":"way/1448351086","height":0,"kind":"unknown","label":"缺少可用高度；仅展示轮廓"}},{"type":"Feature","id":"way/1448351087","geometry":{"type":"MultiPolygon","coordinates":[[[[113.8365439,22.7387636],[113.8366662,22.7387315],[113.8366948,22.7388242],[113.8365725,22.7388563],[113.8365439,22.7387636]]]]},"properties":{"name":"way/1448351087","height":0,"kind":"unknown","label":"缺少可用高度；仅展示轮廓"}},{"type":"Feature","id":"way/1448351088","geometry":{"type":"MultiPolygon","coordinates":[[[[113.8367573,22.7383205],[113.8368796,22.7382883],[113.8369082,22.738381],[113.8367859,22.7384131],[113.8367573,22.7383205]]]]},"properties":{"name":"way/1448351088","height":0,"kind":"unknown","label":"缺少可用高度；仅展示轮廓"}},{"type":"Feature","id":"way/1448351089","geometry":{"type":"MultiPolygon","coordinates":[[[[113.8368055,22.7384768],[113.8369278,22.7384447],[113.8369564,22.7385373],[113.8368341,22.7385694],[113.8368055,22.7384768]]]]},"properties":{"name":"way/1448351089","height":0,"kind":"unknown","label":"缺少可用高度；仅展示轮廓"}},{"type":"Feature","id":"way/1448351090","geometry":{"type":"MultiPolygon","coordinates":[[[[113.8365975,22.7383624],[113.8367198,22.7383303],[113.8367484,22.7384229],[113.8366261,22.738455],[113.8365975,22.7383624]]]]},"properties":{"name":"way/1448351090","height":0,"kind":"unknown","label":"缺少可用高度；仅展示轮廓"}},{"type":"Feature","id":"way/1448351091","geometry":{"type":"MultiPolygon","coordinates":[[[[113.8363841,22.7388056],[113.8365064,22.7387735],[113.836535,22.7388661],[113.8364127,22.7388982],[113.8363841,22.7388056]]]]},"properties":{"name":"way/1448351091","height":0,"kind":"unknown","label":"缺少可用高度；仅展示轮廓"}},{"type":"Feature","id":"way/1448351092","geometry":{"type":"MultiPolygon","coordinates":[[[[113.8366457,22.7385187],[113.836768,22.7384866],[113.8367966,22.7385793],[113.8366743,22.7386114],[113.8366457,22.7385187]]]]},"properties":{"name":"way/1448351092","height":0,"kind":"unknown","label":"缺少可用高度；仅展示轮廓"}},{"type":"Feature","id":"way/1448351093","geometry":{"type":"MultiPolygon","coordinates":[[[[113.8364377,22.7384044],[113.83656,22.7383722],[113.8365886,22.7384649],[113.8364663,22.738497],[113.8364377,22.7384044]]]]},"properties":{"name":"way/1448351093","height":0,"kind":"unknown","label":"缺少可用高度；仅展示轮廓"}},{"type":"Feature","id":"way/1448351094","geometry":{"type":"MultiPolygon","coordinates":[[[[113.8364859,22.7385607],[113.8366082,22.7385286],[113.8366368,22.7386212],[113.8365145,22.7386533],[113.8364859,22.7385607]]]]},"properties":{"name":"way/1448351094","height":0,"kind":"unknown","label":"缺少可用高度；仅展示轮廓"}},{"type":"Feature","id":"way/1448351095","geometry":{"type":"MultiPolygon","coordinates":[[[[113.8362779,22.7384463],[113.8364002,22.7384142],[113.8364288,22.7385068],[113.8363065,22.7385389],[113.8362779,22.7384463]]]]},"properties":{"name":"way/1448351095","height":0,"kind":"unknown","label":"缺少可用高度；仅展示轮廓"}},{"type":"Feature","id":"way/1448351096","geometry":{"type":"MultiPolygon","coordinates":[[[[113.8363261,22.7386026],[113.8364484,22.7385705],[113.836477,22.7386632],[113.8363547,22.7386953],[113.8363261,22.7386026]]]]},"properties":{"name":"way/1448351096","height":0,"kind":"unknown","label":"缺少可用高度；仅展示轮廓"}},{"type":"Feature","id":"way/1448351097","geometry":{"type":"MultiPolygon","coordinates":[[[[113.8371198,22.7389508],[113.8372421,22.7389187],[113.8372707,22.7390113],[113.8371484,22.7390434],[113.8371198,22.7389508]]]]},"properties":{"name":"way/1448351097","height":0,"kind":"unknown","label":"缺少可用高度；仅展示轮廓"}},{"type":"Feature","id":"way/1448351098","geometry":{"type":"MultiPolygon","coordinates":[[[[113.83696,22.7389928],[113.8370823,22.7389606],[113.8371109,22.7390533],[113.8369886,22.7390854],[113.83696,22.7389928]]]]},"properties":{"name":"way/1448351098","height":0,"kind":"unknown","label":"缺少可用高度；仅展示轮廓"}},{"type":"Feature","id":"way/1448351099","geometry":{"type":"MultiPolygon","coordinates":[[[[113.8368002,22.7390347],[113.8369225,22.7390026],[113.8369511,22.7390952],[113.8368288,22.7391273],[113.8368002,22.7390347]]]]},"properties":{"name":"way/1448351099","height":0,"kind":"unknown","label":"缺少可用高度；仅展示轮廓"}},{"type":"Feature","id":"way/1448351100","geometry":{"type":"MultiPolygon","coordinates":[[[[113.8370715,22.7387943],[113.8371938,22.7387622],[113.8372224,22.7388549],[113.8371001,22.738887],[113.8370715,22.7387943]]]]},"properties":{"name":"way/1448351100","height":0,"kind":"unknown","label":"缺少可用高度；仅展示轮廓"}},{"type":"Feature","id":"way/1448351101","geometry":{"type":"MultiPolygon","coordinates":[[[[113.8366404,22.7390767],[113.8367627,22.7390445],[113.8367913,22.7391372],[113.836669,22.7391693],[113.8366404,22.7390767]]]]},"properties":{"name":"way/1448351101","height":0,"kind":"unknown","label":"缺少可用高度；仅展示轮廓"}},{"type":"Feature","id":"way/1448351102","geometry":{"type":"MultiPolygon","coordinates":[[[[113.8369117,22.7388363],[113.837034,22.7388042],[113.8370626,22.7388968],[113.8369403,22.7389289],[113.8369117,22.7388363]]]]},"properties":{"name":"way/1448351102","height":0,"kind":"unknown","label":"缺少可用高度；仅展示轮廓"}},{"type":"Feature","id":"way/1448351103","geometry":{"type":"MultiPolygon","coordinates":[[[[113.8364806,22.7391186],[113.8366029,22.7390865],[113.8366315,22.7391791],[113.8365092,22.7392112],[113.8364806,22.7391186]]]]},"properties":{"name":"way/1448351103","height":0,"kind":"unknown","label":"缺少可用高度；仅展示轮廓"}},{"type":"Feature","id":"way/1448351104","geometry":{"type":"MultiPolygon","coordinates":[[[[113.8367519,22.7388782],[113.8368742,22.7388461],[113.8369028,22.7389388],[113.8367805,22.7389709],[113.8367519,22.7388782]]]]},"properties":{"name":"way/1448351104","height":0,"kind":"unknown","label":"缺少可用高度；仅展示轮廓"}},{"type":"Feature","id":"way/1448351105","geometry":{"type":"MultiPolygon","coordinates":[[[[113.8365921,22.7389202],[113.8367144,22.7388881],[113.836743,22.7389807],[113.8366207,22.7390128],[113.8365921,22.7389202]]]]},"properties":{"name":"way/1448351105","height":0,"kind":"unknown","label":"缺少可用高度；仅展示轮廓"}},{"type":"Feature","id":"way/1448351106","geometry":{"type":"MultiPolygon","coordinates":[[[[113.8364323,22.7389621],[113.8365546,22.73893],[113.8365832,22.7390227],[113.8364609,22.7390548],[113.8364323,22.7389621]]]]},"properties":{"name":"way/1448351106","height":0,"kind":"unknown","label":"缺少可用高度；仅展示轮廓"}},{"type":"Feature","id":"way/1448351107","geometry":{"type":"MultiPolygon","coordinates":[[[[113.8358515,22.738583],[113.8359566,22.738517],[113.8360154,22.7385966],[113.8359103,22.7386626],[113.8358515,22.738583]]]]},"properties":{"name":"way/1448351107","height":0,"kind":"unknown","label":"缺少可用高度；仅展示轮廓"}},{"type":"Feature","id":"way/1448351108","geometry":{"type":"MultiPolygon","coordinates":[[[[113.8360501,22.7388518],[113.8361552,22.7387857],[113.836214,22.7388653],[113.8361089,22.7389314],[113.8360501,22.7388518]]]]},"properties":{"name":"way/1448351108","height":0,"kind":"unknown","label":"缺少可用高度；仅展示轮廓"}},{"type":"Feature","id":"way/1448351109","geometry":{"type":"MultiPolygon","coordinates":[[[[113.8359128,22.7389381],[113.8360179,22.738872],[113.8360767,22.7389516],[113.8359716,22.7390177],[113.8359128,22.7389381]]]]},"properties":{"name":"way/1448351109","height":0,"kind":"unknown","label":"缺少可用高度；仅展示轮廓"}},{"type":"Feature","id":"way/1448351110","geometry":{"type":"MultiPolygon","coordinates":[[[[113.8357755,22.7390244],[113.8358806,22.7389583],[113.8359394,22.7390379],[113.8358344,22.739104],[113.8357755,22.7390244]]]]},"properties":{"name":"way/1448351110","height":0,"kind":"unknown","label":"缺少可用高度；仅展示轮廓"}},{"type":"Feature","id":"way/1448351111","geometry":{"type":"MultiPolygon","coordinates":[[[[113.8359507,22.7387174],[113.8360558,22.7386513],[113.8361146,22.7387309],[113.8360095,22.7387969],[113.8359507,22.7387174]]]]},"properties":{"name":"way/1448351111","height":0,"kind":"unknown","label":"缺少可用高度；仅展示轮廓"}},{"type":"Feature","id":"way/1448351112","geometry":{"type":"MultiPolygon","coordinates":[[[[113.8356382,22.7391107],[113.8357433,22.7390446],[113.8358022,22.7391242],[113.8356971,22.7391903],[113.8356382,22.7391107]]]]},"properties":{"name":"way/1448351112","height":0,"kind":"unknown","label":"缺少可用高度；仅展示轮廓"}},{"type":"Feature","id":"way/1448351113","geometry":{"type":"MultiPolygon","coordinates":[[[[113.8357142,22.7386693],[113.8358193,22.7386033],[113.8358781,22.7386829],[113.8357731,22.7387489],[113.8357142,22.7386693]]]]},"properties":{"name":"way/1448351113","height":0,"kind":"unknown","label":"缺少可用高度；仅展示轮廓"}},{"type":"Feature","id":"way/1448351114","geometry":{"type":"MultiPolygon","coordinates":[[[[113.8358134,22.7388037],[113.8359185,22.7387376],[113.8359774,22.7388172],[113.8358723,22.7388833],[113.8358134,22.7388037]]]]},"properties":{"name":"way/1448351114","height":0,"kind":"unknown","label":"缺少可用高度；仅展示轮廓"}},{"type":"Feature","id":"way/1448351115","geometry":{"type":"MultiPolygon","coordinates":[[[[113.8355769,22.7387557],[113.835682,22.7386896],[113.8357409,22.7387692],[113.8356358,22.7388352],[113.8355769,22.7387557]]]]},"properties":{"name":"way/1448351115","height":0,"kind":"unknown","label":"缺少可用高度；仅展示轮廓"}},{"type":"Feature","id":"way/1448351116","geometry":{"type":"MultiPolygon","coordinates":[[[[113.835501,22.739197],[113.8356061,22.739131],[113.8356649,22.7392105],[113.8355598,22.7392766],[113.835501,22.739197]]]]},"properties":{"name":"way/1448351116","height":0,"kind":"unknown","label":"缺少可用高度；仅展示轮廓"}},{"type":"Feature","id":"way/1448351117","geometry":{"type":"MultiPolygon","coordinates":[[[[113.8356762,22.73889],[113.8357813,22.7388239],[113.8358401,22.7389035],[113.835735,22.7389696],[113.8356762,22.73889]]]]},"properties":{"name":"way/1448351117","height":0,"kind":"unknown","label":"缺少可用高度；仅展示轮廓"}},{"type":"Feature","id":"way/1448351118","geometry":{"type":"MultiPolygon","coordinates":[[[[113.8354397,22.738842],[113.8355448,22.7387759],[113.8356036,22.7388555],[113.8354985,22.7389216],[113.8354397,22.738842]]]]},"properties":{"name":"way/1448351118","height":0,"kind":"unknown","label":"缺少可用高度；仅展示轮廓"}},{"type":"Feature","id":"way/1448351119","geometry":{"type":"MultiPolygon","coordinates":[[[[113.8355389,22.7389763],[113.835644,22.7389102],[113.8357028,22.7389898],[113.8355977,22.7390559],[113.8355389,22.7389763]]]]},"properties":{"name":"way/1448351119","height":0,"kind":"unknown","label":"缺少可用高度；仅展示轮廓"}},{"type":"Feature","id":"way/1448351120","geometry":{"type":"MultiPolygon","coordinates":[[[[113.8353024,22.7389283],[113.8354075,22.7388622],[113.8354663,22.7389418],[113.8353612,22.7390079],[113.8353024,22.7389283]]]]},"properties":{"name":"way/1448351120","height":0,"kind":"unknown","label":"缺少可用高度；仅展示轮廓"}},{"type":"Feature","id":"way/1448351121","geometry":{"type":"MultiPolygon","coordinates":[[[[113.8354016,22.7390626],[113.8355067,22.7389965],[113.8355655,22.7390761],[113.8354604,22.7391422],[113.8354016,22.7390626]]]]},"properties":{"name":"way/1448351121","height":0,"kind":"unknown","label":"缺少可用高度；仅展示轮廓"}},{"type":"Feature","id":"way/1448351122","geometry":{"type":"MultiPolygon","coordinates":[[[[113.8362488,22.7391207],[113.8363538,22.7390547],[113.8364127,22.7391342],[113.8363076,22.7392003],[113.8362488,22.7391207]]]]},"properties":{"name":"way/1448351122","height":0,"kind":"unknown","label":"缺少可用高度；仅展示轮廓"}},{"type":"Feature","id":"way/1448351123","geometry":{"type":"MultiPolygon","coordinates":[[[[113.8361115,22.739207],[113.8362166,22.739141],[113.8362754,22.7392206],[113.8361703,22.7392866],[113.8361115,22.739207]]]]},"properties":{"name":"way/1448351123","height":0,"kind":"unknown","label":"缺少可用高度；仅展示轮廓"}},{"type":"Feature","id":"way/1448351124","geometry":{"type":"MultiPolygon","coordinates":[[[[113.8359742,22.7392934],[113.8360793,22.7392273],[113.8361381,22.7393069],[113.836033,22.7393729],[113.8359742,22.7392934]]]]},"properties":{"name":"way/1448351124","height":0,"kind":"unknown","label":"缺少可用高度；仅展示轮廓"}},{"type":"Feature","id":"way/1448351125","geometry":{"type":"MultiPolygon","coordinates":[[[[113.8361494,22.7389863],[113.8362545,22.7389202],[113.8363133,22.7389998],[113.8362082,22.7390659],[113.8361494,22.7389863]]]]},"properties":{"name":"way/1448351125","height":0,"kind":"unknown","label":"缺少可用高度；仅展示轮廓"}},{"type":"Feature","id":"way/1448351126","geometry":{"type":"MultiPolygon","coordinates":[[[[113.8358369,22.7393797],[113.835942,22.7393136],[113.8360008,22.7393932],[113.8358957,22.7394592],[113.8358369,22.7393797]]]]},"properties":{"name":"way/1448351126","height":0,"kind":"unknown","label":"缺少可用高度；仅展示轮廓"}},{"type":"Feature","id":"way/1448351127","geometry":{"type":"MultiPolygon","coordinates":[[[[113.8360121,22.7390726],[113.8361172,22.7390066],[113.836176,22.7390861],[113.8360709,22.7391522],[113.8360121,22.7390726]]]]},"properties":{"name":"way/1448351127","height":0,"kind":"unknown","label":"缺少可用高度；仅展示轮廓"}},{"type":"Feature","id":"way/1448351128","geometry":{"type":"MultiPolygon","coordinates":[[[[113.8356996,22.739466],[113.8358047,22.7393999],[113.8358635,22.7394795],[113.8357585,22.7395456],[113.8356996,22.739466]]]]},"properties":{"name":"way/1448351128","height":0,"kind":"unknown","label":"缺少可用高度；仅展示轮廓"}},{"type":"Feature","id":"way/1448351129","geometry":{"type":"MultiPolygon","coordinates":[[[[113.8358748,22.7391589],[113.8359799,22.7390929],[113.8360387,22.7391724],[113.8359336,22.7392385],[113.8358748,22.7391589]]]]},"properties":{"name":"way/1448351129","height":0,"kind":"unknown","label":"缺少可用高度；仅展示轮廓"}},{"type":"Feature","id":"way/1448351130","geometry":{"type":"MultiPolygon","coordinates":[[[[113.8357375,22.7392452],[113.8358426,22.7391792],[113.8359015,22.7392588],[113.8357964,22.7393248],[113.8357375,22.7392452]]]]},"properties":{"name":"way/1448351130","height":0,"kind":"unknown","label":"缺少可用高度；仅展示轮廓"}},{"type":"Feature","id":"way/1448351131","geometry":{"type":"MultiPolygon","coordinates":[[[[113.8356003,22.7393316],[113.8357054,22.7392655],[113.8357642,22.7393451],[113.8356591,22.7394111],[113.8356003,22.7393316]]]]},"properties":{"name":"way/1448351131","height":0,"kind":"unknown","label":"缺少可用高度；仅展示轮廓"}},{"type":"Feature","id":"way/1448351132","geometry":{"type":"MultiPolygon","coordinates":[[[[113.8358533,22.7396946],[113.8359908,22.7396101],[113.8360596,22.7397053],[113.8359222,22.7397898],[113.8358533,22.7396946]]]]},"properties":{"name":"way/1448351132","height":0,"kind":"unknown","label":"缺少可用高度；仅展示轮廓"}},{"type":"Feature","id":"way/1448351133","geometry":{"type":"MultiPolygon","coordinates":[[[[113.8362535,22.7397277],[113.8364583,22.7396007],[113.8365708,22.7397551],[113.8363661,22.739882],[113.8362535,22.7397277]]]]},"properties":{"name":"way/1448351133","height":0,"kind":"unknown","label":"缺少可用高度；仅展示轮廓"}},{"type":"Feature","id":"way/1448351134","geometry":{"type":"MultiPolygon","coordinates":[[[[113.8359935,22.7398884],[113.8362086,22.7397561],[113.8363205,22.7399108],[113.8361053,22.7400431],[113.8359935,22.7398884]]]]},"properties":{"name":"way/1448351134","height":0,"kind":"unknown","label":"缺少可用高度；仅展示轮廓"}},{"type":"Feature","id":"way/1448351135","geometry":{"type":"MultiPolygon","coordinates":[[[[113.8353516,22.74032],[113.8355564,22.740193],[113.8356689,22.7403474],[113.8354641,22.7404743],[113.8353516,22.74032]]]]},"properties":{"name":"way/1448351135","height":0,"kind":"unknown","label":"缺少可用高度；仅展示轮廓"}},{"type":"Feature","id":"way/1448351136","geometry":{"type":"MultiPolygon","coordinates":[[[[113.8350895,22.7404825],[113.8353061,22.7403482],[113.8354186,22.7405025],[113.835202,22.7406369],[113.8350895,22.7404825]]]]},"properties":{"name":"way/1448351136","height":0,"kind":"unknown","label":"缺少可用高度；仅展示轮廓"}},{"type":"Feature","id":"way/1448351137","geometry":{"type":"MultiPolygon","coordinates":[[[[113.8384309,22.7388063],[113.8385164,22.7387885],[113.838493,22.7386931],[113.8386306,22.7386644],[113.838654,22.7387598],[113.8387395,22.738742],[113.838759,22.7388219],[113.8384505,22.7388862],[113.8384309,22.7388063]]]]},"properties":{"name":"3栋","height":0,"kind":"unknown","label":"缺少可用高度；仅展示轮廓"}},{"type":"Feature","id":"way/1448351138","geometry":{"type":"MultiPolygon","coordinates":[[[[113.8381224,22.7388707],[113.8382079,22.7388528],[113.8381845,22.7387574],[113.838322,22.7387287],[113.8383454,22.7388242],[113.8384309,22.7388063],[113.8384505,22.7388862],[113.838142,22.7389506],[113.8381224,22.7388707]]]]},"properties":{"name":"2栋","height":0,"kind":"unknown","label":"缺少可用高度；仅展示轮廓"}},{"type":"Feature","id":"way/1448351139","geometry":{"type":"MultiPolygon","coordinates":[[[[113.8378139,22.738935],[113.8378994,22.7389172],[113.8378818,22.7388453],[113.8379323,22.7388348],[113.8379266,22.7388112],[113.8380135,22.7387931],[113.8380369,22.7388885],[113.8381224,22.7388707],[113.838142,22.7389506],[113.8378335,22.7390149],[113.8378139,22.738935]]]]},"properties":{"name":"1栋","height":0,"kind":"unknown","label":"缺少可用高度；仅展示轮廓"}},{"type":"Feature","id":"way/1448351140","geometry":{"type":"MultiPolygon","coordinates":[[[[113.8392394,22.7384791],[113.8394229,22.7383834],[113.8394398,22.7383274],[113.8393361,22.7381582],[113.839431,22.7381087],[113.839461,22.7381577],[113.8395159,22.7381291],[113.8395932,22.7382552],[113.8396118,22.7382455],[113.839626,22.7382422],[113.83964,22.7382458],[113.8396502,22.7382554],[113.8396538,22.7382684],[113.8396499,22.7382813],[113.8396395,22.7382907],[113.8396264,22.7382976],[113.8395747,22.7383245],[113.839591,22.738351],[113.8395656,22.7384352],[113.8395369,22.7384501],[113.8395735,22.7385099],[113.8395772,22.7385229],[113.8395733,22.7385358],[113.8395629,22.7385452],[113.8395488,22.7385486],[113.8395347,22.738545],[113.8395245,22.7385354],[113.839514,22.7385183],[113.8393773,22.7385895],[113.8393462,22.7385389],[113.8392931,22.7385666],[113.8392394,22.7384791]]]]},"properties":{"name":"way/1448351140","height":0,"kind":"unknown","label":"缺少可用高度；仅展示轮廓"}},{"type":"Feature","id":"way/1448351141","geometry":{"type":"MultiPolygon","coordinates":[[[[113.8373024,22.7373575],[113.8377342,22.7372466],[113.8377496,22.7372154],[113.8377729,22.7371887],[113.8378026,22.7371681],[113.8378369,22.7371549],[113.8378737,22.7371498],[113.8379106,22.7371533],[113.8379456,22.737165],[113.8379763,22.7371843],[113.8382721,22.7371083],[113.838338,22.7373264],[113.8373683,22.7375756],[113.8373024,22.7373575]]]]},"properties":{"name":"way/1448351141","height":0,"kind":"unknown","label":"缺少可用高度；仅展示轮廓"}},{"type":"Feature","id":"way/1448351142","geometry":{"type":"MultiPolygon","coordinates":[[[[113.8369101,22.7376287],[113.8369185,22.7376021],[113.8369362,22.7375796],[113.8369612,22.7375641],[113.8369904,22.7375575],[113.8370204,22.7375604],[113.8370474,22.7375726],[113.8370683,22.7375926],[113.837112,22.7376526],[113.8370958,22.7376626],[113.8371378,22.7377202],[113.837158,22.7377152],[113.837265,22.7380772],[113.8370819,22.7381232],[113.8369847,22.7377946],[113.8370231,22.737785],[113.8369843,22.7377318],[113.8369681,22.7377418],[113.8369244,22.7376818],[113.8369122,22.7376564],[113.8369101,22.7376287]]]]},"properties":{"name":"荣庆大厦","height":0,"kind":"unknown","label":"缺少可用高度；仅展示轮廓"}},{"type":"Feature","id":"way/1448351143","geometry":{"type":"MultiPolygon","coordinates":[[[[113.8371203,22.7382327],[113.837296,22.7381885],[113.8373686,22.7384342],[113.837193,22.7384784],[113.8371203,22.7382327]]]]},"properties":{"name":"way/1448351143","height":0,"kind":"unknown","label":"缺少可用高度；仅展示轮廓"}},{"type":"Feature","id":"way/1448351144","geometry":{"type":"MultiPolygon","coordinates":[[[[113.8372969,22.7388301],[113.8374726,22.7387859],[113.8375623,22.7390895],[113.8373867,22.7391336],[113.8372969,22.7388301]]]]},"properties":{"name":"way/1448351144","height":0,"kind":"unknown","label":"缺少可用高度；仅展示轮廓"}},{"type":"Feature","id":"way/1448351145","geometry":{"type":"MultiPolygon","coordinates":[[[[113.8372252,22.7385874],[113.8374008,22.7385432],[113.8374633,22.7387546],[113.8372877,22.7387988],[113.8372252,22.7385874]]]]},"properties":{"name":"way/1448351145","height":0,"kind":"unknown","label":"缺少可用高度；仅展示轮廓"}},{"type":"Feature","id":"way/1448351146","geometry":{"type":"MultiPolygon","coordinates":[[[[113.8366038,22.7377552],[113.8367977,22.737635],[113.8369102,22.7377893],[113.8367163,22.7379096],[113.8366038,22.7377552]]]]},"properties":{"name":"way/1448351146","height":0,"kind":"unknown","label":"缺少可用高度；仅展示轮廓"}},{"type":"Feature","id":"way/1448351147","geometry":{"type":"MultiPolygon","coordinates":[[[[113.836324,22.7379277],[113.836518,22.7378074],[113.8366305,22.7379618],[113.8364365,22.738082],[113.836324,22.7379277]]]]},"properties":{"name":"way/1448351147","height":0,"kind":"unknown","label":"缺少可用高度；仅展示轮廓"}},{"type":"Feature","id":"way/1448351148","geometry":{"type":"MultiPolygon","coordinates":[[[[113.8360978,22.7380679],[113.8362917,22.7379477],[113.8364042,22.7381021],[113.8362103,22.7382223],[113.8360978,22.7380679]]]]},"properties":{"name":"way/1448351148","height":0,"kind":"unknown","label":"缺少可用高度；仅展示轮廓"}},{"type":"Feature","id":"way/1448351149","geometry":{"type":"MultiPolygon","coordinates":[[[[113.8358715,22.7382082],[113.8360654,22.738088],[113.8361779,22.7382423],[113.835984,22.7383626],[113.8358715,22.7382082]]]]},"properties":{"name":"way/1448351149","height":0,"kind":"unknown","label":"缺少可用高度；仅展示轮廓"}},{"type":"Feature","id":"way/1448351150","geometry":{"type":"MultiPolygon","coordinates":[[[[113.8355752,22.7383892],[113.8357691,22.738269],[113.8358816,22.7384234],[113.8356877,22.7385436],[113.8355752,22.7383892]]]]},"properties":{"name":"way/1448351150","height":0,"kind":"unknown","label":"缺少可用高度；仅展示轮廓"}},{"type":"Feature","id":"way/1448351151","geometry":{"type":"MultiPolygon","coordinates":[[[[113.8353489,22.7385295],[113.8355428,22.7384093],[113.8356553,22.7385636],[113.8354614,22.7386839],[113.8353489,22.7385295]]]]},"properties":{"name":"way/1448351151","height":0,"kind":"unknown","label":"缺少可用高度；仅展示轮廓"}},{"type":"Feature","id":"way/1448351152","geometry":{"type":"MultiPolygon","coordinates":[[[[113.8351226,22.7386698],[113.8353166,22.7385496],[113.8354291,22.7387039],[113.8352351,22.7388241],[113.8351226,22.7386698]]]]},"properties":{"name":"way/1448351152","height":0,"kind":"unknown","label":"缺少可用高度；仅展示轮廓"}},{"type":"Feature","id":"way/1448351154","geometry":{"type":"MultiPolygon","coordinates":[[[[113.8339001,22.7394268],[113.8340941,22.7393065],[113.8342066,22.7394609],[113.8340126,22.7395811],[113.8339001,22.7394268]]]]},"properties":{"name":"way/1448351154","height":0,"kind":"unknown","label":"缺少可用高度；仅展示轮廓"}},{"type":"Feature","id":"way/1448351155","geometry":{"type":"MultiPolygon","coordinates":[[[[113.8336739,22.739567],[113.8338678,22.7394468],[113.8339803,22.7396012],[113.8337864,22.7397214],[113.8336739,22.739567]]]]},"properties":{"name":"way/1448351155","height":0,"kind":"unknown","label":"缺少可用高度；仅展示轮廓"}},{"type":"Feature","id":"way/1448351156","geometry":{"type":"MultiPolygon","coordinates":[[[[113.8347123,22.7389184],[113.8349062,22.7387982],[113.8350187,22.7389525],[113.8348248,22.7390728],[113.8347123,22.7389184]]]]},"properties":{"name":"way/1448351156","height":0,"kind":"unknown","label":"缺少可用高度；仅展示轮廓"}},{"type":"Feature","id":"way/1448351157","geometry":{"type":"MultiPolygon","coordinates":[[[[113.834486,22.7390587],[113.83468,22.7389384],[113.8347925,22.7390928],[113.8345985,22.739213],[113.834486,22.7390587]]]]},"properties":{"name":"way/1448351157","height":0,"kind":"unknown","label":"缺少可用高度；仅展示轮廓"}},{"type":"Feature","id":"way/1448351158","geometry":{"type":"MultiPolygon","coordinates":[[[[113.8342598,22.7391989],[113.8344537,22.7390787],[113.8345662,22.7392331],[113.8343723,22.7393533],[113.8342598,22.7391989]]]]},"properties":{"name":"way/1448351158","height":0,"kind":"unknown","label":"缺少可用高度；仅展示轮廓"}},{"type":"Feature","id":"way/1448351161","geometry":{"type":"MultiPolygon","coordinates":[[[[113.8351934,22.7394196],[113.8353276,22.7393383],[113.8358974,22.740139],[113.8357631,22.7402203],[113.8351934,22.7394196]]]]},"properties":{"name":"way/1448351161","height":0,"kind":"unknown","label":"缺少可用高度；仅展示轮廓"}},{"type":"Feature","id":"way/1448351162","geometry":{"type":"MultiPolygon","coordinates":[[[[113.8348176,22.7394343],[113.8349211,22.739366],[113.8349819,22.7394443],[113.8348784,22.7395126],[113.8348176,22.7394343]]]]},"properties":{"name":"way/1448351162","height":0,"kind":"unknown","label":"缺少可用高度；仅展示轮廓"}},{"type":"Feature","id":"way/1448351163","geometry":{"type":"MultiPolygon","coordinates":[[[[113.834985,22.7391235],[113.8350884,22.7390552],[113.8351492,22.7391336],[113.8350458,22.7392018],[113.834985,22.7391235]]]]},"properties":{"name":"way/1448351163","height":0,"kind":"unknown","label":"缺少可用高度；仅展示轮廓"}},{"type":"Feature","id":"way/1448351164","geometry":{"type":"MultiPolygon","coordinates":[[[[113.8348499,22.7392127],[113.8349533,22.7391445],[113.8350141,22.7392228],[113.8349107,22.7392911],[113.8348499,22.7392127]]]]},"properties":{"name":"way/1448351164","height":0,"kind":"unknown","label":"缺少可用高度；仅展示轮廓"}},{"type":"Feature","id":"way/1448351165","geometry":{"type":"MultiPolygon","coordinates":[[[[113.8346826,22.7395235],[113.834786,22.7394552],[113.8348468,22.7395335],[113.8347434,22.7396018],[113.8346826,22.7395235]]]]},"properties":{"name":"way/1448351165","height":0,"kind":"unknown","label":"缺少可用高度；仅展示轮廓"}},{"type":"Feature","id":"way/1448351166","geometry":{"type":"MultiPolygon","coordinates":[[[[113.8347148,22.7393019],[113.8348182,22.7392337],[113.834879,22.739312],[113.8347756,22.7393803],[113.8347148,22.7393019]]]]},"properties":{"name":"way/1448351166","height":0,"kind":"unknown","label":"缺少可用高度；仅展示轮廓"}},{"type":"Feature","id":"way/1448351167","geometry":{"type":"MultiPolygon","coordinates":[[[[113.8345475,22.7396127],[113.8346509,22.7395444],[113.8347117,22.7396227],[113.8346083,22.739691],[113.8345475,22.7396127]]]]},"properties":{"name":"way/1448351167","height":0,"kind":"unknown","label":"缺少可用高度；仅展示轮廓"}},{"type":"Feature","id":"way/1448351168","geometry":{"type":"MultiPolygon","coordinates":[[[[113.8345797,22.7393912],[113.8346831,22.7393229],[113.8347439,22.7394012],[113.8346405,22.7394695],[113.8345797,22.7393912]]]]},"properties":{"name":"way/1448351168","height":0,"kind":"unknown","label":"缺少可用高度；仅展示轮廓"}},{"type":"Feature","id":"way/1448351169","geometry":{"type":"MultiPolygon","coordinates":[[[[113.8344446,22.7394804],[113.834548,22.7394121],[113.8346088,22.7394904],[113.8345054,22.7395587],[113.8344446,22.7394804]]]]},"properties":{"name":"way/1448351169","height":0,"kind":"unknown","label":"缺少可用高度；仅展示轮廓"}},{"type":"Feature","id":"way/1448351170","geometry":{"type":"MultiPolygon","coordinates":[[[[113.8350878,22.7392559],[113.8351912,22.7391876],[113.835252,22.7392659],[113.8351486,22.7393342],[113.8350878,22.7392559]]]]},"properties":{"name":"way/1448351170","height":0,"kind":"unknown","label":"缺少可用高度；仅展示轮廓"}},{"type":"Feature","id":"way/1448351171","geometry":{"type":"MultiPolygon","coordinates":[[[[113.8349527,22.7393451],[113.8350561,22.7392768],[113.8351169,22.7393551],[113.8350135,22.7394234],[113.8349527,22.7393451]]]]},"properties":{"name":"way/1448351171","height":0,"kind":"unknown","label":"缺少可用高度；仅展示轮廓"}},{"type":"Feature","id":"way/1448351173","geometry":{"type":"MultiPolygon","coordinates":[[[[113.8350811,22.7396891],[113.8351845,22.7396208],[113.8352453,22.7396991],[113.8351419,22.7397674],[113.8350811,22.7396891]]]]},"properties":{"name":"way/1448351173","height":0,"kind":"unknown","label":"缺少可用高度；仅展示轮廓"}},{"type":"Feature","id":"way/1448351174","geometry":{"type":"MultiPolygon","coordinates":[[[[113.834946,22.7397783],[113.8350494,22.73971],[113.8351102,22.7397883],[113.8350068,22.7398566],[113.834946,22.7397783]]]]},"properties":{"name":"way/1448351174","height":0,"kind":"unknown","label":"缺少可用高度；仅展示轮廓"}},{"type":"Feature","id":"way/1448351175","geometry":{"type":"MultiPolygon","coordinates":[[[[113.8348109,22.7398675],[113.8349144,22.7397992],[113.8349751,22.7398775],[113.8348717,22.7399458],[113.8348109,22.7398675]]]]},"properties":{"name":"way/1448351175","height":0,"kind":"unknown","label":"缺少可用高度；仅展示轮廓"}},{"type":"Feature","id":"way/1448351176","geometry":{"type":"MultiPolygon","coordinates":[[[[113.8349784,22.7395568],[113.8350818,22.7394885],[113.8351426,22.7395668],[113.8350392,22.7396351],[113.8349784,22.7395568]]]]},"properties":{"name":"way/1448351176","height":0,"kind":"unknown","label":"缺少可用高度；仅展示轮廓"}},{"type":"Feature","id":"way/1448351177","geometry":{"type":"MultiPolygon","coordinates":[[[[113.8346759,22.7399567],[113.8347793,22.7398884],[113.8348401,22.7399667],[113.8347366,22.740035],[113.8346759,22.7399567]]]]},"properties":{"name":"way/1448351177","height":0,"kind":"unknown","label":"缺少可用高度；仅展示轮廓"}},{"type":"Feature","id":"way/1448351178","geometry":{"type":"MultiPolygon","coordinates":[[[[113.8348433,22.739646],[113.8349467,22.7395777],[113.8350075,22.739656],[113.8349041,22.7397243],[113.8348433,22.739646]]]]},"properties":{"name":"way/1448351178","height":0,"kind":"unknown","label":"缺少可用高度；仅展示轮廓"}},{"type":"Feature","id":"way/1448351179","geometry":{"type":"MultiPolygon","coordinates":[[[[113.8347082,22.7397352],[113.8348117,22.7396669],[113.8348724,22.7397452],[113.834769,22.7398135],[113.8347082,22.7397352]]]]},"properties":{"name":"way/1448351179","height":0,"kind":"unknown","label":"缺少可用高度；仅展示轮廓"}},{"type":"Feature","id":"way/1448351180","geometry":{"type":"MultiPolygon","coordinates":[[[[113.8345732,22.7398244],[113.8346766,22.7397561],[113.8347374,22.7398345],[113.8346339,22.7399027],[113.8345732,22.7398244]]]]},"properties":{"name":"way/1448351180","height":0,"kind":"unknown","label":"缺少可用高度；仅展示轮廓"}},{"type":"Feature","id":"way/1448351181","geometry":{"type":"MultiPolygon","coordinates":[[[[113.835389,22.7400859],[113.8354924,22.7400176],[113.8355532,22.7400959],[113.8354498,22.7401642],[113.835389,22.7400859]]]]},"properties":{"name":"way/1448351181","height":0,"kind":"unknown","label":"缺少可用高度；仅展示轮廓"}},{"type":"Feature","id":"way/1448351182","geometry":{"type":"MultiPolygon","coordinates":[[[[113.8352539,22.7401751],[113.8353573,22.7401068],[113.8354181,22.7401851],[113.8353147,22.7402534],[113.8352539,22.7401751]]]]},"properties":{"name":"way/1448351182","height":0,"kind":"unknown","label":"缺少可用高度；仅展示轮廓"}},{"type":"Feature","id":"way/1448351183","geometry":{"type":"MultiPolygon","coordinates":[[[[113.8351188,22.7402643],[113.8352222,22.740196],[113.835283,22.7402743],[113.8351796,22.7403426],[113.8351188,22.7402643]]]]},"properties":{"name":"way/1448351183","height":0,"kind":"unknown","label":"缺少可用高度；仅展示轮廓"}},{"type":"Feature","id":"way/1448351184","geometry":{"type":"MultiPolygon","coordinates":[[[[113.8349837,22.7403535],[113.8350871,22.7402852],[113.8351479,22.7403636],[113.8350445,22.7404318],[113.8349837,22.7403535]]]]},"properties":{"name":"way/1448351184","height":0,"kind":"unknown","label":"缺少可用高度；仅展示轮廓"}},{"type":"Feature","id":"way/1448351185","geometry":{"type":"MultiPolygon","coordinates":[[[[113.8352864,22.7399535],[113.8353898,22.7398852],[113.8354506,22.7399636],[113.8353472,22.7400318],[113.8352864,22.7399535]]]]},"properties":{"name":"way/1448351185","height":0,"kind":"unknown","label":"缺少可用高度；仅展示轮廓"}},{"type":"Feature","id":"way/1448351186","geometry":{"type":"MultiPolygon","coordinates":[[[[113.8351513,22.7400427],[113.8352547,22.7399745],[113.8353155,22.7400528],[113.8352121,22.740121],[113.8351513,22.7400427]]]]},"properties":{"name":"way/1448351186","height":0,"kind":"unknown","label":"缺少可用高度；仅展示轮廓"}},{"type":"Feature","id":"way/1448351187","geometry":{"type":"MultiPolygon","coordinates":[[[[113.8350162,22.7401319],[113.8351196,22.7400637],[113.8351804,22.740142],[113.835077,22.7402103],[113.8350162,22.7401319]]]]},"properties":{"name":"way/1448351187","height":0,"kind":"unknown","label":"缺少可用高度；仅展示轮廓"}},{"type":"Feature","id":"way/1448351188","geometry":{"type":"MultiPolygon","coordinates":[[[[113.8351837,22.7398213],[113.8352871,22.739753],[113.8353479,22.7398313],[113.8352445,22.7398996],[113.8351837,22.7398213]]]]},"properties":{"name":"way/1448351188","height":0,"kind":"unknown","label":"缺少可用高度；仅展示轮廓"}},{"type":"Feature","id":"way/1448351189","geometry":{"type":"MultiPolygon","coordinates":[[[[113.8348811,22.7402211],[113.8349845,22.7401529],[113.8350453,22.7402312],[113.8349419,22.7402995],[113.8348811,22.7402211]]]]},"properties":{"name":"way/1448351189","height":0,"kind":"unknown","label":"缺少可用高度；仅展示轮廓"}},{"type":"Feature","id":"way/1448351190","geometry":{"type":"MultiPolygon","coordinates":[[[[113.8350486,22.7399105],[113.835152,22.7398422],[113.8352128,22.7399205],[113.8351094,22.7399888],[113.8350486,22.7399105]]]]},"properties":{"name":"way/1448351190","height":0,"kind":"unknown","label":"缺少可用高度；仅展示轮廓"}},{"type":"Feature","id":"way/1448351191","geometry":{"type":"MultiPolygon","coordinates":[[[[113.8349135,22.7399997],[113.8350169,22.7399314],[113.8350777,22.7400097],[113.8349743,22.740078],[113.8349135,22.7399997]]]]},"properties":{"name":"way/1448351191","height":0,"kind":"unknown","label":"缺少可用高度；仅展示轮廓"}},{"type":"Feature","id":"way/1448351192","geometry":{"type":"MultiPolygon","coordinates":[[[[113.8347784,22.7400889],[113.8348818,22.7400206],[113.8349426,22.7400989],[113.8348392,22.7401672],[113.8347784,22.7400889]]]]},"properties":{"name":"way/1448351192","height":0,"kind":"unknown","label":"缺少可用高度；仅展示轮廓"}},{"type":"Feature","id":"way/1448351193","geometry":{"type":"MultiPolygon","coordinates":[[[[113.8341573,22.7408993],[113.8342607,22.740831],[113.8343215,22.7409093],[113.8342181,22.7409776],[113.8341573,22.7408993]]]]},"properties":{"name":"way/1448351193","height":0,"kind":"unknown","label":"缺少可用高度；仅展示轮廓"}},{"type":"Feature","id":"way/1448351194","geometry":{"type":"MultiPolygon","coordinates":[[[[113.8349355,22.7405855],[113.8350389,22.7405172],[113.8350997,22.7405955],[113.8349963,22.7406638],[113.8349355,22.7405855]]]]},"properties":{"name":"way/1448351194","height":0,"kind":"unknown","label":"缺少可用高度；仅展示轮廓"}},{"type":"Feature","id":"way/1448351195","geometry":{"type":"MultiPolygon","coordinates":[[[[113.8348004,22.7406747],[113.8349038,22.7406064],[113.8349646,22.7406847],[113.8348612,22.740753],[113.8348004,22.7406747]]]]},"properties":{"name":"way/1448351195","height":0,"kind":"unknown","label":"缺少可用高度；仅展示轮廓"}},{"type":"Feature","id":"way/1448351196","geometry":{"type":"MultiPolygon","coordinates":[[[[113.8346653,22.7407639],[113.8347687,22.7406956],[113.8348295,22.7407739],[113.8347261,22.7408422],[113.8346653,22.7407639]]]]},"properties":{"name":"way/1448351196","height":0,"kind":"unknown","label":"缺少可用高度；仅展示轮廓"}},{"type":"Feature","id":"way/1448351197","geometry":{"type":"MultiPolygon","coordinates":[[[[113.8348328,22.7404532],[113.8349362,22.740385],[113.834997,22.7404633],[113.8348936,22.7405315],[113.8348328,22.7404532]]]]},"properties":{"name":"way/1448351197","height":0,"kind":"unknown","label":"缺少可用高度；仅展示轮廓"}},{"type":"Feature","id":"way/1448351198","geometry":{"type":"MultiPolygon","coordinates":[[[[113.8345302,22.7408531],[113.8346336,22.7407848],[113.8346944,22.7408631],[113.834591,22.7409314],[113.8345302,22.7408531]]]]},"properties":{"name":"way/1448351198","height":0,"kind":"unknown","label":"缺少可用高度；仅展示轮廓"}},{"type":"Feature","id":"way/1448351199","geometry":{"type":"MultiPolygon","coordinates":[[[[113.8346977,22.7405424],[113.8348011,22.7404742],[113.8348619,22.7405525],[113.8347585,22.7406208],[113.8346977,22.7405424]]]]},"properties":{"name":"way/1448351199","height":0,"kind":"unknown","label":"缺少可用高度；仅展示轮廓"}},{"type":"Feature","id":"way/1448351200","geometry":{"type":"MultiPolygon","coordinates":[[[[113.8343951,22.7409423],[113.8344985,22.740874],[113.8345593,22.7409523],[113.8344559,22.7410206],[113.8343951,22.7409423]]]]},"properties":{"name":"way/1448351200","height":0,"kind":"unknown","label":"缺少可用高度；仅展示轮廓"}},{"type":"Feature","id":"way/1448351201","geometry":{"type":"MultiPolygon","coordinates":[[[[113.8345626,22.7406316],[113.834666,22.7405634],[113.8347268,22.7406417],[113.8346234,22.74071],[113.8345626,22.7406316]]]]},"properties":{"name":"way/1448351201","height":0,"kind":"unknown","label":"缺少可用高度；仅展示轮廓"}},{"type":"Feature","id":"way/1448351202","geometry":{"type":"MultiPolygon","coordinates":[[[[113.83426,22.7410315],[113.8343634,22.7409632],[113.8344242,22.7410416],[113.8343208,22.7411098],[113.83426,22.7410315]]]]},"properties":{"name":"way/1448351202","height":0,"kind":"unknown","label":"缺少可用高度；仅展示轮廓"}},{"type":"Feature","id":"way/1448351203","geometry":{"type":"MultiPolygon","coordinates":[[[[113.8344275,22.7407209],[113.8345309,22.7406526],[113.8345917,22.7407309],[113.8344883,22.7407992],[113.8344275,22.7407209]]]]},"properties":{"name":"way/1448351203","height":0,"kind":"unknown","label":"缺少可用高度；仅展示轮廓"}},{"type":"Feature","id":"way/1448351204","geometry":{"type":"MultiPolygon","coordinates":[[[[113.8341249,22.7411207],[113.8342284,22.7410525],[113.8342892,22.7411308],[113.8341857,22.741199],[113.8341249,22.7411207]]]]},"properties":{"name":"way/1448351204","height":0,"kind":"unknown","label":"缺少可用高度；仅展示轮廓"}},{"type":"Feature","id":"way/1448351205","geometry":{"type":"MultiPolygon","coordinates":[[[[113.8342924,22.7408101],[113.8343958,22.7407418],[113.8344566,22.7408201],[113.8343532,22.7408884],[113.8342924,22.7408101]]]]},"properties":{"name":"way/1448351205","height":0,"kind":"unknown","label":"缺少可用高度；仅展示轮廓"}},{"type":"Feature","id":"way/1448351206","geometry":{"type":"MultiPolygon","coordinates":[[[[113.8339899,22.7412099],[113.8340933,22.7411417],[113.8341541,22.74122],[113.8340507,22.7412882],[113.8339899,22.7412099]]]]},"properties":{"name":"way/1448351206","height":0,"kind":"unknown","label":"缺少可用高度；仅展示轮廓"}},{"type":"Feature","id":"way/1448351207","geometry":{"type":"MultiPolygon","coordinates":[[[[113.8338548,22.7412991],[113.8339582,22.7412309],[113.834019,22.7413092],[113.8339156,22.7413775],[113.8338548,22.7412991]]]]},"properties":{"name":"way/1448351207","height":0,"kind":"unknown","label":"缺少可用高度；仅展示轮廓"}},{"type":"Feature","id":"way/1448351208","geometry":{"type":"MultiPolygon","coordinates":[[[[113.8340222,22.7409885],[113.8341257,22.7409202],[113.8341865,22.7409985],[113.834083,22.7410668],[113.8340222,22.7409885]]]]},"properties":{"name":"way/1448351208","height":0,"kind":"unknown","label":"缺少可用高度；仅展示轮廓"}},{"type":"Feature","id":"way/1448351209","geometry":{"type":"MultiPolygon","coordinates":[[[[113.8338872,22.7410777],[113.8339906,22.7410094],[113.8340514,22.7410877],[113.833948,22.741156],[113.8338872,22.7410777]]]]},"properties":{"name":"way/1448351209","height":0,"kind":"unknown","label":"缺少可用高度；仅展示轮廓"}},{"type":"Feature","id":"way/1448351210","geometry":{"type":"MultiPolygon","coordinates":[[[[113.8337521,22.7411669],[113.8338555,22.7410986],[113.8339163,22.7411769],[113.8338129,22.7412452],[113.8337521,22.7411669]]]]},"properties":{"name":"way/1448351210","height":0,"kind":"unknown","label":"缺少可用高度；仅展示轮廓"}},{"type":"Feature","id":"way/1448351211","geometry":{"type":"MultiPolygon","coordinates":[[[[113.833952,22.7406346],[113.8340554,22.7405663],[113.8341162,22.7406446],[113.8340128,22.7407129],[113.833952,22.7406346]]]]},"properties":{"name":"way/1448351211","height":0,"kind":"unknown","label":"缺少可用高度；仅展示轮廓"}},{"type":"Feature","id":"way/1448351212","geometry":{"type":"MultiPolygon","coordinates":[[[[113.8347301,22.7403209],[113.8348336,22.7402526],[113.8348943,22.7403309],[113.8347909,22.7403992],[113.8347301,22.7403209]]]]},"properties":{"name":"way/1448351212","height":0,"kind":"unknown","label":"缺少可用高度；仅展示轮廓"}},{"type":"Feature","id":"way/1448351213","geometry":{"type":"MultiPolygon","coordinates":[[[[113.8345951,22.7404101],[113.8346985,22.7403418],[113.8347593,22.7404201],[113.8346558,22.7404884],[113.8345951,22.7404101]]]]},"properties":{"name":"way/1448351213","height":0,"kind":"unknown","label":"缺少可用高度；仅展示轮廓"}},{"type":"Feature","id":"way/1448351214","geometry":{"type":"MultiPolygon","coordinates":[[[[113.83446,22.7404993],[113.8345634,22.740431],[113.8346242,22.7405093],[113.8345208,22.7405776],[113.83446,22.7404993]]]]},"properties":{"name":"way/1448351214","height":0,"kind":"unknown","label":"缺少可用高度；仅展示轮廓"}},{"type":"Feature","id":"way/1448351215","geometry":{"type":"MultiPolygon","coordinates":[[[[113.8346274,22.7401886],[113.8347309,22.7401203],[113.8347916,22.7401986],[113.8346882,22.7402669],[113.8346274,22.7401886]]]]},"properties":{"name":"way/1448351215","height":0,"kind":"unknown","label":"缺少可用高度；仅展示轮廓"}},{"type":"Feature","id":"way/1448351216","geometry":{"type":"MultiPolygon","coordinates":[[[[113.8343249,22.7405885],[113.8344283,22.7405202],[113.8344891,22.7405985],[113.8343857,22.7406668],[113.8343249,22.7405885]]]]},"properties":{"name":"way/1448351216","height":0,"kind":"unknown","label":"缺少可用高度；仅展示轮廓"}},{"type":"Feature","id":"way/1448351217","geometry":{"type":"MultiPolygon","coordinates":[[[[113.8344924,22.7402778],[113.8345958,22.7402095],[113.8346566,22.7402878],[113.8345531,22.7403561],[113.8344924,22.7402778]]]]},"properties":{"name":"way/1448351217","height":0,"kind":"unknown","label":"缺少可用高度；仅展示轮廓"}},{"type":"Feature","id":"way/1448351218","geometry":{"type":"MultiPolygon","coordinates":[[[[113.8341898,22.7406777],[113.8342932,22.7406094],[113.834354,22.7406877],[113.8342506,22.740756],[113.8341898,22.7406777]]]]},"properties":{"name":"way/1448351218","height":0,"kind":"unknown","label":"缺少可用高度；仅展示轮廓"}},{"type":"Feature","id":"way/1448351219","geometry":{"type":"MultiPolygon","coordinates":[[[[113.8343573,22.740367],[113.8344607,22.7402987],[113.8345215,22.740377],[113.8344181,22.7404453],[113.8343573,22.740367]]]]},"properties":{"name":"way/1448351219","height":0,"kind":"unknown","label":"缺少可用高度；仅展示轮廓"}},{"type":"Feature","id":"way/1448351220","geometry":{"type":"MultiPolygon","coordinates":[[[[113.8340547,22.7407669],[113.8341581,22.7406986],[113.8342189,22.7407769],[113.8341155,22.7408452],[113.8340547,22.7407669]]]]},"properties":{"name":"way/1448351220","height":0,"kind":"unknown","label":"缺少可用高度；仅展示轮廓"}},{"type":"Feature","id":"way/1448351221","geometry":{"type":"MultiPolygon","coordinates":[[[[113.8342222,22.7404562],[113.8343256,22.7403879],[113.8343864,22.7404662],[113.834283,22.7405345],[113.8342222,22.7404562]]]]},"properties":{"name":"way/1448351221","height":0,"kind":"unknown","label":"缺少可用高度；仅展示轮廓"}},{"type":"Feature","id":"way/1448351222","geometry":{"type":"MultiPolygon","coordinates":[[[[113.8339196,22.7408561],[113.834023,22.7407878],[113.8340838,22.7408661],[113.8339804,22.7409344],[113.8339196,22.7408561]]]]},"properties":{"name":"way/1448351222","height":0,"kind":"unknown","label":"缺少可用高度；仅展示轮廓"}},{"type":"Feature","id":"way/1448351223","geometry":{"type":"MultiPolygon","coordinates":[[[[113.8340871,22.7405454],[113.8341905,22.7404771],[113.8342513,22.7405554],[113.8341479,22.7406237],[113.8340871,22.7405454]]]]},"properties":{"name":"way/1448351223","height":0,"kind":"unknown","label":"缺少可用高度；仅展示轮廓"}},{"type":"Feature","id":"way/1448351224","geometry":{"type":"MultiPolygon","coordinates":[[[[113.8337845,22.7409453],[113.8338879,22.740877],[113.8339487,22.7409553],[113.8338453,22.7410236],[113.8337845,22.7409453]]]]},"properties":{"name":"way/1448351224","height":0,"kind":"unknown","label":"缺少可用高度；仅展示轮廓"}},{"type":"Feature","id":"way/1448351225","geometry":{"type":"MultiPolygon","coordinates":[[[[113.8338169,22.7407238],[113.8339203,22.7406555],[113.8339811,22.7407338],[113.8338777,22.7408021],[113.8338169,22.7407238]]]]},"properties":{"name":"way/1448351225","height":0,"kind":"unknown","label":"缺少可用高度；仅展示轮廓"}},{"type":"Feature","id":"way/1448351226","geometry":{"type":"MultiPolygon","coordinates":[[[[113.8336818,22.740813],[113.8337852,22.7407447],[113.833846,22.740823],[113.8337426,22.7408913],[113.8336818,22.740813]]]]},"properties":{"name":"way/1448351226","height":0,"kind":"unknown","label":"缺少可用高度；仅展示轮廓"}},{"type":"Feature","id":"way/1448351227","geometry":{"type":"MultiPolygon","coordinates":[[[[113.8337468,22.7403702],[113.8338502,22.7403019],[113.833911,22.7403802],[113.8338076,22.7404485],[113.8337468,22.7403702]]]]},"properties":{"name":"way/1448351227","height":0,"kind":"unknown","label":"缺少可用高度；仅展示轮廓"}},{"type":"Feature","id":"way/1448351228","geometry":{"type":"MultiPolygon","coordinates":[[[[113.8345249,22.7400564],[113.8346283,22.7399881],[113.8346891,22.7400664],[113.8345857,22.7401347],[113.8345249,22.7400564]]]]},"properties":{"name":"way/1448351228","height":0,"kind":"unknown","label":"缺少可用高度；仅展示轮廓"}},{"type":"Feature","id":"way/1448351229","geometry":{"type":"MultiPolygon","coordinates":[[[[113.8343898,22.7401456],[113.8344932,22.7400773],[113.834554,22.7401556],[113.8344506,22.7402239],[113.8343898,22.7401456]]]]},"properties":{"name":"way/1448351229","height":0,"kind":"unknown","label":"缺少可用高度；仅展示轮廓"}},{"type":"Feature","id":"way/1448351230","geometry":{"type":"MultiPolygon","coordinates":[[[[113.8342547,22.7402348],[113.8343581,22.7401665],[113.8344189,22.7402448],[113.8343155,22.7403131],[113.8342547,22.7402348]]]]},"properties":{"name":"way/1448351230","height":0,"kind":"unknown","label":"缺少可用高度；仅展示轮廓"}},{"type":"Feature","id":"way/1448351231","geometry":{"type":"MultiPolygon","coordinates":[[[[113.8344222,22.7399241],[113.8345256,22.7398559],[113.8345864,22.7399342],[113.834483,22.7400024],[113.8344222,22.7399241]]]]},"properties":{"name":"way/1448351231","height":0,"kind":"unknown","label":"缺少可用高度；仅展示轮廓"}},{"type":"Feature","id":"way/1448351232","geometry":{"type":"MultiPolygon","coordinates":[[[[113.8341196,22.740324],[113.834223,22.7402557],[113.8342838,22.740334],[113.8341804,22.7404023],[113.8341196,22.740324]]]]},"properties":{"name":"way/1448351232","height":0,"kind":"unknown","label":"缺少可用高度；仅展示轮廓"}},{"type":"Feature","id":"way/1448351233","geometry":{"type":"MultiPolygon","coordinates":[[[[113.8342871,22.7400133],[113.8343905,22.7399451],[113.8344513,22.7400234],[113.8343479,22.7400917],[113.8342871,22.7400133]]]]},"properties":{"name":"way/1448351233","height":0,"kind":"unknown","label":"缺少可用高度；仅展示轮廓"}},{"type":"Feature","id":"way/1448351234","geometry":{"type":"MultiPolygon","coordinates":[[[[113.8339845,22.7404132],[113.834088,22.7403449],[113.8341487,22.7404232],[113.8340453,22.7404915],[113.8339845,22.7404132]]]]},"properties":{"name":"way/1448351234","height":0,"kind":"unknown","label":"缺少可用高度；仅展示轮廓"}},{"type":"Feature","id":"way/1448351235","geometry":{"type":"MultiPolygon","coordinates":[[[[113.834152,22.7401025],[113.8342554,22.7400343],[113.8343162,22.7401126],[113.8342128,22.7401809],[113.834152,22.7401025]]]]},"properties":{"name":"way/1448351235","height":0,"kind":"unknown","label":"缺少可用高度；仅展示轮廓"}},{"type":"Feature","id":"way/1448351236","geometry":{"type":"MultiPolygon","coordinates":[[[[113.8338495,22.7405024],[113.8339529,22.7404341],[113.8340137,22.7405125],[113.8339103,22.7405807],[113.8338495,22.7405024]]]]},"properties":{"name":"way/1448351236","height":0,"kind":"unknown","label":"缺少可用高度；仅展示轮廓"}},{"type":"Feature","id":"way/1448351237","geometry":{"type":"MultiPolygon","coordinates":[[[[113.8340169,22.7401918],[113.8341203,22.7401235],[113.8341811,22.7402018],[113.8340777,22.7402701],[113.8340169,22.7401918]]]]},"properties":{"name":"way/1448351237","height":0,"kind":"unknown","label":"缺少可用高度；仅展示轮廓"}},{"type":"Feature","id":"way/1448351238","geometry":{"type":"MultiPolygon","coordinates":[[[[113.8337144,22.7405916],[113.8338178,22.7405234],[113.8338786,22.7406017],[113.8337752,22.7406699],[113.8337144,22.7405916]]]]},"properties":{"name":"way/1448351238","height":0,"kind":"unknown","label":"缺少可用高度；仅展示轮廓"}},{"type":"Feature","id":"way/1448351239","geometry":{"type":"MultiPolygon","coordinates":[[[[113.8338818,22.740281],[113.8339853,22.7402127],[113.834046,22.740291],[113.8339426,22.7403593],[113.8338818,22.740281]]]]},"properties":{"name":"way/1448351239","height":0,"kind":"unknown","label":"缺少可用高度；仅展示轮廓"}},{"type":"Feature","id":"way/1448351240","geometry":{"type":"MultiPolygon","coordinates":[[[[113.8336117,22.7404594],[113.8337151,22.7403911],[113.8337759,22.7404694],[113.8336725,22.7405377],[113.8336117,22.7404594]]]]},"properties":{"name":"way/1448351240","height":0,"kind":"unknown","label":"缺少可用高度；仅展示轮廓"}},{"type":"Feature","id":"way/1448351241","geometry":{"type":"MultiPolygon","coordinates":[[[[113.8343193,22.7397918],[113.8344227,22.7397235],[113.8344835,22.7398018],[113.8343801,22.7398701],[113.8343193,22.7397918]]]]},"properties":{"name":"way/1448351241","height":0,"kind":"unknown","label":"缺少可用高度；仅展示轮廓"}},{"type":"Feature","id":"way/1448351242","geometry":{"type":"MultiPolygon","coordinates":[[[[113.8341842,22.739881],[113.8342877,22.7398127],[113.8343485,22.739891],[113.834245,22.7399593],[113.8341842,22.739881]]]]},"properties":{"name":"way/1448351242","height":0,"kind":"unknown","label":"缺少可用高度；仅展示轮廓"}},{"type":"Feature","id":"way/1448351243","geometry":{"type":"MultiPolygon","coordinates":[[[[113.8340492,22.7399702],[113.8341526,22.7399019],[113.8342134,22.7399802],[113.83411,22.7400485],[113.8340492,22.7399702]]]]},"properties":{"name":"way/1448351243","height":0,"kind":"unknown","label":"缺少可用高度；仅展示轮廓"}},{"type":"Feature","id":"way/1448351244","geometry":{"type":"MultiPolygon","coordinates":[[[[113.8339141,22.7400594],[113.8340175,22.7399911],[113.8340783,22.7400694],[113.8339749,22.7401377],[113.8339141,22.7400594]]]]},"properties":{"name":"way/1448351244","height":0,"kind":"unknown","label":"缺少可用高度；仅展示轮廓"}},{"type":"Feature","id":"way/1448351245","geometry":{"type":"MultiPolygon","coordinates":[[[[113.833779,22.7401486],[113.8338824,22.7400803],[113.8339432,22.7401586],[113.8338398,22.7402269],[113.833779,22.7401486]]]]},"properties":{"name":"way/1448351245","height":0,"kind":"unknown","label":"缺少可用高度；仅展示轮廓"}},{"type":"Feature","id":"way/1448351246","geometry":{"type":"MultiPolygon","coordinates":[[[[113.8336439,22.7402378],[113.8337473,22.7401695],[113.8338081,22.7402478],[113.8337047,22.7403161],[113.8336439,22.7402378]]]]},"properties":{"name":"way/1448351246","height":0,"kind":"unknown","label":"缺少可用高度；仅展示轮廓"}},{"type":"Feature","id":"way/1448351247","geometry":{"type":"MultiPolygon","coordinates":[[[[113.8342166,22.7396595],[113.83432,22.7395912],[113.8343808,22.7396695],[113.8342774,22.7397378],[113.8342166,22.7396595]]]]},"properties":{"name":"way/1448351247","height":0,"kind":"unknown","label":"缺少可用高度；仅展示轮廓"}},{"type":"Feature","id":"way/1448351248","geometry":{"type":"MultiPolygon","coordinates":[[[[113.8340815,22.7397487],[113.834185,22.7396804],[113.8342458,22.7397587],[113.8341423,22.739827],[113.8340815,22.7397487]]]]},"properties":{"name":"way/1448351248","height":0,"kind":"unknown","label":"缺少可用高度；仅展示轮廓"}},{"type":"Feature","id":"way/1448351249","geometry":{"type":"MultiPolygon","coordinates":[[[[113.8339465,22.7398379],[113.8340499,22.7397696],[113.8341107,22.7398479],[113.8340073,22.7399162],[113.8339465,22.7398379]]]]},"properties":{"name":"way/1448351249","height":0,"kind":"unknown","label":"缺少可用高度；仅展示轮廓"}},{"type":"Feature","id":"way/1448351250","geometry":{"type":"MultiPolygon","coordinates":[[[[113.8336763,22.7400163],[113.8337797,22.739948],[113.8338405,22.7400264],[113.8337371,22.7400946],[113.8336763,22.7400163]]]]},"properties":{"name":"way/1448351250","height":0,"kind":"unknown","label":"缺少可用高度；仅展示轮廓"}},{"type":"Feature","id":"way/1448351251","geometry":{"type":"MultiPolygon","coordinates":[[[[113.8335412,22.7401055],[113.8336446,22.7400372],[113.8337054,22.7401156],[113.833602,22.7401838],[113.8335412,22.7401055]]]]},"properties":{"name":"way/1448351251","height":0,"kind":"unknown","label":"缺少可用高度；仅展示轮廓"}},{"type":"Feature","id":"way/1448351253","geometry":{"type":"MultiPolygon","coordinates":[[[[113.8330156,22.7408465],[113.8331215,22.7408282],[113.8331415,22.7409267],[113.8330356,22.740945],[113.8330156,22.7408465]]]]},"properties":{"name":"way/1448351253","height":0,"kind":"unknown","label":"缺少可用高度；仅展示轮廓"}},{"type":"Feature","id":"way/1448351254","geometry":{"type":"MultiPolygon","coordinates":[[[[113.8328713,22.7408714],[113.8329773,22.7408531],[113.8329973,22.7409516],[113.8328913,22.7409699],[113.8328713,22.7408714]]]]},"properties":{"name":"way/1448351254","height":0,"kind":"unknown","label":"缺少可用高度；仅展示轮廓"}},{"type":"Feature","id":"way/1448351255","geometry":{"type":"MultiPolygon","coordinates":[[[[113.832727,22.7408963],[113.832833,22.740878],[113.832853,22.7409765],[113.832747,22.7409948],[113.832727,22.7408963]]]]},"properties":{"name":"way/1448351255","height":0,"kind":"unknown","label":"缺少可用高度；仅展示轮廓"}},{"type":"Feature","id":"way/1448351256","geometry":{"type":"MultiPolygon","coordinates":[[[[113.8325827,22.7409212],[113.8326887,22.7409029],[113.8327087,22.7410015],[113.8326027,22.7410198],[113.8325827,22.7409212]]]]},"properties":{"name":"way/1448351256","height":0,"kind":"unknown","label":"缺少可用高度；仅展示轮廓"}},{"type":"Feature","id":"way/1448351257","geometry":{"type":"MultiPolygon","coordinates":[[[[113.8324384,22.7409461],[113.8325444,22.7409278],[113.8325644,22.7410264],[113.8324584,22.7410447],[113.8324384,22.7409461]]]]},"properties":{"name":"way/1448351257","height":0,"kind":"unknown","label":"缺少可用高度；仅展示轮廓"}},{"type":"Feature","id":"way/1448351258","geometry":{"type":"MultiPolygon","coordinates":[[[[113.8331598,22.7408216],[113.8332658,22.7408033],[113.8332858,22.7409018],[113.8331798,22.7409201],[113.8331598,22.7408216]]]]},"properties":{"name":"way/1448351258","height":0,"kind":"unknown","label":"缺少可用高度；仅展示轮廓"}},{"type":"Feature","id":"way/1448351259","geometry":{"type":"MultiPolygon","coordinates":[[[[113.8331252,22.7406509],[113.8332312,22.7406326],[113.8332512,22.7407311],[113.8331452,22.7407494],[113.8331252,22.7406509]]]]},"properties":{"name":"way/1448351259","height":0,"kind":"unknown","label":"缺少可用高度；仅展示轮廓"}},{"type":"Feature","id":"way/1448351260","geometry":{"type":"MultiPolygon","coordinates":[[[[113.8329809,22.7406758],[113.8330869,22.7406575],[113.8331069,22.7407561],[113.8330009,22.7407744],[113.8329809,22.7406758]]]]},"properties":{"name":"way/1448351260","height":0,"kind":"unknown","label":"缺少可用高度；仅展示轮廓"}},{"type":"Feature","id":"way/1448351261","geometry":{"type":"MultiPolygon","coordinates":[[[[113.8328366,22.7407008],[113.8329426,22.7406825],[113.8329626,22.740781],[113.8328566,22.7407993],[113.8328366,22.7407008]]]]},"properties":{"name":"way/1448351261","height":0,"kind":"unknown","label":"缺少可用高度；仅展示轮廓"}},{"type":"Feature","id":"way/1448351262","geometry":{"type":"MultiPolygon","coordinates":[[[[113.8326923,22.7407257],[113.8327983,22.7407074],[113.8328183,22.7408059],[113.8327123,22.7408242],[113.8326923,22.7407257]]]]},"properties":{"name":"way/1448351262","height":0,"kind":"unknown","label":"缺少可用高度；仅展示轮廓"}},{"type":"Feature","id":"way/1448351263","geometry":{"type":"MultiPolygon","coordinates":[[[[113.832548,22.7407506],[113.832654,22.7407323],[113.832674,22.7408308],[113.832568,22.7408491],[113.832548,22.7407506]]]]},"properties":{"name":"way/1448351263","height":0,"kind":"unknown","label":"缺少可用高度；仅展示轮廓"}},{"type":"Feature","id":"way/1448351264","geometry":{"type":"MultiPolygon","coordinates":[[[[113.8324037,22.7407755],[113.8325097,22.7407572],[113.8325297,22.7408557],[113.8324237,22.740874],[113.8324037,22.7407755]]]]},"properties":{"name":"way/1448351264","height":0,"kind":"unknown","label":"缺少可用高度；仅展示轮廓"}},{"type":"Feature","id":"way/1448351265","geometry":{"type":"MultiPolygon","coordinates":[[[[113.8331944,22.7409916],[113.8333004,22.7409733],[113.8333204,22.7410718],[113.8332144,22.7410901],[113.8331944,22.7409916]]]]},"properties":{"name":"way/1448351265","height":0,"kind":"unknown","label":"缺少可用高度；仅展示轮廓"}},{"type":"Feature","id":"way/1448351266","geometry":{"type":"MultiPolygon","coordinates":[[[[113.8325076,22.7412868],[113.8326136,22.7412685],[113.8326336,22.741367],[113.8325276,22.7413853],[113.8325076,22.7412868]]]]},"properties":{"name":"way/1448351266","height":0,"kind":"unknown","label":"缺少可用高度；仅展示轮廓"}},{"type":"Feature","id":"way/1448351267","geometry":{"type":"MultiPolygon","coordinates":[[[[113.8330501,22.7410165],[113.8331561,22.7409982],[113.8331761,22.7410967],[113.8330701,22.741115],[113.8330501,22.7410165]]]]},"properties":{"name":"way/1448351267","height":0,"kind":"unknown","label":"缺少可用高度；仅展示轮廓"}},{"type":"Feature","id":"way/1448351268","geometry":{"type":"MultiPolygon","coordinates":[[[[113.8329058,22.7410414],[113.8330118,22.7410231],[113.8330318,22.7411216],[113.8329258,22.7411399],[113.8329058,22.7410414]]]]},"properties":{"name":"way/1448351268","height":0,"kind":"unknown","label":"缺少可用高度；仅展示轮廓"}},{"type":"Feature","id":"way/1448351269","geometry":{"type":"MultiPolygon","coordinates":[[[[113.8327615,22.7410663],[113.8328675,22.741048],[113.8328875,22.7411465],[113.8327815,22.7411649],[113.8327615,22.7410663]]]]},"properties":{"name":"way/1448351269","height":0,"kind":"unknown","label":"缺少可用高度；仅展示轮廓"}},{"type":"Feature","id":"way/1448351270","geometry":{"type":"MultiPolygon","coordinates":[[[[113.8326172,22.7410912],[113.8327232,22.7410729],[113.8327432,22.7411715],[113.8326372,22.7411898],[113.8326172,22.7410912]]]]},"properties":{"name":"way/1448351270","height":0,"kind":"unknown","label":"缺少可用高度；仅展示轮廓"}},{"type":"Feature","id":"way/1448351271","geometry":{"type":"MultiPolygon","coordinates":[[[[113.8324729,22.7411162],[113.8325789,22.7410979],[113.8325989,22.7411964],[113.8324929,22.7412147],[113.8324729,22.7411162]]]]},"properties":{"name":"way/1448351271","height":0,"kind":"unknown","label":"缺少可用高度；仅展示轮廓"}},{"type":"Feature","id":"way/1448351272","geometry":{"type":"MultiPolygon","coordinates":[[[[113.8333329,22.7416735],[113.8334389,22.7416551],[113.8334589,22.7417537],[113.8333529,22.741772],[113.8333329,22.7416735]]]]},"properties":{"name":"way/1448351272","height":0,"kind":"unknown","label":"缺少可用高度；仅展示轮廓"}},{"type":"Feature","id":"way/1448351273","geometry":{"type":"MultiPolygon","coordinates":[[[[113.8332983,22.7415028],[113.8334043,22.7414845],[113.8334243,22.741583],[113.8333183,22.7416013],[113.8332983,22.7415028]]]]},"properties":{"name":"way/1448351273","height":0,"kind":"unknown","label":"缺少可用高度；仅展示轮廓"}},{"type":"Feature","id":"way/1448351274","geometry":{"type":"MultiPolygon","coordinates":[[[[113.833258,22.7420403],[113.833364,22.742022],[113.833384,22.7421205],[113.833278,22.7421388],[113.833258,22.7420403]]]]},"properties":{"name":"way/1448351274","height":0,"kind":"unknown","label":"缺少可用高度；仅展示轮廓"}},{"type":"Feature","id":"way/1448351275","geometry":{"type":"MultiPolygon","coordinates":[[[[113.8331137,22.7420652],[113.8332197,22.7420469],[113.8332397,22.7421455],[113.8331337,22.7421638],[113.8331137,22.7420652]]]]},"properties":{"name":"way/1448351275","height":0,"kind":"unknown","label":"缺少可用高度；仅展示轮廓"}},{"type":"Feature","id":"way/1448351276","geometry":{"type":"MultiPolygon","coordinates":[[[[113.833154,22.7415277],[113.83326,22.7415094],[113.83328,22.7416079],[113.833174,22.7416263],[113.833154,22.7415277]]]]},"properties":{"name":"way/1448351276","height":0,"kind":"unknown","label":"缺少可用高度；仅展示轮廓"}},{"type":"Feature","id":"way/1448351277","geometry":{"type":"MultiPolygon","coordinates":[[[[113.8329694,22.7420901],[113.8330754,22.7420718],[113.8330954,22.7421704],[113.8329894,22.7421887],[113.8329694,22.7420901]]]]},"properties":{"name":"way/1448351277","height":0,"kind":"unknown","label":"缺少可用高度；仅展示轮廓"}},{"type":"Feature","id":"way/1448351278","geometry":{"type":"MultiPolygon","coordinates":[[[[113.8330097,22.7415526],[113.8331157,22.7415343],[113.8331357,22.7416329],[113.8330297,22.7416512],[113.8330097,22.7415526]]]]},"properties":{"name":"way/1448351278","height":0,"kind":"unknown","label":"缺少可用高度；仅展示轮廓"}},{"type":"Feature","id":"way/1448351279","geometry":{"type":"MultiPolygon","coordinates":[[[[113.8328251,22.7421151],[113.8329311,22.7420968],[113.8329511,22.7421953],[113.8328451,22.7422136],[113.8328251,22.7421151]]]]},"properties":{"name":"way/1448351279","height":0,"kind":"unknown","label":"缺少可用高度；仅展示轮廓"}},{"type":"Feature","id":"way/1448351280","geometry":{"type":"MultiPolygon","coordinates":[[[[113.8328654,22.7415776],[113.8329714,22.7415593],[113.8329914,22.7416578],[113.8328854,22.7416761],[113.8328654,22.7415776]]]]},"properties":{"name":"way/1448351280","height":0,"kind":"unknown","label":"缺少可用高度；仅展示轮廓"}},{"type":"Feature","id":"way/1448351281","geometry":{"type":"MultiPolygon","coordinates":[[[[113.8326808,22.74214],[113.8327868,22.7421217],[113.8328068,22.7422202],[113.8327008,22.7422385],[113.8326808,22.74214]]]]},"properties":{"name":"way/1448351281","height":0,"kind":"unknown","label":"缺少可用高度；仅展示轮廓"}},{"type":"Feature","id":"way/1448351282","geometry":{"type":"MultiPolygon","coordinates":[[[[113.8334023,22.7420154],[113.8335083,22.7419971],[113.8335283,22.7420956],[113.8334223,22.7421139],[113.8334023,22.7420154]]]]},"properties":{"name":"way/1448351282","height":0,"kind":"unknown","label":"缺少可用高度；仅展示轮廓"}},{"type":"Feature","id":"way/1448351283","geometry":{"type":"MultiPolygon","coordinates":[[[[113.8333676,22.7418448],[113.8334736,22.7418265],[113.8334936,22.741925],[113.8333876,22.7419433],[113.8333676,22.7418448]]]]},"properties":{"name":"way/1448351283","height":0,"kind":"unknown","label":"缺少可用高度；仅展示轮廓"}},{"type":"Feature","id":"way/1448351284","geometry":{"type":"MultiPolygon","coordinates":[[[[113.8332233,22.7418697],[113.8333293,22.7418514],[113.8333493,22.7419499],[113.8332434,22.7419682],[113.8332233,22.7418697]]]]},"properties":{"name":"way/1448351284","height":0,"kind":"unknown","label":"缺少可用高度；仅展示轮廓"}},{"type":"Feature","id":"way/1448351285","geometry":{"type":"MultiPolygon","coordinates":[[[[113.8330791,22.7418946],[113.8331851,22.7418763],[113.8332051,22.7419748],[113.8330991,22.7419931],[113.8330791,22.7418946]]]]},"properties":{"name":"way/1448351285","height":0,"kind":"unknown","label":"缺少可用高度；仅展示轮廓"}},{"type":"Feature","id":"way/1448351286","geometry":{"type":"MultiPolygon","coordinates":[[[[113.8329348,22.7419195],[113.8330408,22.7419012],[113.8330608,22.7419997],[113.8329548,22.742018],[113.8329348,22.7419195]]]]},"properties":{"name":"way/1448351286","height":0,"kind":"unknown","label":"缺少可用高度；仅展示轮廓"}},{"type":"Feature","id":"way/1448351287","geometry":{"type":"MultiPolygon","coordinates":[[[[113.8327905,22.7419444],[113.8328965,22.7419261],[113.8329165,22.7420246],[113.8328105,22.7420429],[113.8327905,22.7419444]]]]},"properties":{"name":"way/1448351287","height":0,"kind":"unknown","label":"缺少可用高度；仅展示轮廓"}},{"type":"Feature","id":"way/1448351288","geometry":{"type":"MultiPolygon","coordinates":[[[[113.8326462,22.7419693],[113.8327522,22.741951],[113.8327722,22.7420496],[113.8326662,22.7420679],[113.8326462,22.7419693]]]]},"properties":{"name":"way/1448351288","height":0,"kind":"unknown","label":"缺少可用高度；仅展示轮廓"}},{"type":"Feature","id":"way/1448351289","geometry":{"type":"MultiPolygon","coordinates":[[[[113.8331194,22.7413577],[113.8332254,22.7413394],[113.8332454,22.7414379],[113.8331394,22.7414562],[113.8331194,22.7413577]]]]},"properties":{"name":"way/1448351289","height":0,"kind":"unknown","label":"缺少可用高度；仅展示轮廓"}},{"type":"Feature","id":"way/1448351290","geometry":{"type":"MultiPolygon","coordinates":[[[[113.8329752,22.7413826],[113.8330811,22.7413643],[113.8331012,22.7414629],[113.8329952,22.7414812],[113.8329752,22.7413826]]]]},"properties":{"name":"way/1448351290","height":0,"kind":"unknown","label":"缺少可用高度；仅展示轮廓"}},{"type":"Feature","id":"way/1448351291","geometry":{"type":"MultiPolygon","coordinates":[[[[113.8328309,22.7414075],[113.8329369,22.7413892],[113.8329569,22.7414878],[113.8328509,22.7415061],[113.8328309,22.7414075]]]]},"properties":{"name":"way/1448351291","height":0,"kind":"unknown","label":"缺少可用高度；仅展示轮廓"}},{"type":"Feature","id":"way/1448351292","geometry":{"type":"MultiPolygon","coordinates":[[[[113.8332637,22.7413328],[113.8333697,22.7413145],[113.8333897,22.741413],[113.8332837,22.7414313],[113.8332637,22.7413328]]]]},"properties":{"name":"way/1448351292","height":0,"kind":"unknown","label":"缺少可用高度；仅展示轮廓"}},{"type":"Feature","id":"way/1448351293","geometry":{"type":"MultiPolygon","coordinates":[[[[113.8332291,22.7411622],[113.8333351,22.7411439],[113.8333551,22.7412424],[113.8332491,22.7412607],[113.8332291,22.7411622]]]]},"properties":{"name":"way/1448351293","height":0,"kind":"unknown","label":"缺少可用高度；仅展示轮廓"}},{"type":"Feature","id":"way/1448351294","geometry":{"type":"MultiPolygon","coordinates":[[[[113.8330848,22.7411871],[113.8331908,22.7411688],[113.8332108,22.7412673],[113.8331048,22.7412856],[113.8330848,22.7411871]]]]},"properties":{"name":"way/1448351294","height":0,"kind":"unknown","label":"缺少可用高度；仅展示轮廓"}},{"type":"Feature","id":"way/1448351295","geometry":{"type":"MultiPolygon","coordinates":[[[[113.8329405,22.741212],[113.8330465,22.7411937],[113.8330665,22.7412922],[113.8329605,22.7413105],[113.8329405,22.741212]]]]},"properties":{"name":"way/1448351295","height":0,"kind":"unknown","label":"缺少可用高度；仅展示轮廓"}},{"type":"Feature","id":"way/1448351296","geometry":{"type":"MultiPolygon","coordinates":[[[[113.8327962,22.7412369],[113.8329022,22.7412186],[113.8329222,22.7413171],[113.8328162,22.7413354],[113.8327962,22.7412369]]]]},"properties":{"name":"way/1448351296","height":0,"kind":"unknown","label":"缺少可用高度；仅展示轮廓"}},{"type":"Feature","id":"way/1448351297","geometry":{"type":"MultiPolygon","coordinates":[[[[113.8326519,22.7412618],[113.8327579,22.7412435],[113.8327779,22.741342],[113.8326719,22.7413603],[113.8326519,22.7412618]]]]},"properties":{"name":"way/1448351297","height":0,"kind":"unknown","label":"缺少可用高度；仅展示轮廓"}},{"type":"Feature","id":"way/1448351298","geometry":{"type":"MultiPolygon","coordinates":[[[[113.8331887,22.7416984],[113.8332946,22.7416801],[113.8333147,22.7417786],[113.8332087,22.7417969],[113.8331887,22.7416984]]]]},"properties":{"name":"way/1448351298","height":0,"kind":"unknown","label":"缺少可用高度；仅展示轮廓"}},{"type":"Feature","id":"way/1448351299","geometry":{"type":"MultiPolygon","coordinates":[[[[113.8330444,22.7417233],[113.8331504,22.741705],[113.8331704,22.7418035],[113.8330644,22.7418218],[113.8330444,22.7417233]]]]},"properties":{"name":"way/1448351299","height":0,"kind":"unknown","label":"缺少可用高度；仅展示轮廓"}},{"type":"Feature","id":"way/1448351300","geometry":{"type":"MultiPolygon","coordinates":[[[[113.8329001,22.7417482],[113.8330061,22.7417299],[113.8330261,22.7418284],[113.8329201,22.7418467],[113.8329001,22.7417482]]]]},"properties":{"name":"way/1448351300","height":0,"kind":"unknown","label":"缺少可用高度；仅展示轮廓"}},{"type":"Feature","id":"way/1448351301","geometry":{"type":"MultiPolygon","coordinates":[[[[113.8327558,22.7417731],[113.8328618,22.7417548],[113.8328818,22.7418533],[113.8327758,22.7418716],[113.8327558,22.7417731]]]]},"properties":{"name":"way/1448351301","height":0,"kind":"unknown","label":"缺少可用高度；仅展示轮廓"}},{"type":"Feature","id":"way/1448351302","geometry":{"type":"MultiPolygon","coordinates":[[[[113.8326115,22.741798],[113.8327175,22.7417797],[113.8327375,22.7418783],[113.8326315,22.7418966],[113.8326115,22.741798]]]]},"properties":{"name":"way/1448351302","height":0,"kind":"unknown","label":"缺少可用高度；仅展示轮廓"}},{"type":"Feature","id":"way/1448351305","geometry":{"type":"MultiPolygon","coordinates":[[[[113.8328645,22.7402294],[113.8328885,22.7400687],[113.8329999,22.7400829],[113.8329759,22.7402436],[113.8328645,22.7402294]]]]},"properties":{"name":"way/1448351305","height":0,"kind":"unknown","label":"缺少可用高度；仅展示轮廓"}},{"type":"Feature","id":"way/1448351306","geometry":{"type":"MultiPolygon","coordinates":[[[[113.8329823,22.7402725],[113.833162,22.7402434],[113.8332024,22.7404557],[113.8330227,22.7404848],[113.8329823,22.7402725]]]]},"properties":{"name":"way/1448351306","height":0,"kind":"unknown","label":"缺少可用高度；仅展示轮廓"}},{"type":"Feature","id":"way/1448351307","geometry":{"type":"MultiPolygon","coordinates":[[[[113.8323203,22.7403776],[113.8325143,22.7402574],[113.8326268,22.7404117],[113.8324328,22.7405319],[113.8323203,22.7403776]]]]},"properties":{"name":"way/1448351307","height":0,"kind":"unknown","label":"缺少可用高度；仅展示轮廓"}},{"type":"Feature","id":"way/1448351308","geometry":{"type":"MultiPolygon","coordinates":[[[[113.8325466,22.7402373],[113.8327405,22.7401171],[113.8328411,22.7402551],[113.8326472,22.7403753],[113.8325466,22.7402373]]]]},"properties":{"name":"way/1448351308","height":0,"kind":"unknown","label":"缺少可用高度；仅展示轮廓"}},{"type":"Feature","id":"way/1448351309","geometry":{"type":"MultiPolygon","coordinates":[[[[113.8319028,22.7406362],[113.8320967,22.7405159],[113.8322092,22.7406703],[113.8320153,22.7407905],[113.8319028,22.7406362]]]]},"properties":{"name":"way/1448351309","height":0,"kind":"unknown","label":"缺少可用高度；仅展示轮廓"}},{"type":"Feature","id":"way/1448351310","geometry":{"type":"MultiPolygon","coordinates":[[[[113.8316765,22.7407764],[113.8318705,22.7406562],[113.831983,22.7408106],[113.831789,22.7409308],[113.8316765,22.7407764]]]]},"properties":{"name":"way/1448351310","height":0,"kind":"unknown","label":"缺少可用高度；仅展示轮廓"}},{"type":"Feature","id":"way/1448351311","geometry":{"type":"MultiPolygon","coordinates":[[[[113.8314503,22.7409167],[113.8316442,22.7407965],[113.8317567,22.7409508],[113.8315628,22.7410711],[113.8314503,22.7409167]]]]},"properties":{"name":"way/1448351311","height":0,"kind":"unknown","label":"缺少可用高度；仅展示轮廓"}},{"type":"Feature","id":"way/1448351312","geometry":{"type":"MultiPolygon","coordinates":[[[[113.831224,22.741057],[113.8314179,22.7409368],[113.8315304,22.7410911],[113.8313365,22.7412113],[113.831224,22.741057]]]]},"properties":{"name":"way/1448351312","height":0,"kind":"unknown","label":"缺少可用高度；仅展示轮廓"}},{"type":"Feature","id":"way/1448351313","geometry":{"type":"MultiPolygon","coordinates":[[[[113.8309977,22.7411972],[113.8311917,22.741077],[113.8313042,22.7412314],[113.8311102,22.7413516],[113.8309977,22.7411972]]]]},"properties":{"name":"way/1448351313","height":0,"kind":"unknown","label":"缺少可用高度；仅展示轮廓"}},{"type":"Feature","id":"way/1448351314","geometry":{"type":"MultiPolygon","coordinates":[[[[113.8312059,22.74151],[113.8313117,22.7414909],[113.8313326,22.7415892],[113.8312268,22.7416084],[113.8312059,22.74151]]]]},"properties":{"name":"way/1448351314","height":0,"kind":"unknown","label":"缺少可用高度；仅展示轮廓"}},{"type":"Feature","id":"way/1448351315","geometry":{"type":"MultiPolygon","coordinates":[[[[113.8313145,22.7420211],[113.8314203,22.742002],[113.8314413,22.7421003],[113.8313354,22.7421195],[113.8313145,22.7420211]]]]},"properties":{"name":"way/1448351315","height":0,"kind":"unknown","label":"缺少可用高度；仅展示轮廓"}},{"type":"Feature","id":"way/1448351316","geometry":{"type":"MultiPolygon","coordinates":[[[[113.8311705,22.7420472],[113.8312763,22.742028],[113.8312972,22.7421264],[113.8311914,22.7421455],[113.8311705,22.7420472]]]]},"properties":{"name":"way/1448351316","height":0,"kind":"unknown","label":"缺少可用高度；仅展示轮廓"}},{"type":"Feature","id":"way/1448351317","geometry":{"type":"MultiPolygon","coordinates":[[[[113.8313508,22.7421915],[113.8314566,22.7421723],[113.8314775,22.7422707],[113.8313717,22.7422898],[113.8313508,22.7421915]]]]},"properties":{"name":"way/1448351317","height":0,"kind":"unknown","label":"缺少可用高度；仅展示轮廓"}},{"type":"Feature","id":"way/1448351318","geometry":{"type":"MultiPolygon","coordinates":[[[[113.8312067,22.7422175],[113.8313125,22.7421984],[113.8313334,22.7422968],[113.8312276,22.7423159],[113.8312067,22.7422175]]]]},"properties":{"name":"way/1448351318","height":0,"kind":"unknown","label":"缺少可用高度；仅展示轮廓"}},{"type":"Feature","id":"way/1448351319","geometry":{"type":"MultiPolygon","coordinates":[[[[113.831242,22.7416797],[113.8313478,22.7416606],[113.8313688,22.7417589],[113.8312629,22.7417781],[113.831242,22.7416797]]]]},"properties":{"name":"way/1448351319","height":0,"kind":"unknown","label":"缺少可用高度；仅展示轮廓"}},{"type":"Feature","id":"way/1448351320","geometry":{"type":"MultiPolygon","coordinates":[[[[113.831098,22.7417058],[113.8312038,22.7416866],[113.8312247,22.741785],[113.8311189,22.7418041],[113.831098,22.7417058]]]]},"properties":{"name":"way/1448351320","height":0,"kind":"unknown","label":"缺少可用高度；仅展示轮廓"}},{"type":"Feature","id":"way/1448351321","geometry":{"type":"MultiPolygon","coordinates":[[[[113.8312783,22.7418501],[113.8313841,22.741831],[113.831405,22.7419293],[113.8312992,22.7419484],[113.8312783,22.7418501]]]]},"properties":{"name":"way/1448351321","height":0,"kind":"unknown","label":"缺少可用高度；仅展示轮廓"}},{"type":"Feature","id":"way/1448351322","geometry":{"type":"MultiPolygon","coordinates":[[[[113.8311342,22.7418761],[113.83124,22.741857],[113.8312609,22.7419554],[113.8311551,22.7419745],[113.8311342,22.7418761]]]]},"properties":{"name":"way/1448351322","height":0,"kind":"unknown","label":"缺少可用高度；仅展示轮廓"}},{"type":"Feature","id":"way/1448351323","geometry":{"type":"MultiPolygon","coordinates":[[[[113.8310618,22.741536],[113.8311677,22.7415169],[113.8311886,22.7416153],[113.8310828,22.7416344],[113.8310618,22.741536]]]]},"properties":{"name":"way/1448351323","height":0,"kind":"unknown","label":"缺少可用高度；仅展示轮廓"}},{"type":"Feature","id":"way/1448351324","geometry":{"type":"MultiPolygon","coordinates":[[[[113.8314948,22.7421654],[113.8316006,22.7421463],[113.8316215,22.7422447],[113.8315157,22.7422638],[113.8314948,22.7421654]]]]},"properties":{"name":"way/1448351324","height":0,"kind":"unknown","label":"缺少可用高度；仅展示轮廓"}},{"type":"Feature","id":"way/1448351325","geometry":{"type":"MultiPolygon","coordinates":[[[[113.8320702,22.7413537],[113.8321761,22.7413346],[113.832197,22.7414329],[113.8320911,22.7414521],[113.8320702,22.7413537]]]]},"properties":{"name":"way/1448351325","height":0,"kind":"unknown","label":"缺少可用高度；仅展示轮廓"}},{"type":"Feature","id":"way/1448351326","geometry":{"type":"MultiPolygon","coordinates":[[[[113.8319262,22.7413798],[113.832032,22.7413606],[113.8320529,22.741459],[113.8319471,22.7414781],[113.8319262,22.7413798]]]]},"properties":{"name":"way/1448351326","height":0,"kind":"unknown","label":"缺少可用高度；仅展示轮廓"}},{"type":"Feature","id":"way/1448351327","geometry":{"type":"MultiPolygon","coordinates":[[[[113.8317821,22.7414058],[113.8318879,22.7413867],[113.8319089,22.741485],[113.831803,22.7415042],[113.8317821,22.7414058]]]]},"properties":{"name":"way/1448351327","height":0,"kind":"unknown","label":"缺少可用高度；仅展示轮廓"}},{"type":"Feature","id":"way/1448351328","geometry":{"type":"MultiPolygon","coordinates":[[[[113.8316381,22.7414319],[113.8317439,22.7414127],[113.8317648,22.7415111],[113.831659,22.7415302],[113.8316381,22.7414319]]]]},"properties":{"name":"way/1448351328","height":0,"kind":"unknown","label":"缺少可用高度；仅展示轮廓"}},{"type":"Feature","id":"way/1448351329","geometry":{"type":"MultiPolygon","coordinates":[[[[113.831494,22.7414579],[113.8315998,22.7414388],[113.8316207,22.7415371],[113.8315149,22.7415563],[113.831494,22.7414579]]]]},"properties":{"name":"way/1448351329","height":0,"kind":"unknown","label":"缺少可用高度；仅展示轮廓"}},{"type":"Feature","id":"way/1448351330","geometry":{"type":"MultiPolygon","coordinates":[[[[113.83135,22.741484],[113.8314558,22.7414648],[113.8314767,22.7415632],[113.8313709,22.7415823],[113.83135,22.741484]]]]},"properties":{"name":"way/1448351330","height":0,"kind":"unknown","label":"缺少可用高度；仅展示轮廓"}},{"type":"Feature","id":"way/1448351331","geometry":{"type":"MultiPolygon","coordinates":[[[[113.8322143,22.7413277],[113.8323201,22.7413085],[113.832341,22.7414069],[113.8322352,22.741426],[113.8322143,22.7413277]]]]},"properties":{"name":"way/1448351331","height":0,"kind":"unknown","label":"缺少可用高度；仅展示轮廓"}},{"type":"Feature","id":"way/1448351332","geometry":{"type":"MultiPolygon","coordinates":[[[[113.8321781,22.7411573],[113.8322839,22.7411382],[113.8323048,22.7412365],[113.832199,22.7412557],[113.8321781,22.7411573]]]]},"properties":{"name":"way/1448351332","height":0,"kind":"unknown","label":"缺少可用高度；仅展示轮廓"}},{"type":"Feature","id":"way/1448351333","geometry":{"type":"MultiPolygon","coordinates":[[[[113.832034,22.7411834],[113.8321398,22.7411642],[113.8321607,22.7412626],[113.8320549,22.7412817],[113.832034,22.7411834]]]]},"properties":{"name":"way/1448351333","height":0,"kind":"unknown","label":"缺少可用高度；仅展示轮廓"}},{"type":"Feature","id":"way/1448351334","geometry":{"type":"MultiPolygon","coordinates":[[[[113.8318899,22.7412094],[113.8319958,22.7411903],[113.8320167,22.7412886],[113.8319109,22.7413078],[113.8318899,22.7412094]]]]},"properties":{"name":"way/1448351334","height":0,"kind":"unknown","label":"缺少可用高度；仅展示轮廓"}},{"type":"Feature","id":"way/1448351335","geometry":{"type":"MultiPolygon","coordinates":[[[[113.8317459,22.7412354],[113.8318517,22.7412163],[113.8318726,22.7413147],[113.8317668,22.7413338],[113.8317459,22.7412354]]]]},"properties":{"name":"way/1448351335","height":0,"kind":"unknown","label":"缺少可用高度；仅展示轮廓"}},{"type":"Feature","id":"way/1448351336","geometry":{"type":"MultiPolygon","coordinates":[[[[113.8316018,22.7412615],[113.8317077,22.7412424],[113.8317286,22.7413407],[113.8316228,22.7413599],[113.8316018,22.7412615]]]]},"properties":{"name":"way/1448351336","height":0,"kind":"unknown","label":"缺少可用高度；仅展示轮廓"}},{"type":"Feature","id":"way/1448351337","geometry":{"type":"MultiPolygon","coordinates":[[[[113.8314578,22.7412875],[113.8315636,22.7412684],[113.8315845,22.7413668],[113.8314787,22.7413859],[113.8314578,22.7412875]]]]},"properties":{"name":"way/1448351337","height":0,"kind":"unknown","label":"缺少可用高度；仅展示轮廓"}},{"type":"Feature","id":"way/1448351338","geometry":{"type":"MultiPolygon","coordinates":[[[[113.8321426,22.7416938],[113.8322484,22.7416747],[113.8322693,22.741773],[113.8321635,22.7417922],[113.8321426,22.7416938]]]]},"properties":{"name":"way/1448351338","height":0,"kind":"unknown","label":"缺少可用高度；仅展示轮廓"}},{"type":"Feature","id":"way/1448351339","geometry":{"type":"MultiPolygon","coordinates":[[[[113.8319985,22.7417199],[113.8321044,22.7417007],[113.8321253,22.7417991],[113.8320194,22.7418182],[113.8319985,22.7417199]]]]},"properties":{"name":"way/1448351339","height":0,"kind":"unknown","label":"缺少可用高度；仅展示轮廓"}},{"type":"Feature","id":"way/1448351340","geometry":{"type":"MultiPolygon","coordinates":[[[[113.8318545,22.7417459],[113.8319603,22.7417268],[113.8319812,22.7418251],[113.8318754,22.7418443],[113.8318545,22.7417459]]]]},"properties":{"name":"way/1448351340","height":0,"kind":"unknown","label":"缺少可用高度；仅展示轮廓"}},{"type":"Feature","id":"way/1448351341","geometry":{"type":"MultiPolygon","coordinates":[[[[113.8317104,22.741772],[113.8318162,22.7417528],[113.8318372,22.7418512],[113.8317313,22.7418703],[113.8317104,22.741772]]]]},"properties":{"name":"way/1448351341","height":0,"kind":"unknown","label":"缺少可用高度；仅展示轮廓"}},{"type":"Feature","id":"way/1448351342","geometry":{"type":"MultiPolygon","coordinates":[[[[113.8315664,22.741798],[113.8316722,22.7417789],[113.8316931,22.7418772],[113.8315873,22.7418964],[113.8315664,22.741798]]]]},"properties":{"name":"way/1448351342","height":0,"kind":"unknown","label":"缺少可用高度；仅展示轮廓"}},{"type":"Feature","id":"way/1448351343","geometry":{"type":"MultiPolygon","coordinates":[[[[113.8314223,22.7418241],[113.8315281,22.7418049],[113.831549,22.7419033],[113.8314432,22.7419224],[113.8314223,22.7418241]]]]},"properties":{"name":"way/1448351343","height":0,"kind":"unknown","label":"缺少可用高度；仅展示轮廓"}},{"type":"Feature","id":"way/1448351344","geometry":{"type":"MultiPolygon","coordinates":[[[[113.8322866,22.7416678],[113.8323925,22.7416486],[113.8324134,22.741747],[113.8323076,22.7417661],[113.8322866,22.7416678]]]]},"properties":{"name":"way/1448351344","height":0,"kind":"unknown","label":"缺少可用高度；仅展示轮廓"}},{"type":"Feature","id":"way/1448351345","geometry":{"type":"MultiPolygon","coordinates":[[[[113.8322504,22.7414974],[113.8323562,22.7414783],[113.8323771,22.7415766],[113.8322713,22.7415958],[113.8322504,22.7414974]]]]},"properties":{"name":"way/1448351345","height":0,"kind":"unknown","label":"缺少可用高度；仅展示轮廓"}},{"type":"Feature","id":"way/1448351346","geometry":{"type":"MultiPolygon","coordinates":[[[[113.8322151,22.7420352],[113.8323209,22.7420161],[113.8323418,22.7421144],[113.832236,22.7421336],[113.8322151,22.7420352]]]]},"properties":{"name":"way/1448351346","height":0,"kind":"unknown","label":"缺少可用高度；仅展示轮廓"}},{"type":"Feature","id":"way/1448351347","geometry":{"type":"MultiPolygon","coordinates":[[[[113.832071,22.7420613],[113.8321769,22.7420421],[113.8321978,22.7421405],[113.8320919,22.7421596],[113.832071,22.7420613]]]]},"properties":{"name":"way/1448351347","height":0,"kind":"unknown","label":"缺少可用高度；仅展示轮廓"}},{"type":"Feature","id":"way/1448351348","geometry":{"type":"MultiPolygon","coordinates":[[[[113.8321064,22.7415234],[113.8322122,22.7415043],[113.8322331,22.7416027],[113.8321273,22.7416218],[113.8321064,22.7415234]]]]},"properties":{"name":"way/1448351348","height":0,"kind":"unknown","label":"缺少可用高度；仅展示轮廓"}},{"type":"Feature","id":"way/1448351349","geometry":{"type":"MultiPolygon","coordinates":[[[[113.831927,22.7420873],[113.8320328,22.7420682],[113.8320537,22.7421665],[113.8319479,22.7421857],[113.831927,22.7420873]]]]},"properties":{"name":"way/1448351349","height":0,"kind":"unknown","label":"缺少可用高度；仅展示轮廓"}},{"type":"Feature","id":"way/1448351350","geometry":{"type":"MultiPolygon","coordinates":[[[[113.8319623,22.7415495],[113.8320681,22.7415304],[113.832089,22.7416287],[113.8319832,22.7416479],[113.8319623,22.7415495]]]]},"properties":{"name":"way/1448351350","height":0,"kind":"unknown","label":"缺少可用高度；仅展示轮廓"}},{"type":"Feature","id":"way/1448351351","geometry":{"type":"MultiPolygon","coordinates":[[[[113.8317829,22.7421133],[113.8318887,22.7420942],[113.8319097,22.7421926],[113.8318038,22.7422117],[113.8317829,22.7421133]]]]},"properties":{"name":"way/1448351351","height":0,"kind":"unknown","label":"缺少可用高度；仅展示轮廓"}},{"type":"Feature","id":"way/1448351352","geometry":{"type":"MultiPolygon","coordinates":[[[[113.8318182,22.7415755],[113.8319241,22.7415564],[113.831945,22.7416548],[113.8318392,22.7416739],[113.8318182,22.7415755]]]]},"properties":{"name":"way/1448351352","height":0,"kind":"unknown","label":"缺少可用高度；仅展示轮廓"}},{"type":"Feature","id":"way/1448351353","geometry":{"type":"MultiPolygon","coordinates":[[[[113.8316389,22.7421394],[113.8317447,22.7421203],[113.8317656,22.7422186],[113.8316598,22.7422378],[113.8316389,22.7421394]]]]},"properties":{"name":"way/1448351353","height":0,"kind":"unknown","label":"缺少可用高度；仅展示轮廓"}},{"type":"Feature","id":"way/1448351354","geometry":{"type":"MultiPolygon","coordinates":[[[[113.8316742,22.7416016],[113.83178,22.7415825],[113.8318009,22.7416808],[113.8316951,22.7417],[113.8316742,22.7416016]]]]},"properties":{"name":"way/1448351354","height":0,"kind":"unknown","label":"缺少可用高度；仅展示轮廓"}},{"type":"Feature","id":"way/1448351355","geometry":{"type":"MultiPolygon","coordinates":[[[[113.8315301,22.7416276],[113.831636,22.7416085],[113.8316569,22.7417069],[113.831551,22.741726],[113.8315301,22.7416276]]]]},"properties":{"name":"way/1448351355","height":0,"kind":"unknown","label":"缺少可用高度；仅展示轮廓"}},{"type":"Feature","id":"way/1448351356","geometry":{"type":"MultiPolygon","coordinates":[[[[113.8313861,22.7416537],[113.8314919,22.7416346],[113.8315128,22.7417329],[113.831407,22.7417521],[113.8313861,22.7416537]]]]},"properties":{"name":"way/1448351356","height":0,"kind":"unknown","label":"缺少可用高度；仅展示轮廓"}},{"type":"Feature","id":"way/1448351357","geometry":{"type":"MultiPolygon","coordinates":[[[[113.8323591,22.7420092],[113.832465,22.74199],[113.8324859,22.7420884],[113.8323801,22.7421075],[113.8323591,22.7420092]]]]},"properties":{"name":"way/1448351357","height":0,"kind":"unknown","label":"缺少可用高度；仅展示轮廓"}},{"type":"Feature","id":"way/1448351358","geometry":{"type":"MultiPolygon","coordinates":[[[[113.8323229,22.7418388],[113.8324287,22.7418197],[113.8324496,22.741918],[113.8323438,22.7419372],[113.8323229,22.7418388]]]]},"properties":{"name":"way/1448351358","height":0,"kind":"unknown","label":"缺少可用高度；仅展示轮廓"}},{"type":"Feature","id":"way/1448351359","geometry":{"type":"MultiPolygon","coordinates":[[[[113.8321789,22.7418648],[113.8322847,22.7418457],[113.8323056,22.7419441],[113.8321998,22.7419632],[113.8321789,22.7418648]]]]},"properties":{"name":"way/1448351359","height":0,"kind":"unknown","label":"缺少可用高度；仅展示轮廓"}},{"type":"Feature","id":"way/1448351360","geometry":{"type":"MultiPolygon","coordinates":[[[[113.8320348,22.7418909],[113.8321406,22.7418718],[113.8321615,22.7419701],[113.8320557,22.7419893],[113.8320348,22.7418909]]]]},"properties":{"name":"way/1448351360","height":0,"kind":"unknown","label":"缺少可用高度；仅展示轮廓"}},{"type":"Feature","id":"way/1448351361","geometry":{"type":"MultiPolygon","coordinates":[[[[113.8318907,22.7419169],[113.8319966,22.7418978],[113.8320175,22.7419962],[113.8319117,22.7420153],[113.8318907,22.7419169]]]]},"properties":{"name":"way/1448351361","height":0,"kind":"unknown","label":"缺少可用高度；仅展示轮廓"}},{"type":"Feature","id":"way/1448351362","geometry":{"type":"MultiPolygon","coordinates":[[[[113.8317467,22.741943],[113.8318525,22.7419238],[113.8318734,22.7420222],[113.8317676,22.7420413],[113.8317467,22.741943]]]]},"properties":{"name":"way/1448351362","height":0,"kind":"unknown","label":"缺少可用高度；仅展示轮廓"}},{"type":"Feature","id":"way/1448351363","geometry":{"type":"MultiPolygon","coordinates":[[[[113.8316026,22.741969],[113.8317085,22.7419499],[113.8317294,22.7420483],[113.8316235,22.7420674],[113.8316026,22.741969]]]]},"properties":{"name":"way/1448351363","height":0,"kind":"unknown","label":"缺少可用高度；仅展示轮廓"}},{"type":"Feature","id":"way/1448351364","geometry":{"type":"MultiPolygon","coordinates":[[[[113.8314586,22.7419951],[113.8315644,22.7419759],[113.8315853,22.7420743],[113.8314795,22.7420934],[113.8314586,22.7419951]]]]},"properties":{"name":"way/1448351364","height":0,"kind":"unknown","label":"缺少可用高度；仅展示轮廓"}}]}