{"type":"FeatureCollection","features":[{"type":"Feature","id":"way/1447983926","geometry":{"type":"MultiPolygon","coordinates":[[[[113.8346713,22.6916613],[113.8346736,22.6916355],[113.8346822,22.6916109],[113.8346965,22.6915887],[113.8347158,22.69157],[113.8347392,22.6915558],[113.8349096,22.6914591],[113.8348965,22.6914394],[113.835155,22.6912926],[113.8351742,22.6913104],[113.8351975,22.6913234],[113.8352235,22.6913308],[113.8352507,22.6913322],[113.8352775,22.6913275],[113.8353022,22.6913171],[113.8353235,22.6913014],[113.83534,22.6912815],[113.8353509,22.6912585],[113.8353555,22.6912337],[113.8353534,22.6912087],[113.8353449,22.6911848],[113.836137,22.690735],[113.8361697,22.6907283],[113.8362031,22.6907274],[113.8362361,22.6907324],[113.8362674,22.6907431],[113.836296,22.6907592],[113.8364679,22.691017],[113.8348392,22.6919416],[113.8348013,22.6918848],[113.8346854,22.691711],[113.8346753,22.6916869],[113.8346713,22.6916613]]]]},"properties":{"name":"凤凰山商业中心","height":0,"kind":"unknown","label":"缺少可用高度；仅展示轮廓"}},{"type":"Feature","id":"way/1447983927","geometry":{"type":"MultiPolygon","coordinates":[[[[113.8360347,22.69105],[113.836068,22.6910311],[113.8360524,22.6910077],[113.8361022,22.6909795],[113.8360392,22.690885],[113.8361692,22.6908111],[113.8362323,22.6909056],[113.836282,22.6908774],[113.8362976,22.6909008],[113.8363308,22.6908819],[113.8363791,22.6909544],[113.8363625,22.6909638],[113.8363766,22.6909849],[113.8361139,22.6911341],[113.8360998,22.691113],[113.836083,22.6911225],[113.836068,22.6911],[113.8360347,22.69105]]]]},"properties":{"name":"5栋","height":84,"kind":"levels","label":"28层 × 3米（估算）"}},{"type":"Feature","id":"way/1447983928","geometry":{"type":"MultiPolygon","coordinates":[[[[113.8354135,22.6913454],[113.8354467,22.6913266],[113.8354311,22.6913032],[113.8354808,22.691275],[113.8354178,22.6911805],[113.8355478,22.6911066],[113.8356109,22.6912011],[113.8356606,22.6911729],[113.8356762,22.6911963],[113.8357101,22.691177],[113.8357229,22.6911961],[113.8357585,22.6912494],[113.8357411,22.6912593],[113.8357552,22.6912804],[113.8354925,22.6914296],[113.8354784,22.6914084],[113.8354618,22.6914179],[113.8354135,22.6913454]]]]},"properties":{"name":"3栋","height":84,"kind":"levels","label":"28层 × 3米（估算）"}},{"type":"Feature","id":"way/1447983929","geometry":{"type":"MultiPolygon","coordinates":[[[[113.8357229,22.6911961],[113.8357568,22.6911768],[113.8357412,22.6911534],[113.8357909,22.6911252],[113.8357279,22.6910307],[113.8358579,22.6909569],[113.835921,22.6910514],[113.8359707,22.6910231],[113.8359863,22.6910465],[113.8360197,22.6910276],[113.8360347,22.69105],[113.836068,22.6911],[113.8360512,22.6911095],[113.8360653,22.6911306],[113.8358026,22.6912798],[113.8357885,22.6912587],[113.8357712,22.6912685],[113.8357585,22.6912494],[113.8357229,22.6911961]]]]},"properties":{"name":"4栋","height":84,"kind":"levels","label":"28层 × 3米（估算）"}},{"type":"Feature","id":"way/1447983930","geometry":{"type":"MultiPolygon","coordinates":[[[[113.8349778,22.6914298],[113.8351589,22.691327],[113.835192,22.6913766],[113.835167,22.6913907],[113.8351802,22.6914105],[113.8351506,22.6914273],[113.835161,22.6914429],[113.8352128,22.6914135],[113.8352026,22.6913982],[113.8352242,22.691386],[113.8352089,22.6913631],[113.8352629,22.6913324],[113.8353789,22.6915063],[113.8353249,22.691537],[113.8353096,22.6915141],[113.8352881,22.6915263],[113.8352779,22.6915111],[113.8352261,22.6915405],[113.8352365,22.691556],[113.8352661,22.6915392],[113.8352793,22.691559],[113.8353042,22.6915448],[113.8353373,22.6915944],[113.8351562,22.6916973],[113.8351226,22.6916469],[113.8351474,22.6916328],[113.8351341,22.6916129],[113.8351506,22.6916036],[113.8351349,22.69158],[113.8350446,22.6916313],[113.8349978,22.6915611],[113.8350881,22.6915098],[113.8350659,22.6914766],[113.8350495,22.691486],[113.8350362,22.6914661],[113.8350114,22.6914802],[113.8349778,22.6914298]]]]},"properties":{"name":"2栋","height":84,"kind":"levels","label":"28层 × 3米（估算）"}},{"type":"Feature","id":"way/1447983931","geometry":{"type":"MultiPolygon","coordinates":[[[[113.8346854,22.691711],[113.8347394,22.6916803],[113.8347547,22.6917032],[113.8347762,22.6916909],[113.8347864,22.6917062],[113.8348382,22.6916768],[113.8348278,22.6916612],[113.8347982,22.691678],[113.834785,22.6916583],[113.8347601,22.6916724],[113.834727,22.6916228],[113.8349081,22.69152],[113.8349417,22.6915704],[113.8349169,22.6915845],[113.8349301,22.6916043],[113.8349137,22.6916137],[113.8349358,22.6916469],[113.8350099,22.6916048],[113.8350597,22.6916795],[113.8349856,22.6917216],[113.8349983,22.6917406],[113.8350148,22.6917313],[113.8350281,22.6917512],[113.8350529,22.6917371],[113.8350865,22.6917875],[113.8349054,22.6918903],[113.8348723,22.6918407],[113.8348972,22.6918265],[113.834884,22.6918067],[113.8349136,22.6917899],[113.8349033,22.6917744],[113.8348515,22.6918038],[113.8348617,22.691819],[113.8348401,22.6918313],[113.8348554,22.6918541],[113.8348013,22.6918848],[113.8346854,22.691711]]]]},"properties":{"name":"1栋","height":84,"kind":"levels","label":"28层 × 3米（估算）"}},{"type":"Feature","id":"way/1447983951","geometry":{"type":"MultiPolygon","coordinates":[[[[113.8388062,22.6975278],[113.8392108,22.69729],[113.8393134,22.6974387],[113.8389089,22.6976764],[113.8388062,22.6975278]]]]},"properties":{"name":"way/1447983951","height":0,"kind":"unknown","label":"缺少可用高度；仅展示轮廓"}},{"type":"Feature","id":"way/1447983953","geometry":{"type":"MultiPolygon","coordinates":[[[[113.8395354,22.6972879],[113.8397672,22.6971516],[113.8400236,22.6975229],[113.8397918,22.6976592],[113.8395354,22.6972879]]]]},"properties":{"name":"way/1447983953","height":0,"kind":"unknown","label":"缺少可用高度；仅展示轮廓"}},{"type":"Feature","id":"way/1447983954","geometry":{"type":"MultiPolygon","coordinates":[[[[113.8387225,22.696125],[113.8391406,22.6958792],[113.8392862,22.6960901],[113.838868,22.6963358],[113.8387225,22.696125]]]]},"properties":{"name":"way/1447983954","height":0,"kind":"unknown","label":"缺少可用高度；仅展示轮廓"}},{"type":"Feature","id":"way/1447983955","geometry":{"type":"MultiPolygon","coordinates":[[[[113.8389547,22.6964475],[113.8393729,22.6962017],[113.8396939,22.6966666],[113.8392757,22.6969124],[113.8389547,22.6964475]]]]},"properties":{"name":"way/1447983955","height":0,"kind":"unknown","label":"缺少可用高度；仅展示轮廓"}},{"type":"Feature","id":"way/1447983956","geometry":{"type":"MultiPolygon","coordinates":[[[[113.8393228,22.6969904],[113.839741,22.6967447],[113.8398865,22.6969555],[113.8394684,22.6972012],[113.8393228,22.6969904]]]]},"properties":{"name":"way/1447983956","height":0,"kind":"unknown","label":"缺少可用高度；仅展示轮廓"}},{"type":"Feature","id":"way/1447983959","geometry":{"type":"MultiPolygon","coordinates":[[[[113.8376696,22.6968383],[113.8384984,22.6963533],[113.8387083,22.6966585],[113.8378795,22.6971435],[113.8376696,22.6968383]]]]},"properties":{"name":"way/1447983959","height":0,"kind":"unknown","label":"缺少可用高度；仅展示轮廓"}},{"type":"Feature","id":"way/1447983960","geometry":{"type":"MultiPolygon","coordinates":[[[[113.8380327,22.6973612],[113.8388615,22.6968762],[113.8390714,22.6971815],[113.8382426,22.6976665],[113.8380327,22.6973612]]]]},"properties":{"name":"way/1447983960","height":0,"kind":"unknown","label":"缺少可用高度；仅展示轮廓"}},{"type":"Feature","id":"way/1447984216","geometry":{"type":"MultiPolygon","coordinates":[[[[113.8331223,22.6954142],[113.833125,22.6953146],[113.8332589,22.6953177],[113.8332562,22.6954173],[113.8331223,22.6954142]]]]},"properties":{"name":"way/1447984216","height":0,"kind":"unknown","label":"缺少可用高度；仅展示轮廓"}},{"type":"Feature","id":"way/1447984217","geometry":{"type":"MultiPolygon","coordinates":[[[[113.8329494,22.6954101],[113.8329522,22.6953106],[113.8330861,22.6953137],[113.8330833,22.6954132],[113.8329494,22.6954101]]]]},"properties":{"name":"way/1447984217","height":0,"kind":"unknown","label":"缺少可用高度；仅展示轮廓"}},{"type":"Feature","id":"way/1447984218","geometry":{"type":"MultiPolygon","coordinates":[[[[113.8331265,22.695266],[113.8331292,22.6951664],[113.8332631,22.6951696],[113.8332604,22.6952691],[113.8331265,22.695266]]]]},"properties":{"name":"way/1447984218","height":0,"kind":"unknown","label":"缺少可用高度；仅展示轮廓"}},{"type":"Feature","id":"way/1447984219","geometry":{"type":"MultiPolygon","coordinates":[[[[113.8329536,22.695262],[113.8329564,22.6951624],[113.8330903,22.6951655],[113.8330875,22.6952651],[113.8329536,22.695262]]]]},"properties":{"name":"way/1447984219","height":0,"kind":"unknown","label":"缺少可用高度；仅展示轮廓"}},{"type":"Feature","id":"way/1447984220","geometry":{"type":"MultiPolygon","coordinates":[[[[113.8329581,22.695113],[113.8329608,22.6950134],[113.8330947,22.6950165],[113.833092,22.6951161],[113.8329581,22.695113]]]]},"properties":{"name":"way/1447984220","height":0,"kind":"unknown","label":"缺少可用高度；仅展示轮廓"}},{"type":"Feature","id":"way/1447984221","geometry":{"type":"MultiPolygon","coordinates":[[[[113.8336409,22.6954263],[113.8336436,22.6953267],[113.8337775,22.6953298],[113.8337748,22.6954294],[113.8336409,22.6954263]]]]},"properties":{"name":"way/1447984221","height":0,"kind":"unknown","label":"缺少可用高度；仅展示轮廓"}},{"type":"Feature","id":"way/1447984222","geometry":{"type":"MultiPolygon","coordinates":[[[[113.8329623,22.6949648],[113.832965,22.6948653],[113.8330989,22.6948684],[113.8330962,22.6949679],[113.8329623,22.6949648]]]]},"properties":{"name":"way/1447984222","height":0,"kind":"unknown","label":"缺少可用高度；仅展示轮廓"}},{"type":"Feature","id":"way/1447984223","geometry":{"type":"MultiPolygon","coordinates":[[[[113.833468,22.6954222],[113.8334707,22.6953227],[113.8336047,22.6953258],[113.8336019,22.6954254],[113.833468,22.6954222]]]]},"properties":{"name":"way/1447984223","height":0,"kind":"unknown","label":"缺少可用高度；仅展示轮廓"}},{"type":"Feature","id":"way/1447984224","geometry":{"type":"MultiPolygon","coordinates":[[[[113.8332951,22.6954182],[113.8332979,22.6953186],[113.8334318,22.6953218],[113.8334291,22.6954213],[113.8332951,22.6954182]]]]},"properties":{"name":"way/1447984224","height":0,"kind":"unknown","label":"缺少可用高度；仅展示轮廓"}},{"type":"Feature","id":"way/1447984225","geometry":{"type":"MultiPolygon","coordinates":[[[[113.8321919,22.6949471],[113.8321947,22.6948475],[113.8323286,22.6948507],[113.8323259,22.6949502],[113.8321919,22.6949471]]]]},"properties":{"name":"way/1447984225","height":0,"kind":"unknown","label":"缺少可用高度；仅展示轮廓"}},{"type":"Feature","id":"way/1447984226","geometry":{"type":"MultiPolygon","coordinates":[[[[113.8320191,22.6949431],[113.8320218,22.6948435],[113.8321557,22.6948466],[113.832153,22.6949462],[113.8320191,22.6949431]]]]},"properties":{"name":"way/1447984226","height":0,"kind":"unknown","label":"缺少可用高度；仅展示轮廓"}},{"type":"Feature","id":"way/1447984227","geometry":{"type":"MultiPolygon","coordinates":[[[[113.8318462,22.694939],[113.831849,22.6948395],[113.8319829,22.6948426],[113.8319802,22.6949421],[113.8318462,22.694939]]]]},"properties":{"name":"way/1447984227","height":0,"kind":"unknown","label":"缺少可用高度；仅展示轮廓"}},{"type":"Feature","id":"way/1447984228","geometry":{"type":"MultiPolygon","coordinates":[[[[113.8316734,22.694935],[113.8316761,22.6948354],[113.83181,22.6948385],[113.8318073,22.6949381],[113.8316734,22.694935]]]]},"properties":{"name":"way/1447984228","height":0,"kind":"unknown","label":"缺少可用高度；仅展示轮廓"}},{"type":"Feature","id":"way/1447984229","geometry":{"type":"MultiPolygon","coordinates":[[[[113.8313277,22.6949269],[113.8313304,22.6948273],[113.8314643,22.6948305],[113.8314616,22.69493],[113.8313277,22.6949269]]]]},"properties":{"name":"way/1447984229","height":0,"kind":"unknown","label":"缺少可用高度；仅展示轮廓"}},{"type":"Feature","id":"way/1447984230","geometry":{"type":"MultiPolygon","coordinates":[[[[113.8315005,22.6949309],[113.8315032,22.6948314],[113.8316372,22.6948345],[113.8316344,22.6949341],[113.8315005,22.6949309]]]]},"properties":{"name":"way/1447984230","height":0,"kind":"unknown","label":"缺少可用高度；仅展示轮廓"}},{"type":"Feature","id":"way/1447984231","geometry":{"type":"MultiPolygon","coordinates":[[[[113.8327105,22.6949592],[113.8327133,22.6948597],[113.8328472,22.6948628],[113.8328444,22.6949624],[113.8327105,22.6949592]]]]},"properties":{"name":"way/1447984231","height":0,"kind":"unknown","label":"缺少可用高度；仅展示轮廓"}},{"type":"Feature","id":"way/1447984232","geometry":{"type":"MultiPolygon","coordinates":[[[[113.8325377,22.6949552],[113.8325404,22.6948556],[113.8326743,22.6948588],[113.8326716,22.6949583],[113.8325377,22.6949552]]]]},"properties":{"name":"way/1447984232","height":0,"kind":"unknown","label":"缺少可用高度；仅展示轮廓"}},{"type":"Feature","id":"way/1447984233","geometry":{"type":"MultiPolygon","coordinates":[[[[113.8323648,22.6949511],[113.8323675,22.6948516],[113.8325015,22.6948547],[113.8324987,22.6949543],[113.8323648,22.6949511]]]]},"properties":{"name":"way/1447984233","height":0,"kind":"unknown","label":"缺少可用高度；仅展示轮廓"}},{"type":"Feature","id":"way/1447984234","geometry":{"type":"MultiPolygon","coordinates":[[[[113.8327063,22.6951074],[113.8327091,22.6950078],[113.832843,22.695011],[113.8328402,22.6951105],[113.8327063,22.6951074]]]]},"properties":{"name":"way/1447984234","height":0,"kind":"unknown","label":"缺少可用高度；仅展示轮廓"}},{"type":"Feature","id":"way/1447984235","geometry":{"type":"MultiPolygon","coordinates":[[[[113.8325335,22.6951033],[113.8325362,22.6950038],[113.8326701,22.6950069],[113.8326674,22.6951065],[113.8325335,22.6951033]]]]},"properties":{"name":"way/1447984235","height":0,"kind":"unknown","label":"缺少可用高度；仅展示轮廓"}},{"type":"Feature","id":"way/1447984236","geometry":{"type":"MultiPolygon","coordinates":[[[[113.8323606,22.6950993],[113.8323633,22.6949997],[113.8324973,22.6950029],[113.8324945,22.6951024],[113.8323606,22.6950993]]]]},"properties":{"name":"way/1447984236","height":0,"kind":"unknown","label":"缺少可用高度；仅展示轮廓"}},{"type":"Feature","id":"way/1447984237","geometry":{"type":"MultiPolygon","coordinates":[[[[113.8321877,22.6950953],[113.8321905,22.6949957],[113.8323244,22.6949988],[113.8323217,22.6950984],[113.8321877,22.6950953]]]]},"properties":{"name":"way/1447984237","height":0,"kind":"unknown","label":"缺少可用高度；仅展示轮廓"}},{"type":"Feature","id":"way/1447984238","geometry":{"type":"MultiPolygon","coordinates":[[[[113.8320149,22.6950912],[113.8320176,22.6949917],[113.8321515,22.6949948],[113.8321488,22.6950943],[113.8320149,22.6950912]]]]},"properties":{"name":"way/1447984238","height":0,"kind":"unknown","label":"缺少可用高度；仅展示轮廓"}},{"type":"Feature","id":"way/1447984239","geometry":{"type":"MultiPolygon","coordinates":[[[[113.831842,22.6950872],[113.8318448,22.6949876],[113.8319787,22.6949907],[113.8319759,22.6950903],[113.831842,22.6950872]]]]},"properties":{"name":"way/1447984239","height":0,"kind":"unknown","label":"缺少可用高度；仅展示轮廓"}},{"type":"Feature","id":"way/1447984240","geometry":{"type":"MultiPolygon","coordinates":[[[[113.8316692,22.6950831],[113.8316719,22.6949836],[113.8318058,22.6949867],[113.8318031,22.6950863],[113.8316692,22.6950831]]]]},"properties":{"name":"way/1447984240","height":0,"kind":"unknown","label":"缺少可用高度；仅展示轮廓"}},{"type":"Feature","id":"way/1447984241","geometry":{"type":"MultiPolygon","coordinates":[[[[113.8313235,22.695075],[113.8313262,22.6949755],[113.8314601,22.6949786],[113.8314574,22.6950782],[113.8313235,22.695075]]]]},"properties":{"name":"way/1447984241","height":0,"kind":"unknown","label":"缺少可用高度；仅展示轮廓"}},{"type":"Feature","id":"way/1447984242","geometry":{"type":"MultiPolygon","coordinates":[[[[113.8314963,22.6950791],[113.831499,22.6949795],[113.831633,22.6949827],[113.8316302,22.6950822],[113.8314963,22.6950791]]]]},"properties":{"name":"way/1447984242","height":0,"kind":"unknown","label":"缺少可用高度；仅展示轮廓"}},{"type":"Feature","id":"way/1447984243","geometry":{"type":"MultiPolygon","coordinates":[[[[113.8321833,22.6952442],[113.832186,22.6951447],[113.83232,22.6951478],[113.8323172,22.6952474],[113.8321833,22.6952442]]]]},"properties":{"name":"way/1447984243","height":0,"kind":"unknown","label":"缺少可用高度；仅展示轮廓"}},{"type":"Feature","id":"way/1447984244","geometry":{"type":"MultiPolygon","coordinates":[[[[113.8320104,22.6952402],[113.8320132,22.6951406],[113.8321471,22.6951438],[113.8321444,22.6952433],[113.8320104,22.6952402]]]]},"properties":{"name":"way/1447984244","height":0,"kind":"unknown","label":"缺少可用高度；仅展示轮廓"}},{"type":"Feature","id":"way/1447984245","geometry":{"type":"MultiPolygon","coordinates":[[[[113.8318376,22.6952362],[113.8318403,22.6951366],[113.8319742,22.6951397],[113.8319715,22.6952393],[113.8318376,22.6952362]]]]},"properties":{"name":"way/1447984245","height":0,"kind":"unknown","label":"缺少可用高度；仅展示轮廓"}},{"type":"Feature","id":"way/1447984246","geometry":{"type":"MultiPolygon","coordinates":[[[[113.8316647,22.6952321],[113.8316675,22.6951326],[113.8318014,22.6951357],[113.8317987,22.6952353],[113.8316647,22.6952321]]]]},"properties":{"name":"way/1447984246","height":0,"kind":"unknown","label":"缺少可用高度；仅展示轮廓"}},{"type":"Feature","id":"way/1447984247","geometry":{"type":"MultiPolygon","coordinates":[[[[113.831319,22.695224],[113.8313218,22.6951245],[113.8314557,22.6951276],[113.8314529,22.6952272],[113.831319,22.695224]]]]},"properties":{"name":"way/1447984247","height":0,"kind":"unknown","label":"缺少可用高度；仅展示轮廓"}},{"type":"Feature","id":"way/1447984248","geometry":{"type":"MultiPolygon","coordinates":[[[[113.8314919,22.6952281],[113.8314946,22.6951285],[113.8316285,22.6951317],[113.8316258,22.6952312],[113.8314919,22.6952281]]]]},"properties":{"name":"way/1447984248","height":0,"kind":"unknown","label":"缺少可用高度；仅展示轮廓"}},{"type":"Feature","id":"way/1447984249","geometry":{"type":"MultiPolygon","coordinates":[[[[113.8327019,22.6952564],[113.8327046,22.6951568],[113.8328385,22.6951599],[113.8328358,22.6952595],[113.8327019,22.6952564]]]]},"properties":{"name":"way/1447984249","height":0,"kind":"unknown","label":"缺少可用高度；仅展示轮廓"}},{"type":"Feature","id":"way/1447984250","geometry":{"type":"MultiPolygon","coordinates":[[[[113.832529,22.6952523],[113.8325318,22.6951528],[113.8326657,22.6951559],[113.8326629,22.6952555],[113.832529,22.6952523]]]]},"properties":{"name":"way/1447984250","height":0,"kind":"unknown","label":"缺少可用高度；仅展示轮廓"}},{"type":"Feature","id":"way/1447984251","geometry":{"type":"MultiPolygon","coordinates":[[[[113.8323562,22.6952483],[113.8323589,22.6951487],[113.8324928,22.6951519],[113.8324901,22.6952514],[113.8323562,22.6952483]]]]},"properties":{"name":"way/1447984251","height":0,"kind":"unknown","label":"缺少可用高度；仅展示轮廓"}},{"type":"Feature","id":"way/1447984252","geometry":{"type":"MultiPolygon","coordinates":[[[[113.8326977,22.6954045],[113.8327004,22.695305],[113.8328343,22.6953081],[113.8328316,22.6954077],[113.8326977,22.6954045]]]]},"properties":{"name":"way/1447984252","height":0,"kind":"unknown","label":"缺少可用高度；仅展示轮廓"}},{"type":"Feature","id":"way/1447984253","geometry":{"type":"MultiPolygon","coordinates":[[[[113.8325248,22.6954005],[113.8325276,22.6953009],[113.8326615,22.6953041],[113.8326587,22.6954036],[113.8325248,22.6954005]]]]},"properties":{"name":"way/1447984253","height":0,"kind":"unknown","label":"缺少可用高度；仅展示轮廓"}},{"type":"Feature","id":"way/1447984254","geometry":{"type":"MultiPolygon","coordinates":[[[[113.832352,22.6953964],[113.8323547,22.6952969],[113.8324886,22.6953],[113.8324859,22.6953996],[113.832352,22.6953964]]]]},"properties":{"name":"way/1447984254","height":0,"kind":"unknown","label":"缺少可用高度；仅展示轮廓"}},{"type":"Feature","id":"way/1447984255","geometry":{"type":"MultiPolygon","coordinates":[[[[113.8321791,22.6953924],[113.8321818,22.6952928],[113.8323158,22.695296],[113.832313,22.6953955],[113.8321791,22.6953924]]]]},"properties":{"name":"way/1447984255","height":0,"kind":"unknown","label":"缺少可用高度；仅展示轮廓"}},{"type":"Feature","id":"way/1447984256","geometry":{"type":"MultiPolygon","coordinates":[[[[113.8320062,22.6953884],[113.832009,22.6952888],[113.8321429,22.6952919],[113.8321402,22.6953915],[113.8320062,22.6953884]]]]},"properties":{"name":"way/1447984256","height":0,"kind":"unknown","label":"缺少可用高度；仅展示轮廓"}},{"type":"Feature","id":"way/1447984257","geometry":{"type":"MultiPolygon","coordinates":[[[[113.8318334,22.6953843],[113.8318361,22.6952848],[113.83197,22.6952879],[113.8319673,22.6953874],[113.8318334,22.6953843]]]]},"properties":{"name":"way/1447984257","height":0,"kind":"unknown","label":"缺少可用高度；仅展示轮廓"}},{"type":"Feature","id":"way/1447984258","geometry":{"type":"MultiPolygon","coordinates":[[[[113.8316605,22.6953803],[113.8316633,22.6952807],[113.8317972,22.6952839],[113.8317944,22.6953834],[113.8316605,22.6953803]]]]},"properties":{"name":"way/1447984258","height":0,"kind":"unknown","label":"缺少可用高度；仅展示轮廓"}},{"type":"Feature","id":"way/1447984259","geometry":{"type":"MultiPolygon","coordinates":[[[[113.8313148,22.6953722],[113.8313175,22.6952726],[113.8314515,22.6952758],[113.8314487,22.6953753],[113.8313148,22.6953722]]]]},"properties":{"name":"way/1447984259","height":0,"kind":"unknown","label":"缺少可用高度；仅展示轮廓"}},{"type":"Feature","id":"way/1447984260","geometry":{"type":"MultiPolygon","coordinates":[[[[113.8314877,22.6953762],[113.8314904,22.6952767],[113.8316243,22.6952798],[113.8316216,22.6953794],[113.8314877,22.6953762]]]]},"properties":{"name":"way/1447984260","height":0,"kind":"unknown","label":"缺少可用高度；仅展示轮廓"}},{"type":"Feature","id":"way/1447984267","geometry":{"type":"MultiPolygon","coordinates":[[[[113.830595,22.6953404],[113.8306005,22.6951283],[113.8308614,22.6951341],[113.8308558,22.6953462],[113.830595,22.6953404]]]]},"properties":{"name":"way/1447984267","height":0,"kind":"unknown","label":"缺少可用高度；仅展示轮廓"}},{"type":"Feature","id":"way/1447984270","geometry":{"type":"MultiPolygon","coordinates":[[[[113.830424,22.695496],[113.8304269,22.6953829],[113.8305547,22.6953857],[113.8305518,22.6954988],[113.830424,22.695496]]]]},"properties":{"name":"way/1447984270","height":0,"kind":"unknown","label":"缺少可用高度；仅展示轮廓"}},{"type":"Feature","id":"way/1447984271","geometry":{"type":"MultiPolygon","coordinates":[[[[113.8305907,22.6954997],[113.8305937,22.6953866],[113.8307215,22.6953894],[113.8307185,22.6955025],[113.8305907,22.6954997]]]]},"properties":{"name":"way/1447984271","height":0,"kind":"unknown","label":"缺少可用高度；仅展示轮廓"}},{"type":"Feature","id":"way/1447984272","geometry":{"type":"MultiPolygon","coordinates":[[[[113.8307575,22.6955034],[113.8307604,22.6953903],[113.8308882,22.6953931],[113.8308853,22.6955062],[113.8307575,22.6955034]]]]},"properties":{"name":"way/1447984272","height":0,"kind":"unknown","label":"缺少可用高度；仅展示轮廓"}},{"type":"Feature","id":"way/1447984273","geometry":{"type":"MultiPolygon","coordinates":[[[[113.8304283,22.6953367],[113.8304312,22.6952236],[113.830559,22.6952264],[113.8305561,22.6953395],[113.8304283,22.6953367]]]]},"properties":{"name":"way/1447984273","height":0,"kind":"unknown","label":"缺少可用高度；仅展示轮廓"}},{"type":"Feature","id":"way/1447984278","geometry":{"type":"MultiPolygon","coordinates":[[[[113.8305824,22.6958195],[113.8305853,22.6957064],[113.8307131,22.6957092],[113.8307102,22.6958223],[113.8305824,22.6958195]]]]},"properties":{"name":"way/1447984278","height":0,"kind":"unknown","label":"缺少可用高度；仅展示轮廓"}},{"type":"Feature","id":"way/1447984279","geometry":{"type":"MultiPolygon","coordinates":[[[[113.8307491,22.6958232],[113.8307521,22.6957101],[113.8308799,22.695713],[113.8308769,22.6958261],[113.8307491,22.6958232]]]]},"properties":{"name":"way/1447984279","height":0,"kind":"unknown","label":"缺少可用高度；仅展示轮廓"}},{"type":"Feature","id":"way/1447984284","geometry":{"type":"MultiPolygon","coordinates":[[[[113.8305783,22.6959791],[113.8305813,22.695866],[113.8307091,22.6958689],[113.8307061,22.695982],[113.8305783,22.6959791]]]]},"properties":{"name":"way/1447984284","height":0,"kind":"unknown","label":"缺少可用高度；仅展示轮廓"}},{"type":"Feature","id":"way/1447984285","geometry":{"type":"MultiPolygon","coordinates":[[[[113.8307451,22.6959828],[113.830748,22.6958697],[113.8308758,22.6958726],[113.8308729,22.6959857],[113.8307451,22.6959828]]]]},"properties":{"name":"way/1447984285","height":0,"kind":"unknown","label":"缺少可用高度；仅展示轮廓"}},{"type":"Feature","id":"way/1447984288","geometry":{"type":"MultiPolygon","coordinates":[[[[113.83042,22.6956556],[113.8304229,22.6955425],[113.8305507,22.6955453],[113.8305478,22.6956584],[113.83042,22.6956556]]]]},"properties":{"name":"way/1447984288","height":0,"kind":"unknown","label":"缺少可用高度；仅展示轮廓"}},{"type":"Feature","id":"way/1447984289","geometry":{"type":"MultiPolygon","coordinates":[[[[113.8305867,22.6956593],[113.8305897,22.6955462],[113.8307175,22.695549],[113.8307145,22.6956621],[113.8305867,22.6956593]]]]},"properties":{"name":"way/1447984289","height":0,"kind":"unknown","label":"缺少可用高度；仅展示轮廓"}},{"type":"Feature","id":"way/1447984290","geometry":{"type":"MultiPolygon","coordinates":[[[[113.8307534,22.695663],[113.8307564,22.6955499],[113.8308842,22.6955527],[113.8308813,22.6956658],[113.8307534,22.695663]]]]},"properties":{"name":"way/1447984290","height":0,"kind":"unknown","label":"缺少可用高度；仅展示轮廓"}},{"type":"Feature","id":"way/1447984293","geometry":{"type":"MultiPolygon","coordinates":[[[[113.8305726,22.6962409],[113.8305756,22.6961278],[113.8307034,22.6961306],[113.8307004,22.6962437],[113.8305726,22.6962409]]]]},"properties":{"name":"way/1447984293","height":0,"kind":"unknown","label":"缺少可用高度；仅展示轮廓"}},{"type":"Feature","id":"way/1447984294","geometry":{"type":"MultiPolygon","coordinates":[[[[113.8307394,22.6962446],[113.8307423,22.6961315],[113.8308701,22.6961343],[113.8308672,22.6962474],[113.8307394,22.6962446]]]]},"properties":{"name":"way/1447984294","height":0,"kind":"unknown","label":"缺少可用高度；仅展示轮廓"}},{"type":"Feature","id":"way/1447984302","geometry":{"type":"MultiPolygon","coordinates":[[[[113.8305643,22.6965598],[113.8305673,22.6964467],[113.8306951,22.6964495],[113.8306921,22.6965626],[113.8305643,22.6965598]]]]},"properties":{"name":"way/1447984302","height":0,"kind":"unknown","label":"缺少可用高度；仅展示轮廓"}},{"type":"Feature","id":"way/1447984303","geometry":{"type":"MultiPolygon","coordinates":[[[[113.8307311,22.6965635],[113.830734,22.6964504],[113.8308618,22.6964532],[113.8308589,22.6965663],[113.8307311,22.6965635]]]]},"properties":{"name":"way/1447984303","height":0,"kind":"unknown","label":"缺少可用高度；仅展示轮廓"}},{"type":"Feature","id":"way/1447984309","geometry":{"type":"MultiPolygon","coordinates":[[[[113.8305683,22.6964002],[113.8305713,22.6962871],[113.8306991,22.6962899],[113.8306961,22.696403],[113.8305683,22.6964002]]]]},"properties":{"name":"way/1447984309","height":0,"kind":"unknown","label":"缺少可用高度；仅展示轮廓"}},{"type":"Feature","id":"way/1447984310","geometry":{"type":"MultiPolygon","coordinates":[[[[113.8307351,22.6964039],[113.830738,22.6962908],[113.8308658,22.6962936],[113.8308629,22.6964067],[113.8307351,22.6964039]]]]},"properties":{"name":"way/1447984310","height":0,"kind":"unknown","label":"缺少可用高度；仅展示轮廓"}},{"type":"Feature","id":"way/1447984316","geometry":{"type":"MultiPolygon","coordinates":[[[[113.83056,22.69672],[113.8305629,22.6966069],[113.8306907,22.6966097],[113.8306878,22.6967228],[113.83056,22.69672]]]]},"properties":{"name":"way/1447984316","height":0,"kind":"unknown","label":"缺少可用高度；仅展示轮廓"}},{"type":"Feature","id":"way/1447984317","geometry":{"type":"MultiPolygon","coordinates":[[[[113.8307267,22.6967237],[113.8307297,22.6966106],[113.8308575,22.6966134],[113.8308545,22.6967265],[113.8307267,22.6967237]]]]},"properties":{"name":"way/1447984317","height":0,"kind":"unknown","label":"缺少可用高度；仅展示轮廓"}},{"type":"Feature","id":"way/1447984323","geometry":{"type":"MultiPolygon","coordinates":[[[[113.8305559,22.6968796],[113.8305589,22.6967665],[113.8306867,22.6967693],[113.8306837,22.6968824],[113.8305559,22.6968796]]]]},"properties":{"name":"way/1447984323","height":0,"kind":"unknown","label":"缺少可用高度；仅展示轮廓"}},{"type":"Feature","id":"way/1447984324","geometry":{"type":"MultiPolygon","coordinates":[[[[113.8307227,22.6968833],[113.8307256,22.6967702],[113.8308534,22.696773],[113.8308505,22.6968861],[113.8307227,22.6968833]]]]},"properties":{"name":"way/1447984324","height":0,"kind":"unknown","label":"缺少可用高度；仅展示轮廓"}},{"type":"Feature","id":"way/1447984331","geometry":{"type":"MultiPolygon","coordinates":[[[[113.8338729,22.6959137],[113.8338753,22.6958217],[113.8340163,22.6958248],[113.8340139,22.6959168],[113.8338729,22.6959137]]]]},"properties":{"name":"way/1447984331","height":0,"kind":"unknown","label":"缺少可用高度；仅展示轮廓"}},{"type":"Feature","id":"way/1447984332","geometry":{"type":"MultiPolygon","coordinates":[[[[113.8336988,22.6959095],[113.8337012,22.6958175],[113.8338421,22.6958206],[113.8338397,22.6959126],[113.8336988,22.6959095]]]]},"properties":{"name":"way/1447984332","height":0,"kind":"unknown","label":"缺少可用高度；仅展示轮廓"}},{"type":"Feature","id":"way/1447984333","geometry":{"type":"MultiPolygon","coordinates":[[[[113.8340433,22.6960812],[113.8340457,22.6959891],[113.8341867,22.6959923],[113.8341843,22.6960843],[113.8340433,22.6960812]]]]},"properties":{"name":"way/1447984333","height":0,"kind":"unknown","label":"缺少可用高度；仅展示轮廓"}},{"type":"Feature","id":"way/1447984334","geometry":{"type":"MultiPolygon","coordinates":[[[[113.8341994,22.6967733],[113.8342018,22.6966813],[113.8343428,22.6966844],[113.8343404,22.6967765],[113.8341994,22.6967733]]]]},"properties":{"name":"way/1447984334","height":0,"kind":"unknown","label":"缺少可用高度；仅展示轮廓"}},{"type":"Feature","id":"way/1447984335","geometry":{"type":"MultiPolygon","coordinates":[[[[113.8342175,22.6960854],[113.8342199,22.6959933],[113.8343608,22.6959965],[113.8343584,22.6960885],[113.8342175,22.6960854]]]]},"properties":{"name":"way/1447984335","height":0,"kind":"unknown","label":"缺少可用高度；仅展示轮廓"}},{"type":"Feature","id":"way/1447984336","geometry":{"type":"MultiPolygon","coordinates":[[[[113.8342217,22.6959215],[113.8342241,22.6958294],[113.8343651,22.6958326],[113.8343627,22.6959246],[113.8342217,22.6959215]]]]},"properties":{"name":"way/1447984336","height":0,"kind":"unknown","label":"缺少可用高度；仅展示轮廓"}},{"type":"Feature","id":"way/1447984337","geometry":{"type":"MultiPolygon","coordinates":[[[[113.8342037,22.6966094],[113.8342061,22.6965174],[113.834347,22.6965205],[113.8343446,22.6966126],[113.8342037,22.6966094]]]]},"properties":{"name":"way/1447984337","height":0,"kind":"unknown","label":"缺少可用高度；仅展示轮廓"}},{"type":"Feature","id":"way/1447984338","geometry":{"type":"MultiPolygon","coordinates":[[[[113.8342089,22.6964132],[113.8342113,22.6963211],[113.8343523,22.6963243],[113.8343499,22.6964163],[113.8342089,22.6964132]]]]},"properties":{"name":"way/1447984338","height":0,"kind":"unknown","label":"缺少可用高度；仅展示轮廓"}},{"type":"Feature","id":"way/1447984339","geometry":{"type":"MultiPolygon","coordinates":[[[[113.8342132,22.6962493],[113.8342156,22.6961572],[113.8343565,22.6961604],[113.8343541,22.6962524],[113.8342132,22.6962493]]]]},"properties":{"name":"way/1447984339","height":0,"kind":"unknown","label":"缺少可用高度；仅展示轮廓"}},{"type":"Feature","id":"way/1447984340","geometry":{"type":"MultiPolygon","coordinates":[[[[113.8338686,22.6960776],[113.833871,22.6959856],[113.834012,22.6959887],[113.8340096,22.6960807],[113.8338686,22.6960776]]]]},"properties":{"name":"way/1447984340","height":0,"kind":"unknown","label":"缺少可用高度；仅展示轮廓"}},{"type":"Feature","id":"way/1447984341","geometry":{"type":"MultiPolygon","coordinates":[[[[113.833842,22.6970933],[113.8338444,22.6970013],[113.8339854,22.6970044],[113.833983,22.6970965],[113.833842,22.6970933]]]]},"properties":{"name":"way/1447984341","height":0,"kind":"unknown","label":"缺少可用高度；仅展示轮廓"}},{"type":"Feature","id":"way/1447984342","geometry":{"type":"MultiPolygon","coordinates":[[[[113.8338463,22.6969294],[113.8338487,22.6968374],[113.8339897,22.6968405],[113.8339873,22.6969326],[113.8338463,22.6969294]]]]},"properties":{"name":"way/1447984342","height":0,"kind":"unknown","label":"缺少可用高度；仅展示轮廓"}},{"type":"Feature","id":"way/1447984343","geometry":{"type":"MultiPolygon","coordinates":[[[[113.8338506,22.6967656],[113.833853,22.6966735],[113.8339939,22.6966766],[113.8339915,22.6967687],[113.8338506,22.6967656]]]]},"properties":{"name":"way/1447984343","height":0,"kind":"unknown","label":"缺少可用高度；仅展示轮廓"}},{"type":"Feature","id":"way/1447984344","geometry":{"type":"MultiPolygon","coordinates":[[[[113.8338549,22.6966017],[113.8338573,22.6965096],[113.8339982,22.6965127],[113.8339958,22.6966048],[113.8338549,22.6966017]]]]},"properties":{"name":"way/1447984344","height":0,"kind":"unknown","label":"缺少可用高度；仅展示轮廓"}},{"type":"Feature","id":"way/1447984345","geometry":{"type":"MultiPolygon","coordinates":[[[[113.8338601,22.6964054],[113.8338625,22.6963133],[113.8340034,22.6963165],[113.834001,22.6964085],[113.8338601,22.6964054]]]]},"properties":{"name":"way/1447984345","height":0,"kind":"unknown","label":"缺少可用高度；仅展示轮廓"}},{"type":"Feature","id":"way/1447984346","geometry":{"type":"MultiPolygon","coordinates":[[[[113.8338644,22.6962415],[113.8338668,22.6961495],[113.8340077,22.6961526],[113.8340053,22.6962446],[113.8338644,22.6962415]]]]},"properties":{"name":"way/1447984346","height":0,"kind":"unknown","label":"缺少可用高度；仅展示轮廓"}},{"type":"Feature","id":"way/1447984347","geometry":{"type":"MultiPolygon","coordinates":[[[[113.8336679,22.6970891],[113.8336703,22.6969971],[113.8338112,22.6970002],[113.8338088,22.6970923],[113.8336679,22.6970891]]]]},"properties":{"name":"way/1447984347","height":0,"kind":"unknown","label":"缺少可用高度；仅展示轮廓"}},{"type":"Feature","id":"way/1447984348","geometry":{"type":"MultiPolygon","coordinates":[[[[113.8336722,22.6969252],[113.8336746,22.6968332],[113.8338155,22.6968363],[113.8338131,22.6969284],[113.8336722,22.6969252]]]]},"properties":{"name":"way/1447984348","height":0,"kind":"unknown","label":"缺少可用高度；仅展示轮廓"}},{"type":"Feature","id":"way/1447984349","geometry":{"type":"MultiPolygon","coordinates":[[[[113.8336765,22.6967614],[113.8336789,22.6966693],[113.8338198,22.6966724],[113.8338174,22.6967645],[113.8336765,22.6967614]]]]},"properties":{"name":"way/1447984349","height":0,"kind":"unknown","label":"缺少可用高度；仅展示轮廓"}},{"type":"Feature","id":"way/1447984350","geometry":{"type":"MultiPolygon","coordinates":[[[[113.8336807,22.6965975],[113.8336831,22.6965054],[113.8338241,22.6965085],[113.8338217,22.6966006],[113.8336807,22.6965975]]]]},"properties":{"name":"way/1447984350","height":0,"kind":"unknown","label":"缺少可用高度；仅展示轮廓"}},{"type":"Feature","id":"way/1447984351","geometry":{"type":"MultiPolygon","coordinates":[[[[113.833686,22.6964012],[113.8336884,22.6963091],[113.8338293,22.6963123],[113.8338269,22.6964043],[113.833686,22.6964012]]]]},"properties":{"name":"way/1447984351","height":0,"kind":"unknown","label":"缺少可用高度；仅展示轮廓"}},{"type":"Feature","id":"way/1447984352","geometry":{"type":"MultiPolygon","coordinates":[[[[113.8336902,22.6962373],[113.8336926,22.6961453],[113.8338336,22.6961484],[113.8338312,22.6962404],[113.8336902,22.6962373]]]]},"properties":{"name":"way/1447984352","height":0,"kind":"unknown","label":"缺少可用高度；仅展示轮廓"}},{"type":"Feature","id":"way/1447984353","geometry":{"type":"MultiPolygon","coordinates":[[[[113.8340391,22.6962451],[113.8340415,22.696153],[113.8341824,22.6961562],[113.83418,22.6962482],[113.8340391,22.6962451]]]]},"properties":{"name":"way/1447984353","height":0,"kind":"unknown","label":"缺少可用高度；仅展示轮廓"}},{"type":"Feature","id":"way/1447984354","geometry":{"type":"MultiPolygon","coordinates":[[[[113.8340167,22.6970969],[113.8340191,22.6970049],[113.8341601,22.697008],[113.8341577,22.6971],[113.8340167,22.6970969]]]]},"properties":{"name":"way/1447984354","height":0,"kind":"unknown","label":"缺少可用高度；仅展示轮廓"}},{"type":"Feature","id":"way/1447984355","geometry":{"type":"MultiPolygon","coordinates":[[[[113.834021,22.696933],[113.8340234,22.696841],[113.8341643,22.6968441],[113.8341619,22.6969362],[113.834021,22.696933]]]]},"properties":{"name":"way/1447984355","height":0,"kind":"unknown","label":"缺少可用高度；仅展示轮廓"}},{"type":"Feature","id":"way/1447984356","geometry":{"type":"MultiPolygon","coordinates":[[[[113.8340253,22.6967691],[113.8340277,22.6966771],[113.8341686,22.6966802],[113.8341662,22.6967723],[113.8340253,22.6967691]]]]},"properties":{"name":"way/1447984356","height":0,"kind":"unknown","label":"缺少可用高度；仅展示轮廓"}},{"type":"Feature","id":"way/1447984357","geometry":{"type":"MultiPolygon","coordinates":[[[[113.8341909,22.6971011],[113.8341933,22.6970091],[113.8343342,22.6970122],[113.8343318,22.6971042],[113.8341909,22.6971011]]]]},"properties":{"name":"way/1447984357","height":0,"kind":"unknown","label":"缺少可用高度；仅展示轮廓"}},{"type":"Feature","id":"way/1447984358","geometry":{"type":"MultiPolygon","coordinates":[[[[113.8336945,22.6960734],[113.8336969,22.6959814],[113.8338378,22.6959845],[113.8338354,22.6960765],[113.8336945,22.6960734]]]]},"properties":{"name":"way/1447984358","height":0,"kind":"unknown","label":"缺少可用高度；仅展示轮廓"}},{"type":"Feature","id":"way/1447984359","geometry":{"type":"MultiPolygon","coordinates":[[[[113.8340296,22.6966052],[113.834032,22.6965132],[113.8341729,22.6965163],[113.8341705,22.6966084],[113.8340296,22.6966052]]]]},"properties":{"name":"way/1447984359","height":0,"kind":"unknown","label":"缺少可用高度；仅展示轮廓"}},{"type":"Feature","id":"way/1447984360","geometry":{"type":"MultiPolygon","coordinates":[[[[113.8340476,22.6959173],[113.83405,22.6958252],[113.834191,22.6958284],[113.8341885,22.6959204],[113.8340476,22.6959173]]]]},"properties":{"name":"way/1447984360","height":0,"kind":"unknown","label":"缺少可用高度；仅展示轮廓"}},{"type":"Feature","id":"way/1447984361","geometry":{"type":"MultiPolygon","coordinates":[[[[113.8341951,22.6969372],[113.8341975,22.6968452],[113.8343385,22.6968483],[113.8343361,22.6969404],[113.8341951,22.6969372]]]]},"properties":{"name":"way/1447984361","height":0,"kind":"unknown","label":"缺少可用高度；仅展示轮廓"}},{"type":"Feature","id":"way/1447984362","geometry":{"type":"MultiPolygon","coordinates":[[[[113.8340348,22.696409],[113.8340372,22.6963169],[113.8341781,22.6963201],[113.8341757,22.6964121],[113.8340348,22.696409]]]]},"properties":{"name":"way/1447984362","height":0,"kind":"unknown","label":"缺少可用高度；仅展示轮廓"}},{"type":"Feature","id":"way/1447984363","geometry":{"type":"MultiPolygon","coordinates":[[[[113.8332605,22.696752],[113.8332629,22.6966599],[113.8334039,22.696663],[113.8334015,22.6967551],[113.8332605,22.696752]]]]},"properties":{"name":"way/1447984363","height":0,"kind":"unknown","label":"缺少可用高度；仅展示轮廓"}},{"type":"Feature","id":"way/1447984364","geometry":{"type":"MultiPolygon","coordinates":[[[[113.8334261,22.6970839],[113.8334285,22.6969919],[113.8335695,22.696995],[113.8335671,22.6970871],[113.8334261,22.6970839]]]]},"properties":{"name":"way/1447984364","height":0,"kind":"unknown","label":"缺少可用高度；仅展示轮廓"}},{"type":"Feature","id":"way/1447984365","geometry":{"type":"MultiPolygon","coordinates":[[[[113.8329298,22.6960562],[113.8329322,22.6959642],[113.8330731,22.6959673],[113.8330707,22.6960594],[113.8329298,22.6960562]]]]},"properties":{"name":"way/1447984365","height":0,"kind":"unknown","label":"缺少可用高度；仅展示轮廓"}},{"type":"Feature","id":"way/1447984366","geometry":{"type":"MultiPolygon","coordinates":[[[[113.832934,22.6958923],[113.8329364,22.6958003],[113.8330774,22.6958034],[113.833075,22.6958955],[113.832934,22.6958923]]]]},"properties":{"name":"way/1447984366","height":0,"kind":"unknown","label":"缺少可用高度；仅展示轮廓"}},{"type":"Feature","id":"way/1447984367","geometry":{"type":"MultiPolygon","coordinates":[[[[113.8332648,22.6965881],[113.8332672,22.696496],[113.8334082,22.6964991],[113.8334058,22.6965912],[113.8332648,22.6965881]]]]},"properties":{"name":"way/1447984367","height":0,"kind":"unknown","label":"缺少可用高度；仅展示轮廓"}},{"type":"Feature","id":"way/1447984368","geometry":{"type":"MultiPolygon","coordinates":[[[[113.8332829,22.6959001],[113.8332853,22.6958081],[113.8334262,22.6958112],[113.8334238,22.6959033],[113.8332829,22.6959001]]]]},"properties":{"name":"way/1447984368","height":0,"kind":"unknown","label":"缺少可用高度；仅展示轮廓"}},{"type":"Feature","id":"way/1447984369","geometry":{"type":"MultiPolygon","coordinates":[[[[113.8334304,22.69692],[113.8334328,22.696828],[113.8335737,22.6968311],[113.8335713,22.6969232],[113.8334304,22.69692]]]]},"properties":{"name":"way/1447984369","height":0,"kind":"unknown","label":"缺少可用高度；仅展示轮廓"}},{"type":"Feature","id":"way/1447984370","geometry":{"type":"MultiPolygon","coordinates":[[[[113.83327,22.6963918],[113.8332724,22.6962998],[113.8334134,22.6963029],[113.833411,22.6963949],[113.83327,22.6963918]]]]},"properties":{"name":"way/1447984370","height":0,"kind":"unknown","label":"缺少可用高度；仅展示轮廓"}},{"type":"Feature","id":"way/1447984371","geometry":{"type":"MultiPolygon","coordinates":[[[[113.8332786,22.696064],[113.833281,22.695972],[113.8334219,22.6959751],[113.8334195,22.6960671],[113.8332786,22.696064]]]]},"properties":{"name":"way/1447984371","height":0,"kind":"unknown","label":"缺少可用高度；仅展示轮廓"}},{"type":"Feature","id":"way/1447984372","geometry":{"type":"MultiPolygon","coordinates":[[[[113.8334347,22.6967562],[113.8334371,22.6966641],[113.833578,22.6966672],[113.8335756,22.6967593],[113.8334347,22.6967562]]]]},"properties":{"name":"way/1447984372","height":0,"kind":"unknown","label":"缺少可用高度；仅展示轮廓"}},{"type":"Feature","id":"way/1447984373","geometry":{"type":"MultiPolygon","coordinates":[[[[113.8334527,22.6960682],[113.8334551,22.6959762],[113.8335961,22.6959793],[113.8335937,22.6960713],[113.8334527,22.6960682]]]]},"properties":{"name":"way/1447984373","height":0,"kind":"unknown","label":"缺少可用高度；仅展示轮廓"}},{"type":"Feature","id":"way/1447984374","geometry":{"type":"MultiPolygon","coordinates":[[[[113.833457,22.6959043],[113.8334594,22.6958123],[113.8336004,22.6958154],[113.8335979,22.6959075],[113.833457,22.6959043]]]]},"properties":{"name":"way/1447984374","height":0,"kind":"unknown","label":"缺少可用高度；仅展示轮廓"}},{"type":"Feature","id":"way/1447984375","geometry":{"type":"MultiPolygon","coordinates":[[[[113.833439,22.6965923],[113.8334414,22.6965002],[113.8335823,22.6965033],[113.8335799,22.6965954],[113.833439,22.6965923]]]]},"properties":{"name":"way/1447984375","height":0,"kind":"unknown","label":"缺少可用高度；仅展示轮廓"}},{"type":"Feature","id":"way/1447984376","geometry":{"type":"MultiPolygon","coordinates":[[[[113.8334442,22.696396],[113.8334466,22.696304],[113.8335875,22.6963071],[113.8335851,22.6963991],[113.8334442,22.696396]]]]},"properties":{"name":"way/1447984376","height":0,"kind":"unknown","label":"缺少可用高度；仅展示轮廓"}},{"type":"Feature","id":"way/1447984377","geometry":{"type":"MultiPolygon","coordinates":[[[[113.8334485,22.6962321],[113.8334509,22.6961401],[113.8335918,22.6961432],[113.8335894,22.6962352],[113.8334485,22.6962321]]]]},"properties":{"name":"way/1447984377","height":0,"kind":"unknown","label":"缺少可用高度；仅展示轮廓"}},{"type":"Feature","id":"way/1447984378","geometry":{"type":"MultiPolygon","coordinates":[[[[113.8331039,22.6960604],[113.8331063,22.6959684],[113.8332473,22.6959715],[113.8332448,22.6960636],[113.8331039,22.6960604]]]]},"properties":{"name":"way/1447984378","height":0,"kind":"unknown","label":"缺少可用高度；仅展示轮廓"}},{"type":"Feature","id":"way/1447984379","geometry":{"type":"MultiPolygon","coordinates":[[[[113.8331082,22.6958965],[113.8331106,22.6958045],[113.8332515,22.6958076],[113.8332491,22.6958997],[113.8331082,22.6958965]]]]},"properties":{"name":"way/1447984379","height":0,"kind":"unknown","label":"缺少可用高度；仅展示轮廓"}},{"type":"Feature","id":"way/1447984380","geometry":{"type":"MultiPolygon","coordinates":[[[[113.8330773,22.6970762],[113.8330797,22.6969841],[113.8332206,22.6969873],[113.8332182,22.6970793],[113.8330773,22.6970762]]]]},"properties":{"name":"way/1447984380","height":0,"kind":"unknown","label":"缺少可用高度；仅展示轮廓"}},{"type":"Feature","id":"way/1447984381","geometry":{"type":"MultiPolygon","coordinates":[[[[113.8330816,22.6969123],[113.833084,22.6968202],[113.8332249,22.6968234],[113.8332225,22.6969154],[113.8330816,22.6969123]]]]},"properties":{"name":"way/1447984381","height":0,"kind":"unknown","label":"缺少可用高度；仅展示轮廓"}},{"type":"Feature","id":"way/1447984382","geometry":{"type":"MultiPolygon","coordinates":[[[[113.8330859,22.6967484],[113.8330883,22.6966563],[113.8332292,22.6966595],[113.8332268,22.6967515],[113.8330859,22.6967484]]]]},"properties":{"name":"way/1447984382","height":0,"kind":"unknown","label":"缺少可用高度；仅展示轮廓"}},{"type":"Feature","id":"way/1447984383","geometry":{"type":"MultiPolygon","coordinates":[[[[113.8330901,22.6965845],[113.8330925,22.6964924],[113.8332335,22.6964956],[113.8332311,22.6965876],[113.8330901,22.6965845]]]]},"properties":{"name":"way/1447984383","height":0,"kind":"unknown","label":"缺少可用高度；仅展示轮廓"}},{"type":"Feature","id":"way/1447984384","geometry":{"type":"MultiPolygon","coordinates":[[[[113.8330954,22.6963882],[113.8330978,22.6962962],[113.8332387,22.6962993],[113.8332363,22.6963914],[113.8330954,22.6963882]]]]},"properties":{"name":"way/1447984384","height":0,"kind":"unknown","label":"缺少可用高度；仅展示轮廓"}},{"type":"Feature","id":"way/1447984385","geometry":{"type":"MultiPolygon","coordinates":[[[[113.8330996,22.6962243],[113.833102,22.6961323],[113.833243,22.6961354],[113.8332406,22.6962275],[113.8330996,22.6962243]]]]},"properties":{"name":"way/1447984385","height":0,"kind":"unknown","label":"缺少可用高度；仅展示轮廓"}},{"type":"Feature","id":"way/1447984386","geometry":{"type":"MultiPolygon","coordinates":[[[[113.8329033,22.6970723],[113.8329057,22.6969803],[113.8330466,22.6969834],[113.8330442,22.6970754],[113.8329033,22.6970723]]]]},"properties":{"name":"way/1447984386","height":0,"kind":"unknown","label":"缺少可用高度；仅展示轮廓"}},{"type":"Feature","id":"way/1447984387","geometry":{"type":"MultiPolygon","coordinates":[[[[113.8329074,22.6969081],[113.8329098,22.696816],[113.8330508,22.6968192],[113.8330484,22.6969112],[113.8329074,22.6969081]]]]},"properties":{"name":"way/1447984387","height":0,"kind":"unknown","label":"缺少可用高度；仅展示轮廓"}},{"type":"Feature","id":"way/1447984388","geometry":{"type":"MultiPolygon","coordinates":[[[[113.8329117,22.6967442],[113.8329141,22.6966521],[113.8330551,22.6966553],[113.8330527,22.6967473],[113.8329117,22.6967442]]]]},"properties":{"name":"way/1447984388","height":0,"kind":"unknown","label":"缺少可用高度；仅展示轮廓"}},{"type":"Feature","id":"way/1447984389","geometry":{"type":"MultiPolygon","coordinates":[[[[113.832916,22.6965803],[113.8329184,22.6964882],[113.8330593,22.6964914],[113.8330569,22.6965834],[113.832916,22.6965803]]]]},"properties":{"name":"way/1447984389","height":0,"kind":"unknown","label":"缺少可用高度；仅展示轮廓"}},{"type":"Feature","id":"way/1447984390","geometry":{"type":"MultiPolygon","coordinates":[[[[113.8329212,22.696384],[113.8329236,22.696292],[113.8330646,22.6962951],[113.8330622,22.6963872],[113.8329212,22.696384]]]]},"properties":{"name":"way/1447984390","height":0,"kind":"unknown","label":"缺少可用高度；仅展示轮廓"}},{"type":"Feature","id":"way/1447984391","geometry":{"type":"MultiPolygon","coordinates":[[[[113.8329255,22.6962201],[113.8329279,22.6961281],[113.8330689,22.6961312],[113.8330664,22.6962233],[113.8329255,22.6962201]]]]},"properties":{"name":"way/1447984391","height":0,"kind":"unknown","label":"缺少可用高度；仅展示轮廓"}},{"type":"Feature","id":"way/1447984392","geometry":{"type":"MultiPolygon","coordinates":[[[[113.8332743,22.6962279],[113.8332767,22.6961359],[113.8334177,22.696139],[113.8334153,22.696231],[113.8332743,22.6962279]]]]},"properties":{"name":"way/1447984392","height":0,"kind":"unknown","label":"缺少可用高度；仅展示轮廓"}},{"type":"Feature","id":"way/1447984393","geometry":{"type":"MultiPolygon","coordinates":[[[[113.833252,22.6970797],[113.8332544,22.6969877],[113.8333953,22.6969908],[113.8333929,22.6970829],[113.833252,22.6970797]]]]},"properties":{"name":"way/1447984393","height":0,"kind":"unknown","label":"缺少可用高度；仅展示轮廓"}},{"type":"Feature","id":"way/1447984394","geometry":{"type":"MultiPolygon","coordinates":[[[[113.8332563,22.6969159],[113.8332587,22.6968238],[113.8333996,22.6968269],[113.8333972,22.696919],[113.8332563,22.6969159]]]]},"properties":{"name":"way/1447984394","height":0,"kind":"unknown","label":"缺少可用高度；仅展示轮廓"}},{"type":"Feature","id":"way/1447984399","geometry":{"type":"MultiPolygon","coordinates":[[[[113.8314935,22.6963526],[113.8314959,22.6962606],[113.8316369,22.6962637],[113.8316345,22.6963557],[113.8314935,22.6963526]]]]},"properties":{"name":"way/1447984399","height":0,"kind":"unknown","label":"缺少可用高度；仅展示轮廓"}},{"type":"Feature","id":"way/1447984400","geometry":{"type":"MultiPolygon","coordinates":[[[[113.8314978,22.6961887],[113.8315002,22.6960967],[113.8316411,22.6960998],[113.8316387,22.6961918],[113.8314978,22.6961887]]]]},"properties":{"name":"way/1447984400","height":0,"kind":"unknown","label":"缺少可用高度；仅展示轮廓"}},{"type":"Feature","id":"way/1447984401","geometry":{"type":"MultiPolygon","coordinates":[[[[113.8318466,22.6961965],[113.831849,22.6961044],[113.83199,22.6961076],[113.8319876,22.6961996],[113.8318466,22.6961965]]]]},"properties":{"name":"way/1447984401","height":0,"kind":"unknown","label":"缺少可用高度；仅展示轮廓"}},{"type":"Feature","id":"way/1447984402","geometry":{"type":"MultiPolygon","coordinates":[[[[113.8318243,22.6970483],[113.8318267,22.6969563],[113.8319676,22.6969594],[113.8319652,22.6970515],[113.8318243,22.6970483]]]]},"properties":{"name":"way/1447984402","height":0,"kind":"unknown","label":"缺少可用高度；仅展示轮廓"}},{"type":"Feature","id":"way/1447984403","geometry":{"type":"MultiPolygon","coordinates":[[[[113.8318285,22.6968844],[113.8318309,22.6967924],[113.8319719,22.6967955],[113.8319695,22.6968876],[113.8318285,22.6968844]]]]},"properties":{"name":"way/1447984403","height":0,"kind":"unknown","label":"缺少可用高度；仅展示轮廓"}},{"type":"Feature","id":"way/1447984404","geometry":{"type":"MultiPolygon","coordinates":[[[[113.831294,22.6960201],[113.8313007,22.6957642],[113.8314417,22.6957673],[113.831435,22.6960233],[113.831294,22.6960201]]]]},"properties":{"name":"way/1447984404","height":0,"kind":"unknown","label":"缺少可用高度；仅展示轮廓"}},{"type":"Feature","id":"way/1447984405","geometry":{"type":"MultiPolygon","coordinates":[[[[113.8318328,22.6967205],[113.8318352,22.6966285],[113.8319762,22.6966316],[113.8319738,22.6967237],[113.8318328,22.6967205]]]]},"properties":{"name":"way/1447984405","height":0,"kind":"unknown","label":"缺少可用高度；仅展示轮廓"}},{"type":"Feature","id":"way/1447984406","geometry":{"type":"MultiPolygon","coordinates":[[[[113.8319984,22.6970525],[113.8320008,22.6969605],[113.8321418,22.6969636],[113.8321394,22.6970557],[113.8319984,22.6970525]]]]},"properties":{"name":"way/1447984406","height":0,"kind":"unknown","label":"缺少可用高度；仅展示轮廓"}},{"type":"Feature","id":"way/1447984407","geometry":{"type":"MultiPolygon","coordinates":[[[[113.831502,22.6960248],[113.8315045,22.6959328],[113.8316454,22.6959359],[113.831643,22.696028],[113.831502,22.6960248]]]]},"properties":{"name":"way/1447984407","height":0,"kind":"unknown","label":"缺少可用高度；仅展示轮廓"}},{"type":"Feature","id":"way/1447984408","geometry":{"type":"MultiPolygon","coordinates":[[[[113.8315063,22.6958609],[113.8315087,22.6957689],[113.8316497,22.695772],[113.8316473,22.6958641],[113.8315063,22.6958609]]]]},"properties":{"name":"way/1447984408","height":0,"kind":"unknown","label":"缺少可用高度；仅展示轮廓"}},{"type":"Feature","id":"way/1447984409","geometry":{"type":"MultiPolygon","coordinates":[[[[113.8318371,22.6965566],[113.8318395,22.6964646],[113.8319805,22.6964677],[113.831978,22.6965598],[113.8318371,22.6965566]]]]},"properties":{"name":"way/1447984409","height":0,"kind":"unknown","label":"缺少可用高度；仅展示轮廓"}},{"type":"Feature","id":"way/1447984410","geometry":{"type":"MultiPolygon","coordinates":[[[[113.8318552,22.6958687],[113.8318576,22.6957767],[113.8319985,22.6957798],[113.8319961,22.6958718],[113.8318552,22.6958687]]]]},"properties":{"name":"way/1447984410","height":0,"kind":"unknown","label":"缺少可用高度；仅展示轮廓"}},{"type":"Feature","id":"way/1447984411","geometry":{"type":"MultiPolygon","coordinates":[[[[113.8320027,22.6968886],[113.8320051,22.6967966],[113.832146,22.6967997],[113.8321436,22.6968918],[113.8320027,22.6968886]]]]},"properties":{"name":"way/1447984411","height":0,"kind":"unknown","label":"缺少可用高度；仅展示轮廓"}},{"type":"Feature","id":"way/1447984412","geometry":{"type":"MultiPolygon","coordinates":[[[[113.8318423,22.6963604],[113.8318447,22.6962683],[113.8319857,22.6962715],[113.8319833,22.6963635],[113.8318423,22.6963604]]]]},"properties":{"name":"way/1447984412","height":0,"kind":"unknown","label":"缺少可用高度；仅展示轮廓"}},{"type":"Feature","id":"way/1447984413","geometry":{"type":"MultiPolygon","coordinates":[[[[113.8318509,22.6960326],[113.8318533,22.6959406],[113.8319942,22.6959437],[113.8319918,22.6960357],[113.8318509,22.6960326]]]]},"properties":{"name":"way/1447984413","height":0,"kind":"unknown","label":"缺少可用高度；仅展示轮廓"}},{"type":"Feature","id":"way/1447984414","geometry":{"type":"MultiPolygon","coordinates":[[[[113.832007,22.6967247],[113.8320094,22.6966327],[113.8321503,22.6966358],[113.8321479,22.6967279],[113.832007,22.6967247]]]]},"properties":{"name":"way/1447984414","height":0,"kind":"unknown","label":"缺少可用高度；仅展示轮廓"}},{"type":"Feature","id":"way/1447984415","geometry":{"type":"MultiPolygon","coordinates":[[[[113.832025,22.6960368],[113.8320274,22.6959447],[113.8321684,22.6959479],[113.832166,22.6960399],[113.832025,22.6960368]]]]},"properties":{"name":"way/1447984415","height":0,"kind":"unknown","label":"缺少可用高度；仅展示轮廓"}},{"type":"Feature","id":"way/1447984416","geometry":{"type":"MultiPolygon","coordinates":[[[[113.8320293,22.6958729],[113.8320317,22.6957809],[113.8321726,22.695784],[113.8321702,22.695876],[113.8320293,22.6958729]]]]},"properties":{"name":"way/1447984416","height":0,"kind":"unknown","label":"缺少可用高度；仅展示轮廓"}},{"type":"Feature","id":"way/1447984417","geometry":{"type":"MultiPolygon","coordinates":[[[[113.8320112,22.6965608],[113.8320136,22.6964688],[113.8321546,22.6964719],[113.8321522,22.696564],[113.8320112,22.6965608]]]]},"properties":{"name":"way/1447984417","height":0,"kind":"unknown","label":"缺少可用高度；仅展示轮廓"}},{"type":"Feature","id":"way/1447984418","geometry":{"type":"MultiPolygon","coordinates":[[[[113.831276,22.6967081],[113.8312827,22.6964521],[113.8314236,22.6964553],[113.8314169,22.6967112],[113.831276,22.6967081]]]]},"properties":{"name":"way/1447984418","height":0,"kind":"unknown","label":"缺少可用高度；仅展示轮廓"}},{"type":"Feature","id":"way/1447984419","geometry":{"type":"MultiPolygon","coordinates":[[[[113.8325525,22.6958842],[113.8325549,22.6957921],[113.8326958,22.6957953],[113.8326934,22.6958873],[113.8325525,22.6958842]]]]},"properties":{"name":"way/1447984419","height":0,"kind":"unknown","label":"缺少可用高度；仅展示轮廓"}},{"type":"Feature","id":"way/1447984420","geometry":{"type":"MultiPolygon","coordinates":[[[[113.8320165,22.6963646],[113.8320189,22.6962725],[113.8321598,22.6962757],[113.8321574,22.6963677],[113.8320165,22.6963646]]]]},"properties":{"name":"way/1447984420","height":0,"kind":"unknown","label":"缺少可用高度；仅展示轮廓"}},{"type":"Feature","id":"way/1447984421","geometry":{"type":"MultiPolygon","coordinates":[[[[113.8321995,22.6960404],[113.8322019,22.6959483],[113.8323429,22.6959515],[113.8323405,22.6960435],[113.8321995,22.6960404]]]]},"properties":{"name":"way/1447984421","height":0,"kind":"unknown","label":"缺少可用高度；仅展示轮廓"}},{"type":"Feature","id":"way/1447984422","geometry":{"type":"MultiPolygon","coordinates":[[[[113.8325482,22.6960481],[113.8325506,22.695956],[113.8326915,22.6959591],[113.8326891,22.6960512],[113.8325482,22.6960481]]]]},"properties":{"name":"way/1447984422","height":0,"kind":"unknown","label":"缺少可用高度；仅展示轮廓"}},{"type":"Feature","id":"way/1447984423","geometry":{"type":"MultiPolygon","coordinates":[[[[113.8320207,22.6962007],[113.8320231,22.6961086],[113.8321641,22.6961118],[113.8321617,22.6962038],[113.8320207,22.6962007]]]]},"properties":{"name":"way/1447984423","height":0,"kind":"unknown","label":"缺少可用高度；仅展示轮廓"}},{"type":"Feature","id":"way/1447984424","geometry":{"type":"MultiPolygon","coordinates":[[[[113.8323737,22.6960446],[113.8323761,22.6959525],[113.832517,22.6959557],[113.8325146,22.6960477],[113.8323737,22.6960446]]]]},"properties":{"name":"way/1447984424","height":0,"kind":"unknown","label":"缺少可用高度；仅展示轮廓"}},{"type":"Feature","id":"way/1447984425","geometry":{"type":"MultiPolygon","coordinates":[[[[113.8323779,22.6958807],[113.8323804,22.6957886],[113.8325213,22.6957918],[113.8325189,22.6958838],[113.8323779,22.6958807]]]]},"properties":{"name":"way/1447984425","height":0,"kind":"unknown","label":"缺少可用高度；仅展示轮廓"}},{"type":"Feature","id":"way/1447984426","geometry":{"type":"MultiPolygon","coordinates":[[[[113.8325439,22.696212],[113.8325463,22.6961199],[113.8326873,22.696123],[113.8326849,22.6962151],[113.8325439,22.696212]]]]},"properties":{"name":"way/1447984426","height":0,"kind":"unknown","label":"缺少可用高度；仅展示轮廓"}},{"type":"Feature","id":"way/1447984427","geometry":{"type":"MultiPolygon","coordinates":[[[[113.8322038,22.6958765],[113.8322062,22.6957844],[113.8323472,22.6957876],[113.8323448,22.6958796],[113.8322038,22.6958765]]]]},"properties":{"name":"way/1447984427","height":0,"kind":"unknown","label":"缺少可用高度；仅展示轮廓"}},{"type":"Feature","id":"way/1447984428","geometry":{"type":"MultiPolygon","coordinates":[[[[113.8325216,22.6970638],[113.832524,22.6969717],[113.8326649,22.6969749],[113.8326625,22.6970669],[113.8325216,22.6970638]]]]},"properties":{"name":"way/1447984428","height":0,"kind":"unknown","label":"缺少可用高度；仅展示轮廓"}},{"type":"Feature","id":"way/1447984429","geometry":{"type":"MultiPolygon","coordinates":[[[[113.8325259,22.6968999],[113.8325283,22.6968079],[113.8326692,22.696811],[113.8326668,22.696903],[113.8325259,22.6968999]]]]},"properties":{"name":"way/1447984429","height":0,"kind":"unknown","label":"缺少可用高度；仅展示轮廓"}},{"type":"Feature","id":"way/1447984430","geometry":{"type":"MultiPolygon","coordinates":[[[[113.8316762,22.696029],[113.8316786,22.695937],[113.8318195,22.6959401],[113.8318171,22.6960322],[113.8316762,22.696029]]]]},"properties":{"name":"way/1447984430","height":0,"kind":"unknown","label":"缺少可用高度；仅展示轮廓"}},{"type":"Feature","id":"way/1447984431","geometry":{"type":"MultiPolygon","coordinates":[[[[113.8316805,22.6958651],[113.8316829,22.6957731],[113.8318238,22.6957762],[113.8318214,22.6958683],[113.8316805,22.6958651]]]]},"properties":{"name":"way/1447984431","height":0,"kind":"unknown","label":"缺少可用高度；仅展示轮廓"}},{"type":"Feature","id":"way/1447984432","geometry":{"type":"MultiPolygon","coordinates":[[[[113.8325301,22.696736],[113.8325325,22.696644],[113.8326735,22.6966471],[113.8326711,22.6967391],[113.8325301,22.696736]]]]},"properties":{"name":"way/1447984432","height":0,"kind":"unknown","label":"缺少可用高度；仅展示轮廓"}},{"type":"Feature","id":"way/1447984433","geometry":{"type":"MultiPolygon","coordinates":[[[[113.8325344,22.6965721],[113.8325368,22.6964801],[113.8326778,22.6964832],[113.8326754,22.6965752],[113.8325344,22.6965721]]]]},"properties":{"name":"way/1447984433","height":0,"kind":"unknown","label":"缺少可用高度；仅展示轮廓"}},{"type":"Feature","id":"way/1447984434","geometry":{"type":"MultiPolygon","coordinates":[[[[113.8325396,22.6963759],[113.832542,22.6962838],[113.832683,22.6962869],[113.8326806,22.696379],[113.8325396,22.6963759]]]]},"properties":{"name":"way/1447984434","height":0,"kind":"unknown","label":"缺少可用高度；仅展示轮廓"}},{"type":"Feature","id":"way/1447984435","geometry":{"type":"MultiPolygon","coordinates":[[[[113.8312855,22.6963479],[113.8312922,22.696092],[113.8314331,22.6960951],[113.8314264,22.696351],[113.8312855,22.6963479]]]]},"properties":{"name":"way/1447984435","height":0,"kind":"unknown","label":"缺少可用高度；仅展示轮廓"}},{"type":"Feature","id":"way/1447984436","geometry":{"type":"MultiPolygon","coordinates":[[[[113.8321953,22.6962043],[113.8321977,22.6961122],[113.8323386,22.6961153],[113.8323362,22.6962074],[113.8321953,22.6962043]]]]},"properties":{"name":"way/1447984436","height":0,"kind":"unknown","label":"缺少可用高度；仅展示轮廓"}},{"type":"Feature","id":"way/1447984437","geometry":{"type":"MultiPolygon","coordinates":[[[[113.8321729,22.6970561],[113.8321753,22.696964],[113.8323163,22.6969672],[113.8323139,22.6970592],[113.8321729,22.6970561]]]]},"properties":{"name":"way/1447984437","height":0,"kind":"unknown","label":"缺少可用高度；仅展示轮廓"}},{"type":"Feature","id":"way/1447984438","geometry":{"type":"MultiPolygon","coordinates":[[[[113.8321772,22.6968922],[113.8321796,22.6968002],[113.8323206,22.6968033],[113.8323182,22.6968953],[113.8321772,22.6968922]]]]},"properties":{"name":"way/1447984438","height":0,"kind":"unknown","label":"缺少可用高度；仅展示轮廓"}},{"type":"Feature","id":"way/1447984439","geometry":{"type":"MultiPolygon","coordinates":[[[[113.8321815,22.6967283],[113.8321839,22.6966363],[113.8323248,22.6966394],[113.8323224,22.6967314],[113.8321815,22.6967283]]]]},"properties":{"name":"way/1447984439","height":0,"kind":"unknown","label":"缺少可用高度；仅展示轮廓"}},{"type":"Feature","id":"way/1447984440","geometry":{"type":"MultiPolygon","coordinates":[[[[113.8323471,22.6970603],[113.8323495,22.6969682],[113.8324904,22.6969714],[113.832488,22.6970634],[113.8323471,22.6970603]]]]},"properties":{"name":"way/1447984440","height":0,"kind":"unknown","label":"缺少可用高度；仅展示轮廓"}},{"type":"Feature","id":"way/1447984441","geometry":{"type":"MultiPolygon","coordinates":[[[[113.8321858,22.6965644],[113.8321882,22.6964724],[113.8323291,22.6964755],[113.8323267,22.6965675],[113.8321858,22.6965644]]]]},"properties":{"name":"way/1447984441","height":0,"kind":"unknown","label":"缺少可用高度；仅展示轮廓"}},{"type":"Feature","id":"way/1447984442","geometry":{"type":"MultiPolygon","coordinates":[[[[113.8323513,22.6968964],[113.8323537,22.6968044],[113.8324947,22.6968075],[113.8324923,22.6968995],[113.8323513,22.6968964]]]]},"properties":{"name":"way/1447984442","height":0,"kind":"unknown","label":"缺少可用高度；仅展示轮廓"}},{"type":"Feature","id":"way/1447984443","geometry":{"type":"MultiPolygon","coordinates":[[[[113.832191,22.6963682],[113.8321934,22.6962761],[113.8323343,22.6962792],[113.8323319,22.6963713],[113.832191,22.6963682]]]]},"properties":{"name":"way/1447984443","height":0,"kind":"unknown","label":"缺少可用高度；仅展示轮廓"}},{"type":"Feature","id":"way/1447984444","geometry":{"type":"MultiPolygon","coordinates":[[[[113.8323556,22.6967325],[113.832358,22.6966405],[113.832499,22.6966436],[113.8324966,22.6967356],[113.8323556,22.6967325]]]]},"properties":{"name":"way/1447984444","height":0,"kind":"unknown","label":"缺少可用高度；仅展示轮廓"}},{"type":"Feature","id":"way/1447984445","geometry":{"type":"MultiPolygon","coordinates":[[[[113.8316496,22.6970448],[113.831652,22.6969527],[113.8317929,22.6969558],[113.8317905,22.6970479],[113.8316496,22.6970448]]]]},"properties":{"name":"way/1447984445","height":0,"kind":"unknown","label":"缺少可用高度；仅展示轮廓"}},{"type":"Feature","id":"way/1447984446","geometry":{"type":"MultiPolygon","coordinates":[[[[113.8323599,22.6965686],[113.8323623,22.6964766],[113.8325033,22.6964797],[113.8325008,22.6965717],[113.8323599,22.6965686]]]]},"properties":{"name":"way/1447984446","height":0,"kind":"unknown","label":"缺少可用高度；仅展示轮廓"}},{"type":"Feature","id":"way/1447984447","geometry":{"type":"MultiPolygon","coordinates":[[[[113.8316539,22.6968809],[113.8316563,22.6967888],[113.8317972,22.6967919],[113.8317948,22.696884],[113.8316539,22.6968809]]]]},"properties":{"name":"way/1447984447","height":0,"kind":"unknown","label":"缺少可用高度；仅展示轮廓"}},{"type":"Feature","id":"way/1447984448","geometry":{"type":"MultiPolygon","coordinates":[[[[113.8323651,22.6963724],[113.8323675,22.6962803],[113.8325085,22.6962834],[113.8325061,22.6963755],[113.8323651,22.6963724]]]]},"properties":{"name":"way/1447984448","height":0,"kind":"unknown","label":"缺少可用高度；仅展示轮廓"}},{"type":"Feature","id":"way/1447984449","geometry":{"type":"MultiPolygon","coordinates":[[[[113.8323694,22.6962085],[113.8323718,22.6961164],[113.8325128,22.6961195],[113.8325104,22.6962116],[113.8323694,22.6962085]]]]},"properties":{"name":"way/1447984449","height":0,"kind":"unknown","label":"缺少可用高度；仅展示轮廓"}},{"type":"Feature","id":"way/1447984450","geometry":{"type":"MultiPolygon","coordinates":[[[[113.8316581,22.696717],[113.8316605,22.6966249],[113.8318015,22.696628],[113.8317991,22.6967201],[113.8316581,22.696717]]]]},"properties":{"name":"way/1447984450","height":0,"kind":"unknown","label":"缺少可用高度；仅展示轮廓"}},{"type":"Feature","id":"way/1447984451","geometry":{"type":"MultiPolygon","coordinates":[[[[113.8316624,22.6965531],[113.8316648,22.696461],[113.8318058,22.6964642],[113.8318034,22.6965562],[113.8316624,22.6965531]]]]},"properties":{"name":"way/1447984451","height":0,"kind":"unknown","label":"缺少可用高度；仅展示轮廓"}},{"type":"Feature","id":"way/1447984452","geometry":{"type":"MultiPolygon","coordinates":[[[[113.8316676,22.6963568],[113.83167,22.6962648],[113.831811,22.6962679],[113.8318086,22.6963599],[113.8316676,22.6963568]]]]},"properties":{"name":"way/1447984452","height":0,"kind":"unknown","label":"缺少可用高度；仅展示轮廓"}},{"type":"Feature","id":"way/1447984453","geometry":{"type":"MultiPolygon","coordinates":[[[[113.8316719,22.6961929],[113.8316743,22.6961009],[113.8318153,22.696104],[113.8318129,22.696196],[113.8316719,22.6961929]]]]},"properties":{"name":"way/1447984453","height":0,"kind":"unknown","label":"缺少可用高度；仅展示轮廓"}},{"type":"Feature","id":"way/1447984454","geometry":{"type":"MultiPolygon","coordinates":[[[[113.8314754,22.6970406],[113.8314778,22.6969485],[113.8316188,22.6969516],[113.8316164,22.6970437],[113.8314754,22.6970406]]]]},"properties":{"name":"way/1447984454","height":0,"kind":"unknown","label":"缺少可用高度；仅展示轮廓"}},{"type":"Feature","id":"way/1447984455","geometry":{"type":"MultiPolygon","coordinates":[[[[113.8314797,22.6968767],[113.8314821,22.6967846],[113.8316231,22.6967877],[113.8316207,22.6968798],[113.8314797,22.6968767]]]]},"properties":{"name":"way/1447984455","height":0,"kind":"unknown","label":"缺少可用高度；仅展示轮廓"}},{"type":"Feature","id":"way/1447984456","geometry":{"type":"MultiPolygon","coordinates":[[[[113.8312674,22.6970359],[113.8312741,22.6967799],[113.8314151,22.696783],[113.8314084,22.697039],[113.8312674,22.6970359]]]]},"properties":{"name":"way/1447984456","height":0,"kind":"unknown","label":"缺少可用高度；仅展示轮廓"}},{"type":"Feature","id":"way/1447984457","geometry":{"type":"MultiPolygon","coordinates":[[[[113.831484,22.6967128],[113.8314864,22.6966207],[113.8316274,22.6966239],[113.8316249,22.6967159],[113.831484,22.6967128]]]]},"properties":{"name":"way/1447984457","height":0,"kind":"unknown","label":"缺少可用高度；仅展示轮廓"}},{"type":"Feature","id":"way/1447984458","geometry":{"type":"MultiPolygon","coordinates":[[[[113.8314883,22.6965489],[113.8314907,22.6964568],[113.8316316,22.69646],[113.8316292,22.696552],[113.8314883,22.6965489]]]]},"properties":{"name":"way/1447984458","height":0,"kind":"unknown","label":"缺少可用高度；仅展示轮廓"}},{"type":"Feature","id":"way/1447984459","geometry":{"type":"MultiPolygon","coordinates":[[[[113.8312463,22.6978036],[113.8312479,22.6975476],[113.8313888,22.6975483],[113.8313873,22.6978043],[113.8312463,22.6978036]]]]},"properties":{"name":"way/1447984459","height":0,"kind":"unknown","label":"缺少可用高度；仅展示轮廓"}},{"type":"Feature","id":"way/1447984461","geometry":{"type":"MultiPolygon","coordinates":[[[[113.8314554,22.6976408],[113.8314559,22.6975487],[113.8315969,22.6975495],[113.8315964,22.6976415],[113.8314554,22.6976408]]]]},"properties":{"name":"way/1447984461","height":0,"kind":"unknown","label":"缺少可用高度；仅展示轮廓"}},{"type":"Feature","id":"way/1447984462","geometry":{"type":"MultiPolygon","coordinates":[[[[113.8318043,22.6976426],[113.8318049,22.6975505],[113.8319458,22.6975512],[113.8319453,22.6976433],[113.8318043,22.6976426]]]]},"properties":{"name":"way/1447984462","height":0,"kind":"unknown","label":"缺少可用高度；仅展示轮廓"}},{"type":"Feature","id":"way/1447984465","geometry":{"type":"MultiPolygon","coordinates":[[[[113.8319785,22.6976438],[113.831979,22.6975517],[113.83212,22.6975525],[113.8321195,22.6976445],[113.8319785,22.6976438]]]]},"properties":{"name":"way/1447984465","height":0,"kind":"unknown","label":"缺少可用高度；仅展示轮廓"}},{"type":"Feature","id":"way/1447984466","geometry":{"type":"MultiPolygon","coordinates":[[[[113.8325018,22.6976461],[113.8325024,22.697554],[113.8326433,22.6975548],[113.8326428,22.6976468],[113.8325018,22.6976461]]]]},"properties":{"name":"way/1447984466","height":0,"kind":"unknown","label":"缺少可用高度；仅展示轮廓"}},{"type":"Feature","id":"way/1447984470","geometry":{"type":"MultiPolygon","coordinates":[[[[113.8323273,22.6976456],[113.8323278,22.6975535],[113.8324688,22.6975543],[113.8324682,22.6976463],[113.8323273,22.6976456]]]]},"properties":{"name":"way/1447984470","height":0,"kind":"unknown","label":"缺少可用高度；仅展示轮廓"}},{"type":"Feature","id":"way/1447984471","geometry":{"type":"MultiPolygon","coordinates":[[[[113.8321531,22.6976444],[113.8321536,22.6975523],[113.8322946,22.697553],[113.832294,22.6976451],[113.8321531,22.6976444]]]]},"properties":{"name":"way/1447984471","height":0,"kind":"unknown","label":"缺少可用高度；仅展示轮廓"}},{"type":"Feature","id":"way/1447984473","geometry":{"type":"MultiPolygon","coordinates":[[[[113.8316296,22.697642],[113.8316301,22.69755],[113.8317711,22.6975507],[113.8317706,22.6976427],[113.8316296,22.697642]]]]},"properties":{"name":"way/1447984473","height":0,"kind":"unknown","label":"缺少可用高度；仅展示轮廓"}},{"type":"Feature","id":"way/1448113760","geometry":{"type":"MultiPolygon","coordinates":[[[[113.8396995,22.6888048],[113.8400665,22.6885625],[113.8401358,22.6886519],[113.8397688,22.6888941],[113.8396995,22.6888048]]]]},"properties":{"name":"way/1448113760","height":0,"kind":"unknown","label":"缺少可用高度；仅展示轮廓"}},{"type":"Feature","id":"way/1448113761","geometry":{"type":"MultiPolygon","coordinates":[[[[113.8398327,22.6890037],[113.8402086,22.6887556],[113.8403137,22.688891],[113.8399377,22.6891391],[113.8398327,22.6890037]]]]},"properties":{"name":"way/1448113761","height":0,"kind":"unknown","label":"缺少可用高度；仅展示轮廓"}},{"type":"Feature","id":"way/1448113762","geometry":{"type":"MultiPolygon","coordinates":[[[[113.8394155,22.6889768],[113.8395783,22.6888694],[113.839827,22.68919],[113.8396642,22.6892975],[113.8394155,22.6889768]]]]},"properties":{"name":"way/1448113762","height":0,"kind":"unknown","label":"缺少可用高度；仅展示轮廓"}},{"type":"Feature","id":"way/1448113763","geometry":{"type":"MultiPolygon","coordinates":[[[[113.8386934,22.6894246],[113.839066,22.6891787],[113.8391382,22.6892718],[113.8387656,22.6895177],[113.8386934,22.6894246]]]]},"properties":{"name":"way/1448113763","height":0,"kind":"unknown","label":"缺少可用高度；仅展示轮廓"}},{"type":"Feature","id":"way/1448113764","geometry":{"type":"MultiPolygon","coordinates":[[[[113.8388403,22.6896297],[113.8393217,22.6893119],[113.8391689,22.6891149],[113.8393138,22.6890192],[113.8395583,22.6893344],[113.8389319,22.6897479],[113.8388403,22.6896297]]]]},"properties":{"name":"way/1448113764","height":0,"kind":"unknown","label":"缺少可用高度；仅展示轮廓"}},{"type":"Feature","id":"way/1448113771","geometry":{"type":"MultiPolygon","coordinates":[[[[113.8400075,22.6901562],[113.8401092,22.6900891],[113.840332,22.6903764],[113.8402303,22.6904436],[113.8400075,22.6901562]]]]},"properties":{"name":"way/1448113771","height":0,"kind":"unknown","label":"缺少可用高度；仅展示轮廓"}},{"type":"Feature","id":"way/1448113772","geometry":{"type":"MultiPolygon","coordinates":[[[[113.8398231,22.6908656],[113.8402076,22.6906118],[113.8403195,22.6907562],[113.8399351,22.6910099],[113.8398231,22.6908656]]]]},"properties":{"name":"way/1448113772","height":0,"kind":"unknown","label":"缺少可用高度；仅展示轮廓"}},{"type":"Feature","id":"way/1448113776","geometry":{"type":"MultiPolygon","coordinates":[[[[113.837384,22.6890527],[113.8381091,22.6885826],[113.8382018,22.6887043],[113.8374767,22.6891744],[113.837384,22.6890527]]]]},"properties":{"name":"way/1448113776","height":0,"kind":"unknown","label":"缺少可用高度；仅展示轮廓"}},{"type":"Feature","id":"way/1448113778","geometry":{"type":"MultiPolygon","coordinates":[[[[113.8376871,22.6896337],[113.8377917,22.6895672],[113.8378337,22.6896235],[113.8378658,22.6896031],[113.8379151,22.6896691],[113.8377464,22.6897763],[113.8376971,22.6897104],[113.8377292,22.68969],[113.8376871,22.6896337]]]]},"properties":{"name":"A座","height":0,"kind":"unknown","label":"缺少可用高度；仅展示轮廓"}},{"type":"Feature","id":"way/1448113779","geometry":{"type":"MultiPolygon","coordinates":[[[[113.8381668,22.6893287],[113.8382713,22.6892623],[113.8383134,22.6893186],[113.8383455,22.6892982],[113.8383947,22.6893641],[113.838226,22.6894714],[113.8381768,22.6894054],[113.8382088,22.689385],[113.8381668,22.6893287]]]]},"properties":{"name":"D座","height":0,"kind":"unknown","label":"缺少可用高度；仅展示轮廓"}},{"type":"Feature","id":"way/1448113780","geometry":{"type":"MultiPolygon","coordinates":[[[[113.8378558,22.6895264],[113.8379604,22.68946],[113.8380024,22.6895163],[113.8380213,22.6895043],[113.8380706,22.6895702],[113.8379151,22.6896691],[113.8378658,22.6896031],[113.8378979,22.6895827],[113.8378558,22.6895264]]]]},"properties":{"name":"B座","height":0,"kind":"unknown","label":"缺少可用高度；仅展示轮廓"}},{"type":"Feature","id":"way/1448113781","geometry":{"type":"MultiPolygon","coordinates":[[[[113.8379981,22.689436],[113.8381026,22.6893695],[113.8381447,22.6894258],[113.8381768,22.6894054],[113.838226,22.6894714],[113.8380706,22.6895702],[113.8380213,22.6895043],[113.8380402,22.6894923],[113.8379981,22.689436]]]]},"properties":{"name":"C座","height":0,"kind":"unknown","label":"缺少可用高度；仅展示轮廓"}},{"type":"Feature","id":"way/1448113782","geometry":{"type":"MultiPolygon","coordinates":[[[[113.8390201,22.6898718],[113.8391301,22.6897991],[113.8393956,22.6901415],[113.8392856,22.6902141],[113.8390201,22.6898718]]]]},"properties":{"name":"way/1448113782","height":0,"kind":"unknown","label":"缺少可用高度；仅展示轮廓"}},{"type":"Feature","id":"way/1448113783","geometry":{"type":"MultiPolygon","coordinates":[[[[113.8392887,22.6898715],[113.8397496,22.6895672],[113.8399282,22.6897975],[113.8394673,22.6901017],[113.8392887,22.6898715]]]]},"properties":{"name":"way/1448113783","height":0,"kind":"unknown","label":"缺少可用高度；仅展示轮廓"}},{"type":"Feature","id":"way/1448113784","geometry":{"type":"MultiPolygon","coordinates":[[[[113.8397332,22.6893923],[113.8398433,22.6893197],[113.8401087,22.6896621],[113.8399987,22.6897347],[113.8397332,22.6893923]]]]},"properties":{"name":"way/1448113784","height":0,"kind":"unknown","label":"缺少可用高度；仅展示轮廓"}},{"type":"Feature","id":"way/1448113833","geometry":{"type":"MultiPolygon","coordinates":[[[[113.838296,22.6900406],[113.8387295,22.6898352],[113.8396953,22.6915707],[113.8392618,22.691776],[113.838296,22.6900406]]]]},"properties":{"name":"way/1448113833","height":0,"kind":"unknown","label":"缺少可用高度；仅展示轮廓"}},{"type":"Feature","id":"way/1448118467","geometry":{"type":"MultiPolygon","coordinates":[[[[113.8304662,22.693204],[113.8305892,22.6931131],[113.8306872,22.6932259],[113.8305642,22.6933168],[113.8304662,22.693204]]]]},"properties":{"name":"way/1448118467","height":0,"kind":"unknown","label":"缺少可用高度；仅展示轮廓"}},{"type":"Feature","id":"way/1448118519","geometry":{"type":"MultiPolygon","coordinates":[[[[113.8307493,22.6922075],[113.8309947,22.6920256],[113.8313042,22.692381],[113.8312523,22.6924195],[113.8314257,22.6926186],[113.8314776,22.6925802],[113.8315383,22.6926499],[113.8312929,22.6928318],[113.8311343,22.6926496],[113.8311873,22.6926103],[113.8310636,22.6924682],[113.8310106,22.6925075],[113.8307493,22.6922075]]]]},"properties":{"name":"凤凰社区居委会会议大楼","height":0,"kind":"unknown","label":"缺少可用高度；仅展示轮廓"}},{"type":"Feature","id":"way/1448118520","geometry":{"type":"MultiPolygon","coordinates":[[[[113.8352287,22.6904158],[113.8357828,22.6901028],[113.8358382,22.6901863],[113.8352841,22.6904993],[113.8352287,22.6904158]]]]},"properties":{"name":"way/1448118520","height":0,"kind":"unknown","label":"缺少可用高度；仅展示轮廓"}},{"type":"Feature","id":"way/1448118521","geometry":{"type":"MultiPolygon","coordinates":[[[[113.8344342,22.6908645],[113.8350085,22.6905401],[113.835064,22.6906236],[113.8344896,22.690948],[113.8344342,22.6908645]]]]},"properties":{"name":"way/1448118521","height":0,"kind":"unknown","label":"缺少可用高度；仅展示轮廓"}},{"type":"Feature","id":"way/1448118522","geometry":{"type":"MultiPolygon","coordinates":[[[[113.8337136,22.6912715],[113.8340709,22.6910697],[113.8341263,22.6911532],[113.833769,22.691355],[113.8337136,22.6912715]]]]},"properties":{"name":"way/1448118522","height":0,"kind":"unknown","label":"缺少可用高度；仅展示轮廓"}},{"type":"Feature","id":"way/1448118523","geometry":{"type":"MultiPolygon","coordinates":[[[[113.8331196,22.6916069],[113.8336136,22.691328],[113.833669,22.6914115],[113.8331751,22.6916905],[113.8331196,22.6916069]]]]},"properties":{"name":"way/1448118523","height":0,"kind":"unknown","label":"缺少可用高度；仅展示轮廓"}},{"type":"Feature","id":"way/1448118545","geometry":{"type":"MultiPolygon","coordinates":[[[[113.8337191,22.6894023],[113.8338282,22.6893407],[113.8339556,22.6895326],[113.833876,22.6895776],[113.8338066,22.6894729],[113.833777,22.6894896],[113.8337191,22.6894023]]]]},"properties":{"name":"way/1448118545","height":0,"kind":"unknown","label":"缺少可用高度；仅展示轮廓"}},{"type":"Feature","id":"way/1448118547","geometry":{"type":"MultiPolygon","coordinates":[[[[113.8318082,22.6907507],[113.8319272,22.6906835],[113.8319579,22.6907297],[113.8319774,22.6907187],[113.8320347,22.6908049],[113.8319571,22.6908487],[113.8319103,22.6907781],[113.8318492,22.6908125],[113.8318082,22.6907507]]]]},"properties":{"name":"way/1448118547","height":0,"kind":"unknown","label":"缺少可用高度；仅展示轮廓"}},{"type":"Feature","id":"way/1448118551","geometry":{"type":"MultiPolygon","coordinates":[[[[113.8331697,22.691348],[113.8332761,22.6912879],[113.8333361,22.6913784],[113.8332297,22.6914385],[113.8331697,22.691348]]]]},"properties":{"name":"way/1448118551","height":0,"kind":"unknown","label":"缺少可用高度；仅展示轮廓"}},{"type":"Feature","id":"way/1448118552","geometry":{"type":"MultiPolygon","coordinates":[[[[113.832566,22.6904374],[113.8326727,22.6903772],[113.8327328,22.6904676],[113.832626,22.6905279],[113.832566,22.6904374]]]]},"properties":{"name":"way/1448118552","height":0,"kind":"unknown","label":"缺少可用高度；仅展示轮廓"}},{"type":"Feature","id":"way/1448118553","geometry":{"type":"MultiPolygon","coordinates":[[[[113.8324437,22.6899438],[113.83255,22.6898838],[113.8326101,22.6899742],[113.8325037,22.6900343],[113.8324437,22.6899438]]]]},"properties":{"name":"way/1448118553","height":0,"kind":"unknown","label":"缺少可用高度；仅展示轮廓"}},{"type":"Feature","id":"way/1448118554","geometry":{"type":"MultiPolygon","coordinates":[[[[113.8330793,22.6912116],[113.8331856,22.6911517],[113.8332457,22.6912421],[113.8331393,22.6913021],[113.8330793,22.6912116]]]]},"properties":{"name":"way/1448118554","height":0,"kind":"unknown","label":"缺少可用高度；仅展示轮廓"}},{"type":"Feature","id":"way/1448118555","geometry":{"type":"MultiPolygon","coordinates":[[[[113.8329889,22.6910752],[113.833095,22.6910153],[113.8331551,22.6911057],[113.8330488,22.6911657],[113.8329889,22.6910752]]]]},"properties":{"name":"way/1448118555","height":0,"kind":"unknown","label":"缺少可用高度；仅展示轮廓"}},{"type":"Feature","id":"way/1448118556","geometry":{"type":"MultiPolygon","coordinates":[[[[113.8323532,22.6898073],[113.8324594,22.6897474],[113.8325195,22.6898379],[113.8324132,22.6898978],[113.8323532,22.6898073]]]]},"properties":{"name":"way/1448118556","height":0,"kind":"unknown","label":"缺少可用高度；仅展示轮廓"}},{"type":"Feature","id":"way/1448118557","geometry":{"type":"MultiPolygon","coordinates":[[[[113.8328984,22.6909387],[113.8330045,22.6908789],[113.8330645,22.6909693],[113.8329584,22.6910292],[113.8328984,22.6909387]]]]},"properties":{"name":"way/1448118557","height":0,"kind":"unknown","label":"缺少可用高度；仅展示轮廓"}},{"type":"Feature","id":"way/1448118558","geometry":{"type":"MultiPolygon","coordinates":[[[[113.8328079,22.6908023],[113.8329139,22.6907425],[113.8329739,22.6908329],[113.8328679,22.6908927],[113.8328079,22.6908023]]]]},"properties":{"name":"way/1448118558","height":0,"kind":"unknown","label":"缺少可用高度；仅展示轮廓"}},{"type":"Feature","id":"way/1448118559","geometry":{"type":"MultiPolygon","coordinates":[[[[113.8327175,22.6906658],[113.8328233,22.6906061],[113.8328833,22.6906965],[113.8327775,22.6907563],[113.8327175,22.6906658]]]]},"properties":{"name":"way/1448118559","height":0,"kind":"unknown","label":"缺少可用高度；仅展示轮廓"}},{"type":"Feature","id":"way/1448118560","geometry":{"type":"MultiPolygon","coordinates":[[[[113.8333188,22.6912639],[113.8334253,22.6912038],[113.8334854,22.6912942],[113.8333788,22.6913543],[113.8333188,22.6912639]]]]},"properties":{"name":"way/1448118560","height":0,"kind":"unknown","label":"缺少可用高度；仅展示轮廓"}},{"type":"Feature","id":"way/1448118561","geometry":{"type":"MultiPolygon","coordinates":[[[[113.8332284,22.6911274],[113.8333347,22.6910674],[113.8333948,22.6911578],[113.8332884,22.6912179],[113.8332284,22.6911274]]]]},"properties":{"name":"way/1448118561","height":0,"kind":"unknown","label":"缺少可用高度；仅展示轮廓"}},{"type":"Feature","id":"way/1448118562","geometry":{"type":"MultiPolygon","coordinates":[[[[113.8331379,22.6909909],[113.8332441,22.690931],[113.8333042,22.6910215],[113.8331979,22.6910814],[113.8331379,22.6909909]]]]},"properties":{"name":"way/1448118562","height":0,"kind":"unknown","label":"缺少可用高度；仅展示轮廓"}},{"type":"Feature","id":"way/1448118563","geometry":{"type":"MultiPolygon","coordinates":[[[[113.8328666,22.6905816],[113.8329723,22.6905219],[113.8330324,22.6906123],[113.8329265,22.690672],[113.8328666,22.6905816]]]]},"properties":{"name":"way/1448118563","height":0,"kind":"unknown","label":"缺少可用高度；仅展示轮廓"}},{"type":"Feature","id":"way/1448118564","geometry":{"type":"MultiPolygon","coordinates":[[[[113.8330475,22.6908545],[113.8331535,22.6907946],[113.8332136,22.6908851],[113.8331074,22.690945],[113.8330475,22.6908545]]]]},"properties":{"name":"way/1448118564","height":0,"kind":"unknown","label":"缺少可用高度；仅展示轮廓"}},{"type":"Feature","id":"way/1448118565","geometry":{"type":"MultiPolygon","coordinates":[[[[113.832957,22.690718],[113.8330629,22.6906583],[113.833123,22.6907487],[113.833017,22.6908085],[113.832957,22.690718]]]]},"properties":{"name":"way/1448118565","height":0,"kind":"unknown","label":"缺少可用高度；仅展示轮廓"}},{"type":"Feature","id":"way/1448118566","geometry":{"type":"MultiPolygon","coordinates":[[[[113.8324755,22.690301],[113.8325821,22.6902408],[113.8326422,22.6903313],[113.8325355,22.6903914],[113.8324755,22.690301]]]]},"properties":{"name":"way/1448118566","height":0,"kind":"unknown","label":"缺少可用高度；仅展示轮廓"}},{"type":"Feature","id":"way/1448118567","geometry":{"type":"MultiPolygon","coordinates":[[[[113.8323851,22.6901645],[113.8324915,22.6901044],[113.8325516,22.6901949],[113.8324451,22.690255],[113.8323851,22.6901645]]]]},"properties":{"name":"way/1448118567","height":0,"kind":"unknown","label":"缺少可用高度；仅展示轮廓"}},{"type":"Feature","id":"way/1448118568","geometry":{"type":"MultiPolygon","coordinates":[[[[113.8322946,22.690028],[113.8324009,22.689968],[113.832461,22.6900585],[113.8323546,22.6901185],[113.8322946,22.690028]]]]},"properties":{"name":"way/1448118568","height":0,"kind":"unknown","label":"缺少可用高度；仅展示轮廓"}},{"type":"Feature","id":"way/1448118569","geometry":{"type":"MultiPolygon","coordinates":[[[[113.8322042,22.6898916],[113.8323104,22.6898317],[113.8323704,22.6899221],[113.8322641,22.6899821],[113.8322042,22.6898916]]]]},"properties":{"name":"way/1448118569","height":0,"kind":"unknown","label":"缺少可用高度；仅展示轮廓"}},{"type":"Feature","id":"way/1448118570","geometry":{"type":"MultiPolygon","coordinates":[[[[113.8327151,22.6903532],[113.8328218,22.690293],[113.8328819,22.6903834],[113.832775,22.6904437],[113.8327151,22.6903532]]]]},"properties":{"name":"way/1448118570","height":0,"kind":"unknown","label":"缺少可用高度；仅展示轮廓"}},{"type":"Feature","id":"way/1448118571","geometry":{"type":"MultiPolygon","coordinates":[[[[113.8326246,22.6902167],[113.8327312,22.6901566],[113.8327913,22.690247],[113.8326846,22.6903072],[113.8326246,22.6902167]]]]},"properties":{"name":"way/1448118571","height":0,"kind":"unknown","label":"缺少可用高度；仅展示轮廓"}},{"type":"Feature","id":"way/1448118572","geometry":{"type":"MultiPolygon","coordinates":[[[[113.8325341,22.6900803],[113.8326406,22.6900202],[113.8327007,22.6901106],[113.8325941,22.6901707],[113.8325341,22.6900803]]]]},"properties":{"name":"way/1448118572","height":0,"kind":"unknown","label":"缺少可用高度；仅展示轮廓"}},{"type":"Feature","id":"way/1448118576","geometry":{"type":"MultiPolygon","coordinates":[[[[113.8315422,22.6905946],[113.8316486,22.6905346],[113.8316741,22.690573],[113.8316912,22.6905633],[113.8317295,22.6906209],[113.8317124,22.6906306],[113.831721,22.6906435],[113.8316145,22.6907037],[113.8315422,22.6905946]]]]},"properties":{"name":"way/1448118576","height":0,"kind":"unknown","label":"缺少可用高度；仅展示轮廓"}},{"type":"Feature","id":"way/1448118577","geometry":{"type":"MultiPolygon","coordinates":[[[[113.8312529,22.690293],[113.8314783,22.6901658],[113.8316103,22.6903646],[113.8313847,22.6904919],[113.8312529,22.690293]]]]},"properties":{"name":"way/1448118577","height":0,"kind":"unknown","label":"缺少可用高度；仅展示轮廓"}},{"type":"Feature","id":"way/1448118578","geometry":{"type":"MultiPolygon","coordinates":[[[[113.831788,22.6905017],[113.8318945,22.6904417],[113.8319546,22.6905321],[113.831848,22.6905922],[113.831788,22.6905017]]]]},"properties":{"name":"way/1448118578","height":0,"kind":"unknown","label":"缺少可用高度；仅展示轮廓"}},{"type":"Feature","id":"way/1448118579","geometry":{"type":"MultiPolygon","coordinates":[[[[113.8316976,22.6903653],[113.8318039,22.6903053],[113.831864,22.6903957],[113.8317576,22.6904557],[113.8316976,22.6903653]]]]},"properties":{"name":"way/1448118579","height":0,"kind":"unknown","label":"缺少可用高度；仅展示轮廓"}},{"type":"Feature","id":"way/1448118580","geometry":{"type":"MultiPolygon","coordinates":[[[[113.8316071,22.6902288],[113.8317133,22.6901689],[113.8317734,22.6902593],[113.8316671,22.6903193],[113.8316071,22.6902288]]]]},"properties":{"name":"way/1448118580","height":0,"kind":"unknown","label":"缺少可用高度；仅展示轮廓"}},{"type":"Feature","id":"way/1448118581","geometry":{"type":"MultiPolygon","coordinates":[[[[113.8333553,22.6899922],[113.833462,22.689932],[113.8335221,22.6900224],[113.8334153,22.6900827],[113.8333553,22.6899922]]]]},"properties":{"name":"way/1448118581","height":0,"kind":"unknown","label":"缺少可用高度；仅展示轮廓"}},{"type":"Feature","id":"way/1448118582","geometry":{"type":"MultiPolygon","coordinates":[[[[113.8330839,22.6895828],[113.8331902,22.6895228],[113.8332503,22.6896132],[113.8331439,22.6896733],[113.8330839,22.6895828]]]]},"properties":{"name":"way/1448118582","height":0,"kind":"unknown","label":"缺少可用高度；仅展示轮廓"}},{"type":"Feature","id":"way/1448118583","geometry":{"type":"MultiPolygon","coordinates":[[[[113.8329934,22.6894463],[113.8330996,22.6893864],[113.8331597,22.6894768],[113.8330534,22.6895368],[113.8329934,22.6894463]]]]},"properties":{"name":"way/1448118583","height":0,"kind":"unknown","label":"缺少可用高度；仅展示轮廓"}},{"type":"Feature","id":"way/1448118584","geometry":{"type":"MultiPolygon","coordinates":[[[[113.832903,22.6893099],[113.833009,22.68925],[113.8330691,22.6893405],[113.832963,22.6894004],[113.832903,22.6893099]]]]},"properties":{"name":"way/1448118584","height":0,"kind":"unknown","label":"缺少可用高度；仅展示轮廓"}},{"type":"Feature","id":"way/1448118585","geometry":{"type":"MultiPolygon","coordinates":[[[[113.8328125,22.6891734],[113.8329185,22.6891136],[113.8329785,22.6892041],[113.8328725,22.6892639],[113.8328125,22.6891734]]]]},"properties":{"name":"way/1448118585","height":0,"kind":"unknown","label":"缺少可用高度；仅展示轮廓"}},{"type":"Feature","id":"way/1448118586","geometry":{"type":"MultiPolygon","coordinates":[[[[113.8327221,22.6890369],[113.8328279,22.6889772],[113.8328879,22.6890677],[113.8327821,22.6891274],[113.8327221,22.6890369]]]]},"properties":{"name":"way/1448118586","height":0,"kind":"unknown","label":"缺少可用高度；仅展示轮廓"}},{"type":"Feature","id":"way/1448118587","geometry":{"type":"MultiPolygon","coordinates":[[[[113.8330592,22.6904729],[113.833165,22.6904132],[113.8332251,22.6905036],[113.8331192,22.6905633],[113.8330592,22.6904729]]]]},"properties":{"name":"way/1448118587","height":0,"kind":"unknown","label":"缺少可用高度；仅展示轮廓"}},{"type":"Feature","id":"way/1448118588","geometry":{"type":"MultiPolygon","coordinates":[[[[113.8318468,22.6902807],[113.8319531,22.6902207],[113.8320132,22.6903111],[113.8319067,22.6903712],[113.8318468,22.6902807]]]]},"properties":{"name":"way/1448118588","height":0,"kind":"unknown","label":"缺少可用高度；仅展示轮廓"}},{"type":"Feature","id":"way/1448118589","geometry":{"type":"MultiPolygon","coordinates":[[[[113.8317563,22.6901442],[113.8318625,22.6900843],[113.8319226,22.6901748],[113.8318163,22.6902347],[113.8317563,22.6901442]]]]},"properties":{"name":"way/1448118589","height":0,"kind":"unknown","label":"缺少可用高度；仅展示轮廓"}},{"type":"Feature","id":"way/1448118590","geometry":{"type":"MultiPolygon","coordinates":[[[[113.8322675,22.6906059],[113.8323742,22.6905457],[113.8324343,22.6906361],[113.8323275,22.6906964],[113.8322675,22.6906059]]]]},"properties":{"name":"way/1448118590","height":0,"kind":"unknown","label":"缺少可用高度；仅展示轮廓"}},{"type":"Feature","id":"way/1448118591","geometry":{"type":"MultiPolygon","coordinates":[[[[113.8321771,22.6904694],[113.8322836,22.6904093],[113.8323437,22.6904997],[113.832237,22.6905599],[113.8321771,22.6904694]]]]},"properties":{"name":"way/1448118591","height":0,"kind":"unknown","label":"缺少可用高度；仅展示轮廓"}},{"type":"Feature","id":"way/1448118592","geometry":{"type":"MultiPolygon","coordinates":[[[[113.8320866,22.690333],[113.8321931,22.6902729],[113.8322531,22.6903634],[113.8321466,22.6904235],[113.8320866,22.690333]]]]},"properties":{"name":"way/1448118592","height":0,"kind":"unknown","label":"缺少可用高度；仅展示轮廓"}},{"type":"Feature","id":"way/1448118593","geometry":{"type":"MultiPolygon","coordinates":[[[[113.8319961,22.6901965],[113.8321025,22.6901365],[113.8321625,22.690227],[113.8320561,22.690287],[113.8319961,22.6901965]]]]},"properties":{"name":"way/1448118593","height":0,"kind":"unknown","label":"缺少可用高度；仅展示轮廓"}},{"type":"Feature","id":"way/1448118594","geometry":{"type":"MultiPolygon","coordinates":[[[[113.8319057,22.6900601],[113.8320119,22.6900001],[113.8320719,22.6900906],[113.8319657,22.6901505],[113.8319057,22.6900601]]]]},"properties":{"name":"way/1448118594","height":0,"kind":"unknown","label":"缺少可用高度；仅展示轮廓"}},{"type":"Feature","id":"way/1448118595","geometry":{"type":"MultiPolygon","coordinates":[[[[113.8335115,22.6911552],[113.8336179,22.6910951],[113.833678,22.6911855],[113.8335715,22.6912457],[113.8335115,22.6911552]]]]},"properties":{"name":"way/1448118595","height":0,"kind":"unknown","label":"缺少可用高度；仅展示轮廓"}},{"type":"Feature","id":"way/1448118596","geometry":{"type":"MultiPolygon","coordinates":[[[[113.833421,22.6910187],[113.8335274,22.6909587],[113.8335874,22.6910492],[113.833481,22.6911092],[113.833421,22.6910187]]]]},"properties":{"name":"way/1448118596","height":0,"kind":"unknown","label":"缺少可用高度；仅展示轮廓"}},{"type":"Feature","id":"way/1448118597","geometry":{"type":"MultiPolygon","coordinates":[[[[113.8324166,22.6905217],[113.8325233,22.6904615],[113.8325834,22.6905519],[113.8324766,22.6906122],[113.8324166,22.6905217]]]]},"properties":{"name":"way/1448118597","height":0,"kind":"unknown","label":"缺少可用高度；仅展示轮廓"}},{"type":"Feature","id":"way/1448118598","geometry":{"type":"MultiPolygon","coordinates":[[[[113.8323261,22.6903852],[113.8324327,22.6903251],[113.8324928,22.6904155],[113.8323861,22.6904757],[113.8323261,22.6903852]]]]},"properties":{"name":"way/1448118598","height":0,"kind":"unknown","label":"缺少可用高度；仅展示轮廓"}},{"type":"Feature","id":"way/1448118599","geometry":{"type":"MultiPolygon","coordinates":[[[[113.8333306,22.6908823],[113.8334368,22.6908223],[113.8334968,22.6909128],[113.8333906,22.6909727],[113.8333306,22.6908823]]]]},"properties":{"name":"way/1448118599","height":0,"kind":"unknown","label":"缺少可用高度；仅展示轮廓"}},{"type":"Feature","id":"way/1448118600","geometry":{"type":"MultiPolygon","coordinates":[[[[113.8322357,22.6902488],[113.8323421,22.6901887],[113.8324022,22.6902791],[113.8322956,22.6903392],[113.8322357,22.6902488]]]]},"properties":{"name":"way/1448118600","height":0,"kind":"unknown","label":"缺少可用高度；仅展示轮廓"}},{"type":"Feature","id":"way/1448118601","geometry":{"type":"MultiPolygon","coordinates":[[[[113.8321452,22.6901123],[113.8322515,22.6900523],[113.8323116,22.6901427],[113.8322052,22.6902028],[113.8321452,22.6901123]]]]},"properties":{"name":"way/1448118601","height":0,"kind":"unknown","label":"缺少可用高度；仅展示轮廓"}},{"type":"Feature","id":"way/1448118602","geometry":{"type":"MultiPolygon","coordinates":[[[[113.8331497,22.6906093],[113.8332556,22.6905496],[113.8333157,22.69064],[113.8332096,22.6906998],[113.8331497,22.6906093]]]]},"properties":{"name":"way/1448118602","height":0,"kind":"unknown","label":"缺少可用高度；仅展示轮廓"}},{"type":"Feature","id":"way/1448118603","geometry":{"type":"MultiPolygon","coordinates":[[[[113.8320548,22.6899758],[113.8321609,22.6899159],[113.832221,22.6900063],[113.8321147,22.6900663],[113.8320548,22.6899758]]]]},"properties":{"name":"way/1448118603","height":0,"kind":"unknown","label":"缺少可用高度；仅展示轮廓"}},{"type":"Feature","id":"way/1448118604","geometry":{"type":"MultiPolygon","coordinates":[[[[113.8320812,22.6910252],[113.8322262,22.6909433],[113.8323276,22.6910959],[113.8322733,22.6911266],[113.8322909,22.6911532],[113.8322229,22.6911916],[113.8321782,22.6911241],[113.832166,22.691131],[113.8321286,22.6910747],[113.832118,22.6910807],[113.8320812,22.6910252]]]]},"properties":{"name":"way/1448118604","height":0,"kind":"unknown","label":"缺少可用高度；仅展示轮廓"}},{"type":"Feature","id":"way/1448118605","geometry":{"type":"MultiPolygon","coordinates":[[[[113.8320556,22.6907255],[113.8322248,22.6906298],[113.8322849,22.6907202],[113.8321157,22.6908159],[113.8320556,22.6907255]]]]},"properties":{"name":"way/1448118605","height":0,"kind":"unknown","label":"缺少可用高度；仅展示轮廓"}},{"type":"Feature","id":"way/1448118606","geometry":{"type":"MultiPolygon","coordinates":[[[[113.831965,22.6905891],[113.8321342,22.6904934],[113.8321943,22.6905838],[113.8320251,22.6906795],[113.831965,22.6905891]]]]},"properties":{"name":"way/1448118606","height":0,"kind":"unknown","label":"缺少可用高度；仅展示轮廓"}},{"type":"Feature","id":"way/1448118607","geometry":{"type":"MultiPolygon","coordinates":[[[[113.8319372,22.6904172],[113.8320437,22.6903571],[113.8321037,22.6904475],[113.8319972,22.6905076],[113.8319372,22.6904172]]]]},"properties":{"name":"way/1448118607","height":0,"kind":"unknown","label":"缺少可用高度；仅展示轮廓"}},{"type":"Feature","id":"way/1448118608","geometry":{"type":"MultiPolygon","coordinates":[[[[113.8337781,22.6906299],[113.8338843,22.69057],[113.8339444,22.6906605],[113.8338381,22.6907204],[113.8337781,22.6906299]]]]},"properties":{"name":"way/1448118608","height":0,"kind":"unknown","label":"缺少可用高度；仅展示轮廓"}},{"type":"Feature","id":"way/1448118609","geometry":{"type":"MultiPolygon","coordinates":[[[[113.8336877,22.6904935],[113.8337937,22.6904336],[113.8338538,22.6905241],[113.8337477,22.690584],[113.8336877,22.6904935]]]]},"properties":{"name":"way/1448118609","height":0,"kind":"unknown","label":"缺少可用高度；仅展示轮廓"}},{"type":"Feature","id":"way/1448118610","geometry":{"type":"MultiPolygon","coordinates":[[[[113.8335972,22.690357],[113.8337031,22.6902973],[113.8337632,22.6903877],[113.8336572,22.6904475],[113.8335972,22.690357]]]]},"properties":{"name":"way/1448118610","height":0,"kind":"unknown","label":"缺少可用高度；仅展示轮廓"}},{"type":"Feature","id":"way/1448118611","geometry":{"type":"MultiPolygon","coordinates":[[[[113.8335068,22.6902206],[113.8336126,22.6901609],[113.8336726,22.6902513],[113.8335667,22.690311],[113.8335068,22.6902206]]]]},"properties":{"name":"way/1448118611","height":0,"kind":"unknown","label":"缺少可用高度；仅展示轮廓"}},{"type":"Feature","id":"way/1448118612","geometry":{"type":"MultiPolygon","coordinates":[[[[113.8336606,22.6910713],[113.8337671,22.6910112],[113.8338271,22.6911016],[113.8337206,22.6911618],[113.8336606,22.6910713]]]]},"properties":{"name":"way/1448118612","height":0,"kind":"unknown","label":"缺少可用高度；仅展示轮廓"}},{"type":"Feature","id":"way/1448118613","geometry":{"type":"MultiPolygon","coordinates":[[[[113.8335702,22.6909348],[113.8336765,22.6908748],[113.8337365,22.6909653],[113.8336301,22.6910253],[113.8335702,22.6909348]]]]},"properties":{"name":"way/1448118613","height":0,"kind":"unknown","label":"缺少可用高度；仅展示轮廓"}},{"type":"Feature","id":"way/1448118614","geometry":{"type":"MultiPolygon","coordinates":[[[[113.8325681,22.6907501],[113.8326739,22.6906904],[113.8327339,22.6907808],[113.832628,22.6908405],[113.8325681,22.6907501]]]]},"properties":{"name":"way/1448118614","height":0,"kind":"unknown","label":"缺少可用高度；仅展示轮廓"}},{"type":"Feature","id":"way/1448118615","geometry":{"type":"MultiPolygon","coordinates":[[[[113.8334797,22.6907984],[113.8335859,22.6907384],[113.833646,22.6908289],[113.8335397,22.6908888],[113.8334797,22.6907984]]]]},"properties":{"name":"way/1448118615","height":0,"kind":"unknown","label":"缺少可用高度；仅展示轮廓"}},{"type":"Feature","id":"way/1448118616","geometry":{"type":"MultiPolygon","coordinates":[[[[113.8333892,22.6906619],[113.8334953,22.690602],[113.8335554,22.6906925],[113.8334492,22.6907524],[113.8333892,22.6906619]]]]},"properties":{"name":"way/1448118616","height":0,"kind":"unknown","label":"缺少可用高度；仅展示轮廓"}},{"type":"Feature","id":"way/1448118617","geometry":{"type":"MultiPolygon","coordinates":[[[[113.8329077,22.6902445],[113.8330144,22.6901843],[113.8330745,22.6902747],[113.8329677,22.690335],[113.8329077,22.6902445]]]]},"properties":{"name":"way/1448118617","height":0,"kind":"unknown","label":"缺少可用高度；仅展示轮廓"}},{"type":"Feature","id":"way/1448118618","geometry":{"type":"MultiPolygon","coordinates":[[[[113.8326139,22.6915084],[113.8327202,22.6914485],[113.8327803,22.6915389],[113.8326739,22.6915989],[113.8326139,22.6915084]]]]},"properties":{"name":"way/1448118618","height":0,"kind":"unknown","label":"缺少可用高度；仅展示轮廓"}},{"type":"Feature","id":"way/1448118619","geometry":{"type":"MultiPolygon","coordinates":[[[[113.8328173,22.690108],[113.8329238,22.6900479],[113.8329839,22.6901383],[113.8328772,22.6901985],[113.8328173,22.690108]]]]},"properties":{"name":"way/1448118619","height":0,"kind":"unknown","label":"缺少可用高度；仅展示轮廓"}},{"type":"Feature","id":"way/1448118620","geometry":{"type":"MultiPolygon","coordinates":[[[[113.8327268,22.6899716],[113.8328333,22.6899115],[113.8328933,22.6900019],[113.8327868,22.690062],[113.8327268,22.6899716]]]]},"properties":{"name":"way/1448118620","height":0,"kind":"unknown","label":"缺少可用高度；仅展示轮廓"}},{"type":"Feature","id":"way/1448118621","geometry":{"type":"MultiPolygon","coordinates":[[[[113.8332988,22.6905254],[113.8334047,22.6904657],[113.8334648,22.6905561],[113.8333588,22.6906159],[113.8332988,22.6905254]]]]},"properties":{"name":"way/1448118621","height":0,"kind":"unknown","label":"缺少可用高度；仅展示轮廓"}},{"type":"Feature","id":"way/1448118622","geometry":{"type":"MultiPolygon","coordinates":[[[[113.8325193,22.6912596],[113.8325924,22.6912183],[113.8327041,22.6913863],[113.8325801,22.6914563],[113.8325267,22.6913757],[113.8325773,22.6913471],[113.8325193,22.6912596]]]]},"properties":{"name":"way/1448118622","height":0,"kind":"unknown","label":"缺少可用高度；仅展示轮廓"}},{"type":"Feature","id":"way/1448118623","geometry":{"type":"MultiPolygon","coordinates":[[[[113.8332083,22.690389],[113.8333141,22.6903293],[113.8333742,22.6904197],[113.8332683,22.6904794],[113.8332083,22.690389]]]]},"properties":{"name":"way/1448118623","height":0,"kind":"unknown","label":"缺少可用高度；仅展示轮廓"}},{"type":"Feature","id":"way/1448118624","geometry":{"type":"MultiPolygon","coordinates":[[[[113.8324554,22.6895622],[113.8325615,22.6895023],[113.8326215,22.6895928],[113.8325154,22.6896527],[113.8324554,22.6895622]]]]},"properties":{"name":"way/1448118624","height":0,"kind":"unknown","label":"缺少可用高度；仅展示轮廓"}},{"type":"Feature","id":"way/1448118625","geometry":{"type":"MultiPolygon","coordinates":[[[[113.832365,22.6894257],[113.8324709,22.6893659],[113.832531,22.6894564],[113.8324249,22.6895162],[113.832365,22.6894257]]]]},"properties":{"name":"way/1448118625","height":0,"kind":"unknown","label":"缺少可用高度；仅展示轮廓"}},{"type":"Feature","id":"way/1448118626","geometry":{"type":"MultiPolygon","coordinates":[[[[113.8323601,22.6910549],[113.832466,22.6909952],[113.8325261,22.6910856],[113.8324201,22.6911454],[113.8323601,22.6910549]]]]},"properties":{"name":"way/1448118626","height":0,"kind":"unknown","label":"缺少可用高度；仅展示轮廓"}},{"type":"Feature","id":"way/1448118627","geometry":{"type":"MultiPolygon","coordinates":[[[[113.8322696,22.6909185],[113.8323754,22.6908588],[113.8324355,22.6909492],[113.8323296,22.6910089],[113.8322696,22.6909185]]]]},"properties":{"name":"way/1448118627","height":0,"kind":"unknown","label":"缺少可用高度；仅展示轮廓"}},{"type":"Feature","id":"way/1448118628","geometry":{"type":"MultiPolygon","coordinates":[[[[113.8328713,22.6915166],[113.8329777,22.6914565],[113.8330378,22.691547],[113.8329313,22.6916071],[113.8328713,22.6915166]]]]},"properties":{"name":"way/1448118628","height":0,"kind":"unknown","label":"缺少可用高度；仅展示轮廓"}},{"type":"Feature","id":"way/1448118629","geometry":{"type":"MultiPolygon","coordinates":[[[[113.8327808,22.6913801],[113.8328872,22.6913201],[113.8329472,22.6914106],[113.8328408,22.6914706],[113.8327808,22.6913801]]]]},"properties":{"name":"way/1448118629","height":0,"kind":"unknown","label":"缺少可用高度；仅展示轮廓"}},{"type":"Feature","id":"way/1448118630","geometry":{"type":"MultiPolygon","coordinates":[[[[113.8326904,22.6912437],[113.8327966,22.6911838],[113.8328566,22.6912742],[113.8327504,22.6913341],[113.8326904,22.6912437]]]]},"properties":{"name":"way/1448118630","height":0,"kind":"unknown","label":"缺少可用高度；仅展示轮廓"}},{"type":"Feature","id":"way/1448118631","geometry":{"type":"MultiPolygon","coordinates":[[[[113.8325095,22.6909707],[113.8326154,22.690911],[113.8326755,22.6910014],[113.8325694,22.6910612],[113.8325095,22.6909707]]]]},"properties":{"name":"way/1448118631","height":0,"kind":"unknown","label":"缺少可用高度；仅展示轮廓"}},{"type":"Feature","id":"way/1448118632","geometry":{"type":"MultiPolygon","coordinates":[[[[113.832419,22.6908343],[113.8325248,22.6907746],[113.8325849,22.690865],[113.832479,22.6909248],[113.832419,22.6908343]]]]},"properties":{"name":"way/1448118632","height":0,"kind":"unknown","label":"缺少可用高度；仅展示轮廓"}},{"type":"Feature","id":"way/1448118633","geometry":{"type":"MultiPolygon","coordinates":[[[[113.8330204,22.6914324],[113.8331268,22.6913723],[113.8331869,22.6914627],[113.8330803,22.6915228],[113.8330204,22.6914324]]]]},"properties":{"name":"way/1448118633","height":0,"kind":"unknown","label":"缺少可用高度；仅展示轮廓"}},{"type":"Feature","id":"way/1448118634","geometry":{"type":"MultiPolygon","coordinates":[[[[113.8329299,22.6912959],[113.8330362,22.6912359],[113.8330963,22.6913263],[113.8329899,22.6913864],[113.8329299,22.6912959]]]]},"properties":{"name":"way/1448118634","height":0,"kind":"unknown","label":"缺少可用高度；仅展示轮廓"}},{"type":"Feature","id":"way/1448118635","geometry":{"type":"MultiPolygon","coordinates":[[[[113.8328394,22.6911594],[113.8329456,22.6910995],[113.8330057,22.6911899],[113.8328994,22.6912499],[113.8328394,22.6911594]]]]},"properties":{"name":"way/1448118635","height":0,"kind":"unknown","label":"缺少可用高度；仅展示轮廓"}},{"type":"Feature","id":"way/1448118636","geometry":{"type":"MultiPolygon","coordinates":[[[[113.8336291,22.6907142],[113.8337353,22.6906543],[113.8337953,22.6907447],[113.833689,22.6908047],[113.8336291,22.6907142]]]]},"properties":{"name":"way/1448118636","height":0,"kind":"unknown","label":"缺少可用高度；仅展示轮廓"}},{"type":"Feature","id":"way/1448118637","geometry":{"type":"MultiPolygon","coordinates":[[[[113.8335386,22.6905777],[113.8336447,22.6905179],[113.8337047,22.6906083],[113.8335986,22.6906682],[113.8335386,22.6905777]]]]},"properties":{"name":"way/1448118637","height":0,"kind":"unknown","label":"缺少可用高度；仅展示轮廓"}},{"type":"Feature","id":"way/1448118638","geometry":{"type":"MultiPolygon","coordinates":[[[[113.832749,22.691023],[113.832855,22.6909631],[113.8329151,22.6910536],[113.832809,22.6911135],[113.832749,22.691023]]]]},"properties":{"name":"way/1448118638","height":0,"kind":"unknown","label":"缺少可用高度；仅展示轮廓"}},{"type":"Feature","id":"way/1448118639","geometry":{"type":"MultiPolygon","coordinates":[[[[113.8334482,22.6904413],[113.8335541,22.6903815],[113.8336141,22.6904719],[113.8335081,22.6905317],[113.8334482,22.6904413]]]]},"properties":{"name":"way/1448118639","height":0,"kind":"unknown","label":"缺少可用高度；仅展示轮廓"}},{"type":"Feature","id":"way/1448118640","geometry":{"type":"MultiPolygon","coordinates":[[[[113.8326585,22.6908865],[113.8327645,22.6908267],[113.8328245,22.6909172],[113.8327185,22.690977],[113.8326585,22.6908865]]]]},"properties":{"name":"way/1448118640","height":0,"kind":"unknown","label":"缺少可用高度；仅展示轮廓"}},{"type":"Feature","id":"way/1448118641","geometry":{"type":"MultiPolygon","coordinates":[[[[113.8333577,22.6903048],[113.8334635,22.6902451],[113.8335236,22.6903355],[113.8334177,22.6903953],[113.8333577,22.6903048]]]]},"properties":{"name":"way/1448118641","height":0,"kind":"unknown","label":"缺少可用高度；仅展示轮廓"}},{"type":"Feature","id":"way/1448118642","geometry":{"type":"MultiPolygon","coordinates":[[[[113.8330568,22.6901606],[113.8331636,22.6901004],[113.8332236,22.6901908],[113.8331168,22.6902511],[113.8330568,22.6901606]]]]},"properties":{"name":"way/1448118642","height":0,"kind":"unknown","label":"缺少可用高度；仅展示轮廓"}},{"type":"Feature","id":"way/1448118643","geometry":{"type":"MultiPolygon","coordinates":[[[[113.8329664,22.6900241],[113.833073,22.689964],[113.833133,22.6900544],[113.8330264,22.6901146],[113.8329664,22.6900241]]]]},"properties":{"name":"way/1448118643","height":0,"kind":"unknown","label":"缺少可用高度；仅展示轮廓"}},{"type":"Feature","id":"way/1448118644","geometry":{"type":"MultiPolygon","coordinates":[[[[113.8326045,22.6894783],[113.8327106,22.6894184],[113.8327707,22.6895089],[113.8326645,22.6895688],[113.8326045,22.6894783]]]]},"properties":{"name":"way/1448118644","height":0,"kind":"unknown","label":"缺少可用高度；仅展示轮廓"}},{"type":"Feature","id":"way/1448118645","geometry":{"type":"MultiPolygon","coordinates":[[[[113.8325141,22.6893418],[113.83262,22.689282],[113.8326801,22.6893725],[113.8325741,22.6894323],[113.8325141,22.6893418]]]]},"properties":{"name":"way/1448118645","height":0,"kind":"unknown","label":"缺少可用高度；仅展示轮廓"}},{"type":"Feature","id":"way/1448118646","geometry":{"type":"MultiPolygon","coordinates":[[[[113.8332062,22.6900764],[113.8333129,22.6900162],[113.833373,22.6901066],[113.8332662,22.6901669],[113.8332062,22.6900764]]]]},"properties":{"name":"way/1448118646","height":0,"kind":"unknown","label":"缺少可用高度；仅展示轮廓"}},{"type":"Feature","id":"way/1448118647","geometry":{"type":"MultiPolygon","coordinates":[[[[113.8331158,22.68994],[113.8332223,22.6898798],[113.8332824,22.6899702],[113.8331757,22.6900304],[113.8331158,22.68994]]]]},"properties":{"name":"way/1448118647","height":0,"kind":"unknown","label":"缺少可用高度；仅展示轮廓"}},{"type":"Feature","id":"way/1448118648","geometry":{"type":"MultiPolygon","coordinates":[[[[113.8327539,22.6893941],[113.83286,22.6893343],[113.83292,22.6894247],[113.8328139,22.6894846],[113.8327539,22.6893941]]]]},"properties":{"name":"way/1448118648","height":0,"kind":"unknown","label":"缺少可用高度；仅展示轮廓"}},{"type":"Feature","id":"way/1448118649","geometry":{"type":"MultiPolygon","coordinates":[[[[113.8326635,22.6892576],[113.8327694,22.6891979],[113.8328295,22.6892883],[113.8327234,22.6893481],[113.8326635,22.6892576]]]]},"properties":{"name":"way/1448118649","height":0,"kind":"unknown","label":"缺少可用高度；仅展示轮廓"}},{"type":"Feature","id":"way/1448118650","geometry":{"type":"MultiPolygon","coordinates":[[[[113.8348971,22.6894353],[113.8350029,22.6893756],[113.8350629,22.689466],[113.8349571,22.6895258],[113.8348971,22.6894353]]]]},"properties":{"name":"way/1448118650","height":0,"kind":"unknown","label":"缺少可用高度；仅展示轮廓"}},{"type":"Feature","id":"way/1448118651","geometry":{"type":"MultiPolygon","coordinates":[[[[113.8349605,22.6901495],[113.8350668,22.6900895],[113.8351269,22.69018],[113.8350205,22.69024],[113.8349605,22.6901495]]]]},"properties":{"name":"way/1448118651","height":0,"kind":"unknown","label":"缺少可用高度；仅展示轮廓"}},{"type":"Feature","id":"way/1448118652","geometry":{"type":"MultiPolygon","coordinates":[[[[113.8346891,22.6897401],[113.834795,22.6896804],[113.8348551,22.6897708],[113.8347491,22.6898306],[113.8346891,22.6897401]]]]},"properties":{"name":"way/1448118652","height":0,"kind":"unknown","label":"缺少可用高度；仅展示轮廓"}},{"type":"Feature","id":"way/1448118653","geometry":{"type":"MultiPolygon","coordinates":[[[[113.8345986,22.6896037],[113.8347044,22.689544],[113.8347645,22.6896344],[113.8346586,22.6896942],[113.8345986,22.6896037]]]]},"properties":{"name":"way/1448118653","height":0,"kind":"unknown","label":"缺少可用高度；仅展示轮廓"}},{"type":"Feature","id":"way/1448118654","geometry":{"type":"MultiPolygon","coordinates":[[[[113.8352003,22.6902018],[113.8353068,22.6901418],[113.8353668,22.6902322],[113.8352603,22.6902923],[113.8352003,22.6902018]]]]},"properties":{"name":"way/1448118654","height":0,"kind":"unknown","label":"缺少可用高度；仅展示轮廓"}},{"type":"Feature","id":"way/1448118655","geometry":{"type":"MultiPolygon","coordinates":[[[[113.8351099,22.6900654],[113.8352162,22.6900054],[113.8352762,22.6900958],[113.8351698,22.6901558],[113.8351099,22.6900654]]]]},"properties":{"name":"way/1448118655","height":0,"kind":"unknown","label":"缺少可用高度；仅展示轮廓"}},{"type":"Feature","id":"way/1448118656","geometry":{"type":"MultiPolygon","coordinates":[[[[113.8348385,22.689656],[113.8349444,22.6895962],[113.8350045,22.6896866],[113.8348985,22.6897465],[113.8348385,22.689656]]]]},"properties":{"name":"way/1448118656","height":0,"kind":"unknown","label":"缺少可用高度；仅展示轮廓"}},{"type":"Feature","id":"way/1448118657","geometry":{"type":"MultiPolygon","coordinates":[[[[113.834748,22.6895195],[113.8348538,22.6894598],[113.8349139,22.6895502],[113.834808,22.68961],[113.834748,22.6895195]]]]},"properties":{"name":"way/1448118657","height":0,"kind":"unknown","label":"缺少可用高度；仅展示轮廓"}},{"type":"Feature","id":"way/1448118658","geometry":{"type":"MultiPolygon","coordinates":[[[[113.8353494,22.6901176],[113.8354558,22.6900575],[113.8355159,22.690148],[113.8354094,22.6902081],[113.8353494,22.6901176]]]]},"properties":{"name":"way/1448118658","height":0,"kind":"unknown","label":"缺少可用高度；仅展示轮廓"}},{"type":"Feature","id":"way/1448118659","geometry":{"type":"MultiPolygon","coordinates":[[[[113.8352589,22.6899811],[113.8353652,22.6899211],[113.8354253,22.6900116],[113.8353189,22.6900716],[113.8352589,22.6899811]]]]},"properties":{"name":"way/1448118659","height":0,"kind":"unknown","label":"缺少可用高度；仅展示轮廓"}},{"type":"Feature","id":"way/1448118660","geometry":{"type":"MultiPolygon","coordinates":[[[[113.8351685,22.6898447],[113.8352747,22.6897847],[113.8353347,22.6898752],[113.8352284,22.6899351],[113.8351685,22.6898447]]]]},"properties":{"name":"way/1448118660","height":0,"kind":"unknown","label":"缺少可用高度；仅展示轮廓"}},{"type":"Feature","id":"way/1448118661","geometry":{"type":"MultiPolygon","coordinates":[[[[113.835078,22.6897082],[113.8351841,22.6896484],[113.8352441,22.6897388],[113.835138,22.6897987],[113.835078,22.6897082]]]]},"properties":{"name":"way/1448118661","height":0,"kind":"unknown","label":"缺少可用高度；仅展示轮廓"}},{"type":"Feature","id":"way/1448118662","geometry":{"type":"MultiPolygon","coordinates":[[[[113.8349875,22.6895717],[113.8350935,22.689512],[113.8351535,22.6896024],[113.8350475,22.6896622],[113.8349875,22.6895717]]]]},"properties":{"name":"way/1448118662","height":0,"kind":"unknown","label":"缺少可用高度；仅展示轮廓"}},{"type":"Feature","id":"way/1448118663","geometry":{"type":"MultiPolygon","coordinates":[[[[113.8350509,22.690286],[113.8351574,22.6902259],[113.8352175,22.6903164],[113.8351109,22.6903765],[113.8350509,22.690286]]]]},"properties":{"name":"way/1448118663","height":0,"kind":"unknown","label":"缺少可用高度；仅展示轮廓"}},{"type":"Feature","id":"way/1448118664","geometry":{"type":"MultiPolygon","coordinates":[[[[113.8339583,22.6899654],[113.8340641,22.6899057],[113.8341242,22.6899962],[113.8340183,22.6900559],[113.8339583,22.6899654]]]]},"properties":{"name":"way/1448118664","height":0,"kind":"unknown","label":"缺少可用高度；仅展示轮廓"}},{"type":"Feature","id":"way/1448118665","geometry":{"type":"MultiPolygon","coordinates":[[[[113.8344106,22.6906477],[113.8345171,22.6905877],[113.8345771,22.6906781],[113.8344706,22.6907382],[113.8344106,22.6906477]]]]},"properties":{"name":"way/1448118665","height":0,"kind":"unknown","label":"缺少可用高度；仅展示轮廓"}},{"type":"Feature","id":"way/1448118666","geometry":{"type":"MultiPolygon","coordinates":[[[[113.8343202,22.6905113],[113.8344265,22.6904513],[113.8344866,22.6905417],[113.8343801,22.6906018],[113.8343202,22.6905113]]]]},"properties":{"name":"way/1448118666","height":0,"kind":"unknown","label":"缺少可用高度；仅展示轮廓"}},{"type":"Feature","id":"way/1448118667","geometry":{"type":"MultiPolygon","coordinates":[[[[113.8342297,22.6903748],[113.8343359,22.6903149],[113.834396,22.6904053],[113.8342897,22.6904653],[113.8342297,22.6903748]]]]},"properties":{"name":"way/1448118667","height":0,"kind":"unknown","label":"缺少可用高度；仅展示轮廓"}},{"type":"Feature","id":"way/1448118668","geometry":{"type":"MultiPolygon","coordinates":[[[[113.8341393,22.6902384],[113.8342453,22.6901785],[113.8343054,22.690269],[113.8341992,22.6903288],[113.8341393,22.6902384]]]]},"properties":{"name":"way/1448118668","height":0,"kind":"unknown","label":"缺少可用高度；仅展示轮廓"}},{"type":"Feature","id":"way/1448118669","geometry":{"type":"MultiPolygon","coordinates":[[[[113.8357969,22.6898653],[113.8359034,22.6898052],[113.8359635,22.6898956],[113.8358569,22.6899558],[113.8357969,22.6898653]]]]},"properties":{"name":"way/1448118669","height":0,"kind":"unknown","label":"缺少可用高度；仅展示轮廓"}},{"type":"Feature","id":"way/1448118670","geometry":{"type":"MultiPolygon","coordinates":[[[[113.8357065,22.6897288],[113.8358128,22.6896688],[113.8358729,22.6897593],[113.8357665,22.6898193],[113.8357065,22.6897288]]]]},"properties":{"name":"way/1448118670","height":0,"kind":"unknown","label":"缺少可用高度；仅展示轮廓"}},{"type":"Feature","id":"way/1448118671","geometry":{"type":"MultiPolygon","coordinates":[[[[113.835616,22.6895924],[113.8357222,22.6895324],[113.8357823,22.6896229],[113.835676,22.6896828],[113.835616,22.6895924]]]]},"properties":{"name":"way/1448118671","height":0,"kind":"unknown","label":"缺少可用高度；仅展示轮廓"}},{"type":"Feature","id":"way/1448118672","geometry":{"type":"MultiPolygon","coordinates":[[[[113.8355256,22.6894559],[113.8356316,22.689396],[113.8356917,22.6894865],[113.8355855,22.6895464],[113.8355256,22.6894559]]]]},"properties":{"name":"way/1448118672","height":0,"kind":"unknown","label":"缺少可用高度；仅展示轮廓"}},{"type":"Feature","id":"way/1448118673","geometry":{"type":"MultiPolygon","coordinates":[[[[113.8354985,22.6900337],[113.835605,22.6899736],[113.835665,22.6900641],[113.8355585,22.6901242],[113.8354985,22.6900337]]]]},"properties":{"name":"way/1448118673","height":0,"kind":"unknown","label":"缺少可用高度；仅展示轮廓"}},{"type":"Feature","id":"way/1448118674","geometry":{"type":"MultiPolygon","coordinates":[[[[113.835408,22.6898972],[113.8355144,22.6898372],[113.8355744,22.6899277],[113.835468,22.6899877],[113.835408,22.6898972]]]]},"properties":{"name":"way/1448118674","height":0,"kind":"unknown","label":"缺少可用高度；仅展示轮廓"}},{"type":"Feature","id":"way/1448118675","geometry":{"type":"MultiPolygon","coordinates":[[[[113.834406,22.6897125],[113.8345117,22.6896528],[113.8345718,22.6897432],[113.8344659,22.6898029],[113.834406,22.6897125]]]]},"properties":{"name":"way/1448118675","height":0,"kind":"unknown","label":"缺少可用高度；仅展示轮廓"}},{"type":"Feature","id":"way/1448118676","geometry":{"type":"MultiPolygon","coordinates":[[[[113.8353176,22.6897608],[113.8354238,22.6897008],[113.8354838,22.6897913],[113.8353776,22.6898512],[113.8353176,22.6897608]]]]},"properties":{"name":"way/1448118676","height":0,"kind":"unknown","label":"缺少可用高度；仅展示轮廓"}},{"type":"Feature","id":"way/1448118677","geometry":{"type":"MultiPolygon","coordinates":[[[[113.8352271,22.6896243],[113.8353332,22.6895645],[113.8353933,22.6896549],[113.8352871,22.6897148],[113.8352271,22.6896243]]]]},"properties":{"name":"way/1448118677","height":0,"kind":"unknown","label":"缺少可用高度；仅展示轮廓"}},{"type":"Feature","id":"way/1448118678","geometry":{"type":"MultiPolygon","coordinates":[[[[113.8344693,22.6904267],[113.8345757,22.6903667],[113.8346357,22.6904572],[113.8345293,22.6905172],[113.8344693,22.6904267]]]]},"properties":{"name":"way/1448118678","height":0,"kind":"unknown","label":"缺少可用高度；仅展示轮廓"}},{"type":"Feature","id":"way/1448118679","geometry":{"type":"MultiPolygon","coordinates":[[[[113.8351367,22.6894878],[113.8352426,22.6894281],[113.8353027,22.6895185],[113.8351966,22.6895783],[113.8351367,22.6894878]]]]},"properties":{"name":"way/1448118679","height":0,"kind":"unknown","label":"缺少可用高度；仅展示轮廓"}},{"type":"Feature","id":"way/1448118680","geometry":{"type":"MultiPolygon","coordinates":[[[[113.8343789,22.6902903],[113.8344851,22.6902303],[113.8345451,22.6903208],[113.8344389,22.6903807],[113.8343789,22.6902903]]]]},"properties":{"name":"way/1448118680","height":0,"kind":"unknown","label":"缺少可用高度；仅展示轮廓"}},{"type":"Feature","id":"way/1448118681","geometry":{"type":"MultiPolygon","coordinates":[[[[113.8350462,22.6893514],[113.835152,22.6892917],[113.8352121,22.6893821],[113.8351062,22.6894419],[113.8350462,22.6893514]]]]},"properties":{"name":"way/1448118681","height":0,"kind":"unknown","label":"缺少可用高度；仅展示轮廓"}},{"type":"Feature","id":"way/1448118682","geometry":{"type":"MultiPolygon","coordinates":[[[[113.8342884,22.6901538],[113.8343945,22.690094],[113.8344546,22.6901844],[113.8343484,22.6902443],[113.8342884,22.6901538]]]]},"properties":{"name":"way/1448118682","height":0,"kind":"unknown","label":"缺少可用高度；仅展示轮廓"}},{"type":"Feature","id":"way/1448118683","geometry":{"type":"MultiPolygon","coordinates":[[[[113.834198,22.6900173],[113.8343039,22.6899576],[113.834364,22.690048],[113.834258,22.6901078],[113.834198,22.6900173]]]]},"properties":{"name":"way/1448118683","height":0,"kind":"unknown","label":"缺少可用高度；仅展示轮廓"}},{"type":"Feature","id":"way/1448118684","geometry":{"type":"MultiPolygon","coordinates":[[[[113.8341075,22.6898809],[113.8342133,22.6898212],[113.8342734,22.6899116],[113.8341675,22.6899714],[113.8341075,22.6898809]]]]},"properties":{"name":"way/1448118684","height":0,"kind":"unknown","label":"缺少可用高度；仅展示轮廓"}},{"type":"Feature","id":"way/1448118685","geometry":{"type":"MultiPolygon","coordinates":[[[[113.8347092,22.690479],[113.8348156,22.6904189],[113.8348757,22.6905094],[113.8347692,22.6905695],[113.8347092,22.690479]]]]},"properties":{"name":"way/1448118685","height":0,"kind":"unknown","label":"缺少可用高度；仅展示轮廓"}},{"type":"Feature","id":"way/1448118686","geometry":{"type":"MultiPolygon","coordinates":[[[[113.8346187,22.6903425],[113.834725,22.6902826],[113.8347851,22.690373],[113.8346787,22.690433],[113.8346187,22.6903425]]]]},"properties":{"name":"way/1448118686","height":0,"kind":"unknown","label":"缺少可用高度；仅展示轮廓"}},{"type":"Feature","id":"way/1448118687","geometry":{"type":"MultiPolygon","coordinates":[[[[113.8345283,22.6902061],[113.8346345,22.6901462],[113.8346945,22.6902366],[113.8345882,22.6902966],[113.8345283,22.6902061]]]]},"properties":{"name":"way/1448118687","height":0,"kind":"unknown","label":"缺少可用高度；仅展示轮廓"}},{"type":"Feature","id":"way/1448118688","geometry":{"type":"MultiPolygon","coordinates":[[[[113.8344378,22.6900696],[113.8345439,22.6900098],[113.8346039,22.6901002],[113.8344978,22.6901601],[113.8344378,22.6900696]]]]},"properties":{"name":"way/1448118688","height":0,"kind":"unknown","label":"缺少可用高度；仅展示轮廓"}},{"type":"Feature","id":"way/1448118689","geometry":{"type":"MultiPolygon","coordinates":[[[[113.8343473,22.6899332],[113.8344533,22.6898734],[113.8345133,22.6899638],[113.8344073,22.6900236],[113.8343473,22.6899332]]]]},"properties":{"name":"way/1448118689","height":0,"kind":"unknown","label":"缺少可用高度；仅展示轮廓"}},{"type":"Feature","id":"way/1448118690","geometry":{"type":"MultiPolygon","coordinates":[[[[113.8342569,22.6897967],[113.8343627,22.689737],[113.8344227,22.6898274],[113.8343169,22.6898872],[113.8342569,22.6897967]]]]},"properties":{"name":"way/1448118690","height":0,"kind":"unknown","label":"缺少可用高度；仅展示轮廓"}},{"type":"Feature","id":"way/1448118691","geometry":{"type":"MultiPolygon","coordinates":[[[[113.8348582,22.6903948],[113.8349647,22.6903347],[113.8350248,22.6904251],[113.8349182,22.6904853],[113.8348582,22.6903948]]]]},"properties":{"name":"way/1448118691","height":0,"kind":"unknown","label":"缺少可用高度；仅展示轮廓"}},{"type":"Feature","id":"way/1448118692","geometry":{"type":"MultiPolygon","coordinates":[[[[113.8356479,22.6899495],[113.8357543,22.6898894],[113.8358144,22.6899799],[113.8357078,22.69004],[113.8356479,22.6899495]]]]},"properties":{"name":"way/1448118692","height":0,"kind":"unknown","label":"缺少可用高度；仅展示轮廓"}},{"type":"Feature","id":"way/1448118693","geometry":{"type":"MultiPolygon","coordinates":[[[[113.8347678,22.6902583],[113.8348741,22.6901983],[113.8349342,22.6902888],[113.8348278,22.6903488],[113.8347678,22.6902583]]]]},"properties":{"name":"way/1448118693","height":0,"kind":"unknown","label":"缺少可用高度；仅展示轮廓"}},{"type":"Feature","id":"way/1448118694","geometry":{"type":"MultiPolygon","coordinates":[[[[113.8355574,22.689813],[113.8356637,22.6897531],[113.8357238,22.6898435],[113.8356174,22.6899035],[113.8355574,22.689813]]]]},"properties":{"name":"way/1448118694","height":0,"kind":"unknown","label":"缺少可用高度；仅展示轮廓"}},{"type":"Feature","id":"way/1448118695","geometry":{"type":"MultiPolygon","coordinates":[[[[113.835467,22.6896766],[113.8355731,22.6896167],[113.8356332,22.6897071],[113.8355269,22.6897671],[113.835467,22.6896766]]]]},"properties":{"name":"way/1448118695","height":0,"kind":"unknown","label":"缺少可用高度；仅展示轮廓"}},{"type":"Feature","id":"way/1448118696","geometry":{"type":"MultiPolygon","coordinates":[[[[113.8353765,22.6895401],[113.8354826,22.6894803],[113.8355426,22.6895707],[113.8354365,22.6896306],[113.8353765,22.6895401]]]]},"properties":{"name":"way/1448118696","height":0,"kind":"unknown","label":"缺少可用高度；仅展示轮廓"}},{"type":"Feature","id":"way/1448118697","geometry":{"type":"MultiPolygon","coordinates":[[[[113.8344964,22.6898489],[113.8346023,22.6897892],[113.8346624,22.6898796],[113.8345564,22.6899394],[113.8344964,22.6898489]]]]},"properties":{"name":"way/1448118697","height":0,"kind":"unknown","label":"缺少可用高度；仅展示轮廓"}},{"type":"Feature","id":"way/1448118698","geometry":{"type":"MultiPolygon","coordinates":[[[[113.8351956,22.6892672],[113.8353014,22.6892075],[113.8353614,22.6892979],[113.8352556,22.6893577],[113.8351956,22.6892672]]]]},"properties":{"name":"way/1448118698","height":0,"kind":"unknown","label":"缺少可用高度；仅展示轮廓"}},{"type":"Feature","id":"way/1448118699","geometry":{"type":"MultiPolygon","coordinates":[[[[113.8345598,22.6905632],[113.8346663,22.6905031],[113.8347263,22.6905935],[113.8346198,22.6906537],[113.8345598,22.6905632]]]]},"properties":{"name":"way/1448118699","height":0,"kind":"unknown","label":"缺少可用高度；仅展示轮廓"}},{"type":"Feature","id":"way/1448118700","geometry":{"type":"MultiPolygon","coordinates":[[[[113.8333864,22.6894119],[113.8334927,22.6893519],[113.8335528,22.6894423],[113.8334464,22.6895024],[113.8333864,22.6894119]]]]},"properties":{"name":"way/1448118700","height":0,"kind":"unknown","label":"缺少可用高度；仅展示轮廓"}},{"type":"Feature","id":"way/1448118701","geometry":{"type":"MultiPolygon","coordinates":[[[[113.8332959,22.6892754],[113.8334021,22.6892155],[113.8334622,22.689306],[113.8333559,22.6893659],[113.8332959,22.6892754]]]]},"properties":{"name":"way/1448118701","height":0,"kind":"unknown","label":"缺少可用高度；仅展示轮廓"}},{"type":"Feature","id":"way/1448118702","geometry":{"type":"MultiPolygon","coordinates":[[[[113.8332055,22.689139],[113.8333115,22.6890791],[113.8333716,22.6891696],[113.8332655,22.6892295],[113.8332055,22.689139]]]]},"properties":{"name":"way/1448118702","height":0,"kind":"unknown","label":"缺少可用高度；仅展示轮廓"}},{"type":"Feature","id":"way/1448118703","geometry":{"type":"MultiPolygon","coordinates":[[[[113.833115,22.6890025],[113.833221,22.6889428],[113.833281,22.6890332],[113.833175,22.689093],[113.833115,22.6890025]]]]},"properties":{"name":"way/1448118703","height":0,"kind":"unknown","label":"缺少可用高度；仅展示轮廓"}},{"type":"Feature","id":"way/1448118704","geometry":{"type":"MultiPolygon","coordinates":[[[[113.8330246,22.6888661],[113.8331304,22.6888064],[113.8331904,22.6888968],[113.8330846,22.6889565],[113.8330246,22.6888661]]]]},"properties":{"name":"way/1448118704","height":0,"kind":"unknown","label":"缺少可用高度；仅展示轮廓"}},{"type":"Feature","id":"way/1448118705","geometry":{"type":"MultiPolygon","coordinates":[[[[113.8338068,22.6897371],[113.8339136,22.6896768],[113.8339736,22.6897673],[113.8338668,22.6898275],[113.8338068,22.6897371]]]]},"properties":{"name":"way/1448118705","height":0,"kind":"unknown","label":"缺少可用高度；仅展示轮廓"}},{"type":"Feature","id":"way/1448118706","geometry":{"type":"MultiPolygon","coordinates":[[[[113.8335355,22.6893277],[113.8336418,22.6892677],[113.8337019,22.6893581],[113.8335955,22.6894182],[113.8335355,22.6893277]]]]},"properties":{"name":"way/1448118706","height":0,"kind":"unknown","label":"缺少可用高度；仅展示轮廓"}},{"type":"Feature","id":"way/1448118707","geometry":{"type":"MultiPolygon","coordinates":[[[[113.833445,22.6891912],[113.8335512,22.6891313],[113.8336113,22.6892217],[113.833505,22.6892817],[113.833445,22.6891912]]]]},"properties":{"name":"way/1448118707","height":0,"kind":"unknown","label":"缺少可用高度；仅展示轮廓"}},{"type":"Feature","id":"way/1448118708","geometry":{"type":"MultiPolygon","coordinates":[[[[113.8333546,22.6890547],[113.8334606,22.6889949],[113.8335207,22.6890853],[113.8334145,22.6891452],[113.8333546,22.6890547]]]]},"properties":{"name":"way/1448118708","height":0,"kind":"unknown","label":"缺少可用高度；仅展示轮廓"}},{"type":"Feature","id":"way/1448118709","geometry":{"type":"MultiPolygon","coordinates":[[[[113.8332641,22.6889183],[113.83337,22.6888585],[113.8334301,22.688949],[113.8333241,22.6890088],[113.8332641,22.6889183]]]]},"properties":{"name":"way/1448118709","height":0,"kind":"unknown","label":"缺少可用高度；仅展示轮廓"}},{"type":"Feature","id":"way/1448118711","geometry":{"type":"MultiPolygon","coordinates":[[[[113.8336847,22.6892431],[113.833791,22.6891831],[113.833851,22.6892735],[113.8337446,22.6893336],[113.8336847,22.6892431]]]]},"properties":{"name":"way/1448118711","height":0,"kind":"unknown","label":"缺少可用高度；仅展示轮廓"}},{"type":"Feature","id":"way/1448118712","geometry":{"type":"MultiPolygon","coordinates":[[[[113.8335942,22.6891066],[113.8337004,22.6890467],[113.8337605,22.6891372],[113.8336542,22.6891971],[113.8335942,22.6891066]]]]},"properties":{"name":"way/1448118712","height":0,"kind":"unknown","label":"缺少可用高度；仅展示轮廓"}},{"type":"Feature","id":"way/1448118713","geometry":{"type":"MultiPolygon","coordinates":[[[[113.8335037,22.6889702],[113.8336098,22.6889103],[113.8336699,22.6890008],[113.8335637,22.6890607],[113.8335037,22.6889702]]]]},"properties":{"name":"way/1448118713","height":0,"kind":"unknown","label":"缺少可用高度；仅展示轮廓"}},{"type":"Feature","id":"way/1448118714","geometry":{"type":"MultiPolygon","coordinates":[[[[113.8334133,22.6888337],[113.8335192,22.6887739],[113.8335793,22.6888644],[113.8334733,22.6889242],[113.8334133,22.6888337]]]]},"properties":{"name":"way/1448118714","height":0,"kind":"unknown","label":"缺少可用高度；仅展示轮廓"}},{"type":"Feature","id":"way/1448118716","geometry":{"type":"MultiPolygon","coordinates":[[[[113.8341054,22.6895683],[113.8342121,22.6895081],[113.8342722,22.6895985],[113.8341654,22.6896588],[113.8341054,22.6895683]]]]},"properties":{"name":"way/1448118716","height":0,"kind":"unknown","label":"缺少可用高度；仅展示轮廓"}},{"type":"Feature","id":"way/1448118717","geometry":{"type":"MultiPolygon","coordinates":[[[[113.8340149,22.6894319],[113.8341215,22.6893717],[113.8341816,22.6894621],[113.8340749,22.6895223],[113.8340149,22.6894319]]]]},"properties":{"name":"way/1448118717","height":0,"kind":"unknown","label":"缺少可用高度；仅展示轮廓"}},{"type":"Feature","id":"way/1448118718","geometry":{"type":"MultiPolygon","coordinates":[[[[113.8339245,22.6892954],[113.8340309,22.6892353],[113.834091,22.6893258],[113.8339845,22.6893859],[113.8339245,22.6892954]]]]},"properties":{"name":"way/1448118718","height":0,"kind":"unknown","label":"缺少可用高度；仅展示轮廓"}},{"type":"Feature","id":"way/1448118719","geometry":{"type":"MultiPolygon","coordinates":[[[[113.833834,22.6891589],[113.8339403,22.6890989],[113.8340004,22.6891894],[113.833894,22.6892494],[113.833834,22.6891589]]]]},"properties":{"name":"way/1448118719","height":0,"kind":"unknown","label":"缺少可用高度；仅展示轮廓"}},{"type":"Feature","id":"way/1448118720","geometry":{"type":"MultiPolygon","coordinates":[[[[113.8337436,22.6890225],[113.8338498,22.6889626],[113.8339098,22.689053],[113.8338035,22.6891129],[113.8337436,22.6890225]]]]},"properties":{"name":"way/1448118720","height":0,"kind":"unknown","label":"缺少可用高度；仅展示轮廓"}},{"type":"Feature","id":"way/1448118721","geometry":{"type":"MultiPolygon","coordinates":[[[[113.8336531,22.688886],[113.8337592,22.6888262],[113.8338192,22.6889166],[113.8337131,22.6889765],[113.8336531,22.688886]]]]},"properties":{"name":"way/1448118721","height":0,"kind":"unknown","label":"缺少可用高度；仅展示轮廓"}},{"type":"Feature","id":"way/1448118722","geometry":{"type":"MultiPolygon","coordinates":[[[[113.8335627,22.6887495],[113.8336686,22.6886898],[113.8337286,22.6887802],[113.8336226,22.68884],[113.8335627,22.6887495]]]]},"properties":{"name":"way/1448118722","height":0,"kind":"unknown","label":"缺少可用高度；仅展示轮廓"}},{"type":"Feature","id":"way/1448118724","geometry":{"type":"MultiPolygon","coordinates":[[[[113.8342545,22.6894841],[113.8343612,22.6894239],[113.8344213,22.6895143],[113.8343144,22.6895746],[113.8342545,22.6894841]]]]},"properties":{"name":"way/1448118724","height":0,"kind":"unknown","label":"缺少可用高度；仅展示轮廓"}},{"type":"Feature","id":"way/1448118725","geometry":{"type":"MultiPolygon","coordinates":[[[[113.834164,22.6893476],[113.8342706,22.6892875],[113.8343307,22.6893779],[113.834224,22.6894381],[113.834164,22.6893476]]]]},"properties":{"name":"way/1448118725","height":0,"kind":"unknown","label":"缺少可用高度；仅展示轮廓"}},{"type":"Feature","id":"way/1448118726","geometry":{"type":"MultiPolygon","coordinates":[[[[113.8340736,22.6892112],[113.83418,22.6891511],[113.8342401,22.6892415],[113.8341335,22.6893016],[113.8340736,22.6892112]]]]},"properties":{"name":"way/1448118726","height":0,"kind":"unknown","label":"缺少可用高度；仅展示轮廓"}},{"type":"Feature","id":"way/1448118727","geometry":{"type":"MultiPolygon","coordinates":[[[[113.8338022,22.6888018],[113.8339082,22.6887419],[113.8339683,22.6888324],[113.8338622,22.6888923],[113.8338022,22.6888018]]]]},"properties":{"name":"way/1448118727","height":0,"kind":"unknown","label":"缺少可用高度；仅展示轮廓"}},{"type":"Feature","id":"way/1448118729","geometry":{"type":"MultiPolygon","coordinates":[[[[113.833956,22.6896525],[113.8340627,22.6895923],[113.8341228,22.6896827],[113.834016,22.689743],[113.833956,22.6896525]]]]},"properties":{"name":"way/1448118729","height":0,"kind":"unknown","label":"缺少可用高度；仅展示轮廓"}},{"type":"Feature","id":"way/1448118734","geometry":{"type":"MultiPolygon","coordinates":[[[[113.8345965,22.6892911],[113.8347033,22.6892309],[113.8347633,22.6893213],[113.8346565,22.6893816],[113.8345965,22.6892911]]]]},"properties":{"name":"way/1448118734","height":0,"kind":"unknown","label":"缺少可用高度；仅展示轮廓"}},{"type":"Feature","id":"way/1448118735","geometry":{"type":"MultiPolygon","coordinates":[[[[113.8345061,22.6891547],[113.8346127,22.6890945],[113.8346727,22.689185],[113.8345661,22.6892452],[113.8345061,22.6891547]]]]},"properties":{"name":"way/1448118735","height":0,"kind":"unknown","label":"缺少可用高度；仅展示轮廓"}},{"type":"Feature","id":"way/1448118736","geometry":{"type":"MultiPolygon","coordinates":[[[[113.8344156,22.6890182],[113.8345221,22.6889581],[113.8345821,22.6890486],[113.8344756,22.6891087],[113.8344156,22.6890182]]]]},"properties":{"name":"way/1448118736","height":0,"kind":"unknown","label":"缺少可用高度；仅展示轮廓"}},{"type":"Feature","id":"way/1448118740","geometry":{"type":"MultiPolygon","coordinates":[[[[113.8347456,22.6892069],[113.8348523,22.6891467],[113.8349124,22.6892371],[113.8348056,22.6892974],[113.8347456,22.6892069]]]]},"properties":{"name":"way/1448118740","height":0,"kind":"unknown","label":"缺少可用高度；仅展示轮廓"}},{"type":"Feature","id":"way/1448118741","geometry":{"type":"MultiPolygon","coordinates":[[[[113.8346551,22.6890704],[113.8347617,22.6890103],[113.8348218,22.6891007],[113.8347151,22.6891609],[113.8346551,22.6890704]]]]},"properties":{"name":"way/1448118741","height":0,"kind":"unknown","label":"缺少可用高度；仅展示轮廓"}},{"type":"Feature","id":"way/1448118742","geometry":{"type":"MultiPolygon","coordinates":[[[[113.8345647,22.688934],[113.8346711,22.6888739],[113.8347312,22.6889643],[113.8346247,22.6890245],[113.8345647,22.688934]]]]},"properties":{"name":"way/1448118742","height":0,"kind":"unknown","label":"缺少可用高度；仅展示轮廓"}},{"type":"Feature","id":"way/1448118745","geometry":{"type":"MultiPolygon","coordinates":[[[[113.8344472,22.6893753],[113.8345539,22.6893151],[113.8346139,22.6894055],[113.8345071,22.6894658],[113.8344472,22.6893753]]]]},"properties":{"name":"way/1448118745","height":0,"kind":"unknown","label":"缺少可用高度；仅展示轮廓"}},{"type":"Feature","id":"way/1448118746","geometry":{"type":"MultiPolygon","coordinates":[[[[113.8343567,22.6892388],[113.8344633,22.6891787],[113.8345234,22.6892691],[113.8344167,22.6893293],[113.8343567,22.6892388]]]]},"properties":{"name":"way/1448118746","height":0,"kind":"unknown","label":"缺少可用高度；仅展示轮廓"}},{"type":"Feature","id":"way/1448118747","geometry":{"type":"MultiPolygon","coordinates":[[[[113.8342662,22.6891024],[113.8343727,22.6890423],[113.8344328,22.6891327],[113.8343262,22.6891929],[113.8342662,22.6891024]]]]},"properties":{"name":"way/1448118747","height":0,"kind":"unknown","label":"缺少可用高度；仅展示轮廓"}},{"type":"Feature","id":"way/1448118748","geometry":{"type":"MultiPolygon","coordinates":[[[[113.8348947,22.689123],[113.8350014,22.6890628],[113.8350615,22.6891532],[113.8349547,22.6892135],[113.8348947,22.689123]]]]},"properties":{"name":"way/1448118748","height":0,"kind":"unknown","label":"缺少可用高度；仅展示轮廓"}},{"type":"Feature","id":"way/1448118749","geometry":{"type":"MultiPolygon","coordinates":[[[[113.8348043,22.6889865],[113.8349109,22.6889264],[113.8349709,22.6890168],[113.8348642,22.689077],[113.8348043,22.6889865]]]]},"properties":{"name":"way/1448118749","height":0,"kind":"unknown","label":"缺少可用高度；仅展示轮廓"}},{"type":"Feature","id":"way/1448118750","geometry":{"type":"MultiPolygon","coordinates":[[[[113.8347138,22.6888501],[113.8348203,22.68879],[113.8348803,22.6888804],[113.8347738,22.6889406],[113.8347138,22.6888501]]]]},"properties":{"name":"way/1448118750","height":0,"kind":"unknown","label":"缺少可用高度；仅展示轮廓"}},{"type":"Feature","id":"way/1448118751","geometry":{"type":"MultiPolygon","coordinates":[[[[113.8346233,22.6887136],[113.8347297,22.6886536],[113.8347897,22.688744],[113.8346833,22.6888041],[113.8346233,22.6887136]]]]},"properties":{"name":"way/1448118751","height":0,"kind":"unknown","label":"缺少可用高度；仅展示轮廓"}},{"type":"Feature","id":"way/1448118756","geometry":{"type":"MultiPolygon","coordinates":[[[[113.8350441,22.6890388],[113.8351508,22.6889786],[113.8352109,22.689069],[113.8351041,22.6891293],[113.8350441,22.6890388]]]]},"properties":{"name":"way/1448118756","height":0,"kind":"unknown","label":"缺少可用高度；仅展示轮廓"}},{"type":"Feature","id":"way/1448118757","geometry":{"type":"MultiPolygon","coordinates":[[[[113.8349536,22.6889024],[113.8350602,22.6888422],[113.8351203,22.6889326],[113.8350136,22.6889928],[113.8349536,22.6889024]]]]},"properties":{"name":"way/1448118757","height":0,"kind":"unknown","label":"缺少可用高度；仅展示轮廓"}},{"type":"Feature","id":"way/1448118758","geometry":{"type":"MultiPolygon","coordinates":[[[[113.8348632,22.6887659],[113.8349696,22.6887058],[113.8350297,22.6887963],[113.8349232,22.6888564],[113.8348632,22.6887659]]]]},"properties":{"name":"way/1448118758","height":0,"kind":"unknown","label":"缺少可用高度；仅展示轮廓"}},{"type":"Feature","id":"way/1448118763","geometry":{"type":"MultiPolygon","coordinates":[[[[113.8351932,22.6889546],[113.8352999,22.6888944],[113.8353599,22.6889848],[113.8352531,22.6890451],[113.8351932,22.6889546]]]]},"properties":{"name":"way/1448118763","height":0,"kind":"unknown","label":"缺少可用高度；仅展示轮廓"}},{"type":"Feature","id":"way/1448118764","geometry":{"type":"MultiPolygon","coordinates":[[[[113.8351027,22.6888181],[113.8352093,22.688758],[113.8352694,22.6888484],[113.8351627,22.6889086],[113.8351027,22.6888181]]]]},"properties":{"name":"way/1448118764","height":0,"kind":"unknown","label":"缺少可用高度；仅展示轮廓"}},{"type":"Feature","id":"way/1550847228","geometry":{"type":"MultiPolygon","coordinates":[[[[113.8362305,22.6966355],[113.8362872,22.6965218],[113.8363045,22.6962626],[113.8366224,22.6962399],[113.8369922,22.6967651],[113.8364943,22.6970153],[113.8362305,22.6966355]]]]},"properties":{"name":"新华生印刷(深圳)有限公司","height":0,"kind":"unknown","label":"缺少可用高度；仅展示轮廓"}}]}