{"type": "FeatureCollection", "features": [{"type": "Feature", "id": "way/245756011", "properties": {"tags": {"building": "commercial", "name": "雪松大厦"}, "heightStatus": "unknown", "source": "OpenStreetMap", "license": "ODbL-1.0"}, "geometry": {"type": "MultiPolygon", "coordinates": [[[[114.0158948, 22.5342253], [114.0159432, 22.5339718], [114.0173418, 22.5341996], [114.0172934, 22.5344531], [114.0158948, 22.5342253]]]]}}, {"type": "Feature", "id": "way/245794169", "properties": {"tags": {"building": "retail", "name": "十亩地"}, "heightStatus": "unknown", "source": "OpenStreetMap", "license": "ODbL-1.0"}, "geometry": {"type": "MultiPolygon", "coordinates": [[[[114.0173751, 22.5360725], [114.0174766, 22.5355792], [114.0175481, 22.5355917], [114.0176054, 22.5356018], [114.0184844, 22.5357561], [114.0183829, 22.5362494], [114.0175131, 22.5360967], [114.0174536, 22.5360863], [114.0173751, 22.5360725]]]]}}, {"type": "Feature", "id": "way/245794173", "properties": {"tags": {"building": "yes"}, "heightStatus": "unknown", "source": "OpenStreetMap", "license": "ODbL-1.0"}, "geometry": {"type": "MultiPolygon", "coordinates": [[[[114.0175132, 22.5353509], [114.0176284, 22.5347721], [114.0186384, 22.5349437], [114.0185232, 22.5355224], [114.0176513, 22.5353743], [114.0175939, 22.5353646], [114.0175132, 22.5353509]]]]}}, {"type": "Feature", "id": "way/245794176", "properties": {"tags": {"building": "yes", "building:levels": "2", "building:min_level": "1", "layer": "1"}, "heightStatus": "levels_only_unverified", "source": "OpenStreetMap", "license": "ODbL-1.0"}, "geometry": {"type": "MultiPolygon", "coordinates": [[[[114.0175481, 22.5355917], [114.0175939, 22.5353646], [114.0176513, 22.5353743], [114.0176054, 22.5356018], [114.0175481, 22.5355917]]]]}}, {"type": "Feature", "id": "way/245794178", "properties": {"tags": {"building": "yes"}, "heightStatus": "unknown", "source": "OpenStreetMap", "license": "ODbL-1.0"}, "geometry": {"type": "MultiPolygon", "coordinates": [[[[114.0159165, 22.5358089], [114.0160078, 22.5353211], [114.0170154, 22.5354821], [114.0169241, 22.5359699], [114.0159165, 22.5358089]]]]}}, {"type": "Feature", "id": "way/341697430", "properties": {"tags": {"addr:housename": "天地源盛唐大厦", "addr:housename:en": "TDY Shengtang Building", "addr:housename:zh": "天地源盛唐大厦", "building": "commercial", "building:levels": "30", "name": "东座", "name:en": "East Block", "name:zh": "东座"}, "heightStatus": "levels_only_unverified", "source": "OpenStreetMap", "license": "ODbL-1.0"}, "geometry": {"type": "MultiPolygon", "coordinates": [[[[114.0192046, 22.5328482], [114.0192264, 22.5327423], [114.0192455, 22.5327456], [114.0192646, 22.5326532], [114.0192455, 22.5326498], [114.0192705, 22.5325287], [114.019699, 22.5326042], [114.019674, 22.5327253], [114.0196549, 22.5327219], [114.0196358, 22.5328144], [114.0196549, 22.5328178], [114.019633, 22.5329237], [114.0192046, 22.5328482]]]]}}, {"type": "Feature", "id": "way/341697564", "properties": {"tags": {"addr:city": "深圳市", "addr:country": "CN", "addr:district": "福田区", "addr:housenumber": "3", "addr:province": "广东省", "addr:street": "泰然九路", "addr:subdistrict": "车公庙 / 泰然街道", "building": "commercial", "building:levels": "30", "name": "水松大厦", "name:en": "Shuisong Building", "name:zh": "水松大厦"}, "heightStatus": "levels_only_unverified", "source": "OpenStreetMap", "license": "ODbL-1.0"}, "geometry": {"type": "MultiPolygon", "coordinates": [[[[114.0181619, 22.5326043], [114.018219, 22.5322751], [114.0186528, 22.5323394], [114.0185957, 22.5326685], [114.0181619, 22.5326043]]]]}}, {"type": "Feature", "id": "way/341697749", "properties": {"tags": {"building": "commercial", "name": "云松大厦"}, "heightStatus": "unknown", "source": "OpenStreetMap", "license": "ODbL-1.0"}, "geometry": {"type": "MultiPolygon", "coordinates": [[[[114.0164178, 22.5323455], [114.0165422, 22.5318706], [114.0178403, 22.5321608], [114.0177159, 22.5326357], [114.0164178, 22.5323455]]]]}}, {"type": "Feature", "id": "way/341698304", "properties": {"tags": {"building": "commercial", "name": "海松大厦"}, "heightStatus": "unknown", "source": "OpenStreetMap", "license": "ODbL-1.0"}, "geometry": {"type": "MultiPolygon", "coordinates": [[[[114.0182414, 22.5340105], [114.0183086, 22.5336709], [114.0183935, 22.5336852], [114.0184037, 22.5336336], [114.0185101, 22.5330959], [114.0191458, 22.5332032], [114.0192314, 22.5332176], [114.0192416, 22.5331662], [114.0195851, 22.5332242], [114.019518, 22.5335634], [114.0194322, 22.5335489], [114.019422, 22.5336005], [114.0193839, 22.5337931], [114.0191615, 22.5337556], [114.019389, 22.5340566], [114.0193993, 22.5340702], [114.0194047, 22.5340861], [114.0194046, 22.5341028], [114.019399, 22.5341186], [114.0193885, 22.5341321], [114.0193741, 22.5341421], [114.0193571, 22.5341475], [114.0193398, 22.5341443], [114.0186807, 22.5340331], [114.0185951, 22.5340186], [114.0185852, 22.5340685], [114.0182414, 22.5340105]]]]}}, {"type": "Feature", "id": "way/341698440", "properties": {"tags": {"building": "commercial", "name": "红松大厦"}, "heightStatus": "unknown", "source": "OpenStreetMap", "license": "ODbL-1.0"}, "geometry": {"type": "MultiPolygon", "coordinates": [[[[114.0177957, 22.5345563], [114.017847, 22.5342957], [114.0192121, 22.5345247], [114.0191609, 22.5347853], [114.0177957, 22.5345563]]]]}}, {"type": "Feature", "id": "way/346314970", "properties": {"tags": {"EntityHand": "39D", "SubClasses": "AcDbEntity:AcDb2dPolyline", "building": "residential"}, "heightStatus": "unknown", "source": "OpenStreetMap", "license": "ODbL-1.0"}, "geometry": {"type": "MultiPolygon", "coordinates": [[[[114.0184983, 22.5311297], [114.0185193, 22.531062], [114.0185369, 22.5310666], [114.018541, 22.5310536], [114.018668, 22.5310872], [114.0186639, 22.5311003], [114.0186815, 22.5311049], [114.0186605, 22.5311727], [114.0186429, 22.531168], [114.0186388, 22.5311811], [114.0185119, 22.5311474], [114.0185159, 22.5311344], [114.0184983, 22.5311297]]]]}}, {"type": "Feature", "id": "way/346314971", "properties": {"tags": {"EntityHand": "3DF", "SubClasses": "AcDbEntity:AcDb2dPolyline", "building": "residential"}, "heightStatus": "unknown", "source": "OpenStreetMap", "license": "ODbL-1.0"}, "geometry": {"type": "MultiPolygon", "coordinates": [[[[114.0179277, 22.5309485], [114.0179488, 22.5308808], [114.0179664, 22.5308855], [114.0179704, 22.5308724], [114.0180974, 22.5309061], [114.0180934, 22.5309191], [114.018111, 22.5309238], [114.01809, 22.5309915], [114.0180723, 22.5309868], [114.0180683, 22.5309999], [114.0179413, 22.5309662], [114.0179454, 22.5309532], [114.0179277, 22.5309485]]]]}}, {"type": "Feature", "id": "way/346314972", "properties": {"tags": {"EntityHand": "3B1", "SubClasses": "AcDbEntity:AcDb2dPolyline", "building": "residential"}, "heightStatus": "unknown", "source": "OpenStreetMap", "license": "ODbL-1.0"}, "geometry": {"type": "MultiPolygon", "coordinates": [[[[114.0183027, 22.5310221], [114.0183237, 22.5309543], [114.0183414, 22.530959], [114.0183454, 22.530946], [114.0184724, 22.5309796], [114.0184683, 22.5309926], [114.018486, 22.5309973], [114.0184649, 22.5310651], [114.0184473, 22.5310604], [114.0184432, 22.5310734], [114.0183163, 22.5310398], [114.0183203, 22.5310268], [114.0183027, 22.5310221]]]]}}, {"type": "Feature", "id": "way/346314973", "properties": {"tags": {"EntityHand": "267", "SubClasses": "AcDbEntity:AcDb2dPolyline", "building": "residential"}, "heightStatus": "unknown", "source": "OpenStreetMap", "license": "ODbL-1.0"}, "geometry": {"type": "MultiPolygon", "coordinates": [[[[114.0188581, 22.5311265], [114.0188792, 22.5310587], [114.0188968, 22.5310634], [114.0189008, 22.5310504], [114.0190278, 22.531084], [114.0190238, 22.531097], [114.0190414, 22.5311017], [114.0190204, 22.5311694], [114.0190027, 22.5311648], [114.0189987, 22.5311778], [114.0188717, 22.5311442], [114.0188758, 22.5311312], [114.0188581, 22.5311265]]]]}}, {"type": "Feature", "id": "way/346314974", "properties": {"tags": {"building": "residential"}, "heightStatus": "unknown", "source": "OpenStreetMap", "license": "ODbL-1.0"}, "geometry": {"type": "MultiPolygon", "coordinates": [[[[114.0198373, 22.5287214], [114.0199371, 22.5286724], [114.0199498, 22.5287002], [114.0199539, 22.5286987], [114.0199867, 22.5287701], [114.0199828, 22.5287719], [114.019994, 22.5287964], [114.0198943, 22.5288454], [114.0198822, 22.5288192], [114.0198783, 22.5288211], [114.0198422, 22.5287425], [114.0198462, 22.5287409], [114.0198373, 22.5287214]]]]}}, {"type": "Feature", "id": "way/346314975", "properties": {"tags": {"EntityHand": "34F", "SubClasses": "AcDbEntity:AcDb2dPolyline", "building": "residential", "building:levels": "8", "name": "702"}, "heightStatus": "levels_only_unverified", "source": "OpenStreetMap", "license": "ODbL-1.0"}, "geometry": {"type": "MultiPolygon", "coordinates": [[[[114.0186744, 22.5311281], [114.0186954, 22.5310603], [114.018713, 22.531065], [114.0187171, 22.531052], [114.018844, 22.5310856], [114.01884, 22.5310986], [114.0188576, 22.5311033], [114.0188366, 22.5311711], [114.018819, 22.5311664], [114.0188149, 22.5311794], [114.0186879, 22.5311458], [114.018692, 22.5311328], [114.0186744, 22.5311281]]]]}}, {"type": "Feature", "id": "way/346314976", "properties": {"tags": {"EntityHand": "3BF", "SubClasses": "AcDbEntity:AcDb2dPolyline", "building": "residential", "building:levels": "8", "name": "701"}, "heightStatus": "levels_only_unverified", "source": "OpenStreetMap", "license": "ODbL-1.0"}, "geometry": {"type": "MultiPolygon", "coordinates": [[[[114.0180842, 22.5310507], [114.0181053, 22.530983], [114.0181229, 22.5309876], [114.018127, 22.5309746], [114.0182539, 22.5310082], [114.0182499, 22.5310213], [114.0182675, 22.5310259], [114.0182465, 22.5310937], [114.0182288, 22.531089], [114.0182248, 22.531102], [114.0180978, 22.5310684], [114.0181019, 22.5310554], [114.0180842, 22.5310507]]]]}}, {"type": "Feature", "id": "way/346314977", "properties": {"tags": {"addr:housename": "碧海红树园", "addr:housename:en": "Bihai Mangrove Park", "addr:housename:zh": "碧海红树园", "building": "apartments", "building:levels": "33", "name": "3栋", "name:zh": "3栋"}, "heightStatus": "levels_only_unverified", "source": "OpenStreetMap", "license": "ODbL-1.0"}, "geometry": {"type": "MultiPolygon", "coordinates": [[[[114.0171808, 22.5295794], [114.0172634, 22.5295004], [114.0172462, 22.5294629], [114.0173624, 22.5294174], [114.0173796, 22.5294548], [114.0174985, 22.5294548], [114.0174985, 22.5295565], [114.0174263, 22.5295565], [114.0174329, 22.5295709], [114.0174254, 22.5295832], [114.0174158, 22.5295943], [114.0174043, 22.5296038], [114.0173913, 22.5296114], [114.0173772, 22.5296169], [114.0173623, 22.5296203], [114.0173469, 22.5296213], [114.0173316, 22.52962], [114.0173167, 22.5296164], [114.0173101, 22.529602], [114.01726, 22.52965], [114.0171808, 22.5295794]]]]}}, {"type": "Feature", "id": "way/346314978", "properties": {"tags": {"addr:housename": "碧海红树园", "addr:housename:en": "Bihai Mangrove Park", "addr:housename:zh": "碧海红树园", "building": "apartments", "building:levels": "33", "name": "4栋", "name:zh": "4栋"}, "heightStatus": "levels_only_unverified", "source": "OpenStreetMap", "license": "ODbL-1.0"}, "geometry": {"type": "MultiPolygon", "coordinates": [[[[114.0170435, 22.5299478], [114.0171261, 22.5298689], [114.0171089, 22.5298314], [114.017225, 22.5297859], [114.0172422, 22.5298233], [114.0173611, 22.5298233], [114.0173611, 22.529925], [114.017289, 22.529925], [114.0172956, 22.5299394], [114.017288, 22.5299517], [114.0172784, 22.5299628], [114.017267, 22.5299723], [114.017254, 22.5299799], [114.0172398, 22.5299854], [114.0172249, 22.5299888], [114.0172096, 22.5299898], [114.0171943, 22.5299885], [114.0171794, 22.5299849], [114.0171728, 22.5299705], [114.0171227, 22.5300185], [114.0170435, 22.5299478]]]]}}, {"type": "Feature", "id": "way/346314979", "properties": {"tags": {"addr:housename": "碧海红树园", "addr:housename:en": "Bihai Mangrove Park", "addr:housename:zh": "碧海红树园", "building": "apartments", "building:levels": "33", "name": "6栋", "name:zh": "6栋"}, "heightStatus": "levels_only_unverified", "source": "OpenStreetMap", "license": "ODbL-1.0"}, "geometry": {"type": "MultiPolygon", "coordinates": [[[[114.0168016, 22.5307495], [114.0168715, 22.5306606], [114.0168488, 22.5306258], [114.016957, 22.5305657], [114.0169797, 22.5306006], [114.0170974, 22.5305853], [114.0171034, 22.5306244], [114.0171127, 22.530686], [114.0170413, 22.5306953], [114.01705, 22.5307087], [114.0170444, 22.5307219], [114.0170365, 22.5307341], [114.0170266, 22.5307449], [114.0170149, 22.5307541], [114.0170017, 22.5307615], [114.0169875, 22.5307667], [114.0169724, 22.5307697], [114.0169571, 22.5307704], [114.0169418, 22.5307687], [114.0169331, 22.5307553], [114.0168907, 22.5308092], [114.0168016, 22.5307495]]]]}}, {"type": "Feature", "id": "way/346314980", "properties": {"tags": {"addr:housename": "碧海红树园", "addr:housename:en": "Bihai Mangrove Park", "addr:housename:zh": "碧海红树园", "building": "apartments", "building:levels": "33", "name": "5栋", "name:zh": "5栋"}, "heightStatus": "levels_only_unverified", "source": "OpenStreetMap", "license": "ODbL-1.0"}, "geometry": {"type": "MultiPolygon", "coordinates": [[[[114.0169061, 22.5303163], [114.0169887, 22.5302374], [114.0169715, 22.5301999], [114.0170877, 22.5301544], [114.0171049, 22.5301918], [114.0172237, 22.5301918], [114.0172237, 22.5302935], [114.0171516, 22.5302935], [114.0171582, 22.5303079], [114.0171507, 22.5303202], [114.017141, 22.5303313], [114.0171296, 22.5303408], [114.0171166, 22.5303484], [114.0171025, 22.5303539], [114.0170875, 22.5303573], [114.0170722, 22.5303583], [114.0170569, 22.530357], [114.017042, 22.5303534], [114.0170354, 22.530339], [114.0169853, 22.530387], [114.0169061, 22.5303163]]]]}}, {"type": "Feature", "id": "way/346314985", "properties": {"tags": {"building": "residential", "building:levels": "7", "name": "706"}, "heightStatus": "levels_only_unverified", "source": "OpenStreetMap", "license": "ODbL-1.0"}, "geometry": {"type": "MultiPolygon", "coordinates": [[[[114.018423, 22.5304894], [114.0184433, 22.5304242], [114.01854, 22.5304498], [114.0185461, 22.5304303], [114.0185179, 22.5304228], [114.018524, 22.5304033], [114.0184957, 22.5303958], [114.018518, 22.5303241], [114.0186591, 22.5303615], [114.0186368, 22.5304332], [114.0186086, 22.5304257], [114.0186025, 22.5304452], [114.0185743, 22.5304378], [114.0185682, 22.5304573], [114.0187677, 22.5305101], [114.0187738, 22.5304906], [114.0187456, 22.5304831], [114.0187516, 22.5304636], [114.0187234, 22.5304561], [114.0187457, 22.5303844], [114.0188868, 22.5304218], [114.0188645, 22.5304935], [114.0188363, 22.530486], [114.0188302, 22.5305055], [114.018802, 22.5304981], [114.0187959, 22.5305176], [114.0189017, 22.5305456], [114.0188815, 22.5306108], [114.018423, 22.5304894]]]]}}, {"type": "Feature", "id": "way/346314989", "properties": {"tags": {"building": "residential", "building:levels": "7", "name": "707"}, "heightStatus": "levels_only_unverified", "source": "OpenStreetMap", "license": "ODbL-1.0"}, "geometry": {"type": "MultiPolygon", "coordinates": [[[[114.0189521, 22.5306295], [114.0189723, 22.5305643], [114.0190781, 22.5305923], [114.0190842, 22.5305728], [114.0190559, 22.5305653], [114.019062, 22.5305458], [114.0190338, 22.5305383], [114.019056, 22.5304666], [114.0191971, 22.530504], [114.0191749, 22.5305757], [114.0191466, 22.5305682], [114.0191406, 22.5305877], [114.0191124, 22.5305803], [114.0191063, 22.5305998], [114.0193058, 22.5306527], [114.0193118, 22.5306331], [114.0192836, 22.5306256], [114.0192897, 22.5306061], [114.0192615, 22.5305986], [114.0192837, 22.5305269], [114.0194248, 22.5305643], [114.0194026, 22.530636], [114.0193743, 22.5306285], [114.0193683, 22.5306481], [114.0193401, 22.5306406], [114.019334, 22.5306601], [114.0194308, 22.5306858], [114.0194105, 22.5307509], [114.0189521, 22.5306295]]]]}}, {"type": "Feature", "id": "way/346314993", "properties": {"tags": {"building": "residential"}, "heightStatus": "unknown", "source": "OpenStreetMap", "license": "ODbL-1.0"}, "geometry": {"type": "MultiPolygon", "coordinates": [[[[114.0175985, 22.5299205], [114.0176014, 22.5298872], [114.0176049, 22.5298715], [114.0176098, 22.5298568], [114.0176162, 22.529843], [114.0176239, 22.5298303], [114.017633, 22.5298189], [114.0176436, 22.5298088], [114.0176556, 22.5298002], [114.017669, 22.5297931], [114.0176838, 22.5297878], [114.0177, 22.5297843], [114.0177177, 22.5297827], [114.0177368, 22.5297833], [114.017736, 22.529751], [114.0177584, 22.5297537], [114.0177801, 22.5297596], [114.0178006, 22.5297684], [114.0178194, 22.52978], [114.0178361, 22.5297941], [114.0178503, 22.5298103], [114.0178616, 22.5298283], [114.0179116, 22.5298395], [114.0178186, 22.5301953], [114.0177726, 22.5301786], [114.0177319, 22.5301562], [114.0176966, 22.5301291], [114.0176666, 22.5300982], [114.0176421, 22.5300644], [114.017623, 22.5300288], [114.0176093, 22.5299923], [114.0176011, 22.5299559], [114.0175985, 22.5299205]]]]}}, {"type": "Feature", "id": "relation/5216242", "properties": {"tags": {"building": "yes"}, "heightStatus": "unknown", "source": "OpenStreetMap", "license": "ODbL-1.0"}, "geometry": {"type": "MultiPolygon", "coordinates": [[[[114.0186595, 22.5301532], [114.0186842, 22.530068], [114.0187866, 22.5300934], [114.0187915, 22.5300778], [114.0187404, 22.5300651], [114.0187602, 22.5300013], [114.0188113, 22.5300139], [114.0188149, 22.5300022], [114.018764, 22.5299896], [114.0187769, 22.5299622], [114.0187946, 22.5299372], [114.0188167, 22.5299153], [114.0188424, 22.5298972], [114.0188712, 22.5298835], [114.018902, 22.5298744], [114.0189341, 22.5298704], [114.0189664, 22.5298714], [114.0189981, 22.5298776], [114.0190282, 22.5298886], [114.0190558, 22.5299042], [114.0190801, 22.5299239], [114.0191005, 22.5299471], [114.0191162, 22.5299733], [114.019127, 22.5300015], [114.0191323, 22.5300309], [114.0191321, 22.5300608], [114.0190879, 22.5300637], [114.0191005, 22.5300939], [114.0191089, 22.5301253], [114.0191132, 22.5301574], [114.0192026, 22.5301795], [114.0192265, 22.5302935], [114.0186595, 22.5301532]], [[114.0188299, 22.5301256], [114.0190142, 22.5301712], [114.019045, 22.5300721], [114.0190481, 22.5300578], [114.0190486, 22.5300433], [114.0190465, 22.5300289], [114.0190418, 22.530015], [114.0190348, 22.530002], [114.0190255, 22.5299902], [114.0190142, 22.52998], [114.0190013, 22.5299717], [114.0189871, 22.5299654], [114.0189719, 22.5299614], [114.0189563, 22.5299598], [114.0189406, 22.5299605], [114.0189252, 22.5299636], [114.0189105, 22.5299691], [114.0188971, 22.5299766], [114.0188852, 22.5299861], [114.0188751, 22.5299973], [114.0188672, 22.5300099], [114.0188616, 22.5300235], [114.0188299, 22.5301256]]]]}}, {"type": "Feature", "id": "way/346314998", "properties": {"tags": {"addr:housename": "碧海红树园", "addr:housename:en": "Bihai Mangrove Park", "addr:housename:zh": "碧海红树园", "building": "apartments", "building:levels": "33", "name": "7栋", "name:zh": "7栋"}, "heightStatus": "levels_only_unverified", "source": "OpenStreetMap", "license": "ODbL-1.0"}, "geometry": {"type": "MultiPolygon", "coordinates": [[[[114.0171034, 22.5306244], [114.0172211, 22.5306091], [114.0172325, 22.5305698], [114.0173544, 22.5306], [114.017343, 22.5306393], [114.0174367, 22.5307069], [114.0174097, 22.5307388], [114.0173689, 22.530787], [114.017312, 22.530746], [114.0173077, 22.5307611], [114.0172935, 22.5307665], [114.0172785, 22.5307698], [114.0172632, 22.5307707], [114.0172479, 22.5307693], [114.017233, 22.5307657], [114.017219, 22.5307598], [114.0172063, 22.5307519], [114.0171951, 22.5307422], [114.0171858, 22.5307309], [114.0171901, 22.5307158], [114.0171187, 22.5307251], [114.0171127, 22.530686], [114.0171034, 22.5306244]]]]}}, {"type": "Feature", "id": "way/346315002", "properties": {"tags": {"building": "residential", "layer": "2"}, "heightStatus": "unknown", "source": "OpenStreetMap", "license": "ODbL-1.0"}, "geometry": {"type": "MultiPolygon", "coordinates": [[[[114.0176378, 22.5299237], [114.0176409, 22.5299067], [114.0176472, 22.5298904], [114.0176563, 22.5298754], [114.017668, 22.5298619], [114.017682, 22.5298506], [114.0176979, 22.5298415], [114.0177152, 22.5298351], [114.0177335, 22.5298315], [114.0177521, 22.5298307], [114.0177707, 22.5298329], [114.0177885, 22.529838], [114.0178052, 22.5298457], [114.0178202, 22.529856], [114.0178331, 22.5298684], [114.0178436, 22.5298827], [114.0178512, 22.5298984], [114.0178559, 22.5299151], [114.0178575, 22.5299323], [114.0178559, 22.5299495], [114.0178512, 22.5299662], [114.0178436, 22.5299819], [114.0178331, 22.5299962], [114.0178202, 22.5300086], [114.0178052, 22.5300189], [114.0177885, 22.5300266], [114.0177707, 22.5300317], [114.0177521, 22.5300339], [114.0177335, 22.5300331], [114.0177152, 22.5300295], [114.0176979, 22.5300231], [114.017682, 22.530014], [114.017668, 22.5300026], [114.0176563, 22.5299892], [114.0176472, 22.5299742], [114.0176409, 22.5299579], [114.0176378, 22.5299409], [114.0176378, 22.5299237]]]]}}, {"type": "Feature", "id": "way/346315005", "properties": {"tags": {"building": "residential"}, "heightStatus": "unknown", "source": "OpenStreetMap", "license": "ODbL-1.0"}, "geometry": {"type": "MultiPolygon", "coordinates": [[[[114.0208185, 22.5273363], [114.0209019, 22.5272882], [114.020982, 22.5274066], [114.0208986, 22.5274547], [114.0208185, 22.5273363]]]]}}, {"type": "Feature", "id": "way/346315006", "properties": {"tags": {"building": "residential"}, "heightStatus": "unknown", "source": "OpenStreetMap", "license": "ODbL-1.0"}, "geometry": {"type": "MultiPolygon", "coordinates": [[[[114.019664, 22.527554], [114.019739, 22.5275113], [114.0198048, 22.52761], [114.0197297, 22.5276527], [114.019664, 22.527554]]]]}}, {"type": "Feature", "id": "way/346315007", "properties": {"tags": {"building": "residential"}, "heightStatus": "unknown", "source": "OpenStreetMap", "license": "ODbL-1.0"}, "geometry": {"type": "MultiPolygon", "coordinates": [[[[114.0205392, 22.5270616], [114.020635, 22.5270063], [114.0207011, 22.527104], [114.0206053, 22.5271593], [114.0205392, 22.5270616]]]]}}, {"type": "Feature", "id": "way/346315008", "properties": {"tags": {"building": "residential"}, "heightStatus": "unknown", "source": "OpenStreetMap", "license": "ODbL-1.0"}, "geometry": {"type": "MultiPolygon", "coordinates": [[[[114.0192603, 22.5285465], [114.0193338, 22.5285016], [114.0193621, 22.5285435], [114.0192887, 22.5285884], [114.0192603, 22.5285465]]]]}}, {"type": "Feature", "id": "way/346315009", "properties": {"tags": {"building": "residential"}, "heightStatus": "unknown", "source": "OpenStreetMap", "license": "ODbL-1.0"}, "geometry": {"type": "MultiPolygon", "coordinates": [[[[114.0193038, 22.5286585], [114.0194832, 22.5285882], [114.0195448, 22.5286831], [114.0193445, 22.5287617], [114.0193038, 22.5286585]]]]}}, {"type": "Feature", "id": "way/346315011", "properties": {"tags": {"building": "residential"}, "heightStatus": "unknown", "source": "OpenStreetMap", "license": "ODbL-1.0"}, "geometry": {"type": "MultiPolygon", "coordinates": [[[[114.019083, 22.5278921], [114.0191583, 22.5278499], [114.0192234, 22.527949], [114.0191481, 22.5279912], [114.019083, 22.5278921]]]]}}, {"type": "Feature", "id": "way/346315012", "properties": {"tags": {"building": "residential"}, "heightStatus": "unknown", "source": "OpenStreetMap", "license": "ODbL-1.0"}, "geometry": {"type": "MultiPolygon", "coordinates": [[[[114.0197111, 22.529018], [114.0198003, 22.5289559], [114.0198681, 22.5290788], [114.0197789, 22.5291409], [114.0197111, 22.529018]]]]}}, {"type": "Feature", "id": "way/346315013", "properties": {"tags": {"building": "residential"}, "heightStatus": "unknown", "source": "OpenStreetMap", "license": "ODbL-1.0"}, "geometry": {"type": "MultiPolygon", "coordinates": [[[[114.0189433, 22.5283648], [114.0190578, 22.5282948], [114.0191635, 22.5284512], [114.0190491, 22.5285211], [114.0189433, 22.5283648]]]]}}, {"type": "Feature", "id": "way/346315014", "properties": {"tags": {"building": "residential"}, "heightStatus": "unknown", "source": "OpenStreetMap", "license": "ODbL-1.0"}, "geometry": {"type": "MultiPolygon", "coordinates": [[[[114.0192162, 22.5284856], [114.0192897, 22.5284408], [114.0193247, 22.5284925], [114.0192512, 22.5285374], [114.0192162, 22.5284856]]]]}}, {"type": "Feature", "id": "way/346315015", "properties": {"tags": {"building": "residential"}, "heightStatus": "unknown", "source": "OpenStreetMap", "license": "ODbL-1.0"}, "geometry": {"type": "MultiPolygon", "coordinates": [[[[114.0195762, 22.5280253], [114.0196497, 22.5279804], [114.0197329, 22.5281034], [114.0196594, 22.5281483], [114.0195762, 22.5280253]]]]}}, {"type": "Feature", "id": "way/346315016", "properties": {"tags": {"building": "residential"}, "heightStatus": "unknown", "source": "OpenStreetMap", "license": "ODbL-1.0"}, "geometry": {"type": "MultiPolygon", "coordinates": [[[[114.0201542, 22.5280921], [114.0202277, 22.5280472], [114.0202938, 22.5281449], [114.0202203, 22.5281898], [114.0201542, 22.5280921]]]]}}, {"type": "Feature", "id": "way/346315017", "properties": {"tags": {"building": "residential"}, "heightStatus": "unknown", "source": "OpenStreetMap", "license": "ODbL-1.0"}, "geometry": {"type": "MultiPolygon", "coordinates": [[[[114.0199647, 22.5280089], [114.0200382, 22.527964], [114.0201179, 22.5280818], [114.0200444, 22.5281267], [114.0199647, 22.5280089]]]]}}, {"type": "Feature", "id": "way/346315018", "properties": {"tags": {"building": "residential"}, "heightStatus": "unknown", "source": "OpenStreetMap", "license": "ODbL-1.0"}, "geometry": {"type": "MultiPolygon", "coordinates": [[[[114.0199171, 22.5288745], [114.0200064, 22.5288124], [114.0200742, 22.5289353], [114.0199849, 22.5289975], [114.0199171, 22.5288745]]]]}}, {"type": "Feature", "id": "way/346315019", "properties": {"tags": {"building": "residential"}, "heightStatus": "unknown", "source": "OpenStreetMap", "license": "ODbL-1.0"}, "geometry": {"type": "MultiPolygon", "coordinates": [[[[114.0194741, 22.5274729], [114.0195491, 22.5274302], [114.0196149, 22.5275289], [114.0195398, 22.5275716], [114.0194741, 22.5274729]]]]}}, {"type": "Feature", "id": "way/346315021", "properties": {"tags": {"building": "residential"}, "heightStatus": "unknown", "source": "OpenStreetMap", "license": "ODbL-1.0"}, "geometry": {"type": "MultiPolygon", "coordinates": [[[[114.0191893, 22.528052], [114.0192628, 22.5280071], [114.0193343, 22.5281129], [114.0192608, 22.5281578], [114.0191893, 22.528052]]]]}}, {"type": "Feature", "id": "way/346315022", "properties": {"tags": {"building": "residential"}, "heightStatus": "unknown", "source": "OpenStreetMap", "license": "ODbL-1.0"}, "geometry": {"type": "MultiPolygon", "coordinates": [[[[114.0201476, 22.5287754], [114.02024, 22.528719], [114.0202803, 22.5287919], [114.020191, 22.528854], [114.0201476, 22.5287754]]]]}}, {"type": "Feature", "id": "way/346315023", "properties": {"tags": {"building": "residential"}, "heightStatus": "unknown", "source": "OpenStreetMap", "license": "ODbL-1.0"}, "geometry": {"type": "MultiPolygon", "coordinates": [[[[114.0200899, 22.5273209], [114.0201521, 22.527285], [114.0202182, 22.5273827], [114.020156, 22.5274186], [114.0200899, 22.5273209]]]]}}, {"type": "Feature", "id": "way/346315024", "properties": {"tags": {"building": "residential"}, "heightStatus": "unknown", "source": "OpenStreetMap", "license": "ODbL-1.0"}, "geometry": {"type": "MultiPolygon", "coordinates": [[[[114.0202301, 22.5282042], [114.0203035, 22.5281593], [114.0203832, 22.5282771], [114.0203098, 22.528322], [114.0202301, 22.5282042]]]]}}, {"type": "Feature", "id": "way/346315025", "properties": {"tags": {"building": "residential"}, "heightStatus": "unknown", "source": "OpenStreetMap", "license": "ODbL-1.0"}, "geometry": {"type": "MultiPolygon", "coordinates": [[[[114.0197649, 22.5277096], [114.0198391, 22.5276658], [114.0199173, 22.5277789], [114.019843, 22.5278227], [114.0197649, 22.5277096]]]]}}, {"type": "Feature", "id": "way/346315026", "properties": {"tags": {"building": "residential"}, "heightStatus": "unknown", "source": "OpenStreetMap", "license": "ODbL-1.0"}, "geometry": {"type": "MultiPolygon", "coordinates": [[[[114.0200379, 22.5275641], [114.0201212, 22.5275159], [114.020234, 22.5276826], [114.0201506, 22.5277308], [114.0200379, 22.5275641]]]]}}, {"type": "Feature", "id": "way/346315027", "properties": {"tags": {"building": "residential"}, "heightStatus": "unknown", "source": "OpenStreetMap", "license": "ODbL-1.0"}, "geometry": {"type": "MultiPolygon", "coordinates": [[[[114.0200337, 22.5288274], [114.020123, 22.5287652], [114.0201772, 22.5288636], [114.020088, 22.5289257], [114.0200337, 22.5288274]]]]}}, {"type": "Feature", "id": "way/346315028", "properties": {"tags": {"building": "residential"}, "heightStatus": "unknown", "source": "OpenStreetMap", "license": "ODbL-1.0"}, "geometry": {"type": "MultiPolygon", "coordinates": [[[[114.02109, 22.5275829], [114.0211389, 22.5275547], [114.0212887, 22.5276662], [114.0212573, 22.5277076], [114.02109, 22.5275829]]]]}}, {"type": "Feature", "id": "way/346315029", "properties": {"tags": {"building": "residential"}, "heightStatus": "unknown", "source": "OpenStreetMap", "license": "ODbL-1.0"}, "geometry": {"type": "MultiPolygon", "coordinates": [[[[114.0198592, 22.527652], [114.0199333, 22.5276082], [114.0200115, 22.5277214], [114.0199373, 22.5277651], [114.0198592, 22.527652]]]]}}, {"type": "Feature", "id": "way/346315032", "properties": {"tags": {"building": "residential"}, "heightStatus": "unknown", "source": "OpenStreetMap", "license": "ODbL-1.0"}, "geometry": {"type": "MultiPolygon", "coordinates": [[[[114.0192982, 22.528213], [114.0193717, 22.5281681], [114.0194463, 22.5282784], [114.0193728, 22.5283233], [114.0192982, 22.528213]]]]}}, {"type": "Feature", "id": "way/346315033", "properties": {"tags": {"building": "residential"}, "heightStatus": "unknown", "source": "OpenStreetMap", "license": "ODbL-1.0"}, "geometry": {"type": "MultiPolygon", "coordinates": [[[[114.0197594, 22.5274979], [114.0198344, 22.5274553], [114.0199001, 22.527554], [114.0198251, 22.5275966], [114.0197594, 22.5274979]]]]}}, {"type": "Feature", "id": "way/346315036", "properties": {"tags": {"building": "residential"}, "heightStatus": "unknown", "source": "OpenStreetMap", "license": "ODbL-1.0"}, "geometry": {"type": "MultiPolygon", "coordinates": [[[[114.0207042, 22.5271705], [114.0207876, 22.5271224], [114.0208677, 22.5272408], [114.0207843, 22.5272889], [114.0207042, 22.5271705]]]]}}, {"type": "Feature", "id": "way/346315037", "properties": {"tags": {"building": "residential"}, "heightStatus": "unknown", "source": "OpenStreetMap", "license": "ODbL-1.0"}, "geometry": {"type": "MultiPolygon", "coordinates": [[[[114.0209263, 22.5272741], [114.0210096, 22.527226], [114.0210897, 22.5273444], [114.0210064, 22.5273925], [114.0209263, 22.5272741]]]]}}, {"type": "Feature", "id": "way/346315040", "properties": {"tags": {"building": "residential"}, "heightStatus": "unknown", "source": "OpenStreetMap", "license": "ODbL-1.0"}, "geometry": {"type": "MultiPolygon", "coordinates": [[[[114.0192898, 22.5279999], [114.019364, 22.527956], [114.0194367, 22.528061], [114.0193625, 22.5281049], [114.0192898, 22.5279999]]]]}}, {"type": "Feature", "id": "way/346315041", "properties": {"tags": {"building": "residential"}, "heightStatus": "unknown", "source": "OpenStreetMap", "license": "ODbL-1.0"}, "geometry": {"type": "MultiPolygon", "coordinates": [[[[114.0199339, 22.5282267], [114.0200313, 22.5281672], [114.0200974, 22.5282649], [114.02, 22.5283244], [114.0199339, 22.5282267]]]]}}, {"type": "Feature", "id": "way/346315042", "properties": {"tags": {"building": "residential"}, "heightStatus": "unknown", "source": "OpenStreetMap", "license": "ODbL-1.0"}, "geometry": {"type": "MultiPolygon", "coordinates": [[[[114.0204715, 22.5275967], [114.0205519, 22.5275503], [114.0206236, 22.5276563], [114.0205432, 22.5277027], [114.0204715, 22.5275967]]]]}}, {"type": "Feature", "id": "way/346315043", "properties": {"tags": {"building": "residential"}, "heightStatus": "unknown", "source": "OpenStreetMap", "license": "ODbL-1.0"}, "geometry": {"type": "MultiPolygon", "coordinates": [[[[114.019122, 22.5285432], [114.0191954, 22.5284983], [114.0192304, 22.5285501], [114.019157, 22.528595], [114.019122, 22.5285432]]]]}}, {"type": "Feature", "id": "way/346315044", "properties": {"tags": {"building": "residential"}, "heightStatus": "unknown", "source": "OpenStreetMap", "license": "ODbL-1.0"}, "geometry": {"type": "MultiPolygon", "coordinates": [[[[114.0212496, 22.5270875], [114.0213329, 22.5270394], [114.0214131, 22.5271578], [114.0213297, 22.5272059], [114.0212496, 22.5270875]]]]}}, {"type": "Feature", "id": "way/346315047", "properties": {"tags": {"building": "residential"}, "heightStatus": "unknown", "source": "OpenStreetMap", "license": "ODbL-1.0"}, "geometry": {"type": "MultiPolygon", "coordinates": [[[[114.0210298, 22.5274202], [114.0211132, 22.527372], [114.0211933, 22.5274904], [114.0211099, 22.5275386], [114.0210298, 22.5274202]]]]}}, {"type": "Feature", "id": "way/346315048", "properties": {"tags": {"building": "residential"}, "heightStatus": "unknown", "source": "OpenStreetMap", "license": "ODbL-1.0"}, "geometry": {"type": "MultiPolygon", "coordinates": [[[[114.0206029, 22.5274607], [114.0206863, 22.5274126], [114.0207664, 22.527531], [114.020683, 22.5275792], [114.0206029, 22.5274607]]]]}}, {"type": "Feature", "id": "way/346315049", "properties": {"tags": {"building": "residential"}, "heightStatus": "unknown", "source": "OpenStreetMap", "license": "ODbL-1.0"}, "geometry": {"type": "MultiPolygon", "coordinates": [[[[114.0191787, 22.5278367], [114.0192539, 22.5277945], [114.019319, 22.5278934], [114.0192437, 22.5279357], [114.0191787, 22.5278367]]]]}}, {"type": "Feature", "id": "way/346315050", "properties": {"tags": {"building": "residential"}, "heightStatus": "unknown", "source": "OpenStreetMap", "license": "ODbL-1.0"}, "geometry": {"type": "MultiPolygon", "coordinates": [[[[114.0208143, 22.5275446], [114.0208976, 22.5274964], [114.0209777, 22.5276148], [114.0208944, 22.527663], [114.0208143, 22.5275446]]]]}}, {"type": "Feature", "id": "way/346315051", "properties": {"tags": {"building": "residential"}, "heightStatus": "unknown", "source": "OpenStreetMap", "license": "ODbL-1.0"}, "geometry": {"type": "MultiPolygon", "coordinates": [[[[114.0197647, 22.5279101], [114.0198382, 22.5278652], [114.0199214, 22.5279882], [114.0198479, 22.5280331], [114.0197647, 22.5279101]]]]}}, {"type": "Feature", "id": "way/346315052", "properties": {"tags": {"building": "residential"}, "heightStatus": "unknown", "source": "OpenStreetMap", "license": "ODbL-1.0"}, "geometry": {"type": "MultiPolygon", "coordinates": [[[[114.020922, 22.5274824], [114.0210054, 22.5274342], [114.0210855, 22.5275526], [114.0210021, 22.5276008], [114.020922, 22.5274824]]]]}}, {"type": "Feature", "id": "way/346315053", "properties": {"tags": {"building": "residential"}, "heightStatus": "unknown", "source": "OpenStreetMap", "license": "ODbL-1.0"}, "geometry": {"type": "MultiPolygon", "coordinates": [[[[114.0204277, 22.5273391], [114.0204886, 22.5273039], [114.0205586, 22.5274073], [114.0204976, 22.5274425], [114.0204277, 22.5273391]]]]}}, {"type": "Feature", "id": "way/346315054", "properties": {"tags": {"building": "residential"}, "heightStatus": "unknown", "source": "OpenStreetMap", "license": "ODbL-1.0"}, "geometry": {"type": "MultiPolygon", "coordinates": [[[[114.020059, 22.5279513], [114.0201324, 22.5279064], [114.0202121, 22.5280242], [114.0201387, 22.5280691], [114.020059, 22.5279513]]]]}}, {"type": "Feature", "id": "way/346315055", "properties": {"tags": {"building": "residential"}, "heightStatus": "unknown", "source": "OpenStreetMap", "license": "ODbL-1.0"}, "geometry": {"type": "MultiPolygon", "coordinates": [[[[114.0196704, 22.5279677], [114.0197439, 22.5279228], [114.0198271, 22.5280458], [114.0197536, 22.5280907], [114.0196704, 22.5279677]]]]}}, {"type": "Feature", "id": "way/346315056", "properties": {"tags": {"building": "residential"}, "heightStatus": "unknown", "source": "OpenStreetMap", "license": "ODbL-1.0"}, "geometry": {"type": "MultiPolygon", "coordinates": [[[[114.0192039, 22.5282706], [114.0192774, 22.5282257], [114.0193132, 22.5282785], [114.0192397, 22.5283234], [114.0192039, 22.5282706]]]]}}, {"type": "Feature", "id": "way/346315057", "properties": {"tags": {"building": "residential"}, "heightStatus": "unknown", "source": "OpenStreetMap", "license": "ODbL-1.0"}, "geometry": {"type": "MultiPolygon", "coordinates": [[[[114.0196992, 22.5286089], [114.0197727, 22.528564], [114.0198474, 22.5286744], [114.0197739, 22.5287193], [114.0196992, 22.5286089]]]]}}, {"type": "Feature", "id": "way/346315059", "properties": {"tags": {"building": "residential"}, "heightStatus": "unknown", "source": "OpenStreetMap", "license": "ODbL-1.0"}, "geometry": {"type": "MultiPolygon", "coordinates": [[[[114.0212453, 22.5272958], [114.0213287, 22.5272476], [114.0213793, 22.5273223], [114.0212959, 22.5273705], [114.0212453, 22.5272958]]]]}}, {"type": "Feature", "id": "way/346315060", "properties": {"tags": {"building": "residential"}, "heightStatus": "unknown", "source": "OpenStreetMap", "license": "ODbL-1.0"}, "geometry": {"type": "MultiPolygon", "coordinates": [[[[114.0193841, 22.5279423], [114.0194583, 22.5278984], [114.019531, 22.5280035], [114.0194567, 22.5280473], [114.0193841, 22.5279423]]]]}}, {"type": "Feature", "id": "way/346315061", "properties": {"tags": {"building": "residential"}, "heightStatus": "unknown", "source": "OpenStreetMap", "license": "ODbL-1.0"}, "geometry": {"type": "MultiPolygon", "coordinates": [[[[114.0199131, 22.5272284], [114.0199716, 22.5271947], [114.0200455, 22.5273039], [114.019987, 22.5273377], [114.0199131, 22.5272284]]]]}}, {"type": "Feature", "id": "way/346315063", "properties": {"tags": {"building": "residential"}, "heightStatus": "unknown", "source": "OpenStreetMap", "license": "ODbL-1.0"}, "geometry": {"type": "MultiPolygon", "coordinates": [[[[114.0194696, 22.5276679], [114.019545, 22.5276257], [114.0196101, 22.5277248], [114.0195347, 22.527767], [114.0194696, 22.5276679]]]]}}, {"type": "Feature", "id": "way/346315064", "properties": {"tags": {"building": "residential"}, "heightStatus": "unknown", "source": "OpenStreetMap", "license": "ODbL-1.0"}, "geometry": {"type": "MultiPolygon", "coordinates": [[[[114.0194905, 22.5280955], [114.019564, 22.5280506], [114.0196386, 22.528161], [114.0195651, 22.5282058], [114.0194905, 22.5280955]]]]}}, {"type": "Feature", "id": "way/346315065", "properties": {"tags": {"building": "residential"}, "heightStatus": "unknown", "source": "OpenStreetMap", "license": "ODbL-1.0"}, "geometry": {"type": "MultiPolygon", "coordinates": [[[[114.0193084, 22.5284293], [114.0193819, 22.5283844], [114.0194169, 22.5284362], [114.0193434, 22.5284811], [114.0193084, 22.5284293]]]]}}, {"type": "Feature", "id": "way/346315066", "properties": {"tags": {"building": "residential"}, "heightStatus": "unknown", "source": "OpenStreetMap", "license": "ODbL-1.0"}, "geometry": {"type": "MultiPolygon", "coordinates": [[[[114.0199178, 22.5284851], [114.0200047, 22.5284321], [114.0200565, 22.5285045], [114.0199824, 22.5286022], [114.0199178, 22.5284851]]]]}}, {"type": "Feature", "id": "way/346315067", "properties": {"tags": {"building": "residential"}, "heightStatus": "unknown", "source": "OpenStreetMap", "license": "ODbL-1.0"}, "geometry": {"type": "MultiPolygon", "coordinates": [[[[114.0190275, 22.5282322], [114.0191132, 22.5281798], [114.0191458, 22.5282281], [114.0190601, 22.5282804], [114.0190275, 22.5282322]]]]}}, {"type": "Feature", "id": "way/346315068", "properties": {"tags": {"building": "residential"}, "heightStatus": "unknown", "source": "OpenStreetMap", "license": "ODbL-1.0"}, "geometry": {"type": "MultiPolygon", "coordinates": [[[[114.0189886, 22.5281747], [114.0190743, 22.5281223], [114.0191069, 22.5281706], [114.0190212, 22.5282229], [114.0189886, 22.5281747]]]]}}, {"type": "Feature", "id": "way/346315069", "properties": {"tags": {"building": "residential"}, "heightStatus": "unknown", "source": "OpenStreetMap", "license": "ODbL-1.0"}, "geometry": {"type": "MultiPolygon", "coordinates": [[[[114.0196706, 22.5277672], [114.0197448, 22.5277234], [114.019823, 22.5278365], [114.0197488, 22.5278802], [114.0196706, 22.5277672]]]]}}, {"type": "Feature", "id": "way/346315070", "properties": {"tags": {"building": "residential"}, "heightStatus": "unknown", "source": "OpenStreetMap", "license": "ODbL-1.0"}, "geometry": {"type": "MultiPolygon", "coordinates": [[[[114.0200833, 22.5271169], [114.0201779, 22.5270623], [114.0202583, 22.5271811], [114.0201637, 22.5272357], [114.0200833, 22.5271169]]]]}}, {"type": "Feature", "id": "way/346315071", "properties": {"tags": {"building": "residential"}, "heightStatus": "unknown", "source": "OpenStreetMap", "license": "ODbL-1.0"}, "geometry": {"type": "MultiPolygon", "coordinates": [[[[114.0198705, 22.5280665], [114.0199439, 22.5280216], [114.0200236, 22.5281394], [114.0199502, 22.5281843], [114.0198705, 22.5280665]]]]}}, {"type": "Feature", "id": "way/346315072", "properties": {"tags": {"building": "residential"}, "heightStatus": "unknown", "source": "OpenStreetMap", "license": "ODbL-1.0"}, "geometry": {"type": "MultiPolygon", "coordinates": [[[[114.0205653, 22.5275426], [114.0206263, 22.5275074], [114.0206815, 22.527589], [114.0206205, 22.5276242], [114.0205653, 22.5275426]]]]}}, {"type": "Feature", "id": "way/346315073", "properties": {"tags": {"building": "residential"}, "heightStatus": "unknown", "source": "OpenStreetMap", "license": "ODbL-1.0"}, "geometry": {"type": "MultiPolygon", "coordinates": [[[[114.0197222, 22.528811], [114.0198116, 22.5287564], [114.0198784, 22.5288551], [114.019789, 22.5289098], [114.0197222, 22.528811]]]]}}, {"type": "Feature", "id": "way/346315074", "properties": {"tags": {"building": "residential"}, "heightStatus": "unknown", "source": "OpenStreetMap", "license": "ODbL-1.0"}, "geometry": {"type": "MultiPolygon", "coordinates": [[[[114.0203792, 22.5276531], [114.0204595, 22.5276067], [114.0205297, 22.5277105], [114.0204493, 22.5277569], [114.0203792, 22.5276531]]]]}}, {"type": "Feature", "id": "way/346315075", "properties": {"tags": {"building": "residential"}, "heightStatus": "unknown", "source": "OpenStreetMap", "license": "ODbL-1.0"}, "geometry": {"type": "MultiPolygon", "coordinates": [[[[114.0199909, 22.5287514], [114.020082, 22.5287009], [114.0201138, 22.5287584], [114.0200184, 22.5288113], [114.0199909, 22.5287514]]]]}}, {"type": "Feature", "id": "way/346315076", "properties": {"tags": {"building": "residential"}, "heightStatus": "unknown", "source": "OpenStreetMap", "license": "ODbL-1.0"}, "geometry": {"type": "MultiPolygon", "coordinates": [[[[114.0198675, 22.5278652], [114.019941, 22.5278203], [114.0200156, 22.5279306], [114.0199422, 22.5279755], [114.0198675, 22.5278652]]]]}}, {"type": "Feature", "id": "way/346315078", "properties": {"tags": {"building": "residential"}, "heightStatus": "unknown", "source": "OpenStreetMap", "license": "ODbL-1.0"}, "geometry": {"type": "MultiPolygon", "coordinates": [[[[114.0192744, 22.5277812], [114.0193497, 22.527739], [114.0194147, 22.527838], [114.0193394, 22.5278802], [114.0192744, 22.5277812]]]]}}, {"type": "Feature", "id": "way/346315080", "properties": {"tags": {"building": "residential"}, "heightStatus": "unknown", "source": "OpenStreetMap", "license": "ODbL-1.0"}, "geometry": {"type": "MultiPolygon", "coordinates": [[[[114.0204209, 22.5271298], [114.0205167, 22.5270745], [114.0205829, 22.5271722], [114.020487, 22.5272276], [114.0204209, 22.5271298]]]]}}, {"type": "Feature", "id": "way/346315082", "properties": {"tags": {"building": "residential"}, "heightStatus": "unknown", "source": "OpenStreetMap", "license": "ODbL-1.0"}, "geometry": {"type": "MultiPolygon", "coordinates": [[[[114.019682, 22.5281816], [114.0197554, 22.5281367], [114.0198351, 22.5282545], [114.0197617, 22.5282994], [114.019682, 22.5281816]]]]}}, {"type": "Feature", "id": "way/346315084", "properties": {"tags": {"building": "residential"}, "heightStatus": "unknown", "source": "OpenStreetMap", "license": "ODbL-1.0"}, "geometry": {"type": "MultiPolygon", "coordinates": [[[[114.0213426, 22.5276496], [114.0214341, 22.5275488], [114.021514, 22.5276107], [114.0214225, 22.5277114], [114.0213426, 22.5276496]]]]}}, {"type": "Feature", "id": "way/346315086", "properties": {"tags": {"building": "residential"}, "heightStatus": "unknown", "source": "OpenStreetMap", "license": "ODbL-1.0"}, "geometry": {"type": "MultiPolygon", "coordinates": [[[[114.0193525, 22.5284902], [114.019426, 22.5284453], [114.0194543, 22.5284872], [114.0193808, 22.5285321], [114.0193525, 22.5284902]]]]}}, {"type": "Feature", "id": "way/346315087", "properties": {"tags": {"building": "residential"}, "heightStatus": "unknown", "source": "OpenStreetMap", "license": "ODbL-1.0"}, "geometry": {"type": "MultiPolygon", "coordinates": [[[[114.0199618, 22.5278076], [114.0200352, 22.5277627], [114.0201099, 22.5278731], [114.0200364, 22.5279179], [114.0199618, 22.5278076]]]]}}, {"type": "Feature", "id": "way/346315088", "properties": {"tags": {"building": "residential"}, "heightStatus": "unknown", "source": "OpenStreetMap", "license": "ODbL-1.0"}, "geometry": {"type": "MultiPolygon", "coordinates": [[[[114.019164, 22.5286053], [114.0192375, 22.5285604], [114.0192658, 22.5286024], [114.0191923, 22.5286472], [114.019164, 22.5286053]]]]}}, {"type": "Feature", "id": "way/346315089", "properties": {"tags": {"building": "residential"}, "heightStatus": "unknown", "source": "OpenStreetMap", "license": "ODbL-1.0"}, "geometry": {"type": "MultiPolygon", "coordinates": [[[[114.0200654, 22.5281463], [114.0201389, 22.5281015], [114.020205, 22.5281992], [114.0201316, 22.5282441], [114.0200654, 22.5281463]]]]}}, {"type": "Feature", "id": "way/346315091", "properties": {"tags": {"building": "residential"}, "heightStatus": "unknown", "source": "OpenStreetMap", "license": "ODbL-1.0"}, "geometry": {"type": "MultiPolygon", "coordinates": [[[[114.0201374, 22.5275066], [114.0202208, 22.5274585], [114.0203336, 22.5276252], [114.0202502, 22.5276733], [114.0201374, 22.5275066]]]]}}, {"type": "Feature", "id": "way/346315092", "properties": {"tags": {"building": "residential"}, "heightStatus": "unknown", "source": "OpenStreetMap", "license": "ODbL-1.0"}, "geometry": {"type": "MultiPolygon", "coordinates": [[[[114.0195877, 22.5282392], [114.0196612, 22.5281943], [114.0197409, 22.5283121], [114.0196674, 22.528357], [114.0195877, 22.5282392]]]]}}, {"type": "Feature", "id": "way/346315093", "properties": {"tags": {"building": "residential"}, "heightStatus": "unknown", "source": "OpenStreetMap", "license": "ODbL-1.0"}, "geometry": {"type": "MultiPolygon", "coordinates": [[[[114.019605, 22.5286665], [114.0196785, 22.5286216], [114.0197531, 22.528732], [114.0196797, 22.5287769], [114.019605, 22.5286665]]]]}}, {"type": "Feature", "id": "way/346315094", "properties": {"tags": {"building": "residential"}, "heightStatus": "unknown", "source": "OpenStreetMap", "license": "ODbL-1.0"}, "geometry": {"type": "MultiPolygon", "coordinates": [[[[114.0194897, 22.5282991], [114.0195631, 22.5282542], [114.0196428, 22.528372], [114.0195693, 22.5284169], [114.0194897, 22.5282991]]]]}}, {"type": "Feature", "id": "way/346315096", "properties": {"tags": {"building": "residential"}, "heightStatus": "unknown", "source": "OpenStreetMap", "license": "ODbL-1.0"}, "geometry": {"type": "MultiPolygon", "coordinates": [[[[114.0205277, 22.5277339], [114.0206273, 22.5276765], [114.0206895, 22.5277684], [114.0205899, 22.5278259], [114.0205277, 22.5277339]]]]}}, {"type": "Feature", "id": "way/346315097", "properties": {"tags": {"building": "residential"}, "heightStatus": "unknown", "source": "OpenStreetMap", "license": "ODbL-1.0"}, "geometry": {"type": "MultiPolygon", "coordinates": [[[[114.0200155, 22.5283474], [114.020113, 22.5282879], [114.0201791, 22.5283856], [114.0200817, 22.5284452], [114.0200155, 22.5283474]]]]}}, {"type": "Feature", "id": "way/346315098", "properties": {"tags": {"building": "residential"}, "heightStatus": "unknown", "source": "OpenStreetMap", "license": "ODbL-1.0"}, "geometry": {"type": "MultiPolygon", "coordinates": [[[[114.0194821, 22.5278824], [114.0195563, 22.5278385], [114.019629, 22.5279435], [114.0195548, 22.5279874], [114.0194821, 22.5278824]]]]}}, {"type": "Feature", "id": "way/346315099", "properties": {"tags": {"building": "residential"}, "heightStatus": "unknown", "source": "OpenStreetMap", "license": "ODbL-1.0"}, "geometry": {"type": "MultiPolygon", "coordinates": [[[[114.0196208, 22.5288766], [114.0197102, 22.528822], [114.019777, 22.5289207], [114.0196876, 22.5289753], [114.0196208, 22.5288766]]]]}}, {"type": "Feature", "id": "way/346315100", "properties": {"tags": {"building": "residential"}, "heightStatus": "unknown", "source": "OpenStreetMap", "license": "ODbL-1.0"}, "geometry": {"type": "MultiPolygon", "coordinates": [[[[114.0196647, 22.5273608], [114.0197397, 22.5273181], [114.0198055, 22.5274167], [114.0197305, 22.5274594], [114.0196647, 22.5273608]]]]}}, {"type": "Feature", "id": "way/346315102", "properties": {"tags": {"building": "residential"}, "heightStatus": "unknown", "source": "OpenStreetMap", "license": "ODbL-1.0"}, "geometry": {"type": "MultiPolygon", "coordinates": [[[[114.0192156, 22.5276882], [114.0192675, 22.5276096], [114.0193253, 22.5276981], [114.0192496, 22.5277403], [114.0192156, 22.5276882]]]]}}, {"type": "Feature", "id": "way/346315103", "properties": {"tags": {"building": "residential"}, "heightStatus": "unknown", "source": "OpenStreetMap", "license": "ODbL-1.0"}, "geometry": {"type": "MultiPolygon", "coordinates": [[[[114.0210275, 22.5269839], [114.0211109, 22.5269358], [114.021191, 22.5270542], [114.0211076, 22.5271023], [114.0210275, 22.5269839]]]]}}, {"type": "Feature", "id": "way/346315105", "properties": {"tags": {"building": "residential"}, "heightStatus": "unknown", "source": "OpenStreetMap", "license": "ODbL-1.0"}, "geometry": {"type": "MultiPolygon", "coordinates": [[[[114.0209198, 22.5270461], [114.0210032, 22.526998], [114.0210833, 22.5271164], [114.0209999, 22.5271645], [114.0209198, 22.5270461]]]]}}, {"type": "Feature", "id": "way/346315106", "properties": {"tags": {"building": "residential"}, "heightStatus": "unknown", "source": "OpenStreetMap", "license": "ODbL-1.0"}, "geometry": {"type": "MultiPolygon", "coordinates": [[[[114.0207065, 22.5276068], [114.0207899, 22.5275586], [114.02087, 22.5276771], [114.0207866, 22.5277252], [114.0207065, 22.5276068]]]]}}, {"type": "Feature", "id": "way/346315107", "properties": {"tags": {"building": "residential"}, "heightStatus": "unknown", "source": "OpenStreetMap", "license": "ODbL-1.0"}, "geometry": {"type": "MultiPolygon", "coordinates": [[[[114.0211418, 22.5271497], [114.0212252, 22.5271016], [114.0213053, 22.52722], [114.0212219, 22.5272681], [114.0211418, 22.5271497]]]]}}, {"type": "Feature", "id": "way/346315108", "properties": {"tags": {"building": "residential"}, "heightStatus": "unknown", "source": "OpenStreetMap", "license": "ODbL-1.0"}, "geometry": {"type": "MultiPolygon", "coordinates": [[[[114.019683, 22.52838], [114.0197963, 22.5283108], [114.019843, 22.5283797], [114.0197296, 22.528449], [114.019683, 22.52838]]]]}}, {"type": "Feature", "id": "way/346315109", "properties": {"tags": {"building": "residential"}, "heightStatus": "unknown", "source": "OpenStreetMap", "license": "ODbL-1.0"}, "geometry": {"type": "MultiPolygon", "coordinates": [[[[114.020812, 22.5271083], [114.0208954, 22.5270602], [114.0209755, 22.5271786], [114.0208921, 22.5272267], [114.020812, 22.5271083]]]]}}, {"type": "Feature", "id": "way/346315110", "properties": {"tags": {"building": "residential"}, "heightStatus": "unknown", "source": "OpenStreetMap", "license": "ODbL-1.0"}, "geometry": {"type": "MultiPolygon", "coordinates": [[[[114.0203943, 22.5274827], [114.0204747, 22.5274363], [114.020527, 22.5275135], [114.0204466, 22.5275599], [114.0203943, 22.5274827]]]]}}, {"type": "Feature", "id": "way/346315111", "properties": {"tags": {"building": "residential"}, "heightStatus": "unknown", "source": "OpenStreetMap", "license": "ODbL-1.0"}, "geometry": {"type": "MultiPolygon", "coordinates": [[[[114.0201968, 22.5270647], [114.0202952, 22.5270079], [114.020369, 22.5271171], [114.0202707, 22.5271739], [114.0201968, 22.5270647]]]]}}, {"type": "Feature", "id": "way/346315112", "properties": {"tags": {"building": "residential"}, "heightStatus": "unknown", "source": "OpenStreetMap", "license": "ODbL-1.0"}, "geometry": {"type": "MultiPolygon", "coordinates": [[[[114.0199952, 22.527181], [114.0200774, 22.5271336], [114.0201512, 22.5272428], [114.0200691, 22.5272902], [114.0199952, 22.527181]]]]}}, {"type": "Feature", "id": "way/346315114", "properties": {"tags": {"building": "residential"}, "heightStatus": "unknown", "source": "OpenStreetMap", "license": "ODbL-1.0"}, "geometry": {"type": "MultiPolygon", "coordinates": [[[[114.0197454, 22.528467], [114.0198587, 22.5283977], [114.0199077, 22.5284702], [114.0197944, 22.5285394], [114.0197454, 22.528467]]]]}}, {"type": "Feature", "id": "way/346315115", "properties": {"tags": {"building": "residential"}, "heightStatus": "unknown", "source": "OpenStreetMap", "license": "ODbL-1.0"}, "geometry": {"type": "MultiPolygon", "coordinates": [[[[114.0195449, 22.5289229], [114.0196, 22.5288893], [114.0196668, 22.528988], [114.0196117, 22.5290217], [114.0195449, 22.5289229]]]]}}, {"type": "Feature", "id": "way/346315116", "properties": {"tags": {"building": "residential"}, "heightStatus": "unknown", "source": "OpenStreetMap", "license": "ODbL-1.0"}, "geometry": {"type": "MultiPolygon", "coordinates": [[[[114.020172, 22.5272735], [114.0202342, 22.5272376], [114.0203003, 22.5273353], [114.0202381, 22.5273712], [114.020172, 22.5272735]]]]}}, {"type": "Feature", "id": "way/346315117", "properties": {"tags": {"building": "residential"}, "heightStatus": "unknown", "source": "OpenStreetMap", "license": "ODbL-1.0"}, "geometry": {"type": "MultiPolygon", "coordinates": [[[[114.0198141, 22.5289463], [114.0199034, 22.5288841], [114.0199712, 22.529007], [114.0198819, 22.5290692], [114.0198141, 22.5289463]]]]}}, {"type": "Feature", "id": "way/346315118", "properties": {"tags": {"building": "residential"}, "heightStatus": "unknown", "source": "OpenStreetMap", "license": "ODbL-1.0"}, "geometry": {"type": "MultiPolygon", "coordinates": [[[[114.019376, 22.5275301], [114.0194513, 22.5274879], [114.0195164, 22.527587], [114.0194411, 22.5276292], [114.019376, 22.5275301]]]]}}, {"type": "Feature", "id": "way/346315119", "properties": {"tags": {"building": "roof", "layer": "1", "name": "舞台"}, "heightStatus": "unknown", "source": "OpenStreetMap", "license": "ODbL-1.0"}, "geometry": {"type": "MultiPolygon", "coordinates": [[[[114.0209962, 22.5278079], [114.0210484, 22.5276696], [114.0213755, 22.5277748], [114.0213233, 22.5279131], [114.0209962, 22.5278079]]]]}}, {"type": "Feature", "id": "way/346315120", "properties": {"tags": {"building": "residential"}, "heightStatus": "unknown", "source": "OpenStreetMap", "license": "ODbL-1.0"}, "geometry": {"type": "MultiPolygon", "coordinates": [[[[114.0211376, 22.527358], [114.021221, 22.5273098], [114.0212855, 22.5274052], [114.0212021, 22.5274534], [114.0211376, 22.527358]]]]}}, {"type": "Feature", "id": "way/346315121", "properties": {"tags": {"building": "residential"}, "heightStatus": "unknown", "source": "OpenStreetMap", "license": "ODbL-1.0"}, "geometry": {"type": "MultiPolygon", "coordinates": [[[[114.0195687, 22.5276101], [114.0196436, 22.5275674], [114.0197094, 22.5276661], [114.0196345, 22.5277088], [114.0195687, 22.5276101]]]]}}, {"type": "Feature", "id": "way/346315122", "properties": {"tags": {"building": "residential"}, "heightStatus": "unknown", "source": "OpenStreetMap", "license": "ODbL-1.0"}, "geometry": {"type": "MultiPolygon", "coordinates": [[[[114.0203343, 22.5273939], [114.0204147, 22.5273476], [114.0204663, 22.5274239], [114.0203859, 22.5274703], [114.0203343, 22.5273939]]]]}}, {"type": "Feature", "id": "way/346315123", "properties": {"tags": {"building": "residential"}, "heightStatus": "unknown", "source": "OpenStreetMap", "license": "ODbL-1.0"}, "geometry": {"type": "MultiPolygon", "coordinates": [[[[114.0207107, 22.5273985], [114.0207941, 22.5273504], [114.0208742, 22.5274688], [114.0207908, 22.527517], [114.0207107, 22.5273985]]]]}}, {"type": "Feature", "id": "way/346315125", "properties": {"tags": {"building": "residential"}, "heightStatus": "unknown", "source": "OpenStreetMap", "license": "ODbL-1.0"}, "geometry": {"type": "MultiPolygon", "coordinates": [[[[114.0206407, 22.5276687], [114.0207017, 22.5276335], [114.0207702, 22.5277347], [114.0207092, 22.5277699], [114.0206407, 22.5276687]]]]}}, {"type": "Feature", "id": "way/346315126", "properties": {"tags": {"building": "residential"}, "heightStatus": "unknown", "source": "OpenStreetMap", "license": "ODbL-1.0"}, "geometry": {"type": "MultiPolygon", "coordinates": [[[[114.0198389, 22.5272877], [114.0199012, 22.5272517], [114.019967, 22.5273492], [114.0199048, 22.5273851], [114.0198389, 22.5272877]]]]}}, {"type": "Feature", "id": "way/346315127", "properties": {"tags": {"building": "residential"}, "heightStatus": "unknown", "source": "OpenStreetMap", "license": "ODbL-1.0"}, "geometry": {"type": "MultiPolygon", "coordinates": [[[[114.0195764, 22.5278248], [114.0196506, 22.5277809], [114.0197233, 22.527886], [114.0196491, 22.5279298], [114.0195764, 22.5278248]]]]}}, {"type": "Feature", "id": "way/346315128", "properties": {"tags": {"building": "residential"}, "heightStatus": "unknown", "source": "OpenStreetMap", "license": "ODbL-1.0"}, "geometry": {"type": "MultiPolygon", "coordinates": [[[[114.021034, 22.5272119], [114.0211174, 22.5271638], [114.0211975, 22.5272822], [114.0211141, 22.5273303], [114.021034, 22.5272119]]]]}}, {"type": "Feature", "id": "way/346315129", "properties": {"tags": {"building": "residential"}, "heightStatus": "unknown", "source": "OpenStreetMap", "license": "ODbL-1.0"}, "geometry": {"type": "MultiPolygon", "coordinates": [[[[114.0193954, 22.5283567], [114.0194689, 22.5283118], [114.0195486, 22.5284296], [114.0194751, 22.5284745], [114.0193954, 22.5283567]]]]}}, {"type": "Feature", "id": "way/346315130", "properties": {"tags": {"building": "residential"}, "heightStatus": "unknown", "source": "OpenStreetMap", "license": "ODbL-1.0"}, "geometry": {"type": "MultiPolygon", "coordinates": [[[[114.0190951, 22.5281096], [114.0191685, 22.5280647], [114.0192401, 22.5281705], [114.0191666, 22.5282154], [114.0190951, 22.5281096]]]]}}, {"type": "Feature", "id": "way/346315131", "properties": {"tags": {"building": "residential"}, "heightStatus": "unknown", "source": "OpenStreetMap", "license": "ODbL-1.0"}, "geometry": {"type": "MultiPolygon", "coordinates": [[[[114.0202541, 22.5272261], [114.0203164, 22.5271902], [114.0203825, 22.5272879], [114.0203202, 22.5273238], [114.0202541, 22.5272261]]]]}}, {"type": "Feature", "id": "way/346315132", "properties": {"tags": {"building": "residential"}, "heightStatus": "unknown", "source": "OpenStreetMap", "license": "ODbL-1.0"}, "geometry": {"type": "MultiPolygon", "coordinates": [[[[114.0205965, 22.5272327], [114.0206798, 22.5271846], [114.0207599, 22.527303], [114.0206766, 22.5273511], [114.0205965, 22.5272327]]]]}}, {"type": "Feature", "id": "way/346315133", "properties": {"tags": {"building": "residential"}, "heightStatus": "unknown", "source": "OpenStreetMap", "license": "ODbL-1.0"}, "geometry": {"type": "MultiPolygon", "coordinates": [[[[114.0192803, 22.5275856], [114.0193556, 22.5275434], [114.0194207, 22.5276425], [114.0193454, 22.5276847], [114.0192803, 22.5275856]]]]}}, {"type": "Feature", "id": "way/346315134", "properties": {"tags": {"building": "residential"}, "heightStatus": "unknown", "source": "OpenStreetMap", "license": "ODbL-1.0"}, "geometry": {"type": "MultiPolygon", "coordinates": [[[[114.0203363, 22.5271787], [114.0203985, 22.5271428], [114.0204646, 22.5272405], [114.0204024, 22.5272764], [114.0203363, 22.5271787]]]]}}, {"type": "Feature", "id": "way/346315135", "properties": {"tags": {"building": "residential"}, "heightStatus": "unknown", "source": "OpenStreetMap", "license": "ODbL-1.0"}, "geometry": {"type": "MultiPolygon", "coordinates": [[[[114.0192358, 22.5287052], [114.0192954, 22.5286688], [114.0193419, 22.528787], [114.0193079, 22.5288058], [114.0192358, 22.5287052]]]]}}, {"type": "Feature", "id": "way/346315136", "properties": {"tags": {"building": "residential"}, "heightStatus": "unknown", "source": "OpenStreetMap", "license": "ODbL-1.0"}, "geometry": {"type": "MultiPolygon", "coordinates": [[[[114.0198384, 22.528285], [114.0199187, 22.528236], [114.0200276, 22.528397], [114.0199473, 22.528446], [114.0198384, 22.528285]]]]}}, {"type": "Feature", "id": "way/346315137", "properties": {"tags": {"building": "residential"}, "heightStatus": "unknown", "source": "OpenStreetMap", "license": "ODbL-1.0"}, "geometry": {"type": "MultiPolygon", "coordinates": [[[[114.0204887, 22.5272949], [114.0205721, 22.5272468], [114.0206522, 22.5273652], [114.0205688, 22.5274133], [114.0204887, 22.5272949]]]]}}, {"type": "Feature", "id": "way/346315138", "properties": {"tags": {"building": "residential"}, "heightStatus": "unknown", "source": "OpenStreetMap", "license": "ODbL-1.0"}, "geometry": {"type": "MultiPolygon", "coordinates": [[[[114.0212964, 22.5277005], [114.0213351, 22.5276579], [114.0214149, 22.5277197], [114.0213762, 22.5277623], [114.0212964, 22.5277005]]]]}}, {"type": "Feature", "id": "way/346315140", "properties": {"tags": {"building": "residential"}, "heightStatus": "unknown", "source": "OpenStreetMap", "license": "ODbL-1.0"}, "geometry": {"type": "MultiPolygon", "coordinates": [[[[114.0195093, 22.5285251], [114.0195828, 22.5284802], [114.0196575, 22.5285906], [114.019584, 22.5286355], [114.0195093, 22.5285251]]]]}}, {"type": "Feature", "id": "way/346315142", "properties": {"tags": {"building": "residential"}, "heightStatus": "unknown", "source": "OpenStreetMap", "license": "ODbL-1.0"}, "geometry": {"type": "MultiPolygon", "coordinates": [[[[114.017971, 22.530708], [114.0179964, 22.530626], [114.0180138, 22.5306305], [114.018106, 22.5302773], [114.0181343, 22.5302848], [114.0181415, 22.5302614], [114.0181824, 22.5302722], [114.0181873, 22.5302566], [114.018234, 22.5302689], [114.0182379, 22.5302608], [114.0182432, 22.5302535], [114.0182497, 22.530247], [114.0182574, 22.5302417], [114.0182659, 22.5302376], [114.018275, 22.5302349], [114.0182845, 22.5302336], [114.0182941, 22.5302339], [114.0183035, 22.5302356], [114.0183124, 22.5302387], [114.0183207, 22.5302432], [114.018328, 22.5302489], [114.0183342, 22.5302556], [114.0183391, 22.5302633], [114.0183425, 22.5302715], [114.0183444, 22.5302802], [114.0183447, 22.5302891], [114.0183433, 22.5302978], [114.0183404, 22.5303062], [114.018336, 22.5303141], [114.0183303, 22.5303212], [114.0183233, 22.5303273], [114.0183153, 22.5303322], [114.0183066, 22.5303358], [114.0182973, 22.530338], [114.0182878, 22.5303387], [114.0182782, 22.530338], [114.0182733, 22.5303538], [114.0182324, 22.5303429], [114.0181956, 22.5304615], [114.0182774, 22.5304832], [114.0182624, 22.5305314], [114.0182991, 22.5305411], [114.0182502, 22.5306988], [114.0181712, 22.5306779], [114.0181473, 22.5307548], [114.017971, 22.530708]]]]}}, {"type": "Feature", "id": "way/346315143", "properties": {"tags": {"building": "residential"}, "heightStatus": "unknown", "source": "OpenStreetMap", "license": "ODbL-1.0"}, "geometry": {"type": "MultiPolygon", "coordinates": [[[[114.0199473, 22.5286565], [114.0200121, 22.5286247], [114.0200507, 22.5286441], [114.0200767, 22.5286912], [114.0199862, 22.5287413], [114.0199473, 22.5286565]]]]}}, {"type": "Feature", "id": "way/346315144", "properties": {"tags": {"addr:housename": "碧海红树园", "addr:housename:en": "Bihai Mangrove Park", "addr:housename:zh": "碧海红树园", "building": "apartments", "building:levels": "33", "name": "1栋", "name:zh": "1栋"}, "heightStatus": "levels_only_unverified", "source": "OpenStreetMap", "license": "ODbL-1.0"}, "geometry": {"type": "MultiPolygon", "coordinates": [[[[114.0177312, 22.5292443], [114.0177453, 22.5290957], [114.0178031, 22.5291004], [114.0178075, 22.5290532], [114.0179099, 22.5290614], [114.0179054, 22.5291087], [114.0179823, 22.5291418], [114.0180193, 22.5290913], [114.0180983, 22.5291405], [114.0180368, 22.5292248], [114.0180855, 22.5292551], [114.0180239, 22.5293394], [114.0179529, 22.5292952], [114.0179454, 22.5293039], [114.0179364, 22.5293114], [114.0179262, 22.5293173], [114.0179151, 22.5293217], [114.0179034, 22.5293243], [114.0178913, 22.5293251], [114.0178793, 22.529324], [114.0178676, 22.5293212], [114.0178566, 22.5293166], [114.0178466, 22.5293104], [114.0178377, 22.5293028], [114.0178304, 22.529294], [114.0178247, 22.5292841], [114.0178209, 22.5292736], [114.017819, 22.5292626], [114.017819, 22.5292514], [114.0177312, 22.5292443]]]]}}, {"type": "Feature", "id": "way/346315145", "properties": {"tags": {"building": "residential"}, "heightStatus": "unknown", "source": "OpenStreetMap", "license": "ODbL-1.0"}, "geometry": {"type": "MultiPolygon", "coordinates": [[[[114.0193528, 22.5287829], [114.0194367, 22.52875], [114.0194457, 22.5287729], [114.0194498, 22.5287715], [114.0194835, 22.5288569], [114.0193938, 22.528887], [114.0193528, 22.5287829]]]]}}, {"type": "Feature", "id": "way/346315146", "properties": {"tags": {"building": "residential"}, "heightStatus": "unknown", "source": "OpenStreetMap", "license": "ODbL-1.0"}, "geometry": {"type": "MultiPolygon", "coordinates": [[[[114.0214191, 22.5274958], [114.0215182, 22.5273868], [114.0215676, 22.5274251], [114.0215507, 22.5274438], [114.0216052, 22.5274861], [114.0215231, 22.5275764], [114.0214191, 22.5274958]]]]}}, {"type": "Feature", "id": "way/346315147", "properties": {"tags": {"building": "residential"}, "heightStatus": "unknown", "source": "OpenStreetMap", "license": "ODbL-1.0"}, "geometry": {"type": "MultiPolygon", "coordinates": [[[[114.0191532, 22.5283925], [114.0192267, 22.5283476], [114.0192456, 22.5283755], [114.0192335, 22.5283825], [114.0192459, 22.5284009], [114.0191843, 22.5284385], [114.0191532, 22.5283925]]]]}}, {"type": "Feature", "id": "way/346315148", "properties": {"tags": {"building": "residential"}, "heightStatus": "unknown", "source": "OpenStreetMap", "license": "ODbL-1.0"}, "geometry": {"type": "MultiPolygon", "coordinates": [[[[114.0200186, 22.5273844], [114.020036, 22.5273744], [114.0200251, 22.5273583], [114.0200699, 22.5273324], [114.0201361, 22.5274301], [114.0200738, 22.5274661], [114.0200186, 22.5273844]]]]}}, {"type": "Feature", "id": "way/346315149", "properties": {"tags": {"building": "residential"}, "heightStatus": "unknown", "source": "OpenStreetMap", "license": "ODbL-1.0"}, "geometry": {"type": "MultiPolygon", "coordinates": [[[[114.0204515, 22.5278898], [114.0205137, 22.5278539], [114.0205215, 22.5278654], [114.0205713, 22.5278367], [114.0206296, 22.5279229], [114.0205176, 22.5279875], [114.0204515, 22.5278898]]]]}}, {"type": "Feature", "id": "way/346315151", "properties": {"tags": {"building": "residential"}, "heightStatus": "unknown", "source": "OpenStreetMap", "license": "ODbL-1.0"}, "geometry": {"type": "MultiPolygon", "coordinates": [[[[114.0200153, 22.5286025], [114.0200758, 22.528505], [114.0201041, 22.528522], [114.0201069, 22.5285173], [114.0201316, 22.528532], [114.0200705, 22.5286356], [114.0200153, 22.5286025]]]]}}, {"type": "Feature", "id": "way/346315153", "properties": {"tags": {"building": "residential"}, "heightStatus": "unknown", "source": "OpenStreetMap", "license": "ODbL-1.0"}, "geometry": {"type": "MultiPolygon", "coordinates": [[[[114.0191097, 22.5283281], [114.0191439, 22.5283073], [114.0191536, 22.5283208], [114.0191931, 22.528298], [114.0192189, 22.5283361], [114.0191454, 22.528381], [114.0191097, 22.5283281]]]]}}, {"type": "Feature", "id": "way/346315154", "properties": {"tags": {"building": "residential"}, "heightStatus": "unknown", "source": "OpenStreetMap", "license": "ODbL-1.0"}, "geometry": {"type": "MultiPolygon", "coordinates": [[[[114.0199365, 22.5274318], [114.0199539, 22.5274218], [114.019943, 22.5274057], [114.0199878, 22.5273798], [114.0200539, 22.5274775], [114.0199917, 22.5275135], [114.0199365, 22.5274318]]]]}}, {"type": "Feature", "id": "way/346315155", "properties": {"tags": {"building": "residential"}, "heightStatus": "unknown", "source": "OpenStreetMap", "license": "ODbL-1.0"}, "geometry": {"type": "MultiPolygon", "coordinates": [[[[114.0204593, 22.5277734], [114.0205091, 22.5277447], [114.0205635, 22.5278252], [114.0205224, 22.5278489], [114.0205154, 22.5278385], [114.0205067, 22.5278436], [114.0204593, 22.5277734]]]]}}, {"type": "Feature", "id": "way/346315156", "properties": {"tags": {"building": "residential"}, "heightStatus": "unknown", "source": "OpenStreetMap", "license": "ODbL-1.0"}, "geometry": {"type": "MultiPolygon", "coordinates": [[[[114.0202533, 22.5274733], [114.0202844, 22.5274553], [114.0202681, 22.5274312], [114.0203204, 22.527401], [114.0204331, 22.5275677], [114.0203498, 22.5276158], [114.0202533, 22.5274733]]]]}}, {"type": "Feature", "id": "way/346315157", "properties": {"tags": {"building": "residential"}, "heightStatus": "unknown", "source": "OpenStreetMap", "license": "ODbL-1.0"}, "geometry": {"type": "MultiPolygon", "coordinates": [[[[114.0213531, 22.5272335], [114.0214365, 22.5271854], [114.0214801, 22.5272498], [114.0214278, 22.52728], [114.0214348, 22.5272903], [114.0214037, 22.5273083], [114.0213531, 22.5272335]]]]}}, {"type": "Feature", "id": "way/346315158", "properties": {"tags": {"building": "residential"}, "heightStatus": "unknown", "source": "OpenStreetMap", "license": "ODbL-1.0"}, "geometry": {"type": "MultiPolygon", "coordinates": [[[[114.0194018, 22.5281692], [114.0194752, 22.5281243], [114.0195389, 22.5282185], [114.0194728, 22.5282589], [114.0194573, 22.5282359], [114.0194499, 22.5282404], [114.0194018, 22.5281692]]]]}}, {"type": "Feature", "id": "way/346315159", "properties": {"tags": {"building": "residential"}, "heightStatus": "unknown", "source": "OpenStreetMap", "license": "ODbL-1.0"}, "geometry": {"type": "MultiPolygon", "coordinates": [[[[114.0192475, 22.5283349], [114.0193209, 22.52829], [114.0193398, 22.5283179], [114.0193277, 22.5283249], [114.0193402, 22.5283433], [114.0192786, 22.5283809], [114.0192475, 22.5283349]]]]}}, {"type": "Feature", "id": "way/346315160", "properties": {"tags": {"building": "residential"}, "heightStatus": "unknown", "source": "OpenStreetMap", "license": "ODbL-1.0"}, "geometry": {"type": "MultiPolygon", "coordinates": [[[[114.0193742, 22.5277235], [114.0193984, 22.5277099], [114.0193922, 22.5277006], [114.0194086, 22.5276914], [114.0194147, 22.5277006], [114.0194492, 22.5276813], [114.0195141, 22.5277803], [114.019439, 22.5278223], [114.0193742, 22.5277235]]]]}}, {"type": "Feature", "id": "way/346315161", "properties": {"tags": {"building": "residential"}, "heightStatus": "unknown", "source": "OpenStreetMap", "license": "ODbL-1.0"}, "geometry": {"type": "MultiPolygon", "coordinates": [[[[114.019603, 22.5284809], [114.0196274, 22.528466], [114.0196209, 22.5284569], [114.0196468, 22.5284411], [114.0196533, 22.5284501], [114.0196833, 22.5284318], [114.0197517, 22.528533], [114.0196714, 22.528582], [114.019603, 22.5284809]]]]}}, {"type": "Feature", "id": "way/346315162", "properties": {"tags": {"building": "residential"}, "heightStatus": "unknown", "source": "OpenStreetMap", "license": "ODbL-1.0"}, "geometry": {"type": "MultiPolygon", "coordinates": [[[[114.0202414, 22.5277667], [114.0203397, 22.5277099], [114.0204361, 22.5278524], [114.0204, 22.5278733], [114.0203945, 22.5278652], [114.0203473, 22.5278925], [114.0203099, 22.5278373], [114.020295, 22.5278459], [114.0202414, 22.5277667]]]]}}, {"type": "Feature", "id": "way/346315163", "properties": {"tags": {"building": "residential"}, "heightStatus": "unknown", "source": "OpenStreetMap", "license": "ODbL-1.0"}, "geometry": {"type": "MultiPolygon", "coordinates": [[[[114.0198049, 22.5285541], [114.0198875, 22.5285037], [114.0199162, 22.5285558], [114.019924, 22.5285521], [114.0199347, 22.5285715], [114.0199269, 22.5285751], [114.0199555, 22.5286271], [114.0198679, 22.5286683], [114.0198049, 22.5285541]]]]}}, {"type": "Feature", "id": "way/346315164", "properties": {"tags": {"building": "residential"}, "heightStatus": "unknown", "source": "OpenStreetMap", "license": "ODbL-1.0"}, "geometry": {"type": "MultiPolygon", "coordinates": [[[[114.0189559, 22.530861], [114.018981, 22.5307802], [114.0191474, 22.5308243], [114.0191224, 22.5309051], [114.0190843, 22.530895], [114.0190798, 22.5309093], [114.0189895, 22.5308854], [114.018994, 22.5308711], [114.0189559, 22.530861]]]]}}, {"type": "Feature", "id": "way/346315165", "properties": {"tags": {"building": "residential", "building:levels": "7", "name": "705"}, "heightStatus": "levels_only_unverified", "source": "OpenStreetMap", "license": "ODbL-1.0"}, "geometry": {"type": "MultiPolygon", "coordinates": [[[[114.0191337, 22.5309645], [114.0191587, 22.5308837], [114.0193252, 22.5309278], [114.0193001, 22.5310086], [114.019262, 22.5309985], [114.0192576, 22.5310128], [114.0191673, 22.5309889], [114.0191718, 22.5309746], [114.0191337, 22.5309645]]]]}}, {"type": "Feature", "id": "way/346315166", "properties": {"tags": {"building": "residential"}, "heightStatus": "unknown", "source": "OpenStreetMap", "license": "ODbL-1.0"}, "geometry": {"type": "MultiPolygon", "coordinates": [[[[114.0201413, 22.5282584], [114.0202148, 22.5282136], [114.0202478, 22.5282624], [114.020254, 22.5282588], [114.0202696, 22.5282818], [114.0202633, 22.5282854], [114.0202945, 22.5283314], [114.020221, 22.5283762], [114.0201413, 22.5282584]]]]}}, {"type": "Feature", "id": "way/346315167", "properties": {"tags": {"building": "residential"}, "heightStatus": "unknown", "source": "OpenStreetMap", "license": "ODbL-1.0"}, "geometry": {"type": "MultiPolygon", "coordinates": [[[[114.0183017, 22.5307737], [114.0183268, 22.5306929], [114.0184933, 22.530737], [114.0184682, 22.5308178], [114.0184301, 22.5308077], [114.0184257, 22.530822], [114.0183354, 22.5307981], [114.0183398, 22.5307838], [114.0183017, 22.5307737]]]]}}, {"type": "Feature", "id": "way/346315169", "properties": {"tags": {"building": "residential"}, "heightStatus": "unknown", "source": "OpenStreetMap", "license": "ODbL-1.0"}, "geometry": {"type": "MultiPolygon", "coordinates": [[[[114.0193269, 22.5309749], [114.019352, 22.5308941], [114.0195185, 22.5309382], [114.0194934, 22.531019], [114.0194553, 22.5310089], [114.0194509, 22.5310232], [114.0193606, 22.5309993], [114.019365, 22.530985], [114.0193269, 22.5309749]]]]}}, {"type": "Feature", "id": "way/346315170", "properties": {"tags": {"building": "residential"}, "heightStatus": "unknown", "source": "OpenStreetMap", "license": "ODbL-1.0"}, "geometry": {"type": "MultiPolygon", "coordinates": [[[[114.0186543, 22.5308608], [114.0186794, 22.5307801], [114.0188458, 22.5308241], [114.0188207, 22.5309049], [114.0187827, 22.5308948], [114.0187782, 22.5309092], [114.0186879, 22.5308853], [114.0186924, 22.5308709], [114.0186543, 22.5308608]]]]}}, {"type": "Feature", "id": "way/346315171", "properties": {"tags": {"building": "residential"}, "heightStatus": "unknown", "source": "OpenStreetMap", "license": "ODbL-1.0"}, "geometry": {"type": "MultiPolygon", "coordinates": [[[[114.019786, 22.528118], [114.0198497, 22.5280791], [114.0199294, 22.528197], [114.0198657, 22.5282359], [114.0198516, 22.528215], [114.0198418, 22.528221], [114.0197912, 22.5281462], [114.019801, 22.5281403], [114.019786, 22.528118]]]]}}, {"type": "Feature", "id": "way/346315172", "properties": {"tags": {"building": "residential"}, "heightStatus": "unknown", "source": "OpenStreetMap", "license": "ODbL-1.0"}, "geometry": {"type": "MultiPolygon", "coordinates": [[[[114.0200754, 22.5286445], [114.0201198, 22.5286199], [114.0201384, 22.5286522], [114.0201488, 22.5286471], [114.0201653, 22.5286758], [114.0201876, 22.5286653], [114.0202185, 22.5287191], [114.0201423, 22.5287657], [114.0200754, 22.5286445]]]]}}, {"type": "Feature", "id": "way/346315173", "properties": {"tags": {"building": "residential"}, "heightStatus": "unknown", "source": "OpenStreetMap", "license": "ODbL-1.0"}, "geometry": {"type": "MultiPolygon", "coordinates": [[[[114.0212062, 22.5275841], [114.0212209, 22.5275639], [114.0212307, 22.5275699], [114.0212594, 22.5275306], [114.0212496, 22.5275245], [114.0212661, 22.527502], [114.0213658, 22.5275642], [114.0213002, 22.5276541], [114.0212062, 22.5275841]]]]}}, {"type": "Feature", "id": "way/346315174", "properties": {"tags": {"building": "residential", "building:levels": "7", "name": "704"}, "heightStatus": "levels_only_unverified", "source": "OpenStreetMap", "license": "ODbL-1.0"}, "geometry": {"type": "MultiPolygon", "coordinates": [[[[114.0184948, 22.5307775], [114.0185199, 22.5306967], [114.0186863, 22.5307408], [114.0186613, 22.5308216], [114.0186232, 22.5308115], [114.0186187, 22.5308258], [114.0185284, 22.5308019], [114.0185329, 22.5307876], [114.0184948, 22.5307775]]]]}}, {"type": "Feature", "id": "way/349913419", "properties": {"tags": {"building": "residential"}, "heightStatus": "unknown", "source": "OpenStreetMap", "license": "ODbL-1.0"}, "geometry": {"type": "MultiPolygon", "coordinates": [[[[114.0213817, 22.5277736], [114.0214317, 22.5277186], [114.0215171, 22.5277848], [114.0214709, 22.5278357], [114.0214416, 22.527813], [114.021435, 22.5278203], [114.0214159, 22.5278055], [114.0214225, 22.5277982], [114.0213956, 22.5277773], [114.0213918, 22.5277814], [114.0213817, 22.5277736]]]]}}, {"type": "Feature", "id": "way/349913420", "properties": {"tags": {"building": "residential"}, "heightStatus": "unknown", "source": "OpenStreetMap", "license": "ODbL-1.0"}, "geometry": {"type": "MultiPolygon", "coordinates": [[[[114.0229851, 22.5271195], [114.0230242, 22.5270986], [114.0230278, 22.5271044], [114.023062, 22.5270861], [114.0230584, 22.5270804], [114.0230973, 22.5270596], [114.0231198, 22.5270955], [114.0231042, 22.5271038], [114.0231233, 22.5271344], [114.0230267, 22.527186], [114.0229851, 22.5271195]]]]}}, {"type": "Feature", "id": "way/349913423", "properties": {"tags": {"building": "residential"}, "heightStatus": "unknown", "source": "OpenStreetMap", "license": "ODbL-1.0"}, "geometry": {"type": "MultiPolygon", "coordinates": [[[[114.0191718, 22.529041], [114.019178, 22.5290131], [114.0191866, 22.5290147], [114.0191925, 22.5289882], [114.0192529, 22.5289996], [114.019255, 22.5289903], [114.0193117, 22.5290011], [114.0193096, 22.5290104], [114.0193392, 22.529016], [114.0193271, 22.5290704], [114.0191718, 22.529041]]]]}}, {"type": "Feature", "id": "way/349913426", "properties": {"tags": {"building": "residential"}, "heightStatus": "unknown", "source": "OpenStreetMap", "license": "ODbL-1.0"}, "geometry": {"type": "MultiPolygon", "coordinates": [[[[114.0232264, 22.5275847], [114.0232423, 22.5275753], [114.0232496, 22.5275857], [114.023314, 22.5275476], [114.0233475, 22.5275958], [114.0233388, 22.5276009], [114.0233703, 22.5276463], [114.0233252, 22.5276729], [114.0233155, 22.527659], [114.0232775, 22.5276815], [114.0232264, 22.5275847]]]]}}, {"type": "Feature", "id": "way/349913428", "properties": {"tags": {"building": "residential"}, "heightStatus": "unknown", "source": "OpenStreetMap", "license": "ODbL-1.0"}, "geometry": {"type": "MultiPolygon", "coordinates": [[[[114.0209205, 22.5299768], [114.0209645, 22.5299209], [114.0210878, 22.5300036], [114.0210964, 22.5299927], [114.0209731, 22.5299099], [114.021017, 22.529854], [114.0211636, 22.5299524], [114.0211319, 22.5300332], [114.0210768, 22.5301032], [114.0210044, 22.5300546], [114.0210154, 22.5300405], [114.0209205, 22.5299768]]]]}}, {"type": "Feature", "id": "way/349913431", "properties": {"tags": {"building": "residential"}, "heightStatus": "unknown", "source": "OpenStreetMap", "license": "ODbL-1.0"}, "geometry": {"type": "MultiPolygon", "coordinates": [[[[114.0193089, 22.5289616], [114.0193439, 22.5289269], [114.0193646, 22.5289448], [114.0194167, 22.5288932], [114.0194317, 22.5289061], [114.0194557, 22.5288823], [114.019464, 22.5288895], [114.019486, 22.5288677], [114.0195215, 22.5288982], [114.0193803, 22.529038], [114.0193366, 22.5290003], [114.0193089, 22.5289616]]]]}}, {"type": "Feature", "id": "way/349913432", "properties": {"tags": {"building": "residential"}, "heightStatus": "unknown", "source": "OpenStreetMap", "license": "ODbL-1.0"}, "geometry": {"type": "MultiPolygon", "coordinates": [[[[114.019025, 22.5289596], [114.0191469, 22.528847], [114.0192208, 22.5289284], [114.0192014, 22.5289463], [114.0192045, 22.5289492], [114.0191231, 22.5290244], [114.0191107, 22.529013], [114.0191014, 22.5290217], [114.019091, 22.5290121], [114.0190879, 22.5290149], [114.0190848, 22.5290121], [114.0190777, 22.5290176], [114.019025, 22.5289596]]]]}}, {"type": "Feature", "id": "way/349913433", "properties": {"tags": {"building": "residential"}, "heightStatus": "unknown", "source": "OpenStreetMap", "license": "ODbL-1.0"}, "geometry": {"type": "MultiPolygon", "coordinates": [[[[114.0191356, 22.5287784], [114.0191632, 22.5287592], [114.0191561, 22.5287505], [114.0191859, 22.5287298], [114.019193, 22.5287384], [114.0192164, 22.5287221], [114.019235, 22.5287448], [114.019246, 22.5287372], [114.019307, 22.5288119], [114.0192959, 22.5288195], [114.0193127, 22.5288401], [114.0192318, 22.5288964], [114.0191356, 22.5287784]]]]}}, {"type": "Feature", "id": "way/349913434", "properties": {"tags": {"building": "residential"}, "heightStatus": "unknown", "source": "OpenStreetMap", "license": "ODbL-1.0"}, "geometry": {"type": "MultiPolygon", "coordinates": [[[[114.021282, 22.5274265], [114.02138, 22.5273293], [114.021478, 22.5274137], [114.021428, 22.5274633], [114.0214162, 22.5274531], [114.0213981, 22.527471], [114.0214099, 22.5274812], [114.0213904, 22.5275005], [114.0214, 22.5275089], [114.0213786, 22.5275301], [114.0213346, 22.5274922], [114.0213456, 22.5274813], [114.021282, 22.5274265]]]]}}, {"type": "Feature", "id": "way/349913435", "properties": {"tags": {"building": "residential"}, "heightStatus": "unknown", "source": "OpenStreetMap", "license": "ODbL-1.0"}, "geometry": {"type": "MultiPolygon", "coordinates": [[[[114.0228409, 22.527699], [114.0229104, 22.5276619], [114.0229338, 22.5276993], [114.0229525, 22.5276893], [114.0229291, 22.527652], [114.022989, 22.52762], [114.0230802, 22.527766], [114.0230203, 22.5277979], [114.0229925, 22.5277533], [114.0229738, 22.5277633], [114.0230016, 22.5278079], [114.0229321, 22.527845], [114.0228409, 22.527699]]]]}}, {"type": "Feature", "id": "way/349913436", "properties": {"tags": {"building": "residential"}, "heightStatus": "unknown", "source": "OpenStreetMap", "license": "ODbL-1.0"}, "geometry": {"type": "MultiPolygon", "coordinates": [[[[114.0218932, 22.528413], [114.0219375, 22.5283624], [114.0220543, 22.5284498], [114.0220912, 22.5284076], [114.0220809, 22.5284], [114.022109, 22.5283679], [114.0221986, 22.5284445], [114.0220947, 22.528563], [114.0220052, 22.5284864], [114.0220163, 22.5284737], [114.0220026, 22.5284635], [114.021986, 22.5284824], [114.0218932, 22.528413]]]]}}, {"type": "Feature", "id": "way/349913437", "properties": {"tags": {"building": "apartments", "name": "C栋", "name:zh": "C栋"}, "heightStatus": "unknown", "source": "OpenStreetMap", "license": "ODbL-1.0"}, "geometry": {"type": "MultiPolygon", "coordinates": [[[[114.0203539, 22.5309707], [114.0204338, 22.530917], [114.0203757, 22.5308432], [114.0204557, 22.5307895], [114.0205138, 22.5308634], [114.0205937, 22.5308097], [114.0206518, 22.5308836], [114.0205719, 22.5309372], [114.0206299, 22.5310111], [114.02055, 22.5310647], [114.0204919, 22.5309909], [114.020412, 22.5310445], [114.0203539, 22.5309707]]]]}}, {"type": "Feature", "id": "way/349913438", "properties": {"tags": {"building": "residential"}, "heightStatus": "unknown", "source": "OpenStreetMap", "license": "ODbL-1.0"}, "geometry": {"type": "MultiPolygon", "coordinates": [[[[114.0229377, 22.5278701], [114.0229874, 22.5278417], [114.0230672, 22.5279588], [114.0231241, 22.5279366], [114.0231454, 22.527995], [114.0231157, 22.5280259], [114.0230861, 22.5280521], [114.0230794, 22.5280547], [114.0230722, 22.5280556], [114.023065, 22.5280547], [114.0230583, 22.5280521], [114.0230525, 22.5280481], [114.0230297, 22.5280164], [114.0229377, 22.5278701]]]]}}, {"type": "Feature", "id": "way/349913439", "properties": {"tags": {"building": "residential"}, "heightStatus": "unknown", "source": "OpenStreetMap", "license": "ODbL-1.0"}, "geometry": {"type": "MultiPolygon", "coordinates": [[[[114.0230726, 22.5277952], [114.0231099, 22.5277753], [114.0231223, 22.5277951], [114.0231573, 22.5277764], [114.0231696, 22.5277962], [114.0231937, 22.5277833], [114.0231729, 22.5277499], [114.0232367, 22.5277159], [114.0232407, 22.5277223], [114.0233053, 22.5276879], [114.0233497, 22.5277589], [114.0232813, 22.5277954], [114.0232937, 22.5278153], [114.0231516, 22.5279216], [114.0230726, 22.5277952]]]]}}, {"type": "Feature", "id": "way/349913440", "properties": {"tags": {"building": "residential"}, "heightStatus": "unknown", "source": "OpenStreetMap", "license": "ODbL-1.0"}, "geometry": {"type": "MultiPolygon", "coordinates": [[[[114.0214324, 22.5293098], [114.021463, 22.5292349], [114.021497, 22.5292482], [114.0215042, 22.5292304], [114.0215502, 22.5292485], [114.0215429, 22.5292662], [114.0216146, 22.5292943], [114.0215741, 22.5293933], [114.0215024, 22.5293652], [114.0215097, 22.5293475], [114.0214893, 22.5293395], [114.0214846, 22.5293509], [114.0214522, 22.5293382], [114.0214594, 22.5293204], [114.0214324, 22.5293098]]]]}}, {"type": "Feature", "id": "way/349913441", "properties": {"tags": {"building": "residential"}, "heightStatus": "unknown", "source": "OpenStreetMap", "license": "ODbL-1.0"}, "geometry": {"type": "MultiPolygon", "coordinates": [[[[114.0218656, 22.5279313], [114.0218955, 22.5279141], [114.0219072, 22.5279313], [114.021952, 22.5279055], [114.0219403, 22.5278882], [114.0219702, 22.527871], [114.0220145, 22.5279365], [114.0219865, 22.5279527], [114.0220145, 22.5279941], [114.0220904, 22.5279502], [114.0220624, 22.5279089], [114.0220344, 22.527925], [114.0219901, 22.5278595], [114.02202, 22.5278422], [114.0220316, 22.5278595], [114.0220764, 22.5278336], [114.0220648, 22.5278164], [114.0220946, 22.5277991], [114.022139, 22.5278647], [114.022111, 22.5278808], [114.022139, 22.5279222], [114.0222224, 22.5278741], [114.0221944, 22.5278327], [114.0221664, 22.5278489], [114.022122, 22.5277833], [114.0221519, 22.5277661], [114.0221636, 22.5277833], [114.0222084, 22.5277575], [114.0221967, 22.5277402], [114.0222266, 22.527723], [114.0222709, 22.5277885], [114.0222429, 22.5278047], [114.0222709, 22.5278461], [114.0223468, 22.5278023], [114.0223188, 22.5277609], [114.0222908, 22.527777], [114.0222465, 22.5277115], [114.0222764, 22.5276943], [114.022288, 22.5277115], [114.0223328, 22.5276856], [114.0223212, 22.5276684], [114.022351, 22.5276512], [114.0223954, 22.5277167], [114.0223674, 22.5277329], [114.0223954, 22.5277742], [114.0224787, 22.5277261], [114.0224507, 22.5276847], [114.0224227, 22.5277009], [114.0223784, 22.5276354], [114.0224083, 22.5276181], [114.0224199, 22.5276354], [114.0224647, 22.5276095], [114.0224531, 22.5275923], [114.022483, 22.527575], [114.0225273, 22.5276405], [114.0224993, 22.5276567], [114.0225273, 22.5276981], [114.0226032, 22.5276543], [114.0225752, 22.5276129], [114.0225472, 22.5276291], [114.0225029, 22.5275635], [114.0225327, 22.5275463], [114.0225444, 22.5275635], [114.0225892, 22.5275377], [114.0225775, 22.5275204], [114.0226074, 22.5275032], [114.0226517, 22.5275687], [114.0226237, 22.5275849], [114.0226517, 22.5276263], [114.0226866, 22.5276061], [114.0227169, 22.527651], [114.0227101, 22.5276549], [114.022728, 22.5276814], [114.0227037, 22.5276954], [114.0226959, 22.5276839], [114.022681, 22.5276925], [114.0226506, 22.5276477], [114.0226282, 22.5276606], [114.0226586, 22.5277054], [114.0226436, 22.5277141], [114.0226514, 22.5277256], [114.0226203, 22.5277435], [114.0225985, 22.5277113], [114.0225848, 22.5277192], [114.0226066, 22.5277514], [114.0225755, 22.5277694], [114.0225677, 22.5277579], [114.0225528, 22.5277665], [114.0225225, 22.5277217], [114.0225, 22.5277346], [114.0225304, 22.5277794], [114.0225154, 22.527788], [114.0225232, 22.5277995], [114.0224921, 22.5278175], [114.0224742, 22.5277911], [114.0224605, 22.527799], [114.0224784, 22.5278254], [114.0224473, 22.5278434], [114.0224395, 22.5278319], [114.0224246, 22.5278405], [114.0223943, 22.5277957], [114.0223719, 22.5278086], [114.0224022, 22.5278534], [114.0223873, 22.527862], [114.022395, 22.5278735], [114.0223639, 22.5278915], [114.0223421, 22.5278593], [114.0223284, 22.5278672], [114.0223502, 22.5278994], [114.0223191, 22.5279174], [114.0223113, 22.5279059], [114.0222964, 22.5279145], [114.0222661, 22.5278696], [114.0222437, 22.5278826], [114.022274, 22.5279274], [114.0222591, 22.527936], [114.0222668, 22.5279475], [114.0222357, 22.5279655], [114.0222139, 22.5279333], [114.0222003, 22.5279412], [114.022222, 22.5279734], [114.0221909, 22.5279913], [114.0221831, 22.5279798], [114.0221682, 22.5279885], [114.0221379, 22.5279436], [114.0221155, 22.5279566], [114.0221458, 22.5280014], [114.0221309, 22.52801], [114.0221386, 22.5280215], [114.0221075, 22.5280395], [114.0220858, 22.5280073], [114.0220721, 22.5280152], [114.0220938, 22.5280474], [114.0220627, 22.5280653], [114.022055, 22.5280538], [114.02204, 22.5280625], [114.0220097, 22.5280176], [114.0219873, 22.5280306], [114.0220176, 22.5280754], [114.0220027, 22.528084], [114.0220105, 22.5280955], [114.0219793, 22.5281135], [114.0219615, 22.528087], [114.0219546, 22.528091], [114.0219243, 22.5280461], [114.021966, 22.5280221], [114.021938, 22.5279807], [114.02191, 22.5279968], [114.0218656, 22.5279313]]]]}}, {"type": "Feature", "id": "way/349913443", "properties": {"tags": {"building": "residential"}, "heightStatus": "unknown", "source": "OpenStreetMap", "license": "ODbL-1.0"}, "geometry": {"type": "MultiPolygon", "coordinates": [[[[114.0192428, 22.5295154], [114.0192457, 22.5294376], [114.0192575, 22.529438], [114.0192586, 22.5294095], [114.0192468, 22.5294092], [114.0192486, 22.5293618], [114.0193953, 22.5293665], [114.0193939, 22.5294017], [114.0193807, 22.5294013], [114.0193794, 22.5294371], [114.0193618, 22.5294365], [114.0193612, 22.5294514], [114.0193703, 22.5294517], [114.0193696, 22.5294707], [114.0193605, 22.5294704], [114.0193602, 22.5294785], [114.0193529, 22.5294782], [114.0193518, 22.5295061], [114.0193286, 22.5295054], [114.0193281, 22.5295181], [114.0192428, 22.5295154]]]]}}, {"type": "Feature", "id": "way/349913444", "properties": {"tags": {"building": "hotel", "building:levels": "32", "height": "135", "layer": "2", "name": "深圳滨河时代萨和酒店", "name:en": "SAVHE Hotel Binhe Times Shenzhen", "name:zh": "深圳滨河时代萨和酒店"}, "heightStatus": "height_tag_unverified", "source": "OpenStreetMap", "license": "ODbL-1.0"}, "geometry": {"type": "MultiPolygon", "coordinates": [[[[114.0210691, 22.5313107], [114.0210702, 22.5312973], [114.0210732, 22.5312841], [114.0210781, 22.5312715], [114.0210848, 22.5312597], [114.0210933, 22.5312488], [114.0211032, 22.531239], [114.0211145, 22.5312305], [114.0211269, 22.5312236], [114.0211403, 22.5312183], [114.0211543, 22.5312147], [114.0211687, 22.5312129], [114.0216139, 22.5311864], [114.0216275, 22.5313826], [114.0211824, 22.5314091], [114.0211678, 22.5314091], [114.0211535, 22.5314072], [114.0211396, 22.5314035], [114.0211262, 22.5313981], [114.0211139, 22.5313911], [114.0211026, 22.5313826], [114.0210927, 22.5313728], [114.0210844, 22.5313618], [114.0210778, 22.5313499], [114.021073, 22.5313372], [114.0210701, 22.5313241], [114.0210691, 22.5313107]]]]}}, {"type": "Feature", "id": "way/349913445", "properties": {"tags": {"building": "yes"}, "heightStatus": "unknown", "source": "OpenStreetMap", "license": "ODbL-1.0"}, "geometry": {"type": "MultiPolygon", "coordinates": [[[[114.0185229, 22.528066], [114.0185327, 22.5280297], [114.0185589, 22.5280358], [114.0185663, 22.5280084], [114.018819, 22.5280666], [114.018791, 22.5281705], [114.018757, 22.5281626], [114.0187679, 22.5281224], [114.0186615, 22.5280979], [114.018656, 22.5281184], [114.0186526, 22.5281272], [114.0186474, 22.5281352], [114.0186406, 22.5281422], [114.0186325, 22.5281477], [114.0186233, 22.5281517], [114.0186135, 22.528154], [114.0186034, 22.5281545], [114.0185934, 22.5281531], [114.0185838, 22.52815], [114.0185752, 22.5281452], [114.0185676, 22.5281389], [114.0185616, 22.5281314], [114.0185573, 22.528123], [114.0185548, 22.5281139], [114.0185543, 22.5281045], [114.0185558, 22.5280953], [114.0185613, 22.5280748], [114.0185229, 22.528066]]]]}}, {"type": "Feature", "id": "way/349913446", "properties": {"tags": {"building": "yes"}, "heightStatus": "unknown", "source": "OpenStreetMap", "license": "ODbL-1.0"}, "geometry": {"type": "MultiPolygon", "coordinates": [[[[114.0197351, 22.5294147], [114.0198277, 22.5293575], [114.0198742, 22.5294216], [114.0198997, 22.5294035], [114.0199172, 22.529396], [114.0199408, 22.5293936], [114.020065, 22.5294041], [114.0200886, 22.529411], [114.0201094, 22.5294236], [114.0201235, 22.5294402], [114.0201322, 22.5294573], [114.0201363, 22.5294766], [114.0201331, 22.5295093], [114.0202131, 22.5295161], [114.0203084, 22.5295241], [114.0203234, 22.5295041], [114.0203432, 22.5294917], [114.0203662, 22.5294834], [114.0203922, 22.5294808], [114.0205393, 22.5294931], [114.0205265, 22.5296225], [114.0204471, 22.5296159], [114.0204408, 22.5296803], [114.0203852, 22.5296757], [114.0203629, 22.5299022], [114.0202332, 22.5298914], [114.0202474, 22.5297476], [114.020189, 22.5297427], [114.0198478, 22.5297141], [114.0198602, 22.5295873], [114.0197351, 22.5294147]]]]}}, {"type": "Feature", "id": "way/349913447", "properties": {"tags": {"EntityHand": "1251", "SubClasses": "AcDbEntity:AcDb2dPolyline", "building": "residential"}, "heightStatus": "unknown", "source": "OpenStreetMap", "license": "ODbL-1.0"}, "geometry": {"type": "MultiPolygon", "coordinates": [[[[114.020723, 22.5299195], [114.0208029, 22.5298598], [114.0208767, 22.5299441], [114.0207969, 22.5300038], [114.020723, 22.5299195]]]]}}, {"type": "Feature", "id": "way/349913449", "properties": {"tags": {"building": "residential"}, "heightStatus": "unknown", "source": "OpenStreetMap", "license": "ODbL-1.0"}, "geometry": {"type": "MultiPolygon", "coordinates": [[[[114.0222244, 22.5275302], [114.0222879, 22.5274935], [114.0223447, 22.5275774], [114.0222812, 22.5276141], [114.0222244, 22.5275302]]]]}}, {"type": "Feature", "id": "way/349913451", "properties": {"tags": {"building": "residential"}, "heightStatus": "unknown", "source": "OpenStreetMap", "license": "ODbL-1.0"}, "geometry": {"type": "MultiPolygon", "coordinates": [[[[114.0213398, 22.5292043], [114.0214575, 22.5289164], [114.0215499, 22.5289486], [114.0214322, 22.5292365], [114.0213398, 22.5292043]]]]}}, {"type": "Feature", "id": "way/349913452", "properties": {"tags": {"building": "residential"}, "heightStatus": "unknown", "source": "OpenStreetMap", "license": "ODbL-1.0"}, "geometry": {"type": "MultiPolygon", "coordinates": [[[[114.0224984, 22.5269781], [114.0225991, 22.5269244], [114.0227074, 22.5270975], [114.0226067, 22.5271512], [114.0224984, 22.5269781]]]]}}, {"type": "Feature", "id": "way/349913453", "properties": {"tags": {"building": "residential"}, "heightStatus": "unknown", "source": "OpenStreetMap", "license": "ODbL-1.0"}, "geometry": {"type": "MultiPolygon", "coordinates": [[[[114.0233604, 22.5273141], [114.0234459, 22.5273016], [114.0234537, 22.5274046], [114.0233682, 22.5274171], [114.0233604, 22.5273141]]]]}}, {"type": "Feature", "id": "way/349913454", "properties": {"tags": {"EntityHand": "119A", "SubClasses": "AcDbEntity:AcDb2dPolyline", "building": "residential"}, "heightStatus": "unknown", "source": "OpenStreetMap", "license": "ODbL-1.0"}, "geometry": {"type": "MultiPolygon", "coordinates": [[[[114.0205742, 22.5302008], [114.0206313, 22.5301481], [114.020723, 22.5302329], [114.020666, 22.5302856], [114.0205742, 22.5302008]]]]}}, {"type": "Feature", "id": "way/349913456", "properties": {"tags": {"building": "residential"}, "heightStatus": "unknown", "source": "OpenStreetMap", "license": "ODbL-1.0"}, "geometry": {"type": "MultiPolygon", "coordinates": [[[[114.0225863, 22.5273213], [114.0226649, 22.5272793], [114.0227228, 22.527372], [114.0226442, 22.5274139], [114.0225863, 22.5273213]]]]}}, {"type": "Feature", "id": "way/349913457", "properties": {"tags": {"building": "residential"}, "heightStatus": "unknown", "source": "OpenStreetMap", "license": "ODbL-1.0"}, "geometry": {"type": "MultiPolygon", "coordinates": [[[[114.0233267, 22.5270491], [114.0234361, 22.5270377], [114.023452, 22.5271676], [114.0233426, 22.527179], [114.0233267, 22.5270491]]]]}}, {"type": "Feature", "id": "way/349913459", "properties": {"tags": {"building": "residential"}, "heightStatus": "unknown", "source": "OpenStreetMap", "license": "ODbL-1.0"}, "geometry": {"type": "MultiPolygon", "coordinates": [[[[114.0241788, 22.5270373], [114.0243048, 22.5270104], [114.0243238, 22.5270862], [114.0241977, 22.5271131], [114.0241788, 22.5270373]]]]}}, {"type": "Feature", "id": "way/349913461", "properties": {"tags": {"building": "residential"}, "heightStatus": "unknown", "source": "OpenStreetMap", "license": "ODbL-1.0"}, "geometry": {"type": "MultiPolygon", "coordinates": [[[[114.0221731, 22.5274313], [114.0222254, 22.5274012], [114.0222786, 22.5274797], [114.0222263, 22.5275099], [114.0221731, 22.5274313]]]]}}, {"type": "Feature", "id": "way/349913462", "properties": {"tags": {"building": "residential"}, "heightStatus": "unknown", "source": "OpenStreetMap", "license": "ODbL-1.0"}, "geometry": {"type": "MultiPolygon", "coordinates": [[[[114.0226191, 22.528052], [114.0226884, 22.5280151], [114.0227418, 22.5281006], [114.0226726, 22.5281375], [114.0226191, 22.528052]]]]}}, {"type": "Feature", "id": "way/349913464", "properties": {"tags": {"building": "residential"}, "heightStatus": "unknown", "source": "OpenStreetMap", "license": "ODbL-1.0"}, "geometry": {"type": "MultiPolygon", "coordinates": [[[[114.0232169, 22.5270796], [114.0232832, 22.5270677], [114.0233121, 22.5272054], [114.0232459, 22.5272173], [114.0232169, 22.5270796]]]]}}, {"type": "Feature", "id": "way/349913465", "properties": {"tags": {"building": "residential"}, "heightStatus": "unknown", "source": "OpenStreetMap", "license": "ODbL-1.0"}, "geometry": {"type": "MultiPolygon", "coordinates": [[[[114.0195406, 22.5301585], [114.0195522, 22.5300642], [114.0196397, 22.5300734], [114.019628, 22.5301677], [114.0195406, 22.5301585]]]]}}, {"type": "Feature", "id": "way/349913467", "properties": {"tags": {"building": "residential"}, "heightStatus": "unknown", "source": "OpenStreetMap", "license": "ODbL-1.0"}, "geometry": {"type": "MultiPolygon", "coordinates": [[[[114.0220113, 22.5289968], [114.0220733, 22.528874], [114.0221558, 22.5289095], [114.0220938, 22.5290323], [114.0220113, 22.5289968]]]]}}, {"type": "Feature", "id": "way/349913469", "properties": {"tags": {"EntityHand": "15BE", "SubClasses": "AcDbEntity:AcDb2dPolyline", "building": "residential"}, "heightStatus": "unknown", "source": "OpenStreetMap", "license": "ODbL-1.0"}, "geometry": {"type": "MultiPolygon", "coordinates": [[[[114.020401, 22.530339], [114.0204889, 22.5302778], [114.0205684, 22.5303752], [114.0204805, 22.5304364], [114.020401, 22.530339]]]]}}, {"type": "Feature", "id": "way/349913470", "properties": {"tags": {"building": "residential"}, "heightStatus": "unknown", "source": "OpenStreetMap", "license": "ODbL-1.0"}, "geometry": {"type": "MultiPolygon", "coordinates": [[[[114.0216856, 22.5282473], [114.021741, 22.5281841], [114.0218263, 22.528248], [114.0217709, 22.5283112], [114.0216856, 22.5282473]]]]}}, {"type": "Feature", "id": "way/349913471", "properties": {"tags": {"building": "residential"}, "heightStatus": "unknown", "source": "OpenStreetMap", "license": "ODbL-1.0"}, "geometry": {"type": "MultiPolygon", "coordinates": [[[[114.0237871, 22.5274829], [114.0238619, 22.527472], [114.023878, 22.5275661], [114.0238033, 22.527577], [114.0237871, 22.5274829]]]]}}, {"type": "Feature", "id": "way/349913472", "properties": {"tags": {"building": "residential"}, "heightStatus": "unknown", "source": "OpenStreetMap", "license": "ODbL-1.0"}, "geometry": {"type": "MultiPolygon", "coordinates": [[[[114.0216244, 22.5288124], [114.0216379, 22.5287794], [114.0217574, 22.5288211], [114.0217439, 22.528854], [114.0216244, 22.5288124]]]]}}, {"type": "Feature", "id": "way/349913473", "properties": {"tags": {"EntityHand": "D79", "SubClasses": "AcDbEntity:AcDb2dPolyline", "building": "residential"}, "heightStatus": "unknown", "source": "OpenStreetMap", "license": "ODbL-1.0"}, "geometry": {"type": "MultiPolygon", "coordinates": [[[[114.0207296, 22.530391], [114.0207989, 22.5303555], [114.0208508, 22.530442], [114.0207815, 22.5304775], [114.0207296, 22.530391]]]]}}, {"type": "Feature", "id": "way/349913475", "properties": {"tags": {"building": "residential"}, "heightStatus": "unknown", "source": "OpenStreetMap", "license": "ODbL-1.0"}, "geometry": {"type": "MultiPolygon", "coordinates": [[[[114.0241383, 22.5273927], [114.0242501, 22.5273764], [114.0242549, 22.5274043], [114.0241489, 22.5274543], [114.0241383, 22.5273927]]]]}}, {"type": "Feature", "id": "way/349913476", "properties": {"tags": {"building": "residential"}, "heightStatus": "unknown", "source": "OpenStreetMap", "license": "ODbL-1.0"}, "geometry": {"type": "MultiPolygon", "coordinates": [[[[114.0218676, 22.5271183], [114.0219739, 22.5270766], [114.0220141, 22.5271639], [114.0219077, 22.5272056], [114.0218676, 22.5271183]]]]}}, {"type": "Feature", "id": "way/349913477", "properties": {"tags": {"building": "residential"}, "heightStatus": "unknown", "source": "OpenStreetMap", "license": "ODbL-1.0"}, "geometry": {"type": "MultiPolygon", "coordinates": [[[[114.0196733, 22.530017], [114.019686, 22.5299146], [114.0197735, 22.5299239], [114.0197608, 22.5300262], [114.0196733, 22.530017]]]]}}, {"type": "Feature", "id": "way/349913480", "properties": {"tags": {"building": "residential"}, "heightStatus": "unknown", "source": "OpenStreetMap", "license": "ODbL-1.0"}, "geometry": {"type": "MultiPolygon", "coordinates": [[[[114.0196543, 22.5301705], [114.019667, 22.5300681], [114.0197545, 22.5300774], [114.0197418, 22.5301797], [114.0196543, 22.5301705]]]]}}, {"type": "Feature", "id": "way/349913482", "properties": {"tags": {"building": "residential"}, "heightStatus": "unknown", "source": "OpenStreetMap", "license": "ODbL-1.0"}, "geometry": {"type": "MultiPolygon", "coordinates": [[[[114.0193511, 22.5299829], [114.0193638, 22.5298806], [114.0194352, 22.5298881], [114.0194226, 22.5299905], [114.0193511, 22.5299829]]]]}}, {"type": "Feature", "id": "way/349913487", "properties": {"tags": {"building": "residential"}, "heightStatus": "unknown", "source": "OpenStreetMap", "license": "ODbL-1.0"}, "geometry": {"type": "MultiPolygon", "coordinates": [[[[114.0195596, 22.530005], [114.0195722, 22.5299026], [114.0196597, 22.5299118], [114.0196471, 22.5300142], [114.0195596, 22.530005]]]]}}, {"type": "Feature", "id": "way/349913488", "properties": {"tags": {"building": "residential"}, "heightStatus": "unknown", "source": "OpenStreetMap", "license": "ODbL-1.0"}, "geometry": {"type": "MultiPolygon", "coordinates": [[[[114.021629, 22.5284394], [114.0216427, 22.5284058], [114.0217558, 22.5284452], [114.021742, 22.5284788], [114.021629, 22.5284394]]]]}}, {"type": "Feature", "id": "way/349913490", "properties": {"tags": {"building": "residential"}, "heightStatus": "unknown", "source": "OpenStreetMap", "license": "ODbL-1.0"}, "geometry": {"type": "MultiPolygon", "coordinates": [[[[114.0218978, 22.5289048], [114.0219139, 22.5288655], [114.0220281, 22.5289054], [114.022012, 22.5289447], [114.0218978, 22.5289048]]]]}}, {"type": "Feature", "id": "way/349913491", "properties": {"tags": {"building": "residential"}, "heightStatus": "unknown", "source": "OpenStreetMap", "license": "ODbL-1.0"}, "geometry": {"type": "MultiPolygon", "coordinates": [[[[114.0244903, 22.527108], [114.0245775, 22.5270687], [114.0246481, 22.5272022], [114.0245609, 22.5272416], [114.0244903, 22.527108]]]]}}, {"type": "Feature", "id": "way/349913492", "properties": {"tags": {"building": "residential"}, "heightStatus": "unknown", "source": "OpenStreetMap", "license": "ODbL-1.0"}, "geometry": {"type": "MultiPolygon", "coordinates": [[[[114.0217546, 22.5283513], [114.0218932, 22.5281933], [114.0219844, 22.5282615], [114.0218523, 22.5284122], [114.0217546, 22.5283513]]]]}}, {"type": "Feature", "id": "way/349913494", "properties": {"tags": {"EntityHand": "123F", "SubClasses": "AcDbEntity:AcDb2dPolyline", "building": "residential"}, "heightStatus": "unknown", "source": "OpenStreetMap", "license": "ODbL-1.0"}, "geometry": {"type": "MultiPolygon", "coordinates": [[[[114.0204416, 22.5301736], [114.0205841, 22.530067], [114.0206349, 22.5301249], [114.0204924, 22.5302316], [114.0204416, 22.5301736]]]]}}, {"type": "Feature", "id": "way/349913495", "properties": {"tags": {"building": "residential"}, "heightStatus": "unknown", "source": "OpenStreetMap", "license": "ODbL-1.0"}, "geometry": {"type": "MultiPolygon", "coordinates": [[[[114.0227288, 22.5272346], [114.022795, 22.5271993], [114.0228478, 22.5272837], [114.0227816, 22.527319], [114.0227288, 22.5272346]]]]}}, {"type": "Feature", "id": "way/349913496", "properties": {"tags": {"building": "residential"}, "heightStatus": "unknown", "source": "OpenStreetMap", "license": "ODbL-1.0"}, "geometry": {"type": "MultiPolygon", "coordinates": [[[[114.0197317, 22.5304761], [114.019744, 22.5303764], [114.0198315, 22.5303857], [114.0198191, 22.5304853], [114.0197317, 22.5304761]]]]}}, {"type": "Feature", "id": "way/349913498", "properties": {"tags": {"building": "residential"}, "heightStatus": "unknown", "source": "OpenStreetMap", "license": "ODbL-1.0"}, "geometry": {"type": "MultiPolygon", "coordinates": [[[[114.0214809, 22.5288014], [114.0215048, 22.5287431], [114.0216178, 22.5287825], [114.021594, 22.5288409], [114.0214809, 22.5288014]]]]}}, {"type": "Feature", "id": "way/349913502", "properties": {"tags": {"building": "residential"}, "heightStatus": "unknown", "source": "OpenStreetMap", "license": "ODbL-1.0"}, "geometry": {"type": "MultiPolygon", "coordinates": [[[[114.0210305, 22.5296293], [114.0210597, 22.5295921], [114.0211745, 22.5296307], [114.0211148, 22.5296859], [114.0210305, 22.5296293]]]]}}, {"type": "Feature", "id": "way/349913504", "properties": {"tags": {"building": "residential"}, "heightStatus": "unknown", "source": "OpenStreetMap", "license": "ODbL-1.0"}, "geometry": {"type": "MultiPolygon", "coordinates": [[[[114.0238657, 22.527441], [114.0239401, 22.5274301], [114.0239599, 22.5275457], [114.0238855, 22.5275566], [114.0238657, 22.527441]]]]}}, {"type": "Feature", "id": "way/349913505", "properties": {"tags": {"building": "residential"}, "heightStatus": "unknown", "source": "OpenStreetMap", "license": "ODbL-1.0"}, "geometry": {"type": "MultiPolygon", "coordinates": [[[[114.0204319, 22.5297361], [114.0204992, 22.5296858], [114.0206331, 22.5298385], [114.0205658, 22.5298888], [114.0204319, 22.5297361]]]]}}, {"type": "Feature", "id": "way/349913507", "properties": {"tags": {"building": "residential"}, "heightStatus": "unknown", "source": "OpenStreetMap", "license": "ODbL-1.0"}, "geometry": {"type": "MultiPolygon", "coordinates": [[[[114.0200145, 22.530053], [114.0200272, 22.5299507], [114.0201147, 22.5299599], [114.020102, 22.5300623], [114.0200145, 22.530053]]]]}}, {"type": "Feature", "id": "way/349913508", "properties": {"tags": {"building": "residential"}, "heightStatus": "unknown", "source": "OpenStreetMap", "license": "ODbL-1.0"}, "geometry": {"type": "MultiPolygon", "coordinates": [[[[114.0218725, 22.5285874], [114.0218925, 22.5285385], [114.0220058, 22.5285781], [114.0219858, 22.5286269], [114.0218725, 22.5285874]]]]}}, {"type": "Feature", "id": "way/349913511", "properties": {"tags": {"building": "residential"}, "heightStatus": "unknown", "source": "OpenStreetMap", "license": "ODbL-1.0"}, "geometry": {"type": "MultiPolygon", "coordinates": [[[[114.0195042, 22.5304521], [114.0195165, 22.5303524], [114.019604, 22.5303616], [114.0195917, 22.5304613], [114.0195042, 22.5304521]]]]}}, {"type": "Feature", "id": "way/349913512", "properties": {"tags": {"building": "residential"}, "heightStatus": "unknown", "source": "OpenStreetMap", "license": "ODbL-1.0"}, "geometry": {"type": "MultiPolygon", "coordinates": [[[[114.0228115, 22.5279269], [114.0228768, 22.5278921], [114.0229361, 22.5279869], [114.0228708, 22.5280218], [114.0228115, 22.5279269]]]]}}, {"type": "Feature", "id": "way/349913514", "properties": {"tags": {"building": "residential"}, "heightStatus": "unknown", "source": "OpenStreetMap", "license": "ODbL-1.0"}, "geometry": {"type": "MultiPolygon", "coordinates": [[[[114.0196046, 22.529458], [114.0196686, 22.5294028], [114.0197584, 22.529509], [114.0196944, 22.5295642], [114.0196046, 22.529458]]]]}}, {"type": "Feature", "id": "way/349913515", "properties": {"tags": {"building": "residential"}, "heightStatus": "unknown", "source": "OpenStreetMap", "license": "ODbL-1.0"}, "geometry": {"type": "MultiPolygon", "coordinates": [[[[114.0216931, 22.5290333], [114.0217148, 22.5289801], [114.0218304, 22.5290204], [114.0218086, 22.5290737], [114.0216931, 22.5290333]]]]}}, {"type": "Feature", "id": "way/349913516", "properties": {"tags": {"building": "residential"}, "heightStatus": "unknown", "source": "OpenStreetMap", "license": "ODbL-1.0"}, "geometry": {"type": "MultiPolygon", "coordinates": [[[[114.0226687, 22.5274299], [114.0227473, 22.527388], [114.0228947, 22.5276238], [114.0228161, 22.5276657], [114.0226687, 22.5274299]]]]}}, {"type": "Feature", "id": "way/349913518", "properties": {"tags": {"building": "residential"}, "heightStatus": "unknown", "source": "OpenStreetMap", "license": "ODbL-1.0"}, "geometry": {"type": "MultiPolygon", "coordinates": [[[[114.0225127, 22.5282193], [114.0225694, 22.5281669], [114.0226612, 22.5283027], [114.0225949, 22.5283409], [114.0225127, 22.5282193]]]]}}, {"type": "Feature", "id": "way/349913520", "properties": {"tags": {"building": "residential"}, "heightStatus": "unknown", "source": "OpenStreetMap", "license": "ODbL-1.0"}, "geometry": {"type": "MultiPolygon", "coordinates": [[[[114.0194268, 22.5301464], [114.0194385, 22.5300522], [114.019526, 22.5300614], [114.0195143, 22.5301557], [114.0194268, 22.5301464]]]]}}, {"type": "Feature", "id": "way/349913522", "properties": {"tags": {"building": "residential"}, "heightStatus": "unknown", "source": "OpenStreetMap", "license": "ODbL-1.0"}, "geometry": {"type": "MultiPolygon", "coordinates": [[[[114.0239063, 22.5270804], [114.0239773, 22.52707], [114.0239942, 22.5271685], [114.0239232, 22.5271789], [114.0239063, 22.5270804]]]]}}, {"type": "Feature", "id": "way/349913523", "properties": {"tags": {"building": "residential"}, "heightStatus": "unknown", "source": "OpenStreetMap", "license": "ODbL-1.0"}, "geometry": {"type": "MultiPolygon", "coordinates": [[[[114.0209249, 22.5297636], [114.0209732, 22.5297022], [114.0210682, 22.5297659], [114.0210199, 22.5298274], [114.0209249, 22.5297636]]]]}}, {"type": "Feature", "id": "way/349913525", "properties": {"tags": {"building": "residential"}, "heightStatus": "unknown", "source": "OpenStreetMap", "license": "ODbL-1.0"}, "geometry": {"type": "MultiPolygon", "coordinates": [[[[114.0238459, 22.5273255], [114.0239203, 22.5273146], [114.0239377, 22.5274162], [114.0238633, 22.5274271], [114.0238459, 22.5273255]]]]}}, {"type": "Feature", "id": "way/349913527", "properties": {"tags": {"building": "residential"}, "heightStatus": "unknown", "source": "OpenStreetMap", "license": "ODbL-1.0"}, "geometry": {"type": "MultiPolygon", "coordinates": [[[[114.0197508, 22.5303212], [114.0197632, 22.5302216], [114.0198507, 22.5302308], [114.0198383, 22.5303305], [114.0197508, 22.5303212]]]]}}, {"type": "Feature", "id": "way/349913532", "properties": {"tags": {"building": "residential"}, "heightStatus": "unknown", "source": "OpenStreetMap", "license": "ODbL-1.0"}, "geometry": {"type": "MultiPolygon", "coordinates": [[[[114.0198646, 22.5303332], [114.0198769, 22.5302336], [114.0199644, 22.5302428], [114.0199521, 22.5303425], [114.0198646, 22.5303332]]]]}}, {"type": "Feature", "id": "way/349913533", "properties": {"tags": {"building": "residential"}, "heightStatus": "unknown", "source": "OpenStreetMap", "license": "ODbL-1.0"}, "geometry": {"type": "MultiPolygon", "coordinates": [[[[114.0225319, 22.5280414], [114.0225822, 22.5280124], [114.0226501, 22.5281128], [114.0225998, 22.5281418], [114.0225319, 22.5280414]]]]}}, {"type": "Feature", "id": "way/349913535", "properties": {"tags": {"building": "residential"}, "heightStatus": "unknown", "source": "OpenStreetMap", "license": "ODbL-1.0"}, "geometry": {"type": "MultiPolygon", "coordinates": [[[[114.0217412, 22.5281727], [114.0218105, 22.5280937], [114.0219017, 22.528162], [114.0218325, 22.528241], [114.0217412, 22.5281727]]]]}}, {"type": "Feature", "id": "way/349913536", "properties": {"tags": {"building": "residential"}, "heightStatus": "unknown", "source": "OpenStreetMap", "license": "ODbL-1.0"}, "geometry": {"type": "MultiPolygon", "coordinates": [[[[114.0236582, 22.527137], [114.0237239, 22.5271274], [114.0237374, 22.5272061], [114.0236717, 22.5272157], [114.0236582, 22.527137]]]]}}, {"type": "Feature", "id": "way/349913538", "properties": {"tags": {"building": "residential"}, "heightStatus": "unknown", "source": "OpenStreetMap", "license": "ODbL-1.0"}, "geometry": {"type": "MultiPolygon", "coordinates": [[[[114.0218067, 22.5287484], [114.0218425, 22.5286609], [114.0219557, 22.5287004], [114.02192, 22.5287879], [114.0218067, 22.5287484]]]]}}, {"type": "Feature", "id": "way/349913540", "properties": {"tags": {"building": "residential"}, "heightStatus": "unknown", "source": "OpenStreetMap", "license": "ODbL-1.0"}, "geometry": {"type": "MultiPolygon", "coordinates": [[[[114.0206703, 22.5295578], [114.020733, 22.5295109], [114.0208355, 22.5296278], [114.0207728, 22.5296747], [114.0206703, 22.5295578]]]]}}, {"type": "Feature", "id": "way/349913542", "properties": {"tags": {"building": "residential"}, "heightStatus": "unknown", "source": "OpenStreetMap", "license": "ODbL-1.0"}, "geometry": {"type": "MultiPolygon", "coordinates": [[[[114.0225524, 22.5279453], [114.0226474, 22.5278947], [114.0227035, 22.5279845], [114.0226086, 22.5280351], [114.0225524, 22.5279453]]]]}}, {"type": "Feature", "id": "way/349913543", "properties": {"tags": {"building": "residential"}, "heightStatus": "unknown", "source": "OpenStreetMap", "license": "ODbL-1.0"}, "geometry": {"type": "MultiPolygon", "coordinates": [[[[114.0206399, 22.5298247], [114.0207197, 22.529765], [114.0207936, 22.5298493], [114.0207138, 22.529909], [114.0206399, 22.5298247]]]]}}, {"type": "Feature", "id": "way/349913545", "properties": {"tags": {"building": "residential"}, "heightStatus": "unknown", "source": "OpenStreetMap", "license": "ODbL-1.0"}, "geometry": {"type": "MultiPolygon", "coordinates": [[[[114.0216443, 22.528402], [114.0216609, 22.5283614], [114.0217739, 22.5284008], [114.0217573, 22.5284414], [114.0216443, 22.528402]]]]}}, {"type": "Feature", "id": "way/349913546", "properties": {"tags": {"building": "commercial", "building:levels": "64", "height": "293", "layer": "2", "name": "京基·滨河时代广场", "name:en": "Riverfront Times Square", "name:zh": "京基·滨河时代广场", "wikidata": "Q15823542", "wikimedia_commons": "Category:Riverfront Times Square", "wikipedia": "en:Riverfront Times Square"}, "heightStatus": "height_tag_unverified", "source": "OpenStreetMap", "license": "ODbL-1.0"}, "geometry": {"type": "MultiPolygon", "coordinates": [[[[114.0218822, 22.5310234], [114.0218926, 22.5310104], [114.0219062, 22.5310049], [114.021924, 22.5310037], [114.0219812, 22.5310116], [114.0220359, 22.5310122], [114.0220985, 22.5310122], [114.0221645, 22.5310097], [114.0222328, 22.5310066], [114.0222996, 22.530998], [114.0223581, 22.5309867], [114.0224068, 22.5309743], [114.0224566, 22.5309627], [114.0224806, 22.5309629], [114.0224982, 22.5309717], [114.0225094, 22.5309884], [114.0225107, 22.5310128], [114.0225105, 22.5310714], [114.0225127, 22.5311207], [114.022516, 22.5311726], [114.0225227, 22.5312264], [114.0225353, 22.5312931], [114.0225395, 22.5313234], [114.0225371, 22.531338], [114.0225281, 22.5313484], [114.0225114, 22.5313525], [114.0224891, 22.5313517], [114.0224485, 22.5313503], [114.0223902, 22.5313492], [114.0223204, 22.5313485], [114.0222498, 22.5313494], [114.0221931, 22.5313534], [114.0221293, 22.5313605], [114.0220664, 22.5313695], [114.0220216, 22.5313757], [114.0219748, 22.5313848], [114.0219515, 22.5313881], [114.0219339, 22.5313868], [114.02192, 22.5313801], [114.0219095, 22.5313677], [114.0219057, 22.5313513], [114.0219051, 22.5313323], [114.0219061, 22.5312798], [114.0219052, 22.5312231], [114.0219006, 22.5311597], [114.0218936, 22.531102], [114.0218825, 22.5310436], [114.0218822, 22.5310234]]]]}}, {"type": "Feature", "id": "way/349913547", "properties": {"tags": {"building": "residential"}, "heightStatus": "unknown", "source": "OpenStreetMap", "license": "ODbL-1.0"}, "geometry": {"type": "MultiPolygon", "coordinates": [[[[114.0242167, 22.5271263], [114.0243279, 22.5271026], [114.0243527, 22.5272021], [114.0242416, 22.5272258], [114.0242167, 22.5271263]]]]}}, {"type": "Feature", "id": "way/349913548", "properties": {"tags": {"building": "residential"}, "heightStatus": "unknown", "source": "OpenStreetMap", "license": "ODbL-1.0"}, "geometry": {"type": "MultiPolygon", "coordinates": [[[[114.0219185, 22.5288541], [114.0219315, 22.5288224], [114.0220029, 22.5288473], [114.0219899, 22.528879], [114.0219185, 22.5288541]]]]}}, {"type": "Feature", "id": "way/349913549", "properties": {"tags": {"EntityHand": "1288", "SubClasses": "AcDbEntity:AcDb2dPolyline", "building": "residential"}, "heightStatus": "unknown", "source": "OpenStreetMap", "license": "ODbL-1.0"}, "geometry": {"type": "MultiPolygon", "coordinates": [[[[114.0205055, 22.5299514], [114.0205682, 22.5299045], [114.0206421, 22.5299888], [114.0205794, 22.5300357], [114.0205055, 22.5299514]]]]}}, {"type": "Feature", "id": "way/349913551", "properties": {"tags": {"building": "residential"}, "heightStatus": "unknown", "source": "OpenStreetMap", "license": "ODbL-1.0"}, "geometry": {"type": "MultiPolygon", "coordinates": [[[[114.0241163, 22.5272641], [114.0242281, 22.5272477], [114.0242472, 22.5273592], [114.0241354, 22.5273755], [114.0241163, 22.5272641]]]]}}, {"type": "Feature", "id": "way/349913555", "properties": {"tags": {"building": "residential"}, "heightStatus": "unknown", "source": "OpenStreetMap", "license": "ODbL-1.0"}, "geometry": {"type": "MultiPolygon", "coordinates": [[[[114.0217963, 22.5272616], [114.0218814, 22.5272282], [114.0219165, 22.5273046], [114.0218314, 22.527338], [114.0217963, 22.5272616]]]]}}, {"type": "Feature", "id": "way/349913556", "properties": {"tags": {"building": "residential"}, "heightStatus": "unknown", "source": "OpenStreetMap", "license": "ODbL-1.0"}, "geometry": {"type": "MultiPolygon", "coordinates": [[[[114.0217488, 22.5292499], [114.0217753, 22.5291852], [114.0218909, 22.5292255], [114.0218644, 22.5292902], [114.0217488, 22.5292499]]]]}}, {"type": "Feature", "id": "way/349913558", "properties": {"tags": {"building": "residential"}, "heightStatus": "unknown", "source": "OpenStreetMap", "license": "ODbL-1.0"}, "geometry": {"type": "MultiPolygon", "coordinates": [[[[114.0230501, 22.5276732], [114.023173, 22.5276005], [114.0232178, 22.5276853], [114.0231048, 22.5277522], [114.0230501, 22.5276732]]]]}}, {"type": "Feature", "id": "way/349913559", "properties": {"tags": {"building": "residential"}, "heightStatus": "unknown", "source": "OpenStreetMap", "license": "ODbL-1.0"}, "geometry": {"type": "MultiPolygon", "coordinates": [[[[114.0221935, 22.5272618], [114.0222456, 22.527234], [114.0223073, 22.5273326], [114.0222551, 22.5273604], [114.0221935, 22.5272618]]]]}}, {"type": "Feature", "id": "way/349913562", "properties": {"tags": {"building": "temple"}, "heightStatus": "unknown", "source": "OpenStreetMap", "license": "ODbL-1.0"}, "geometry": {"type": "MultiPolygon", "coordinates": [[[[114.0208736, 22.528758], [114.0208973, 22.5286924], [114.0213467, 22.5288398], [114.0213234, 22.5289037], [114.0208967, 22.5287655], [114.020883, 22.5287611], [114.0208736, 22.528758]]]]}}, {"type": "Feature", "id": "way/349913563", "properties": {"tags": {"building": "residential"}, "heightStatus": "unknown", "source": "OpenStreetMap", "license": "ODbL-1.0"}, "geometry": {"type": "MultiPolygon", "coordinates": [[[[114.0220997, 22.5273009], [114.022181, 22.5272575], [114.0222493, 22.5273667], [114.0221679, 22.5274101], [114.0220997, 22.5273009]]]]}}, {"type": "Feature", "id": "way/349913564", "properties": {"tags": {"building": "residential"}, "heightStatus": "unknown", "source": "OpenStreetMap", "license": "ODbL-1.0"}, "geometry": {"type": "MultiPolygon", "coordinates": [[[[114.0215745, 22.5285725], [114.0215961, 22.5285199], [114.0217091, 22.5285593], [114.0216876, 22.528612], [114.0215745, 22.5285725]]]]}}, {"type": "Feature", "id": "way/349913566", "properties": {"tags": {"building": "residential"}, "heightStatus": "unknown", "source": "OpenStreetMap", "license": "ODbL-1.0"}, "geometry": {"type": "MultiPolygon", "coordinates": [[[[114.0196174, 22.52965], [114.0196939, 22.5295841], [114.0197647, 22.5296677], [114.0196882, 22.5297336], [114.0196174, 22.52965]]]]}}, {"type": "Feature", "id": "way/349913567", "properties": {"tags": {"building": "residential"}, "heightStatus": "unknown", "source": "OpenStreetMap", "license": "ODbL-1.0"}, "geometry": {"type": "MultiPolygon", "coordinates": [[[[114.0223232, 22.5271864], [114.0223868, 22.5271525], [114.0224484, 22.5272512], [114.0223849, 22.5272851], [114.0223232, 22.5271864]]]]}}, {"type": "Feature", "id": "way/349913568", "properties": {"tags": {"building": "residential"}, "heightStatus": "unknown", "source": "OpenStreetMap", "license": "ODbL-1.0"}, "geometry": {"type": "MultiPolygon", "coordinates": [[[[114.0217219, 22.5286239], [114.0217701, 22.528506], [114.0218717, 22.5285414], [114.0218235, 22.5286594], [114.0217219, 22.5286239]]]]}}, {"type": "Feature", "id": "way/349913569", "properties": {"tags": {"building": "apartments", "building:levels": "45", "layer": "2", "name": "D2栋", "name:zh": "D2栋"}, "heightStatus": "levels_only_unverified", "source": "OpenStreetMap", "license": "ODbL-1.0"}, "geometry": {"type": "MultiPolygon", "coordinates": [[[[114.0223059, 22.5296764], [114.0224222, 22.5295843], [114.0223514, 22.5295081], [114.0224599, 22.5294222], [114.0225325, 22.5295004], [114.0226141, 22.5294359], [114.0226805, 22.5295074], [114.0227015, 22.5295301], [114.0226196, 22.529595], [114.0227286, 22.5297125], [114.0226406, 22.5297821], [114.0225436, 22.5296775], [114.0225238, 22.5296931], [114.0224071, 22.5297855], [114.0223059, 22.5296764]]]]}}, {"type": "Feature", "id": "way/349913571", "properties": {"tags": {"building": "residential"}, "heightStatus": "unknown", "source": "OpenStreetMap", "license": "ODbL-1.0"}, "geometry": {"type": "MultiPolygon", "coordinates": [[[[114.0195245, 22.5302878], [114.0195357, 22.5301975], [114.0196232, 22.5302068], [114.019612, 22.530297], [114.0195245, 22.5302878]]]]}}, {"type": "Feature", "id": "way/349913572", "properties": {"tags": {"building": "residential"}, "heightStatus": "unknown", "source": "OpenStreetMap", "license": "ODbL-1.0"}, "geometry": {"type": "MultiPolygon", "coordinates": [[[[114.0242895, 22.5272322], [114.0243646, 22.5272162], [114.0243971, 22.5273464], [114.0243221, 22.5273624], [114.0242895, 22.5272322]]]]}}, {"type": "Feature", "id": "way/349913574", "properties": {"tags": {"building": "residential"}, "heightStatus": "unknown", "source": "OpenStreetMap", "license": "ODbL-1.0"}, "geometry": {"type": "MultiPolygon", "coordinates": [[[[114.0228457, 22.5274267], [114.0229039, 22.5273922], [114.022964, 22.5274789], [114.0229058, 22.5275133], [114.0228457, 22.5274267]]]]}}, {"type": "Feature", "id": "way/349913576", "properties": {"tags": {"building": "residential"}, "heightStatus": "unknown", "source": "OpenStreetMap", "license": "ODbL-1.0"}, "geometry": {"type": "MultiPolygon", "coordinates": [[[[114.0219294, 22.5283424], [114.0219488, 22.5283203], [114.0220571, 22.5284013], [114.0220377, 22.5284234], [114.0219294, 22.5283424]]]]}}, {"type": "Feature", "id": "way/349913577", "properties": {"tags": {"EntityHand": "D7F", "SubClasses": "AcDbEntity:AcDb2dPolyline", "building": "residential"}, "heightStatus": "unknown", "source": "OpenStreetMap", "license": "ODbL-1.0"}, "geometry": {"type": "MultiPolygon", "coordinates": [[[[114.0206685, 22.5303153], [114.020725, 22.530273], [114.0207786, 22.5303341], [114.020722, 22.5303764], [114.0206685, 22.5303153]]]]}}, {"type": "Feature", "id": "way/349913580", "properties": {"tags": {"building": "residential"}, "heightStatus": "unknown", "source": "OpenStreetMap", "license": "ODbL-1.0"}, "geometry": {"type": "MultiPolygon", "coordinates": [[[[114.0230949, 22.5274245], [114.0231869, 22.52737], [114.0232174, 22.5274332], [114.0231348, 22.5274821], [114.0230949, 22.5274245]]]]}}, {"type": "Feature", "id": "way/349913582", "properties": {"tags": {"building": "residential"}, "heightStatus": "unknown", "source": "OpenStreetMap", "license": "ODbL-1.0"}, "geometry": {"type": "MultiPolygon", "coordinates": [[[[114.0192427, 22.5292417], [114.0193865, 22.5292371], [114.0193906, 22.5293468], [114.0192469, 22.5293514], [114.0192427, 22.5292417]]]]}}, {"type": "Feature", "id": "way/349913583", "properties": {"tags": {"building": "residential"}, "heightStatus": "unknown", "source": "OpenStreetMap", "license": "ODbL-1.0"}, "geometry": {"type": "MultiPolygon", "coordinates": [[[[114.021609, 22.5292273], [114.0216449, 22.5291397], [114.0217646, 22.5291815], [114.0217287, 22.5292691], [114.021609, 22.5292273]]]]}}, {"type": "Feature", "id": "way/349913587", "properties": {"tags": {"building": "residential"}, "heightStatus": "unknown", "source": "OpenStreetMap", "license": "ODbL-1.0"}, "geometry": {"type": "MultiPolygon", "coordinates": [[[[114.0229185, 22.527155], [114.0229773, 22.5271236], [114.0230676, 22.5272681], [114.0230088, 22.5272994], [114.0229185, 22.527155]]]]}}, {"type": "Feature", "id": "way/349913589", "properties": {"tags": {"building": "yes"}, "heightStatus": "unknown", "source": "OpenStreetMap", "license": "ODbL-1.0"}, "geometry": {"type": "MultiPolygon", "coordinates": [[[[114.0195695, 22.5274168], [114.0196445, 22.5273742], [114.0197102, 22.5274728], [114.0196352, 22.5275154], [114.0195695, 22.5274168]]]]}}, {"type": "Feature", "id": "way/349913590", "properties": {"tags": {"building": "residential"}, "heightStatus": "unknown", "source": "OpenStreetMap", "license": "ODbL-1.0"}, "geometry": {"type": "MultiPolygon", "coordinates": [[[[114.0224417, 22.5282831], [114.0224906, 22.5282424], [114.0225916, 22.528346], [114.0225426, 22.5283867], [114.0224417, 22.5282831]]]]}}, {"type": "Feature", "id": "way/349913591", "properties": {"tags": {"building": "residential"}, "heightStatus": "unknown", "source": "OpenStreetMap", "license": "ODbL-1.0"}, "geometry": {"type": "MultiPolygon", "coordinates": [[[[114.0222926, 22.5273624], [114.0223188, 22.5273473], [114.022438, 22.5275236], [114.0224119, 22.5275387], [114.0222926, 22.5273624]]]]}}, {"type": "Feature", "id": "way/349913592", "properties": {"tags": {"building": "residential"}, "heightStatus": "unknown", "source": "OpenStreetMap", "license": "ODbL-1.0"}, "geometry": {"type": "MultiPolygon", "coordinates": [[[[114.0216, 22.5285104], [114.0216251, 22.5284489], [114.0217381, 22.5284883], [114.021713, 22.5285498], [114.0216, 22.5285104]]]]}}, {"type": "Feature", "id": "way/349913593", "properties": {"tags": {"building": "apartments", "building:levels": "45", "layer": "2", "name": "D1栋", "name:zh": "D1栋"}, "heightStatus": "levels_only_unverified", "source": "OpenStreetMap", "license": "ODbL-1.0"}, "geometry": {"type": "MultiPolygon", "coordinates": [[[[114.0222649, 22.5301504], [114.0223633, 22.5300776], [114.0222965, 22.5300001], [114.0224355, 22.5298979], [114.0225036, 22.5299775], [114.0225729, 22.5299253], [114.0226495, 22.5300122], [114.0225801, 22.5300643], [114.022704, 22.5302065], [114.0225656, 22.5303098], [114.0224588, 22.5301877], [114.0223605, 22.5302605], [114.0222649, 22.5301504]]]]}}, {"type": "Feature", "id": "way/349913594", "properties": {"tags": {"building": "residential"}, "heightStatus": "unknown", "source": "OpenStreetMap", "license": "ODbL-1.0"}, "geometry": {"type": "MultiPolygon", "coordinates": [[[[114.0223266, 22.5275431], [114.0223565, 22.5275259], [114.0223783, 22.527558], [114.0223484, 22.5275753], [114.0223266, 22.5275431]]]]}}, {"type": "Feature", "id": "way/349913595", "properties": {"tags": {"building": "residential"}, "heightStatus": "unknown", "source": "OpenStreetMap", "license": "ODbL-1.0"}, "geometry": {"type": "MultiPolygon", "coordinates": [[[[114.0220308, 22.5275773], [114.0220945, 22.5275433], [114.0221619, 22.5276511], [114.0220981, 22.5276851], [114.0220308, 22.5275773]]]]}}, {"type": "Feature", "id": "way/349913596", "properties": {"tags": {"building": "residential"}, "heightStatus": "unknown", "source": "OpenStreetMap", "license": "ODbL-1.0"}, "geometry": {"type": "MultiPolygon", "coordinates": [[[[114.0217208, 22.5293184], [114.0217447, 22.52926], [114.0218548, 22.5292984], [114.0218309, 22.5293568], [114.0217208, 22.5293184]]]]}}, {"type": "Feature", "id": "way/349913597", "properties": {"tags": {"building": "residential"}, "heightStatus": "unknown", "source": "OpenStreetMap", "license": "ODbL-1.0"}, "geometry": {"type": "MultiPolygon", "coordinates": [[[[114.023987, 22.5270637], [114.024058, 22.5270533], [114.0240757, 22.5271566], [114.0240047, 22.527167], [114.023987, 22.5270637]]]]}}, {"type": "Feature", "id": "way/349913598", "properties": {"tags": {"building": "residential"}, "heightStatus": "unknown", "source": "OpenStreetMap", "license": "ODbL-1.0"}, "geometry": {"type": "MultiPolygon", "coordinates": [[[[114.0219385, 22.5288002], [114.0219639, 22.5287381], [114.0220744, 22.5287766], [114.022049, 22.5288388], [114.0219385, 22.5288002]]]]}}, {"type": "Feature", "id": "way/349913599", "properties": {"tags": {"EntityHand": "D9C", "SubClasses": "AcDbEntity:AcDb2dPolyline", "building": "residential"}, "heightStatus": "unknown", "source": "OpenStreetMap", "license": "ODbL-1.0"}, "geometry": {"type": "MultiPolygon", "coordinates": [[[[114.0207963, 22.5305342], [114.0208504, 22.5305017], [114.0209251, 22.5305783], [114.0208821, 22.5306562], [114.0207963, 22.5305342]]]]}}, {"type": "Feature", "id": "way/349913601", "properties": {"tags": {"building": "apartments", "building:levels": "45", "layer": "2", "name": "D3栋", "name:zh": "D3栋"}, "heightStatus": "levels_only_unverified", "source": "OpenStreetMap", "license": "ODbL-1.0"}, "geometry": {"type": "MultiPolygon", "coordinates": [[[[114.0222822, 22.5291568], [114.0224595, 22.5290207], [114.0224441, 22.5290038], [114.0223897, 22.5289443], [114.022484, 22.5288708], [114.0227247, 22.5291344], [114.0226299, 22.5292082], [114.0225611, 22.5291329], [114.0223834, 22.5292693], [114.0222822, 22.5291568]]]]}}, {"type": "Feature", "id": "way/349913602", "properties": {"tags": {"building": "residential"}, "heightStatus": "unknown", "source": "OpenStreetMap", "license": "ODbL-1.0"}, "geometry": {"type": "MultiPolygon", "coordinates": [[[[114.0229438, 22.5275046], [114.0230109, 22.5274649], [114.0230528, 22.5275442], [114.022995, 22.5275784], [114.0229438, 22.5275046]]]]}}, {"type": "Feature", "id": "way/349913603", "properties": {"tags": {"building": "residential"}, "heightStatus": "unknown", "source": "OpenStreetMap", "license": "ODbL-1.0"}, "geometry": {"type": "MultiPolygon", "coordinates": [[[[114.0228106, 22.5274475], [114.0228389, 22.5274307], [114.022899, 22.5275174], [114.0228706, 22.5275341], [114.0228106, 22.5274475]]]]}}, {"type": "Feature", "id": "way/349913605", "properties": {"tags": {"building": "residential"}, "heightStatus": "unknown", "source": "OpenStreetMap", "license": "ODbL-1.0"}, "geometry": {"type": "MultiPolygon", "coordinates": [[[[114.0216732, 22.5286932], [114.0216976, 22.5286336], [114.021817, 22.5286752], [114.0217926, 22.5287349], [114.0216732, 22.5286932]]]]}}, {"type": "Feature", "id": "way/349913606", "properties": {"tags": {"EntityHand": "1399", "SubClasses": "AcDbEntity:AcDb2dPolyline", "building": "residential"}, "heightStatus": "unknown", "source": "OpenStreetMap", "license": "ODbL-1.0"}, "geometry": {"type": "MultiPolygon", "coordinates": [[[[114.0205751, 22.5298994], [114.0206423, 22.529849], [114.0207162, 22.5299333], [114.0206489, 22.5299836], [114.0205751, 22.5298994]]]]}}, {"type": "Feature", "id": "way/349913608", "properties": {"tags": {"building": "residential"}, "heightStatus": "unknown", "source": "OpenStreetMap", "license": "ODbL-1.0"}, "geometry": {"type": "MultiPolygon", "coordinates": [[[[114.0205568, 22.5297299], [114.0206366, 22.5296702], [114.0207105, 22.5297544], [114.0206306, 22.5298142], [114.0205568, 22.5297299]]]]}}, {"type": "Feature", "id": "way/349913609", "properties": {"tags": {"building": "residential"}, "heightStatus": "unknown", "source": "OpenStreetMap", "license": "ODbL-1.0"}, "geometry": {"type": "MultiPolygon", "coordinates": [[[[114.0230168, 22.5274614], [114.0230707, 22.5274296], [114.0231106, 22.5274872], [114.0230568, 22.527519], [114.0230168, 22.5274614]]]]}}, {"type": "Feature", "id": "way/349913611", "properties": {"tags": {"building": "residential"}, "heightStatus": "unknown", "source": "OpenStreetMap", "license": "ODbL-1.0"}, "geometry": {"type": "MultiPolygon", "coordinates": [[[[114.0227254, 22.5270879], [114.0227983, 22.527049], [114.0228417, 22.5271184], [114.0227688, 22.5271574], [114.0227254, 22.5270879]]]]}}, {"type": "Feature", "id": "way/349913613", "properties": {"tags": {"building": "residential"}, "heightStatus": "unknown", "source": "OpenStreetMap", "license": "ODbL-1.0"}, "geometry": {"type": "MultiPolygon", "coordinates": [[[[114.0216467, 22.5294], [114.0216824, 22.5293125], [114.0218134, 22.5293582], [114.0217776, 22.5294457], [114.0216467, 22.5294]]]]}}, {"type": "Feature", "id": "way/349913615", "properties": {"tags": {"building": "residential"}, "heightStatus": "unknown", "source": "OpenStreetMap", "license": "ODbL-1.0"}, "geometry": {"type": "MultiPolygon", "coordinates": [[[[114.0214415, 22.5288978], [114.0214752, 22.5288154], [114.0215883, 22.5288548], [114.0215546, 22.5289372], [114.0214415, 22.5288978]]]]}}, {"type": "Feature", "id": "way/349913617", "properties": {"tags": {"building": "residential"}, "heightStatus": "unknown", "source": "OpenStreetMap", "license": "ODbL-1.0"}, "geometry": {"type": "MultiPolygon", "coordinates": [[[[114.0219838, 22.5286892], [114.0220251, 22.5285884], [114.0221356, 22.528627], [114.0220944, 22.5287278], [114.0219838, 22.5286892]]]]}}, {"type": "Feature", "id": "way/349913618", "properties": {"tags": {"building": "residential"}, "heightStatus": "unknown", "source": "OpenStreetMap", "license": "ODbL-1.0"}, "geometry": {"type": "MultiPolygon", "coordinates": [[[[114.0210788, 22.5297736], [114.0211237, 22.5297166], [114.0212246, 22.5297843], [114.0211797, 22.5298413], [114.0210788, 22.5297736]]]]}}, {"type": "Feature", "id": "way/349913620", "properties": {"tags": {"building": "residential"}, "heightStatus": "unknown", "source": "OpenStreetMap", "license": "ODbL-1.0"}, "geometry": {"type": "MultiPolygon", "coordinates": [[[[114.0217763, 22.5284908], [114.0218082, 22.5284128], [114.0219098, 22.5284482], [114.0218779, 22.5285262], [114.0217763, 22.5284908]]]]}}, {"type": "Feature", "id": "way/349913621", "properties": {"tags": {"building": "residential"}, "heightStatus": "unknown", "source": "OpenStreetMap", "license": "ODbL-1.0"}, "geometry": {"type": "MultiPolygon", "coordinates": [[[[114.0231409, 22.5271481], [114.0232078, 22.5271361], [114.0232256, 22.5272209], [114.0231587, 22.5272329], [114.0231409, 22.5271481]]]]}}, {"type": "Feature", "id": "way/349913622", "properties": {"tags": {"EntityHand": "1688", "SubClasses": "AcDbEntity:AcDb2dPolyline", "building": "residential"}, "heightStatus": "unknown", "source": "OpenStreetMap", "license": "ODbL-1.0"}, "geometry": {"type": "MultiPolygon", "coordinates": [[[[114.0203723, 22.5300946], [114.0205035, 22.5299965], [114.0205635, 22.530065], [114.0204323, 22.5301631], [114.0203723, 22.5300946]]]]}}, {"type": "Feature", "id": "way/349913626", "properties": {"tags": {"building": "residential"}, "heightStatus": "unknown", "source": "OpenStreetMap", "license": "ODbL-1.0"}, "geometry": {"type": "MultiPolygon", "coordinates": [[[[114.0235015, 22.5271689], [114.0235765, 22.5271579], [114.0235935, 22.5272573], [114.0235015, 22.5272708], [114.0235015, 22.5271689]]]]}}, {"type": "Feature", "id": "way/349913627", "properties": {"tags": {"building": "residential"}, "heightStatus": "unknown", "source": "OpenStreetMap", "license": "ODbL-1.0"}, "geometry": {"type": "MultiPolygon", "coordinates": [[[[114.0221165, 22.5275525], [114.022188, 22.5275143], [114.0222586, 22.5276271], [114.022187, 22.5276653], [114.0221165, 22.5275525]]]]}}, {"type": "Feature", "id": "way/349913628", "properties": {"tags": {"building": "residential"}, "heightStatus": "unknown", "source": "OpenStreetMap", "license": "ODbL-1.0"}, "geometry": {"type": "MultiPolygon", "coordinates": [[[[114.0221327, 22.5286798], [114.0221571, 22.5286476], [114.0222449, 22.5287044], [114.0222205, 22.5287366], [114.0221327, 22.5286798]]]]}}, {"type": "Feature", "id": "way/349913629", "properties": {"tags": {"EntityHand": "1245", "SubClasses": "AcDbEntity:AcDb2dPolyline", "building": "residential"}, "heightStatus": "unknown", "source": "OpenStreetMap", "license": "ODbL-1.0"}, "geometry": {"type": "MultiPolygon", "coordinates": [[[[114.0208009, 22.5300182], [114.020886, 22.5299546], [114.0209903, 22.5300736], [114.0209053, 22.5301373], [114.0208009, 22.5300182]]]]}}, {"type": "Feature", "id": "way/349913631", "properties": {"tags": {"building": "residential"}, "heightStatus": "unknown", "source": "OpenStreetMap", "license": "ODbL-1.0"}, "geometry": {"type": "MultiPolygon", "coordinates": [[[[114.0227334, 22.5278651], [114.0228283, 22.5278145], [114.0228696, 22.5278805], [114.0227747, 22.5279311], [114.0227334, 22.5278651]]]]}}, {"type": "Feature", "id": "way/349913633", "properties": {"tags": {"building": "residential"}, "heightStatus": "unknown", "source": "OpenStreetMap", "license": "ODbL-1.0"}, "geometry": {"type": "MultiPolygon", "coordinates": [[[[114.0236582, 22.52736], [114.0237239, 22.5273503], [114.0237451, 22.5274741], [114.0236794, 22.5274837], [114.0236582, 22.52736]]]]}}, {"type": "Feature", "id": "way/349913636", "properties": {"tags": {"building": "residential"}, "heightStatus": "unknown", "source": "OpenStreetMap", "license": "ODbL-1.0"}, "geometry": {"type": "MultiPolygon", "coordinates": [[[[114.021034, 22.5298514], [114.0210789, 22.5297944], [114.0211798, 22.5298621], [114.0211349, 22.5299191], [114.021034, 22.5298514]]]]}}, {"type": "Feature", "id": "way/349913637", "properties": {"tags": {"building": "residential"}, "heightStatus": "unknown", "source": "OpenStreetMap", "license": "ODbL-1.0"}, "geometry": {"type": "MultiPolygon", "coordinates": [[[[114.0237493, 22.5271237], [114.0238842, 22.527104], [114.0238977, 22.5271826], [114.0237628, 22.5272024], [114.0237493, 22.5271237]]]]}}, {"type": "Feature", "id": "way/349913638", "properties": {"tags": {"building": "residential"}, "heightStatus": "unknown", "source": "OpenStreetMap", "license": "ODbL-1.0"}, "geometry": {"type": "MultiPolygon", "coordinates": [[[[114.0225207, 22.5272162], [114.0225993, 22.5271743], [114.0226572, 22.5272669], [114.0225786, 22.5273089], [114.0225207, 22.5272162]]]]}}, {"type": "Feature", "id": "way/349913640", "properties": {"tags": {"building": "residential"}, "heightStatus": "unknown", "source": "OpenStreetMap", "license": "ODbL-1.0"}, "geometry": {"type": "MultiPolygon", "coordinates": [[[[114.0215187, 22.527], [114.0216161, 22.5269742], [114.0216497, 22.5270824], [114.0215523, 22.5271082], [114.0215187, 22.527]]]]}}, {"type": "Feature", "id": "way/349913642", "properties": {"tags": {"building": "residential"}, "heightStatus": "unknown", "source": "OpenStreetMap", "license": "ODbL-1.0"}, "geometry": {"type": "MultiPolygon", "coordinates": [[[[114.0198042, 22.5298903], [114.0198166, 22.5297906], [114.019904, 22.5297999], [114.0198917, 22.5298995], [114.0198042, 22.5298903]]]]}}, {"type": "Feature", "id": "way/349913644", "properties": {"tags": {"amenity": "place_of_worship", "building": "temple", "name": "黄思铭公世祠", "name:en": "Huang Siming Ancestral Temple", "religion": "confucian"}, "heightStatus": "unknown", "source": "OpenStreetMap", "license": "ODbL-1.0"}, "geometry": {"type": "MultiPolygon", "coordinates": [[[[114.0208142, 22.5289085], [114.0208566, 22.5287996], [114.0208665, 22.5288028], [114.0208803, 22.5288074], [114.0209405, 22.5288274], [114.0209287, 22.5288578], [114.0209091, 22.5289081], [114.0208982, 22.5289362], [114.0208142, 22.5289085]]]]}}, {"type": "Feature", "id": "way/349913646", "properties": {"tags": {"building": "residential"}, "heightStatus": "unknown", "source": "OpenStreetMap", "license": "ODbL-1.0"}, "geometry": {"type": "MultiPolygon", "coordinates": [[[[114.0229168, 22.5273846], [114.0230106, 22.5273291], [114.0230707, 22.5274157], [114.0229769, 22.5274713], [114.0229168, 22.5273846]]]]}}, {"type": "Feature", "id": "way/349913652", "properties": {"tags": {"building": "residential"}, "heightStatus": "unknown", "source": "OpenStreetMap", "license": "ODbL-1.0"}, "geometry": {"type": "MultiPolygon", "coordinates": [[[[114.0219402, 22.5273397], [114.022065, 22.5272835], [114.0221162, 22.5273804], [114.0219914, 22.5274367], [114.0219402, 22.5273397]]]]}}, {"type": "Feature", "id": "way/349913654", "properties": {"tags": {"building": "residential"}, "heightStatus": "unknown", "source": "OpenStreetMap", "license": "ODbL-1.0"}, "geometry": {"type": "MultiPolygon", "coordinates": [[[[114.0216416, 22.5287705], [114.0216623, 22.5287198], [114.0217817, 22.5287615], [114.021761, 22.5288122], [114.0216416, 22.5287705]]]]}}, {"type": "Feature", "id": "way/349913657", "properties": {"tags": {"building": "residential"}, "heightStatus": "unknown", "source": "OpenStreetMap", "license": "ODbL-1.0"}, "geometry": {"type": "MultiPolygon", "coordinates": [[[[114.0243161, 22.5270004], [114.0243923, 22.5269841], [114.0244147, 22.5270739], [114.0243386, 22.5270901], [114.0243161, 22.5270004]]]]}}, {"type": "Feature", "id": "way/349913659", "properties": {"tags": {"building": "residential"}, "heightStatus": "unknown", "source": "OpenStreetMap", "license": "ODbL-1.0"}, "geometry": {"type": "MultiPolygon", "coordinates": [[[[114.0222321, 22.5281029], [114.0223189, 22.5280307], [114.0223971, 22.5281109], [114.0223103, 22.5281831], [114.0222321, 22.5281029]]]]}}, {"type": "Feature", "id": "way/349913662", "properties": {"tags": {"building": "residential"}, "heightStatus": "unknown", "source": "OpenStreetMap", "license": "ODbL-1.0"}, "geometry": {"type": "MultiPolygon", "coordinates": [[[[114.0206018, 22.529609], [114.0206589, 22.5295663], [114.0207531, 22.5296738], [114.020696, 22.5297164], [114.0206018, 22.529609]]]]}}, {"type": "Feature", "id": "way/349913669", "properties": {"tags": {"building": "residential"}, "heightStatus": "unknown", "source": "OpenStreetMap", "license": "ODbL-1.0"}, "geometry": {"type": "MultiPolygon", "coordinates": [[[[114.0239234, 22.5271965], [114.0240786, 22.5271738], [114.0240927, 22.5272558], [114.0239374, 22.5272785], [114.0239234, 22.5271965]]]]}}, {"type": "Feature", "id": "way/349913673", "properties": {"tags": {"building": "residential"}, "heightStatus": "unknown", "source": "OpenStreetMap", "license": "ODbL-1.0"}, "geometry": {"type": "MultiPolygon", "coordinates": [[[[114.0226156, 22.5271656], [114.0227214, 22.5271092], [114.0227742, 22.5271936], [114.0226684, 22.5272501], [114.0226156, 22.5271656]]]]}}, {"type": "Feature", "id": "way/349913699", "properties": {"tags": {"building": "residential"}, "heightStatus": "unknown", "source": "OpenStreetMap", "license": "ODbL-1.0"}, "geometry": {"type": "MultiPolygon", "coordinates": [[[[114.0198817, 22.5301945], [114.0198934, 22.5301002], [114.0199809, 22.5301095], [114.0199692, 22.5302038], [114.0198817, 22.5301945]]]]}}, {"type": "Feature", "id": "way/349913714", "properties": {"tags": {"building": "residential"}, "heightStatus": "unknown", "source": "OpenStreetMap", "license": "ODbL-1.0"}, "geometry": {"type": "MultiPolygon", "coordinates": [[[[114.0227606, 22.5273487], [114.0228564, 22.5272976], [114.0229021, 22.5273707], [114.0228063, 22.5274218], [114.0227606, 22.5273487]]]]}}, {"type": "Feature", "id": "way/349913718", "properties": {"tags": {"building": "residential"}, "heightStatus": "unknown", "source": "OpenStreetMap", "license": "ODbL-1.0"}, "geometry": {"type": "MultiPolygon", "coordinates": [[[[114.0214844, 22.5278461], [114.0215627, 22.5277599], [114.0216683, 22.5278418], [114.02159, 22.527928], [114.0214844, 22.5278461]]]]}}, {"type": "Feature", "id": "way/349913721", "properties": {"tags": {"building": "residential"}, "heightStatus": "unknown", "source": "OpenStreetMap", "license": "ODbL-1.0"}, "geometry": {"type": "MultiPolygon", "coordinates": [[[[114.0207131, 22.5297358], [114.0207925, 22.5296764], [114.0208798, 22.5297761], [114.0208004, 22.5298355], [114.0207131, 22.5297358]]]]}}, {"type": "Feature", "id": "way/349913727", "properties": {"tags": {"building": "residential"}, "heightStatus": "unknown", "source": "OpenStreetMap", "license": "ODbL-1.0"}, "geometry": {"type": "MultiPolygon", "coordinates": [[[[114.0228771, 22.5280319], [114.0229424, 22.527997], [114.0230017, 22.5280919], [114.0229364, 22.5281267], [114.0228771, 22.5280319]]]]}}, {"type": "Feature", "id": "way/349913732", "properties": {"tags": {"building": "residential"}, "heightStatus": "unknown", "source": "OpenStreetMap", "license": "ODbL-1.0"}, "geometry": {"type": "MultiPolygon", "coordinates": [[[[114.0222577, 22.5272214], [114.0223136, 22.5271916], [114.0223753, 22.5272902], [114.0223193, 22.52732], [114.0222577, 22.5272214]]]]}}, {"type": "Feature", "id": "way/349913737", "properties": {"tags": {"EntityHand": "124B", "SubClasses": "AcDbEntity:AcDb2dPolyline", "building": "residential"}, "heightStatus": "unknown", "source": "OpenStreetMap", "license": "ODbL-1.0"}, "geometry": {"type": "MultiPolygon", "coordinates": [[[[114.0202892, 22.5299998], [114.0204203, 22.5299017], [114.0204896, 22.5299807], [114.0203585, 22.5300788], [114.0202892, 22.5299998]]]]}}, {"type": "Feature", "id": "way/349913780", "properties": {"tags": {"building": "residential"}, "heightStatus": "unknown", "source": "OpenStreetMap", "license": "ODbL-1.0"}, "geometry": {"type": "MultiPolygon", "coordinates": [[[[114.0230235, 22.5273215], [114.0231248, 22.5272615], [114.0231849, 22.5273482], [114.0230835, 22.5274081], [114.0230235, 22.5273215]]]]}}, {"type": "Feature", "id": "way/349913791", "properties": {"tags": {"building": "residential"}, "heightStatus": "unknown", "source": "OpenStreetMap", "license": "ODbL-1.0"}, "geometry": {"type": "MultiPolygon", "coordinates": [[[[114.0196371, 22.5303092], [114.0196495, 22.5302095], [114.0197369, 22.5302188], [114.0197246, 22.5303184], [114.0196371, 22.5303092]]]]}}, {"type": "Feature", "id": "way/349913794", "properties": {"tags": {"building": "residential"}, "heightStatus": "unknown", "source": "OpenStreetMap", "license": "ODbL-1.0"}, "geometry": {"type": "MultiPolygon", "coordinates": [[[[114.021737, 22.527515], [114.0218071, 22.5274915], [114.021869, 22.5276486], [114.0217989, 22.5276722], [114.021737, 22.527515]]]]}}, {"type": "Feature", "id": "way/349913795", "properties": {"tags": {"building": "residential"}, "heightStatus": "unknown", "source": "OpenStreetMap", "license": "ODbL-1.0"}, "geometry": {"type": "MultiPolygon", "coordinates": [[[[114.0235934, 22.5271508], [114.0236483, 22.5271428], [114.0236625, 22.5272255], [114.0236076, 22.5272335], [114.0235934, 22.5271508]]]]}}, {"type": "Feature", "id": "way/349913796", "properties": {"tags": {"EntityHand": "11A6", "SubClasses": "AcDbEntity:AcDb2dPolyline", "building": "residential"}, "heightStatus": "unknown", "source": "OpenStreetMap", "license": "ODbL-1.0"}, "geometry": {"type": "MultiPolygon", "coordinates": [[[[114.0204985, 22.5302708], [114.0205555, 22.5302181], [114.0206473, 22.5303028], [114.0205902, 22.5303556], [114.0204985, 22.5302708]]]]}}, {"type": "Feature", "id": "way/349913800", "properties": {"tags": {"building": "residential"}, "heightStatus": "unknown", "source": "OpenStreetMap", "license": "ODbL-1.0"}, "geometry": {"type": "MultiPolygon", "coordinates": [[[[114.019767, 22.5301906], [114.0197807, 22.5300801], [114.0198682, 22.5300894], [114.0198545, 22.5301998], [114.019767, 22.5301906]]]]}}, {"type": "Feature", "id": "way/349913801", "properties": {"tags": {"building": "residential"}, "heightStatus": "unknown", "source": "OpenStreetMap", "license": "ODbL-1.0"}, "geometry": {"type": "MultiPolygon", "coordinates": [[[[114.0219672, 22.5287298], [114.0219805, 22.5286975], [114.022091, 22.528736], [114.0220778, 22.5287684], [114.0219672, 22.5287298]]]]}}, {"type": "Feature", "id": "way/349913804", "properties": {"tags": {"building": "residential"}, "heightStatus": "unknown", "source": "OpenStreetMap", "license": "ODbL-1.0"}, "geometry": {"type": "MultiPolygon", "coordinates": [[[[114.0196179, 22.5304641], [114.0196303, 22.5303644], [114.0197178, 22.5303737], [114.0197054, 22.5304733], [114.0196179, 22.5304641]]]]}}, {"type": "Feature", "id": "way/349913805", "properties": {"tags": {"building": "residential"}, "heightStatus": "unknown", "source": "OpenStreetMap", "license": "ODbL-1.0"}, "geometry": {"type": "MultiPolygon", "coordinates": [[[[114.0233584, 22.5271914], [114.0234472, 22.5271822], [114.0234585, 22.5272753], [114.0233697, 22.5272845], [114.0233584, 22.5271914]]]]}}, {"type": "Feature", "id": "way/349913807", "properties": {"tags": {"building": "residential"}, "heightStatus": "unknown", "source": "OpenStreetMap", "license": "ODbL-1.0"}, "geometry": {"type": "MultiPolygon", "coordinates": [[[[114.0217465, 22.5289027], [114.0217682, 22.5288495], [114.0218838, 22.5288898], [114.0218621, 22.5289431], [114.0217465, 22.5289027]]]]}}, {"type": "Feature", "id": "way/349913808", "properties": {"tags": {"building": "residential"}, "heightStatus": "unknown", "source": "OpenStreetMap", "license": "ODbL-1.0"}, "geometry": {"type": "MultiPolygon", "coordinates": [[[[114.0223286, 22.5273336], [114.0224549, 22.5272607], [114.0225119, 22.527345], [114.0223856, 22.5274179], [114.0223286, 22.5273336]]]]}}, {"type": "Feature", "id": "way/349913810", "properties": {"tags": {"building": "residential"}, "heightStatus": "unknown", "source": "OpenStreetMap", "license": "ODbL-1.0"}, "geometry": {"type": "MultiPolygon", "coordinates": [[[[114.0226086, 22.5278212], [114.0227567, 22.5277357], [114.0227905, 22.5277856], [114.0226424, 22.5278711], [114.0226086, 22.5278212]]]]}}, {"type": "Feature", "id": "way/349913811", "properties": {"tags": {"building": "residential"}, "heightStatus": "unknown", "source": "OpenStreetMap", "license": "ODbL-1.0"}, "geometry": {"type": "MultiPolygon", "coordinates": [[[[114.0240237, 22.5272776], [114.0240947, 22.5272672], [114.0241149, 22.5273853], [114.0240439, 22.5273956], [114.0240237, 22.5272776]]]]}}, {"type": "Feature", "id": "way/349913812", "properties": {"tags": {"building": "residential"}, "heightStatus": "unknown", "source": "OpenStreetMap", "license": "ODbL-1.0"}, "geometry": {"type": "MultiPolygon", "coordinates": [[[[114.0227013, 22.5280029], [114.0228062, 22.5279351], [114.0228639, 22.5280275], [114.0227591, 22.5280953], [114.0227013, 22.5280029]]]]}}, {"type": "Feature", "id": "way/349913813", "properties": {"tags": {"EntityHand": "15D2", "SubClasses": "AcDbEntity:AcDb2dPolyline", "building": "residential"}, "heightStatus": "unknown", "source": "OpenStreetMap", "license": "ODbL-1.0"}, "geometry": {"type": "MultiPolygon", "coordinates": [[[[114.0204362, 22.5298724], [114.0204989, 22.5298255], [114.020559, 22.5298939], [114.0204962, 22.5299409], [114.0204362, 22.5298724]]]]}}, {"type": "Feature", "id": "way/349913815", "properties": {"tags": {"building": "residential"}, "heightStatus": "unknown", "source": "OpenStreetMap", "license": "ODbL-1.0"}, "geometry": {"type": "MultiPolygon", "coordinates": [[[[114.0228687, 22.527291], [114.0229574, 22.5272437], [114.0230031, 22.5273168], [114.0229144, 22.5273641], [114.0228687, 22.527291]]]]}}, {"type": "Feature", "id": "way/349913816", "properties": {"tags": {"building": "residential"}, "heightStatus": "unknown", "source": "OpenStreetMap", "license": "ODbL-1.0"}, "geometry": {"type": "MultiPolygon", "coordinates": [[[[114.0217838, 22.5271511], [114.02185, 22.5271252], [114.0218901, 22.5272125], [114.021824, 22.5272385], [114.0217838, 22.5271511]]]]}}, {"type": "Feature", "id": "way/349913817", "properties": {"tags": {"building": "residential"}, "heightStatus": "unknown", "source": "OpenStreetMap", "license": "ODbL-1.0"}, "geometry": {"type": "MultiPolygon", "coordinates": [[[[114.0237569, 22.5274111], [114.023835, 22.5273997], [114.0238444, 22.5274546], [114.0237663, 22.527466], [114.0237569, 22.5274111]]]]}}, {"type": "Feature", "id": "way/349913818", "properties": {"tags": {"building": "residential"}, "heightStatus": "unknown", "source": "OpenStreetMap", "license": "ODbL-1.0"}, "geometry": {"type": "MultiPolygon", "coordinates": [[[[114.021583, 22.5272299], [114.0216884, 22.5271885], [114.0217285, 22.5272759], [114.0216231, 22.5273172], [114.021583, 22.5272299]]]]}}, {"type": "Feature", "id": "way/349913820", "properties": {"tags": {"building": "residential"}, "heightStatus": "unknown", "source": "OpenStreetMap", "license": "ODbL-1.0"}, "geometry": {"type": "MultiPolygon", "coordinates": [[[[114.0226665, 22.5279008], [114.0227256, 22.5278692], [114.0227709, 22.5279417], [114.0227118, 22.5279732], [114.0226665, 22.5279008]]]]}}, {"type": "Feature", "id": "way/349913821", "properties": {"tags": {"building": "residential"}, "heightStatus": "unknown", "source": "OpenStreetMap", "license": "ODbL-1.0"}, "geometry": {"type": "MultiPolygon", "coordinates": [[[[114.0195494, 22.5293538], [114.0196411, 22.5292748], [114.0196872, 22.5293313], [114.0195954, 22.5294103], [114.0195494, 22.5293538]]]]}}, {"type": "Feature", "id": "way/349913823", "properties": {"tags": {"building": "residential"}, "heightStatus": "unknown", "source": "OpenStreetMap", "license": "ODbL-1.0"}, "geometry": {"type": "MultiPolygon", "coordinates": [[[[114.0194809, 22.5295942], [114.0195397, 22.5295436], [114.0196199, 22.5296385], [114.0195612, 22.5296891], [114.0194809, 22.5295942]]]]}}, {"type": "Feature", "id": "way/349913828", "properties": {"tags": {"building": "residential"}, "heightStatus": "unknown", "source": "OpenStreetMap", "license": "ODbL-1.0"}, "geometry": {"type": "MultiPolygon", "coordinates": [[[[114.0228803, 22.5275422], [114.0229363, 22.5275091], [114.0229874, 22.5275829], [114.0229315, 22.527616], [114.0228803, 22.5275422]]]]}}, {"type": "Feature", "id": "way/349913830", "properties": {"tags": {"building": "residential"}, "heightStatus": "unknown", "source": "OpenStreetMap", "license": "ODbL-1.0"}, "geometry": {"type": "MultiPolygon", "coordinates": [[[[114.0219602, 22.5276283], [114.022024, 22.5275943], [114.022082, 22.5276871], [114.0220182, 22.5277211], [114.0219602, 22.5276283]]]]}}, {"type": "Feature", "id": "way/349913833", "properties": {"tags": {"building": "residential"}, "heightStatus": "unknown", "source": "OpenStreetMap", "license": "ODbL-1.0"}, "geometry": {"type": "MultiPolygon", "coordinates": [[[[114.019787, 22.530029], [114.0197997, 22.5299266], [114.0198872, 22.5299359], [114.0198745, 22.5300382], [114.019787, 22.530029]]]]}}, {"type": "Feature", "id": "way/349913835", "properties": {"tags": {"building": "residential"}, "heightStatus": "unknown", "source": "OpenStreetMap", "license": "ODbL-1.0"}, "geometry": {"type": "MultiPolygon", "coordinates": [[[[114.0219561, 22.5283118], [114.0219829, 22.5282813], [114.0220913, 22.5283623], [114.0220645, 22.5283929], [114.0219561, 22.5283118]]]]}}, {"type": "Feature", "id": "way/349913836", "properties": {"tags": {"building": "temple"}, "heightStatus": "unknown", "source": "OpenStreetMap", "license": "ODbL-1.0"}, "geometry": {"type": "MultiPolygon", "coordinates": [[[[114.0207668, 22.5291974], [114.0208547, 22.5290792], [114.020934, 22.5291294], [114.0209237, 22.5291433], [114.0208565, 22.5292337], [114.020846, 22.5292477], [114.0207668, 22.5291974]]]]}}, {"type": "Feature", "id": "way/349913837", "properties": {"tags": {"building": "residential"}, "heightStatus": "unknown", "source": "OpenStreetMap", "license": "ODbL-1.0"}, "geometry": {"type": "MultiPolygon", "coordinates": [[[[114.0230005, 22.5278337], [114.023057, 22.5278035], [114.0231217, 22.527907], [114.0230652, 22.5279371], [114.0230005, 22.5278337]]]]}}, {"type": "Feature", "id": "way/349913838", "properties": {"tags": {"building": "residential"}, "heightStatus": "unknown", "source": "OpenStreetMap", "license": "ODbL-1.0"}, "geometry": {"type": "MultiPolygon", "coordinates": [[[[114.019545, 22.529539], [114.0196091, 22.5294838], [114.0196844, 22.5295728], [114.0196203, 22.529628], [114.019545, 22.529539]]]]}}, {"type": "Feature", "id": "way/349913839", "properties": {"tags": {"building": "residential"}, "heightStatus": "unknown", "source": "OpenStreetMap", "license": "ODbL-1.0"}, "geometry": {"type": "MultiPolygon", "coordinates": [[[[114.0221813, 22.527104], [114.0223147, 22.5270328], [114.0223771, 22.5271326], [114.0222436, 22.5272038], [114.0221813, 22.527104]]]]}}, {"type": "Feature", "id": "way/349913841", "properties": {"tags": {"building": "residential"}, "heightStatus": "unknown", "source": "OpenStreetMap", "license": "ODbL-1.0"}, "geometry": {"type": "MultiPolygon", "coordinates": [[[[114.0199955, 22.5302065], [114.0200072, 22.5301123], [114.0200946, 22.5301215], [114.020083, 22.5302158], [114.0199955, 22.5302065]]]]}}, {"type": "Feature", "id": "way/349913843", "properties": {"tags": {"building": "residential"}, "heightStatus": "unknown", "source": "OpenStreetMap", "license": "ODbL-1.0"}, "geometry": {"type": "MultiPolygon", "coordinates": [[[[114.0205106, 22.5296772], [114.0205904, 22.5296175], [114.0206246, 22.5296565], [114.0205448, 22.5297162], [114.0205106, 22.5296772]]]]}}, {"type": "Feature", "id": "way/349913844", "properties": {"tags": {"building": "residential"}, "heightStatus": "unknown", "source": "OpenStreetMap", "license": "ODbL-1.0"}, "geometry": {"type": "MultiPolygon", "coordinates": [[[[114.0222341, 22.5273961], [114.0222864, 22.527366], [114.0223395, 22.5274445], [114.0222873, 22.5274747], [114.0222341, 22.5273961]]]]}}, {"type": "Feature", "id": "way/349913845", "properties": {"tags": {"building": "residential"}, "heightStatus": "unknown", "source": "OpenStreetMap", "license": "ODbL-1.0"}, "geometry": {"type": "MultiPolygon", "coordinates": [[[[114.0240804, 22.5270549], [114.0241629, 22.5270429], [114.0241783, 22.5271323], [114.0240957, 22.5271444], [114.0240804, 22.5270549]]]]}}, {"type": "Feature", "id": "way/349913850", "properties": {"tags": {"building": "residential"}, "heightStatus": "unknown", "source": "OpenStreetMap", "license": "ODbL-1.0"}, "geometry": {"type": "MultiPolygon", "coordinates": [[[[114.0220682, 22.5288455], [114.0221061, 22.5287529], [114.0222036, 22.5287869], [114.0221657, 22.5288795], [114.0220682, 22.5288455]]]]}}, {"type": "Feature", "id": "way/349913851", "properties": {"tags": {"building": "residential"}, "heightStatus": "unknown", "source": "OpenStreetMap", "license": "ODbL-1.0"}, "geometry": {"type": "MultiPolygon", "coordinates": [[[[114.0224175, 22.5270213], [114.0224821, 22.5269868], [114.0225337, 22.5270694], [114.0224691, 22.5271039], [114.0224175, 22.5270213]]]]}}, {"type": "Feature", "id": "way/349913852", "properties": {"tags": {"EntityHand": "169C", "SubClasses": "AcDbEntity:AcDb2dPolyline", "building": "residential"}, "heightStatus": "unknown", "source": "OpenStreetMap", "license": "ODbL-1.0"}, "geometry": {"type": "MultiPolygon", "coordinates": [[[[114.020666, 22.5301453], [114.0208033, 22.5300426], [114.0208588, 22.5301058], [114.0207214, 22.5302085], [114.020666, 22.5301453]]]]}}, {"type": "Feature", "id": "way/349913855", "properties": {"tags": {"building": "residential"}, "heightStatus": "unknown", "source": "OpenStreetMap", "license": "ODbL-1.0"}, "geometry": {"type": "MultiPolygon", "coordinates": [[[[114.0219906, 22.5272467], [114.0220427, 22.5272263], [114.0220599, 22.5272637], [114.0220078, 22.5272841], [114.0219906, 22.5272467]]]]}}, {"type": "Feature", "id": "way/349913856", "properties": {"tags": {"building": "residential"}, "heightStatus": "unknown", "source": "OpenStreetMap", "license": "ODbL-1.0"}, "geometry": {"type": "MultiPolygon", "coordinates": [[[[114.0221454, 22.5281751], [114.0222008, 22.528129], [114.0222789, 22.5282092], [114.0222235, 22.5282552], [114.0221454, 22.5281751]]]]}}, {"type": "Feature", "id": "way/349913859", "properties": {"tags": {"building": "residential"}, "heightStatus": "unknown", "source": "OpenStreetMap", "license": "ODbL-1.0"}, "geometry": {"type": "MultiPolygon", "coordinates": [[[[114.0218509, 22.5270434], [114.0219292, 22.5270127], [114.0219407, 22.5270377], [114.0218623, 22.5270684], [114.0218509, 22.5270434]]]]}}, {"type": "Feature", "id": "way/349913860", "properties": {"tags": {"building": "residential"}, "heightStatus": "unknown", "source": "OpenStreetMap", "license": "ODbL-1.0"}, "geometry": {"type": "MultiPolygon", "coordinates": [[[[114.0200317, 22.5299143], [114.0200455, 22.5298025], [114.020133, 22.5298118], [114.0201192, 22.5299236], [114.0200317, 22.5299143]]]]}}, {"type": "Feature", "id": "way/349913861", "properties": {"tags": {"building": "residential"}, "heightStatus": "unknown", "source": "OpenStreetMap", "license": "ODbL-1.0"}, "geometry": {"type": "MultiPolygon", "coordinates": [[[[114.02259, 22.5281681], [114.0226479, 22.5281346], [114.0227303, 22.5282563], [114.0226724, 22.5282897], [114.02259, 22.5281681]]]]}}, {"type": "Feature", "id": "way/349913862", "properties": {"tags": {"building": "residential"}, "heightStatus": "unknown", "source": "OpenStreetMap", "license": "ODbL-1.0"}, "geometry": {"type": "MultiPolygon", "coordinates": [[[[114.0222933, 22.5284065], [114.0223433, 22.5283649], [114.0224443, 22.5284685], [114.0223943, 22.5285101], [114.0222933, 22.5284065]]]]}}, {"type": "Feature", "id": "way/349913864", "properties": {"tags": {"building": "residential"}, "heightStatus": "unknown", "source": "OpenStreetMap", "license": "ODbL-1.0"}, "geometry": {"type": "MultiPolygon", "coordinates": [[[[114.0197068, 22.5295729], [114.0197532, 22.529533], [114.0198122, 22.5296028], [114.0197658, 22.5296427], [114.0197068, 22.5295729]]]]}}, {"type": "Feature", "id": "way/349913866", "properties": {"tags": {"building": "residential"}, "heightStatus": "unknown", "source": "OpenStreetMap", "license": "ODbL-1.0"}, "geometry": {"type": "MultiPolygon", "coordinates": [[[[114.0217198, 22.528968], [114.0217415, 22.5289148], [114.0218571, 22.5289551], [114.0218353, 22.5290084], [114.0217198, 22.528968]]]]}}, {"type": "Feature", "id": "way/349913868", "properties": {"tags": {"building": "residential"}, "heightStatus": "unknown", "source": "OpenStreetMap", "license": "ODbL-1.0"}, "geometry": {"type": "MultiPolygon", "coordinates": [[[[114.0199783, 22.5303453], [114.0199906, 22.5302456], [114.0200781, 22.5302548], [114.0200658, 22.5303545], [114.0199783, 22.5303453]]]]}}, {"type": "Feature", "id": "way/349913869", "properties": {"tags": {"building": "residential"}, "heightStatus": "unknown", "source": "OpenStreetMap", "license": "ODbL-1.0"}, "geometry": {"type": "MultiPolygon", "coordinates": [[[[114.0218847, 22.5276552], [114.0219462, 22.5276224], [114.0220091, 22.527723], [114.0219476, 22.5277558], [114.0218847, 22.5276552]]]]}}, {"type": "Feature", "id": "way/349913870", "properties": {"tags": {"building": "residential"}, "heightStatus": "unknown", "source": "OpenStreetMap", "license": "ODbL-1.0"}, "geometry": {"type": "MultiPolygon", "coordinates": [[[[114.0217873, 22.5291749], [114.0218304, 22.5290697], [114.0219336, 22.5291057], [114.0218906, 22.5292109], [114.0217873, 22.5291749]]]]}}, {"type": "Feature", "id": "way/349913873", "properties": {"tags": {"building": "residential"}, "heightStatus": "unknown", "source": "OpenStreetMap", "license": "ODbL-1.0"}, "geometry": {"type": "MultiPolygon", "coordinates": [[[[114.0223271, 22.5282003], [114.0224139, 22.5281281], [114.022492, 22.5282083], [114.0224053, 22.5282805], [114.0223271, 22.5282003]]]]}}, {"type": "Feature", "id": "way/349913878", "properties": {"tags": {"building": "residential"}, "heightStatus": "unknown", "source": "OpenStreetMap", "license": "ODbL-1.0"}, "geometry": {"type": "MultiPolygon", "coordinates": [[[[114.0232193, 22.5274625], [114.0232878, 22.5274525], [114.0232951, 22.527548], [114.0232265, 22.527558], [114.0232193, 22.5274625]]]]}}, {"type": "Feature", "id": "way/349913879", "properties": {"tags": {"building": "residential"}, "heightStatus": "unknown", "source": "OpenStreetMap", "license": "ODbL-1.0"}, "geometry": {"type": "MultiPolygon", "coordinates": [[[[114.0224528, 22.5273983], [114.0225113, 22.5273646], [114.0225681, 22.5274485], [114.0225096, 22.5274823], [114.0224528, 22.5273983]]]]}}, {"type": "Feature", "id": "way/349913880", "properties": {"tags": {"building": "residential"}, "heightStatus": "unknown", "source": "OpenStreetMap", "license": "ODbL-1.0"}, "geometry": {"type": "MultiPolygon", "coordinates": [[[[114.0222608, 22.5282554], [114.0223138, 22.5282114], [114.0223919, 22.5282916], [114.022339, 22.5283356], [114.0222608, 22.5282554]]]]}}, {"type": "Feature", "id": "way/349913881", "properties": {"tags": {"EntityHand": "1393", "SubClasses": "AcDbEntity:AcDb2dPolyline", "building": "residential"}, "heightStatus": "unknown", "source": "OpenStreetMap", "license": "ODbL-1.0"}, "geometry": {"type": "MultiPolygon", "coordinates": [[[[114.0205829, 22.5300505], [114.0207255, 22.5299439], [114.0207855, 22.5300123], [114.0206429, 22.530119], [114.0205829, 22.5300505]]]]}}, {"type": "Feature", "id": "way/349913885", "properties": {"tags": {"building": "residential"}, "heightStatus": "unknown", "source": "OpenStreetMap", "license": "ODbL-1.0"}, "geometry": {"type": "MultiPolygon", "coordinates": [[[[114.021974, 22.5270455], [114.0220893, 22.526984], [114.022159, 22.5270955], [114.0220437, 22.527157], [114.021974, 22.5270455]]]]}}, {"type": "Feature", "id": "way/349913892", "properties": {"tags": {"building": "residential"}, "heightStatus": "unknown", "source": "OpenStreetMap", "license": "ODbL-1.0"}, "geometry": {"type": "MultiPolygon", "coordinates": [[[[114.0204115, 22.5297688], [114.0204309, 22.5297543], [114.0204863, 22.5298175], [114.0204669, 22.529832], [114.0204115, 22.5297688]]]]}}, {"type": "Feature", "id": "way/349913893", "properties": {"tags": {"building": "residential"}, "heightStatus": "unknown", "source": "OpenStreetMap", "license": "ODbL-1.0"}, "geometry": {"type": "MultiPolygon", "coordinates": [[[[114.0224741, 22.5271118], [114.0225387, 22.5270773], [114.0225903, 22.5271599], [114.0225257, 22.5271944], [114.0224741, 22.5271118]]]]}}, {"type": "Feature", "id": "way/349913895", "properties": {"tags": {"building": "residential"}, "heightStatus": "unknown", "source": "OpenStreetMap", "license": "ODbL-1.0"}, "geometry": {"type": "MultiPolygon", "coordinates": [[[[114.023065, 22.5275427], [114.0231421, 22.5274971], [114.0231906, 22.5275669], [114.0231134, 22.5276126], [114.023065, 22.5275427]]]]}}, {"type": "Feature", "id": "way/349913898", "properties": {"tags": {"building": "residential"}, "heightStatus": "unknown", "source": "OpenStreetMap", "license": "ODbL-1.0"}, "geometry": {"type": "MultiPolygon", "coordinates": [[[[114.0216482, 22.5273214], [114.0217406, 22.5273063], [114.0217523, 22.5273673], [114.0216599, 22.5273824], [114.0216482, 22.5273214]]]]}}, {"type": "Feature", "id": "way/349913900", "properties": {"tags": {"building": "residential"}, "heightStatus": "unknown", "source": "OpenStreetMap", "license": "ODbL-1.0"}, "geometry": {"type": "MultiPolygon", "coordinates": [[[[114.0228101, 22.5280774], [114.0228707, 22.5280383], [114.0229298, 22.5281328], [114.0228692, 22.5281719], [114.0228101, 22.5280774]]]]}}, {"type": "Feature", "id": "way/349913904", "properties": {"tags": {"building": "residential"}, "heightStatus": "unknown", "source": "OpenStreetMap", "license": "ODbL-1.0"}, "geometry": {"type": "MultiPolygon", "coordinates": [[[[114.0211322, 22.5297057], [114.0211866, 22.5296365], [114.0212876, 22.5297042], [114.0212331, 22.5297734], [114.0211322, 22.5297057]]]]}}, {"type": "Feature", "id": "way/349913907", "properties": {"tags": {"building": "residential"}, "heightStatus": "unknown", "source": "OpenStreetMap", "license": "ODbL-1.0"}, "geometry": {"type": "MultiPolygon", "coordinates": [[[[114.0219933, 22.528886], [114.0220084, 22.5288492], [114.0220633, 22.5288684], [114.0220482, 22.5289052], [114.0219933, 22.528886]]]]}}, {"type": "Feature", "id": "way/349913909", "properties": {"tags": {"building": "residential"}, "heightStatus": "unknown", "source": "OpenStreetMap", "license": "ODbL-1.0"}, "geometry": {"type": "MultiPolygon", "coordinates": [[[[114.023493, 22.527506], [114.0235633, 22.5274957], [114.0235875, 22.5276369], [114.0235172, 22.5276471], [114.023493, 22.527506]]]]}}, {"type": "Feature", "id": "way/349913910", "properties": {"tags": {"building": "residential"}, "heightStatus": "unknown", "source": "OpenStreetMap", "license": "ODbL-1.0"}, "geometry": {"type": "MultiPolygon", "coordinates": [[[[114.0218641, 22.5289873], [114.0218926, 22.5289175], [114.0220068, 22.5289574], [114.0219783, 22.5290271], [114.0218641, 22.5289873]]]]}}, {"type": "Feature", "id": "way/349913912", "properties": {"tags": {"building": "residential"}, "heightStatus": "unknown", "source": "OpenStreetMap", "license": "ODbL-1.0"}, "geometry": {"type": "MultiPolygon", "coordinates": [[[[114.0214174, 22.5270268], [114.0215049, 22.5270037], [114.0215413, 22.527121], [114.0214712, 22.5271395], [114.0214365, 22.5270882], [114.0214174, 22.5270268]]]]}}, {"type": "Feature", "id": "way/349913914", "properties": {"tags": {"building": "residential"}, "heightStatus": "unknown", "source": "OpenStreetMap", "license": "ODbL-1.0"}, "geometry": {"type": "MultiPolygon", "coordinates": [[[[114.0221551, 22.5285179], [114.0222024, 22.5284638], [114.0223152, 22.5285482], [114.0223195, 22.5285759], [114.0222851, 22.5286151], [114.0221551, 22.5285179]]]]}}, {"type": "Feature", "id": "way/349913915", "properties": {"tags": {"building": "residential"}, "heightStatus": "unknown", "source": "OpenStreetMap", "license": "ODbL-1.0"}, "geometry": {"type": "MultiPolygon", "coordinates": [[[[114.0194148, 22.5290714], [114.0195383, 22.528949], [114.0195959, 22.5290342], [114.019522, 22.5291074], [114.019427, 22.5290894], [114.0194148, 22.5290714]]]]}}, {"type": "Feature", "id": "way/349913916", "properties": {"tags": {"building": "residential"}, "heightStatus": "unknown", "source": "OpenStreetMap", "license": "ODbL-1.0"}, "geometry": {"type": "MultiPolygon", "coordinates": [[[[114.0188339, 22.5288233], [114.0188737, 22.5286283], [114.0190155, 22.5285417], [114.0191294, 22.5287101], [114.0188661, 22.5288709], [114.0188339, 22.5288233]]]]}}, {"type": "Feature", "id": "way/349913917", "properties": {"tags": {"building": "residential"}, "heightStatus": "unknown", "source": "OpenStreetMap", "license": "ODbL-1.0"}, "geometry": {"type": "MultiPolygon", "coordinates": [[[[114.019044, 22.5292358], [114.0190583, 22.5291973], [114.0192006, 22.5291925], [114.0191937, 22.5293143], [114.0190724, 22.5293143], [114.019044, 22.5292358]]]]}}, {"type": "Feature", "id": "way/349913918", "properties": {"tags": {"building": "residential"}, "heightStatus": "unknown", "source": "OpenStreetMap", "license": "ODbL-1.0"}, "geometry": {"type": "MultiPolygon", "coordinates": [[[[114.0239615, 22.5274186], [114.0241167, 22.5273959], [114.0241295, 22.5274703], [114.0240148, 22.5275175], [114.0239793, 22.5275227], [114.0239615, 22.5274186]]]]}}, {"type": "Feature", "id": "way/349913919", "properties": {"tags": {"building": "residential"}, "heightStatus": "unknown", "source": "OpenStreetMap", "license": "ODbL-1.0"}, "geometry": {"type": "MultiPolygon", "coordinates": [[[[114.0236653, 22.5272422], [114.0237387, 22.5272315], [114.0237506, 22.5273008], [114.0237162, 22.5273058], [114.0237213, 22.5273356], [114.0236748, 22.5273424], [114.0236653, 22.5272422]]]]}}, {"type": "Feature", "id": "way/349913920", "properties": {"tags": {"building": "residential"}, "heightStatus": "unknown", "source": "OpenStreetMap", "license": "ODbL-1.0"}, "geometry": {"type": "MultiPolygon", "coordinates": [[[[114.0199179, 22.5299023], [114.0199303, 22.5298026], [114.0199638, 22.5298062], [114.019962, 22.529821], [114.0200159, 22.5298267], [114.0200054, 22.5299115], [114.0199179, 22.5299023]]]]}}, {"type": "Feature", "id": "way/349913921", "properties": {"tags": {"building": "residential"}, "heightStatus": "unknown", "source": "OpenStreetMap", "license": "ODbL-1.0"}, "geometry": {"type": "MultiPolygon", "coordinates": [[[[114.02165, 22.529127], [114.0216573, 22.5291093], [114.0216614, 22.5291107], [114.0216889, 22.5290435], [114.0218045, 22.5290838], [114.0217698, 22.5291688], [114.02165, 22.529127]]]]}}, {"type": "Feature", "id": "way/349913922", "properties": {"tags": {"EntityHand": "117C", "SubClasses": "AcDbEntity:AcDb2dPolyline", "building": "residential"}, "heightStatus": "unknown", "source": "OpenStreetMap", "license": "ODbL-1.0"}, "geometry": {"type": "MultiPolygon", "coordinates": [[[[114.0208893, 22.5302591], [114.020952, 22.5302122], [114.0210333, 22.5303049], [114.0209922, 22.5303356], [114.0209839, 22.5303261], [114.0209623, 22.5303423], [114.0208893, 22.5302591]]]]}}, {"type": "Feature", "id": "way/349913923", "properties": {"tags": {"building": "residential"}, "heightStatus": "unknown", "source": "OpenStreetMap", "license": "ODbL-1.0"}, "geometry": {"type": "MultiPolygon", "coordinates": [[[[114.0224226, 22.5281191], [114.022455, 22.5280891], [114.0224628, 22.5280971], [114.0225049, 22.5280582], [114.0225724, 22.5281324], [114.0225004, 22.5281989], [114.0224226, 22.5281191]]]]}}, {"type": "Feature", "id": "way/349913925", "properties": {"tags": {"building": "residential"}, "heightStatus": "unknown", "source": "OpenStreetMap", "license": "ODbL-1.0"}, "geometry": {"type": "MultiPolygon", "coordinates": [[[[114.0235773, 22.5274937], [114.0236634, 22.5274811], [114.0236682, 22.5275089], [114.0236745, 22.527508], [114.0236939, 22.5276213], [114.0236015, 22.5276348], [114.0235773, 22.5274937]]]]}}, {"type": "Feature", "id": "way/349913927", "properties": {"tags": {"building": "residential"}, "heightStatus": "unknown", "source": "OpenStreetMap", "license": "ODbL-1.0"}, "geometry": {"type": "MultiPolygon", "coordinates": [[[[114.0243708, 22.5272039], [114.0244861, 22.5271496], [114.0245513, 22.5272679], [114.0244281, 22.5273259], [114.0243828, 22.5272438], [114.0243908, 22.5272401], [114.0243708, 22.5272039]]]]}}, {"type": "Feature", "id": "way/349913928", "properties": {"tags": {"building": "residential"}, "heightStatus": "unknown", "source": "OpenStreetMap", "license": "ODbL-1.0"}, "geometry": {"type": "MultiPolygon", "coordinates": [[[[114.0217472, 22.5270797], [114.0218337, 22.5270458], [114.0218463, 22.5270733], [114.0218369, 22.527077], [114.0218535, 22.5271132], [114.021815, 22.5271283], [114.0217765, 22.5271434], [114.0217472, 22.5270797]]]]}}, {"type": "Feature", "id": "way/349913930", "properties": {"tags": {"building": "residential"}, "heightStatus": "unknown", "source": "OpenStreetMap", "license": "ODbL-1.0"}, "geometry": {"type": "MultiPolygon", "coordinates": [[[[114.0192324, 22.5289062], [114.0193368, 22.5288336], [114.0193562, 22.5288574], [114.0193445, 22.5288655], [114.0193657, 22.5288915], [114.0192731, 22.528956], [114.0192324, 22.5289062]]]]}}, {"type": "Feature", "id": "way/349913933", "properties": {"tags": {"building": "residential"}, "heightStatus": "unknown", "source": "OpenStreetMap", "license": "ODbL-1.0"}, "geometry": {"type": "MultiPolygon", "coordinates": [[[[114.0223669, 22.5283642], [114.0223967, 22.5283395], [114.0223865, 22.528329], [114.0224283, 22.5282942], [114.0225293, 22.5283978], [114.0224577, 22.5284574], [114.0223669, 22.5283642]]]]}}, {"type": "Feature", "id": "way/349913935", "properties": {"tags": {"building": "residential"}, "heightStatus": "unknown", "source": "OpenStreetMap", "license": "ODbL-1.0"}, "geometry": {"type": "MultiPolygon", "coordinates": [[[[114.0237498, 22.5272219], [114.0239006, 22.5271998], [114.0239182, 22.5273023], [114.0238207, 22.5273166], [114.0238163, 22.5272912], [114.023763, 22.527299], [114.0237498, 22.5272219]]]]}}, {"type": "Feature", "id": "way/349913938", "properties": {"tags": {"building": "yes"}, "heightStatus": "unknown", "source": "OpenStreetMap", "license": "ODbL-1.0"}, "geometry": {"type": "MultiPolygon", "coordinates": [[[[114.0185435, 22.5279408], [114.0185809, 22.5278803], [114.0186808, 22.5279329], [114.0186394, 22.528], [114.0185489, 22.5279522], [114.0185529, 22.5279458], [114.0185435, 22.5279408]]]]}}, {"type": "Feature", "id": "way/349913943", "properties": {"tags": {"building": "residential"}, "heightStatus": "unknown", "source": "OpenStreetMap", "license": "ODbL-1.0"}, "geometry": {"type": "MultiPolygon", "coordinates": [[[[114.0221028, 22.5285867], [114.0221544, 22.5285278], [114.0222958, 22.5286336], [114.0222497, 22.5286862], [114.0221562, 22.5286163], [114.0221507, 22.5286226], [114.0221028, 22.5285867]]]]}}, {"type": "Feature", "id": "way/349913947", "properties": {"tags": {"building": "residential"}, "heightStatus": "unknown", "source": "OpenStreetMap", "license": "ODbL-1.0"}, "geometry": {"type": "MultiPolygon", "coordinates": [[[[114.0218591, 22.5286203], [114.0218694, 22.528595], [114.0219827, 22.5286345], [114.0219588, 22.5286928], [114.0218648, 22.52866], [114.0218783, 22.5286271], [114.0218591, 22.5286203]]]]}}, {"type": "Feature", "id": "way/349913948", "properties": {"tags": {"building": "residential"}, "heightStatus": "unknown", "source": "OpenStreetMap", "license": "ODbL-1.0"}, "geometry": {"type": "MultiPolygon", "coordinates": [[[[114.0232097, 22.5273172], [114.0233164, 22.5272981], [114.0233234, 22.5273316], [114.0233299, 22.5274165], [114.0232447, 22.5274318], [114.0232254, 22.5273918], [114.0232097, 22.5273172]]]]}}, {"type": "Feature", "id": "way/349913952", "properties": {"tags": {"building": "residential"}, "heightStatus": "unknown", "source": "OpenStreetMap", "license": "ODbL-1.0"}, "geometry": {"type": "MultiPolygon", "coordinates": [[[[114.0214917, 22.5291947], [114.0215222, 22.5291199], [114.0216248, 22.5291556], [114.0215989, 22.529219], [114.0215499, 22.5292019], [114.0215452, 22.5292134], [114.0214917, 22.5291947]]]]}}, {"type": "Feature", "id": "way/349913954", "properties": {"tags": {"building": "residential"}, "heightStatus": "unknown", "source": "OpenStreetMap", "license": "ODbL-1.0"}, "geometry": {"type": "MultiPolygon", "coordinates": [[[[114.0188797, 22.5289107], [114.0190883, 22.5287655], [114.0191369, 22.528825], [114.0190372, 22.5288944], [114.0190461, 22.5289052], [114.0189371, 22.5289811], [114.0188797, 22.5289107]]]]}}, {"type": "Feature", "id": "way/349913955", "properties": {"tags": {"building": "residential"}, "heightStatus": "unknown", "source": "OpenStreetMap", "license": "ODbL-1.0"}, "geometry": {"type": "MultiPolygon", "coordinates": [[[[114.0234966, 22.5272917], [114.0235303, 22.5272868], [114.0235284, 22.5272753], [114.0235669, 22.5272696], [114.0235759, 22.5273646], [114.0235117, 22.5273794], [114.0234966, 22.5272917]]]]}}, {"type": "Feature", "id": "way/349913956", "properties": {"tags": {"EntityHand": "E7B", "SubClasses": "AcDbEntity:AcDb2dPolyline", "building": "residential"}, "heightStatus": "unknown", "source": "OpenStreetMap", "license": "ODbL-1.0"}, "geometry": {"type": "MultiPolygon", "coordinates": [[[[114.0205267, 22.5304482], [114.0205858, 22.530418], [114.0205801, 22.5304085], [114.0206058, 22.5303953], [114.0206662, 22.5304961], [114.0205815, 22.5305395], [114.0205267, 22.5304482]]]]}}, {"type": "Feature", "id": "way/349913958", "properties": {"tags": {"EntityHand": "1221", "SubClasses": "AcDbEntity:AcDb2dPolyline", "building": "residential"}, "heightStatus": "unknown", "source": "OpenStreetMap", "license": "ODbL-1.0"}, "geometry": {"type": "MultiPolygon", "coordinates": [[[[114.0202833, 22.5302172], [114.0203536, 22.5301683], [114.0203757, 22.5301953], [114.020405, 22.5301749], [114.0204668, 22.5302507], [114.0203672, 22.5303201], [114.0202833, 22.5302172]]]]}}, {"type": "Feature", "id": "way/349913959", "properties": {"tags": {"building": "residential"}, "heightStatus": "unknown", "source": "OpenStreetMap", "license": "ODbL-1.0"}, "geometry": {"type": "MultiPolygon", "coordinates": [[[[114.022944, 22.5269817], [114.023028, 22.5269369], [114.0230666, 22.5269985], [114.0230502, 22.5270073], [114.0230785, 22.5270524], [114.0230108, 22.5270885], [114.022944, 22.5269817]]]]}}, {"type": "Feature", "id": "way/349913960", "properties": {"tags": {"building": "residential"}, "heightStatus": "unknown", "source": "OpenStreetMap", "license": "ODbL-1.0"}, "geometry": {"type": "MultiPolygon", "coordinates": [[[[114.0226771, 22.5281552], [114.0227362, 22.5281236], [114.0227416, 22.5281322], [114.022803, 22.5280994], [114.0228597, 22.5281901], [114.0227415, 22.5282583], [114.0226771, 22.5281552]]]]}}, {"type": "Feature", "id": "way/349913962", "properties": {"tags": {"EntityHand": "1694", "SubClasses": "AcDbEntity:AcDb2dPolyline", "building": "residential"}, "heightStatus": "unknown", "source": "OpenStreetMap", "license": "ODbL-1.0"}, "geometry": {"type": "MultiPolygon", "coordinates": [[[[114.020631, 22.5305929], [114.0206585, 22.5305765], [114.0206689, 22.5305912], [114.0206894, 22.5305789], [114.0206998, 22.5305937], [114.0206518, 22.5306225], [114.020631, 22.5305929]]]]}}, {"type": "Feature", "id": "way/349913963", "properties": {"tags": {"building": "residential"}, "heightStatus": "unknown", "source": "OpenStreetMap", "license": "ODbL-1.0"}, "geometry": {"type": "MultiPolygon", "coordinates": [[[[114.0231217, 22.527057], [114.023247, 22.5270345], [114.0232525, 22.5270606], [114.0231941, 22.527071], [114.0232064, 22.5271295], [114.0231395, 22.5271415], [114.0231217, 22.527057]]]]}}, {"type": "Feature", "id": "way/349913966", "properties": {"tags": {"building": "residential"}, "heightStatus": "unknown", "source": "OpenStreetMap", "license": "ODbL-1.0"}, "geometry": {"type": "MultiPolygon", "coordinates": [[[[114.0236994, 22.5274993], [114.0237482, 22.5274921], [114.0237521, 22.5275151], [114.023781, 22.5275109], [114.0237957, 22.5275966], [114.023718, 22.527608], [114.0236994, 22.5274993]]]]}}, {"type": "Feature", "id": "way/349913967", "properties": {"tags": {"EntityHand": "E4B", "SubClasses": "AcDbEntity:AcDb2dPolyline", "building": "residential"}, "heightStatus": "unknown", "source": "OpenStreetMap", "license": "ODbL-1.0"}, "geometry": {"type": "MultiPolygon", "coordinates": [[[[114.0206663, 22.5304589], [114.0207305, 22.530426], [114.0207639, 22.5304817], [114.0207562, 22.5304857], [114.0207776, 22.5305213], [114.0207211, 22.5305502], [114.0206663, 22.5304589]]]]}}, {"type": "Feature", "id": "way/349913968", "properties": {"tags": {"building": "residential"}, "heightStatus": "unknown", "source": "OpenStreetMap", "license": "ODbL-1.0"}, "geometry": {"type": "MultiPolygon", "coordinates": [[[[114.0216906, 22.5271391], [114.0217473, 22.5271168], [114.0218064, 22.5272453], [114.0217402, 22.5272713], [114.0217001, 22.5271839], [114.0217095, 22.5271802], [114.0216906, 22.5271391]]]]}}, {"type": "Feature", "id": "way/349913969", "properties": {"tags": {"building": "residential"}, "heightStatus": "unknown", "source": "OpenStreetMap", "license": "ODbL-1.0"}, "geometry": {"type": "MultiPolygon", "coordinates": [[[[114.0220034, 22.5274405], [114.0221202, 22.5273879], [114.0221771, 22.5274956], [114.0220866, 22.5275364], [114.0220744, 22.5275133], [114.0220481, 22.5275251], [114.0220034, 22.5274405]]]]}}, {"type": "Feature", "id": "way/349913970", "properties": {"tags": {"building": "residential"}, "heightStatus": "unknown", "source": "OpenStreetMap", "license": "ODbL-1.0"}, "geometry": {"type": "MultiPolygon", "coordinates": [[[[114.0222966, 22.5274885], [114.0223489, 22.5274583], [114.0224056, 22.5275422], [114.0223808, 22.5275566], [114.0223574, 22.5275221], [114.02233, 22.5275379], [114.0222966, 22.5274885]]]]}}, {"type": "Feature", "id": "way/349913971", "properties": {"tags": {"building": "residential"}, "heightStatus": "unknown", "source": "OpenStreetMap", "license": "ODbL-1.0"}, "geometry": {"type": "MultiPolygon", "coordinates": [[[[114.0215077, 22.5276454], [114.0216049, 22.5275384], [114.0216431, 22.527568], [114.0216327, 22.5275794], [114.0216743, 22.5276117], [114.0215876, 22.5277072], [114.0215077, 22.5276454]]]]}}, {"type": "Feature", "id": "way/349913972", "properties": {"tags": {"building": "residential"}, "heightStatus": "unknown", "source": "OpenStreetMap", "license": "ODbL-1.0"}, "geometry": {"type": "MultiPolygon", "coordinates": [[[[114.0214093, 22.5273342], [114.0214726, 22.5272715], [114.0215507, 22.5273388], [114.0215247, 22.5273646], [114.0215145, 22.5273557], [114.0214772, 22.5273927], [114.0214093, 22.5273342]]]]}}, {"type": "Feature", "id": "way/349913976", "properties": {"tags": {"building": "residential"}, "heightStatus": "unknown", "source": "OpenStreetMap", "license": "ODbL-1.0"}, "geometry": {"type": "MultiPolygon", "coordinates": [[[[114.0227951, 22.5271635], [114.022866, 22.5271257], [114.0228897, 22.5271636], [114.0229029, 22.5271566], [114.0229465, 22.5272263], [114.0228624, 22.5272712], [114.0227951, 22.5271635]]]]}}, {"type": "Feature", "id": "way/349913977", "properties": {"tags": {"building": "residential"}, "heightStatus": "unknown", "source": "OpenStreetMap", "license": "ODbL-1.0"}, "geometry": {"type": "MultiPolygon", "coordinates": [[[[114.0218902, 22.5272248], [114.0220189, 22.5271743], [114.0220403, 22.5272209], [114.0219824, 22.5272436], [114.0219961, 22.5272734], [114.0219253, 22.5273012], [114.0218902, 22.5272248]]]]}}, {"type": "Feature", "id": "way/349913978", "properties": {"tags": {"building": "residential"}, "heightStatus": "unknown", "source": "OpenStreetMap", "license": "ODbL-1.0"}, "geometry": {"type": "MultiPolygon", "coordinates": [[[[114.0209818, 22.5296912], [114.0210039, 22.5296631], [114.0210158, 22.5296711], [114.0210382, 22.5296426], [114.0211106, 22.5296912], [114.0210661, 22.5297478], [114.0209818, 22.5296912]]]]}}, {"type": "Feature", "id": "way/349913979", "properties": {"tags": {"building": "residential"}, "heightStatus": "unknown", "source": "OpenStreetMap", "license": "ODbL-1.0"}, "geometry": {"type": "MultiPolygon", "coordinates": [[[[114.0215114, 22.5290985], [114.0215394, 22.52903], [114.0215483, 22.5290331], [114.0215751, 22.5289676], [114.0216859, 22.5290062], [114.0216311, 22.5291403], [114.0215114, 22.5290985]]]]}}, {"type": "Feature", "id": "way/349913981", "properties": {"tags": {"building": "residential"}, "heightStatus": "unknown", "source": "OpenStreetMap", "license": "ODbL-1.0"}, "geometry": {"type": "MultiPolygon", "coordinates": [[[[114.0216926, 22.5273964], [114.0217661, 22.5273845], [114.0217834, 22.5274752], [114.0217259, 22.5274845], [114.0217187, 22.5274469], [114.0217028, 22.5274495], [114.0216926, 22.5273964]]]]}}, {"type": "Feature", "id": "way/349913982", "properties": {"tags": {"EntityHand": "E53", "SubClasses": "AcDbEntity:AcDb2dPolyline", "building": "residential"}, "heightStatus": "unknown", "source": "OpenStreetMap", "license": "ODbL-1.0"}, "geometry": {"type": "MultiPolygon", "coordinates": [[[[114.0206087, 22.5303628], [114.0206651, 22.5303339], [114.0206865, 22.5303695], [114.0206942, 22.5303655], [114.0207276, 22.5304213], [114.0206634, 22.5304541], [114.0206087, 22.5303628]]]]}}, {"type": "Feature", "id": "way/349913983", "properties": {"tags": {"building": "residential"}, "heightStatus": "unknown", "source": "OpenStreetMap", "license": "ODbL-1.0"}, "geometry": {"type": "MultiPolygon", "coordinates": [[[[114.0215805, 22.527751], [114.0216361, 22.5276897], [114.021708, 22.5277454], [114.0216863, 22.5277693], [114.0217032, 22.5277824], [114.0216692, 22.5278198], [114.0215805, 22.527751]]]]}}, {"type": "Feature", "id": "way/349913984", "properties": {"tags": {"building": "residential"}, "heightStatus": "unknown", "source": "OpenStreetMap", "license": "ODbL-1.0"}, "geometry": {"type": "MultiPolygon", "coordinates": [[[[114.0218361, 22.5290557], [114.0218449, 22.5290342], [114.0218545, 22.5290375], [114.0218706, 22.5289982], [114.0219642, 22.5290309], [114.0219393, 22.5290917], [114.0218361, 22.5290557]]]]}}, {"type": "Feature", "id": "way/349913985", "properties": {"tags": {"building": "residential"}, "heightStatus": "unknown", "source": "OpenStreetMap", "license": "ODbL-1.0"}, "geometry": {"type": "MultiPolygon", "coordinates": [[[[114.0223875, 22.5274361], [114.0224111, 22.5274224], [114.0224165, 22.5274305], [114.0224477, 22.5274125], [114.022499, 22.5274884], [114.0224442, 22.52752], [114.0223875, 22.5274361]]]]}}, {"type": "Feature", "id": "way/349913986", "properties": {"tags": {"building": "residential"}, "heightStatus": "unknown", "source": "OpenStreetMap", "license": "ODbL-1.0"}, "geometry": {"type": "MultiPolygon", "coordinates": [[[[114.0194139, 22.5298085], [114.0194429, 22.5297836], [114.0194789, 22.5298193], [114.0194682, 22.5298285], [114.0194742, 22.5298345], [114.019456, 22.5298502], [114.0194139, 22.5298085]]]]}}, {"type": "Feature", "id": "way/349913987", "properties": {"tags": {"building": "residential"}, "heightStatus": "unknown", "source": "OpenStreetMap", "license": "ODbL-1.0"}, "geometry": {"type": "MultiPolygon", "coordinates": [[[[114.0243434, 22.5271095], [114.0244493, 22.5270869], [114.0244576, 22.5271201], [114.0244709, 22.5271172], [114.0244764, 22.5271393], [114.0243641, 22.5271921], [114.0243434, 22.5271095]]]]}}, {"type": "Feature", "id": "way/349913988", "properties": {"tags": {"building": "residential"}, "heightStatus": "unknown", "source": "OpenStreetMap", "license": "ODbL-1.0"}, "geometry": {"type": "MultiPolygon", "coordinates": [[[[114.0230007, 22.5275857], [114.0230305, 22.527568], [114.0230334, 22.5275722], [114.0230594, 22.5275568], [114.0230923, 22.5276191], [114.023036, 22.5276525], [114.0230007, 22.5275857]]]]}}, {"type": "Feature", "id": "way/349913989", "properties": {"tags": {"building": "residential"}, "heightStatus": "unknown", "source": "OpenStreetMap", "license": "ODbL-1.0"}, "geometry": {"type": "MultiPolygon", "coordinates": [[[[114.0192453, 22.5295871], [114.0192993, 22.5295406], [114.0193171, 22.5295624], [114.0194013, 22.5294899], [114.0194627, 22.5295648], [114.0193246, 22.5296838], [114.0192453, 22.5295871]]]]}}, {"type": "Feature", "id": "way/349913990", "properties": {"tags": {"building": "residential"}, "heightStatus": "unknown", "source": "OpenStreetMap", "license": "ODbL-1.0"}, "geometry": {"type": "MultiPolygon", "coordinates": [[[[114.0220447, 22.5271722], [114.0221146, 22.5271349], [114.0221168, 22.5271384], [114.0221686, 22.5271108], [114.0222287, 22.527207], [114.022107, 22.5272719], [114.0220447, 22.5271722]]]]}}, {"type": "Feature", "id": "way/349913991", "properties": {"tags": {"building": "residential"}, "heightStatus": "unknown", "source": "OpenStreetMap", "license": "ODbL-1.0"}, "geometry": {"type": "MultiPolygon", "coordinates": [[[[114.0218897, 22.5293019], [114.0219164, 22.5292491], [114.0219031, 22.5292433], [114.0220197, 22.5290124], [114.0220769, 22.529037], [114.0219336, 22.5293208], [114.0218897, 22.5293019]]]]}}, {"type": "Feature", "id": "way/349913992", "properties": {"tags": {"building": "residential"}, "heightStatus": "unknown", "source": "OpenStreetMap", "license": "ODbL-1.0"}, "geometry": {"type": "MultiPolygon", "coordinates": [[[[114.0235803, 22.5272677], [114.0236038, 22.5272642], [114.0236016, 22.5272516], [114.0236529, 22.5272441], [114.0236624, 22.5273447], [114.0235892, 22.5273616], [114.0235803, 22.5272677]]]]}}, {"type": "Feature", "id": "way/349913993", "properties": {"tags": {"building": "residential"}, "heightStatus": "unknown", "source": "OpenStreetMap", "license": "ODbL-1.0"}, "geometry": {"type": "MultiPolygon", "coordinates": [[[[114.0221092, 22.5287453], [114.0221297, 22.5286952], [114.0221585, 22.5287053], [114.0221544, 22.5287154], [114.022223, 22.5287394], [114.0222067, 22.5287793], [114.0221092, 22.5287453]]]]}}, {"type": "Feature", "id": "way/349913995", "properties": {"tags": {"building": "residential"}, "heightStatus": "unknown", "source": "OpenStreetMap", "license": "ODbL-1.0"}, "geometry": {"type": "MultiPolygon", "coordinates": [[[[114.0217986, 22.5294441], [114.0218245, 22.5293807], [114.0218369, 22.529385], [114.0218649, 22.5293166], [114.0219373, 22.5293418], [114.0218834, 22.5294737], [114.0217986, 22.5294441]]]]}}, {"type": "Feature", "id": "way/349913996", "properties": {"tags": {"building": "residential"}, "heightStatus": "unknown", "source": "OpenStreetMap", "license": "ODbL-1.0"}, "geometry": {"type": "MultiPolygon", "coordinates": [[[[114.0237426, 22.527328], [114.023803, 22.5273192], [114.0238046, 22.527329], [114.0238224, 22.5273264], [114.0238329, 22.5273874], [114.0237548, 22.5273988], [114.0237426, 22.527328]]]]}}, {"type": "Feature", "id": "way/349913997", "properties": {"tags": {"building": "residential"}, "heightStatus": "unknown", "source": "OpenStreetMap", "license": "ODbL-1.0"}, "geometry": {"type": "MultiPolygon", "coordinates": [[[[114.0194532, 22.5299337], [114.0194585, 22.5298906], [114.019546, 22.5298998], [114.0195333, 22.5300022], [114.0194926, 22.5299979], [114.0194999, 22.5299386], [114.0194532, 22.5299337]]]]}}, {"type": "Feature", "id": "way/349913999", "properties": {"tags": {"building": "residential"}, "heightStatus": "unknown", "source": "OpenStreetMap", "license": "ODbL-1.0"}, "geometry": {"type": "MultiPolygon", "coordinates": [[[[114.0208265, 22.5298702], [114.0209059, 22.5297693], [114.0210104, 22.5298394], [114.0209164, 22.529959], [114.020895, 22.5299446], [114.0209096, 22.529926], [114.0208265, 22.5298702]]]]}}, {"type": "Feature", "id": "way/349914000", "properties": {"tags": {"building": "residential"}, "heightStatus": "unknown", "source": "OpenStreetMap", "license": "ODbL-1.0"}, "geometry": {"type": "MultiPolygon", "coordinates": [[[[114.0239394, 22.52729], [114.0240132, 22.5272792], [114.0240334, 22.5273972], [114.0239765, 22.5274055], [114.0239747, 22.5273948], [114.0239578, 22.5273973], [114.0239394, 22.52729]]]]}}, {"type": "Feature", "id": "way/349914001", "properties": {"tags": {"building": "residential"}, "heightStatus": "unknown", "source": "OpenStreetMap", "license": "ODbL-1.0"}, "geometry": {"type": "MultiPolygon", "coordinates": [[[[114.0218245, 22.5275294], [114.0218842, 22.5275025], [114.0219437, 22.5276151], [114.0219098, 22.5276304], [114.0219066, 22.5276244], [114.0218808, 22.527636], [114.0218245, 22.5275294]]]]}}, {"type": "Feature", "id": "way/349914002", "properties": {"tags": {"building": "residential"}, "heightStatus": "unknown", "source": "OpenStreetMap", "license": "ODbL-1.0"}, "geometry": {"type": "MultiPolygon", "coordinates": [[[[114.0218951, 22.5285322], [114.021927, 22.5284542], [114.0219654, 22.5284676], [114.0219473, 22.528512], [114.0220221, 22.5285381], [114.0220084, 22.5285717], [114.0218951, 22.5285322]]]]}}, {"type": "Feature", "id": "way/349914003", "properties": {"tags": {"building": "residential"}, "heightStatus": "unknown", "source": "OpenStreetMap", "license": "ODbL-1.0"}, "geometry": {"type": "MultiPolygon", "coordinates": [[[[114.0220844, 22.5282258], [114.0221378, 22.5281813], [114.022216, 22.5282615], [114.0221559, 22.5283115], [114.0221066, 22.5282609], [114.0221133, 22.5282553], [114.0220844, 22.5282258]]]]}}, {"type": "Feature", "id": "way/349914004", "properties": {"tags": {"building": "residential"}, "heightStatus": "unknown", "source": "OpenStreetMap", "license": "ODbL-1.0"}, "geometry": {"type": "MultiPolygon", "coordinates": [[[[114.0218083, 22.5276873], [114.0218356, 22.5276728], [114.0218396, 22.5276792], [114.0218738, 22.527661], [114.0219367, 22.5277616], [114.0218753, 22.5277943], [114.0218083, 22.5276873]]]]}}, {"type": "Feature", "id": "way/349914005", "properties": {"tags": {"building": "residential"}, "heightStatus": "unknown", "source": "OpenStreetMap", "license": "ODbL-1.0"}, "geometry": {"type": "MultiPolygon", "coordinates": [[[[114.0195495, 22.5297084], [114.019611, 22.5296555], [114.0196862, 22.5297445], [114.0196302, 22.5297928], [114.0196057, 22.5297638], [114.0196003, 22.5297685], [114.0195495, 22.5297084]]]]}}, {"type": "Feature", "id": "way/349914006", "properties": {"tags": {"building": "residential"}, "heightStatus": "unknown", "source": "OpenStreetMap", "license": "ODbL-1.0"}, "geometry": {"type": "MultiPolygon", "coordinates": [[[[114.0242414, 22.5272425], [114.0242725, 22.5272358], [114.0242871, 22.527294], [114.0242962, 22.5272921], [114.0243142, 22.527364], [114.0242739, 22.5273726], [114.0242414, 22.5272425]]]]}}, {"type": "Feature", "id": "way/349914007", "properties": {"tags": {"building": "residential"}, "heightStatus": "unknown", "source": "OpenStreetMap", "license": "ODbL-1.0"}, "geometry": {"type": "MultiPolygon", "coordinates": [[[[114.0199008, 22.530041], [114.0199134, 22.5299387], [114.0200009, 22.5299479], [114.0199897, 22.5300381], [114.0199664, 22.5300357], [114.0199649, 22.5300478], [114.0199008, 22.530041]]]]}}, {"type": "Feature", "id": "way/349914008", "properties": {"tags": {"EntityHand": "E5B", "SubClasses": "AcDbEntity:AcDb2dPolyline", "building": "residential"}, "heightStatus": "unknown", "source": "OpenStreetMap", "license": "ODbL-1.0"}, "geometry": {"type": "MultiPolygon", "coordinates": [[[[114.020601, 22.5305481], [114.0206748, 22.5305103], [114.0207068, 22.5305637], [114.0206908, 22.5305719], [114.0206829, 22.5305588], [114.0206252, 22.5305884], [114.020601, 22.5305481]]]]}}, {"type": "Feature", "id": "way/349914009", "properties": {"tags": {"building": "residential"}, "heightStatus": "unknown", "source": "OpenStreetMap", "license": "ODbL-1.0"}, "geometry": {"type": "MultiPolygon", "coordinates": [[[[114.0230312, 22.5271931], [114.0231082, 22.5271521], [114.0231384, 22.5272005], [114.0231314, 22.5272042], [114.0231454, 22.5272266], [114.0230754, 22.5272639], [114.0230312, 22.5271931]]]]}}, {"type": "Feature", "id": "way/349914010", "properties": {"tags": {"building": "residential"}, "heightStatus": "unknown", "source": "OpenStreetMap", "license": "ODbL-1.0"}, "geometry": {"type": "MultiPolygon", "coordinates": [[[[114.0214473, 22.5277148], [114.0214641, 22.5276962], [114.0214788, 22.5277075], [114.0215137, 22.5276691], [114.0215773, 22.5277185], [114.0215256, 22.5277755], [114.0214473, 22.5277148]]]]}}, {"type": "Feature", "id": "way/349914011", "properties": {"tags": {"building": "residential"}, "heightStatus": "unknown", "source": "OpenStreetMap", "license": "ODbL-1.0"}, "geometry": {"type": "MultiPolygon", "coordinates": [[[[114.0217709, 22.5288359], [114.0217782, 22.5288182], [114.0217974, 22.5288249], [114.0218181, 22.5287742], [114.0219122, 22.528807], [114.0218842, 22.5288754], [114.0217709, 22.5288359]]]]}}, {"type": "Feature", "id": "way/349914013", "properties": {"tags": {"building": "residential"}, "heightStatus": "unknown", "source": "OpenStreetMap", "license": "ODbL-1.0"}, "geometry": {"type": "MultiPolygon", "coordinates": [[[[114.0208206, 22.529686], [114.0208935, 22.5295934], [114.0208699, 22.5295775], [114.020888, 22.5295545], [114.021037, 22.5295888], [114.0209122, 22.5297475], [114.0208206, 22.529686]]]]}}, {"type": "Feature", "id": "way/349914014", "properties": {"tags": {"building": "residential"}, "heightStatus": "unknown", "source": "OpenStreetMap", "license": "ODbL-1.0"}, "geometry": {"type": "MultiPolygon", "coordinates": [[[[114.0215618, 22.5286036], [114.0215707, 22.528582], [114.0216837, 22.5286215], [114.0216619, 22.5286747], [114.021564, 22.5286406], [114.0215769, 22.5286089], [114.0215618, 22.5286036]]]]}}, {"type": "Feature", "id": "way/349914015", "properties": {"tags": {"building": "residential"}, "heightStatus": "unknown", "source": "OpenStreetMap", "license": "ODbL-1.0"}, "geometry": {"type": "MultiPolygon", "coordinates": [[[[114.0191529, 22.5294399], [114.0191606, 22.5293589], [114.0192369, 22.5293614], [114.0192291, 22.5295673], [114.0191865, 22.5295856], [114.0191575, 22.5294695], [114.0191602, 22.5294405], [114.0191529, 22.5294399]]]]}}, {"type": "Feature", "id": "way/349914017", "properties": {"tags": {"building": "residential"}, "heightStatus": "unknown", "source": "OpenStreetMap", "license": "ODbL-1.0"}, "geometry": {"type": "MultiPolygon", "coordinates": [[[[114.0194217, 22.530236], [114.0194303, 22.5301659], [114.0195295, 22.5301764], [114.019517, 22.5302774], [114.01947, 22.5302724], [114.0194326, 22.5302548], [114.0194348, 22.5302373], [114.0194217, 22.530236]]]]}}, {"type": "Feature", "id": "way/349914018", "properties": {"tags": {"EntityHand": "DAE", "SubClasses": "AcDbEntity:AcDb2dPolyline", "building": "residential"}, "heightStatus": "unknown", "source": "OpenStreetMap", "license": "ODbL-1.0"}, "geometry": {"type": "MultiPolygon", "coordinates": [[[[114.020664, 22.5306297], [114.0207415, 22.5305833], [114.0207335, 22.5305719], [114.020785, 22.530541], [114.0208753, 22.5306695], [114.0207742, 22.5307301], [114.0207312, 22.5307252], [114.020664, 22.5306297]]]]}}, {"type": "Feature", "id": "way/349914022", "properties": {"tags": {"building": "residential"}, "heightStatus": "unknown", "source": "OpenStreetMap", "license": "ODbL-1.0"}, "geometry": {"type": "MultiPolygon", "coordinates": [[[[114.0194635, 22.528761], [114.0194952, 22.5287503], [114.0194917, 22.5287414], [114.0195152, 22.5287335], [114.0195187, 22.5287424], [114.0195614, 22.5287281], [114.0195971, 22.5288187], [114.0194992, 22.5288516], [114.0194635, 22.528761]]]]}}, {"type": "Feature", "id": "way/349914023", "properties": {"tags": {"EntityHand": "1235", "SubClasses": "AcDbEntity:AcDb2dPolyline", "building": "residential"}, "heightStatus": "unknown", "source": "OpenStreetMap", "license": "ODbL-1.0"}, "geometry": {"type": "MultiPolygon", "coordinates": [[[[114.0209163, 22.5301499], [114.0209843, 22.5300991], [114.0209935, 22.5301096], [114.0210107, 22.5300968], [114.0210707, 22.5301653], [114.0210536, 22.5301781], [114.0210293, 22.5302399], [114.0210087, 22.5302553], [114.0209163, 22.5301499]]]]}}, {"type": "Feature", "id": "way/349914024", "properties": {"tags": {"building": "residential"}, "heightStatus": "unknown", "source": "OpenStreetMap", "license": "ODbL-1.0"}, "geometry": {"type": "MultiPolygon", "coordinates": [[[[114.0196905, 22.5298783], [114.0197005, 22.5297974], [114.0197297, 22.5298005], [114.019732, 22.5297817], [114.0197611, 22.5297848], [114.0197588, 22.5298036], [114.019788, 22.5298067], [114.019778, 22.5298875], [114.0196905, 22.5298783]]]]}}, {"type": "Feature", "id": "way/349914026", "properties": {"tags": {"EntityHand": "393", "SubClasses": "AcDbEntity:AcDb2dPolyline", "building": "yes"}, "heightStatus": "unknown", "source": "OpenStreetMap", "license": "ODbL-1.0"}, "geometry": {"type": "MultiPolygon", "coordinates": [[[[114.0192325, 22.5312431], [114.0192576, 22.5311623], [114.0194241, 22.5312064], [114.019399, 22.5312872], [114.0193609, 22.5312771], [114.0193564, 22.5312914], [114.0192662, 22.5312675], [114.0192706, 22.5312532], [114.0192325, 22.5312431]]]]}}, {"type": "Feature", "id": "way/349914027", "properties": {"tags": {"building": "residential"}, "heightStatus": "unknown", "source": "OpenStreetMap", "license": "ODbL-1.0"}, "geometry": {"type": "MultiPolygon", "coordinates": [[[[114.0218173, 22.5273757], [114.0219239, 22.5273277], [114.0219833, 22.5274403], [114.0218961, 22.5274796], [114.0218887, 22.5274654], [114.021858, 22.5274792], [114.0218296, 22.5274255], [114.0218409, 22.5274204], [114.0218173, 22.5273757]]]]}}, {"type": "Feature", "id": "way/349914028", "properties": {"tags": {"building": "residential"}, "heightStatus": "unknown", "source": "OpenStreetMap", "license": "ODbL-1.0"}, "geometry": {"type": "MultiPolygon", "coordinates": [[[[114.0193386, 22.5296976], [114.0194507, 22.5296011], [114.0195276, 22.5296921], [114.0194156, 22.5297886], [114.0193847, 22.5297521], [114.0193769, 22.5297589], [114.0193607, 22.5297398], [114.0193686, 22.529733], [114.0193386, 22.5296976]]]]}}, {"type": "Feature", "id": "way/349914029", "properties": {"tags": {"EntityHand": "1211", "SubClasses": "AcDbEntity:AcDb2dPolyline", "building": "residential"}, "heightStatus": "unknown", "source": "OpenStreetMap", "license": "ODbL-1.0"}, "geometry": {"type": "MultiPolygon", "coordinates": [[[[114.0207991, 22.5301679], [114.020868, 22.5301163], [114.0209003, 22.5301532], [114.0208923, 22.5301592], [114.0209053, 22.5301739], [114.0209132, 22.5301679], [114.0209456, 22.5302048], [114.0208767, 22.5302564], [114.0207991, 22.5301679]]]]}}, {"type": "Feature", "id": "way/349914030", "properties": {"tags": {"building": "residential"}, "heightStatus": "unknown", "source": "OpenStreetMap", "license": "ODbL-1.0"}, "geometry": {"type": "MultiPolygon", "coordinates": [[[[114.0194153, 22.5294629], [114.0194428, 22.5294326], [114.0194563, 22.5294431], [114.0194754, 22.5294221], [114.0195271, 22.5294622], [114.0194724, 22.5295224], [114.0194207, 22.5294823], [114.0194288, 22.5294734], [114.0194153, 22.5294629]]]]}}, {"type": "Feature", "id": "way/349914032", "properties": {"tags": {"building": "residential"}, "heightStatus": "unknown", "source": "OpenStreetMap", "license": "ODbL-1.0"}, "geometry": {"type": "MultiPolygon", "coordinates": [[[[114.0221861, 22.5283176], [114.0222475, 22.5282665], [114.0223256, 22.5283467], [114.0222642, 22.5283978], [114.0222432, 22.5283762], [114.0222545, 22.5283668], [114.0222185, 22.5283298], [114.0222071, 22.5283392], [114.0221861, 22.5283176]]]]}}, {"type": "Feature", "id": "way/349914033", "properties": {"tags": {"building": "residential"}, "heightStatus": "unknown", "source": "OpenStreetMap", "license": "ODbL-1.0"}, "geometry": {"type": "MultiPolygon", "coordinates": [[[[114.0194624, 22.529789], [114.0195293, 22.5297314], [114.0196024, 22.5298038], [114.0195916, 22.529813], [114.0196006, 22.5298219], [114.0195552, 22.5298611], [114.0195462, 22.5298521], [114.0195355, 22.5298614], [114.0194624, 22.529789]]]]}}, {"type": "Feature", "id": "way/349914034", "properties": {"tags": {"building": "residential"}, "heightStatus": "unknown", "source": "OpenStreetMap", "license": "ODbL-1.0"}, "geometry": {"type": "MultiPolygon", "coordinates": [[[[114.0215787, 22.5289587], [114.0215907, 22.5289295], [114.0215999, 22.5289328], [114.0216087, 22.5289112], [114.0216471, 22.5289246], [114.0216518, 22.5289132], [114.0217149, 22.5289352], [114.0216895, 22.5289974], [114.0215787, 22.5289587]]]]}}, {"type": "Feature", "id": "way/349914035", "properties": {"tags": {"building": "apartments", "building:levels": "30", "layer": "2", "name": "C2栋", "name:zh": "C2栋"}, "heightStatus": "levels_only_unverified", "source": "OpenStreetMap", "license": "ODbL-1.0"}, "geometry": {"type": "MultiPolygon", "coordinates": [[[[114.0211277, 22.530696], [114.0212968, 22.5304199], [114.0214373, 22.5304933], [114.0213925, 22.5305665], [114.0215011, 22.5306232], [114.0214216, 22.530753], [114.021313, 22.5306963], [114.0212682, 22.5307694], [114.0211277, 22.530696]]]]}}, {"type": "Feature", "id": "way/349914036", "properties": {"tags": {"building": "school"}, "heightStatus": "unknown", "source": "OpenStreetMap", "license": "ODbL-1.0"}, "geometry": {"type": "MultiPolygon", "coordinates": [[[[114.0176156, 22.5286523], [114.0176264, 22.5286523], [114.0176264, 22.5286108], [114.0177561, 22.5284518], [114.0179125, 22.5285492], [114.0179125, 22.5286577], [114.0179125, 22.5287065], [114.0179125, 22.5287401], [114.0177504, 22.5287401], [114.0176156, 22.5287204], [114.0176156, 22.5286523]]]]}}, {"type": "Feature", "id": "way/349914037", "properties": {"tags": {"building": "residential"}, "heightStatus": "unknown", "source": "OpenStreetMap", "license": "ODbL-1.0"}, "geometry": {"type": "MultiPolygon", "coordinates": [[[[114.0233356, 22.5276832], [114.0233869, 22.5276601], [114.0233717, 22.5276313], [114.0234272, 22.5276064], [114.0234666, 22.5277123], [114.0233804, 22.5277511], [114.0233608, 22.5276986], [114.023347, 22.5277048], [114.0233356, 22.5276832]]]]}}, {"type": "Feature", "id": "way/349914038", "properties": {"tags": {"building": "residential"}, "heightStatus": "unknown", "source": "OpenStreetMap", "license": "ODbL-1.0"}, "geometry": {"type": "MultiPolygon", "coordinates": [[[[114.0215095, 22.5287317], [114.0215359, 22.528667], [114.0216489, 22.5287064], [114.0216225, 22.5287711], [114.0215095, 22.5287317]]]]}}, {"type": "Feature", "id": "way/349914039", "properties": {"tags": {"building": "residential"}, "heightStatus": "unknown", "source": "OpenStreetMap", "license": "ODbL-1.0"}, "geometry": {"type": "MultiPolygon", "coordinates": [[[[114.0215096, 22.527149], [114.0216582, 22.5270907], [114.021664, 22.5271032], [114.0217356, 22.5270752], [114.021751, 22.5271088], [114.0216794, 22.5271369], [114.021695, 22.5271707], [114.0215464, 22.5272289], [114.0215096, 22.527149]]]]}}, {"type": "Feature", "id": "way/349914040", "properties": {"tags": {"building": "residential"}, "heightStatus": "unknown", "source": "OpenStreetMap", "license": "ODbL-1.0"}, "geometry": {"type": "MultiPolygon", "coordinates": [[[[114.0216072, 22.528889], [114.0216212, 22.5288547], [114.0216089, 22.5288504], [114.0216208, 22.5288212], [114.0217403, 22.5288629], [114.0217283, 22.5288921], [114.0217174, 22.5288882], [114.0217034, 22.5289225], [114.0216072, 22.528889]]]]}}, {"type": "Feature", "id": "way/349914042", "properties": {"tags": {"building": "residential"}, "heightStatus": "unknown", "source": "OpenStreetMap", "license": "ODbL-1.0"}, "geometry": {"type": "MultiPolygon", "coordinates": [[[[114.0217588, 22.5272844], [114.0218022, 22.5272773], [114.0218167, 22.5273535], [114.021807, 22.527355], [114.0218285, 22.5274678], [114.0217905, 22.527474], [114.0217732, 22.5273833], [114.0217776, 22.5273826], [114.0217588, 22.5272844]]]]}}, {"type": "Feature", "id": "way/349914043", "properties": {"tags": {"building": "apartments", "building:levels": "30", "layer": "2", "name": "C3栋", "name:zh": "C3栋"}, "heightStatus": "levels_only_unverified", "source": "OpenStreetMap", "license": "ODbL-1.0"}, "geometry": {"type": "MultiPolygon", "coordinates": [[[[114.0213398, 22.5303677], [114.0215826, 22.5301434], [114.0216968, 22.5302489], [114.0216324, 22.5303083], [114.0217206, 22.5303898], [114.0216065, 22.5304952], [114.0215183, 22.5304137], [114.021454, 22.5304731], [114.0213398, 22.5303677]]]]}}, {"type": "Feature", "id": "way/349914045", "properties": {"tags": {"building": "residential"}, "heightStatus": "unknown", "source": "OpenStreetMap", "license": "ODbL-1.0"}, "geometry": {"type": "MultiPolygon", "coordinates": [[[[114.0218963, 22.5275063], [114.021935, 22.5274888], [114.0219275, 22.5274747], [114.0219953, 22.5274441], [114.0220343, 22.5275179], [114.0219964, 22.527535], [114.0220039, 22.5275492], [114.0219352, 22.5275801], [114.0218963, 22.5275063]]]]}}, {"type": "Feature", "id": "way/349914046", "properties": {"tags": {"building": "apartments", "building:levels": "30", "layer": "2", "name": "C1栋", "name:zh": "C1栋"}, "heightStatus": "levels_only_unverified", "source": "OpenStreetMap", "license": "ODbL-1.0"}, "geometry": {"type": "MultiPolygon", "coordinates": [[[[114.0210102, 22.5310872], [114.0210933, 22.5307794], [114.02125, 22.5308155], [114.0212279, 22.530897], [114.021349, 22.5309249], [114.0213099, 22.5310696], [114.0211889, 22.5310417], [114.0211669, 22.5311232], [114.0210102, 22.5310872]]]]}}, {"type": "Feature", "id": "way/349914047", "properties": {"tags": {"building": "residential"}, "heightStatus": "unknown", "source": "OpenStreetMap", "license": "ODbL-1.0"}, "geometry": {"type": "MultiPolygon", "coordinates": [[[[114.0223332, 22.5279653], [114.0224772, 22.5278822], [114.0225619, 22.5280075], [114.022418, 22.5280905], [114.0223837, 22.5280399], [114.022418, 22.5280201], [114.0224056, 22.5280018], [114.0223713, 22.5280216], [114.0223332, 22.5279653]]]]}}, {"type": "Feature", "id": "way/349914048", "properties": {"tags": {"EntityHand": "118A", "SubClasses": "AcDbEntity:AcDb2dPolyline", "building": "residential"}, "heightStatus": "unknown", "source": "OpenStreetMap", "license": "ODbL-1.0"}, "geometry": {"type": "MultiPolygon", "coordinates": [[[[114.020733, 22.530267], [114.020757, 22.5302491], [114.0207454, 22.5302359], [114.0208025, 22.5301932], [114.0208791, 22.5302807], [114.0208221, 22.5303233], [114.0208105, 22.5303102], [114.0207866, 22.5303281], [114.020733, 22.530267]]]]}}, {"type": "Feature", "id": "way/349914049", "properties": {"tags": {"building": "residential"}, "heightStatus": "unknown", "source": "OpenStreetMap", "license": "ODbL-1.0"}, "geometry": {"type": "MultiPolygon", "coordinates": [[[[114.0233335, 22.5274347], [114.0234475, 22.527418], [114.0234597, 22.5275801], [114.0233734, 22.5275927], [114.0233693, 22.5275395], [114.0233595, 22.5275409], [114.0233586, 22.5275285], [114.0233408, 22.5275311], [114.0233335, 22.5274347]]]]}}, {"type": "Feature", "id": "way/349914051", "properties": {"tags": {"building": "residential"}, "heightStatus": "unknown", "source": "OpenStreetMap", "license": "ODbL-1.0"}, "geometry": {"type": "MultiPolygon", "coordinates": [[[[114.0228045, 22.5270207], [114.0229072, 22.5269659], [114.0229906, 22.5270993], [114.022891, 22.5271524], [114.0228664, 22.5271131], [114.0228594, 22.5271169], [114.0228172, 22.5270493], [114.0228211, 22.5270473], [114.0228045, 22.5270207]]]]}}, {"type": "Feature", "id": "way/349914052", "properties": {"tags": {"EntityHand": "383", "SubClasses": "AcDbEntity:AcDb2dPolyline", "building": "yes", "building:levels": "7", "name": "703"}, "heightStatus": "levels_only_unverified", "source": "OpenStreetMap", "license": "ODbL-1.0"}, "geometry": {"type": "MultiPolygon", "coordinates": [[[[114.019037, 22.5312383], [114.019062, 22.5311575], [114.0192285, 22.5312016], [114.0192034, 22.5312823], [114.0191653, 22.5312723], [114.0191609, 22.5312866], [114.0190706, 22.5312627], [114.019075, 22.5312483], [114.019037, 22.5312383]]]]}}, {"type": "Feature", "id": "way/349914053", "properties": {"tags": {"building": "residential"}, "heightStatus": "unknown", "source": "OpenStreetMap", "license": "ODbL-1.0"}, "geometry": {"type": "MultiPolygon", "coordinates": [[[[114.0215859, 22.5293991], [114.0216316, 22.5292872], [114.0215904, 22.5292729], [114.0216043, 22.529239], [114.02171, 22.5292759], [114.0216961, 22.5293097], [114.0216755, 22.5293026], [114.0216298, 22.5294144], [114.0215859, 22.5293991]]]]}}, {"type": "Feature", "id": "way/349914056", "properties": {"tags": {"EntityHand": "D8B", "SubClasses": "AcDbEntity:AcDb2dPolyline", "building": "residential"}, "heightStatus": "unknown", "source": "OpenStreetMap", "license": "ODbL-1.0"}, "geometry": {"type": "MultiPolygon", "coordinates": [[[[114.0208256, 22.5303609], [114.0208951, 22.5303088], [114.0209876, 22.5304143], [114.0209479, 22.5305153], [114.0209284, 22.5305299], [114.0208619, 22.530454], [114.020895, 22.5304293], [114.0208645, 22.5303945], [114.0208588, 22.5303988], [114.0208256, 22.5303609]]]]}}, {"type": "Feature", "id": "way/349914058", "properties": {"tags": {"building": "school"}, "heightStatus": "unknown", "source": "OpenStreetMap", "license": "ODbL-1.0"}, "geometry": {"type": "MultiPolygon", "coordinates": [[[[114.0179125, 22.5286577], [114.0180155, 22.5286578], [114.0180155, 22.5285958], [114.0180165, 22.5285904], [114.0180191, 22.5285855], [114.0180233, 22.5285817], [114.0180286, 22.5285792], [114.0180344, 22.5285784], [114.0180402, 22.5285792], [114.0180455, 22.5285817], [114.0180497, 22.5285855], [114.0180523, 22.5285904], [114.0180533, 22.5285958], [114.0180533, 22.5286578], [114.0181242, 22.5286578], [114.0181242, 22.5286752], [114.0182114, 22.5286752], [114.0182114, 22.5286909], [114.0183012, 22.5286909], [114.0183012, 22.5287026], [114.018317, 22.5287026], [114.018317, 22.5286785], [114.0183179, 22.5286612], [114.0183208, 22.5286442], [114.0183256, 22.5286275], [114.0183322, 22.5286113], [114.0183406, 22.5285959], [114.0183507, 22.5285813], [114.0183624, 22.5285678], [114.0183755, 22.5285555], [114.0183899, 22.5285445], [114.0184055, 22.5285349], [114.0184221, 22.5285268], [114.0184221, 22.5285174], [114.0184473, 22.528511], [114.0184729, 22.5285065], [114.0184989, 22.5285038], [114.0185169, 22.5285029], [114.0185165, 22.5282675], [114.0186916, 22.5282661], [114.0186924, 22.5283358], [114.0185934, 22.5283369], [114.0185954, 22.5285029], [114.0185554, 22.5285029], [114.0185554, 22.5285654], [114.0184654, 22.5285654], [114.0184435, 22.5285707], [114.0184221, 22.5285777], [114.0184221, 22.5285896], [114.0184103, 22.5285994], [114.0184, 22.5286105], [114.0183913, 22.5286227], [114.0183844, 22.5286358], [114.0183794, 22.5286496], [114.0183764, 22.5286639], [114.0183754, 22.5286785], [114.0183955, 22.5286785], [114.0183955, 22.528725], [114.0184647, 22.528725], [114.0184647, 22.5287308], [114.0184898, 22.5287308], [114.0184898, 22.5286989], [114.0184999, 22.528698], [114.0185095, 22.5286953], [114.0185184, 22.5286909], [114.0185262, 22.528685], [114.0185326, 22.5286778], [114.0185373, 22.5286696], [114.0185402, 22.5286607], [114.0185412, 22.5286514], [114.0186733, 22.5286514], [114.0186723, 22.5286691], [114.0186693, 22.5286867], [114.0186643, 22.5287038], [114.0186574, 22.5287203], [114.0186487, 22.5287362], [114.0186383, 22.528751], [114.0186262, 22.5287648], [114.0186126, 22.5287774], [114.0185977, 22.5287885], [114.0185816, 22.5287982], [114.0185645, 22.5288062], [114.0185465, 22.5288126], [114.018528, 22.5288172], [114.018509, 22.5288199], [114.0184898, 22.5288209], [114.0184898, 22.5287681], [114.0184575, 22.5287681], [114.0184575, 22.5287889], [114.0183856, 22.5287889], [114.0183856, 22.5287731], [114.0183012, 22.5287731], [114.0183012, 22.5287565], [114.0182114, 22.5287565], [114.0182114, 22.5287399], [114.0181242, 22.5287399], [114.0181242, 22.5287233], [114.0180362, 22.5287233], [114.0180362, 22.5287067], [114.0179125, 22.5287065], [114.0179125, 22.5286577]]]]}}, {"type": "Feature", "id": "way/450057884", "properties": {"tags": {"addr:housename": "泰然科技园", "addr:housename:en": "Tairan Technology Park", "addr:housename:zh": "泰然科技园", "building": "industrial", "name": "211栋", "name:en": "Block 211", "name:zh": "211栋"}, "heightStatus": "unknown", "source": "OpenStreetMap", "license": "ODbL-1.0"}, "geometry": {"type": "MultiPolygon", "coordinates": [[[[114.0198504, 22.5359975], [114.0199078, 22.5357117], [114.0199794, 22.535724], [114.0201426, 22.5357529], [114.0206872, 22.5358452], [114.0206298, 22.5361309], [114.0198504, 22.5359975]]]]}}, {"type": "Feature", "id": "way/450057886", "properties": {"tags": {"building": "yes"}, "heightStatus": "unknown", "source": "OpenStreetMap", "license": "ODbL-1.0"}, "geometry": {"type": "MultiPolygon", "coordinates": [[[[114.0202438, 22.5339345], [114.0202743, 22.5337748], [114.0208012, 22.5338605], [114.0207708, 22.5340202], [114.0202438, 22.5339345]]]]}}, {"type": "Feature", "id": "way/450057887", "properties": {"tags": {"building": "yes"}, "heightStatus": "unknown", "source": "OpenStreetMap", "license": "ODbL-1.0"}, "geometry": {"type": "MultiPolygon", "coordinates": [[[[114.0202501, 22.5335759], [114.0202961, 22.5333303], [114.0209753, 22.5334389], [114.0209293, 22.5336845], [114.0202501, 22.5335759]]]]}}, {"type": "Feature", "id": "way/450057889", "properties": {"tags": {"building": "yes"}, "heightStatus": "unknown", "source": "OpenStreetMap", "license": "ODbL-1.0"}, "geometry": {"type": "MultiPolygon", "coordinates": [[[[114.0209999, 22.5340562], [114.0210341, 22.5338875], [114.0211381, 22.5339055], [114.0211039, 22.5340742], [114.0209999, 22.5340562]]]]}}, {"type": "Feature", "id": "way/450057890", "properties": {"tags": {"building": "yes"}, "heightStatus": "unknown", "source": "OpenStreetMap", "license": "ODbL-1.0"}, "geometry": {"type": "MultiPolygon", "coordinates": [[[[114.0201287, 22.53438], [114.0201743, 22.5341366], [114.0208512, 22.5342448], [114.0208056, 22.5344882], [114.0201287, 22.53438]]]]}}, {"type": "Feature", "id": "way/450057891", "properties": {"tags": {"addr:housename": "博今国际大厦", "addr:housename:en": "Bojin International Tower", "addr:housename:zh": "博今国际大厦", "building": "commercial", "building:levels": "50", "height": "268.4", "name": "A座", "name:en": "Tower A", "name:zh": "A座"}, "heightStatus": "height_tag_unverified", "source": "OpenStreetMap", "license": "ODbL-1.0"}, "geometry": {"type": "MultiPolygon", "coordinates": [[[[114.0219946, 22.5333024], [114.0220782, 22.5328985], [114.0225827, 22.5329876], [114.0224991, 22.5333915], [114.0219946, 22.5333024]]]]}}, {"type": "Feature", "id": "way/450057892", "properties": {"tags": {"addr:housename": "泰然科技园", "addr:housename:en": "Tairan Technology Park", "addr:housename:zh": "泰然科技园", "building": "industrial", "name": "212栋", "name:en": "Block 212", "name:zh": "212栋"}, "heightStatus": "unknown", "source": "OpenStreetMap", "license": "ODbL-1.0"}, "geometry": {"type": "MultiPolygon", "coordinates": [[[[114.0199416, 22.5355185], [114.0199988, 22.5352341], [114.0207767, 22.5353674], [114.0207196, 22.5356517], [114.0201823, 22.5355606], [114.0200191, 22.5355319], [114.0199416, 22.5355185]]]]}}, {"type": "Feature", "id": "way/450057894", "properties": {"tags": {"building": "yes", "layer": "1"}, "heightStatus": "unknown", "source": "OpenStreetMap", "license": "ODbL-1.0"}, "geometry": {"type": "MultiPolygon", "coordinates": [[[[114.0199794, 22.535724], [114.0200191, 22.5355319], [114.0201823, 22.5355606], [114.0201426, 22.5357529], [114.0199794, 22.535724]]]]}}, {"type": "Feature", "id": "way/450057896", "properties": {"tags": {"addr:housename": "泰然科技园", "addr:housename:en": "Tairan Technology Park", "addr:housename:zh": "泰然科技园", "building": "industrial", "name": "213栋", "name:en": "Block 213", "name:zh": "213栋"}, "heightStatus": "unknown", "source": "OpenStreetMap", "license": "ODbL-1.0"}, "geometry": {"type": "MultiPolygon", "coordinates": [[[[114.0200181, 22.5349879], [114.0200838, 22.5346341], [114.0212658, 22.5348213], [114.0212001, 22.5351751], [114.0200181, 22.5349879]]]]}}, {"type": "Feature", "id": "way/450057898", "properties": {"tags": {"addr:housename": "安华工业区", "addr:housename:en": "Anhua Industrial Area", "addr:housename:zh": "安华工业区", "building": "industrial", "name": "4栋", "name:en": "Block 4", "name:zh": "4栋"}, "heightStatus": "unknown", "source": "OpenStreetMap", "license": "ODbL-1.0"}, "geometry": {"type": "MultiPolygon", "coordinates": [[[[114.0209457, 22.5344875], [114.020988, 22.5342622], [114.0216664, 22.5343708], [114.0216241, 22.5345962], [114.0209457, 22.5344875]]]]}}, {"type": "Feature", "id": "way/450057899", "properties": {"tags": {"addr:housename": "安华工业区", "addr:housename:en": "Anhua Industrial Area", "addr:housename:zh": "安华工业区", "building": "industrial", "name": "5栋", "name:en": "Block 5", "name:zh": "5栋"}, "heightStatus": "unknown", "source": "OpenStreetMap", "license": "ODbL-1.0"}, "geometry": {"type": "MultiPolygon", "coordinates": [[[[114.0211854, 22.5340979], [114.0212182, 22.5339207], [114.0217156, 22.5339991], [114.0216828, 22.5341763], [114.0211854, 22.5340979]]]]}}, {"type": "Feature", "id": "way/450057902", "properties": {"tags": {"addr:housename": "安华工业区", "addr:housename:en": "Anhua Industrial Area", "addr:housename:zh": "安华工业区", "building": "industrial", "name": "6栋", "name:en": "Block 6", "name:zh": "6栋"}, "heightStatus": "unknown", "source": "OpenStreetMap", "license": "ODbL-1.0"}, "geometry": {"type": "MultiPolygon", "coordinates": [[[[114.0210918, 22.5336969], [114.0211345, 22.5334693], [114.0218154, 22.5335784], [114.0217726, 22.533806], [114.0210918, 22.5336969]]]]}}, {"type": "Feature", "id": "way/464744843", "properties": {"tags": {"addr:housename": "碧海红树园", "addr:housename:en": "Bihai Mangrove Park", "addr:housename:zh": "碧海红树园", "building": "apartments", "building:levels": "33", "name": "8栋", "name:zh": "8栋"}, "heightStatus": "levels_only_unverified", "source": "OpenStreetMap", "license": "ODbL-1.0"}, "geometry": {"type": "MultiPolygon", "coordinates": [[[[114.0174097, 22.5307388], [114.0174367, 22.5307069], [114.0174829, 22.5307403], [114.0175552, 22.5306548], [114.0176813, 22.5307458], [114.0177009, 22.5308051], [114.0176751, 22.5309558], [114.0174866, 22.5309283], [114.0175007, 22.530846], [114.017525, 22.5308392], [114.0175175, 22.5308167], [114.0175068, 22.5308089], [114.0174932, 22.5308249], [114.0174146, 22.5307682], [114.0174282, 22.5307522], [114.0174097, 22.5307388]]]]}}, {"type": "Feature", "id": "way/638856662", "properties": {"tags": {"building": "yes", "name": "KK ONE", "name:en": "KK ONE", "operator": "京基百纳", "shop": "mall", "strapline": "时尚潮流购物中心"}, "heightStatus": "unknown", "source": "OpenStreetMap", "license": "ODbL-1.0"}, "geometry": {"type": "MultiPolygon", "coordinates": [[[[114.0219625, 22.5298212], [114.0219712, 22.5297749], [114.0219916, 22.5297197], [114.0220153, 22.5296705], [114.0222805, 22.529133], [114.0224441, 22.5290038], [114.0223897, 22.5289443], [114.022484, 22.5288708], [114.0227247, 22.5291344], [114.0229058, 22.5293302], [114.0226805, 22.5295074], [114.0227015, 22.5295301], [114.0226196, 22.529595], [114.0227286, 22.5297125], [114.0226406, 22.5297821], [114.0225261, 22.5298742], [114.0225729, 22.5299253], [114.0226495, 22.5300122], [114.0225801, 22.5300643], [114.022704, 22.5302065], [114.0225656, 22.5303098], [114.0225475, 22.53036], [114.02252, 22.5304452], [114.0225072, 22.5304972], [114.0224923, 22.5305573], [114.0224853, 22.5306141], [114.0224882, 22.530634], [114.0225077, 22.5306497], [114.0224223, 22.5306359], [114.0223062, 22.5306046], [114.0222038, 22.5305569], [114.0221045, 22.5304941], [114.0220057, 22.5304189], [114.0220474, 22.5304169], [114.0220779, 22.5304068], [114.0220954, 22.5303847], [114.0221084, 22.5303484], [114.0221176, 22.530307], [114.022128, 22.5302599], [114.022128, 22.5301874], [114.0221174, 22.5301343], [114.022096, 22.5300712], [114.0220627, 22.5300144], [114.0220147, 22.529954], [114.0219821, 22.5299077], [114.0219668, 22.5298635], [114.0219625, 22.5298212]]]]}}, {"type": "Feature", "id": "way/638856663", "properties": {"tags": {"building": "yes", "building:levels": "5", "name": "KK ONE", "opening_hours": "Mo-Su 10:00-22:00", "operator": "京基百纳", "shop": "mall", "strapline": "时尚潮流购物中心", "toilets": "yes"}, "heightStatus": "levels_only_unverified", "source": "OpenStreetMap", "license": "ODbL-1.0"}, "geometry": {"type": "MultiPolygon", "coordinates": [[[[114.0209855, 22.5312251], [114.0209898, 22.5311017], [114.021005, 22.5309912], [114.0210314, 22.5308725], [114.0210737, 22.5307398], [114.0211482, 22.5305802], [114.0212402, 22.5304206], [114.0213262, 22.5302998], [114.0214282, 22.5301882], [114.0215446, 22.5300887], [114.0215791, 22.5300674], [114.0216021, 22.5300648], [114.0216251, 22.5300714], [114.021651, 22.5300927], [114.0217861, 22.5302254], [114.0219174, 22.5303452], [114.0220057, 22.5304189], [114.0221045, 22.5304941], [114.0222038, 22.5305569], [114.0223062, 22.5306046], [114.0224223, 22.5306359], [114.0225077, 22.5306497], [114.0225565, 22.5306569], [114.0225738, 22.5306675], [114.0225795, 22.5306914], [114.0225738, 22.5307366], [114.0225407, 22.5310101], [114.0225307, 22.5311057], [114.0225307, 22.5312238], [114.0225353, 22.5312931], [114.0225395, 22.5313234], [114.0225371, 22.531338], [114.0225281, 22.5313484], [114.0225114, 22.5313525], [114.0223999, 22.5314216], [114.0223524, 22.5314469], [114.0223136, 22.5314615], [114.0222791, 22.5314694], [114.0222346, 22.5314708], [114.0221929, 22.5314681], [114.0221627, 22.5314615], [114.0221253, 22.5314495], [114.0220966, 22.5314326], [114.0220678, 22.5314123], [114.0220434, 22.5313953], [114.0220248, 22.5313861], [114.0220031, 22.5313836], [114.0219748, 22.5313848], [114.0219515, 22.5313881], [114.0212083, 22.5314376], [114.0211603, 22.5314362], [114.0211135, 22.5314272], [114.0210779, 22.5314095], [114.0210419, 22.5313807], [114.0210141, 22.5313444], [114.0209935, 22.5312867], [114.0209855, 22.5312251]]]]}}, {"type": "Feature", "id": "way/779229114", "properties": {"tags": {"addr:city": "深圳市", "addr:country": "CN", "addr:district": "福田区", "addr:housenumber": "1", "addr:province": "广东省", "addr:street": "泰然八路", "addr:subdistrict": "沙头街道 / 天安社区", "building": "commercial", "building:levels": "34", "building:levels:underground": "4", "height": "153.35", "layer": "1", "name": "万科滨海置地大厦", "name:en": "Vanke Binhai Zhidi Tower", "name:zh": "万科滨海置地大厦"}, "heightStatus": "height_tag_unverified", "source": "OpenStreetMap", "license": "ODbL-1.0"}, "geometry": {"type": "MultiPolygon", "coordinates": [[[[114.0204683, 22.5328884], [114.0205152, 22.5326545], [114.0205383, 22.532636], [114.0210529, 22.5326417], [114.0210683, 22.5326659], [114.0210053, 22.5329801], [114.0209827, 22.5329986], [114.0204857, 22.5329135], [114.0204683, 22.5328884]]]]}}, {"type": "Feature", "id": "way/1044157146", "properties": {"tags": {"amenity": "marketplace", "building": "retail", "name": "上沙农贸综合市场"}, "heightStatus": "unknown", "source": "OpenStreetMap", "license": "ODbL-1.0"}, "geometry": {"type": "MultiPolygon", "coordinates": [[[[114.0244619, 22.530903], [114.0245632, 22.5303998], [114.0250736, 22.5303856], [114.0251883, 22.5306064], [114.0246397, 22.530933], [114.0244619, 22.530903]]]]}}, {"type": "Feature", "id": "way/1238125141", "properties": {"tags": {"building": "apartments", "name": "B1栋", "name:zh": "B1栋"}, "heightStatus": "unknown", "source": "OpenStreetMap", "license": "ODbL-1.0"}, "geometry": {"type": "MultiPolygon", "coordinates": [[[[114.0195666, 22.5307571], [114.0195774, 22.5306178], [114.0197004, 22.530626], [114.019702, 22.530605], [114.0197987, 22.5306114], [114.0197972, 22.5306309], [114.019918, 22.5306389], [114.0199072, 22.5307782], [114.0197827, 22.5307699], [114.0197807, 22.5307966], [114.019684, 22.5307902], [114.0196859, 22.530765], [114.0195666, 22.5307571]]]]}}, {"type": "Feature", "id": "way/1238125142", "properties": {"tags": {"building": "apartments", "name": "B2栋", "name:zh": "B2栋"}, "heightStatus": "unknown", "source": "OpenStreetMap", "license": "ODbL-1.0"}, "geometry": {"type": "MultiPolygon", "coordinates": [[[[114.0199072, 22.5307782], [114.019918, 22.5306389], [114.0200388, 22.5306469], [114.0200403, 22.5306274], [114.020137, 22.5306338], [114.0201354, 22.5306548], [114.0202584, 22.5306628], [114.0202476, 22.5308021], [114.0201283, 22.5307943], [114.0201263, 22.5308195], [114.0200296, 22.5308131], [114.0200317, 22.5307864], [114.0199072, 22.5307782]]]]}}, {"type": "Feature", "id": "way/1238125143", "properties": {"tags": {"building": "apartments", "name": "A2栋", "name:zh": "A2栋"}, "heightStatus": "unknown", "source": "OpenStreetMap", "license": "ODbL-1.0"}, "geometry": {"type": "MultiPolygon", "coordinates": [[[[114.0196535, 22.5314404], [114.0196699, 22.5312965], [114.0200599, 22.5313333], [114.0200464, 22.5314767], [114.0198606, 22.5314589], [114.0198565, 22.531495], [114.0197786, 22.5314874], [114.0197825, 22.531453], [114.0196535, 22.5314404]]]]}}, {"type": "Feature", "id": "way/1238125144", "properties": {"tags": {"building": "apartments", "name": "A1栋", "name:zh": "A1栋"}, "heightStatus": "unknown", "source": "OpenStreetMap", "license": "ODbL-1.0"}, "geometry": {"type": "MultiPolygon", "coordinates": [[[[114.0200464, 22.5314767], [114.0200599, 22.5313333], [114.0204498, 22.5313701], [114.0204336, 22.5315124], [114.0203103, 22.5315005], [114.0203062, 22.5315365], [114.0202283, 22.5315289], [114.0202322, 22.5314945], [114.0200464, 22.5314767]]]]}}, {"type": "Feature", "id": "way/1238125146", "properties": {"tags": {"building": "apartments", "building:levels": "50", "layer": "1", "name": "C座", "name:zh": "C座"}, "heightStatus": "levels_only_unverified", "source": "OpenStreetMap", "license": "ODbL-1.0"}, "geometry": {"type": "MultiPolygon", "coordinates": [[[[114.0242785, 22.5291145], [114.0244054, 22.5290664], [114.0243662, 22.5289782], [114.0247288, 22.5288407], [114.0248057, 22.5290137], [114.0246443, 22.5290749], [114.0246769, 22.5291484], [114.0243488, 22.5292728], [114.0242785, 22.5291145]]]]}}, {"type": "Feature", "id": "way/1238125147", "properties": {"tags": {"building": "apartments", "building:levels": "50", "layer": "1", "name": "B座", "name:zh": "B座"}, "heightStatus": "levels_only_unverified", "source": "OpenStreetMap", "license": "ODbL-1.0"}, "geometry": {"type": "MultiPolygon", "coordinates": [[[[114.0235954, 22.5293767], [114.0237223, 22.5293286], [114.0236819, 22.5292377], [114.0240445, 22.5291002], [114.0241225, 22.5292759], [114.0239611, 22.5293371], [114.0239938, 22.5294106], [114.0236657, 22.529535], [114.0235954, 22.5293767]]]]}}, {"type": "Feature", "id": "way/1238125148", "properties": {"tags": {"building": "apartments", "building:levels": "50", "layer": "1", "name": "A座", "name:zh": "A座"}, "heightStatus": "levels_only_unverified", "source": "OpenStreetMap", "license": "ODbL-1.0"}, "geometry": {"type": "MultiPolygon", "coordinates": [[[[114.0236078, 22.5300042], [114.0236217, 22.5296424], [114.0238256, 22.5296491], [114.0238193, 22.52981], [114.0239055, 22.5298129], [114.0238928, 22.5301403], [114.0237077, 22.5301342], [114.0237127, 22.5300077], [114.0236078, 22.5300042]]]]}}, {"type": "Feature", "id": "way/1238125149", "properties": {"tags": {"addr:housename": "中洲湾C Future City", "addr:housename:zh": "中洲湾C Future City", "building": "commercial", "building:levels": "62", "building:material": "mirror", "height": "291.9", "layer": "1", "name": "西塔", "name:zh": "西塔"}, "heightStatus": "height_tag_unverified", "source": "OpenStreetMap", "license": "ODbL-1.0"}, "geometry": {"type": "MultiPolygon", "coordinates": [[[[114.0230493, 22.531041], [114.0230842, 22.5307797], [114.0230901, 22.5307573], [114.0231018, 22.530737], [114.0231187, 22.53072], [114.0231397, 22.5307075], [114.0231634, 22.5307003], [114.0231883, 22.5306988], [114.0234135, 22.5307014], [114.0234662, 22.5307021], [114.0234865, 22.530706], [114.0235046, 22.5307156], [114.0235185, 22.5307299], [114.023527, 22.5307474], [114.0235292, 22.5307665], [114.0235129, 22.5308889], [114.0234944, 22.5310279], [114.0234885, 22.5310502], [114.0234767, 22.5310706], [114.0234598, 22.5310875], [114.0234389, 22.5311], [114.0234152, 22.5311072], [114.0233903, 22.5311087], [114.0231124, 22.5311055], [114.023092, 22.5311015], [114.023074, 22.5310919], [114.0230601, 22.5310777], [114.0230516, 22.5310601], [114.0230493, 22.531041]]]]}}, {"type": "Feature", "id": "way/1238125150", "properties": {"tags": {"addr:housename": "中洲湾C Future City", "addr:housename:zh": "中洲湾C Future City", "building": "commercial", "building:levels": "62", "building:material": "mirror", "height": "291.9", "layer": "1", "name": "东塔", "name:zh": "东塔"}, "heightStatus": "height_tag_unverified", "source": "OpenStreetMap", "license": "ODbL-1.0"}, "geometry": {"type": "MultiPolygon", "coordinates": [[[[114.0237375, 22.530828], [114.0237724, 22.5305666], [114.0237782, 22.5305442], [114.02379, 22.5305239], [114.0238069, 22.5305069], [114.0238279, 22.5304945], [114.0238516, 22.5304872], [114.0238765, 22.5304857], [114.0241544, 22.530489], [114.0241747, 22.530493], [114.0241927, 22.5305025], [114.0242067, 22.5305168], [114.0242152, 22.5305343], [114.0242174, 22.5305534], [114.0241825, 22.5308148], [114.0241767, 22.5308372], [114.0241649, 22.5308575], [114.024148, 22.5308744], [114.024127, 22.5308869], [114.0241033, 22.5308941], [114.0240784, 22.5308956], [114.0238005, 22.5308924], [114.0237802, 22.5308884], [114.0237622, 22.5308788], [114.0237482, 22.5308646], [114.0237397, 22.5308471], [114.0237375, 22.530828]]]]}}, {"type": "Feature", "id": "relation/17902663", "properties": {"tags": {"building": "commercial", "name": "深业泰然大厦"}, "heightStatus": "unknown", "source": "OpenStreetMap", "license": "ODbL-1.0"}, "geometry": {"type": "MultiPolygon", "coordinates": [[[[114.0160363, 22.5336105], [114.016226, 22.5327134], [114.0176318, 22.5329669], [114.017442, 22.5338642], [114.0160363, 22.5336105]], [[114.0163947, 22.5333954], [114.0172195, 22.5335413], [114.0172835, 22.5332327], [114.0164587, 22.5330868], [114.0163947, 22.5333954]]]]}}, {"type": "Feature", "id": "way/1305286512", "properties": {"tags": {"addr:housename": "博今国际大厦", "addr:housename:en": "Bojin International Tower", "addr:housename:zh": "博今国际大厦", "building": "commercial", "building:levels": "41", "height": "200.3", "name": "B座", "name:en": "Tower B", "name:zh": "B座"}, "heightStatus": "height_tag_unverified", "source": "OpenStreetMap", "license": "ODbL-1.0"}, "geometry": {"type": "MultiPolygon", "coordinates": [[[[114.0213246, 22.5330469], [114.0214095, 22.5326475], [114.0217737, 22.5327135], [114.0216887, 22.533113], [114.0213246, 22.5330469]]]]}}, {"type": "Feature", "id": "way/1305286514", "properties": {"tags": {"building": "commercial", "building:levels": "6"}, "heightStatus": "levels_only_unverified", "source": "OpenStreetMap", "license": "ODbL-1.0"}, "geometry": {"type": "MultiPolygon", "coordinates": [[[[114.0204385, 22.5330372], [114.0204683, 22.5328884], [114.0205152, 22.5326545], [114.0205383, 22.532636], [114.0210529, 22.5326417], [114.0210683, 22.5326659], [114.0210053, 22.5329801], [114.020977, 22.5331212], [114.0209571, 22.5331407], [114.0204563, 22.533055], [114.0204385, 22.5330372]]]]}}, {"type": "Feature", "id": "way/1305286519", "properties": {"tags": {"addr:city": "深圳市", "addr:country": "CN", "addr:district": "福田区", "addr:housenumber": "25", "addr:province": "广东省", "addr:street": "泰然七路", "addr:subdistrict": "沙头街道", "building": "commercial", "building:levels": "22", "building:levels:underground": "2", "name": "苍松大厦", "name:en": "Cangsong Mansion", "name:zh": "苍松大厦"}, "heightStatus": "levels_only_unverified", "source": "OpenStreetMap", "license": "ODbL-1.0"}, "geometry": {"type": "MultiPolygon", "coordinates": [[[[114.0215378, 22.5355191], [114.0215576, 22.535421], [114.0215805, 22.5354249], [114.0216155, 22.5352507], [114.0216732, 22.5352606], [114.0216953, 22.5351508], [114.0215567, 22.535127], [114.0216027, 22.5348987], [114.0220384, 22.5349736], [114.0219924, 22.5352019], [114.0219255, 22.5351904], [114.0219028, 22.5353029], [114.0219825, 22.5353221], [114.0220603, 22.5353469], [114.0221358, 22.5353771], [114.0222086, 22.5354126], [114.0221654, 22.5356269], [114.0215378, 22.5355191]]]]}}, {"type": "Feature", "id": "way/1305286520", "properties": {"tags": {"building:part": "yes"}, "heightStatus": "unknown", "source": "OpenStreetMap", "license": "ODbL-1.0"}, "geometry": {"type": "MultiPolygon", "coordinates": [[[[114.0215567, 22.535127], [114.0216027, 22.5348987], [114.0220384, 22.5349736], [114.0219924, 22.5352019], [114.0219255, 22.5351904], [114.0216953, 22.5351508], [114.0215567, 22.535127]]]]}}, {"type": "Feature", "id": "way/1305597256", "properties": {"tags": {"building": "temple"}, "heightStatus": "unknown", "source": "OpenStreetMap", "license": "ODbL-1.0"}, "geometry": {"type": "MultiPolygon", "coordinates": [[[[114.0209054, 22.5292857], [114.020916, 22.5292717], [114.0209831, 22.5291798], [114.0209931, 22.529166], [114.0210714, 22.5292149], [114.0209837, 22.5293347], [114.0209054, 22.5292857]]]]}}, {"type": "Feature", "id": "way/1305597257", "properties": {"tags": {"building": "temple"}, "heightStatus": "unknown", "source": "OpenStreetMap", "license": "ODbL-1.0"}, "geometry": {"type": "MultiPolygon", "coordinates": [[[[114.0208814, 22.5292135], [114.0209117, 22.5291725], [114.0209577, 22.5292014], [114.0209274, 22.5292424], [114.0208814, 22.5292135]]]]}}, {"type": "Feature", "id": "way/1305597258", "properties": {"tags": {"building": "yes"}, "heightStatus": "unknown", "source": "OpenStreetMap", "license": "ODbL-1.0"}, "geometry": {"type": "MultiPolygon", "coordinates": [[[[114.020846, 22.5292477], [114.0208565, 22.5292337], [114.020916, 22.5292717], [114.0209054, 22.5292857], [114.020846, 22.5292477]]]]}}, {"type": "Feature", "id": "way/1305597259", "properties": {"tags": {"building": "yes"}, "heightStatus": "unknown", "source": "OpenStreetMap", "license": "ODbL-1.0"}, "geometry": {"type": "MultiPolygon", "coordinates": [[[[114.0209237, 22.5291433], [114.020934, 22.5291294], [114.0209931, 22.529166], [114.0209831, 22.5291798], [114.0209237, 22.5291433]]]]}}, {"type": "Feature", "id": "way/1305597261", "properties": {"tags": {"building": "temple", "name": "恩德殿"}, "heightStatus": "unknown", "source": "OpenStreetMap", "license": "ODbL-1.0"}, "geometry": {"type": "MultiPolygon", "coordinates": [[[[114.0207971, 22.5293018], [114.0208341, 22.5292519], [114.0209002, 22.5292937], [114.0208632, 22.5293436], [114.0207971, 22.5293018]]]]}}, {"type": "Feature", "id": "way/1305597262", "properties": {"tags": {"building": "temple"}, "heightStatus": "unknown", "source": "OpenStreetMap", "license": "ODbL-1.0"}, "geometry": {"type": "MultiPolygon", "coordinates": [[[[114.0211056, 22.5290041], [114.0211167, 22.5289751], [114.0211364, 22.5289235], [114.0211473, 22.528895], [114.0212313, 22.5289223], [114.0211896, 22.5290315], [114.0211056, 22.5290041]]]]}}, {"type": "Feature", "id": "way/1305597263", "properties": {"tags": {"building": "temple"}, "heightStatus": "unknown", "source": "OpenStreetMap", "license": "ODbL-1.0"}, "geometry": {"type": "MultiPolygon", "coordinates": [[[[114.0209623, 22.5289577], [114.0209733, 22.5289292], [114.0209926, 22.5288786], [114.0210042, 22.5288484], [114.0211053, 22.5288815], [114.0210944, 22.52891], [114.0210746, 22.5289616], [114.0210634, 22.5289908], [114.0209623, 22.5289577]]]]}}, {"type": "Feature", "id": "way/1305597264", "properties": {"tags": {"building": "yes"}, "heightStatus": "unknown", "source": "OpenStreetMap", "license": "ODbL-1.0"}, "geometry": {"type": "MultiPolygon", "coordinates": [[[[114.0208982, 22.5289362], [114.0209091, 22.5289081], [114.0209733, 22.5289292], [114.0209623, 22.5289577], [114.0208982, 22.5289362]]]]}}, {"type": "Feature", "id": "way/1305597265", "properties": {"tags": {"building": "yes"}, "heightStatus": "unknown", "source": "OpenStreetMap", "license": "ODbL-1.0"}, "geometry": {"type": "MultiPolygon", "coordinates": [[[[114.0209287, 22.5288578], [114.0209405, 22.5288274], [114.0210042, 22.5288484], [114.0209926, 22.5288786], [114.0209287, 22.5288578]]]]}}, {"type": "Feature", "id": "way/1305597266", "properties": {"tags": {"building": "yes"}, "heightStatus": "unknown", "source": "OpenStreetMap", "license": "ODbL-1.0"}, "geometry": {"type": "MultiPolygon", "coordinates": [[[[114.0210634, 22.5289908], [114.0210746, 22.5289616], [114.0211167, 22.5289751], [114.0211056, 22.5290041], [114.0210634, 22.5289908]]]]}}, {"type": "Feature", "id": "way/1305597267", "properties": {"tags": {"building": "yes"}, "heightStatus": "unknown", "source": "OpenStreetMap", "license": "ODbL-1.0"}, "geometry": {"type": "MultiPolygon", "coordinates": [[[[114.0210944, 22.52891], [114.0211053, 22.5288815], [114.0211473, 22.528895], [114.0211364, 22.5289235], [114.0210944, 22.52891]]]]}}, {"type": "Feature", "id": "way/1305597268", "properties": {"tags": {"building": "yes", "layer": "1"}, "heightStatus": "unknown", "source": "OpenStreetMap", "license": "ODbL-1.0"}, "geometry": {"type": "MultiPolygon", "coordinates": [[[[114.0208665, 22.5288028], [114.020883, 22.5287611], [114.0208967, 22.5287655], [114.0208803, 22.5288074], [114.0208665, 22.5288028]]]]}}, {"type": "Feature", "id": "way/1305597272", "properties": {"tags": {"building": "temple"}, "heightStatus": "unknown", "source": "OpenStreetMap", "license": "ODbL-1.0"}, "geometry": {"type": "MultiPolygon", "coordinates": [[[[114.0203896, 22.5283301], [114.0204159, 22.5283147], [114.0204343, 22.5283416], [114.020408, 22.528357], [114.0203896, 22.5283301]]]]}}, {"type": "Feature", "id": "way/1345394383", "properties": {"tags": {"building": "train_station", "building:levels": "0", "building:levels:underground": "2", "layer": "-1", "location": "underground", "name": "下沙站", "name:en": "Xiasha Station", "name:zh": "下沙站", "start_date": "2016-10-28", "wikidata": "Q27526079", "wikipedia": "zh:下沙站 (深圳)"}, "heightStatus": "levels_only_unverified", "source": "OpenStreetMap", "license": "ODbL-1.0"}, "geometry": {"type": "MultiPolygon", "coordinates": [[[[114.0175827, 22.531523], [114.0176383, 22.5312914], [114.0177981, 22.5313242], [114.0177924, 22.5313425], [114.019319, 22.531661], [114.019332, 22.5315912], [114.0198948, 22.5316358], [114.019894, 22.5316038], [114.01997, 22.5315472], [114.0198944, 22.5315419], [114.0198944, 22.5315125], [114.0204351, 22.5315529], [114.0204285, 22.531623], [114.0200324, 22.5315917], [114.019981, 22.5316291], [114.0199838, 22.5317007], [114.0193998, 22.5316589], [114.0193945, 22.5316768], [114.0197142, 22.5317315], [114.0197232, 22.5317051], [114.0199294, 22.5317413], [114.0198718, 22.5319748], [114.0193827, 22.531879], [114.0192937, 22.532272], [114.0196832, 22.5323331], [114.0196726, 22.5323814], [114.0191246, 22.5322999], [114.0191279, 22.5322645], [114.0192144, 22.532272], [114.0193124, 22.5318654], [114.0186232, 22.5317123], [114.0186371, 22.5322117], [114.0181707, 22.5321257], [114.0181879, 22.5320525], [114.0185636, 22.5321287], [114.0185472, 22.5317093], [114.0177493, 22.531538], [114.0177449, 22.5315535], [114.0175827, 22.531523]]]]}}, {"type": "Feature", "id": "way/1429423854", "properties": {"tags": {"building": "commercial", "building:levels": "4"}, "heightStatus": "levels_only_unverified", "source": "OpenStreetMap", "license": "ODbL-1.0"}, "geometry": {"type": "MultiPolygon", "coordinates": [[[[114.0230141, 22.5304152], [114.0230408, 22.5301696], [114.0230437, 22.5301542], [114.0230532, 22.5301411], [114.0230676, 22.5301328], [114.0230844, 22.5301307], [114.023566, 22.5301411], [114.0235954, 22.5293767], [114.0235995, 22.529269], [114.0236819, 22.5292377], [114.0239615, 22.5291317], [114.0240445, 22.5291002], [114.0243662, 22.5289782], [114.0247288, 22.5288407], [114.0248057, 22.5290137], [114.0246443, 22.5290749], [114.0246769, 22.5291484], [114.0246802, 22.5291686], [114.0246752, 22.5291885], [114.0246626, 22.5292053], [114.0246441, 22.5292165], [114.0243671, 22.529316], [114.0242836, 22.5297934], [114.0243268, 22.5301903], [114.0243223, 22.5302096], [114.0243109, 22.5302263], [114.0242939, 22.5302384], [114.0242735, 22.5302443], [114.0242522, 22.5302434], [114.0239855, 22.5302272], [114.0239286, 22.5302369], [114.0238287, 22.5302932], [114.0238208, 22.5303451], [114.0238101, 22.5304167], [114.023808, 22.5304385], [114.0238155, 22.5304593], [114.0238313, 22.5304757], [114.0238527, 22.530485], [114.0238765, 22.5304857], [114.0241544, 22.530489], [114.0241747, 22.530493], [114.0241927, 22.5305025], [114.0242067, 22.5305168], [114.0242152, 22.5305343], [114.0242174, 22.5305534], [114.0241825, 22.5308148], [114.0241767, 22.5308372], [114.0241649, 22.5308575], [114.024148, 22.5308744], [114.024127, 22.5308869], [114.0241033, 22.5308941], [114.0240784, 22.5308956], [114.0238005, 22.5308924], [114.0235129, 22.5308889], [114.0234944, 22.5310279], [114.0234885, 22.5310502], [114.0234767, 22.5310706], [114.0234598, 22.5310875], [114.0234389, 22.5311], [114.0234152, 22.5311072], [114.0233903, 22.5311087], [114.0231124, 22.5311055], [114.023092, 22.5311015], [114.023074, 22.5310919], [114.0230601, 22.5310777], [114.0230516, 22.5310601], [114.0230493, 22.531041], [114.0230842, 22.5307797], [114.0230901, 22.5307573], [114.0231018, 22.530737], [114.0231187, 22.53072], [114.0231397, 22.5307075], [114.0231634, 22.5307003], [114.0231883, 22.5306988], [114.0234135, 22.5307014], [114.0234286, 22.530699], [114.0234412, 22.530691], [114.0234484, 22.5306805], [114.0234509, 22.5306683], [114.0234716, 22.5305077], [114.0234716, 22.5304956], [114.0234674, 22.5304841], [114.0234623, 22.5304781], [114.0234593, 22.5304746], [114.0234483, 22.530468], [114.0234356, 22.5304651], [114.0230509, 22.5304568], [114.0230362, 22.5304517], [114.0230242, 22.5304422], [114.0230165, 22.5304295], [114.0230141, 22.5304152]]]]}}, {"type": "Feature", "id": "way/1429425709", "properties": {"tags": {"addr:housename": "万科金域蓝湾", "addr:housename:zh": "万科金域蓝湾", "building": "apartments", "building:levels": "34", "name": "6栋", "name:zh": "6栋"}, "heightStatus": "levels_only_unverified", "source": "OpenStreetMap", "license": "ODbL-1.0"}, "geometry": {"type": "MultiPolygon", "coordinates": [[[[114.0186323, 22.527533], [114.0186712, 22.5274969], [114.0187032, 22.5275263], [114.0187188, 22.5275119], [114.0187362, 22.5275279], [114.0187746, 22.5274922], [114.0188104, 22.5274923], [114.018847, 22.527413], [114.0189543, 22.5274554], [114.0188742, 22.5276287], [114.0189609, 22.5277969], [114.0188555, 22.5278433], [114.0188047, 22.5277447], [114.0187741, 22.5277446], [114.0187367, 22.5277104], [114.0187194, 22.5277264], [114.0187038, 22.5277121], [114.0186719, 22.5277417], [114.0186329, 22.5277058], [114.0186716, 22.5276698], [114.0186588, 22.5276458], [114.0186544, 22.5276193], [114.0186587, 22.5275929], [114.0186713, 22.5275688], [114.0186323, 22.527533]]]]}}, {"type": "Feature", "id": "way/1429425711", "properties": {"tags": {"addr:housename": "万科金域蓝湾", "addr:housename:zh": "万科金域蓝湾", "building": "apartments", "building:levels": "34", "name": "7栋", "name:zh": "7栋"}, "heightStatus": "levels_only_unverified", "source": "OpenStreetMap", "license": "ODbL-1.0"}, "geometry": {"type": "MultiPolygon", "coordinates": [[[[114.0187712, 22.5272056], [114.0188257, 22.5271993], [114.0188317, 22.5271732], [114.0188458, 22.5271498], [114.0188653, 22.52713], [114.0188902, 22.5271164], [114.0188793, 22.5270667], [114.0189333, 22.5270565], [114.0189423, 22.5270975], [114.0189639, 22.5270934], [114.0189688, 22.5271156], [114.0190222, 22.5271056], [114.0190492, 22.5271223], [114.0191163, 22.527067], [114.0191939, 22.5271475], [114.0190369, 22.5272767], [114.0189543, 22.5274554], [114.018847, 22.527413], [114.0188823, 22.5273366], [114.0188566, 22.5273183], [114.0188499, 22.5272684], [114.0188256, 22.5272712], [114.0188228, 22.527251], [114.018778, 22.5272561], [114.0187712, 22.5272056]]]]}}, {"type": "Feature", "id": "way/1429425835", "properties": {"tags": {"addr:housename": "碧海红树园", "addr:housename:en": "Bihai Mangrove Park", "addr:housename:zh": "碧海红树园", "building": "apartments", "building:levels": "33", "name": "2栋", "name:zh": "2栋"}, "heightStatus": "levels_only_unverified", "source": "OpenStreetMap", "license": "ODbL-1.0"}, "geometry": {"type": "MultiPolygon", "coordinates": [[[[114.0173803, 22.5291982], [114.0174339, 22.5291761], [114.0173892, 22.5290832], [114.0174763, 22.5290474], [114.0175032, 22.5291031], [114.0175851, 22.5290828], [114.0175896, 22.5290356], [114.017692, 22.5290438], [114.0176875, 22.5290911], [114.0177453, 22.5290957], [114.0177312, 22.5292443], [114.0176434, 22.5292372], [114.0176414, 22.5292482], [114.0176374, 22.5292587], [114.0176316, 22.5292685], [114.0176242, 22.5292773], [114.0176153, 22.5292849], [114.0176052, 22.5292909], [114.0175941, 22.5292954], [114.0175824, 22.5292982], [114.0175704, 22.5292991], [114.0175584, 22.5292982], [114.0175466, 22.5292955], [114.0175356, 22.529291], [114.0175254, 22.5292849], [114.0175165, 22.5292774], [114.0175091, 22.5292687], [114.0175033, 22.5292589], [114.0174251, 22.529291], [114.0173803, 22.5291982]]]]}}, {"type": "Feature", "id": "way/1431632124", "properties": {"tags": {"addr:housename": "海松大厦", "addr:housename:en": "Haisong Building", "addr:housename:zh": "海松大厦", "building": "commercial", "building:levels": "25", "layer": "1", "name": "A座", "name:en": "Block A", "name:zh": "A座"}, "heightStatus": "levels_only_unverified", "source": "OpenStreetMap", "license": "ODbL-1.0"}, "geometry": {"type": "MultiPolygon", "coordinates": [[[[114.0182414, 22.5340105], [114.0183086, 22.5336709], [114.0183935, 22.5336852], [114.0184037, 22.5336336], [114.0187483, 22.5336917], [114.0186807, 22.5340331], [114.0185951, 22.5340186], [114.0185852, 22.5340685], [114.0182414, 22.5340105]]]]}}, {"type": "Feature", "id": "way/1431632125", "properties": {"tags": {"addr:housename": "海松大厦", "addr:housename:en": "Haisong Building", "addr:housename:zh": "海松大厦", "building": "commercial", "building:levels": "25", "layer": "1", "name": "B座", "name:en": "Block B", "name:zh": "B座"}, "heightStatus": "levels_only_unverified", "source": "OpenStreetMap", "license": "ODbL-1.0"}, "geometry": {"type": "MultiPolygon", "coordinates": [[[[114.0190787, 22.5335426], [114.0191458, 22.5332032], [114.0192314, 22.5332176], [114.0192416, 22.5331662], [114.0195851, 22.5332242], [114.019518, 22.5335634], [114.0194322, 22.5335489], [114.019422, 22.5336005], [114.0190787, 22.5335426]]]]}}, {"type": "Feature", "id": "way/1431632126", "properties": {"tags": {"addr:housename": "天地源盛唐大厦", "addr:housename:en": "TDY Shengtang Building", "addr:housename:zh": "天地源盛唐大厦", "building": "commercial", "building:levels": "30", "name": "西座", "name:en": "West Block", "name:zh": "西座"}, "heightStatus": "levels_only_unverified", "source": "OpenStreetMap", "license": "ODbL-1.0"}, "geometry": {"type": "MultiPolygon", "coordinates": [[[[114.0187671, 22.5328022], [114.0188352, 22.5324725], [114.019118, 22.5325223], [114.0190499, 22.532852], [114.0187671, 22.5328022]]]]}}, {"type": "Feature", "id": "way/1431632127", "properties": {"tags": {"addr:housename": "安华工业区", "addr:housename:en": "Anhua Industrial Area", "addr:housename:zh": "安华工业区", "building": "industrial", "name": "8栋", "name:en": "Block 8", "name:zh": "8栋"}, "heightStatus": "unknown", "source": "OpenStreetMap", "license": "ODbL-1.0"}, "geometry": {"type": "MultiPolygon", "coordinates": [[[[114.0218408, 22.5340839], [114.0218581, 22.5339955], [114.0221938, 22.5340515], [114.0221765, 22.5341399], [114.0218408, 22.5340839]]]]}}, {"type": "Feature", "id": "way/1431632128", "properties": {"tags": {"addr:housename": "安华工业区", "addr:housename:en": "Anhua Industrial Area", "addr:housename:zh": "安华工业区", "building": "industrial", "name": "9栋", "name:en": "Block 9", "name:zh": "9栋"}, "heightStatus": "unknown", "source": "OpenStreetMap", "license": "ODbL-1.0"}, "geometry": {"type": "MultiPolygon", "coordinates": [[[[114.0219061, 22.5337499], [114.0219332, 22.5336112], [114.0225333, 22.5337113], [114.0224409, 22.534184], [114.0221765, 22.5341399], [114.0221938, 22.5340515], [114.0222418, 22.5338059], [114.0219061, 22.5337499]]]]}}, {"type": "Feature", "id": "way/1431632129", "properties": {"tags": {"addr:housename": "安华工业区", "addr:housename:en": "Anhua Industrial Area", "addr:housename:zh": "安华工业区", "building": "industrial", "name": "7栋", "name:en": "Block 7", "name:zh": "7栋"}, "heightStatus": "unknown", "source": "OpenStreetMap", "license": "ODbL-1.0"}, "geometry": {"type": "MultiPolygon", "coordinates": [[[[114.0217341, 22.5346299], [114.0217513, 22.5345415], [114.0221749, 22.5346121], [114.0222237, 22.5343629], [114.0218001, 22.5342922], [114.0218173, 22.5342038], [114.0224174, 22.5343039], [114.0223341, 22.53473], [114.0217341, 22.5346299]]]]}}, {"type": "Feature", "id": "way/1528324703", "properties": {"tags": {"building": "yes"}, "heightStatus": "unknown", "source": "OpenStreetMap", "license": "ODbL-1.0"}, "geometry": {"type": "MultiPolygon", "coordinates": [[[[114.0231109, 22.5297901], [114.0231384, 22.5296972], [114.0231678, 22.5296291], [114.023206, 22.5295592], [114.0232441, 22.5295061], [114.0232878, 22.5294569], [114.0233325, 22.5294728], [114.0233287, 22.5297923], [114.0231109, 22.5297901]]]]}}, {"type": "Feature", "id": "way/1528324705", "properties": {"tags": {"building": "kindergarten"}, "heightStatus": "unknown", "source": "OpenStreetMap", "license": "ODbL-1.0"}, "geometry": {"type": "MultiPolygon", "coordinates": [[[[114.0237022, 22.5287056], [114.0245566, 22.52836], [114.0246362, 22.5285279], [114.0237817, 22.5288733], [114.0237022, 22.5287056]]]]}}]}