{"type": "FeatureCollection", "features": [{"type": "Feature", "id": "way/246141483", "properties": {"tags": {"area": "yes", "barrier": "toll_booth", "building": "yes", "layer": "1", "name": "福田收费站", "name:en": "Futian Toll Gate", "name:zh": "福田收费站"}, "heightStatus": "unknown", "source": "OpenStreetMap", "license": "ODbL-1.0"}, "geometry": {"type": "MultiPolygon", "coordinates": [[[[114.0101539, 22.5396628], [114.0102823, 22.5395349], [114.0105335, 22.5397499], [114.0104051, 22.5398778], [114.0101539, 22.5396628]]]]}}, {"type": "Feature", "id": "way/246141488", "properties": {"tags": {"area": "yes", "barrier": "toll_booth", "building": "yes", "layer": "1", "name": "福田收费站", "name:en": "Futian Toll Gate", "name:zh": "福田收费站"}, "heightStatus": "unknown", "source": "OpenStreetMap", "license": "ODbL-1.0"}, "geometry": {"type": "MultiPolygon", "coordinates": [[[[114.0093384, 22.5392662], [114.0094524, 22.5391435], [114.009797, 22.5394164], [114.0096831, 22.5395391], [114.0093384, 22.5392662]]]]}}, {"type": "Feature", "id": "way/412692841", "properties": {"tags": {"building": "yes", "source": "Bing"}, "heightStatus": "unknown", "source": "OpenStreetMap", "license": "ODbL-1.0"}, "geometry": {"type": "MultiPolygon", "coordinates": [[[[114.0095144, 22.5366055], [114.0095226, 22.536564], [114.0095278, 22.5365379], [114.0096957, 22.5365663], [114.0096823, 22.5366338], [114.0095144, 22.5366055]]]]}}, {"type": "Feature", "id": "way/412692843", "properties": {"tags": {"brand": "Oriental Ginza", "building": "yes", "building:levels": "25", "int_name": "Grand Mercure Shenzhen Oriental Ginza", "name": "深圳东方银座美爵酒店", "name:en": "Grand Mercure Shenzhen Oriental Ginza", "name:zh": "深圳东方银座美爵酒店", "source": "Bing;photo", "tourism": "hotel"}, "heightStatus": "levels_only_unverified", "source": "OpenStreetMap", "license": "ODbL-1.0"}, "geometry": {"type": "MultiPolygon", "coordinates": [[[[114.0073005, 22.5378657], [114.0074113, 22.5378664], [114.0075221, 22.5378819], [114.0075014, 22.5377328], [114.0076373, 22.5377397], [114.007793, 22.5377589], [114.0079348, 22.5377916], [114.008043, 22.5378317], [114.0079806, 22.5380116], [114.0077659, 22.537972], [114.0076893, 22.5381406], [114.0073051, 22.5380767], [114.0073005, 22.5378657]]]]}}, {"type": "Feature", "id": "way/412692844", "properties": {"tags": {"building": "yes", "source": "Bing"}, "heightStatus": "unknown", "source": "OpenStreetMap", "license": "ODbL-1.0"}, "geometry": {"type": "MultiPolygon", "coordinates": [[[[114.0081523, 22.5374863], [114.0081689, 22.5374004], [114.0083797, 22.5374352], [114.0083715, 22.5374777], [114.0083631, 22.5375211], [114.0081523, 22.5374863]]]]}}, {"type": "Feature", "id": "way/412692845", "properties": {"tags": {"building": "yes", "source": "Bing"}, "heightStatus": "unknown", "source": "OpenStreetMap", "license": "ODbL-1.0"}, "geometry": {"type": "MultiPolygon", "coordinates": [[[[114.0082727, 22.5364795], [114.0082819, 22.5364327], [114.0082893, 22.5363955], [114.0084758, 22.536427], [114.0084684, 22.5364641], [114.0084591, 22.5365111], [114.0082727, 22.5364795]]]]}}, {"type": "Feature", "id": "way/493389663", "properties": {"tags": {"building": "commercial", "name": "求是大厦"}, "heightStatus": "unknown", "source": "OpenStreetMap", "license": "ODbL-1.0"}, "geometry": {"type": "MultiPolygon", "coordinates": [[[[114.0053712, 22.5376172], [114.0054222, 22.537347], [114.0060409, 22.5374465], [114.0059654, 22.5378468], [114.0056982, 22.5378039], [114.0057228, 22.5376737], [114.0053712, 22.5376172]]]]}}, {"type": "Feature", "id": "way/493389664", "properties": {"tags": {"building": "yes", "name": "福田区国家税务局", "office": "government"}, "heightStatus": "unknown", "source": "OpenStreetMap", "license": "ODbL-1.0"}, "geometry": {"type": "MultiPolygon", "coordinates": [[[[114.0062511, 22.5378255], [114.0063083, 22.5375406], [114.0066298, 22.5375957], [114.0065726, 22.5378806], [114.0062511, 22.5378255]]]]}}, {"type": "Feature", "id": "way/493389665", "properties": {"tags": {"building": "commercial", "name": "联众大厦"}, "heightStatus": "unknown", "source": "OpenStreetMap", "license": "ODbL-1.0"}, "geometry": {"type": "MultiPolygon", "coordinates": [[[[114.006692, 22.5378809], [114.0067483, 22.5375964], [114.0071693, 22.5376675], [114.007113, 22.537952], [114.006692, 22.5378809]]]]}}, {"type": "Feature", "id": "way/545225939", "properties": {"tags": {"addr:city": "深圳市", "addr:district": "福田区", "addr:housenumber": "7888", "addr:postcode": "518040", "addr:province": "广东省", "addr:street": "深南大道", "building": "apartments", "building:levels": "82", "building:material": "mirror", "height": "308.62", "layer": "1", "name": "东海国际公寓A座", "name:en": "Donghai International Apartment Block A", "name:zh": "东海国际公寓A座"}, "heightStatus": "height_tag_unverified", "source": "OpenStreetMap", "license": "ODbL-1.0"}, "geometry": {"type": "MultiPolygon", "coordinates": [[[[114.0139183, 22.5388494], [114.014106, 22.5387269], [114.0142061, 22.538817], [114.0142987, 22.5389141], [114.0144113, 22.5390528], [114.0144788, 22.5391707], [114.0143012, 22.5392793], [114.0142236, 22.5392216], [114.014136, 22.5391407], [114.0140459, 22.5390436], [114.0139708, 22.5389419], [114.0139183, 22.5388494]]]]}}, {"type": "Feature", "id": "way/545225940", "properties": {"tags": {"addr:city": "深圳市", "addr:district": "福田区", "addr:housenumber": "7888", "addr:postcode": "518040", "addr:province": "广东省", "addr:street": "深南大道", "building": "apartments", "building:levels": "75", "building:material": "mirror", "height": "283.61", "layer": "1", "name": "东海国际公寓B座", "name:en": "Donghai International Apartment Block B", "name:zh": "东海国际公寓B座"}, "heightStatus": "height_tag_unverified", "source": "OpenStreetMap", "license": "ODbL-1.0"}, "geometry": {"type": "MultiPolygon", "coordinates": [[[[114.0144989, 22.5393949], [114.0145865, 22.5392424], [114.0147141, 22.5392447], [114.0148642, 22.5392562], [114.0150069, 22.5392886], [114.0151295, 22.5393302], [114.0151045, 22.5395775], [114.0149118, 22.539559], [114.0147992, 22.5395428], [114.014669, 22.5395105], [114.0145739, 22.539455], [114.0144989, 22.5393949]]]]}}, {"type": "Feature", "id": "way/545225941", "properties": {"tags": {"building": "yes", "building:levels": "49", "building:material": "mirror", "building:min_level": "44", "height": "180", "layer": "1", "min_height": "160"}, "heightStatus": "height_tag_unverified", "source": "OpenStreetMap", "license": "ODbL-1.0"}, "geometry": {"type": "MultiPolygon", "coordinates": [[[[114.0143012, 22.5392793], [114.0144788, 22.5391707], [114.0145089, 22.5392077], [114.0145364, 22.5392262], [114.0145865, 22.5392424], [114.0144989, 22.5393949], [114.0144738, 22.539351], [114.0144263, 22.5393094], [114.0143587, 22.5392863], [114.0143012, 22.5392793]]]]}}, {"type": "Feature", "id": "way/545225964", "properties": {"tags": {"addr:city": "深圳市", "addr:district": "福田区", "addr:housenumber": "6035", "addr:postcode": "518042", "addr:province": "广东省", "addr:street": "深南大道", "building": "commercial", "building:levels": "28", "name": "深航大厦"}, "heightStatus": "levels_only_unverified", "source": "OpenStreetMap", "license": "ODbL-1.0"}, "geometry": {"type": "MultiPolygon", "coordinates": [[[[114.0140279, 22.53705], [114.0140741, 22.5368365], [114.0141788, 22.5368308], [114.0142959, 22.5368365], [114.0144099, 22.5368678], [114.0145085, 22.5369105], [114.0144654, 22.537141], [114.0143421, 22.5371467], [114.0142204, 22.5371353], [114.0141296, 22.5371069], [114.0140279, 22.53705]]]]}}, {"type": "Feature", "id": "way/545225966", "properties": {"tags": {"building": "commercial"}, "heightStatus": "unknown", "source": "OpenStreetMap", "license": "ODbL-1.0"}, "geometry": {"type": "MultiPolygon", "coordinates": [[[[114.0140741, 22.5368365], [114.0140957, 22.5367198], [114.0145301, 22.536791], [114.0145085, 22.5369105], [114.0144099, 22.5368678], [114.0142959, 22.5368365], [114.0141788, 22.5368308], [114.0140741, 22.5368365]]]]}}, {"type": "Feature", "id": "way/545225984", "properties": {"tags": {"addr:city": "深圳市", "addr:district": "福田区", "addr:housenumber": "6033", "addr:postcode": "518042", "addr:province": "广东省", "addr:street": "深南大道", "building": "commercial", "building:levels": "26", "name": "金运世纪大厦"}, "heightStatus": "levels_only_unverified", "source": "OpenStreetMap", "license": "ODbL-1.0"}, "geometry": {"type": "MultiPolygon", "coordinates": [[[[114.0146136, 22.5371713], [114.0146548, 22.5369645], [114.014708, 22.5369735], [114.0147363, 22.5368315], [114.0152778, 22.5369236], [114.0152307, 22.5371602], [114.0151594, 22.5371481], [114.015137, 22.5372603], [114.0146136, 22.5371713]]]]}}, {"type": "Feature", "id": "way/593221997", "properties": {"tags": {"building": "yes", "name": "金民大厦"}, "heightStatus": "unknown", "source": "OpenStreetMap", "license": "ODbL-1.0"}, "geometry": {"type": "MultiPolygon", "coordinates": [[[[114.0068651, 22.5386211], [114.0069297, 22.5383101], [114.007133, 22.5383461], [114.0070684, 22.5386572], [114.0068651, 22.5386211]]]]}}, {"type": "Feature", "id": "way/593221998", "properties": {"tags": {"building": "yes"}, "heightStatus": "unknown", "source": "OpenStreetMap", "license": "ODbL-1.0"}, "geometry": {"type": "MultiPolygon", "coordinates": [[[[114.0072453, 22.5384746], [114.0072698, 22.5383402], [114.0075631, 22.5383859], [114.0075386, 22.5385203], [114.0072453, 22.5384746]]]]}}, {"type": "Feature", "id": "way/865658015", "properties": {"tags": {"building": "train_station", "building:levels": "0", "building:levels:underground": "2", "layer": "-1", "location": "underground", "name": "农林站"}, "heightStatus": "levels_only_unverified", "source": "OpenStreetMap", "license": "ODbL-1.0"}, "geometry": {"type": "MultiPolygon", "coordinates": [[[[114.0117939, 22.543386], [114.0119202, 22.5430297], [114.01241, 22.5431779], [114.0126408, 22.5425266], [114.0127109, 22.5425478], [114.012568, 22.5429508], [114.0127115, 22.5429942], [114.0127013, 22.5430229], [114.0136411, 22.5433071], [114.0136877, 22.5431756], [114.0140853, 22.5432959], [114.0140668, 22.5433482], [114.0138967, 22.5432967], [114.0138663, 22.5433824], [114.0141985, 22.5434828], [114.0142359, 22.5433775], [114.0142028, 22.5433675], [114.0142168, 22.5433282], [114.0144924, 22.5434116], [114.0143716, 22.5437521], [114.014224, 22.5437075], [114.0142325, 22.5436834], [114.0136609, 22.5435105], [114.0136327, 22.5435898], [114.0139262, 22.5436786], [114.0139052, 22.5437376], [114.0135495, 22.54363], [114.0135825, 22.5435368], [114.0135434, 22.5435249], [114.0135622, 22.5434721], [114.0127126, 22.5432152], [114.0126535, 22.5433819], [114.0123626, 22.5435242], [114.0122815, 22.543753], [114.0122081, 22.5437308], [114.0123829, 22.5432378], [114.0119559, 22.5431087], [114.0118514, 22.5434034], [114.0117939, 22.543386]]]]}}, {"type": "Feature", "id": "way/1120219676", "properties": {"tags": {"amenity": "fuel", "building": "roof", "layer": "1"}, "heightStatus": "unknown", "source": "OpenStreetMap", "license": "ODbL-1.0"}, "geometry": {"type": "MultiPolygon", "coordinates": [[[[114.0129085, 22.5388233], [114.0129241, 22.5387159], [114.0130715, 22.5387342], [114.0130559, 22.5388416], [114.0129085, 22.5388233]]]]}}, {"type": "Feature", "id": "way/1197472719", "properties": {"tags": {"building": "train_station", "building:levels": "0", "building:levels:underground": "2", "layer": "-1", "location": "underground", "name": "竹子林站", "name:en": "Zhuzilin Station", "name:zh": "竹子林站", "wikidata": "Q6125807", "wikipedia": "zh:竹子林站"}, "heightStatus": "levels_only_unverified", "source": "OpenStreetMap", "license": "ODbL-1.0"}, "geometry": {"type": "MultiPolygon", "coordinates": [[[[114.0080068, 22.5362412], [114.0080582, 22.5359809], [114.0083728, 22.536034], [114.0083869, 22.5359631], [114.0095417, 22.5361579], [114.0095277, 22.5362287], [114.0100206, 22.5363115], [114.0099677, 22.5365718], [114.00945, 22.5364845], [114.0094423, 22.5365235], [114.0095278, 22.5365379], [114.0096957, 22.5365663], [114.0096823, 22.5366338], [114.0095144, 22.5366055], [114.0093668, 22.5365805], [114.0093879, 22.5364741], [114.0087291, 22.536363], [114.008692, 22.5365505], [114.0084591, 22.5365111], [114.0082727, 22.5364795], [114.0082819, 22.5364327], [114.0082893, 22.5363955], [114.0084758, 22.536427], [114.0085634, 22.5364417], [114.0085838, 22.5363385], [114.0080068, 22.5362412]]]]}}, {"type": "Feature", "id": "way/1238126834", "properties": {"tags": {"addr:housename": "香珠花园", "addr:housename:en": "Xiangzhu Garden", "addr:housename:zh": "香珠花园", "building": "commercial", "building:levels": "10", "name": "A栋", "name:en": "Block C", "name:zh": "A栋"}, "heightStatus": "levels_only_unverified", "source": "OpenStreetMap", "license": "ODbL-1.0"}, "geometry": {"type": "MultiPolygon", "coordinates": [[[[114.0147001, 22.5401374], [114.0147183, 22.5400393], [114.0147375, 22.5400424], [114.0147357, 22.540052], [114.0147741, 22.5400581], [114.0147788, 22.5400328], [114.0147404, 22.5400267], [114.0147599, 22.5399218], [114.0149171, 22.5399467], [114.0148976, 22.5400516], [114.0148593, 22.5400456], [114.0148546, 22.5400708], [114.0148929, 22.5400769], [114.0148947, 22.5400673], [114.014933, 22.5400733], [114.0149313, 22.540083], [114.0149696, 22.5400891], [114.0149743, 22.5400638], [114.0149359, 22.5400577], [114.0149554, 22.5399528], [114.0151126, 22.5399777], [114.0150931, 22.5400826], [114.0150548, 22.5400765], [114.0150501, 22.5401018], [114.0150884, 22.5401079], [114.0150902, 22.5400983], [114.0151094, 22.5401013], [114.0150912, 22.5401994], [114.0147001, 22.5401374]]]]}}, {"type": "Feature", "id": "way/1238126835", "properties": {"tags": {"addr:housename": "香珠花园", "addr:housename:en": "Xiangzhu Garden", "addr:housename:zh": "香珠花园", "building": "commercial", "building:levels": "10", "name": "A栋", "name:en": "Block D", "name:zh": "A栋"}, "heightStatus": "levels_only_unverified", "source": "OpenStreetMap", "license": "ODbL-1.0"}, "geometry": {"type": "MultiPolygon", "coordinates": [[[[114.0145759, 22.5405291], [114.0145942, 22.5404309], [114.0146133, 22.540434], [114.0146115, 22.5404436], [114.0146499, 22.5404497], [114.0146546, 22.5404244], [114.0146162, 22.5404183], [114.0146357, 22.5403134], [114.0148179, 22.5403423], [114.0147984, 22.5404472], [114.01476, 22.5404411], [114.0147553, 22.5404664], [114.0147937, 22.5404725], [114.0147955, 22.5404628], [114.0148338, 22.5404689], [114.014832, 22.5404786], [114.0148704, 22.5404846], [114.0148751, 22.5404594], [114.0148367, 22.5404533], [114.0148562, 22.5403484], [114.0150384, 22.5403772], [114.0150189, 22.5404822], [114.0149805, 22.5404761], [114.0149758, 22.5405013], [114.0150142, 22.5405074], [114.015016, 22.5404978], [114.0150351, 22.5405008], [114.0150169, 22.5405989], [114.0145759, 22.5405291]]]]}}, {"type": "Feature", "id": "way/1238128391", "properties": {"tags": {"addr:housename": "建业小区", "addr:housename:en": "Jianye Residential Estate", "addr:housename:zh": "建业小区", "building": "apartments", "building:levels": "8", "name": "19栋", "name:en": "Block 19", "name:zh": "19栋"}, "heightStatus": "levels_only_unverified", "source": "OpenStreetMap", "license": "ODbL-1.0"}, "geometry": {"type": "MultiPolygon", "coordinates": [[[[114.0101026, 22.5420849], [114.0101364, 22.5419807], [114.0106159, 22.5421133], [114.010587, 22.5422024], [114.0103989, 22.5421504], [114.0103888, 22.5421813], [114.0102558, 22.5421446], [114.010261, 22.5421287], [114.0101026, 22.5420849]]]]}}, {"type": "Feature", "id": "way/1238128392", "properties": {"tags": {"addr:housename": "建业小区", "addr:housename:en": "Jianye Residential Estate", "addr:housename:zh": "建业小区", "building": "apartments", "building:levels": "8", "name": "13栋", "name:en": "Block 13", "name:zh": "13栋"}, "heightStatus": "levels_only_unverified", "source": "OpenStreetMap", "license": "ODbL-1.0"}, "geometry": {"type": "MultiPolygon", "coordinates": [[[[114.0102923, 22.5415563], [114.010334, 22.5414276], [114.0104908, 22.5414737], [114.0105033, 22.5414374], [114.0106601, 22.5414835], [114.0106476, 22.5415198], [114.0108043, 22.541566], [114.0107626, 22.5416947], [114.0106058, 22.5416486], [114.0106183, 22.5416123], [114.0104616, 22.5415662], [114.010449, 22.5416025], [114.0102923, 22.5415563]]]]}}, {"type": "Feature", "id": "way/1238128393", "properties": {"tags": {"addr:housename": "建业小区", "addr:housename:en": "Jianye Residential Estate", "addr:housename:zh": "建业小区", "building": "apartments", "building:levels": "8", "name": "16栋", "name:en": "Block 16", "name:zh": "16栋"}, "heightStatus": "levels_only_unverified", "source": "OpenStreetMap", "license": "ODbL-1.0"}, "geometry": {"type": "MultiPolygon", "coordinates": [[[[114.0102145, 22.5418064], [114.0102562, 22.5416776], [114.010413, 22.5417238], [114.0104255, 22.5416875], [114.0105823, 22.5417336], [114.0105698, 22.5417699], [114.0107266, 22.541816], [114.0106849, 22.5419448], [114.0105281, 22.5418986], [114.0105406, 22.5418623], [114.0103838, 22.5418162], [114.0103713, 22.5418525], [114.0102145, 22.5418064]]]]}}, {"type": "Feature", "id": "way/1238128395", "properties": {"tags": {"addr:housename": "建业小区", "addr:housename:en": "Jianye Residential Estate", "addr:housename:zh": "建业小区", "building": "apartments", "building:levels": "8", "name": "11栋", "name:en": "Block 11", "name:zh": "11栋"}, "heightStatus": "levels_only_unverified", "source": "OpenStreetMap", "license": "ODbL-1.0"}, "geometry": {"type": "MultiPolygon", "coordinates": [[[[114.0103463, 22.5412797], [114.0103753, 22.5411961], [114.0103939, 22.5412016], [114.0104062, 22.541166], [114.0104993, 22.5411936], [114.0104869, 22.5412292], [114.010524, 22.5412402], [114.0105363, 22.5412046], [114.0106294, 22.5412322], [114.010617, 22.5412678], [114.0106541, 22.5412787], [114.0106664, 22.5412431], [114.0107595, 22.5412707], [114.0107471, 22.5413063], [114.0107842, 22.5413173], [114.0107966, 22.5412817], [114.0108896, 22.5413093], [114.0108772, 22.5413449], [114.0108958, 22.5413504], [114.0108667, 22.5414341], [114.0103463, 22.5412797]]]]}}, {"type": "Feature", "id": "way/1238128396", "properties": {"tags": {"building": "yes"}, "heightStatus": "unknown", "source": "OpenStreetMap", "license": "ODbL-1.0"}, "geometry": {"type": "MultiPolygon", "coordinates": [[[[114.0092112, 22.540984], [114.0095686, 22.5407121], [114.0096143, 22.5407634], [114.0092569, 22.5410352], [114.0092112, 22.540984]]]]}}, {"type": "Feature", "id": "way/1238128397", "properties": {"tags": {"addr:housename": "建业小区", "addr:housename:en": "Jianye Residential Estate", "addr:housename:zh": "建业小区", "building": "apartments", "building:levels": "8", "name": "10栋", "name:en": "Block 10", "name:zh": "10栋"}, "heightStatus": "levels_only_unverified", "source": "OpenStreetMap", "license": "ODbL-1.0"}, "geometry": {"type": "MultiPolygon", "coordinates": [[[[114.0096382, 22.5408214], [114.0096672, 22.5407378], [114.0096858, 22.5407433], [114.0096981, 22.5407077], [114.0097912, 22.5407353], [114.0097788, 22.5407709], [114.0098159, 22.5407819], [114.0098282, 22.5407463], [114.0099213, 22.5407739], [114.0099089, 22.5408095], [114.009946, 22.5408204], [114.0099583, 22.5407848], [114.0100514, 22.5408124], [114.010039, 22.540848], [114.0100761, 22.540859], [114.0100884, 22.5408234], [114.0101815, 22.540851], [114.0101691, 22.5408866], [114.0102062, 22.5408976], [114.0102186, 22.540862], [114.0103116, 22.5408896], [114.0102992, 22.5409252], [114.0103178, 22.5409307], [114.0102887, 22.5410144], [114.0096382, 22.5408214]]]]}}, {"type": "Feature", "id": "way/1238128398", "properties": {"tags": {"addr:housename": "建业小区", "addr:housename:en": "Jianye Residential Estate", "addr:housename:zh": "建业小区", "building": "apartments", "building:levels": "8", "name": "12栋", "name:en": "Block 12", "name:zh": "12栋"}, "heightStatus": "levels_only_unverified", "source": "OpenStreetMap", "license": "ODbL-1.0"}, "geometry": {"type": "MultiPolygon", "coordinates": [[[[114.0094251, 22.5410113], [114.0094542, 22.5409276], [114.0094727, 22.5409331], [114.0094851, 22.5408975], [114.0095782, 22.5409251], [114.0095658, 22.5409607], [114.0096028, 22.5409717], [114.0096152, 22.5409361], [114.0097083, 22.5409637], [114.0096959, 22.5409993], [114.0097329, 22.5410103], [114.0097453, 22.5409747], [114.0098384, 22.5410023], [114.009826, 22.5410379], [114.009863, 22.5410489], [114.0098754, 22.5410133], [114.0099685, 22.5410409], [114.0099561, 22.5410765], [114.0099931, 22.5410875], [114.0100055, 22.5410519], [114.0100986, 22.5410795], [114.0100862, 22.5411151], [114.0101232, 22.5411261], [114.0101356, 22.5410905], [114.0102287, 22.5411181], [114.0102163, 22.5411537], [114.0102348, 22.5411592], [114.0102057, 22.5412428], [114.0094251, 22.5410113]]]]}}, {"type": "Feature", "id": "way/1238128400", "properties": {"tags": {"addr:housename": "建业小区", "addr:housename:en": "Jianye Residential Estate", "addr:housename:zh": "建业小区", "building": "apartments", "building:levels": "8", "name": "15栋", "name:en": "Block 15", "name:zh": "15栋"}, "heightStatus": "levels_only_unverified", "source": "OpenStreetMap", "license": "ODbL-1.0"}, "geometry": {"type": "MultiPolygon", "coordinates": [[[[114.0090073, 22.5412089], [114.0090313, 22.541135], [114.0090499, 22.5411401], [114.0090602, 22.5411084], [114.0091884, 22.541144], [114.0091782, 22.5411756], [114.0092154, 22.5411859], [114.0092257, 22.5411543], [114.009336, 22.5411849], [114.0093258, 22.5412164], [114.0093499, 22.5412231], [114.009371, 22.5411581], [114.0094813, 22.5411887], [114.0094713, 22.5412196], [114.00949, 22.5412247], [114.0094659, 22.5412988], [114.0094473, 22.5412936], [114.0094424, 22.5413089], [114.0093265, 22.5412767], [114.0093204, 22.5412956], [114.0093018, 22.5412905], [114.0092968, 22.5413057], [114.0091865, 22.5412751], [114.0091914, 22.54126], [114.0090073, 22.5412089]]]]}}, {"type": "Feature", "id": "way/1238128401", "properties": {"tags": {"addr:housename": "建业小区", "addr:housename:en": "Jianye Residential Estate", "addr:housename:zh": "建业小区", "building": "apartments", "building:levels": "8", "name": "18栋", "name:en": "Block 18", "name:zh": "18栋"}, "heightStatus": "levels_only_unverified", "source": "OpenStreetMap", "license": "ODbL-1.0"}, "geometry": {"type": "MultiPolygon", "coordinates": [[[[114.0087834, 22.5413834], [114.0088075, 22.5413094], [114.008826, 22.5413146], [114.0088363, 22.5412829], [114.0089646, 22.5413185], [114.0089543, 22.54135], [114.0089916, 22.5413604], [114.0090104, 22.5413027], [114.0091194, 22.5413331], [114.0091007, 22.5413905], [114.0091253, 22.5413973], [114.0091328, 22.5413745], [114.0092431, 22.5414053], [114.0092328, 22.5414366], [114.0092569, 22.5414433], [114.0092785, 22.5413774], [114.0093887, 22.5414081], [114.0093783, 22.5414398], [114.0094096, 22.5414485], [114.0093854, 22.5415225], [114.0093544, 22.5415139], [114.0093494, 22.5415292], [114.0092336, 22.5414969], [114.0092274, 22.5415159], [114.0092089, 22.5415107], [114.0092039, 22.541526], [114.0090936, 22.5414953], [114.0091013, 22.5414716], [114.0087834, 22.5413834]]]]}}, {"type": "Feature", "id": "way/1238128403", "properties": {"tags": {"addr:housename": "建业小区", "addr:housename:en": "Jianye Residential Estate", "addr:housename:zh": "建业小区", "building": "apartments", "building:levels": "8", "name": "20栋", "name:en": "Block 20", "name:zh": "20栋"}, "heightStatus": "levels_only_unverified", "source": "OpenStreetMap", "license": "ODbL-1.0"}, "geometry": {"type": "MultiPolygon", "coordinates": [[[[114.0093098, 22.5417959], [114.0093505, 22.5416702], [114.0100091, 22.5418523], [114.0099684, 22.5419779], [114.0093098, 22.5417959]]]]}}, {"type": "Feature", "id": "way/1238128404", "properties": {"tags": {"addr:housename": "建业小区", "addr:housename:en": "Jianye Residential Estate", "addr:housename:zh": "建业小区", "building": "apartments", "building:levels": "8", "name": "22栋", "name:en": "Block 22", "name:zh": "22栋"}, "heightStatus": "levels_only_unverified", "source": "OpenStreetMap", "license": "ODbL-1.0"}, "geometry": {"type": "MultiPolygon", "coordinates": [[[[114.0087494, 22.5416597], [114.0087738, 22.5415841], [114.0087889, 22.5415376], [114.0089465, 22.5415812], [114.008956, 22.541552], [114.0090889, 22.5415887], [114.0090801, 22.5416157], [114.0092377, 22.5416592], [114.0091982, 22.5417813], [114.0090386, 22.5417372], [114.0090473, 22.5417103], [114.0089184, 22.5416746], [114.0089089, 22.5417038], [114.0087494, 22.5416597]]]]}}, {"type": "Feature", "id": "way/1238128405", "properties": {"tags": {"building": "yes"}, "heightStatus": "unknown", "source": "OpenStreetMap", "license": "ODbL-1.0"}, "geometry": {"type": "MultiPolygon", "coordinates": [[[[114.0130841, 22.542946], [114.0131191, 22.5428454], [114.0135814, 22.5429825], [114.0135465, 22.5430831], [114.0130841, 22.542946]]]]}}, {"type": "Feature", "id": "way/1238128406", "properties": {"tags": {"building": "yes"}, "heightStatus": "unknown", "source": "OpenStreetMap", "license": "ODbL-1.0"}, "geometry": {"type": "MultiPolygon", "coordinates": [[[[114.012726, 22.5428255], [114.0127501, 22.542756], [114.0127858, 22.5427665], [114.0127892, 22.5427567], [114.0128152, 22.5427645], [114.0128194, 22.5427524], [114.0128904, 22.5427735], [114.0128829, 22.5427953], [114.0129351, 22.5428108], [114.0129427, 22.5427889], [114.0130137, 22.54281], [114.0130095, 22.542822], [114.0130355, 22.5428298], [114.0130321, 22.5428396], [114.0130678, 22.5428501], [114.0130437, 22.5429196], [114.012726, 22.5428255]]]]}}, {"type": "Feature", "id": "way/1238128407", "properties": {"tags": {"building": "yes"}, "heightStatus": "unknown", "source": "OpenStreetMap", "license": "ODbL-1.0"}, "geometry": {"type": "MultiPolygon", "coordinates": [[[[114.0128078, 22.5425585], [114.0128341, 22.5424829], [114.0128897, 22.5424993], [114.0129019, 22.5424642], [114.0128834, 22.5424587], [114.0129063, 22.5423928], [114.0130359, 22.5424312], [114.013013, 22.5424972], [114.0129945, 22.5424917], [114.0129823, 22.5425268], [114.0130934, 22.5425597], [114.0131056, 22.5425246], [114.0130871, 22.5425191], [114.01311, 22.5424532], [114.0132397, 22.5424916], [114.0132168, 22.5425575], [114.0131982, 22.5425521], [114.013186, 22.5425872], [114.0132972, 22.5426201], [114.0133094, 22.542585], [114.0132908, 22.5425795], [114.0133138, 22.5425136], [114.0134434, 22.542552], [114.0134205, 22.5426179], [114.013402, 22.5426124], [114.0133898, 22.5426476], [114.0135009, 22.5426805], [114.0135131, 22.5426454], [114.0134946, 22.5426399], [114.0135175, 22.542574], [114.0136472, 22.5426124], [114.0136242, 22.5426783], [114.0136057, 22.5426728], [114.0135935, 22.542708], [114.0136491, 22.5427244], [114.0136228, 22.5428], [114.0128078, 22.5425585]]]]}}, {"type": "Feature", "id": "way/1238128408", "properties": {"tags": {"building": "yes"}, "heightStatus": "unknown", "source": "OpenStreetMap", "license": "ODbL-1.0"}, "geometry": {"type": "MultiPolygon", "coordinates": [[[[114.0137483, 22.543124], [114.0138223, 22.5428978], [114.0138563, 22.5429073], [114.0143709, 22.543051], [114.0144, 22.5429621], [114.0146081, 22.5430202], [114.0145757, 22.5431191], [114.0145401, 22.5432279], [114.0145037, 22.5433391], [114.0143024, 22.5432829], [114.0143299, 22.5431987], [114.0142797, 22.5431847], [114.0142534, 22.543265], [114.0137483, 22.543124]]]]}}, {"type": "Feature", "id": "way/1238128409", "properties": {"tags": {"addr:housename": "天御香山花园", "addr:housename:en": "Tianyu Xiangshan Garden", "addr:housename:zh": "天御香山花园", "building": "apartments", "building:levels": "25", "name": "1栋", "name:en": "Block 1", "name:zh": "1栋"}, "heightStatus": "levels_only_unverified", "source": "OpenStreetMap", "license": "ODbL-1.0"}, "geometry": {"type": "MultiPolygon", "coordinates": [[[[114.014441, 22.5425828], [114.0144801, 22.5424745], [114.0149202, 22.5426101], [114.0148811, 22.5427184], [114.0148072, 22.5426956], [114.014781, 22.5427682], [114.0146939, 22.5427414], [114.0147201, 22.5426688], [114.0145992, 22.5426315], [114.014573, 22.5427041], [114.0144865, 22.5426775], [114.0145127, 22.5426049], [114.014441, 22.5425828]]]]}}, {"type": "Feature", "id": "way/1238128410", "properties": {"tags": {"addr:housename": "天御香山花园", "addr:housename:en": "Tianyu Xiangshan Garden", "addr:housename:zh": "天御香山花园", "building": "apartments", "building:levels": "25", "name": "2栋", "name:en": "Block 2", "name:zh": "2栋"}, "heightStatus": "levels_only_unverified", "source": "OpenStreetMap", "license": "ODbL-1.0"}, "geometry": {"type": "MultiPolygon", "coordinates": [[[[114.0138992, 22.5424127], [114.0139383, 22.5423044], [114.0143784, 22.54244], [114.0143393, 22.5425483], [114.0142655, 22.5425255], [114.0142393, 22.5425981], [114.0141522, 22.5425713], [114.0141784, 22.5424987], [114.0140574, 22.5424614], [114.0140312, 22.542534], [114.0139447, 22.5425074], [114.0139709, 22.5424348], [114.0138992, 22.5424127]]]]}}, {"type": "Feature", "id": "way/1238128411", "properties": {"tags": {"addr:housename": "天御香山花园", "addr:housename:en": "Tianyu Xiangshan Garden", "addr:housename:zh": "天御香山花园", "building": "apartments", "building:levels": "25", "name": "3栋", "name:en": "Block 3", "name:zh": "3栋"}, "heightStatus": "levels_only_unverified", "source": "OpenStreetMap", "license": "ODbL-1.0"}, "geometry": {"type": "MultiPolygon", "coordinates": [[[[114.0140925, 22.5418566], [114.0143634, 22.5418166], [114.0143893, 22.5419665], [114.0141185, 22.5420065], [114.0140925, 22.5418566]]]]}}, {"type": "Feature", "id": "way/1238128412", "properties": {"tags": {"addr:housename": "天御香山花园", "addr:housename:en": "Tianyu Xiangshan Garden", "addr:housename:zh": "天御香山花园", "building": "apartments", "building:levels": "25", "name": "5栋", "name:en": "Block 5", "name:zh": "5栋"}, "heightStatus": "levels_only_unverified", "source": "OpenStreetMap", "license": "ODbL-1.0"}, "geometry": {"type": "MultiPolygon", "coordinates": [[[[114.0142644, 22.5413331], [114.0145352, 22.5412931], [114.0145612, 22.541443], [114.0142903, 22.541483], [114.0142644, 22.5413331]]]]}}, {"type": "Feature", "id": "way/1238128413", "properties": {"tags": {"addr:housename": "天御香山花园", "addr:housename:en": "Tianyu Xiangshan Garden", "addr:housename:zh": "天御香山花园", "building": "apartments", "building:levels": "25", "name": "6栋", "name:en": "Block 6", "name:zh": "6栋"}, "heightStatus": "levels_only_unverified", "source": "OpenStreetMap", "license": "ODbL-1.0"}, "geometry": {"type": "MultiPolygon", "coordinates": [[[[114.0144447, 22.5408393], [114.0149374, 22.5407963], [114.014949, 22.5409099], [114.0148716, 22.5409167], [114.0148794, 22.5409929], [114.014788, 22.5410009], [114.0147802, 22.5409247], [114.0146253, 22.5409382], [114.0146331, 22.5410144], [114.0145417, 22.5410224], [114.0145338, 22.5409462], [114.0144564, 22.540953], [114.0144447, 22.5408393]]]]}}, {"type": "Feature", "id": "way/1238128414", "properties": {"tags": {"addr:housename": "天御香山花园", "addr:housename:en": "Tianyu Xiangshan Garden", "addr:housename:zh": "天御香山花园", "building": "apartments", "building:levels": "25", "name": "7栋", "name:en": "Block 7", "name:zh": "7栋"}, "heightStatus": "levels_only_unverified", "source": "OpenStreetMap", "license": "ODbL-1.0"}, "geometry": {"type": "MultiPolygon", "coordinates": [[[[114.0148597, 22.5415022], [114.0152329, 22.5414519], [114.0152524, 22.5415754], [114.0150939, 22.5415967], [114.0150986, 22.5416265], [114.0150439, 22.5416338], [114.0150393, 22.5416041], [114.0149457, 22.5416167], [114.0149504, 22.5416464], [114.0148839, 22.5416553], [114.0148597, 22.5415022]]]]}}, {"type": "Feature", "id": "way/1238128415", "properties": {"tags": {"addr:housename": "天御香山花园", "addr:housename:en": "Tianyu Xiangshan Garden", "addr:housename:zh": "天御香山花园", "building": "apartments", "building:levels": "25", "name": "8栋", "name:en": "Block 8", "name:zh": "8栋"}, "heightStatus": "levels_only_unverified", "source": "OpenStreetMap", "license": "ODbL-1.0"}, "geometry": {"type": "MultiPolygon", "coordinates": [[[[114.0146921, 22.5420177], [114.0150653, 22.5419675], [114.0150848, 22.542091], [114.0149263, 22.5421123], [114.014931, 22.542142], [114.0148763, 22.5421494], [114.0148717, 22.5421197], [114.0147781, 22.5421323], [114.0147828, 22.5421619], [114.0147163, 22.5421709], [114.0146921, 22.5420177]]]]}}, {"type": "Feature", "id": "way/1238128416", "properties": {"tags": {"building": "school"}, "heightStatus": "unknown", "source": "OpenStreetMap", "license": "ODbL-1.0"}, "geometry": {"type": "MultiPolygon", "coordinates": [[[[114.012915, 22.542294], [114.0130653, 22.5418482], [114.0133035, 22.5419167], [114.0131532, 22.5423625], [114.012915, 22.542294]]]]}}, {"type": "Feature", "id": "way/1244517767", "properties": {"tags": {"building": "yes", "name": "深南汽车配件市场综合楼", "shop": "car_parts"}, "heightStatus": "unknown", "source": "OpenStreetMap", "license": "ODbL-1.0"}, "geometry": {"type": "MultiPolygon", "coordinates": [[[[114.0104737, 22.5447968], [114.0106876, 22.5443873], [114.0110835, 22.5445636], [114.0108696, 22.5449733], [114.0104737, 22.5447968]]]]}}, {"type": "Feature", "id": "way/1333330677", "properties": {"tags": {"addr:housename": "鑫竹苑", "addr:housename:en": "Xinzhu Garden", "addr:housename:zh": "鑫竹苑", "building": "apartments", "building:levels": "28", "name": "A栋", "name:en": "Block A", "name:zh": "A栋"}, "heightStatus": "levels_only_unverified", "source": "OpenStreetMap", "license": "ODbL-1.0"}, "geometry": {"type": "MultiPolygon", "coordinates": [[[[114.0126575, 22.5399882], [114.0126611, 22.5399388], [114.0126721, 22.5398904], [114.0126901, 22.5398437], [114.0127548, 22.5398648], [114.012757, 22.5398544], [114.012764, 22.539846], [114.0127743, 22.5398414], [114.0127857, 22.5398415], [114.0127959, 22.5398464], [114.0128026, 22.539855], [114.0128045, 22.5398654], [114.0128695, 22.5398571], [114.0129146, 22.5401592], [114.0128496, 22.5401675], [114.0128509, 22.540178], [114.0128469, 22.540188], [114.0128386, 22.5401952], [114.0128276, 22.5401982], [114.0128163, 22.5401963], [114.0128071, 22.54019], [114.012802, 22.5401805], [114.0127458, 22.540217], [114.0127148, 22.5401766], [114.0126901, 22.5401327], [114.0126721, 22.5400861], [114.0126611, 22.5400376], [114.0126575, 22.5399882]]]]}}, {"type": "Feature", "id": "way/1333330678", "properties": {"tags": {"addr:housename": "鑫竹苑", "addr:housename:en": "Xinzhu Garden", "addr:housename:zh": "鑫竹苑", "building": "apartments", "building:levels": "28", "name": "B栋", "name:en": "Block B", "name:zh": "B栋"}, "heightStatus": "levels_only_unverified", "source": "OpenStreetMap", "license": "ODbL-1.0"}, "geometry": {"type": "MultiPolygon", "coordinates": [[[[114.012419, 22.5406751], [114.012477, 22.5406635], [114.0124532, 22.5405625], [114.0125226, 22.5405485], [114.0125259, 22.5405624], [114.0125477, 22.5405442], [114.0125203, 22.5405361], [114.012527, 22.5405168], [114.0124937, 22.5405069], [114.0125133, 22.5404508], [114.0127632, 22.540525], [114.0127437, 22.5405811], [114.0127104, 22.5405713], [114.0127037, 22.5405906], [114.0126763, 22.5405824], [114.0126825, 22.5406089], [114.012694, 22.5405994], [114.0127416, 22.5406481], [114.0126585, 22.5407174], [114.0126982, 22.540758], [114.012654, 22.5407949], [114.0126371, 22.5407776], [114.0126247, 22.5407879], [114.0125765, 22.5407385], [114.0125303, 22.5407248], [114.0124599, 22.540739], [114.0124563, 22.5407239], [114.0124317, 22.5407288], [114.012419, 22.5406751]]]]}}, {"type": "Feature", "id": "way/1333330679", "properties": {"tags": {"addr:housename": "鑫竹苑", "addr:housename:en": "Xinzhu Garden", "addr:housename:zh": "鑫竹苑", "building": "apartments", "building:levels": "28", "name": "C栋", "name:en": "Block C", "name:zh": "C栋"}, "heightStatus": "levels_only_unverified", "source": "OpenStreetMap", "license": "ODbL-1.0"}, "geometry": {"type": "MultiPolygon", "coordinates": [[[[114.0122516, 22.5411851], [114.0123096, 22.5411734], [114.0122858, 22.5410725], [114.0123552, 22.5410585], [114.0123585, 22.5410724], [114.0123803, 22.5410542], [114.0123529, 22.5410461], [114.0123596, 22.5410268], [114.0123263, 22.5410169], [114.0123459, 22.5409607], [114.0125958, 22.541035], [114.0125763, 22.5410911], [114.012543, 22.5410812], [114.0125363, 22.5411005], [114.0125089, 22.5410924], [114.0125151, 22.5411189], [114.0125266, 22.5411094], [114.0125742, 22.5411581], [114.0124911, 22.5412273], [114.0125308, 22.541268], [114.0124866, 22.5413048], [114.0124697, 22.5412875], [114.0124573, 22.5412979], [114.0124091, 22.5412485], [114.0123629, 22.5412348], [114.0122925, 22.5412489], [114.0122889, 22.5412339], [114.0122643, 22.5412388], [114.0122516, 22.5411851]]]]}}, {"type": "Feature", "id": "way/1333330685", "properties": {"tags": {"building": "yes"}, "heightStatus": "unknown", "source": "OpenStreetMap", "license": "ODbL-1.0"}, "geometry": {"type": "MultiPolygon", "coordinates": [[[[114.0110492, 22.5396947], [114.0110699, 22.5395791], [114.0111162, 22.5395862], [114.0111229, 22.5395489], [114.0114876, 22.5396044], [114.011483, 22.53963], [114.0115908, 22.5396465], [114.0116006, 22.5395915], [114.0117264, 22.5396107], [114.0117544, 22.5394542], [114.0119308, 22.5394811], [114.0118839, 22.5397436], [114.0118171, 22.5397334], [114.0118035, 22.5398097], [114.0110492, 22.5396947]]]]}}, {"type": "Feature", "id": "way/1333330686", "properties": {"tags": {"addr:housename": "宝能城市公馆", "addr:housename:zh": "宝能城市公馆", "building": "apartments", "building:levels": "28", "name": "5B栋", "name:zh": "5B栋"}, "heightStatus": "levels_only_unverified", "source": "OpenStreetMap", "license": "ODbL-1.0"}, "geometry": {"type": "MultiPolygon", "coordinates": [[[[114.0084043, 22.5427105], [114.0084627, 22.5424506], [114.0087314, 22.5425021], [114.008673, 22.542762], [114.0084043, 22.5427105]]]]}}, {"type": "Feature", "id": "way/1333330687", "properties": {"tags": {"addr:housename": "宝能城市公馆", "addr:housename:zh": "宝能城市公馆", "building": "apartments", "building:levels": "28", "name": "5A栋", "name:zh": "5A栋"}, "heightStatus": "levels_only_unverified", "source": "OpenStreetMap", "license": "ODbL-1.0"}, "geometry": {"type": "MultiPolygon", "coordinates": [[[[114.0080113, 22.542442], [114.0080697, 22.5421821], [114.0083384, 22.5422336], [114.0082799, 22.5424935], [114.0080113, 22.542442]]]]}}, {"type": "Feature", "id": "way/1333330688", "properties": {"tags": {"addr:housename": "宝能城市公馆", "addr:housename:zh": "宝能城市公馆", "building": "apartments", "building:levels": "31", "name": "1C栋", "name:zh": "1C栋"}, "heightStatus": "levels_only_unverified", "source": "OpenStreetMap", "license": "ODbL-1.0"}, "geometry": {"type": "MultiPolygon", "coordinates": [[[[114.0075864, 22.5430804], [114.007777, 22.5429147], [114.007873, 22.5430088], [114.0078588, 22.5430212], [114.0078812, 22.5430431], [114.0078245, 22.5430924], [114.007857, 22.5431243], [114.0078081, 22.5431668], [114.0077756, 22.5431349], [114.0077189, 22.5431842], [114.0076965, 22.5431622], [114.0076824, 22.5431746], [114.0075864, 22.5430804]]]]}}, {"type": "Feature", "id": "way/1333330689", "properties": {"tags": {"addr:housename": "宝能城市公馆", "addr:housename:zh": "宝能城市公馆", "building": "apartments", "building:levels": "31", "name": "1A栋", "name:zh": "1A栋"}, "heightStatus": "levels_only_unverified", "source": "OpenStreetMap", "license": "ODbL-1.0"}, "geometry": {"type": "MultiPolygon", "coordinates": [[[[114.0070131, 22.543462], [114.0070384, 22.5434534], [114.0070179, 22.5434019], [114.0072768, 22.5433141], [114.0072973, 22.5433656], [114.0073227, 22.543357], [114.0073522, 22.5434312], [114.0073268, 22.5434398], [114.0073366, 22.5434646], [114.0072247, 22.5435026], [114.0072414, 22.5435445], [114.0071844, 22.5435639], [114.0071677, 22.5435219], [114.0070778, 22.5435524], [114.0070679, 22.5435276], [114.0070426, 22.5435362], [114.0070131, 22.543462]]]]}}, {"type": "Feature", "id": "way/1333330690", "properties": {"tags": {"addr:housename": "宝能城市公馆", "addr:housename:zh": "宝能城市公馆", "building": "apartments", "building:levels": "32", "name": "1D栋", "name:zh": "1D栋"}, "heightStatus": "levels_only_unverified", "source": "OpenStreetMap", "license": "ODbL-1.0"}, "geometry": {"type": "MultiPolygon", "coordinates": [[[[114.0074744, 22.5426207], [114.0075325, 22.5425569], [114.0075169, 22.5425448], [114.0075433, 22.5425159], [114.0075588, 22.542528], [114.0075741, 22.5425112], [114.0075582, 22.5424669], [114.0075213, 22.5424783], [114.0074885, 22.542387], [114.0076998, 22.5423223], [114.0077326, 22.5424135], [114.0076957, 22.5424248], [114.0077116, 22.5424691], [114.0077347, 22.5424741], [114.0077394, 22.5424558], [114.0077792, 22.5424644], [114.0077746, 22.5424827], [114.0078624, 22.5425017], [114.0078406, 22.5425876], [114.0077242, 22.5425624], [114.0076244, 22.542593], [114.0075475, 22.5426775], [114.0074744, 22.5426207]]]]}}, {"type": "Feature", "id": "way/1343483169", "properties": {"tags": {"building": "yes"}, "heightStatus": "unknown", "source": "OpenStreetMap", "license": "ODbL-1.0"}, "geometry": {"type": "MultiPolygon", "coordinates": [[[[114.0060791, 22.5444675], [114.0062545, 22.5444675], [114.0062566, 22.544375], [114.0061716, 22.5443733], [114.006173, 22.5443114], [114.0064251, 22.5443164], [114.0064237, 22.5443783], [114.0063657, 22.5443772], [114.0063638, 22.5444585], [114.006696, 22.544465], [114.0066948, 22.5445206], [114.0069382, 22.5445253], [114.006941, 22.5444033], [114.0066799, 22.5443981], [114.0066821, 22.5443042], [114.0070528, 22.5443114], [114.0070506, 22.5444054], [114.0069661, 22.5444038], [114.0069633, 22.5445258], [114.0070206, 22.544527], [114.0070188, 22.5446031], [114.0066719, 22.5445963], [114.0066732, 22.5445419], [114.0063259, 22.5445351], [114.0063259, 22.5447747], [114.0060791, 22.5447747], [114.0060791, 22.5444675]]]]}}, {"type": "Feature", "id": "way/1343483184", "properties": {"tags": {"building": "yes"}, "heightStatus": "unknown", "source": "OpenStreetMap", "license": "ODbL-1.0"}, "geometry": {"type": "MultiPolygon", "coordinates": [[[[114.0147614, 22.5442557], [114.0148223, 22.5440358], [114.0151951, 22.5441237], [114.0151343, 22.5443436], [114.0147614, 22.5442557]]]]}}, {"type": "Feature", "id": "way/1343483185", "properties": {"tags": {"building": "yes"}, "heightStatus": "unknown", "source": "OpenStreetMap", "license": "ODbL-1.0"}, "geometry": {"type": "MultiPolygon", "coordinates": [[[[114.0145216, 22.5451242], [114.0145536, 22.5450088], [114.0147013, 22.5450437], [114.0147827, 22.5447495], [114.0146166, 22.5447103], [114.0146373, 22.5446357], [114.0147479, 22.5446618], [114.0147921, 22.5445021], [114.0147089, 22.5444824], [114.014736, 22.5443845], [114.0150662, 22.5444625], [114.0150391, 22.5445604], [114.0148515, 22.5445161], [114.0148073, 22.5446758], [114.0151785, 22.5447635], [114.0151579, 22.5448381], [114.0148295, 22.5447606], [114.0147481, 22.5450547], [114.0151356, 22.5451463], [114.0151036, 22.5452617], [114.0145216, 22.5451242]]]]}}, {"type": "Feature", "id": "way/1343483186", "properties": {"tags": {"addr:housename": "香荔花园二期", "addr:housename:en": "Xiangli Garden Phase II", "addr:housename:zh": "香荔花园二期", "building": "apartments", "name": "8栋", "name:en": "Block 8", "name:zh": "8栋"}, "heightStatus": "unknown", "source": "OpenStreetMap", "license": "ODbL-1.0"}, "geometry": {"type": "MultiPolygon", "coordinates": [[[[114.01294, 22.5441635], [114.012986, 22.5440382], [114.0133186, 22.5441422], [114.0132726, 22.5442676], [114.01294, 22.5441635]]]]}}, {"type": "Feature", "id": "way/1343483187", "properties": {"tags": {"addr:housename": "香荔花园二期", "addr:housename:en": "Xiangli Garden Phase II", "addr:housename:zh": "香荔花园二期", "building": "apartments", "name": "6栋", "name:en": "Block 6", "name:zh": "6栋"}, "heightStatus": "unknown", "source": "OpenStreetMap", "license": "ODbL-1.0"}, "geometry": {"type": "MultiPolygon", "coordinates": [[[[114.0123312, 22.544223], [114.0123771, 22.5440977], [114.0127097, 22.5442017], [114.0126638, 22.544327], [114.0123312, 22.544223]]]]}}, {"type": "Feature", "id": "way/1343483188", "properties": {"tags": {"addr:housename": "荔林苑", "addr:housename:en": "Lilin Court", "addr:housename:zh": "荔林苑", "building": "apartments", "building:levels": "32", "name": "1栋", "name:en": "Block 1", "name:zh": "1栋"}, "heightStatus": "levels_only_unverified", "source": "OpenStreetMap", "license": "ODbL-1.0"}, "geometry": {"type": "MultiPolygon", "coordinates": [[[[114.0129278, 22.5437934], [114.0129847, 22.5436321], [114.013074, 22.543659], [114.0130995, 22.543587], [114.0132549, 22.5436339], [114.0132291, 22.5437071], [114.0133201, 22.5437345], [114.0132632, 22.5438957], [114.0131737, 22.5438688], [114.0131526, 22.5439285], [114.0129971, 22.5438817], [114.0130186, 22.5438207], [114.0129278, 22.5437934]]]]}}, {"type": "Feature", "id": "way/1343483189", "properties": {"tags": {"addr:housename": "荔林苑", "addr:housename:en": "Lilin Court", "addr:housename:zh": "荔林苑", "building": "apartments", "building:levels": "32", "name": "2栋", "name:en": "Block 2", "name:zh": "2栋"}, "heightStatus": "levels_only_unverified", "source": "OpenStreetMap", "license": "ODbL-1.0"}, "geometry": {"type": "MultiPolygon", "coordinates": [[[[114.0124095, 22.543851], [114.0124665, 22.5436898], [114.0125558, 22.5437167], [114.0125812, 22.5436447], [114.0127367, 22.5436915], [114.0127108, 22.5437647], [114.0128019, 22.5437922], [114.012745, 22.5439534], [114.0126554, 22.5439264], [114.0126343, 22.5439862], [114.0124788, 22.5439393], [114.0125004, 22.5438784], [114.0124095, 22.543851]]]]}}, {"type": "Feature", "id": "way/1343483198", "properties": {"tags": {"addr:housename": "香荔花园二期", "addr:housename:en": "Xiangli Garden Phase II", "addr:housename:zh": "香荔花园二期", "building": "apartments", "name": "11栋", "name:en": "Block 11", "name:zh": "11栋"}, "heightStatus": "unknown", "source": "OpenStreetMap", "license": "ODbL-1.0"}, "geometry": {"type": "MultiPolygon", "coordinates": [[[[114.0140432, 22.5445958], [114.0141163, 22.5443788], [114.0142973, 22.5444308], [114.0142242, 22.5446478], [114.0140432, 22.5445958]]]]}}, {"type": "Feature", "id": "way/1343483199", "properties": {"tags": {"addr:housename": "香荔花园二期", "addr:housename:en": "Xiangli Garden Phase II", "addr:housename:zh": "香荔花园二期", "building": "apartments", "name": "10栋", "name:en": "Block 10", "name:zh": "10栋"}, "heightStatus": "unknown", "source": "OpenStreetMap", "license": "ODbL-1.0"}, "geometry": {"type": "MultiPolygon", "coordinates": [[[[114.0137011, 22.5448585], [114.0137347, 22.5447625], [114.0139776, 22.544835], [114.0140286, 22.5446893], [114.0141926, 22.5447383], [114.0141079, 22.5449801], [114.0137011, 22.5448585]]]]}}, {"type": "Feature", "id": "way/1343483201", "properties": {"tags": {"addr:housename": "香荔花园二期", "addr:housename:en": "Xiangli Garden Phase II", "addr:housename:zh": "香荔花园二期", "building": "apartments", "name": "9栋", "name:en": "Block 9", "name:zh": "9栋"}, "heightStatus": "unknown", "source": "OpenStreetMap", "license": "ODbL-1.0"}, "geometry": {"type": "MultiPolygon", "coordinates": [[[[114.0131973, 22.544707], [114.0132407, 22.544587], [114.0136659, 22.5447183], [114.0136224, 22.5448383], [114.0131973, 22.544707]]]]}}, {"type": "Feature", "id": "way/1343483202", "properties": {"tags": {"addr:housename": "香荔花园二期", "addr:housename:en": "Xiangli Garden Phase II", "addr:housename:zh": "香荔花园二期", "building": "apartments", "name": "7栋", "name:en": "Block 7", "name:zh": "7栋"}, "heightStatus": "unknown", "source": "OpenStreetMap", "license": "ODbL-1.0"}, "geometry": {"type": "MultiPolygon", "coordinates": [[[[114.0127562, 22.5445272], [114.0127692, 22.5444896], [114.0128248, 22.544506], [114.0128354, 22.5444755], [114.0127983, 22.5444645], [114.012818, 22.5444077], [114.0129784, 22.5444551], [114.0129587, 22.544512], [114.0129217, 22.544501], [114.0129111, 22.5445316], [114.0130222, 22.5445644], [114.0130328, 22.5445339], [114.0129958, 22.5445229], [114.0130155, 22.5444661], [114.0131759, 22.5445135], [114.0131562, 22.5445703], [114.0131191, 22.5445594], [114.0131085, 22.5445899], [114.0131641, 22.5446063], [114.0131511, 22.5446439], [114.0131326, 22.5446384], [114.0131224, 22.5446677], [114.012962, 22.5446203], [114.0129722, 22.544591], [114.0129351, 22.54458], [114.012925, 22.5446093], [114.0127646, 22.5445619], [114.0127747, 22.5445326], [114.0127562, 22.5445272]]]]}}, {"type": "Feature", "id": "way/1343483203", "properties": {"tags": {"addr:housename": "香荔花园二期", "addr:housename:en": "Xiangli Garden Phase II", "addr:housename:zh": "香荔花园二期", "building": "apartments", "name": "5栋", "name:en": "Block 5", "name:zh": "5栋"}, "heightStatus": "unknown", "source": "OpenStreetMap", "license": "ODbL-1.0"}, "geometry": {"type": "MultiPolygon", "coordinates": [[[[114.0122599, 22.544443], [114.0123059, 22.5443176], [114.0126385, 22.5444217], [114.0125925, 22.544547], [114.0122599, 22.544443]]]]}}, {"type": "Feature", "id": "way/1343483222", "properties": {"tags": {"addr:housename": "深业·龙溪花园", "addr:housename:en": "Shenye Longxi Garden", "addr:housename:zh": "深业·龙溪花园", "building": "apartments", "name": "18栋", "name:en": "Block 18", "name:zh": "18栋"}, "heightStatus": "unknown", "source": "OpenStreetMap", "license": "ODbL-1.0"}, "geometry": {"type": "MultiPolygon", "coordinates": [[[[114.012157, 22.544958], [114.0121992, 22.5448449], [114.0123367, 22.5448886], [114.0122946, 22.5450017], [114.012157, 22.544958]]]]}}, {"type": "Feature", "id": "way/1343483264", "properties": {"tags": {"addr:housename": "竹园小区南区", "addr:housename:en": "Zhuyuan Residential Estate (South)", "addr:housename:zh": "竹园小区南区", "building": "apartments", "building:levels": "7", "name": "22栋", "name:en": "Block 22", "name:zh": "22栋"}, "heightStatus": "levels_only_unverified", "source": "OpenStreetMap", "license": "ODbL-1.0"}, "geometry": {"type": "MultiPolygon", "coordinates": [[[[114.0111074, 22.5412577], [114.0111453, 22.5411486], [114.0114528, 22.5412398], [114.0114149, 22.5413489], [114.0111074, 22.5412577]]]]}}, {"type": "Feature", "id": "way/1343483265", "properties": {"tags": {"addr:housename": "竹园小区南区", "addr:housename:en": "Zhuyuan Residential Estate (South)", "addr:housename:zh": "竹园小区南区", "building": "apartments", "building:levels": "7", "name": "13栋", "name:en": "Block 13", "name:zh": "13栋"}, "heightStatus": "levels_only_unverified", "source": "OpenStreetMap", "license": "ODbL-1.0"}, "geometry": {"type": "MultiPolygon", "coordinates": [[[[114.0115152, 22.5413404], [114.0115424, 22.5412622], [114.0115795, 22.5412732], [114.0115842, 22.5412595], [114.0116749, 22.5412864], [114.0116702, 22.5413001], [114.0117072, 22.5413111], [114.0116897, 22.5413614], [114.0117249, 22.5413719], [114.0117297, 22.5413582], [114.0118204, 22.5413851], [114.0118156, 22.5413988], [114.0118527, 22.5414097], [114.0118255, 22.5414879], [114.0116607, 22.5414391], [114.0116782, 22.5413888], [114.0115152, 22.5413404]]]]}}, {"type": "Feature", "id": "way/1343483266", "properties": {"tags": {"addr:housename": "竹园小区南区", "addr:housename:en": "Zhuyuan Residential Estate (South)", "addr:housename:zh": "竹园小区南区", "building": "apartments", "building:levels": "7", "name": "2栋", "name:en": "Block 2", "name:zh": "2栋"}, "heightStatus": "levels_only_unverified", "source": "OpenStreetMap", "license": "ODbL-1.0"}, "geometry": {"type": "MultiPolygon", "coordinates": [[[[114.0119547, 22.5415128], [114.0119799, 22.5414403], [114.0119984, 22.5414458], [114.0120034, 22.5414313], [114.0121222, 22.5414665], [114.0121264, 22.5414546], [114.0121449, 22.5414601], [114.0121499, 22.5414456], [114.0122623, 22.5414789], [114.0122572, 22.5414934], [114.0122758, 22.5414989], [114.0122714, 22.5415114], [114.0123899, 22.5415465], [114.0123849, 22.541561], [114.0124034, 22.5415665], [114.0123782, 22.541639], [114.0122288, 22.5415947], [114.0122382, 22.5415677], [114.0121132, 22.5415307], [114.012104, 22.5415571], [114.0119547, 22.5415128]]]]}}, {"type": "Feature", "id": "way/1343483267", "properties": {"tags": {"addr:housename": "竹园小区南区", "addr:housename:en": "Zhuyuan Residential Estate (South)", "addr:housename:zh": "竹园小区南区", "building": "apartments", "building:levels": "7", "name": "3栋", "name:en": "Block 3", "name:zh": "3栋"}, "heightStatus": "levels_only_unverified", "source": "OpenStreetMap", "license": "ODbL-1.0"}, "geometry": {"type": "MultiPolygon", "coordinates": [[[[114.0118667, 22.5417607], [114.0118919, 22.5416882], [114.0119104, 22.5416937], [114.0119155, 22.5416792], [114.0120342, 22.5417144], [114.0120384, 22.5417025], [114.0120569, 22.541708], [114.012062, 22.5416935], [114.0121743, 22.5417268], [114.0121693, 22.5417413], [114.0121878, 22.5417468], [114.0121834, 22.5417593], [114.012302, 22.5417944], [114.0122969, 22.5418089], [114.0123154, 22.5418144], [114.0122902, 22.5418869], [114.0121408, 22.5418426], [114.0121502, 22.5418156], [114.0120253, 22.5417786], [114.0120161, 22.541805], [114.0118667, 22.5417607]]]]}}, {"type": "Feature", "id": "way/1343483268", "properties": {"tags": {"addr:housename": "竹园小区南区", "addr:housename:en": "Zhuyuan Residential Estate (South)", "addr:housename:zh": "竹园小区南区", "building": "apartments", "building:levels": "7", "name": "4栋", "name:en": "Block 4", "name:zh": "4栋"}, "heightStatus": "levels_only_unverified", "source": "OpenStreetMap", "license": "ODbL-1.0"}, "geometry": {"type": "MultiPolygon", "coordinates": [[[[114.0117844, 22.5420086], [114.0118096, 22.5419361], [114.0118281, 22.5419416], [114.0118331, 22.5419271], [114.0119519, 22.5419623], [114.0119561, 22.5419504], [114.0119746, 22.5419559], [114.0119796, 22.5419413], [114.012092, 22.5419747], [114.0120869, 22.5419892], [114.0121055, 22.5419947], [114.0121011, 22.5420072], [114.0122196, 22.5420423], [114.0122146, 22.5420568], [114.0122331, 22.5420623], [114.0122079, 22.5421348], [114.0120585, 22.5420905], [114.0120679, 22.5420635], [114.011943, 22.5420265], [114.0119338, 22.5420529], [114.0117844, 22.5420086]]]]}}, {"type": "Feature", "id": "way/1343483269", "properties": {"tags": {"addr:housename": "竹园小区南区", "addr:housename:en": "Zhuyuan Residential Estate (South)", "addr:housename:zh": "竹园小区南区", "building": "apartments", "building:levels": "7", "name": "5栋", "name:en": "Block 5", "name:zh": "5栋"}, "heightStatus": "levels_only_unverified", "source": "OpenStreetMap", "license": "ODbL-1.0"}, "geometry": {"type": "MultiPolygon", "coordinates": [[[[114.011693, 22.5422503], [114.0117182, 22.5421777], [114.0117368, 22.5421832], [114.0117418, 22.5421687], [114.0118606, 22.542204], [114.0118647, 22.542192], [114.0118833, 22.5421975], [114.0118883, 22.542183], [114.0120006, 22.5422163], [114.0119956, 22.5422308], [114.0120141, 22.5422363], [114.0120098, 22.5422488], [114.0121283, 22.542284], [114.0121233, 22.5422985], [114.0121418, 22.542304], [114.0121166, 22.5423765], [114.0119672, 22.5423322], [114.0119766, 22.5423052], [114.0118516, 22.5422681], [114.0118424, 22.5422946], [114.011693, 22.5422503]]]]}}, {"type": "Feature", "id": "way/1343483270", "properties": {"tags": {"addr:housename": "竹园小区南区", "addr:housename:en": "Zhuyuan Residential Estate (South)", "addr:housename:zh": "竹园小区南区", "building": "apartments", "building:levels": "7", "name": "6栋", "name:en": "Block 6", "name:zh": "6栋"}, "heightStatus": "levels_only_unverified", "source": "OpenStreetMap", "license": "ODbL-1.0"}, "geometry": {"type": "MultiPolygon", "coordinates": [[[[114.0116032, 22.5424974], [114.0116285, 22.5424249], [114.011647, 22.5424304], [114.011652, 22.5424159], [114.0117708, 22.5424511], [114.011775, 22.5424391], [114.0117935, 22.5424446], [114.0117985, 22.5424301], [114.0119109, 22.5424635], [114.0119058, 22.542478], [114.0119243, 22.5424835], [114.01192, 22.542496], [114.0120385, 22.5425311], [114.0120335, 22.5425456], [114.012052, 22.5425511], [114.0120268, 22.5426236], [114.0118774, 22.5425793], [114.0118868, 22.5425523], [114.0117618, 22.5425152], [114.0117526, 22.5425417], [114.0116032, 22.5424974]]]]}}, {"type": "Feature", "id": "way/1343483271", "properties": {"tags": {"addr:housename": "竹园小区南区", "addr:housename:en": "Zhuyuan Residential Estate (South)", "addr:housename:zh": "竹园小区南区", "building": "apartments", "building:levels": "7", "name": "23栋", "name:en": "Block 23", "name:zh": "23栋"}, "heightStatus": "levels_only_unverified", "source": "OpenStreetMap", "license": "ODbL-1.0"}, "geometry": {"type": "MultiPolygon", "coordinates": [[[[114.0110163, 22.5415055], [114.0110435, 22.5414273], [114.0110805, 22.5414382], [114.0110853, 22.5414245], [114.011176, 22.5414514], [114.0111712, 22.5414651], [114.0112064, 22.5414756], [114.0112239, 22.5414253], [114.011261, 22.5414363], [114.0112657, 22.5414226], [114.0113564, 22.5414495], [114.0113517, 22.5414632], [114.0113887, 22.5414742], [114.0113615, 22.5415524], [114.0111986, 22.541504], [114.0111811, 22.5415543], [114.0110163, 22.5415055]]]]}}, {"type": "Feature", "id": "way/1343483272", "properties": {"tags": {"addr:housename": "竹园小区南区", "addr:housename:en": "Zhuyuan Residential Estate (South)", "addr:housename:zh": "竹园小区南区", "building": "apartments", "building:levels": "7", "name": "14栋", "name:en": "Block 14", "name:zh": "14栋"}, "heightStatus": "levels_only_unverified", "source": "OpenStreetMap", "license": "ODbL-1.0"}, "geometry": {"type": "MultiPolygon", "coordinates": [[[[114.01144, 22.5415819], [114.0114671, 22.5415037], [114.0115042, 22.5415147], [114.011509, 22.541501], [114.0115996, 22.5415279], [114.0115949, 22.5415416], [114.0116319, 22.5415526], [114.0116144, 22.5416029], [114.0116497, 22.5416133], [114.0116544, 22.5415996], [114.0117451, 22.5416265], [114.0117404, 22.5416402], [114.0117774, 22.5416512], [114.0117502, 22.5417294], [114.0115854, 22.5416805], [114.0116029, 22.5416302], [114.01144, 22.5415819]]]]}}, {"type": "Feature", "id": "way/1343483273", "properties": {"tags": {"addr:housename": "竹园小区南区", "addr:housename:en": "Zhuyuan Residential Estate (South)", "addr:housename:zh": "竹园小区南区", "building": "apartments", "building:levels": "7", "name": "15栋", "name:en": "Block 15", "name:zh": "15栋"}, "heightStatus": "levels_only_unverified", "source": "OpenStreetMap", "license": "ODbL-1.0"}, "geometry": {"type": "MultiPolygon", "coordinates": [[[[114.0113566, 22.5418367], [114.0113838, 22.5417585], [114.0114208, 22.5417695], [114.0114256, 22.5417557], [114.0115163, 22.5417826], [114.0115115, 22.5417964], [114.0115486, 22.5418073], [114.0115311, 22.5418576], [114.0115663, 22.5418681], [114.0115711, 22.5418544], [114.0116618, 22.5418813], [114.011657, 22.541895], [114.011694, 22.541906], [114.0116669, 22.5419842], [114.0115021, 22.5419353], [114.0115196, 22.541885], [114.0113566, 22.5418367]]]]}}, {"type": "Feature", "id": "way/1343483274", "properties": {"tags": {"addr:housename": "竹园小区南区", "addr:housename:en": "Zhuyuan Residential Estate (South)", "addr:housename:zh": "竹园小区南区", "building": "apartments", "building:levels": "7", "name": "16栋", "name:en": "Block 16", "name:zh": "16栋"}, "heightStatus": "levels_only_unverified", "source": "OpenStreetMap", "license": "ODbL-1.0"}, "geometry": {"type": "MultiPolygon", "coordinates": [[[[114.0112683, 22.542082], [114.0112955, 22.5420038], [114.0113325, 22.5420148], [114.0113373, 22.5420011], [114.011428, 22.542028], [114.0114232, 22.5420417], [114.0114602, 22.5420527], [114.0114427, 22.542103], [114.011478, 22.5421135], [114.0114827, 22.5420998], [114.0115734, 22.5421267], [114.0115687, 22.5421404], [114.0116057, 22.5421513], [114.0115785, 22.5422295], [114.0114137, 22.5421807], [114.0114312, 22.5421304], [114.0112683, 22.542082]]]]}}, {"type": "Feature", "id": "way/1343483275", "properties": {"tags": {"addr:housename": "竹园小区南区", "addr:housename:en": "Zhuyuan Residential Estate (South)", "addr:housename:zh": "竹园小区南区", "building": "apartments", "building:levels": "7", "name": "17栋", "name:en": "Block 17", "name:zh": "17栋"}, "heightStatus": "levels_only_unverified", "source": "OpenStreetMap", "license": "ODbL-1.0"}, "geometry": {"type": "MultiPolygon", "coordinates": [[[[114.0111865, 22.5423324], [114.0112137, 22.5422542], [114.0112507, 22.5422652], [114.0112555, 22.5422515], [114.0113462, 22.5422784], [114.0113414, 22.5422921], [114.0113785, 22.5423031], [114.011361, 22.5423533], [114.0113962, 22.5423638], [114.011401, 22.5423501], [114.0114917, 22.542377], [114.0114869, 22.5423907], [114.0115239, 22.5424017], [114.0114968, 22.5424799], [114.011332, 22.542431], [114.0113495, 22.5423807], [114.0111865, 22.5423324]]]]}}, {"type": "Feature", "id": "way/1343483276", "properties": {"tags": {"addr:housename": "竹园小区南区", "addr:housename:en": "Zhuyuan Residential Estate (South)", "addr:housename:zh": "竹园小区南区", "building": "apartments", "building:levels": "7", "name": "24栋", "name:en": "Block 24", "name:zh": "24栋"}, "heightStatus": "levels_only_unverified", "source": "OpenStreetMap", "license": "ODbL-1.0"}, "geometry": {"type": "MultiPolygon", "coordinates": [[[[114.0109249, 22.541753], [114.0109521, 22.5416748], [114.0109892, 22.5416857], [114.0109939, 22.541672], [114.0110846, 22.5416989], [114.0110799, 22.5417126], [114.0111151, 22.5417231], [114.0111326, 22.5416728], [114.0111696, 22.5416838], [114.0111744, 22.5416701], [114.0112651, 22.541697], [114.0112603, 22.5417107], [114.0112974, 22.5417217], [114.0112702, 22.5417999], [114.0111072, 22.5417515], [114.0110897, 22.5418018], [114.0109249, 22.541753]]]]}}, {"type": "Feature", "id": "way/1343483277", "properties": {"tags": {"addr:housename": "竹园小区南区", "addr:housename:en": "Zhuyuan Residential Estate (South)", "addr:housename:zh": "竹园小区南区", "building": "apartments", "building:levels": "7", "name": "25栋", "name:en": "Block 25", "name:zh": "25栋"}, "heightStatus": "levels_only_unverified", "source": "OpenStreetMap", "license": "ODbL-1.0"}, "geometry": {"type": "MultiPolygon", "coordinates": [[[[114.0108406, 22.5420044], [114.0108678, 22.5419262], [114.0109048, 22.5419372], [114.0109096, 22.5419235], [114.0110003, 22.5419504], [114.0109955, 22.5419641], [114.0110307, 22.5419745], [114.0110482, 22.5419243], [114.0110853, 22.5419352], [114.01109, 22.5419215], [114.0111807, 22.5419484], [114.011176, 22.5419621], [114.011213, 22.5419731], [114.0111858, 22.5420513], [114.0110229, 22.542003], [114.0110054, 22.5420533], [114.0108406, 22.5420044]]]]}}, {"type": "Feature", "id": "way/1343483278", "properties": {"tags": {"addr:housename": "竹园小区南区", "addr:housename:en": "Zhuyuan Residential Estate (South)", "addr:housename:zh": "竹园小区南区", "building": "apartments", "building:levels": "7", "name": "26栋", "name:en": "Block 26", "name:zh": "26栋"}, "heightStatus": "levels_only_unverified", "source": "OpenStreetMap", "license": "ODbL-1.0"}, "geometry": {"type": "MultiPolygon", "coordinates": [[[[114.0107493, 22.5422519], [114.0107764, 22.5421737], [114.0108135, 22.5421847], [114.0108182, 22.542171], [114.0109089, 22.5421979], [114.0109042, 22.5422116], [114.0109394, 22.542222], [114.0109569, 22.5421717], [114.0109939, 22.5421827], [114.0109987, 22.542169], [114.0110894, 22.5421959], [114.0110846, 22.5422096], [114.0111217, 22.5422206], [114.0110945, 22.5422988], [114.0109315, 22.5422505], [114.010914, 22.5423008], [114.0107493, 22.5422519]]]]}}, {"type": "Feature", "id": "way/1343483279", "properties": {"tags": {"building": "yes"}, "heightStatus": "unknown", "source": "OpenStreetMap", "license": "ODbL-1.0"}, "geometry": {"type": "MultiPolygon", "coordinates": [[[[114.011257, 22.5428305], [114.0112812, 22.5427646], [114.0113031, 22.5427051], [114.0113733, 22.5427272], [114.011617, 22.5428037], [114.0115958, 22.5428613], [114.0113501, 22.5427842], [114.0113252, 22.5428519], [114.011257, 22.5428305]]]]}}, {"type": "Feature", "id": "way/1343483280", "properties": {"tags": {"building": "yes"}, "heightStatus": "unknown", "source": "OpenStreetMap", "license": "ODbL-1.0"}, "geometry": {"type": "MultiPolygon", "coordinates": [[[[114.0101105, 22.5441628], [114.0103908, 22.5433639], [114.0105873, 22.5434227], [114.010307, 22.5442216], [114.0101105, 22.5441628]]]]}}, {"type": "Feature", "id": "way/1343483281", "properties": {"tags": {"building": "yes"}, "heightStatus": "unknown", "source": "OpenStreetMap", "license": "ODbL-1.0"}, "geometry": {"type": "MultiPolygon", "coordinates": [[[[114.0104766, 22.5441653], [114.0107113, 22.5434816], [114.0109283, 22.5435451], [114.0106936, 22.5442288], [114.0104766, 22.5441653]]]]}}, {"type": "Feature", "id": "way/1343483282", "properties": {"tags": {"building": "yes"}, "heightStatus": "unknown", "source": "OpenStreetMap", "license": "ODbL-1.0"}, "geometry": {"type": "MultiPolygon", "coordinates": [[[[114.0111968, 22.543001], [114.0112248, 22.5429232], [114.0112536, 22.5428431], [114.0113403, 22.5428697], [114.0113115, 22.5429498], [114.0115227, 22.5430146], [114.0116264, 22.5430464], [114.0115985, 22.5431242], [114.0115153, 22.5433553], [114.0117834, 22.5434375], [114.011744, 22.5435472], [114.0114759, 22.543465], [114.0113723, 22.5434332], [114.0114947, 22.5430924], [114.0112835, 22.5430276], [114.0111968, 22.543001]]]]}}, {"type": "Feature", "id": "way/1343483283", "properties": {"tags": {"building": "yes"}, "heightStatus": "unknown", "source": "OpenStreetMap", "license": "ODbL-1.0"}, "geometry": {"type": "MultiPolygon", "coordinates": [[[[114.0108114, 22.5441251], [114.0108508, 22.5440154], [114.0112242, 22.5441299], [114.0111847, 22.5442396], [114.0108114, 22.5441251]]]]}}, {"type": "Feature", "id": "way/1343483284", "properties": {"tags": {"building": "yes"}, "heightStatus": "unknown", "source": "OpenStreetMap", "license": "ODbL-1.0"}, "geometry": {"type": "MultiPolygon", "coordinates": [[[[114.0113061, 22.5440438], [114.0113671, 22.5438742], [114.0115086, 22.5439176], [114.0116307, 22.5435781], [114.0117359, 22.5436104], [114.0116138, 22.5439499], [114.0115528, 22.5441195], [114.0114476, 22.5440872], [114.0113061, 22.5440438]]]]}}, {"type": "Feature", "id": "way/1343483285", "properties": {"tags": {"building": "yes"}, "heightStatus": "unknown", "source": "OpenStreetMap", "license": "ODbL-1.0"}, "geometry": {"type": "MultiPolygon", "coordinates": [[[[114.0110372, 22.5434853], [114.01109, 22.5433383], [114.0111433, 22.5431902], [114.0112571, 22.5432252], [114.0113841, 22.5432641], [114.0113309, 22.5434122], [114.0112039, 22.5433732], [114.011151, 22.5435202], [114.0110372, 22.5434853]]]]}}, {"type": "Feature", "id": "way/1343483286", "properties": {"tags": {"building": "yes"}, "heightStatus": "unknown", "source": "OpenStreetMap", "license": "ODbL-1.0"}, "geometry": {"type": "MultiPolygon", "coordinates": [[[[114.010608, 22.5427334], [114.0106551, 22.5425988], [114.0111901, 22.5427582], [114.0111431, 22.5428928], [114.010608, 22.5427334]]]]}}, {"type": "Feature", "id": "way/1343483287", "properties": {"tags": {"building": "yes"}, "heightStatus": "unknown", "source": "OpenStreetMap", "license": "ODbL-1.0"}, "geometry": {"type": "MultiPolygon", "coordinates": [[[[114.0105231, 22.5430069], [114.0105745, 22.5428598], [114.0110658, 22.5430061], [114.0110144, 22.5431533], [114.0105231, 22.5430069]]]]}}, {"type": "Feature", "id": "way/1343483288", "properties": {"tags": {"building": "yes"}, "heightStatus": "unknown", "source": "OpenStreetMap", "license": "ODbL-1.0"}, "geometry": {"type": "MultiPolygon", "coordinates": [[[[114.0104444, 22.5432425], [114.0104902, 22.5431116], [114.0109891, 22.5432602], [114.0109433, 22.5433911], [114.0104444, 22.5432425]]]]}}, {"type": "Feature", "id": "way/1343483289", "properties": {"tags": {"addr:housename": "香山美树苑", "addr:housename:zh": "香山美树苑", "building": "apartments", "building:levels": "22", "name": "2栋", "name:zh": "2栋"}, "heightStatus": "levels_only_unverified", "source": "OpenStreetMap", "license": "ODbL-1.0"}, "geometry": {"type": "MultiPolygon", "coordinates": [[[[114.0097363, 22.542851], [114.0097679, 22.5427853], [114.0098562, 22.542823], [114.0098808, 22.5427756], [114.0098458, 22.5427601], [114.0098598, 22.542733], [114.0098774, 22.5427408], [114.0098886, 22.5427192], [114.0100045, 22.5427706], [114.0099933, 22.5427922], [114.0100108, 22.5428], [114.0099968, 22.542827], [114.0099617, 22.5428114], [114.0099371, 22.5428588], [114.0100241, 22.5428989], [114.0099884, 22.5429627], [114.0098633, 22.5429051], [114.0097363, 22.542851]]]]}}, {"type": "Feature", "id": "way/1343483290", "properties": {"tags": {"addr:housename": "香山美树苑", "addr:housename:zh": "香山美树苑", "building": "apartments", "building:levels": "22", "name": "4栋", "name:zh": "4栋"}, "heightStatus": "levels_only_unverified", "source": "OpenStreetMap", "license": "ODbL-1.0"}, "geometry": {"type": "MultiPolygon", "coordinates": [[[[114.009091, 22.5426428], [114.0091144, 22.5425742], [114.0092061, 22.5426009], [114.0092234, 22.5425502], [114.0091863, 22.5425394], [114.0091961, 22.5425108], [114.0092146, 22.5425162], [114.0092299, 22.5424717], [114.0093525, 22.5425074], [114.0093373, 22.5425519], [114.0093558, 22.5425573], [114.0093461, 22.5425859], [114.009309, 22.5425751], [114.0092916, 22.5426259], [114.0093833, 22.5426526], [114.0093598, 22.5427211], [114.009091, 22.5426428]]]]}}, {"type": "Feature", "id": "way/1343483291", "properties": {"tags": {"addr:housename": "香山美树苑", "addr:housename:zh": "香山美树苑", "building": "apartments", "building:levels": "22", "name": "5栋", "name:zh": "5栋"}, "heightStatus": "levels_only_unverified", "source": "OpenStreetMap", "license": "ODbL-1.0"}, "geometry": {"type": "MultiPolygon", "coordinates": [[[[114.0089348, 22.5430387], [114.0089613, 22.5429609], [114.009112, 22.5430047], [114.0091382, 22.5429686], [114.0090898, 22.5429386], [114.0091303, 22.5428829], [114.0093201, 22.5430007], [114.0092796, 22.5430564], [114.0092312, 22.5430263], [114.0092049, 22.5430624], [114.0093057, 22.5431748], [114.0092377, 22.5432268], [114.0091163, 22.5430915], [114.0089348, 22.5430387]]]]}}, {"type": "Feature", "id": "way/1343483292", "properties": {"tags": {"addr:housename": "香山美树苑", "addr:housename:zh": "香山美树苑", "building": "apartments", "building:levels": "22", "name": "9栋", "name:zh": "9栋"}, "heightStatus": "levels_only_unverified", "source": "OpenStreetMap", "license": "ODbL-1.0"}, "geometry": {"type": "MultiPolygon", "coordinates": [[[[114.0097885, 22.5435981], [114.0098526, 22.5435841], [114.0098357, 22.543518], [114.0099029, 22.5435033], [114.0099088, 22.5435263], [114.0099328, 22.5435211], [114.0099519, 22.5434696], [114.0098967, 22.5434521], [114.009917, 22.5433975], [114.0101104, 22.5434589], [114.0100902, 22.5435134], [114.010035, 22.5434959], [114.0100159, 22.5435474], [114.0100313, 22.5435651], [114.0100512, 22.5435503], [114.0100945, 22.5436], [114.0100372, 22.5436426], [114.0100786, 22.54369], [114.0100158, 22.5437367], [114.0099602, 22.543673], [114.0099971, 22.5436456], [114.0099521, 22.5435941], [114.0098823, 22.5436093], [114.0098932, 22.5436518], [114.009807, 22.5436706], [114.0097885, 22.5435981]]]]}}, {"type": "Feature", "id": "way/1343483293", "properties": {"tags": {"addr:housename": "香山美树苑", "addr:housename:zh": "香山美树苑", "building": "apartments", "building:levels": "22", "name": "6栋", "name:zh": "6栋"}, "heightStatus": "levels_only_unverified", "source": "OpenStreetMap", "license": "ODbL-1.0"}, "geometry": {"type": "MultiPolygon", "coordinates": [[[[114.008775, 22.5434663], [114.0088015, 22.5433885], [114.0089522, 22.5434323], [114.0089785, 22.5433962], [114.00893, 22.5433661], [114.0089706, 22.5433104], [114.0091603, 22.5434283], [114.0091198, 22.5434839], [114.0090714, 22.5434539], [114.0090451, 22.54349], [114.0091459, 22.5436023], [114.0090779, 22.5436544], [114.0089565, 22.543519], [114.008775, 22.5434663]]]]}}, {"type": "Feature", "id": "way/1343483294", "properties": {"tags": {"addr:housename": "香山美树苑", "addr:housename:zh": "香山美树苑", "building": "apartments", "building:levels": "22", "name": "7栋", "name:zh": "7栋"}, "heightStatus": "levels_only_unverified", "source": "OpenStreetMap", "license": "ODbL-1.0"}, "geometry": {"type": "MultiPolygon", "coordinates": [[[[114.0090942, 22.5440458], [114.0092465, 22.544007], [114.0092473, 22.5439635], [114.009189, 22.5439625], [114.0091902, 22.5438954], [114.0094189, 22.5438991], [114.0094176, 22.5439662], [114.0093593, 22.5439653], [114.0093584, 22.5440132], [114.0095055, 22.5440156], [114.009504, 22.5440958], [114.0092463, 22.5440916], [114.0091177, 22.5441244], [114.0090942, 22.5440458]]]]}}, {"type": "Feature", "id": "way/1343483295", "properties": {"tags": {"building": "kindergarten"}, "heightStatus": "unknown", "source": "OpenStreetMap", "license": "ODbL-1.0"}, "geometry": {"type": "MultiPolygon", "coordinates": [[[[114.0085808, 22.5439826], [114.0086038, 22.543917], [114.0087348, 22.543956], [114.0087658, 22.5438673], [114.0086348, 22.5438282], [114.0086651, 22.5437417], [114.0090287, 22.5438501], [114.0089747, 22.5440043], [114.0089525, 22.5440334], [114.0089244, 22.544058], [114.0088916, 22.5440769], [114.0088554, 22.5440895], [114.0088172, 22.5440952], [114.0087786, 22.5440938], [114.008741, 22.5440854], [114.0087318, 22.5441117], [114.0087202, 22.5441309], [114.0087016, 22.5441445], [114.0086788, 22.5441505], [114.0086552, 22.5441479], [114.0086345, 22.5441372], [114.0086197, 22.54412], [114.0086132, 22.5440989], [114.008616, 22.5440772], [114.0086426, 22.544001], [114.0085808, 22.5439826]]]]}}, {"type": "Feature", "id": "way/1343483296", "properties": {"tags": {"building": "yes"}, "heightStatus": "unknown", "source": "OpenStreetMap", "license": "ODbL-1.0"}, "geometry": {"type": "MultiPolygon", "coordinates": [[[[114.0096948, 22.5445839], [114.0096962, 22.5445045], [114.0097724, 22.5445057], [114.0097743, 22.5444029], [114.0099469, 22.5444056], [114.009945, 22.5445083], [114.0101077, 22.5445108], [114.0101094, 22.5444155], [114.0102661, 22.544418], [114.0102643, 22.5445132], [114.0103399, 22.5445144], [114.0103385, 22.5445938], [114.0096948, 22.5445839]]]]}}, {"type": "Feature", "id": "way/1343483297", "properties": {"tags": {"building": "yes"}, "heightStatus": "unknown", "source": "OpenStreetMap", "license": "ODbL-1.0"}, "geometry": {"type": "MultiPolygon", "coordinates": [[[[114.0089437, 22.5444204], [114.0091744, 22.5444204], [114.0091744, 22.5446161], [114.0089437, 22.5446161], [114.0089437, 22.5444204]]]]}}, {"type": "Feature", "id": "way/1343483298", "properties": {"tags": {"building": "yes"}, "heightStatus": "unknown", "source": "OpenStreetMap", "license": "ODbL-1.0"}, "geometry": {"type": "MultiPolygon", "coordinates": [[[[114.00841, 22.5446062], [114.0084167, 22.544436], [114.0087842, 22.5444484], [114.0087774, 22.5446186], [114.00841, 22.5446062]]]]}}, {"type": "Feature", "id": "way/1343483300", "properties": {"tags": {"building": "yes"}, "heightStatus": "unknown", "source": "OpenStreetMap", "license": "ODbL-1.0"}, "geometry": {"type": "MultiPolygon", "coordinates": [[[[114.0082142, 22.5449927], [114.0082262, 22.5449468], [114.0083188, 22.5449109], [114.0082826, 22.5448242], [114.0083912, 22.5448032], [114.0084288, 22.5448874], [114.008468, 22.5448808], [114.0085079, 22.5448787], [114.0085505, 22.5448817], [114.0085924, 22.5448899], [114.0086272, 22.5447895], [114.0087318, 22.5448304], [114.0086862, 22.5449369], [114.0087654, 22.5449629], [114.0087265, 22.545041], [114.0086718, 22.5450182], [114.0086146, 22.5450018], [114.0085556, 22.544992], [114.0084958, 22.544989], [114.0084347, 22.5449928], [114.0083746, 22.5450038], [114.0083164, 22.5450216], [114.0082611, 22.5450459], [114.0082142, 22.5449927]]]]}}, {"type": "Feature", "id": "way/1343483301", "properties": {"tags": {"building": "yes"}, "heightStatus": "unknown", "source": "OpenStreetMap", "license": "ODbL-1.0"}, "geometry": {"type": "MultiPolygon", "coordinates": [[[[114.0075986, 22.5445133], [114.0076023, 22.5443787], [114.0081374, 22.5443911], [114.0081337, 22.5445257], [114.0080917, 22.5445247], [114.0080599, 22.5446149], [114.008068, 22.5446657], [114.0080586, 22.544683], [114.0080482, 22.5446927], [114.0080353, 22.5446994], [114.0080211, 22.5447028], [114.008003, 22.5447046], [114.0079848, 22.5447028], [114.0079618, 22.5446951], [114.0079419, 22.5446818], [114.0079239, 22.5446742], [114.0079098, 22.5446612], [114.0079016, 22.5446446], [114.0079002, 22.5446263], [114.0079057, 22.5446087], [114.0079183, 22.5445934], [114.007936, 22.5445835], [114.0079564, 22.5445801], [114.0079768, 22.5445839], [114.0080038, 22.5445227], [114.0077732, 22.5445174], [114.0077354, 22.5446558], [114.0076053, 22.5446174], [114.0076465, 22.5445144], [114.0075986, 22.5445133]]]]}}, {"type": "Feature", "id": "way/1343483302", "properties": {"tags": {"building": "yes"}, "heightStatus": "unknown", "source": "OpenStreetMap", "license": "ODbL-1.0"}, "geometry": {"type": "MultiPolygon", "coordinates": [[[[114.0076221, 22.5449226], [114.0076456, 22.544844], [114.0077503, 22.5448707], [114.0077727, 22.5447959], [114.007868, 22.5448203], [114.0078457, 22.5448948], [114.0079675, 22.5449259], [114.0079438, 22.5450048], [114.0076221, 22.5449226]]]]}}, {"type": "Feature", "id": "way/1343483303", "properties": {"tags": {"building": "yes"}, "heightStatus": "unknown", "source": "OpenStreetMap", "license": "ODbL-1.0"}, "geometry": {"type": "MultiPolygon", "coordinates": [[[[114.0072775, 22.5449134], [114.0073822, 22.5448965], [114.0073693, 22.5448081], [114.0074484, 22.5447982], [114.007461, 22.5448837], [114.0075685, 22.5448663], [114.0075852, 22.5449543], [114.0072942, 22.5450013], [114.0072775, 22.5449134]]]]}}, {"type": "Feature", "id": "way/1343483306", "properties": {"tags": {"building": "yes"}, "heightStatus": "unknown", "source": "OpenStreetMap", "license": "ODbL-1.0"}, "geometry": {"type": "MultiPolygon", "coordinates": [[[[114.0060577, 22.5448862], [114.006059, 22.5448019], [114.0064265, 22.5448068], [114.0064251, 22.5448911], [114.0060577, 22.5448862]]]]}}, {"type": "Feature", "id": "way/1343483307", "properties": {"tags": {"addr:housename": "建业小区北区", "addr:housename:zh": "建业小区北区", "building": "apartments", "name": "2栋", "name:zh": "2栋"}, "heightStatus": "unknown", "source": "OpenStreetMap", "license": "ODbL-1.0"}, "geometry": {"type": "MultiPolygon", "coordinates": [[[[114.0078688, 22.5437461], [114.007903, 22.5436479], [114.0084253, 22.5438031], [114.0083634, 22.5439807], [114.0082525, 22.5439478], [114.0082801, 22.5438683], [114.0078688, 22.5437461]]]]}}, {"type": "Feature", "id": "way/1343483308", "properties": {"tags": {"addr:housename": "建业小区北区", "addr:housename:zh": "建业小区北区", "building": "apartments", "name": "4栋", "name:zh": "4栋"}, "heightStatus": "unknown", "source": "OpenStreetMap", "license": "ODbL-1.0"}, "geometry": {"type": "MultiPolygon", "coordinates": [[[[114.0071046, 22.5438599], [114.0071052, 22.5438294], [114.0071068, 22.5437568], [114.0076812, 22.5437675], [114.0076789, 22.5438706], [114.0071046, 22.5438599]]]]}}, {"type": "Feature", "id": "way/1343483309", "properties": {"tags": {"addr:housename": "建业小区北区", "addr:housename:zh": "建业小区北区", "building": "apartments", "name": "6栋", "name:zh": "6栋"}, "heightStatus": "unknown", "source": "OpenStreetMap", "license": "ODbL-1.0"}, "geometry": {"type": "MultiPolygon", "coordinates": [[[[114.0065309, 22.5438187], [114.0065332, 22.5437156], [114.0071075, 22.5437263], [114.0071068, 22.5437568], [114.0071052, 22.5438294], [114.0065309, 22.5438187]]]]}}, {"type": "Feature", "id": "way/1343483310", "properties": {"tags": {"addr:housename": "建业小区北区", "addr:housename:zh": "建业小区北区", "building": "apartments", "name": "1栋", "name:zh": "1栋"}, "heightStatus": "unknown", "source": "OpenStreetMap", "license": "ODbL-1.0"}, "geometry": {"type": "MultiPolygon", "coordinates": [[[[114.0077334, 22.5441202], [114.0077357, 22.5440171], [114.00831, 22.5440279], [114.0083078, 22.544131], [114.0077334, 22.5441202]]]]}}, {"type": "Feature", "id": "way/1343483311", "properties": {"tags": {"addr:housename": "建业小区北区", "addr:housename:zh": "建业小区北区", "building": "apartments", "name": "3栋", "name:zh": "3栋"}, "heightStatus": "unknown", "source": "OpenStreetMap", "license": "ODbL-1.0"}, "geometry": {"type": "MultiPolygon", "coordinates": [[[[114.0071, 22.5441033], [114.0071007, 22.5440729], [114.0071023, 22.5440002], [114.0076766, 22.544011], [114.0076744, 22.544114], [114.0071, 22.5441033]]]]}}, {"type": "Feature", "id": "way/1343483312", "properties": {"tags": {"addr:housename": "建业小区北区", "addr:housename:zh": "建业小区北区", "building": "apartments", "name": "5栋", "name:zh": "5栋"}, "heightStatus": "unknown", "source": "OpenStreetMap", "license": "ODbL-1.0"}, "geometry": {"type": "MultiPolygon", "coordinates": [[[[114.0065264, 22.5440622], [114.0065286, 22.5439591], [114.007103, 22.5439698], [114.0071023, 22.5440002], [114.0071007, 22.5440729], [114.0065264, 22.5440622]]]]}}, {"type": "Feature", "id": "way/1343483314", "properties": {"tags": {"addr:housename": "宝能城市公馆", "addr:housename:zh": "宝能城市公馆", "building": "34", "name": "4栋", "name:zh": "4栋"}, "heightStatus": "unknown", "source": "OpenStreetMap", "license": "ODbL-1.0"}, "geometry": {"type": "MultiPolygon", "coordinates": [[[[114.0058315, 22.5435049], [114.0060912, 22.543373], [114.0061377, 22.543451], [114.0060816, 22.5434796], [114.0060988, 22.5435085], [114.0060532, 22.5435316], [114.0061158, 22.5436368], [114.0060938, 22.543648], [114.0061191, 22.5436904], [114.0063546, 22.543695], [114.0063472, 22.5440204], [114.0061462, 22.5440165], [114.0061472, 22.5439758], [114.0061202, 22.5439895], [114.0058315, 22.5435049]]]]}}, {"type": "Feature", "id": "way/1343483315", "properties": {"tags": {"addr:housename": "宝能城市公馆", "addr:housename:zh": "宝能城市公馆", "building": "apartments", "building:levels": "32", "name": "3栋", "name:zh": "3栋"}, "heightStatus": "levels_only_unverified", "source": "OpenStreetMap", "license": "ODbL-1.0"}, "geometry": {"type": "MultiPolygon", "coordinates": [[[[114.0062366, 22.5433761], [114.0063141, 22.5433334], [114.0063036, 22.5433172], [114.0063388, 22.5432978], [114.0063492, 22.543314], [114.0063696, 22.5433027], [114.0063702, 22.5432561], [114.0063313, 22.5432557], [114.0063326, 22.5431595], [114.0065552, 22.543162], [114.0065539, 22.5432581], [114.006515, 22.5432577], [114.0065144, 22.5433043], [114.0065345, 22.543316], [114.0065454, 22.5433001], [114.00658, 22.5433203], [114.0065692, 22.5433362], [114.0066455, 22.5433807], [114.0065945, 22.5434553], [114.0064934, 22.5433964], [114.0063882, 22.5433952], [114.0062856, 22.5434519], [114.0062366, 22.5433761]]]]}}, {"type": "Feature", "id": "way/1343483316", "properties": {"tags": {"addr:housename": "宝能城市公馆", "addr:housename:zh": "宝能城市公馆", "building": "apartments", "building:levels": "23", "name": "2A栋", "name:zh": "2A栋"}, "heightStatus": "levels_only_unverified", "source": "OpenStreetMap", "license": "ODbL-1.0"}, "geometry": {"type": "MultiPolygon", "coordinates": [[[[114.0069605, 22.5427478], [114.0071553, 22.5426163], [114.0072043, 22.5426782], [114.0071571, 22.54271], [114.0071839, 22.5427438], [114.0072781, 22.5426802], [114.0073389, 22.542757], [114.0070499, 22.5429521], [114.0069891, 22.5428752], [114.0070833, 22.5428116], [114.0070566, 22.5427779], [114.0070095, 22.5428097], [114.0069605, 22.5427478]]]]}}, {"type": "Feature", "id": "way/1429442736", "properties": {"tags": {"addr:housename": "宝能城市公馆", "addr:housename:zh": "宝能城市公馆", "building": "apartments", "building:levels": "23", "name": "2B栋", "name:zh": "2B栋"}, "heightStatus": "levels_only_unverified", "source": "OpenStreetMap", "license": "ODbL-1.0"}, "geometry": {"type": "MultiPolygon", "coordinates": [[[[114.0066715, 22.5429429], [114.0068663, 22.5428114], [114.0069153, 22.5428733], [114.0068681, 22.5429051], [114.0068948, 22.5429389], [114.0069891, 22.5428752], [114.0070499, 22.5429521], [114.0067609, 22.5431472], [114.0067001, 22.5430703], [114.0067943, 22.5430067], [114.0067676, 22.542973], [114.0067205, 22.5430048], [114.0066715, 22.5429429]]]]}}, {"type": "Feature", "id": "way/1429442737", "properties": {"tags": {"addr:housename": "宝能城市公馆", "addr:housename:zh": "宝能城市公馆", "building": "apartments", "building:levels": "31", "name": "1B栋", "name:zh": "1B栋"}, "heightStatus": "levels_only_unverified", "source": "OpenStreetMap", "license": "ODbL-1.0"}, "geometry": {"type": "MultiPolygon", "coordinates": [[[[114.0073958, 22.5432461], [114.0075864, 22.5430804], [114.0076824, 22.5431746], [114.0076682, 22.5431869], [114.0076906, 22.5432088], [114.007634, 22.5432581], [114.0076664, 22.54329], [114.0076175, 22.5433325], [114.007585, 22.5433006], [114.0075283, 22.5433499], [114.007506, 22.5433279], [114.0074918, 22.5433403], [114.0073958, 22.5432461]]]]}}, {"type": "Feature", "id": "way/1429442739", "properties": {"tags": {"addr:housename": "香山美树苑", "addr:housename:zh": "香山美树苑", "building": "apartments", "building:levels": "22", "name": "8栋", "name:zh": "8栋"}, "heightStatus": "levels_only_unverified", "source": "OpenStreetMap", "license": "ODbL-1.0"}, "geometry": {"type": "MultiPolygon", "coordinates": [[[[114.009504, 22.5440958], [114.0095055, 22.5440156], [114.0096527, 22.544018], [114.0096536, 22.5439701], [114.0095952, 22.5439691], [114.0095965, 22.543902], [114.0098252, 22.5439057], [114.0098239, 22.5439728], [114.0097656, 22.5439719], [114.0097647, 22.5440154], [114.0099154, 22.5440591], [114.0098889, 22.5441369], [114.0097617, 22.5441], [114.009504, 22.5440958]]]]}}, {"type": "Feature", "id": "way/1429442740", "properties": {"tags": {"addr:housename": "香山美树苑", "addr:housename:zh": "香山美树苑", "building": "apartments", "building:levels": "22", "name": "3栋", "name:zh": "3栋"}, "heightStatus": "levels_only_unverified", "source": "OpenStreetMap", "license": "ODbL-1.0"}, "geometry": {"type": "MultiPolygon", "coordinates": [[[[114.0094764, 22.542753], [114.0095048, 22.5426861], [114.0095954, 22.5427188], [114.0096169, 22.5426701], [114.0095809, 22.5426566], [114.0095931, 22.5426288], [114.0096111, 22.5426356], [114.0096209, 22.5426135], [114.00974, 22.5426584], [114.0097302, 22.5426805], [114.0097482, 22.5426873], [114.0097359, 22.542715], [114.0096999, 22.5427015], [114.0096784, 22.5427501], [114.0097679, 22.5427853], [114.0097363, 22.542851], [114.0096077, 22.5428004], [114.0094764, 22.542753]]]]}}, {"type": "Feature", "id": "way/1429442741", "properties": {"tags": {"addr:housename": "香山美树苑", "addr:housename:zh": "香山美树苑", "building": "apartments", "building:levels": "22", "name": "1栋", "name:zh": "1栋"}, "heightStatus": "levels_only_unverified", "source": "OpenStreetMap", "license": "ODbL-1.0"}, "geometry": {"type": "MultiPolygon", "coordinates": [[[[114.0099884, 22.5429627], [114.0100241, 22.5428989], [114.0101099, 22.5429414], [114.0101375, 22.5428954], [114.0101035, 22.542878], [114.0101193, 22.5428518], [114.0101363, 22.5428605], [114.0101489, 22.5428396], [114.0102613, 22.5428973], [114.0102487, 22.5429182], [114.0102657, 22.5429269], [114.0102499, 22.5429531], [114.0102159, 22.5429357], [114.0101883, 22.5429816], [114.0102726, 22.5430264], [114.0102338, 22.5430887], [114.0101116, 22.5430238], [114.0099884, 22.5429627]]]]}}, {"type": "Feature", "id": "way/1431648007", "properties": {"tags": {"building": "hospital"}, "heightStatus": "unknown", "source": "OpenStreetMap", "license": "ODbL-1.0"}, "geometry": {"type": "MultiPolygon", "coordinates": [[[[114.0136274, 22.5402579], [114.0137195, 22.5399833], [114.0141026, 22.5400929], [114.0140105, 22.5403675], [114.0136274, 22.5402579]]]]}}, {"type": "Feature", "id": "way/1431648008", "properties": {"tags": {"building": "apartments", "name": "香蜜湖医院宿舍2栋", "name:en": "Xiangmihu Hospital Dormitory Block 2", "name:zh": "香蜜湖医院宿舍2栋"}, "heightStatus": "unknown", "source": "OpenStreetMap", "license": "ODbL-1.0"}, "geometry": {"type": "MultiPolygon", "coordinates": [[[[114.0141218, 22.5401852], [114.0141484, 22.540106], [114.0145136, 22.5402106], [114.0144871, 22.5402898], [114.0141218, 22.5401852]]]]}}, {"type": "Feature", "id": "way/1431648009", "properties": {"tags": {"building": "apartments", "name": "香蜜湖医院宿舍1栋", "name:en": "Xiangmihu Hospital Dormitory Block 1", "name:zh": "香蜜湖医院宿舍1栋"}, "heightStatus": "unknown", "source": "OpenStreetMap", "license": "ODbL-1.0"}, "geometry": {"type": "MultiPolygon", "coordinates": [[[[114.0140599, 22.5403817], [114.0140865, 22.5403025], [114.0144517, 22.5404071], [114.0144251, 22.5404862], [114.0140599, 22.5403817]]]]}}, {"type": "Feature", "id": "way/1431648010", "properties": {"tags": {"building": "school"}, "heightStatus": "unknown", "source": "OpenStreetMap", "license": "ODbL-1.0"}, "geometry": {"type": "MultiPolygon", "coordinates": [[[[114.013305, 22.5411529], [114.0133427, 22.5410456], [114.0141586, 22.5412899], [114.0141275, 22.5413787], [114.0140919, 22.541368], [114.0140854, 22.5413866], [114.013305, 22.5411529]]]]}}, {"type": "Feature", "id": "relation/19628369", "properties": {"tags": {"building": "school"}, "heightStatus": "unknown", "source": "OpenStreetMap", "license": "ODbL-1.0"}, "geometry": {"type": "MultiPolygon", "coordinates": [[[[114.0134512, 22.5407603], [114.0134764, 22.5406885], [114.0137369, 22.5407665], [114.0137648, 22.540687], [114.0143117, 22.5408508], [114.014222, 22.5411062], [114.0141775, 22.5410928], [114.0141479, 22.5411771], [114.0136864, 22.5410389], [114.0137525, 22.5408505], [114.0134512, 22.5407603]], [[114.0137844, 22.5409927], [114.0141424, 22.5410999], [114.0142136, 22.540897], [114.0138556, 22.5407898], [114.0137844, 22.5409927]]]]}}, {"type": "Feature", "id": "way/1431648013", "properties": {"tags": {"building": "school"}, "heightStatus": "unknown", "source": "OpenStreetMap", "license": "ODbL-1.0"}, "geometry": {"type": "MultiPolygon", "coordinates": [[[[114.0135116, 22.5404722], [114.0135161, 22.5404463], [114.013529, 22.5404228], [114.0135491, 22.5404042], [114.0135745, 22.5403923], [114.0136026, 22.5403881], [114.0136307, 22.5403922], [114.0143055, 22.5405943], [114.0143309, 22.5406062], [114.014351, 22.5406248], [114.014364, 22.5406482], [114.0143684, 22.5406742], [114.014364, 22.5407002], [114.0143511, 22.5407236], [114.0143309, 22.5407422], [114.0143056, 22.5407542], [114.0142775, 22.5407583], [114.0142493, 22.5407542], [114.0141383, 22.540721], [114.0141587, 22.5406627], [114.013706, 22.5405272], [114.0136856, 22.5405854], [114.0135746, 22.5405522], [114.0135492, 22.5405402], [114.013529, 22.5405217], [114.0135161, 22.5404982], [114.0135116, 22.5404722]]]]}}, {"type": "Feature", "id": "way/1431650648", "properties": {"tags": {"addr:housename": "建业小区", "addr:housename:en": "Jianye Residential Estate", "addr:housename:zh": "建业小区", "building": "apartments", "building:levels": "8", "name": "4栋", "name:en": "Block 4", "name:zh": "4栋"}, "heightStatus": "levels_only_unverified", "source": "OpenStreetMap", "license": "ODbL-1.0"}, "geometry": {"type": "MultiPolygon", "coordinates": [[[[114.0106169, 22.5399289], [114.0106296, 22.5398532], [114.0106488, 22.5398559], [114.0106549, 22.5398198], [114.0107508, 22.5398336], [114.0107447, 22.5398697], [114.0107638, 22.5398724], [114.01077, 22.5398357], [114.0107892, 22.5398384], [114.0107953, 22.5398023], [114.0108912, 22.5398161], [114.0108851, 22.5398522], [114.0109044, 22.5398549], [114.0108988, 22.5398918], [114.0109181, 22.5398946], [114.0109241, 22.5398585], [114.0110201, 22.5398722], [114.011014, 22.5399084], [114.0110332, 22.5399111], [114.0110401, 22.5398744], [114.0110593, 22.5398772], [114.0110654, 22.5398411], [114.0111613, 22.5398548], [114.0111552, 22.539891], [114.0111744, 22.5398937], [114.0111615, 22.5399694], [114.0110273, 22.5399501], [114.0110205, 22.5399868], [114.0108861, 22.5399675], [114.0108916, 22.5399306], [114.0107574, 22.5399114], [114.0107512, 22.5399482], [114.0106169, 22.5399289]]]]}}, {"type": "Feature", "id": "way/1431650649", "properties": {"tags": {"addr:housename": "建业小区", "addr:housename:en": "Jianye Residential Estate", "addr:housename:zh": "建业小区", "building": "apartments", "building:levels": "8", "name": "3栋", "name:en": "Block 3", "name:zh": "3栋"}, "heightStatus": "levels_only_unverified", "source": "OpenStreetMap", "license": "ODbL-1.0"}, "geometry": {"type": "MultiPolygon", "coordinates": [[[[114.0112284, 22.5399765], [114.0112462, 22.5398707], [114.0118137, 22.5399522], [114.0117958, 22.540058], [114.0112284, 22.5399765]]]]}}, {"type": "Feature", "id": "way/1431650650", "properties": {"tags": {"addr:housename": "建业小区", "addr:housename:en": "Jianye Residential Estate", "addr:housename:zh": "建业小区", "building": "apartments", "building:levels": "8", "name": "7栋", "name:en": "Block 7", "name:zh": "7栋"}, "heightStatus": "levels_only_unverified", "source": "OpenStreetMap", "license": "ODbL-1.0"}, "geometry": {"type": "MultiPolygon", "coordinates": [[[[114.0097817, 22.5406389], [114.0098144, 22.5405396], [114.0103575, 22.5406919], [114.0103248, 22.5407912], [114.0097817, 22.5406389]]]]}}, {"type": "Feature", "id": "way/1431650651", "properties": {"tags": {"building": "apartments"}, "heightStatus": "unknown", "source": "OpenStreetMap", "license": "ODbL-1.0"}, "geometry": {"type": "MultiPolygon", "coordinates": [[[[114.0100875, 22.5403415], [114.0101166, 22.540253], [114.0103021, 22.540305], [114.0103192, 22.540253], [114.0105078, 22.5403058], [114.0104787, 22.5403944], [114.0102932, 22.5403424], [114.0102761, 22.5403944], [114.0100875, 22.5403415]]]]}}, {"type": "Feature", "id": "way/1431650652", "properties": {"tags": {"building": "apartments"}, "heightStatus": "unknown", "source": "OpenStreetMap", "license": "ODbL-1.0"}, "geometry": {"type": "MultiPolygon", "coordinates": [[[[114.0103192, 22.5406389], [114.0103868, 22.5404331], [114.0104851, 22.5404607], [114.0104174, 22.5406664], [114.0103192, 22.5406389]]]]}}, {"type": "Feature", "id": "way/1431650653", "properties": {"tags": {"addr:housename": "建业小区", "addr:housename:en": "Jianye Residential Estate", "addr:housename:zh": "建业小区", "building": "apartments", "building:levels": "8", "name": "23栋", "name:en": "Block 23", "name:zh": "23栋"}, "heightStatus": "levels_only_unverified", "source": "OpenStreetMap", "license": "ODbL-1.0"}, "geometry": {"type": "MultiPolygon", "coordinates": [[[[114.0087419, 22.5417731], [114.0087692, 22.5416888], [114.0092076, 22.5418099], [114.0091802, 22.5418943], [114.0087419, 22.5417731]]]]}}, {"type": "Feature", "id": "way/1431650654", "properties": {"tags": {"addr:housename": "建业小区", "addr:housename:en": "Jianye Residential Estate", "addr:housename:zh": "建业小区", "building": "apartments", "building:levels": "8", "name": "22A栋", "name:en": "Block 22A", "name:zh": "22A栋"}, "heightStatus": "levels_only_unverified", "source": "OpenStreetMap", "license": "ODbL-1.0"}, "geometry": {"type": "MultiPolygon", "coordinates": [[[[114.0085443, 22.5416478], [114.0085822, 22.5415312], [114.0087738, 22.5415841], [114.0087494, 22.5416597], [114.008736, 22.5417008], [114.0085443, 22.5416478]]]]}}, {"type": "Feature", "id": "way/1431650655", "properties": {"tags": {"addr:housename": "建业小区", "addr:housename:en": "Jianye Residential Estate", "addr:housename:zh": "建业小区", "building": "apartments", "building:levels": "8", "name": "17栋", "name:en": "Block 17", "name:zh": "17栋"}, "heightStatus": "levels_only_unverified", "source": "OpenStreetMap", "license": "ODbL-1.0"}, "geometry": {"type": "MultiPolygon", "coordinates": [[[[114.0094335, 22.5415867], [114.009477, 22.5414525], [114.0096335, 22.5414958], [114.009645, 22.5414604], [114.0097009, 22.5414759], [114.0096894, 22.5415112], [114.0097459, 22.5415269], [114.0097573, 22.5414915], [114.0098132, 22.541507], [114.0098019, 22.5415419], [114.0099433, 22.5415809], [114.0099548, 22.5415456], [114.0100107, 22.5415611], [114.0099992, 22.5415964], [114.0100557, 22.541612], [114.0100671, 22.5415767], [114.010123, 22.5415921], [114.0100774, 22.5417328], [114.0099155, 22.541688], [114.0099061, 22.5417169], [114.0097433, 22.5416719], [114.0097525, 22.5416435], [114.0096057, 22.5416029], [114.0095963, 22.5416317], [114.0094335, 22.5415867]]]]}}, {"type": "Feature", "id": "way/1431650656", "properties": {"tags": {"addr:housename": "建业小区", "addr:housename:en": "Jianye Residential Estate", "addr:housename:zh": "建业小区", "building": "apartments", "building:levels": "8", "name": "14栋", "name:en": "Block 14", "name:zh": "14栋"}, "heightStatus": "levels_only_unverified", "source": "OpenStreetMap", "license": "ODbL-1.0"}, "geometry": {"type": "MultiPolygon", "coordinates": [[[[114.0095213, 22.5413287], [114.0095648, 22.5411945], [114.0097213, 22.5412378], [114.0097328, 22.5412024], [114.0097887, 22.5412179], [114.0097772, 22.5412532], [114.0098337, 22.5412688], [114.0098451, 22.5412335], [114.009901, 22.5412489], [114.0098897, 22.5412838], [114.0100311, 22.5413229], [114.0100426, 22.5412876], [114.0100985, 22.541303], [114.010087, 22.5413384], [114.0101435, 22.541354], [114.010155, 22.5413186], [114.0102109, 22.5413341], [114.0101653, 22.5414748], [114.0100033, 22.54143], [114.0099939, 22.5414589], [114.0098311, 22.5414139], [114.0098403, 22.5413855], [114.0096935, 22.5413449], [114.0096841, 22.5413737], [114.0095213, 22.5413287]]]]}}, {"type": "Feature", "id": "way/1431650657", "properties": {"tags": {"addr:housename": "建业小区", "addr:housename:en": "Jianye Residential Estate", "addr:housename:zh": "建业小区", "building": "apartments", "building:levels": "8", "name": "5栋", "name:en": "Block 5", "name:zh": "5栋"}, "heightStatus": "levels_only_unverified", "source": "OpenStreetMap", "license": "ODbL-1.0"}, "geometry": {"type": "MultiPolygon", "coordinates": [[[[114.010639, 22.540447], [114.0106517, 22.5403714], [114.0106709, 22.5403741], [114.010677, 22.540338], [114.0107729, 22.5403518], [114.0107668, 22.5403879], [114.0107859, 22.5403906], [114.0107921, 22.5403538], [114.0108113, 22.5403566], [114.0108174, 22.5403205], [114.0109133, 22.5403342], [114.0109072, 22.5403704], [114.0109265, 22.5403731], [114.0109209, 22.54041], [114.0109402, 22.5404128], [114.0109462, 22.5403766], [114.0110422, 22.5403904], [114.0110361, 22.5404265], [114.0110553, 22.5404293], [114.0110622, 22.5403926], [114.0110814, 22.5403954], [114.0110875, 22.5403592], [114.0111834, 22.540373], [114.0111773, 22.5404091], [114.0111965, 22.5404119], [114.0111903, 22.5404487], [114.0112094, 22.5404514], [114.0112155, 22.5404153], [114.0113114, 22.5404291], [114.0113053, 22.5404652], [114.0113245, 22.5404679], [114.0113118, 22.5405436], [114.0111774, 22.5405243], [114.0111836, 22.5404875], [114.0110494, 22.5404683], [114.0110426, 22.540505], [114.0109082, 22.5404857], [114.0109137, 22.5404488], [114.0107795, 22.5404295], [114.0107733, 22.5404663], [114.010639, 22.540447]]]]}}, {"type": "Feature", "id": "way/1431650658", "properties": {"tags": {"addr:housename": "建业小区", "addr:housename:en": "Jianye Residential Estate", "addr:housename:zh": "建业小区", "building": "apartments", "building:levels": "8", "name": "4栋", "name:en": "Block 4", "name:zh": "4栋"}, "heightStatus": "levels_only_unverified", "source": "OpenStreetMap", "license": "ODbL-1.0"}, "geometry": {"type": "MultiPolygon", "coordinates": [[[[114.0103418, 22.5401488], [114.0103541, 22.5400753], [114.0105326, 22.5401006], [114.0105379, 22.540069], [114.0107167, 22.5400944], [114.0107113, 22.5401267], [114.01089, 22.5401521], [114.0108952, 22.5401205], [114.0112526, 22.5401712], [114.0112474, 22.5402028], [114.011426, 22.5402281], [114.0114314, 22.5401958], [114.0116102, 22.5402211], [114.0115979, 22.5402946], [114.0114192, 22.5402693], [114.0114138, 22.5403016], [114.011235, 22.5402763], [114.0112403, 22.5402447], [114.0108831, 22.540194], [114.0108779, 22.5402256], [114.0106991, 22.5402003], [114.0107044, 22.5401679], [114.0105258, 22.5401426], [114.0105205, 22.5401742], [114.0103418, 22.5401488]]]]}}, {"type": "Feature", "id": "way/1431650659", "properties": {"tags": {"addr:housename": "建业小区", "addr:housename:en": "Jianye Residential Estate", "addr:housename:zh": "建业小区", "building": "apartments", "building:levels": "8", "name": "6栋", "name:en": "Block 6", "name:zh": "6栋"}, "heightStatus": "levels_only_unverified", "source": "OpenStreetMap", "license": "ODbL-1.0"}, "geometry": {"type": "MultiPolygon", "coordinates": [[[[114.0105612, 22.5406451], [114.0105903, 22.5405615], [114.0106088, 22.540567], [114.0106212, 22.5405314], [114.0107142, 22.540559], [114.0107018, 22.5405946], [114.0107199, 22.5405999], [114.0107262, 22.5405819], [114.0107447, 22.5405874], [114.0107571, 22.5405518], [114.0108501, 22.5405794], [114.0108377, 22.540615], [114.0108558, 22.5406203], [114.010861, 22.5406055], [114.0108795, 22.540611], [114.0108919, 22.5405754], [114.010985, 22.540603], [114.0109726, 22.5406386], [114.0109906, 22.5406439], [114.0109969, 22.5406259], [114.0110154, 22.5406314], [114.0110278, 22.5405958], [114.0111209, 22.5406234], [114.0111085, 22.540659], [114.011127, 22.5406645], [114.0110979, 22.5407481], [114.0109683, 22.5407096], [114.010962, 22.5407277], [114.0108323, 22.5406892], [114.0108272, 22.5407041], [114.0106976, 22.5406656], [114.0106913, 22.5406837], [114.0105612, 22.5406451]]]]}}, {"type": "Feature", "id": "way/1431650660", "properties": {"tags": {"addr:housename": "建业小区", "addr:housename:en": "Jianye Residential Estate", "addr:housename:zh": "建业小区", "building": "apartments", "building:levels": "8", "name": "8栋", "name:en": "Block 8", "name:zh": "8栋"}, "heightStatus": "levels_only_unverified", "source": "OpenStreetMap", "license": "ODbL-1.0"}, "geometry": {"type": "MultiPolygon", "coordinates": [[[[114.0105022, 22.5408248], [114.0105312, 22.5407412], [114.0105498, 22.5407467], [114.0105621, 22.5407111], [114.0106552, 22.5407387], [114.0106428, 22.5407743], [114.0106799, 22.5407853], [114.0106923, 22.5407497], [114.0107853, 22.5407773], [114.0107729, 22.5408129], [114.01081, 22.5408238], [114.0108224, 22.5407882], [114.0109154, 22.5408158], [114.010903, 22.5408514], [114.0109401, 22.5408624], [114.0109525, 22.5408268], [114.0110455, 22.5408544], [114.0110331, 22.54089], [114.0110517, 22.5408955], [114.0110226, 22.5409792], [114.0105022, 22.5408248]]]]}}, {"type": "Feature", "id": "way/1431650661", "properties": {"tags": {"addr:housename": "建业小区", "addr:housename:en": "Jianye Residential Estate", "addr:housename:zh": "建业小区", "building": "apartments", "building:levels": "8", "name": "9栋", "name:en": "Block 9", "name:zh": "9栋"}, "heightStatus": "levels_only_unverified", "source": "OpenStreetMap", "license": "ODbL-1.0"}, "geometry": {"type": "MultiPolygon", "coordinates": [[[[114.0104179, 22.5410597], [114.010447, 22.5409761], [114.0104655, 22.5409816], [114.0104779, 22.540946], [114.010571, 22.5409736], [114.0105586, 22.5410092], [114.0105956, 22.5410201], [114.010608, 22.5409845], [114.0107011, 22.5410121], [114.0106887, 22.5410477], [114.0107257, 22.5410587], [114.0107381, 22.5410231], [114.0108312, 22.5410507], [114.0108188, 22.5410863], [114.0108558, 22.5410973], [114.0108682, 22.5410617], [114.0109613, 22.5410893], [114.0109489, 22.5411249], [114.0109674, 22.5411304], [114.0109383, 22.5412141], [114.0104179, 22.5410597]]]]}}, {"type": "Feature", "id": "way/1431650662", "properties": {"tags": {"addr:housename": "竹园小区南区", "addr:housename:en": "Zhuyuan Residential Estate (South)", "addr:housename:zh": "竹园小区南区", "building": "apartments", "building:levels": "7", "name": "18栋", "name:en": "Block 18", "name:zh": "18栋"}, "heightStatus": "levels_only_unverified", "source": "OpenStreetMap", "license": "ODbL-1.0"}, "geometry": {"type": "MultiPolygon", "coordinates": [[[[114.0119075, 22.5401204], [114.011994, 22.540008], [114.0120299, 22.5400143], [114.012026, 22.5400331], [114.0120106, 22.5401079], [114.0120045, 22.5401374], [114.0119075, 22.5401204]]]]}}, {"type": "Feature", "id": "way/1431650663", "properties": {"tags": {"addr:housename": "竹园小区南区", "addr:housename:en": "Zhuyuan Residential Estate (South)", "addr:housename:zh": "竹园小区南区", "building": "apartments", "building:levels": "7", "name": "19栋", "name:en": "Block 19", "name:zh": "19栋"}, "heightStatus": "levels_only_unverified", "source": "OpenStreetMap", "license": "ODbL-1.0"}, "geometry": {"type": "MultiPolygon", "coordinates": [[[[114.011764, 22.5403609], [114.0117769, 22.5402983], [114.0117991, 22.5403022], [114.0118054, 22.5402718], [114.0118402, 22.5402779], [114.0118463, 22.5402478], [114.0119641, 22.5402685], [114.0119602, 22.5402873], [114.0119448, 22.5403621], [114.0119388, 22.5403915], [114.011764, 22.5403609]]]]}}, {"type": "Feature", "id": "way/1431650664", "properties": {"tags": {"addr:housename": "竹园小区南区", "addr:housename:en": "Zhuyuan Residential Estate (South)", "addr:housename:zh": "竹园小区南区", "building": "apartments", "building:levels": "7", "name": "12栋", "name:en": "Block 12", "name:zh": "12栋"}, "heightStatus": "levels_only_unverified", "source": "OpenStreetMap", "license": "ODbL-1.0"}, "geometry": {"type": "MultiPolygon", "coordinates": [[[[114.0116046, 22.5410896], [114.0116245, 22.5410326], [114.0116615, 22.5410436], [114.0116716, 22.5410145], [114.0116531, 22.541009], [114.0116781, 22.5409371], [114.0118078, 22.5409756], [114.0117828, 22.5410475], [114.0117643, 22.541042], [114.0117541, 22.541071], [114.0118282, 22.541093], [114.0118383, 22.5410639], [114.0118198, 22.5410584], [114.0118448, 22.5409866], [114.0119745, 22.541025], [114.0119495, 22.5410969], [114.011931, 22.5410914], [114.0119209, 22.5411205], [114.0119949, 22.5411425], [114.012005, 22.5411134], [114.0119865, 22.5411079], [114.0120115, 22.541036], [114.0121412, 22.5410745], [114.0121162, 22.5411463], [114.0120977, 22.5411409], [114.0120876, 22.5411699], [114.0121246, 22.5411809], [114.0121048, 22.541238], [114.0116046, 22.5410896]]]]}}, {"type": "Feature", "id": "way/1431650665", "properties": {"tags": {"addr:housename": "竹园小区南区", "addr:housename:en": "Zhuyuan Residential Estate (South)", "addr:housename:zh": "竹园小区南区", "building": "apartments", "building:levels": "7", "name": "11栋", "name:en": "Block 11", "name:zh": "11栋"}, "heightStatus": "levels_only_unverified", "source": "OpenStreetMap", "license": "ODbL-1.0"}, "geometry": {"type": "MultiPolygon", "coordinates": [[[[114.0117088, 22.5408208], [114.011729, 22.540717], [114.0122506, 22.5408039], [114.0122303, 22.5409077], [114.0117088, 22.5408208]]]]}}, {"type": "Feature", "id": "way/1431650666", "properties": {"tags": {"addr:housename": "竹园小区南区", "addr:housename:en": "Zhuyuan Residential Estate (South)", "addr:housename:zh": "竹园小区南区", "building": "apartments", "building:levels": "7", "name": "7栋", "name:en": "Block 7", "name:zh": "7栋"}, "heightStatus": "levels_only_unverified", "source": "OpenStreetMap", "license": "ODbL-1.0"}, "geometry": {"type": "MultiPolygon", "coordinates": [[[[114.0121181, 22.5398625], [114.0121335, 22.5397877], [114.0121526, 22.5397911], [114.0121557, 22.5397761], [114.0122783, 22.5397976], [114.0122808, 22.5397852], [114.0122999, 22.5397886], [114.012303, 22.5397736], [114.0124189, 22.539794], [114.0124158, 22.5398089], [114.012435, 22.5398123], [114.0124323, 22.5398252], [114.0125546, 22.5398467], [114.0125515, 22.5398616], [114.0125706, 22.539865], [114.0125552, 22.5399398], [114.0124011, 22.5399127], [114.0124068, 22.5398849], [114.0122779, 22.5398623], [114.0122723, 22.5398896], [114.0121181, 22.5398625]]]]}}, {"type": "Feature", "id": "way/1431650667", "properties": {"tags": {"addr:housename": "竹园小区南区", "addr:housename:en": "Zhuyuan Residential Estate (South)", "addr:housename:zh": "竹园小区南区", "building": "apartments", "building:levels": "7", "name": "10栋", "name:en": "Block 10", "name:zh": "10栋"}, "heightStatus": "levels_only_unverified", "source": "OpenStreetMap", "license": "ODbL-1.0"}, "geometry": {"type": "MultiPolygon", "coordinates": [[[[114.0118562, 22.5406192], [114.0118716, 22.5405444], [114.0118907, 22.5405478], [114.0118938, 22.5405328], [114.0120164, 22.5405543], [114.0120189, 22.540542], [114.012038, 22.5405453], [114.0120411, 22.5405304], [114.012157, 22.5405507], [114.012154, 22.5405657], [114.0121731, 22.540569], [114.0121704, 22.5405819], [114.0122927, 22.5406034], [114.0122896, 22.5406184], [114.0123087, 22.5406217], [114.0122933, 22.5406965], [114.0121392, 22.5406695], [114.0121449, 22.5406416], [114.012016, 22.540619], [114.0120104, 22.5406463], [114.0118562, 22.5406192]]]]}}, {"type": "Feature", "id": "way/1431650668", "properties": {"tags": {"addr:housename": "竹园小区南区", "addr:housename:en": "Zhuyuan Residential Estate (South)", "addr:housename:zh": "竹园小区南区", "building": "apartments", "building:levels": "7", "name": "9栋", "name:en": "Block 9", "name:zh": "9栋"}, "heightStatus": "levels_only_unverified", "source": "OpenStreetMap", "license": "ODbL-1.0"}, "geometry": {"type": "MultiPolygon", "coordinates": [[[[114.0119448, 22.5403621], [114.0119602, 22.5402873], [114.0119793, 22.5402907], [114.0119824, 22.5402757], [114.012105, 22.5402972], [114.0121075, 22.5402849], [114.0121266, 22.5402882], [114.0121297, 22.5402733], [114.0122456, 22.5402936], [114.0122426, 22.5403086], [114.0122617, 22.5403119], [114.012259, 22.5403248], [114.0123813, 22.5403463], [114.0123782, 22.5403612], [114.0123973, 22.5403646], [114.012382, 22.5404394], [114.0122278, 22.5404124], [114.0122335, 22.5403845], [114.0121046, 22.5403619], [114.012099, 22.5403892], [114.0119448, 22.5403621]]]]}}, {"type": "Feature", "id": "way/1431650669", "properties": {"tags": {"addr:housename": "竹园小区南区", "addr:housename:en": "Zhuyuan Residential Estate (South)", "addr:housename:zh": "竹园小区南区", "building": "apartments", "building:levels": "7", "name": "8栋", "name:en": "Block 8", "name:zh": "8栋"}, "heightStatus": "levels_only_unverified", "source": "OpenStreetMap", "license": "ODbL-1.0"}, "geometry": {"type": "MultiPolygon", "coordinates": [[[[114.0120106, 22.5401079], [114.012026, 22.5400331], [114.0120451, 22.5400364], [114.0120482, 22.5400215], [114.0121707, 22.540043], [114.0121733, 22.5400306], [114.0121924, 22.540034], [114.0121955, 22.540019], [114.0123114, 22.5400394], [114.0123083, 22.5400543], [114.0123274, 22.5400577], [114.0123248, 22.5400706], [114.0124471, 22.540092], [114.012444, 22.540107], [114.0124631, 22.5401104], [114.0124477, 22.5401852], [114.0122936, 22.5401581], [114.0122993, 22.5401303], [114.0121704, 22.5401076], [114.0121647, 22.540135], [114.0120106, 22.5401079]]]]}}, {"type": "Feature", "id": "way/1431713266", "properties": {"tags": {"addr:housename": "益华大厦", "addr:housename:en": "Yihua Building", "addr:housename:zh": "益华大厦", "building": "commercial", "name": "A座", "name:en": "Block A", "name:zh": "A座"}, "heightStatus": "unknown", "source": "OpenStreetMap", "license": "ODbL-1.0"}, "geometry": {"type": "MultiPolygon", "coordinates": [[[[114.0083019, 22.5385138], [114.0083172, 22.5384368], [114.0083273, 22.5384115], [114.0083433, 22.538389], [114.0083644, 22.5383704], [114.0083896, 22.5383567], [114.0084175, 22.5383488], [114.0084467, 22.5383469], [114.0084755, 22.5383512], [114.0084788, 22.5383344], [114.0089782, 22.5384192], [114.0089714, 22.5384533], [114.009049, 22.5384665], [114.0090415, 22.5385038], [114.0091248, 22.5385179], [114.009111, 22.5385874], [114.0084573, 22.5384765], [114.008445, 22.538538], [114.0083019, 22.5385138]]]]}}, {"type": "Feature", "id": "way/1431713267", "properties": {"tags": {"addr:housename": "益华大厦", "addr:housename:en": "Yihua Building", "addr:housename:zh": "益华大厦", "building": "commercial", "name": "A座", "name:en": "Block B", "name:zh": "A座"}, "heightStatus": "unknown", "source": "OpenStreetMap", "license": "ODbL-1.0"}, "geometry": {"type": "MultiPolygon", "coordinates": [[[[114.0082569, 22.538804], [114.0082837, 22.5386695], [114.0083794, 22.5386857], [114.008395, 22.5386073], [114.0091715, 22.5387391], [114.0091559, 22.5388175], [114.0092516, 22.5388338], [114.0092248, 22.5389682], [114.0091291, 22.538952], [114.0091146, 22.5390249], [114.0083381, 22.5388931], [114.0083526, 22.5388202], [114.0082569, 22.538804]]]]}}, {"type": "Feature", "id": "way/1431713278", "properties": {"tags": {"addr:housename": "越众小区", "addr:housename:en": "Yuezhong Residential Community", "addr:housename:zh": "越众小区", "building": "apartments", "building:levels": "7", "name": "9栋", "name:en": "Block 9", "name:zh": "9栋"}, "heightStatus": "levels_only_unverified", "source": "OpenStreetMap", "license": "ODbL-1.0"}, "geometry": {"type": "MultiPolygon", "coordinates": [[[[114.0053815, 22.5402745], [114.005401, 22.54017], [114.0054585, 22.5401791], [114.0054553, 22.5401962], [114.0055193, 22.5402064], [114.0055225, 22.5401893], [114.0055706, 22.5401969], [114.0055779, 22.5401577], [114.0056354, 22.5401668], [114.0056323, 22.5401839], [114.0056963, 22.5401941], [114.0056995, 22.540177], [114.005757, 22.5401861], [114.0057376, 22.5402905], [114.0055679, 22.5402636], [114.0055606, 22.5403028], [114.0053815, 22.5402745]]]]}}, {"type": "Feature", "id": "way/1431713281", "properties": {"tags": {"addr:housename": "越众小区", "addr:housename:en": "Yuezhong Residential Community", "addr:housename:zh": "越众小区", "building": "apartments", "building:levels": "7", "name": "6栋", "name:en": "Block 6", "name:zh": "6栋"}, "heightStatus": "levels_only_unverified", "source": "OpenStreetMap", "license": "ODbL-1.0"}, "geometry": {"type": "MultiPolygon", "coordinates": [[[[114.005904, 22.5393434], [114.005977, 22.5393387], [114.0059922, 22.5392582], [114.0060757, 22.5392716], [114.0060605, 22.5393521], [114.0061274, 22.5393794], [114.006097, 22.539443], [114.0060072, 22.5394064], [114.0059093, 22.5394128], [114.005904, 22.5393434]]]]}}, {"type": "Feature", "id": "way/1431713282", "properties": {"tags": {"addr:housename": "越众小区", "addr:housename:en": "Yuezhong Residential Community", "addr:housename:zh": "越众小区", "building": "apartments", "building:levels": "7", "name": "5栋", "name:en": "Block 5", "name:zh": "5栋"}, "heightStatus": "levels_only_unverified", "source": "OpenStreetMap", "license": "ODbL-1.0"}, "geometry": {"type": "MultiPolygon", "coordinates": [[[[114.0059249, 22.5391211], [114.0059373, 22.5390554], [114.0059965, 22.5390649], [114.0059996, 22.5390488], [114.0059544, 22.5390416], [114.0059685, 22.5389667], [114.0060309, 22.5389768], [114.0060261, 22.5390022], [114.0060859, 22.5390118], [114.0060907, 22.5389864], [114.0061532, 22.5389964], [114.0061391, 22.5390713], [114.0060939, 22.539064], [114.0060908, 22.5390801], [114.0061501, 22.5390896], [114.0061377, 22.5391554], [114.0059249, 22.5391211]]]]}}, {"type": "Feature", "id": "way/1431713283", "properties": {"tags": {"addr:housename": "越众小区", "addr:housename:en": "Yuezhong Residential Community", "addr:housename:zh": "越众小区", "building": "apartments", "building:levels": "7", "name": "4栋", "name:en": "Block 4", "name:zh": "4栋"}, "heightStatus": "levels_only_unverified", "source": "OpenStreetMap", "license": "ODbL-1.0"}, "geometry": {"type": "MultiPolygon", "coordinates": [[[[114.0059911, 22.5387735], [114.0060071, 22.5386887], [114.0060891, 22.5387019], [114.0060839, 22.5387294], [114.0062698, 22.5387593], [114.0062756, 22.5387287], [114.0064217, 22.5387522], [114.0064159, 22.5387826], [114.0065173, 22.5387989], [114.0065013, 22.5388837], [114.0064193, 22.5388705], [114.0064245, 22.5388431], [114.0062394, 22.5388133], [114.0062336, 22.5388439], [114.0060868, 22.5388203], [114.0060925, 22.5387898], [114.0059911, 22.5387735]]]]}}, {"type": "Feature", "id": "way/1431713284", "properties": {"tags": {"addr:housename": "越众小区", "addr:housename:en": "Yuezhong Residential Community", "addr:housename:zh": "越众小区", "building": "apartments", "building:levels": "7", "name": "31栋", "name:en": "Block 31", "name:zh": "31栋"}, "heightStatus": "levels_only_unverified", "source": "OpenStreetMap", "license": "ODbL-1.0"}, "geometry": {"type": "MultiPolygon", "coordinates": [[[[114.0072333, 22.538993], [114.0072508, 22.5388989], [114.0079485, 22.5390096], [114.007931, 22.5391036], [114.0072333, 22.538993]]]]}}, {"type": "Feature", "id": "way/1431713285", "properties": {"tags": {"addr:housename": "越众小区", "addr:housename:en": "Yuezhong Residential Community", "addr:housename:zh": "越众小区", "building": "apartments", "building:levels": "7", "name": "32栋", "name:en": "Block 32", "name:zh": "32栋"}, "heightStatus": "levels_only_unverified", "source": "OpenStreetMap", "license": "ODbL-1.0"}, "geometry": {"type": "MultiPolygon", "coordinates": [[[[114.0071998, 22.5392071], [114.0072173, 22.539113], [114.0078395, 22.5392116], [114.007822, 22.5393057], [114.0071998, 22.5392071]]]]}}, {"type": "Feature", "id": "way/1431713286", "properties": {"tags": {"addr:housename": "越众小区", "addr:housename:en": "Yuezhong Residential Community", "addr:housename:zh": "越众小区", "building": "apartments", "building:levels": "7", "name": "34栋", "name:en": "Block 34", "name:zh": "34栋"}, "heightStatus": "levels_only_unverified", "source": "OpenStreetMap", "license": "ODbL-1.0"}, "geometry": {"type": "MultiPolygon", "coordinates": [[[[114.0071529, 22.5396443], [114.0071704, 22.5395502], [114.0076423, 22.539625], [114.0076248, 22.5397191], [114.0071529, 22.5396443]]]]}}, {"type": "Feature", "id": "way/1431713287", "properties": {"tags": {"addr:housename": "越众小区", "addr:housename:en": "Yuezhong Residential Community", "addr:housename:zh": "越众小区", "building": "apartments", "building:levels": "7", "name": "33栋", "name:en": "Block 33", "name:zh": "33栋"}, "heightStatus": "levels_only_unverified", "source": "OpenStreetMap", "license": "ODbL-1.0"}, "geometry": {"type": "MultiPolygon", "coordinates": [[[[114.0072554, 22.5394297], [114.0072728, 22.5393356], [114.0077447, 22.5394105], [114.0077272, 22.5395045], [114.0072554, 22.5394297]]]]}}, {"type": "Feature", "id": "way/1431713288", "properties": {"tags": {"addr:housename": "越众小区", "addr:housename:en": "Yuezhong Residential Community", "addr:housename:zh": "越众小区", "building": "apartments", "building:levels": "7", "name": "13栋", "name:en": "Block 13", "name:zh": "13栋"}, "heightStatus": "levels_only_unverified", "source": "OpenStreetMap", "license": "ODbL-1.0"}, "geometry": {"type": "MultiPolygon", "coordinates": [[[[114.0062872, 22.5392701], [114.0063067, 22.5391656], [114.0063642, 22.5391747], [114.006361, 22.5391919], [114.006425, 22.539202], [114.0064282, 22.5391849], [114.0064763, 22.5391925], [114.0064836, 22.5391533], [114.0065411, 22.5391624], [114.006538, 22.5391795], [114.006602, 22.5391897], [114.0066052, 22.5391726], [114.0066627, 22.5391817], [114.0066433, 22.5392861], [114.0064736, 22.5392592], [114.0064663, 22.5392985], [114.0062872, 22.5392701]]]]}}, {"type": "Feature", "id": "way/1431713289", "properties": {"tags": {"addr:housename": "越众小区", "addr:housename:en": "Yuezhong Residential Community", "addr:housename:zh": "越众小区", "building": "apartments", "building:levels": "7", "name": "14栋", "name:en": "Block 14", "name:zh": "14栋"}, "heightStatus": "levels_only_unverified", "source": "OpenStreetMap", "license": "ODbL-1.0"}, "geometry": {"type": "MultiPolygon", "coordinates": [[[[114.006299, 22.5395112], [114.0063184, 22.5394067], [114.0063759, 22.5394158], [114.0063727, 22.539433], [114.0064368, 22.5394431], [114.0064399, 22.539426], [114.0064881, 22.5394336], [114.0064954, 22.5393944], [114.0065529, 22.5394035], [114.0065497, 22.5394206], [114.0066137, 22.5394308], [114.0066169, 22.5394137], [114.0066744, 22.5394228], [114.006655, 22.5395272], [114.0064853, 22.5395003], [114.006478, 22.5395395], [114.006299, 22.5395112]]]]}}, {"type": "Feature", "id": "way/1431713290", "properties": {"tags": {"addr:housename": "越众小区", "addr:housename:en": "Yuezhong Residential Community", "addr:housename:zh": "越众小区", "building": "apartments", "building:levels": "7", "name": "21栋", "name:en": "Block 21", "name:zh": "21栋"}, "heightStatus": "levels_only_unverified", "source": "OpenStreetMap", "license": "ODbL-1.0"}, "geometry": {"type": "MultiPolygon", "coordinates": [[[[114.0067282, 22.5395388], [114.0067476, 22.5394344], [114.0068052, 22.5394435], [114.006802, 22.5394606], [114.006866, 22.5394707], [114.0068692, 22.5394536], [114.0069267, 22.5394628], [114.0069194, 22.539502], [114.0069675, 22.5395096], [114.0069644, 22.5395267], [114.0070284, 22.5395369], [114.0070316, 22.5395198], [114.0070891, 22.5395289], [114.0070697, 22.5396333], [114.0068906, 22.5396049], [114.0068979, 22.5395657], [114.0067282, 22.5395388]]]]}}, {"type": "Feature", "id": "way/1431713291", "properties": {"tags": {"addr:housename": "越众小区", "addr:housename:en": "Yuezhong Residential Community", "addr:housename:zh": "越众小区", "building": "apartments", "building:levels": "7", "name": "20栋", "name:en": "Block 20", "name:zh": "20栋"}, "heightStatus": "levels_only_unverified", "source": "OpenStreetMap", "license": "ODbL-1.0"}, "geometry": {"type": "MultiPolygon", "coordinates": [[[[114.0068263, 22.5393151], [114.0068458, 22.5392107], [114.0069033, 22.5392198], [114.0069001, 22.5392369], [114.0069641, 22.5392471], [114.0069673, 22.5392299], [114.0070248, 22.5392391], [114.0070175, 22.5392783], [114.0070657, 22.5392859], [114.0070625, 22.539303], [114.0071265, 22.5393132], [114.0071297, 22.5392961], [114.0071872, 22.5393052], [114.0071678, 22.5394096], [114.0069887, 22.5393812], [114.006996, 22.539342], [114.0068263, 22.5393151]]]]}}, {"type": "Feature", "id": "way/1431713292", "properties": {"tags": {"addr:housename": "金众小区", "addr:housename:en": "Jinzhong Residential Community", "addr:housename:zh": "金众小区", "building": "apartments", "building:levels": "7", "name": "39栋", "name:en": "Block 39", "name:zh": "39栋"}, "heightStatus": "levels_only_unverified", "source": "OpenStreetMap", "license": "ODbL-1.0"}, "geometry": {"type": "MultiPolygon", "coordinates": [[[[114.0080834, 22.539167], [114.008104, 22.5390603], [114.0090151, 22.5392109], [114.0089944, 22.5393176], [114.0080834, 22.539167]]]]}}, {"type": "Feature", "id": "way/1431713293", "properties": {"tags": {"addr:housename": "金众小区", "addr:housename:en": "Jinzhong Residential Community", "addr:housename:zh": "金众小区", "building": "apartments", "building:levels": "7", "name": "45栋", "name:en": "Block 45", "name:zh": "45栋"}, "heightStatus": "levels_only_unverified", "source": "OpenStreetMap", "license": "ODbL-1.0"}, "geometry": {"type": "MultiPolygon", "coordinates": [[[[114.0085439, 22.5394668], [114.0085646, 22.5393601], [114.0089895, 22.5394304], [114.0089689, 22.5395371], [114.0085439, 22.5394668]]]]}}, {"type": "Feature", "id": "way/1431713294", "properties": {"tags": {"addr:housename": "金众小区", "addr:housename:en": "Jinzhong Residential Community", "addr:housename:zh": "金众小区", "building": "apartments", "building:levels": "7", "name": "46栋", "name:en": "Block 46", "name:zh": "46栋"}, "heightStatus": "levels_only_unverified", "source": "OpenStreetMap", "license": "ODbL-1.0"}, "geometry": {"type": "MultiPolygon", "coordinates": [[[[114.0084827, 22.5396935], [114.0085034, 22.5395867], [114.0089284, 22.539657], [114.0089077, 22.5397637], [114.0084827, 22.5396935]]]]}}, {"type": "Feature", "id": "way/1431713295", "properties": {"tags": {"addr:housename": "金众小区", "addr:housename:en": "Jinzhong Residential Community", "addr:housename:zh": "金众小区", "building": "apartments", "building:levels": "7", "name": "47栋", "name:en": "Block 47", "name:zh": "47栋"}, "heightStatus": "levels_only_unverified", "source": "OpenStreetMap", "license": "ODbL-1.0"}, "geometry": {"type": "MultiPolygon", "coordinates": [[[[114.0081738, 22.5398838], [114.0081945, 22.5397771], [114.008729, 22.5398654], [114.0087084, 22.5399722], [114.0081738, 22.5398838]]]]}}, {"type": "Feature", "id": "way/1431713296", "properties": {"tags": {"addr:housename": "金众小区", "addr:housename:en": "Jinzhong Residential Community", "addr:housename:zh": "金众小区", "building": "apartments", "building:levels": "7", "name": "40栋", "name:en": "Block 40", "name:zh": "40栋"}, "heightStatus": "levels_only_unverified", "source": "OpenStreetMap", "license": "ODbL-1.0"}, "geometry": {"type": "MultiPolygon", "coordinates": [[[[114.007992, 22.5393827], [114.0080127, 22.539276], [114.0083325, 22.5393289], [114.0083118, 22.5394356], [114.007992, 22.5393827]]]]}}, {"type": "Feature", "id": "way/1431713297", "properties": {"tags": {"addr:housename": "金众小区", "addr:housename:en": "Jinzhong Residential Community", "addr:housename:zh": "金众小区", "building": "apartments", "building:levels": "7", "name": "41栋", "name:en": "Block 41", "name:zh": "41栋"}, "heightStatus": "levels_only_unverified", "source": "OpenStreetMap", "license": "ODbL-1.0"}, "geometry": {"type": "MultiPolygon", "coordinates": [[[[114.0078884, 22.5396007], [114.007909, 22.539494], [114.0082288, 22.5395469], [114.0082082, 22.5396536], [114.0078884, 22.5396007]]]]}}, {"type": "Feature", "id": "way/1431713298", "properties": {"tags": {"addr:housename": "金众小区", "addr:housename:en": "Jinzhong Residential Community", "addr:housename:zh": "金众小区", "building": "apartments", "building:levels": "7", "name": "42栋", "name:en": "Block 42", "name:zh": "42栋"}, "heightStatus": "levels_only_unverified", "source": "OpenStreetMap", "license": "ODbL-1.0"}, "geometry": {"type": "MultiPolygon", "coordinates": [[[[114.0077779, 22.5398183], [114.0077986, 22.5397116], [114.0081184, 22.5397645], [114.0080977, 22.5398712], [114.0077779, 22.5398183]]]]}}, {"type": "Feature", "id": "way/1431713299", "properties": {"tags": {"addr:housename": "金众小区", "addr:housename:en": "Jinzhong Residential Community", "addr:housename:zh": "金众小区", "building": "apartments", "building:levels": "7", "name": "50栋", "name:en": "Block 50", "name:zh": "50栋"}, "heightStatus": "levels_only_unverified", "source": "OpenStreetMap", "license": "ODbL-1.0"}, "geometry": {"type": "MultiPolygon", "coordinates": [[[[114.0066122, 22.5412596], [114.0066384, 22.5411191], [114.0069392, 22.5411668], [114.0069341, 22.541194], [114.0070824, 22.5412175], [114.0070553, 22.541363], [114.0069071, 22.5413395], [114.0069131, 22.5413073], [114.0066122, 22.5412596]]]]}}, {"type": "Feature", "id": "way/1431713300", "properties": {"tags": {"addr:housename": "金众小区", "addr:housename:en": "Jinzhong Residential Community", "addr:housename:zh": "金众小区", "building": "apartments", "building:levels": "7", "name": "49栋", "name:en": "Block 49", "name:zh": "49栋"}, "heightStatus": "levels_only_unverified", "source": "OpenStreetMap", "license": "ODbL-1.0"}, "geometry": {"type": "MultiPolygon", "coordinates": [[[[114.0071168, 22.5411292], [114.0071869, 22.54107], [114.0072558, 22.5411396], [114.0073132, 22.5410911], [114.0073618, 22.5411403], [114.0071768, 22.5412964], [114.0071282, 22.5412473], [114.0071856, 22.5411988], [114.0071168, 22.5411292]]]]}}, {"type": "Feature", "id": "way/1431713301", "properties": {"tags": {"addr:housename": "金众小区", "addr:housename:en": "Jinzhong Residential Community", "addr:housename:zh": "金众小区", "building": "apartments", "building:levels": "7", "name": "37栋", "name:en": "Block 37", "name:zh": "37栋"}, "heightStatus": "levels_only_unverified", "source": "OpenStreetMap", "license": "ODbL-1.0"}, "geometry": {"type": "MultiPolygon", "coordinates": [[[[114.0071322, 22.5409782], [114.0071491, 22.540887], [114.007483, 22.5409399], [114.0074661, 22.5410312], [114.0071322, 22.5409782]]]]}}, {"type": "Feature", "id": "way/1431713302", "properties": {"tags": {"addr:housename": "金众小区", "addr:housename:en": "Jinzhong Residential Community", "addr:housename:zh": "金众小区", "building": "apartments", "building:levels": "7", "name": "38栋", "name:en": "Block 38", "name:zh": "38栋"}, "heightStatus": "levels_only_unverified", "source": "OpenStreetMap", "license": "ODbL-1.0"}, "geometry": {"type": "MultiPolygon", "coordinates": [[[[114.0071414, 22.5407214], [114.0071577, 22.5406336], [114.007737, 22.5407254], [114.0077207, 22.5408133], [114.0071414, 22.5407214]]]]}}, {"type": "Feature", "id": "way/1431713303", "properties": {"tags": {"addr:housename": "金众小区", "addr:housename:en": "Jinzhong Residential Community", "addr:housename:zh": "金众小区", "building": "apartments", "building:levels": "7", "name": "44栋", "name:en": "Block 44", "name:zh": "44栋"}, "heightStatus": "levels_only_unverified", "source": "OpenStreetMap", "license": "ODbL-1.0"}, "geometry": {"type": "MultiPolygon", "coordinates": [[[[114.007625, 22.5405555], [114.0076419, 22.5404642], [114.0079758, 22.5405172], [114.0079589, 22.5406084], [114.007625, 22.5405555]]]]}}, {"type": "Feature", "id": "way/1431713304", "properties": {"tags": {"addr:housename": "金众小区", "addr:housename:en": "Jinzhong Residential Community", "addr:housename:zh": "金众小区", "building": "apartments", "building:levels": "7", "name": "36栋", "name:en": "Block 36", "name:zh": "36栋"}, "heightStatus": "levels_only_unverified", "source": "OpenStreetMap", "license": "ODbL-1.0"}, "geometry": {"type": "MultiPolygon", "coordinates": [[[[114.0071113, 22.5404689], [114.007131, 22.5403628], [114.0075686, 22.5404322], [114.0075489, 22.5405383], [114.0071113, 22.5404689]]]]}}, {"type": "Feature", "id": "way/1431713305", "properties": {"tags": {"addr:housename": "金众小区", "addr:housename:en": "Jinzhong Residential Community", "addr:housename:zh": "金众小区", "building": "apartments", "building:levels": "7", "name": "35栋", "name:en": "Block 35", "name:zh": "35栋"}, "heightStatus": "levels_only_unverified", "source": "OpenStreetMap", "license": "ODbL-1.0"}, "geometry": {"type": "MultiPolygon", "coordinates": [[[[114.0070891, 22.5401769], [114.0071044, 22.5400948], [114.0071619, 22.5401039], [114.0071771, 22.5400219], [114.0072793, 22.5400382], [114.0072641, 22.5401201], [114.0073791, 22.5401383], [114.0073944, 22.5400564], [114.0074966, 22.5400726], [114.0074813, 22.5401545], [114.0075389, 22.5401637], [114.0075236, 22.5402458], [114.0070891, 22.5401769]]]]}}, {"type": "Feature", "id": "way/1431713306", "properties": {"tags": {"addr:housename": "金众小区", "addr:housename:en": "Jinzhong Residential Community", "addr:housename:zh": "金众小区", "building": "apartments", "building:levels": "7", "name": "18栋", "name:en": "Block 18", "name:zh": "18栋"}, "heightStatus": "levels_only_unverified", "source": "OpenStreetMap", "license": "ODbL-1.0"}, "geometry": {"type": "MultiPolygon", "coordinates": [[[[114.0057847, 22.5406443], [114.0058044, 22.5405382], [114.0062092, 22.5406024], [114.0061895, 22.5407085], [114.0057847, 22.5406443]]]]}}, {"type": "Feature", "id": "way/1431713307", "properties": {"tags": {"addr:housename": "金众小区", "addr:housename:en": "Jinzhong Residential Community", "addr:housename:zh": "金众小区", "building": "apartments", "building:levels": "7", "name": "16栋", "name:en": "Block 16", "name:zh": "16栋"}, "heightStatus": "levels_only_unverified", "source": "OpenStreetMap", "license": "ODbL-1.0"}, "geometry": {"type": "MultiPolygon", "coordinates": [[[[114.006126, 22.5401576], [114.0061412, 22.5400754], [114.0061796, 22.5400815], [114.0061836, 22.5400596], [114.0062928, 22.5400769], [114.0062887, 22.5400988], [114.006327, 22.5401049], [114.0063188, 22.5401495], [114.0063433, 22.5401533], [114.0063473, 22.5401315], [114.0064565, 22.5401488], [114.0064524, 22.5401706], [114.0064907, 22.5401767], [114.0064755, 22.5402589], [114.0064371, 22.5402529], [114.0064353, 22.5402628], [114.0063262, 22.5402455], [114.006328, 22.5402356], [114.0062897, 22.5402295], [114.0062979, 22.5401849], [114.0062734, 22.540181], [114.0062716, 22.5401909], [114.0061625, 22.5401736], [114.0061643, 22.5401637], [114.006126, 22.5401576]]]]}}, {"type": "Feature", "id": "way/1431713308", "properties": {"tags": {"addr:housename": "金众小区", "addr:housename:en": "Jinzhong Residential Community", "addr:housename:zh": "金众小区", "building": "apartments", "building:levels": "7", "name": "15栋", "name:en": "Block 15", "name:zh": "15栋"}, "heightStatus": "levels_only_unverified", "source": "OpenStreetMap", "license": "ODbL-1.0"}, "geometry": {"type": "MultiPolygon", "coordinates": [[[[114.0061961, 22.539935], [114.0062114, 22.5398528], [114.0062497, 22.5398588], [114.0062538, 22.539837], [114.0063629, 22.5398543], [114.0063589, 22.5398761], [114.0063972, 22.5398822], [114.0063889, 22.5399268], [114.0064134, 22.5399307], [114.0064175, 22.5399089], [114.0065266, 22.5399262], [114.0065225, 22.539948], [114.0065609, 22.5399541], [114.0065456, 22.5400363], [114.0065073, 22.5400302], [114.0065054, 22.5400401], [114.0063963, 22.5400228], [114.0063982, 22.5400129], [114.0063598, 22.5400068], [114.0063681, 22.5399622], [114.0063436, 22.5399583], [114.0063417, 22.5399682], [114.0062326, 22.5399509], [114.0062345, 22.539941], [114.0061961, 22.539935]]]]}}, {"type": "Feature", "id": "way/1431713309", "properties": {"tags": {"addr:housename": "金众小区", "addr:housename:en": "Jinzhong Residential Community", "addr:housename:zh": "金众小区", "building": "apartments", "building:levels": "7", "name": "17栋", "name:en": "Block 17", "name:zh": "17栋"}, "heightStatus": "levels_only_unverified", "source": "OpenStreetMap", "license": "ODbL-1.0"}, "geometry": {"type": "MultiPolygon", "coordinates": [[[[114.0059099, 22.5403928], [114.0059252, 22.5403106], [114.0059636, 22.5403167], [114.0059676, 22.5402948], [114.0060767, 22.5403121], [114.0060727, 22.540334], [114.006111, 22.5403401], [114.0061027, 22.5403847], [114.0061273, 22.5403886], [114.0061313, 22.5403667], [114.0062404, 22.540384], [114.0062364, 22.5404059], [114.0062747, 22.5404119], [114.0062594, 22.5404941], [114.0062211, 22.5404881], [114.0062193, 22.540498], [114.0061101, 22.5404807], [114.006112, 22.5404708], [114.0060736, 22.5404647], [114.0060819, 22.5404201], [114.0060574, 22.5404162], [114.0060556, 22.5404261], [114.0059464, 22.5404088], [114.0059483, 22.5403989], [114.0059099, 22.5403928]]]]}}, {"type": "Feature", "id": "way/1431713310", "properties": {"tags": {"addr:housename": "金众小区", "addr:housename:en": "Jinzhong Residential Community", "addr:housename:zh": "金众小区", "building": "apartments", "building:levels": "7", "name": "26栋", "name:en": "Block 26", "name:zh": "26栋"}, "heightStatus": "levels_only_unverified", "source": "OpenStreetMap", "license": "ODbL-1.0"}, "geometry": {"type": "MultiPolygon", "coordinates": [[[[114.006672, 22.5410075], [114.0066872, 22.5409253], [114.0067256, 22.5409313], [114.0067296, 22.5409095], [114.0068388, 22.5409268], [114.0068347, 22.5409487], [114.0068592, 22.5409525], [114.0068675, 22.5409079], [114.0069059, 22.540914], [114.0069099, 22.5408922], [114.007019, 22.5409095], [114.007015, 22.5409313], [114.0070533, 22.5409374], [114.007038, 22.5410196], [114.0069997, 22.5410135], [114.0069978, 22.5410234], [114.0068887, 22.5410061], [114.0068906, 22.5409962], [114.006866, 22.5409923], [114.0068578, 22.5410369], [114.0068194, 22.5410309], [114.0068176, 22.5410408], [114.0067085, 22.5410235], [114.0067103, 22.5410136], [114.006672, 22.5410075]]]]}}, {"type": "Feature", "id": "way/1431713311", "properties": {"tags": {"addr:housename": "金众小区", "addr:housename:en": "Jinzhong Residential Community", "addr:housename:zh": "金众小区", "building": "apartments", "building:levels": "7", "name": "25栋", "name:en": "Block 25", "name:zh": "25栋"}, "heightStatus": "levels_only_unverified", "source": "OpenStreetMap", "license": "ODbL-1.0"}, "geometry": {"type": "MultiPolygon", "coordinates": [[[[114.0066624, 22.5407909], [114.0066777, 22.5407087], [114.006716, 22.5407148], [114.0067201, 22.540693], [114.0068292, 22.5407103], [114.0068251, 22.5407321], [114.0068497, 22.540736], [114.0068579, 22.5406914], [114.0068963, 22.5406975], [114.0069003, 22.5406756], [114.0070095, 22.5406929], [114.0070054, 22.5407148], [114.0070437, 22.5407209], [114.0070285, 22.5408031], [114.0069901, 22.540797], [114.0069883, 22.5408069], [114.0068792, 22.5407896], [114.006881, 22.5407797], [114.0068565, 22.5407758], [114.0068482, 22.5408204], [114.0068098, 22.5408143], [114.006808, 22.5408242], [114.0066989, 22.5408069], [114.0067007, 22.540797], [114.0066624, 22.5407909]]]]}}, {"type": "Feature", "id": "way/1431713312", "properties": {"tags": {"addr:housename": "金众小区", "addr:housename:en": "Jinzhong Residential Community", "addr:housename:zh": "金众小区", "building": "apartments", "building:levels": "7", "name": "22栋", "name:en": "Block 22", "name:zh": "22栋"}, "heightStatus": "levels_only_unverified", "source": "OpenStreetMap", "license": "ODbL-1.0"}, "geometry": {"type": "MultiPolygon", "coordinates": [[[[114.0066257, 22.5400544], [114.006641, 22.5399722], [114.0066793, 22.5399783], [114.0066834, 22.5399565], [114.0067925, 22.5399738], [114.0067884, 22.5399956], [114.006813, 22.5399995], [114.0068213, 22.5399549], [114.0068596, 22.539961], [114.0068637, 22.5399391], [114.0069728, 22.5399564], [114.0069687, 22.5399783], [114.0070071, 22.5399844], [114.0069918, 22.5400666], [114.0069534, 22.5400605], [114.0069516, 22.5400704], [114.0068425, 22.5400531], [114.0068443, 22.5400432], [114.0068198, 22.5400393], [114.0068115, 22.5400839], [114.0067732, 22.5400778], [114.0067713, 22.5400877], [114.0066622, 22.5400704], [114.006664, 22.5400605], [114.0066257, 22.5400544]]]]}}, {"type": "Feature", "id": "way/1431713313", "properties": {"tags": {"addr:housename": "金众小区", "addr:housename:en": "Jinzhong Residential Community", "addr:housename:zh": "金众小区", "building": "apartments", "building:levels": "7", "name": "24栋", "name:en": "Block 24", "name:zh": "24栋"}, "heightStatus": "levels_only_unverified", "source": "OpenStreetMap", "license": "ODbL-1.0"}, "geometry": {"type": "MultiPolygon", "coordinates": [[[[114.0066666, 22.540572], [114.0066819, 22.5404898], [114.0067202, 22.5404959], [114.0067243, 22.5404741], [114.0068334, 22.5404914], [114.0068294, 22.5405132], [114.0068539, 22.5405171], [114.0068622, 22.5404725], [114.0069005, 22.5404786], [114.0069046, 22.5404567], [114.0070137, 22.540474], [114.0070096, 22.5404959], [114.007048, 22.5405019], [114.0070327, 22.5405842], [114.0069944, 22.5405781], [114.0069925, 22.540588], [114.0068834, 22.5405707], [114.0068852, 22.5405608], [114.0068607, 22.5405569], [114.0068524, 22.5406015], [114.0068141, 22.5405954], [114.0068122, 22.5406053], [114.0067031, 22.540588], [114.006705, 22.5405781], [114.0066666, 22.540572]]]]}}, {"type": "Feature", "id": "way/1431713314", "properties": {"tags": {"addr:housename": "金众小区", "addr:housename:en": "Jinzhong Residential Community", "addr:housename:zh": "金众小区", "building": "apartments", "building:levels": "7", "name": "23栋", "name:en": "Block 23", "name:zh": "23栋"}, "heightStatus": "levels_only_unverified", "source": "OpenStreetMap", "license": "ODbL-1.0"}, "geometry": {"type": "MultiPolygon", "coordinates": [[[[114.0066114, 22.5402859], [114.0066267, 22.5402037], [114.0066651, 22.5402098], [114.0066691, 22.540188], [114.0067782, 22.5402053], [114.0067742, 22.5402271], [114.0067987, 22.540231], [114.006807, 22.5401864], [114.0068453, 22.5401925], [114.0068494, 22.5401706], [114.0069585, 22.5401879], [114.0069545, 22.5402098], [114.0069928, 22.5402158], [114.0069775, 22.5402981], [114.0069392, 22.540292], [114.0069373, 22.5403019], [114.0068282, 22.5402846], [114.0068301, 22.5402747], [114.0068055, 22.5402708], [114.0067972, 22.5403154], [114.0067589, 22.5403093], [114.0067571, 22.5403192], [114.0066479, 22.5403019], [114.0066498, 22.540292], [114.0066114, 22.5402859]]]]}}, {"type": "Feature", "id": "way/1432214266", "properties": {"tags": {"addr:housename": "香荔花园馨苑", "addr:housename:en": "Xiangli Garden Xin Yuan", "addr:housename:zh": "香荔花园馨苑", "building": "apartments", "building:levels": "28", "name": "12栋", "name:en": "Block 12", "name:zh": "12栋"}, "heightStatus": "levels_only_unverified", "source": "OpenStreetMap", "license": "ODbL-1.0"}, "geometry": {"type": "MultiPolygon", "coordinates": [[[[114.0135063, 22.5438233], [114.0135334, 22.5437476], [114.0136102, 22.543771], [114.0136801, 22.5437386], [114.0136934, 22.5437014], [114.0138309, 22.5437434], [114.0138176, 22.5437806], [114.0138527, 22.5438451], [114.0139295, 22.5438685], [114.0139024, 22.5439442], [114.0138285, 22.5439217], [114.0138083, 22.543978], [114.01356, 22.5439022], [114.0135802, 22.5438458], [114.0135063, 22.5438233]]]]}}, {"type": "Feature", "id": "way/1432214267", "properties": {"tags": {"addr:housename": "香荔花园馨苑", "addr:housename:en": "Xiangli Garden Xin Yuan", "addr:housename:zh": "香荔花园馨苑", "building": "apartments", "building:levels": "28", "name": "13栋", "name:en": "Block 13", "name:zh": "13栋"}, "heightStatus": "levels_only_unverified", "source": "OpenStreetMap", "license": "ODbL-1.0"}, "geometry": {"type": "MultiPolygon", "coordinates": [[[[114.01401, 22.5439767], [114.0140371, 22.543901], [114.0141138, 22.5439245], [114.0141837, 22.543892], [114.014197, 22.5438548], [114.0143345, 22.5438968], [114.0143212, 22.543934], [114.0143564, 22.5439985], [114.0144331, 22.544022], [114.0144061, 22.5440977], [114.0143322, 22.5440751], [114.014312, 22.5441315], [114.0140637, 22.5440556], [114.0140838, 22.5439993], [114.01401, 22.5439767]]]]}}, {"type": "Feature", "id": "way/1474113779", "properties": {"tags": {"building": "yes"}, "heightStatus": "unknown", "source": "OpenStreetMap", "license": "ODbL-1.0"}, "geometry": {"type": "MultiPolygon", "coordinates": [[[[114.0071721, 22.5387026], [114.0071911, 22.5386103], [114.007504, 22.5386652], [114.0074851, 22.5387574], [114.0071721, 22.5387026]]]]}}, {"type": "Feature", "id": "way/1474113780", "properties": {"tags": {"building": "yes"}, "heightStatus": "unknown", "source": "OpenStreetMap", "license": "ODbL-1.0"}, "geometry": {"type": "MultiPolygon", "coordinates": [[[[114.007704, 22.5387675], [114.0077204, 22.5386831], [114.0079456, 22.5387205], [114.0079291, 22.538805], [114.007704, 22.5387675]]]]}}, {"type": "Feature", "id": "way/1474113782", "properties": {"tags": {"building": "yes"}, "heightStatus": "unknown", "source": "OpenStreetMap", "license": "ODbL-1.0"}, "geometry": {"type": "MultiPolygon", "coordinates": [[[[114.0076074, 22.5385765], [114.007631, 22.5384526], [114.0080187, 22.5385156], [114.0079951, 22.5386396], [114.0076074, 22.5385765]]]]}}]}