{"type": "FeatureCollection", "features": [{"type": "Feature", "id": "way/173156702", "properties": {"tags": {"building": "yes"}, "heightStatus": "unknown", "source": "OpenStreetMap", "license": "ODbL-1.0"}, "geometry": {"type": "MultiPolygon", "coordinates": [[[[114.0128375, 22.5496182], [114.0129458, 22.5494673], [114.0130297, 22.5495115], [114.01297, 22.5495917], [114.0131109, 22.5496703], [114.0131724, 22.5495939], [114.0132404, 22.5496332], [114.0131835, 22.5497173], [114.0133238, 22.5497947], [114.0133863, 22.5497174], [114.0134639, 22.5497622], [114.0133852, 22.5498695], [114.0133551, 22.5499105], [114.0128375, 22.5496182]]]]}}, {"type": "Feature", "id": "way/173156704", "properties": {"tags": {"building": "yes"}, "heightStatus": "unknown", "source": "OpenStreetMap", "license": "ODbL-1.0"}, "geometry": {"type": "MultiPolygon", "coordinates": [[[[114.0131202, 22.5491385], [114.0131551, 22.5490765], [114.0132275, 22.548975], [114.013257, 22.5489601], [114.0132892, 22.5489527], [114.0133134, 22.5489651], [114.013375, 22.5488982], [114.0136674, 22.5490592], [114.0137921, 22.5488764], [114.0140483, 22.5485167], [114.0137291, 22.548316], [114.0139517, 22.547994], [114.0138766, 22.5479494], [114.0138739, 22.5478825], [114.0139034, 22.5478875], [114.013941, 22.5478429], [114.0140583, 22.5479198], [114.0139989, 22.5479894], [114.0139997, 22.5480559], [114.0138992, 22.5481992], [114.0144748, 22.5485786], [114.0143701, 22.5487149], [114.014122, 22.5485641], [114.0139839, 22.5487842], [114.0142065, 22.5489304], [114.0141495, 22.5490001], [114.0139328, 22.5488661], [114.0137276, 22.5491637], [114.0139651, 22.5493019], [114.0138981, 22.5493887], [114.0135789, 22.5491954], [114.0135628, 22.5492078], [114.0133741, 22.5490895], [114.0132704, 22.5492276], [114.0131202, 22.5491385]]]]}}, {"type": "Feature", "id": "way/173156705", "properties": {"tags": {"building": "yes"}, "heightStatus": "unknown", "source": "OpenStreetMap", "license": "ODbL-1.0"}, "geometry": {"type": "MultiPolygon", "coordinates": [[[[114.0129458, 22.5494673], [114.0130011, 22.5493878], [114.0135134, 22.5496925], [114.0134898, 22.5497181], [114.0134639, 22.5497622], [114.0133863, 22.5497174], [114.0132404, 22.5496332], [114.0131724, 22.5495939], [114.0130297, 22.5495115], [114.0129458, 22.5494673]]]]}}, {"type": "Feature", "id": "way/173156706", "properties": {"tags": {"building": "yes"}, "heightStatus": "unknown", "source": "OpenStreetMap", "license": "ODbL-1.0"}, "geometry": {"type": "MultiPolygon", "coordinates": [[[[114.0133852, 22.5498695], [114.0134639, 22.5497622], [114.0134966, 22.5497773], [114.0134785, 22.5498164], [114.0135858, 22.5498733], [114.0136369, 22.5498032], [114.0136851, 22.5497371], [114.0137146, 22.5497643], [114.013567, 22.5499675], [114.0133852, 22.5498695]]]]}}, {"type": "Feature", "id": "way/173156707", "properties": {"tags": {"building": "yes"}, "heightStatus": "unknown", "source": "OpenStreetMap", "license": "ODbL-1.0"}, "geometry": {"type": "MultiPolygon", "coordinates": [[[[114.0134898, 22.5497181], [114.0135134, 22.5496925], [114.0135429, 22.5496529], [114.0136851, 22.5497371], [114.0136369, 22.5498032], [114.0134898, 22.5497181]]]]}}, {"type": "Feature", "id": "way/270299560", "properties": {"tags": {"building": "church", "name": "圣安多尼教堂", "name:en": "St. Anthony’s Catholic Church (Shenzhen)", "name:zh": "圣安多尼教堂", "name:zh-Hans": "圣安多尼教堂", "name:zh-Hant": "聖安多尼教堂"}, "heightStatus": "unknown", "source": "OpenStreetMap", "license": "ODbL-1.0"}, "geometry": {"type": "MultiPolygon", "coordinates": [[[[114.0090965, 22.5468889], [114.009103, 22.546801], [114.0091299, 22.5467762], [114.0092237, 22.5467787], [114.0092908, 22.546801], [114.0093525, 22.5468357], [114.0094399, 22.546905], [114.0095081, 22.5469447], [114.0095912, 22.5469694], [114.0092774, 22.5472295], [114.0092479, 22.5471641], [114.0092116, 22.5470991], [114.0091463, 22.5470116], [114.0091115, 22.546947], [114.0090965, 22.5468889]]]]}}, {"type": "Feature", "id": "way/270299569", "properties": {"tags": {"building:part": "commercial"}, "heightStatus": "unknown", "source": "OpenStreetMap", "license": "ODbL-1.0"}, "geometry": {"type": "MultiPolygon", "coordinates": [[[[114.0054704, 22.5474574], [114.0055643, 22.5473385], [114.0056662, 22.5472172], [114.0057628, 22.5471082], [114.0059912, 22.5473102], [114.0061447, 22.5471943], [114.0059586, 22.5469546], [114.0060981, 22.5468728], [114.0062456, 22.5467985], [114.0063824, 22.5467366], [114.0065246, 22.5470091], [114.0067145, 22.5469455], [114.0066372, 22.5466623], [114.0067955, 22.5466325], [114.006943, 22.5466127], [114.0070985, 22.5466053], [114.0071227, 22.5471503], [114.0069365, 22.5471602], [114.0067552, 22.5471973], [114.0065889, 22.5472543], [114.0064226, 22.547341], [114.0062671, 22.5474451], [114.0061544, 22.5475392], [114.0060541, 22.5476531], [114.0059827, 22.5477448], [114.0054704, 22.5474574]]]]}}, {"type": "Feature", "id": "way/270299571", "properties": {"tags": {"building:part": "yes"}, "heightStatus": "unknown", "source": "OpenStreetMap", "license": "ODbL-1.0"}, "geometry": {"type": "MultiPolygon", "coordinates": [[[[114.0059394, 22.5477817], [114.0059827, 22.5477448], [114.0060541, 22.5476531], [114.0061544, 22.5475392], [114.0062671, 22.5474451], [114.0064226, 22.547341], [114.0065889, 22.5472543], [114.0067552, 22.5471973], [114.0069365, 22.5471602], [114.0071227, 22.5471503], [114.0070869, 22.5471823], [114.0072853, 22.5473904], [114.0065582, 22.5479614], [114.0064944, 22.5478928], [114.0062782, 22.5480644], [114.0062154, 22.5479967], [114.0061957, 22.5480125], [114.0061609, 22.5479915], [114.0061277, 22.547969], [114.0061006, 22.5479469], [114.0060729, 22.5479209], [114.0059394, 22.5477817]]]]}}, {"type": "Feature", "id": "way/270299580", "properties": {"tags": {"addr:city": "深圳市", "addr:country": "CN", "addr:district": "福田区", "addr:housenumber": "69", "addr:neighbourhood": "农园社区", "addr:postcode": "518000", "addr:province": "广东省", "addr:street": "农林路", "addr:subdistrict": "香蜜湖街道", "alt_name": "山姆会员店", "brand": "山姆会员商店", "brand:en": "Sam's Club", "brand:wikidata": "Q1972120", "brand:wikipedia": "en:Sam's Club", "brand:zh": "山姆会员商店", "building": "yes", "name": "山姆会员商店", "name:en": "Sam's Club", "name:zh": "山姆会员商店", "name:zh-Hans": "山姆会员店(福田店)", "name:zh-Hant": "山姆會員店(福田店)", "shop": "wholesale"}, "heightStatus": "unknown", "source": "OpenStreetMap", "license": "ODbL-1.0"}, "geometry": {"type": "MultiPolygon", "coordinates": [[[[114.0072568, 22.5472175], [114.0079446, 22.5466872], [114.0087046, 22.5475279], [114.0080168, 22.5480582], [114.0072568, 22.5472175]]]]}}, {"type": "Feature", "id": "way/477974044", "properties": {"tags": {"building": "yes"}, "heightStatus": "unknown", "source": "OpenStreetMap", "license": "ODbL-1.0"}, "geometry": {"type": "MultiPolygon", "coordinates": [[[[114.0104799, 22.5529313], [114.0105918, 22.5528912], [114.0106324, 22.5529878], [114.0106571, 22.552979], [114.0105885, 22.5528158], [114.0107026, 22.5527749], [114.0108773, 22.5531907], [114.010597, 22.5532912], [114.0104876, 22.5530309], [114.0105173, 22.5530203], [114.0104799, 22.5529313]]]]}}, {"type": "Feature", "id": "way/477974045", "properties": {"tags": {"addr:housename": "翠海花园", "addr:housename:zh": "翠海花园", "building": "apartments", "building:levels": "14", "name": "A5栋", "name:zh": "A5栋"}, "heightStatus": "levels_only_unverified", "source": "OpenStreetMap", "license": "ODbL-1.0"}, "geometry": {"type": "MultiPolygon", "coordinates": [[[[114.0107939, 22.5536298], [114.0108657, 22.5536295], [114.0108656, 22.5534905], [114.0110836, 22.5534904], [114.0110836, 22.5536284], [114.0111261, 22.5536282], [114.0111157, 22.5537271], [114.0107945, 22.5537287], [114.0107939, 22.5536298]]]]}}, {"type": "Feature", "id": "way/477974050", "properties": {"tags": {"addr:housename": "翠海花园", "addr:housename:zh": "翠海花园", "building": "apartments", "building:levels": "18", "name": "C2栋", "name:zh": "C2栋"}, "heightStatus": "levels_only_unverified", "source": "OpenStreetMap", "license": "ODbL-1.0"}, "geometry": {"type": "MultiPolygon", "coordinates": [[[[114.0101111, 22.55353], [114.0101465, 22.5535183], [114.0101158, 22.5534384], [114.0102166, 22.5534054], [114.0102413, 22.5534697], [114.0102742, 22.5534589], [114.0102986, 22.5535222], [114.01041, 22.5534856], [114.0104574, 22.5536087], [114.0103459, 22.5536453], [114.0103703, 22.5537086], [114.0103374, 22.5537194], [114.0103621, 22.5537837], [114.0102613, 22.5538168], [114.0102306, 22.5537369], [114.0101952, 22.5537485], [114.010166, 22.5536727], [114.0101912, 22.5536644], [114.0101654, 22.5535975], [114.0101402, 22.5536058], [114.0101111, 22.55353]]]]}}, {"type": "Feature", "id": "way/477974051", "properties": {"tags": {"addr:housename": "翠海花园", "addr:housename:zh": "翠海花园", "building": "apartments", "building:levels": "18", "name": "C1栋", "name:zh": "C1栋"}, "heightStatus": "levels_only_unverified", "source": "OpenStreetMap", "license": "ODbL-1.0"}, "geometry": {"type": "MultiPolygon", "coordinates": [[[[114.0099122, 22.5530698], [114.0099298, 22.5530316], [114.0099128, 22.5530249], [114.0099446, 22.5529555], [114.0100184, 22.5529844], [114.0100266, 22.5529665], [114.0100516, 22.5529764], [114.0100629, 22.5529518], [114.0101068, 22.552969], [114.010099, 22.5529859], [114.0101235, 22.5530081], [114.0101429, 22.5529899], [114.0101196, 22.5529688], [114.010195, 22.5528978], [114.0103344, 22.5530241], [114.010259, 22.5530951], [114.0102357, 22.553074], [114.0102163, 22.5530922], [114.0102408, 22.5531144], [114.010259, 22.5531069], [114.0102785, 22.5531471], [114.0102521, 22.553158], [114.0102632, 22.5531809], [114.010244, 22.5531888], [114.0102767, 22.5532564], [114.0102022, 22.5532871], [114.0101947, 22.5532715], [114.0101536, 22.5532885], [114.0101209, 22.5532209], [114.0100915, 22.553233], [114.0100552, 22.5531581], [114.0099735, 22.5531261], [114.009986, 22.5530987], [114.0099122, 22.5530698]]]]}}, {"type": "Feature", "id": "way/479404837", "properties": {"tags": {"addr:housename": "中旅·国际公馆二期", "addr:housename:en": "Zhonglv International Mansion Phase II", "addr:housename:zh": "中旅·国际公馆二期", "building": "apartments", "building:levels": "32", "name": "30栋", "name:en": "Block 30", "name:zh": "30栋"}, "heightStatus": "levels_only_unverified", "source": "OpenStreetMap", "license": "ODbL-1.0"}, "geometry": {"type": "MultiPolygon", "coordinates": [[[[114.0082775, 22.5495279], [114.0082806, 22.5494082], [114.0083923, 22.5494107], [114.0083947, 22.5493191], [114.0085367, 22.5493223], [114.008535, 22.5493879], [114.0085046, 22.5493872], [114.0085673, 22.549448], [114.008568, 22.5494199], [114.008639, 22.5494215], [114.0086356, 22.5495527], [114.0085363, 22.5495504], [114.0085336, 22.5496535], [114.008404, 22.5496506], [114.0084052, 22.5496037], [114.00843, 22.5496043], [114.008431, 22.5495679], [114.0083683, 22.5495071], [114.0083288, 22.5495062], [114.0083282, 22.5495291], [114.0082775, 22.5495279]]]]}}, {"type": "Feature", "id": "way/479404840", "properties": {"tags": {"addr:housename": "中旅·国际公馆二期", "addr:housename:en": "Zhonglv International Mansion Phase II", "addr:housename:zh": "中旅·国际公馆二期", "building": "apartments", "building:levels": "11", "name": "31栋", "name:en": "Block 31", "name:zh": "31栋"}, "heightStatus": "levels_only_unverified", "source": "OpenStreetMap", "license": "ODbL-1.0"}, "geometry": {"type": "MultiPolygon", "coordinates": [[[[114.0086938, 22.5496838], [114.0087829, 22.5496009], [114.008852, 22.5496642], [114.008871, 22.5496465], [114.0089718, 22.549739], [114.0089528, 22.5497567], [114.0090218, 22.54982], [114.0089985, 22.5498416], [114.0090607, 22.5498986], [114.0090937, 22.5498678], [114.0091683, 22.5499362], [114.0091352, 22.549967], [114.0092594, 22.5500809], [114.0092925, 22.5500502], [114.009367, 22.5501185], [114.0093339, 22.5501493], [114.009396, 22.5502063], [114.0094193, 22.5501847], [114.0094883, 22.550248], [114.0095073, 22.5502302], [114.0096082, 22.5503227], [114.0095891, 22.5503405], [114.0096581, 22.5504038], [114.009569, 22.5504867], [114.0094654, 22.5503917], [114.0094244, 22.5504299], [114.0093926, 22.5504007], [114.0094336, 22.5503625], [114.0093301, 22.5502675], [114.0093121, 22.5502843], [114.0089146, 22.5499196], [114.0089326, 22.5499029], [114.0088291, 22.5498079], [114.0087881, 22.5498461], [114.0087563, 22.5498169], [114.0087973, 22.5497787], [114.0086938, 22.5496838]]]]}}, {"type": "Feature", "id": "way/479404842", "properties": {"tags": {"building": "yes"}, "heightStatus": "unknown", "source": "OpenStreetMap", "license": "ODbL-1.0"}, "geometry": {"type": "MultiPolygon", "coordinates": [[[[114.0093968, 22.5507091], [114.0095279, 22.5506688], [114.0096057, 22.5508843], [114.0094745, 22.5509247], [114.0093968, 22.5507091]]]]}}, {"type": "Feature", "id": "way/479404844", "properties": {"tags": {"building": "yes"}, "heightStatus": "unknown", "source": "OpenStreetMap", "license": "ODbL-1.0"}, "geometry": {"type": "MultiPolygon", "coordinates": [[[[114.0090802, 22.5507265], [114.0092067, 22.550631], [114.0093889, 22.5508369], [114.0093302, 22.5508812], [114.0093913, 22.5509502], [114.0093234, 22.5510014], [114.0090802, 22.5507265]]]]}}, {"type": "Feature", "id": "way/479404846", "properties": {"tags": {"addr:housename": "中旅·国际公馆二期", "addr:housename:en": "Zhonglv International Mansion Phase II", "addr:housename:zh": "中旅·国际公馆二期", "building": "apartments", "building:levels": "11", "name": "21栋", "name:en": "Block 21", "name:zh": "21栋"}, "heightStatus": "levels_only_unverified", "source": "OpenStreetMap", "license": "ODbL-1.0"}, "geometry": {"type": "MultiPolygon", "coordinates": [[[[114.0097314, 22.5511552], [114.009767, 22.5510914], [114.0098337, 22.5511231], [114.0098423, 22.5511078], [114.0099423, 22.5511553], [114.0099337, 22.5511707], [114.0100252, 22.5512143], [114.0100338, 22.5511989], [114.0101338, 22.5512465], [114.0101252, 22.5512619], [114.0101919, 22.5512936], [114.0101563, 22.5513574], [114.0101367, 22.5513481], [114.0101192, 22.5513793], [114.0100334, 22.5513384], [114.0099983, 22.5514012], [114.0099631, 22.5513845], [114.0099982, 22.5513217], [114.0098547, 22.5512534], [114.0098197, 22.5513162], [114.0097845, 22.5512995], [114.0098195, 22.5512367], [114.0097336, 22.5511958], [114.009751, 22.5511646], [114.0097314, 22.5511552]]]]}}, {"type": "Feature", "id": "way/479404848", "properties": {"tags": {"addr:housename": "中旅·国际公馆二期", "addr:housename:en": "Zhonglv International Mansion Phase II", "addr:housename:zh": "中旅·国际公馆二期", "building": "apartments", "building:levels": "11", "name": "22栋", "name:en": "Block 22", "name:zh": "22栋"}, "heightStatus": "levels_only_unverified", "source": "OpenStreetMap", "license": "ODbL-1.0"}, "geometry": {"type": "MultiPolygon", "coordinates": [[[[114.0098955, 22.5516051], [114.009931, 22.5515413], [114.0099977, 22.551573], [114.0100063, 22.5515576], [114.0101063, 22.5516052], [114.0100977, 22.5516206], [114.0101892, 22.5516641], [114.0101978, 22.5516487], [114.0102978, 22.5516963], [114.0102892, 22.5517117], [114.0103559, 22.5517434], [114.0103203, 22.5518072], [114.0103007, 22.5517979], [114.0102832, 22.5518292], [114.0101974, 22.5517883], [114.0101623, 22.5518511], [114.0101271, 22.5518343], [114.0101622, 22.5517715], [114.0100187, 22.5517033], [114.0099837, 22.5517661], [114.0099485, 22.5517493], [114.0099835, 22.5516865], [114.0098976, 22.5516457], [114.0099151, 22.5516144], [114.0098955, 22.5516051]]]]}}, {"type": "Feature", "id": "way/479404850", "properties": {"tags": {"addr:housename": "中旅·国际公馆二期", "addr:housename:en": "Zhonglv International Mansion Phase II", "addr:housename:zh": "中旅·国际公馆二期", "building": "apartments", "building:levels": "11", "name": "23栋", "name:en": "Block 23", "name:zh": "23栋"}, "heightStatus": "levels_only_unverified", "source": "OpenStreetMap", "license": "ODbL-1.0"}, "geometry": {"type": "MultiPolygon", "coordinates": [[[[114.0098802, 22.5521731], [114.0099522, 22.5521536], [114.0099469, 22.552137], [114.0100548, 22.5521077], [114.0100601, 22.5521243], [114.0101589, 22.5520975], [114.0101536, 22.5520809], [114.0102615, 22.5520517], [114.0102668, 22.5520683], [114.0103387, 22.5520487], [114.0103606, 22.5521176], [114.0103395, 22.5521233], [114.0103502, 22.5521571], [114.0102575, 22.5521822], [114.0102791, 22.55225], [114.0102411, 22.5522603], [114.0102195, 22.5521925], [114.0100647, 22.5522345], [114.0100862, 22.5523023], [114.0100482, 22.5523126], [114.0100267, 22.5522448], [114.009934, 22.55227], [114.0099233, 22.5522362], [114.0099021, 22.552242], [114.0098802, 22.5521731]]]]}}, {"type": "Feature", "id": "way/479404852", "properties": {"tags": {"addr:housename": "中旅·国际公馆二期", "addr:housename:en": "Zhonglv International Mansion Phase II", "addr:housename:zh": "中旅·国际公馆二期", "building": "apartments", "building:levels": "32", "name": "24栋", "name:en": "Block 24", "name:zh": "24栋"}, "heightStatus": "levels_only_unverified", "source": "OpenStreetMap", "license": "ODbL-1.0"}, "geometry": {"type": "MultiPolygon", "coordinates": [[[[114.0094373, 22.5522066], [114.0094816, 22.5520941], [114.0095865, 22.5521293], [114.0096205, 22.5520432], [114.009754, 22.5520881], [114.0097297, 22.5521498], [114.0097011, 22.5521401], [114.0097395, 22.5522162], [114.0097499, 22.5521898], [114.0098167, 22.5522123], [114.0097681, 22.5523356], [114.0096748, 22.5523042], [114.0096366, 22.5524011], [114.0095148, 22.5523601], [114.0095321, 22.5523161], [114.0095554, 22.5523239], [114.0095689, 22.5522897], [114.0095305, 22.5522136], [114.0094934, 22.5522011], [114.0094849, 22.5522226], [114.0094373, 22.5522066]]]]}}, {"type": "Feature", "id": "way/479404855", "properties": {"tags": {"addr:housename": "中旅·国际公馆二期", "addr:housename:en": "Zhonglv International Mansion Phase II", "addr:housename:zh": "中旅·国际公馆二期", "building": "apartments", "building:levels": "32", "name": "25栋", "name:en": "Block 25", "name:zh": "25栋"}, "heightStatus": "levels_only_unverified", "source": "OpenStreetMap", "license": "ODbL-1.0"}, "geometry": {"type": "MultiPolygon", "coordinates": [[[[114.0092516, 22.5517427], [114.0092884, 22.5516278], [114.0093954, 22.5516571], [114.0094236, 22.5515692], [114.0095598, 22.5516064], [114.0095397, 22.5516693], [114.0095105, 22.5516613], [114.0095539, 22.5517351], [114.0095625, 22.5517081], [114.0096307, 22.5517267], [114.0095904, 22.5518526], [114.0094952, 22.5518266], [114.0094635, 22.5519255], [114.0093392, 22.5518915], [114.0093536, 22.5518466], [114.0093774, 22.5518531], [114.0093886, 22.5518181], [114.0093451, 22.5517443], [114.0093073, 22.551734], [114.0093002, 22.551756], [114.0092516, 22.5517427]]]]}}, {"type": "Feature", "id": "way/479404857", "properties": {"tags": {"addr:housename": "中旅·国际公馆二期", "addr:housename:en": "Zhonglv International Mansion Phase II", "addr:housename:zh": "中旅·国际公馆二期", "building": "apartments", "building:levels": "32", "name": "26栋", "name:en": "Block 26", "name:zh": "26栋"}, "heightStatus": "levels_only_unverified", "source": "OpenStreetMap", "license": "ODbL-1.0"}, "geometry": {"type": "MultiPolygon", "coordinates": [[[[114.0090564, 22.5512841], [114.0090596, 22.5511644], [114.0091712, 22.5511669], [114.0091736, 22.5510753], [114.0093157, 22.5510785], [114.0093139, 22.5511441], [114.0092835, 22.5511434], [114.0093462, 22.5512042], [114.0093469, 22.5511761], [114.009418, 22.5511777], [114.0094145, 22.5513089], [114.0093153, 22.5513066], [114.0093126, 22.5514097], [114.0091829, 22.5514068], [114.0091842, 22.5513599], [114.009209, 22.5513605], [114.0092099, 22.551324], [114.0091472, 22.5512632], [114.0091078, 22.5512624], [114.0091072, 22.5512853], [114.0090564, 22.5512841]]]]}}, {"type": "Feature", "id": "way/479404860", "properties": {"tags": {"addr:housename": "中旅·国际公馆二期", "addr:housename:en": "Zhonglv International Mansion Phase II", "addr:housename:zh": "中旅·国际公馆二期", "building": "apartments", "building:levels": "32", "name": "27栋", "name:en": "Block 27", "name:zh": "27栋"}, "heightStatus": "levels_only_unverified", "source": "OpenStreetMap", "license": "ODbL-1.0"}, "geometry": {"type": "MultiPolygon", "coordinates": [[[[114.0084018, 22.5504756], [114.008405, 22.5503559], [114.0085166, 22.5503584], [114.008519, 22.5502668], [114.0086611, 22.55027], [114.0086594, 22.5503356], [114.0086289, 22.5503349], [114.0086916, 22.5503957], [114.0086924, 22.5503676], [114.0087634, 22.5503691], [114.0087599, 22.5505003], [114.0086607, 22.5504981], [114.008658, 22.5506012], [114.0085283, 22.5505983], [114.0085296, 22.5505514], [114.0085544, 22.550552], [114.0085553, 22.5505155], [114.0084926, 22.5504547], [114.0084532, 22.5504539], [114.0084526, 22.5504768], [114.0084018, 22.5504756]]]]}}, {"type": "Feature", "id": "way/479404862", "properties": {"tags": {"addr:housename": "中旅·国际公馆二期", "addr:housename:en": "Zhonglv International Mansion Phase II", "addr:housename:zh": "中旅·国际公馆二期", "building": "apartments", "building:levels": "32", "name": "28栋", "name:en": "Block 28", "name:zh": "28栋"}, "heightStatus": "levels_only_unverified", "source": "OpenStreetMap", "license": "ODbL-1.0"}, "geometry": {"type": "MultiPolygon", "coordinates": [[[[114.0080334, 22.5501398], [114.0080366, 22.5500201], [114.0081482, 22.5500226], [114.0081506, 22.5499309], [114.0082926, 22.5499341], [114.0082909, 22.5499997], [114.0082605, 22.5499991], [114.0083232, 22.5500598], [114.0083239, 22.5500317], [114.0083949, 22.5500333], [114.0083915, 22.5501645], [114.0082923, 22.5501623], [114.0082895, 22.5502654], [114.0081599, 22.5502625], [114.0081611, 22.5502156], [114.0081859, 22.5502162], [114.0081869, 22.5501797], [114.0081242, 22.5501189], [114.0080847, 22.550118], [114.0080841, 22.5501409], [114.0080334, 22.5501398]]]]}}, {"type": "Feature", "id": "way/479404865", "properties": {"tags": {"addr:housename": "中旅·国际公馆二期", "addr:housename:en": "Zhonglv International Mansion Phase II", "addr:housename:zh": "中旅·国际公馆二期", "building": "apartments", "building:levels": "32", "name": "29栋", "name:en": "Block 29", "name:zh": "29栋"}, "heightStatus": "levels_only_unverified", "source": "OpenStreetMap", "license": "ODbL-1.0"}, "geometry": {"type": "MultiPolygon", "coordinates": [[[[114.007674, 22.5497657], [114.0076771, 22.549646], [114.0077888, 22.5496485], [114.0077912, 22.5495569], [114.0079332, 22.5495601], [114.0079315, 22.5496257], [114.0079011, 22.549625], [114.0079638, 22.5496858], [114.0079645, 22.5496577], [114.0080355, 22.5496593], [114.0080321, 22.5497905], [114.0079329, 22.5497882], [114.0079301, 22.5498913], [114.0078005, 22.5498884], [114.0078017, 22.5498415], [114.0078265, 22.5498421], [114.0078275, 22.5498057], [114.0077648, 22.5497449], [114.0077253, 22.549744], [114.0077247, 22.5497669], [114.007674, 22.5497657]]]]}}, {"type": "Feature", "id": "way/479404916", "properties": {"tags": {"building": "yes"}, "heightStatus": "unknown", "source": "OpenStreetMap", "license": "ODbL-1.0"}, "geometry": {"type": "MultiPolygon", "coordinates": [[[[114.0076208, 22.5494186], [114.0081881, 22.5491244], [114.0082867, 22.5491216], [114.0083525, 22.5492175], [114.0076946, 22.549545], [114.0076208, 22.5494186]]]]}}, {"type": "Feature", "id": "way/479436640", "properties": {"tags": {"addr:housename": "中旅·国际公馆一期", "addr:housename:en": "Zhonglv International Mansion Phase I", "addr:housename:zh": "中旅·国际公馆一期", "building": "apartments", "name": "12栋", "name:en": "Block 12", "name:zh": "12栋"}, "heightStatus": "unknown", "source": "OpenStreetMap", "license": "ODbL-1.0"}, "geometry": {"type": "MultiPolygon", "coordinates": [[[[114.0117321, 22.5508495], [114.0118356, 22.5508439], [114.0118323, 22.5507921], [114.011921, 22.5507873], [114.0119224, 22.5508093], [114.0119914, 22.5508055], [114.0122428, 22.5505435], [114.0122661, 22.5505626], [114.0123403, 22.5504853], [114.0124929, 22.5506102], [114.0123977, 22.5507094], [114.0123408, 22.5506627], [114.0120779, 22.5509367], [114.0118812, 22.5509474], [114.0118857, 22.5510175], [114.0117433, 22.5510253], [114.0117321, 22.5508495]]]]}}, {"type": "Feature", "id": "way/479436641", "properties": {"tags": {"addr:housename": "中旅·国际公馆一期", "addr:housename:en": "Zhonglv International Mansion Phase I", "addr:housename:zh": "中旅·国际公馆一期", "building": "apartments", "name": "2栋", "name:en": "Block 2", "name:zh": "2栋"}, "heightStatus": "unknown", "source": "OpenStreetMap", "license": "ODbL-1.0"}, "geometry": {"type": "MultiPolygon", "coordinates": [[[[114.0114733, 22.5495783], [114.0115629, 22.549456], [114.0116544, 22.5495131], [114.0116858, 22.5494703], [114.0117712, 22.5495237], [114.0118167, 22.5494617], [114.0121409, 22.5496643], [114.0120526, 22.5497849], [114.0117843, 22.5496173], [114.0117571, 22.5496546], [114.0116922, 22.5496141], [114.0116694, 22.5496453], [114.0115877, 22.5495943], [114.0115599, 22.5496323], [114.0114733, 22.5495783]]]]}}, {"type": "Feature", "id": "way/479436642", "properties": {"tags": {"addr:housename": "中旅·国际公馆一期", "addr:housename:en": "Zhonglv International Mansion Phase I", "addr:housename:zh": "中旅·国际公馆一期", "building": "apartments", "name": "3栋", "name:en": "Block 3", "name:zh": "3栋"}, "heightStatus": "unknown", "source": "OpenStreetMap", "license": "ODbL-1.0"}, "geometry": {"type": "MultiPolygon", "coordinates": [[[[114.0112411, 22.5498004], [114.0113294, 22.54968], [114.011377, 22.5497097], [114.0113498, 22.549747], [114.0114123, 22.549786], [114.0113898, 22.5498168], [114.0114573, 22.549859], [114.0114303, 22.5498959], [114.0117385, 22.5500885], [114.0116585, 22.5501978], [114.0113867, 22.550028], [114.0114106, 22.5499955], [114.0113411, 22.549952], [114.0113661, 22.5499179], [114.0112861, 22.5498679], [114.011306, 22.5498409], [114.0112411, 22.5498004]]]]}}, {"type": "Feature", "id": "way/479436643", "properties": {"tags": {"addr:housename": "中旅·国际公馆一期", "addr:housename:en": "Zhonglv International Mansion Phase I", "addr:housename:zh": "中旅·国际公馆一期", "building": "apartments", "name": "6栋", "name:en": "Block 6", "name:zh": "6栋"}, "heightStatus": "unknown", "source": "OpenStreetMap", "license": "ODbL-1.0"}, "geometry": {"type": "MultiPolygon", "coordinates": [[[[114.0111799, 22.5506845], [114.0112788, 22.5506766], [114.0112736, 22.550622], [114.0113654, 22.5506146], [114.0113585, 22.5505412], [114.0114526, 22.5505336], [114.0114467, 22.550471], [114.0115699, 22.5504611], [114.0115828, 22.5505985], [114.0114906, 22.5506059], [114.0114936, 22.5506375], [114.0114266, 22.5506429], [114.0114326, 22.5507062], [114.0113477, 22.550713], [114.0113505, 22.550743], [114.0113081, 22.5507464], [114.0113148, 22.5508172], [114.0111933, 22.550827], [114.0111799, 22.5506845]]]]}}, {"type": "Feature", "id": "way/479436644", "properties": {"tags": {"addr:housename": "中旅·国际公馆一期", "addr:housename:en": "Zhonglv International Mansion Phase I", "addr:housename:zh": "中旅·国际公馆一期", "building": "apartments", "name": "7栋", "name:en": "Block 7", "name:zh": "7栋"}, "heightStatus": "unknown", "source": "OpenStreetMap", "license": "ODbL-1.0"}, "geometry": {"type": "MultiPolygon", "coordinates": [[[[114.0107648, 22.5501328], [114.0108454, 22.5500511], [114.0109102, 22.5501056], [114.0109859, 22.5500288], [114.0110772, 22.5501056], [114.0111167, 22.5500656], [114.0111559, 22.5500987], [114.0111376, 22.5501173], [114.0113298, 22.5502789], [114.0113482, 22.5502603], [114.0113998, 22.5503037], [114.0112983, 22.5504067], [114.0110151, 22.5501686], [114.0109661, 22.5502183], [114.0109013, 22.5501638], [114.0108562, 22.5502096], [114.0107648, 22.5501328]]]]}}, {"type": "Feature", "id": "way/479436645", "properties": {"tags": {"addr:housename": "中旅·国际公馆一期", "addr:housename:en": "Zhonglv International Mansion Phase I", "addr:housename:zh": "中旅·国际公馆一期", "building": "apartments", "name": "8栋", "name:en": "Block 8", "name:zh": "8栋"}, "heightStatus": "unknown", "source": "OpenStreetMap", "license": "ODbL-1.0"}, "geometry": {"type": "MultiPolygon", "coordinates": [[[[114.0107532, 22.550382], [114.0108391, 22.550295], [114.0108719, 22.5503226], [114.0108934, 22.5503007], [114.0109853, 22.550378], [114.0109637, 22.5503998], [114.0110024, 22.5504324], [114.0110239, 22.5504105], [114.0111158, 22.5504878], [114.0110943, 22.5505096], [114.0111271, 22.5505372], [114.0110413, 22.5506243], [114.0107532, 22.550382]]]]}}, {"type": "Feature", "id": "way/479436646", "properties": {"tags": {"addr:housename": "中旅·国际公馆一期", "addr:housename:en": "Zhonglv International Mansion Phase I", "addr:housename:zh": "中旅·国际公馆一期", "building": "apartments", "name": "11栋", "name:en": "Block 11", "name:zh": "11栋"}, "heightStatus": "unknown", "source": "OpenStreetMap", "license": "ODbL-1.0"}, "geometry": {"type": "MultiPolygon", "coordinates": [[[[114.0106113, 22.5508191], [114.0106793, 22.5508161], [114.0106771, 22.5507731], [114.0108038, 22.5507676], [114.010806, 22.5508106], [114.010942, 22.5508047], [114.0109398, 22.5507617], [114.0110665, 22.5507562], [114.0110687, 22.5507992], [114.0111367, 22.5507963], [114.0111426, 22.5509131], [114.0106173, 22.5509359], [114.010616, 22.5509122], [114.0106127, 22.5508465], [114.0106113, 22.5508191]]]]}}, {"type": "Feature", "id": "way/479436647", "properties": {"tags": {"addr:housename": "中旅·国际公馆一期", "addr:housename:en": "Zhonglv International Mansion Phase I", "addr:housename:zh": "中旅·国际公馆一期", "building": "apartments", "name": "16栋", "name:en": "Block 16", "name:zh": "16栋"}, "heightStatus": "unknown", "source": "OpenStreetMap", "license": "ODbL-1.0"}, "geometry": {"type": "MultiPolygon", "coordinates": [[[[114.0104961, 22.551326], [114.0105981, 22.5512964], [114.0105947, 22.5512355], [114.0107686, 22.5512271], [114.0107638, 22.5511425], [114.0110036, 22.5511309], [114.0110128, 22.5512921], [114.0107729, 22.5513037], [114.0107762, 22.5513619], [114.0106346, 22.5513688], [114.0106616, 22.551448], [114.0105487, 22.5514807], [114.0104961, 22.551326]]]]}}, {"type": "Feature", "id": "way/479436648", "properties": {"tags": {"addr:housename": "中旅·国际公馆一期", "addr:housename:en": "Zhonglv International Mansion Phase I", "addr:housename:zh": "中旅·国际公馆一期", "building": "apartments", "name": "20栋", "name:en": "Block 20", "name:zh": "20栋"}, "heightStatus": "unknown", "source": "OpenStreetMap", "license": "ODbL-1.0"}, "geometry": {"type": "MultiPolygon", "coordinates": [[[[114.0109989, 22.551391], [114.0111126, 22.5513822], [114.0111082, 22.5513333], [114.0111842, 22.5513274], [114.0111882, 22.5513717], [114.0112552, 22.5513665], [114.0112466, 22.5512721], [114.0113342, 22.5512653], [114.0113317, 22.5512378], [114.0114396, 22.5512294], [114.0114421, 22.5512571], [114.0115278, 22.5512505], [114.0115404, 22.5513897], [114.0114714, 22.5513951], [114.0114741, 22.5514245], [114.0113374, 22.551435], [114.0113348, 22.5514057], [114.0112787, 22.55141], [114.0112871, 22.5515019], [114.011141, 22.5515132], [114.0111461, 22.5515698], [114.011016, 22.5515799], [114.0109989, 22.551391]]]]}}, {"type": "Feature", "id": "way/479436649", "properties": {"tags": {"addr:housename": "中旅·国际公馆一期", "addr:housename:en": "Zhonglv International Mansion Phase I", "addr:housename:zh": "中旅·国际公馆一期", "building": "apartments", "name": "17栋", "name:en": "Block 17", "name:zh": "17栋"}, "heightStatus": "unknown", "source": "OpenStreetMap", "license": "ODbL-1.0"}, "geometry": {"type": "MultiPolygon", "coordinates": [[[[114.010568, 22.5515409], [114.0105958, 22.5515322], [114.0105895, 22.5515152], [114.0106982, 22.5514809], [114.0107045, 22.5514979], [114.0107484, 22.551484], [114.0108012, 22.5516268], [114.0107573, 22.5516406], [114.0107699, 22.5516746], [114.0108138, 22.5516608], [114.0108666, 22.5518035], [114.0109053, 22.5518189], [114.0108442, 22.5519543], [114.0107557, 22.5519202], [114.0107887, 22.5518471], [114.0107203, 22.5518687], [114.010714, 22.5518517], [114.0106862, 22.5518604], [114.0106334, 22.5517177], [114.0106612, 22.5517089], [114.0106486, 22.5516749], [114.0106208, 22.5516837], [114.010568, 22.5515409]]]]}}, {"type": "Feature", "id": "way/479436650", "properties": {"tags": {"addr:housename": "中旅·国际公馆一期", "addr:housename:en": "Zhonglv International Mansion Phase I", "addr:housename:zh": "中旅·国际公馆一期", "building": "apartments", "name": "18栋", "name:en": "Block 18", "name:zh": "18栋"}, "heightStatus": "unknown", "source": "OpenStreetMap", "license": "ODbL-1.0"}, "geometry": {"type": "MultiPolygon", "coordinates": [[[[114.0108442, 22.5519543], [114.0109053, 22.5518189], [114.0109448, 22.5518341], [114.0109643, 22.5518712], [114.0110236, 22.5518454], [114.0110024, 22.5518051], [114.0111331, 22.5517465], [114.0111551, 22.5517884], [114.0112158, 22.551762], [114.0112707, 22.5518698], [114.0110026, 22.5519861], [114.0109658, 22.5519152], [114.0109328, 22.5519883], [114.0108442, 22.5519543]]]]}}, {"type": "Feature", "id": "way/479436651", "properties": {"tags": {"addr:housename": "中旅·国际公馆一期", "addr:housename:en": "Zhonglv International Mansion Phase I", "addr:housename:zh": "中旅·国际公馆一期", "building": "apartments", "name": "13栋", "name:en": "Block 13", "name:zh": "13栋"}, "heightStatus": "unknown", "source": "OpenStreetMap", "license": "ODbL-1.0"}, "geometry": {"type": "MultiPolygon", "coordinates": [[[[114.0116913, 22.5511108], [114.011813, 22.551109], [114.0118143, 22.5511809], [114.0119241, 22.5511793], [114.011925, 22.5512334], [114.0120447, 22.5512316], [114.0120483, 22.5513886], [114.0119274, 22.5513883], [114.0119267, 22.5513506], [114.0118007, 22.5513525], [114.0117994, 22.5512763], [114.0116942, 22.5512779], [114.0116913, 22.5511108]]]]}}, {"type": "Feature", "id": "way/479436652", "properties": {"tags": {"addr:housename": "中旅·国际公馆一期", "addr:housename:en": "Zhonglv International Mansion Phase I", "addr:housename:zh": "中旅·国际公馆一期", "building": "apartments", "name": "14栋", "name:en": "Block 14", "name:zh": "14栋"}, "heightStatus": "unknown", "source": "OpenStreetMap", "license": "ODbL-1.0"}, "geometry": {"type": "MultiPolygon", "coordinates": [[[[114.0120447, 22.5512316], [114.0120994, 22.5511798], [114.0120739, 22.5511572], [114.012135, 22.5510983], [114.0121605, 22.551121], [114.0122683, 22.5510173], [114.0122428, 22.5509946], [114.0123039, 22.5509359], [114.0123295, 22.5509585], [114.0123834, 22.5509067], [114.0124801, 22.5509924], [114.0124262, 22.5510443], [114.0124464, 22.5510622], [114.0123852, 22.551121], [114.012365, 22.5511031], [114.0122572, 22.5512067], [114.0122775, 22.5512247], [114.0122164, 22.5512835], [114.0121961, 22.5512656], [114.0121423, 22.5513174], [114.0121315, 22.5513079], [114.0120483, 22.5513886], [114.0120447, 22.5512316]]]]}}, {"type": "Feature", "id": "way/479436653", "properties": {"tags": {"addr:housename": "中旅·国际公馆一期", "addr:housename:en": "Zhonglv International Mansion Phase I", "addr:housename:zh": "中旅·国际公馆一期", "building": "apartments", "name": "15栋", "name:en": "Block 15", "name:zh": "15栋"}, "heightStatus": "unknown", "source": "OpenStreetMap", "license": "ODbL-1.0"}, "geometry": {"type": "MultiPolygon", "coordinates": [[[[114.0124248, 22.5508692], [114.0124795, 22.5508174], [114.012454, 22.5507947], [114.0125151, 22.5507359], [114.0125407, 22.5507586], [114.0126484, 22.5506549], [114.0126229, 22.5506322], [114.012684, 22.5505734], [114.0127096, 22.5505961], [114.0127635, 22.5505443], [114.0128602, 22.55063], [114.0128063, 22.5506818], [114.0128265, 22.5506998], [114.0127653, 22.5507586], [114.0127451, 22.5507406], [114.0126374, 22.5508443], [114.0126576, 22.5508622], [114.0125965, 22.5509211], [114.0125762, 22.5509031], [114.0125224, 22.550955], [114.0124248, 22.5508692]]]]}}, {"type": "Feature", "id": "way/479436654", "properties": {"tags": {"building": "yes"}, "heightStatus": "unknown", "source": "OpenStreetMap", "license": "ODbL-1.0"}, "geometry": {"type": "MultiPolygon", "coordinates": [[[[114.0126038, 22.5501004], [114.0126833, 22.5499915], [114.0127995, 22.5500639], [114.0128041, 22.5501134], [114.0128731, 22.550108], [114.0128749, 22.5501285], [114.0130358, 22.550116], [114.013059, 22.5503711], [114.0128905, 22.5503842], [114.0128856, 22.5503303], [114.0128243, 22.550335], [114.0128374, 22.5504796], [114.0127147, 22.5504891], [114.0127038, 22.5503696], [114.0126339, 22.550375], [114.012622, 22.5502443], [114.0126869, 22.5502392], [114.0126784, 22.5501468], [114.0126038, 22.5501004]]]]}}, {"type": "Feature", "id": "way/479436655", "properties": {"tags": {"addr:housename": "中旅·国际公馆一期", "addr:housename:en": "Zhonglv International Mansion Phase I", "addr:housename:zh": "中旅·国际公馆一期", "building": "apartments", "name": "4栋", "name:en": "Block 4", "name:zh": "4栋"}, "heightStatus": "unknown", "source": "OpenStreetMap", "license": "ODbL-1.0"}, "geometry": {"type": "MultiPolygon", "coordinates": [[[[114.0117752, 22.5502707], [114.0118552, 22.5501614], [114.0119265, 22.5502059], [114.0119519, 22.5501712], [114.0120265, 22.5502179], [114.0120519, 22.5501832], [114.0121253, 22.550229], [114.0121551, 22.5501883], [114.0122164, 22.5502266], [114.0122372, 22.5501982], [114.0123038, 22.5502398], [114.0122352, 22.5503335], [114.0121737, 22.550295], [114.012157, 22.5503179], [114.0120955, 22.5502795], [114.0120677, 22.5503175], [114.0120008, 22.5502757], [114.0119774, 22.5503077], [114.0119148, 22.5502685], [114.0118698, 22.5503298], [114.0117752, 22.5502707]]]]}}, {"type": "Feature", "id": "way/479436656", "properties": {"tags": {"addr:housename": "中旅·国际公馆一期", "addr:housename:en": "Zhonglv International Mansion Phase I", "addr:housename:zh": "中旅·国际公馆一期", "building": "apartments", "name": "1栋", "name:en": "Block 1", "name:zh": "1栋"}, "heightStatus": "unknown", "source": "OpenStreetMap", "license": "ODbL-1.0"}, "geometry": {"type": "MultiPolygon", "coordinates": [[[[114.0120925, 22.5498114], [114.0121807, 22.549691], [114.0125052, 22.5498938], [114.0124587, 22.5499572], [114.0125438, 22.5500103], [114.012512, 22.5500537], [114.0125385, 22.5500702], [114.0124771, 22.5501541], [114.0124013, 22.5501067], [114.0124246, 22.550075], [114.0123319, 22.5500171], [114.0123601, 22.5499786], [114.0120925, 22.5498114]]]]}}, {"type": "Feature", "id": "way/479436657", "properties": {"tags": {"addr:housename": "中旅·国际公馆一期", "addr:housename:en": "Zhonglv International Mansion Phase I", "addr:housename:zh": "中旅·国际公馆一期", "building": "apartments", "name": "5栋", "name:en": "Block 5", "name:zh": "5栋"}, "heightStatus": "unknown", "source": "OpenStreetMap", "license": "ODbL-1.0"}, "geometry": {"type": "MultiPolygon", "coordinates": [[[[114.0115943, 22.5498125], [114.0116819, 22.5496953], [114.0120064, 22.5499021], [114.0119189, 22.5500193], [114.0115943, 22.5498125]]]]}}, {"type": "Feature", "id": "way/666589392", "properties": {"tags": {"addr:housename": "香域中央花园", "addr:housename:en": "Xiangyu Central Garden", "addr:housename:zh": "香域中央花园", "building": "apartments", "building:levels": "15", "name": "1栋", "name:en": "Block 1", "name:zh": "1栋"}, "heightStatus": "levels_only_unverified", "source": "OpenStreetMap", "license": "ODbL-1.0"}, "geometry": {"type": "MultiPolygon", "coordinates": [[[[114.0134214, 22.5512879], [114.0135994, 22.5510726], [114.0138453, 22.5509252], [114.0139195, 22.5510307], [114.0136933, 22.5511663], [114.0135297, 22.5513642], [114.0134214, 22.5512879]]]]}}, {"type": "Feature", "id": "way/666802891", "properties": {"tags": {"building": "hospital", "building:levels": "4"}, "heightStatus": "levels_only_unverified", "source": "OpenStreetMap", "license": "ODbL-1.0"}, "geometry": {"type": "MultiPolygon", "coordinates": [[[[114.0087783, 22.5489757], [114.0087999, 22.5488546], [114.0088508, 22.5488614], [114.0089013, 22.5488707], [114.0089511, 22.5488823], [114.0089777, 22.5488051], [114.0090256, 22.5488188], [114.0090879, 22.5488316], [114.0091499, 22.5488397], [114.009164, 22.5488112], [114.0091833, 22.5487855], [114.0092072, 22.5487634], [114.009235, 22.5487455], [114.0092682, 22.5487323], [114.0093037, 22.5487256], [114.0093399, 22.5487258], [114.0093703, 22.5487291], [114.009399, 22.548739], [114.0094244, 22.5487549], [114.0094417, 22.5487717], [114.0094549, 22.5487905], [114.0094992, 22.548775], [114.0095394, 22.5487521], [114.0095743, 22.5487226], [114.0096027, 22.5486876], [114.0096456, 22.5487302], [114.0096787, 22.5487017], [114.009795, 22.548817], [114.0097619, 22.5488455], [114.0097872, 22.5488706], [114.0094014, 22.5492024], [114.0094369, 22.5492376], [114.0094533, 22.5492235], [114.0094949, 22.5492647], [114.0092822, 22.5494476], [114.0090734, 22.5492406], [114.009171, 22.5491567], [114.0090977, 22.5491229], [114.0090082, 22.5491984], [114.0089176, 22.5491566], [114.0089554, 22.5490866], [114.0089998, 22.549107], [114.0090125, 22.5490836], [114.0087783, 22.5489757]]]]}}, {"type": "Feature", "id": "way/771308157", "properties": {"tags": {"building": "yes", "name": "国华大厦"}, "heightStatus": "unknown", "source": "OpenStreetMap", "license": "ODbL-1.0"}, "geometry": {"type": "MultiPolygon", "coordinates": [[[[114.0060484, 22.5501351], [114.0065191, 22.5498932], [114.0066713, 22.5500142], [114.0061687, 22.5502985], [114.0060484, 22.5501351]]]]}}, {"type": "Feature", "id": "way/925221217", "properties": {"tags": {"building": "retail", "name": "印力中心"}, "heightStatus": "unknown", "source": "OpenStreetMap", "license": "ODbL-1.0"}, "geometry": {"type": "MultiPolygon", "coordinates": [[[[114.0054704, 22.5474574], [114.0055643, 22.5473385], [114.0056662, 22.5472172], [114.0057628, 22.5471082], [114.0059912, 22.5473102], [114.0061447, 22.5471943], [114.0059586, 22.5469546], [114.0060981, 22.5468728], [114.0062456, 22.5467985], [114.0063824, 22.5467366], [114.0065246, 22.5470091], [114.0067145, 22.5469455], [114.0066372, 22.5466623], [114.0067955, 22.5466325], [114.006943, 22.5466127], [114.0070985, 22.5466053], [114.0071227, 22.5471503], [114.0070869, 22.5471823], [114.0072853, 22.5473904], [114.0065582, 22.5479614], [114.0064944, 22.5478928], [114.0062782, 22.5480644], [114.0062154, 22.5479967], [114.0061957, 22.5480125], [114.0061609, 22.5479915], [114.0061277, 22.547969], [114.0061006, 22.5479469], [114.0060729, 22.5479209], [114.0059394, 22.5477817], [114.0059827, 22.5477448], [114.0054704, 22.5474574]]]]}}, {"type": "Feature", "id": "way/1244599889", "properties": {"tags": {"building": "apartments"}, "heightStatus": "unknown", "source": "OpenStreetMap", "license": "ODbL-1.0"}, "geometry": {"type": "MultiPolygon", "coordinates": [[[[114.0054861, 22.5536345], [114.0054876, 22.5535028], [114.0055382, 22.5535033], [114.0055398, 22.5533645], [114.005789, 22.553367], [114.005787, 22.5535423], [114.0058864, 22.5535433], [114.0058884, 22.5533714], [114.0061452, 22.553374], [114.0061441, 22.5534663], [114.0061092, 22.5534659], [114.0061085, 22.5535169], [114.006218, 22.5535181], [114.0062124, 22.5539555], [114.0059939, 22.5539532], [114.0059987, 22.5535796], [114.0059581, 22.5535792], [114.0059574, 22.5536301], [114.0058216, 22.5536287], [114.0058213, 22.5536578], [114.0056025, 22.5536555], [114.0056028, 22.5536356], [114.0054861, 22.5536345]]]]}}, {"type": "Feature", "id": "way/1244599938", "properties": {"tags": {"building": "apartments"}, "heightStatus": "unknown", "source": "OpenStreetMap", "license": "ODbL-1.0"}, "geometry": {"type": "MultiPolygon", "coordinates": [[[[114.0062247, 22.5507574], [114.0062308, 22.5504777], [114.006364, 22.5504758], [114.0063639, 22.5505134], [114.0063904, 22.550513], [114.0063883, 22.5505997], [114.0066025, 22.5504416], [114.0066231, 22.5504674], [114.0066434, 22.5504533], [114.0065236, 22.5502928], [114.0066729, 22.5502008], [114.0068792, 22.5504777], [114.0064646, 22.5507584], [114.0062247, 22.5507574]]]]}}, {"type": "Feature", "id": "way/1244599940", "properties": {"tags": {"building": "apartments"}, "heightStatus": "unknown", "source": "OpenStreetMap", "license": "ODbL-1.0"}, "geometry": {"type": "MultiPolygon", "coordinates": [[[[114.0065312, 22.5540535], [114.0065343, 22.5538325], [114.0069947, 22.5538381], [114.0069915, 22.5540632], [114.0069736, 22.554063], [114.0069733, 22.5540848], [114.0068552, 22.5540834], [114.0068555, 22.5540642], [114.0068379, 22.554064], [114.0068392, 22.5539753], [114.0066817, 22.5539734], [114.0066805, 22.5540559], [114.0066623, 22.5540556], [114.006662, 22.5540757], [114.0065445, 22.5540743], [114.0065447, 22.5540536], [114.0065312, 22.5540535]]]]}}, {"type": "Feature", "id": "way/1311279288", "properties": {"tags": {"building": "train_station", "building:levels": "0", "building:levels:underground": "2", "layer": "-1", "location": "underground", "name": "侨香站", "name:en": "Qiaoxiang Station", "name:zh": "侨香站", "public_transport": "station", "start_date": "2011-06-28", "wikidata": "Q6119522", "wikipedia": "zh:侨香站"}, "heightStatus": "levels_only_unverified", "source": "OpenStreetMap", "license": "ODbL-1.0"}, "geometry": {"type": "MultiPolygon", "coordinates": [[[[114.0084948, 22.5521504], [114.0085218, 22.5521043], [114.0085489, 22.5521178], [114.0085635, 22.5520927], [114.0085444, 22.5520832], [114.0085628, 22.5520518], [114.0085358, 22.5520384], [114.0085626, 22.5519926], [114.0085887, 22.5520056], [114.0087685, 22.5516884], [114.0088105, 22.5516635], [114.0089484, 22.5518497], [114.0089057, 22.5519218], [114.0090081, 22.5520576], [114.0090307, 22.5520423], [114.0091364, 22.552182], [114.0091261, 22.5521878], [114.009141, 22.5522131], [114.0091596, 22.5522202], [114.0091614, 22.5522297], [114.0091424, 22.5522612], [114.009118, 22.5522495], [114.009111, 22.5522595], [114.0097132, 22.5525285], [114.010218, 22.5523552], [114.0102206, 22.5523605], [114.010237, 22.5523539], [114.0102584, 22.5523988], [114.0102362, 22.5524048], [114.0103037, 22.5525814], [114.0100662, 22.5526581], [114.0100628, 22.552665], [114.0100931, 22.5526773], [114.0100688, 22.5527266], [114.0100426, 22.5527173], [114.0100151, 22.5527745], [114.010043, 22.5527866], [114.0100212, 22.5528345], [114.0099944, 22.5528213], [114.0099851, 22.5528386], [114.0099536, 22.5528242], [114.0097326, 22.5528175], [114.0096573, 22.5529501], [114.0097505, 22.5531736], [114.0097202, 22.5531843], [114.0097548, 22.5532672], [114.0097262, 22.5532774], [114.0097535, 22.5533429], [114.0097055, 22.55336], [114.0095152, 22.5529032], [114.0095551, 22.5528321], [114.0095309, 22.552819], [114.0095511, 22.5527814], [114.0095777, 22.5527941], [114.0095861, 22.5527818], [114.0095412, 22.552763], [114.0095978, 22.5526682], [114.009018, 22.5524054], [114.0090066, 22.5524248], [114.008958, 22.5524006], [114.0089693, 22.5523811], [114.0086426, 22.5522194], [114.0086335, 22.552235], [114.0085154, 22.5521762], [114.0085224, 22.5521642], [114.0084948, 22.5521504]]]]}}, {"type": "Feature", "id": "way/1343470489", "properties": {"tags": {"building": "yes"}, "heightStatus": "unknown", "source": "OpenStreetMap", "license": "ODbL-1.0"}, "geometry": {"type": "MultiPolygon", "coordinates": [[[[114.007258, 22.5458876], [114.0072606, 22.545851], [114.0072915, 22.5458164], [114.0073425, 22.5458188], [114.0073746, 22.5458547], [114.007372, 22.54589], [114.0073398, 22.5459204], [114.0072848, 22.5459173], [114.007258, 22.5458876]]]]}}, {"type": "Feature", "id": "way/1343470490", "properties": {"tags": {"building": "yes"}, "heightStatus": "unknown", "source": "OpenStreetMap", "license": "ODbL-1.0"}, "geometry": {"type": "MultiPolygon", "coordinates": [[[[114.0079853, 22.5460437], [114.0079936, 22.546004], [114.0080117, 22.5459179], [114.0081658, 22.5459455], [114.0082262, 22.5459563], [114.0082082, 22.5460424], [114.0081478, 22.5460315], [114.0081394, 22.5460713], [114.0079853, 22.5460437]]]]}}, {"type": "Feature", "id": "way/1343470491", "properties": {"tags": {"building": "yes"}, "heightStatus": "unknown", "source": "OpenStreetMap", "license": "ODbL-1.0"}, "geometry": {"type": "MultiPolygon", "coordinates": [[[[114.0082946, 22.5457086], [114.0083253, 22.5455646], [114.0086525, 22.5456241], [114.0086219, 22.545768], [114.0082946, 22.5457086]]]]}}, {"type": "Feature", "id": "way/1343470492", "properties": {"tags": {"building": "yes"}, "heightStatus": "unknown", "source": "OpenStreetMap", "license": "ODbL-1.0"}, "geometry": {"type": "MultiPolygon", "coordinates": [[[[114.0083429, 22.5458572], [114.0083725, 22.5458359], [114.0084062, 22.5458205], [114.0084426, 22.5458117], [114.0084801, 22.5458099], [114.0085173, 22.5458151], [114.0085541, 22.5458279], [114.0085871, 22.5458476], [114.0086149, 22.5458732], [114.0086362, 22.5459037], [114.00865, 22.5459377], [114.0085977, 22.545965], [114.0085876, 22.5459347], [114.0085692, 22.5459079], [114.0085438, 22.5458866], [114.0085132, 22.5458721], [114.008484, 22.5458659], [114.008454, 22.5458661], [114.0084248, 22.5458726], [114.008398, 22.5458852], [114.0083751, 22.5459031], [114.0083429, 22.5458572]]]]}}, {"type": "Feature", "id": "way/1343470493", "properties": {"tags": {"building": "yes", "layer": "1"}, "heightStatus": "unknown", "source": "OpenStreetMap", "license": "ODbL-1.0"}, "geometry": {"type": "MultiPolygon", "coordinates": [[[[114.0086727, 22.5460614], [114.0086997, 22.5459699], [114.0089263, 22.5460269], [114.0088993, 22.5461184], [114.0086727, 22.5460614]]]]}}, {"type": "Feature", "id": "way/1343470494", "properties": {"tags": {"building": "yes"}, "heightStatus": "unknown", "source": "OpenStreetMap", "license": "ODbL-1.0"}, "geometry": {"type": "MultiPolygon", "coordinates": [[[[114.0087615, 22.5457555], [114.008781, 22.5457232], [114.0088154, 22.5457043], [114.0088554, 22.5457038], [114.0088903, 22.5457218], [114.0089108, 22.5457536], [114.0089114, 22.5457905], [114.0088918, 22.5458228], [114.0088575, 22.5458417], [114.0088175, 22.5458422], [114.0087826, 22.5458242], [114.0087621, 22.5457924], [114.0087615, 22.5457555]]]]}}, {"type": "Feature", "id": "way/1343470495", "properties": {"tags": {"building": "yes"}, "heightStatus": "unknown", "source": "OpenStreetMap", "license": "ODbL-1.0"}, "geometry": {"type": "MultiPolygon", "coordinates": [[[[114.0091773, 22.5462658], [114.0091968, 22.5462335], [114.0092312, 22.5462146], [114.0092712, 22.5462141], [114.0093061, 22.5462321], [114.0093266, 22.5462639], [114.0093271, 22.5463008], [114.0093076, 22.5463331], [114.0092732, 22.546352], [114.0092332, 22.5463525], [114.0091983, 22.5463345], [114.0091778, 22.5463027], [114.0091773, 22.5462658]]]]}}, {"type": "Feature", "id": "way/1343470496", "properties": {"tags": {"building": "yes"}, "heightStatus": "unknown", "source": "OpenStreetMap", "license": "ODbL-1.0"}, "geometry": {"type": "MultiPolygon", "coordinates": [[[[114.0092153, 22.5459668], [114.0092348, 22.5459346], [114.0092692, 22.5459157], [114.0093092, 22.5459152], [114.0093441, 22.5459332], [114.0093646, 22.5459649], [114.0093651, 22.5460019], [114.0093456, 22.5460341], [114.0093112, 22.546053], [114.0092712, 22.5460536], [114.0092363, 22.5460355], [114.0092158, 22.5460038], [114.0092153, 22.5459668]]]]}}, {"type": "Feature", "id": "way/1343470497", "properties": {"tags": {"building": "yes", "layer": "1"}, "heightStatus": "unknown", "source": "OpenStreetMap", "license": "ODbL-1.0"}, "geometry": {"type": "MultiPolygon", "coordinates": [[[[114.0094936, 22.5464827], [114.0097833, 22.5460368], [114.0098547, 22.5460764], [114.009565, 22.5465223], [114.0094936, 22.5464827]]]]}}, {"type": "Feature", "id": "way/1343470506", "properties": {"tags": {"building": "yes"}, "heightStatus": "unknown", "source": "OpenStreetMap", "license": "ODbL-1.0"}, "geometry": {"type": "MultiPolygon", "coordinates": [[[[114.0077569, 22.5462598], [114.0078362, 22.5462582], [114.0078366, 22.5462738], [114.0079178, 22.5462722], [114.0079196, 22.5463479], [114.0078384, 22.5463496], [114.0078389, 22.5463734], [114.0077595, 22.546375], [114.0077569, 22.5462598]]]]}}, {"type": "Feature", "id": "way/1343470518", "properties": {"tags": {"building": "yes"}, "heightStatus": "unknown", "source": "OpenStreetMap", "license": "ODbL-1.0"}, "geometry": {"type": "MultiPolygon", "coordinates": [[[[114.0086558, 22.5467841], [114.0086588, 22.5467131], [114.0087897, 22.5467177], [114.0087868, 22.5467887], [114.0086558, 22.5467841]]]]}}, {"type": "Feature", "id": "way/1343470519", "properties": {"tags": {"building": "yes"}, "heightStatus": "unknown", "source": "OpenStreetMap", "license": "ODbL-1.0"}, "geometry": {"type": "MultiPolygon", "coordinates": [[[[114.0087571, 22.546691], [114.00876, 22.5466214], [114.008844, 22.5466244], [114.0088411, 22.5466939], [114.0087571, 22.546691]]]]}}, {"type": "Feature", "id": "way/1343470520", "properties": {"tags": {"building": "yes"}, "heightStatus": "unknown", "source": "OpenStreetMap", "license": "ODbL-1.0"}, "geometry": {"type": "MultiPolygon", "coordinates": [[[[114.0086614, 22.5466283], [114.0086646, 22.5465523], [114.0087466, 22.5465552], [114.0087435, 22.5466311], [114.0086614, 22.5466283]]]]}}, {"type": "Feature", "id": "way/1343470521", "properties": {"tags": {"building": "yes"}, "heightStatus": "unknown", "source": "OpenStreetMap", "license": "ODbL-1.0"}, "geometry": {"type": "MultiPolygon", "coordinates": [[[[114.0084331, 22.5466248], [114.0084361, 22.5465502], [114.0085177, 22.5465531], [114.0085146, 22.5466276], [114.0084331, 22.5466248]]]]}}, {"type": "Feature", "id": "way/1343470522", "properties": {"tags": {"building": "yes"}, "heightStatus": "unknown", "source": "OpenStreetMap", "license": "ODbL-1.0"}, "geometry": {"type": "MultiPolygon", "coordinates": [[[[114.0083195, 22.5466871], [114.0083226, 22.5466111], [114.0084234, 22.5466146], [114.0084203, 22.5466906], [114.0083195, 22.5466871]]]]}}, {"type": "Feature", "id": "way/1343470523", "properties": {"tags": {"building": "yes"}, "heightStatus": "unknown", "source": "OpenStreetMap", "license": "ODbL-1.0"}, "geometry": {"type": "MultiPolygon", "coordinates": [[[[114.0083899, 22.5467781], [114.0083928, 22.5467058], [114.0085126, 22.54671], [114.0085096, 22.5467823], [114.0083899, 22.5467781]]]]}}, {"type": "Feature", "id": "way/1343470524", "properties": {"tags": {"building": "yes"}, "heightStatus": "unknown", "source": "OpenStreetMap", "license": "ODbL-1.0"}, "geometry": {"type": "MultiPolygon", "coordinates": [[[[114.0084985, 22.5468704], [114.0085017, 22.546793], [114.0086251, 22.5467973], [114.0086219, 22.5468747], [114.0084985, 22.5468704]]]]}}, {"type": "Feature", "id": "way/1343483170", "properties": {"tags": {"building": "yes"}, "heightStatus": "unknown", "source": "OpenStreetMap", "license": "ODbL-1.0"}, "geometry": {"type": "MultiPolygon", "coordinates": [[[[114.0140522, 22.5466875], [114.0141152, 22.5466721], [114.0141063, 22.5466408], [114.0143134, 22.5465901], [114.0143215, 22.5466183], [114.0144782, 22.5465799], [114.014603, 22.5470148], [114.0145407, 22.5470301], [114.0143889, 22.5471716], [114.0142878, 22.5470791], [114.014178, 22.547106], [114.0141588, 22.547039], [114.0142738, 22.5470108], [114.0142825, 22.5470411], [114.01434, 22.547027], [114.0144577, 22.5469173], [114.0143993, 22.5467141], [114.0143443, 22.5467275], [114.0143352, 22.5466958], [114.014073, 22.54676], [114.0140522, 22.5466875]]]]}}, {"type": "Feature", "id": "way/1343483171", "properties": {"tags": {"addr:housename": "香榭里花园", "addr:housename:en": "Champs-Élysées Garden", "addr:housename:zh": "香榭里花园", "building": "apartments", "building:levels": "11", "name": "5栋", "name:en": "Block 5", "name:zh": "5栋"}, "heightStatus": "levels_only_unverified", "source": "OpenStreetMap", "license": "ODbL-1.0"}, "geometry": {"type": "MultiPolygon", "coordinates": [[[[114.0141037, 22.5460457], [114.0143569, 22.5457193], [114.0144834, 22.545803], [114.0142677, 22.5460811], [114.0142739, 22.5461157], [114.0143892, 22.546191], [114.014441, 22.5461852], [114.0144912, 22.5461724], [114.0145388, 22.5461528], [114.0145828, 22.5461271], [114.0146222, 22.5460956], [114.0147216, 22.5462061], [114.0146759, 22.5462412], [114.0146262, 22.5462713], [114.0145732, 22.5462961], [114.0145176, 22.5463154], [114.0144599, 22.5463287], [114.0144011, 22.5463361], [114.0143417, 22.5463374], [114.0141309, 22.5461979], [114.0141037, 22.5460457]]]]}}, {"type": "Feature", "id": "way/1343483172", "properties": {"tags": {"addr:housename": "香榭里花园", "addr:housename:en": "Champs-Élysées Garden", "addr:housename:zh": "香榭里花园", "building": "apartments", "building:levels": "9", "name": "4栋", "name:en": "Block 4", "name:zh": "4栋"}, "heightStatus": "levels_only_unverified", "source": "OpenStreetMap", "license": "ODbL-1.0"}, "geometry": {"type": "MultiPolygon", "coordinates": [[[[114.0145981, 22.5455403], [114.0145998, 22.5454821], [114.0147748, 22.5454864], [114.0147738, 22.5455437], [114.0147823, 22.5456006], [114.0148001, 22.5456555], [114.0148262, 22.5457076], [114.0148504, 22.5457717], [114.0148639, 22.5458386], [114.0148664, 22.5459065], [114.0148578, 22.545974], [114.0148383, 22.5460396], [114.0146779, 22.5459917], [114.0146872, 22.5459344], [114.0146876, 22.5458765], [114.0146791, 22.5458191], [114.014662, 22.5457634], [114.0146357, 22.5457105], [114.0146162, 22.5456552], [114.0146036, 22.5455982], [114.0145981, 22.5455403]]]]}}, {"type": "Feature", "id": "way/1343483173", "properties": {"tags": {"addr:housename": "香榭里花园", "addr:housename:en": "Champs-Élysées Garden", "addr:housename:zh": "香榭里花园", "building": "apartments", "building:levels": "13", "name": "6栋", "name:en": "Block 6", "name:zh": "6栋"}, "heightStatus": "levels_only_unverified", "source": "OpenStreetMap", "license": "ODbL-1.0"}, "geometry": {"type": "MultiPolygon", "coordinates": [[[[114.0136535, 22.546743], [114.013953, 22.5463348], [114.0140365, 22.546387], [114.0140026, 22.5464331], [114.014071, 22.5464759], [114.013976, 22.5466054], [114.0139317, 22.5465776], [114.0138898, 22.5466346], [114.0139342, 22.5466624], [114.0138392, 22.5467919], [114.0137708, 22.5467491], [114.0137369, 22.5467952], [114.0136535, 22.546743]]]]}}, {"type": "Feature", "id": "way/1343483174", "properties": {"tags": {"addr:housename": "香榭里花园", "addr:housename:en": "Champs-Élysées Garden", "addr:housename:zh": "香榭里花园", "building": "apartments", "building:levels": "13", "name": "8栋", "name:en": "Block 8", "name:zh": "8栋"}, "heightStatus": "levels_only_unverified", "source": "OpenStreetMap", "license": "ODbL-1.0"}, "geometry": {"type": "MultiPolygon", "coordinates": [[[[114.0137414, 22.5472077], [114.0137971, 22.5471301], [114.0138474, 22.5471609], [114.013893, 22.5470972], [114.0140342, 22.5471837], [114.0140046, 22.5472249], [114.0140667, 22.547263], [114.0140963, 22.5472217], [114.0142375, 22.5473081], [114.0141919, 22.5473718], [114.0142422, 22.5474025], [114.0141865, 22.5474801], [114.0137414, 22.5472077]]]]}}, {"type": "Feature", "id": "way/1343483175", "properties": {"tags": {"addr:housename": "香榭里花园", "addr:housename:en": "Champs-Élysées Garden", "addr:housename:zh": "香榭里花园", "building": "apartments", "building:levels": "13", "name": "7栋", "name:en": "Block 7", "name:zh": "7栋"}, "heightStatus": "levels_only_unverified", "source": "OpenStreetMap", "license": "ODbL-1.0"}, "geometry": {"type": "MultiPolygon", "coordinates": [[[[114.0135176, 22.5469188], [114.01371, 22.546889], [114.0137422, 22.5470661], [114.0135498, 22.5470959], [114.0135176, 22.5469188]]]]}}, {"type": "Feature", "id": "way/1343483181", "properties": {"tags": {"addr:housename": "香榭里花园", "addr:housename:en": "Champs-Élysées Garden", "addr:housename:zh": "香榭里花园", "building": "apartments", "building:levels": "13", "name": "10栋", "name:en": "Block 10", "name:zh": "10栋"}, "heightStatus": "levels_only_unverified", "source": "OpenStreetMap", "license": "ODbL-1.0"}, "geometry": {"type": "MultiPolygon", "coordinates": [[[[114.0149181, 22.5470144], [114.0150072, 22.5468934], [114.0152205, 22.5470275], [114.0151313, 22.5471485], [114.0149181, 22.5470144]]]]}}, {"type": "Feature", "id": "way/1343483182", "properties": {"tags": {"addr:housename": "香榭里花园", "addr:housename:en": "Champs-Élysées Garden", "addr:housename:zh": "香榭里花园", "building": "apartments", "building:levels": "11", "name": "9栋", "name:en": "Block 9", "name:zh": "9栋"}, "heightStatus": "levels_only_unverified", "source": "OpenStreetMap", "license": "ODbL-1.0"}, "geometry": {"type": "MultiPolygon", "coordinates": [[[[114.0143421, 22.5475602], [114.0143797, 22.5475125], [114.0144239, 22.5474699], [114.0144739, 22.5474332], [114.0145288, 22.5474031], [114.0145877, 22.5473802], [114.0146493, 22.5473647], [114.0147127, 22.5473571], [114.0147765, 22.5473575], [114.0148398, 22.5473658], [114.0148926, 22.5473793], [114.0149472, 22.5473834], [114.0150017, 22.5473779], [114.015054, 22.547363], [114.0151024, 22.5473393], [114.0151451, 22.5473075], [114.0151805, 22.5472689], [114.0152074, 22.5472248], [114.0153261, 22.5472866], [114.0152962, 22.5473356], [114.0152589, 22.54738], [114.0152151, 22.5474191], [114.0151656, 22.5474519], [114.0151116, 22.5474778], [114.015054, 22.5474962], [114.0149942, 22.5475067], [114.0149334, 22.5475091], [114.0148728, 22.5475034], [114.0148137, 22.5474897], [114.0147619, 22.5474831], [114.0147095, 22.5474841], [114.014658, 22.5474924], [114.0146084, 22.5475081], [114.0145621, 22.5475306], [114.0145201, 22.5475595], [114.0144834, 22.547594], [114.014453, 22.5476334], [114.0143421, 22.5475602]]]]}}, {"type": "Feature", "id": "way/1343483204", "properties": {"tags": {"addr:housename": "香荔花园一期", "addr:housename:en": "Xiangli Garden Phase I", "addr:housename:zh": "香荔花园一期", "building": "apartments", "building:levels": "7", "name": "4栋", "name:en": "Block 4", "name:zh": "4栋"}, "heightStatus": "levels_only_unverified", "source": "OpenStreetMap", "license": "ODbL-1.0"}, "geometry": {"type": "MultiPolygon", "coordinates": [[[[114.013569, 22.5452457], [114.013582, 22.5452081], [114.0136376, 22.5452246], [114.0136481, 22.545194], [114.0136111, 22.5451831], [114.0136308, 22.5451262], [114.0137912, 22.5451736], [114.0137715, 22.5452305], [114.0137344, 22.5452195], [114.0137238, 22.5452501], [114.013835, 22.5452829], [114.0138456, 22.5452524], [114.0138085, 22.5452414], [114.0138282, 22.5451846], [114.0139886, 22.545232], [114.0139689, 22.5452888], [114.0139319, 22.5452779], [114.0139213, 22.5453084], [114.0139769, 22.5453248], [114.0139639, 22.5453624], [114.0139453, 22.5453569], [114.0139352, 22.5453862], [114.0137748, 22.5453388], [114.0137849, 22.5453095], [114.0137479, 22.5452986], [114.0137377, 22.5453279], [114.0135773, 22.5452804], [114.0135875, 22.5452511], [114.013569, 22.5452457]]]]}}, {"type": "Feature", "id": "way/1343483205", "properties": {"tags": {"addr:housename": "香荔花园一期", "addr:housename:en": "Xiangli Garden Phase I", "addr:housename:zh": "香荔花园一期", "building": "apartments", "building:levels": "7", "name": "2栋", "name:en": "Block 2", "name:zh": "2栋"}, "heightStatus": "levels_only_unverified", "source": "OpenStreetMap", "license": "ODbL-1.0"}, "geometry": {"type": "MultiPolygon", "coordinates": [[[[114.0134435, 22.5455196], [114.0134767, 22.5454238], [114.0139156, 22.5455535], [114.0138824, 22.5456494], [114.0134435, 22.5455196]]]]}}, {"type": "Feature", "id": "way/1343483206", "properties": {"tags": {"addr:housename": "深业·龙溪花园", "addr:housename:en": "Shenye Longxi Garden", "addr:housename:zh": "深业·龙溪花园", "building": "apartments", "name": "23栋", "name:en": "Block 23", "name:zh": "23栋"}, "heightStatus": "unknown", "source": "OpenStreetMap", "license": "ODbL-1.0"}, "geometry": {"type": "MultiPolygon", "coordinates": [[[[114.0133154, 22.5457324], [114.0133265, 22.5457012], [114.013345, 22.5457068], [114.013356, 22.5456756], [114.0133745, 22.5456812], [114.0133819, 22.5456604], [114.0135012, 22.5456964], [114.0134938, 22.5457172], [114.0135678, 22.5457396], [114.0135752, 22.5457187], [114.0136945, 22.5457547], [114.0136871, 22.5457756], [114.0137056, 22.5457811], [114.0136946, 22.5458123], [114.0137131, 22.5458179], [114.013702, 22.5458491], [114.0133154, 22.5457324]]]]}}, {"type": "Feature", "id": "way/1343483207", "properties": {"tags": {"addr:housename": "深业·龙溪花园", "addr:housename:en": "Shenye Longxi Garden", "addr:housename:zh": "深业·龙溪花园", "building": "apartments", "name": "26栋", "name:en": "Block 26", "name:zh": "26栋"}, "heightStatus": "unknown", "source": "OpenStreetMap", "license": "ODbL-1.0"}, "geometry": {"type": "MultiPolygon", "coordinates": [[[[114.0131776, 22.5459723], [114.0131978, 22.5459151], [114.0132163, 22.5459207], [114.0132279, 22.5458881], [114.0133839, 22.5459351], [114.0133723, 22.5459678], [114.0134093, 22.5459789], [114.0134209, 22.5459463], [114.0135769, 22.5459934], [114.0135653, 22.546026], [114.0135838, 22.5460316], [114.0135636, 22.5460888], [114.0131776, 22.5459723]]]]}}, {"type": "Feature", "id": "way/1343483208", "properties": {"tags": {"addr:housename": "深业·龙溪花园", "addr:housename:en": "Shenye Longxi Garden", "addr:housename:zh": "深业·龙溪花园", "building": "apartments", "name": "27栋", "name:en": "Block 27", "name:zh": "27栋"}, "heightStatus": "unknown", "source": "OpenStreetMap", "license": "ODbL-1.0"}, "geometry": {"type": "MultiPolygon", "coordinates": [[[[114.0130828, 22.5462476], [114.013103, 22.5461904], [114.0131215, 22.546196], [114.0131331, 22.5461634], [114.0132891, 22.5462105], [114.0132775, 22.5462431], [114.0133145, 22.5462543], [114.0133261, 22.5462216], [114.0134821, 22.5462687], [114.0134705, 22.5463013], [114.013489, 22.5463069], [114.0134688, 22.5463641], [114.0130828, 22.5462476]]]]}}, {"type": "Feature", "id": "way/1343483209", "properties": {"tags": {"addr:housename": "深业·龙溪花园", "addr:housename:en": "Shenye Longxi Garden", "addr:housename:zh": "深业·龙溪花园", "building": "apartments", "name": "38栋", "name:en": "Block 38", "name:zh": "38栋"}, "heightStatus": "unknown", "source": "OpenStreetMap", "license": "ODbL-1.0"}, "geometry": {"type": "MultiPolygon", "coordinates": [[[[114.0130206, 22.5464983], [114.0130774, 22.5464163], [114.0131265, 22.5464453], [114.0131338, 22.5464348], [114.0132662, 22.5465129], [114.0132589, 22.5465235], [114.013308, 22.5465525], [114.0132512, 22.5466346], [114.0132021, 22.5466055], [114.0131913, 22.546621], [114.013059, 22.5465429], [114.0130697, 22.5465274], [114.0130206, 22.5464983]]]]}}, {"type": "Feature", "id": "way/1343483210", "properties": {"tags": {"building": "yes"}, "heightStatus": "unknown", "source": "OpenStreetMap", "license": "ODbL-1.0"}, "geometry": {"type": "MultiPolygon", "coordinates": [[[[114.0126264, 22.546095], [114.0126624, 22.5459859], [114.012944, 22.5460652], [114.012908, 22.5461743], [114.0126264, 22.546095]]]]}}, {"type": "Feature", "id": "way/1343483211", "properties": {"tags": {"building": "yes"}, "heightStatus": "unknown", "source": "OpenStreetMap", "license": "ODbL-1.0"}, "geometry": {"type": "MultiPolygon", "coordinates": [[[[114.0127509, 22.545785], [114.0127766, 22.545716], [114.0130893, 22.5458155], [114.0130636, 22.5458845], [114.0127509, 22.545785]]]]}}, {"type": "Feature", "id": "way/1343483212", "properties": {"tags": {"addr:housename": "深业·龙溪花园", "addr:housename:en": "Shenye Longxi Garden", "addr:housename:zh": "深业·龙溪花园", "building": "apartments", "name": "24栋", "name:en": "Block 24", "name:zh": "24栋"}, "heightStatus": "unknown", "source": "OpenStreetMap", "license": "ODbL-1.0"}, "geometry": {"type": "MultiPolygon", "coordinates": [[[[114.0128152, 22.5456021], [114.0128262, 22.5455708], [114.0128447, 22.5455764], [114.0128557, 22.5455453], [114.0128742, 22.5455508], [114.0128816, 22.54553], [114.0130009, 22.545566], [114.0129936, 22.5455869], [114.0130675, 22.5456092], [114.0130749, 22.5455883], [114.0131942, 22.5456244], [114.0131868, 22.5456452], [114.0132053, 22.5456508], [114.0131943, 22.5456819], [114.0132128, 22.5456875], [114.0132018, 22.5457187], [114.0128152, 22.5456021]]]]}}, {"type": "Feature", "id": "way/1343483213", "properties": {"tags": {"addr:housename": "香荔花园一期", "addr:housename:en": "Xiangli Garden Phase I", "addr:housename:zh": "香荔花园一期", "building": "apartments", "building:levels": "7", "name": "1栋", "name:en": "Block 1", "name:zh": "1栋"}, "heightStatus": "levels_only_unverified", "source": "OpenStreetMap", "license": "ODbL-1.0"}, "geometry": {"type": "MultiPolygon", "coordinates": [[[[114.0129172, 22.5453613], [114.0129504, 22.5452655], [114.0133893, 22.5453952], [114.0133561, 22.545491], [114.0129172, 22.5453613]]]]}}, {"type": "Feature", "id": "way/1343483214", "properties": {"tags": {"addr:housename": "香荔花园一期", "addr:housename:en": "Xiangli Garden Phase I", "addr:housename:zh": "香荔花园一期", "building": "apartments", "building:levels": "7", "name": "3栋", "name:en": "Block 3", "name:zh": "3栋"}, "heightStatus": "levels_only_unverified", "source": "OpenStreetMap", "license": "ODbL-1.0"}, "geometry": {"type": "MultiPolygon", "coordinates": [[[[114.0130231, 22.5450842], [114.0130361, 22.5450467], [114.0130917, 22.5450631], [114.0131023, 22.5450326], [114.0130653, 22.5450216], [114.013085, 22.5449648], [114.0132454, 22.5450122], [114.0132257, 22.545069], [114.0131886, 22.5450581], [114.013178, 22.5450886], [114.0132892, 22.5451215], [114.0132998, 22.5450909], [114.0132627, 22.54508], [114.0132824, 22.5450231], [114.0134428, 22.5450706], [114.0134231, 22.5451274], [114.013386, 22.5451165], [114.0133755, 22.545147], [114.013431, 22.5451634], [114.013418, 22.545201], [114.0133995, 22.5451955], [114.0133893, 22.5452248], [114.013229, 22.5451774], [114.0132391, 22.5451481], [114.0132021, 22.5451371], [114.0131919, 22.5451664], [114.0130315, 22.545119], [114.0130417, 22.5450897], [114.0130231, 22.5450842]]]]}}, {"type": "Feature", "id": "way/1343483215", "properties": {"tags": {"addr:housename": "深业·龙溪花园", "addr:housename:en": "Shenye Longxi Garden", "addr:housename:zh": "深业·龙溪花园", "building": "apartments", "name": "21栋", "name:en": "Block 21", "name:zh": "21栋"}, "heightStatus": "unknown", "source": "OpenStreetMap", "license": "ODbL-1.0"}, "geometry": {"type": "MultiPolygon", "coordinates": [[[[114.0124601, 22.5449803], [114.0125021, 22.5448677], [114.0129107, 22.5449976], [114.0128688, 22.5451102], [114.0124601, 22.5449803]]]]}}, {"type": "Feature", "id": "way/1343483216", "properties": {"tags": {"addr:housename": "深业·龙溪花园", "addr:housename:en": "Shenye Longxi Garden", "addr:housename:zh": "深业·龙溪花园", "building": "apartments", "name": "22栋", "name:en": "Block 22", "name:zh": "22栋"}, "heightStatus": "unknown", "source": "OpenStreetMap", "license": "ODbL-1.0"}, "geometry": {"type": "MultiPolygon", "coordinates": [[[[114.0123662, 22.5452454], [114.0124123, 22.5451218], [114.0128008, 22.5452454], [114.0127547, 22.5453689], [114.0123662, 22.5452454]]]]}}, {"type": "Feature", "id": "way/1343483217", "properties": {"tags": {"addr:housename": "深业·龙溪花园", "addr:housename:en": "Shenye Longxi Garden", "addr:housename:zh": "深业·龙溪花园", "building": "apartments", "name": "25栋", "name:en": "Block 25", "name:zh": "25栋"}, "heightStatus": "unknown", "source": "OpenStreetMap", "license": "ODbL-1.0"}, "geometry": {"type": "MultiPolygon", "coordinates": [[[[114.012326, 22.5455104], [114.012373, 22.5453843], [114.012723, 22.5454956], [114.012676, 22.5456217], [114.012326, 22.5455104]]]]}}, {"type": "Feature", "id": "way/1343483218", "properties": {"tags": {"building": "yes"}, "heightStatus": "unknown", "source": "OpenStreetMap", "license": "ODbL-1.0"}, "geometry": {"type": "MultiPolygon", "coordinates": [[[[114.0123314, 22.5457135], [114.0123746, 22.5455975], [114.0125915, 22.5456665], [114.0125483, 22.5457825], [114.0123314, 22.5457135]]]]}}, {"type": "Feature", "id": "way/1343483219", "properties": {"tags": {"building": "yes"}, "heightStatus": "unknown", "source": "OpenStreetMap", "license": "ODbL-1.0"}, "geometry": {"type": "MultiPolygon", "coordinates": [[[[114.0121999, 22.545939], [114.0122393, 22.5458334], [114.0125325, 22.5459266], [114.0124932, 22.5460322], [114.0121999, 22.545939]]]]}}, {"type": "Feature", "id": "way/1343483221", "properties": {"tags": {"addr:housename": "深业·龙溪花园", "addr:housename:en": "Shenye Longxi Garden", "addr:housename:zh": "深业·龙溪花园", "building": "apartments", "name": "14栋", "name:en": "Block 14", "name:zh": "14栋"}, "heightStatus": "unknown", "source": "OpenStreetMap", "license": "ODbL-1.0"}, "geometry": {"type": "MultiPolygon", "coordinates": [[[[114.0116259, 22.5455401], [114.0116704, 22.5454208], [114.0118432, 22.5454757], [114.0117987, 22.5455951], [114.0116259, 22.5455401]]]]}}, {"type": "Feature", "id": "way/1343483223", "properties": {"tags": {"addr:housename": "深业·龙溪花园", "addr:housename:en": "Shenye Longxi Garden", "addr:housename:zh": "深业·龙溪花园", "building": "apartments", "name": "17栋", "name:en": "Block 17", "name:zh": "17栋"}, "heightStatus": "unknown", "source": "OpenStreetMap", "license": "ODbL-1.0"}, "geometry": {"type": "MultiPolygon", "coordinates": [[[[114.0120819, 22.5451933], [114.0121258, 22.5450757], [114.0122697, 22.5451215], [114.0122258, 22.5452391], [114.0120819, 22.5451933]]]]}}, {"type": "Feature", "id": "way/1343483224", "properties": {"tags": {"addr:housename": "深业·龙溪花园", "addr:housename:en": "Shenye Longxi Garden", "addr:housename:zh": "深业·龙溪花园", "building": "apartments", "name": "16栋", "name:en": "Block 16", "name:zh": "16栋"}, "heightStatus": "unknown", "source": "OpenStreetMap", "license": "ODbL-1.0"}, "geometry": {"type": "MultiPolygon", "coordinates": [[[[114.0119988, 22.5454163], [114.0120415, 22.5453015], [114.0121999, 22.5453519], [114.0121572, 22.5454666], [114.0119988, 22.5454163]]]]}}, {"type": "Feature", "id": "way/1343483225", "properties": {"tags": {"addr:housename": "深业·龙溪花园", "addr:housename:en": "Shenye Longxi Garden", "addr:housename:zh": "深业·龙溪花园", "building": "apartments", "name": "15栋", "name:en": "Block 15", "name:zh": "15栋"}, "heightStatus": "unknown", "source": "OpenStreetMap", "license": "ODbL-1.0"}, "geometry": {"type": "MultiPolygon", "coordinates": [[[[114.0119264, 22.5456541], [114.0119624, 22.5455573], [114.012126, 22.5456094], [114.01209, 22.5457061], [114.0119264, 22.5456541]]]]}}, {"type": "Feature", "id": "way/1343483226", "properties": {"tags": {"addr:housename": "俊安苑", "addr:housename:en": "Jun'an Court", "addr:housename:zh": "俊安苑", "building": "apartments", "building:levels": "18", "name": "1栋", "name:en": "Block 1", "name:zh": "1栋"}, "heightStatus": "levels_only_unverified", "source": "OpenStreetMap", "license": "ODbL-1.0"}, "geometry": {"type": "MultiPolygon", "coordinates": [[[[114.0125247, 22.5469632], [114.0125741, 22.5468939], [114.0128796, 22.5470799], [114.0128303, 22.5471491], [114.0127347, 22.5470909], [114.0126763, 22.5471728], [114.0125475, 22.5470945], [114.0126059, 22.5470126], [114.0125247, 22.5469632]]]]}}, {"type": "Feature", "id": "way/1343483227", "properties": {"tags": {"addr:housename": "深业·龙溪花园", "addr:housename:en": "Shenye Longxi Garden", "addr:housename:zh": "深业·龙溪花园", "building": "apartments", "name": "37栋", "name:en": "Block 37", "name:zh": "37栋"}, "heightStatus": "unknown", "source": "OpenStreetMap", "license": "ODbL-1.0"}, "geometry": {"type": "MultiPolygon", "coordinates": [[[[114.0128357, 22.5467632], [114.0128925, 22.5466812], [114.0129417, 22.5467103], [114.012949, 22.5466997], [114.0130813, 22.5467779], [114.013074, 22.5467884], [114.0131232, 22.5468175], [114.0130664, 22.5468995], [114.0130172, 22.5468705], [114.0130065, 22.5468859], [114.0128742, 22.5468078], [114.0128849, 22.5467923], [114.0128357, 22.5467632]]]]}}, {"type": "Feature", "id": "way/1343483229", "properties": {"tags": {"building": "yes"}, "heightStatus": "unknown", "source": "OpenStreetMap", "license": "ODbL-1.0"}, "geometry": {"type": "MultiPolygon", "coordinates": [[[[114.0117627, 22.5464084], [114.0118861, 22.5460306], [114.0119669, 22.5460531], [114.0118435, 22.5464309], [114.0117627, 22.5464084]]]]}}, {"type": "Feature", "id": "way/1343483230", "properties": {"tags": {"addr:housename": "深业·龙溪花园", "addr:housename:en": "Shenye Longxi Garden", "addr:housename:zh": "深业·龙溪花园", "building": "apartments", "name": "11栋", "name:en": "Block 11", "name:zh": "11栋"}, "heightStatus": "unknown", "source": "OpenStreetMap", "license": "ODbL-1.0"}, "geometry": {"type": "MultiPolygon", "coordinates": [[[[114.011539, 22.5461467], [114.0115777, 22.5460467], [114.0117466, 22.5461025], [114.011708, 22.5462024], [114.011539, 22.5461467]]]]}}, {"type": "Feature", "id": "way/1343483231", "properties": {"tags": {"addr:housename": "深业·龙溪花园", "addr:housename:en": "Shenye Longxi Garden", "addr:housename:zh": "深业·龙溪花园", "building": "apartments", "name": "13栋", "name:en": "Block 13", "name:zh": "13栋"}, "heightStatus": "unknown", "source": "OpenStreetMap", "license": "ODbL-1.0"}, "geometry": {"type": "MultiPolygon", "coordinates": [[[[114.0116179, 22.5459303], [114.0116501, 22.5458213], [114.0117774, 22.5458534], [114.0117452, 22.5459624], [114.0116179, 22.5459303]]]]}}, {"type": "Feature", "id": "way/1343483232", "properties": {"tags": {"addr:housename": "深业·龙溪花园", "addr:housename:en": "Shenye Longxi Garden", "addr:housename:zh": "深业·龙溪花园", "building": "apartments", "name": "12栋", "name:en": "Block 12", "name:zh": "12栋"}, "heightStatus": "unknown", "source": "OpenStreetMap", "license": "ODbL-1.0"}, "geometry": {"type": "MultiPolygon", "coordinates": [[[[114.0113939, 22.5458609], [114.0114436, 22.5457509], [114.0115723, 22.5458005], [114.0115227, 22.5459105], [114.0113939, 22.5458609]]]]}}, {"type": "Feature", "id": "way/1343483233", "properties": {"tags": {"addr:housename": "深业·龙溪花园", "addr:housename:en": "Shenye Longxi Garden", "addr:housename:zh": "深业·龙溪花园", "building": "apartments", "name": "10栋", "name:en": "Block 10", "name:zh": "10栋"}, "heightStatus": "unknown", "source": "OpenStreetMap", "license": "ODbL-1.0"}, "geometry": {"type": "MultiPolygon", "coordinates": [[[[114.0113188, 22.5460715], [114.0113617, 22.5459501], [114.0114959, 22.5459906], [114.011453, 22.546112], [114.0113188, 22.5460715]]]]}}, {"type": "Feature", "id": "way/1343483234", "properties": {"tags": {"addr:housename": "深业·龙溪花园", "addr:housename:en": "Shenye Longxi Garden", "addr:housename:zh": "深业·龙溪花园", "building": "apartments", "name": "8栋", "name:en": "Block 8", "name:zh": "8栋"}, "heightStatus": "unknown", "source": "OpenStreetMap", "license": "ODbL-1.0"}, "geometry": {"type": "MultiPolygon", "coordinates": [[[[114.0111995, 22.5463019], [114.0112245, 22.5462252], [114.0114069, 22.546276], [114.0113819, 22.5463527], [114.0111995, 22.5463019]]]]}}, {"type": "Feature", "id": "way/1343483235", "properties": {"tags": {"addr:housename": "深业·龙溪花园", "addr:housename:en": "Shenye Longxi Garden", "addr:housename:zh": "深业·龙溪花园", "building": "apartments", "name": "2栋", "name:en": "Block 2", "name:zh": "2栋"}, "heightStatus": "unknown", "source": "OpenStreetMap", "license": "ODbL-1.0"}, "geometry": {"type": "MultiPolygon", "coordinates": [[[[114.0111338, 22.5465286], [114.0111562, 22.5464489], [114.0113265, 22.5464898], [114.0113041, 22.5465694], [114.0111338, 22.5465286]]]]}}, {"type": "Feature", "id": "way/1343483236", "properties": {"tags": {"addr:housename": "深业·龙溪花园", "addr:housename:en": "Shenye Longxi Garden", "addr:housename:zh": "深业·龙溪花园", "building": "apartments", "name": "9栋", "name:en": "Block 9", "name:zh": "9栋"}, "heightStatus": "unknown", "source": "OpenStreetMap", "license": "ODbL-1.0"}, "geometry": {"type": "MultiPolygon", "coordinates": [[[[114.0114972, 22.5463799], [114.0115277, 22.5462723], [114.0117275, 22.5463206], [114.011697, 22.5464282], [114.0114972, 22.5463799]]]]}}, {"type": "Feature", "id": "way/1343483237", "properties": {"tags": {"addr:housename": "深业·龙溪花园", "addr:housename:en": "Shenye Longxi Garden", "addr:housename:zh": "深业·龙溪花园", "building": "apartments", "name": "5栋", "name:en": "Block 5", "name:zh": "5栋"}, "heightStatus": "unknown", "source": "OpenStreetMap", "license": "ODbL-1.0"}, "geometry": {"type": "MultiPolygon", "coordinates": [[[[114.0119666, 22.5467664], [114.0120023, 22.5466649], [114.0122209, 22.5467306], [114.0121852, 22.546832], [114.0119666, 22.5467664]]]]}}, {"type": "Feature", "id": "way/1343483238", "properties": {"tags": {"addr:housename": "深业·龙溪花园", "addr:housename:en": "Shenye Longxi Garden", "addr:housename:zh": "深业·龙溪花园", "building": "apartments", "name": "4栋", "name:en": "Block 4", "name:zh": "4栋"}, "heightStatus": "unknown", "source": "OpenStreetMap", "license": "ODbL-1.0"}, "geometry": {"type": "MultiPolygon", "coordinates": [[[[114.0116809, 22.5466908], [114.011715, 22.5465956], [114.0119014, 22.5466526], [114.0118673, 22.5467478], [114.0116809, 22.5466908]]]]}}, {"type": "Feature", "id": "way/1343483239", "properties": {"tags": {"addr:housename": "深业·龙溪花园", "addr:housename:en": "Shenye Longxi Garden", "addr:housename:zh": "深业·龙溪花园", "building": "apartments", "name": "3栋", "name:en": "Block 3", "name:zh": "3栋"}, "heightStatus": "unknown", "source": "OpenStreetMap", "license": "ODbL-1.0"}, "geometry": {"type": "MultiPolygon", "coordinates": [[[[114.0114114, 22.5466029], [114.0114385, 22.5465226], [114.0116061, 22.5465709], [114.011579, 22.5466512], [114.0114114, 22.5466029]]]]}}, {"type": "Feature", "id": "way/1343483240", "properties": {"tags": {"building": "yes"}, "heightStatus": "unknown", "source": "OpenStreetMap", "license": "ODbL-1.0"}, "geometry": {"type": "MultiPolygon", "coordinates": [[[[114.0111445, 22.5473262], [114.0112312, 22.5470722], [114.0114311, 22.5471305], [114.0113443, 22.5473844], [114.0111445, 22.5473262]]]]}}, {"type": "Feature", "id": "way/1343483241", "properties": {"tags": {"addr:housename": "深业·龙溪花园", "addr:housename:en": "Shenye Longxi Garden", "addr:housename:zh": "深业·龙溪花园", "building": "apartments", "name": "1栋", "name:en": "Block 1", "name:zh": "1栋"}, "heightStatus": "unknown", "source": "OpenStreetMap", "license": "ODbL-1.0"}, "geometry": {"type": "MultiPolygon", "coordinates": [[[[114.0113202, 22.5468902], [114.0113528, 22.5467888], [114.0115151, 22.5468334], [114.0114824, 22.5469348], [114.0113202, 22.5468902]]]]}}, {"type": "Feature", "id": "way/1343483242", "properties": {"tags": {"addr:housename": "深业·龙溪花园", "addr:housename:en": "Shenye Longxi Garden", "addr:housename:zh": "深业·龙溪花园", "building": "apartments", "name": "6栋", "name:en": "Block 6", "name:zh": "6栋"}, "heightStatus": "unknown", "source": "OpenStreetMap", "license": "ODbL-1.0"}, "geometry": {"type": "MultiPolygon", "coordinates": [[[[114.0115653, 22.5469386], [114.0115938, 22.5468555], [114.0118097, 22.5469187], [114.0117812, 22.5470018], [114.0115653, 22.5469386]]]]}}, {"type": "Feature", "id": "way/1343483243", "properties": {"tags": {"addr:housename": "深业·龙溪花园", "addr:housename:en": "Shenye Longxi Garden", "addr:housename:zh": "深业·龙溪花园", "building": "apartments", "name": "7栋", "name:en": "Block 7", "name:zh": "7栋"}, "heightStatus": "unknown", "source": "OpenStreetMap", "license": "ODbL-1.0"}, "geometry": {"type": "MultiPolygon", "coordinates": [[[[114.011874, 22.547024], [114.0119088, 22.5469294], [114.012067, 22.5469789], [114.0120323, 22.5470735], [114.011874, 22.547024]]]]}}, {"type": "Feature", "id": "way/1343483244", "properties": {"tags": {"building": "yes"}, "heightStatus": "unknown", "source": "OpenStreetMap", "license": "ODbL-1.0"}, "geometry": {"type": "MultiPolygon", "coordinates": [[[[114.0117104, 22.5471553], [114.0117262, 22.5470855], [114.0119891, 22.5471362], [114.0119733, 22.5472061], [114.0117104, 22.5471553]]]]}}, {"type": "Feature", "id": "way/1343483245", "properties": {"tags": {"addr:housename": "深业·龙溪花园", "addr:housename:en": "Shenye Longxi Garden", "addr:housename:zh": "深业·龙溪花园", "building": "apartments", "name": "28栋", "name:en": "Block 28", "name:zh": "28栋"}, "heightStatus": "unknown", "source": "OpenStreetMap", "license": "ODbL-1.0"}, "geometry": {"type": "MultiPolygon", "coordinates": [[[[114.0115875, 22.5473554], [114.011615, 22.5472725], [114.0116795, 22.5472908], [114.0117085, 22.5472034], [114.011805, 22.5472308], [114.0117764, 22.5473167], [114.0118146, 22.5473275], [114.0117866, 22.5474118], [114.0115875, 22.5473554]]]]}}, {"type": "Feature", "id": "way/1343483246", "properties": {"tags": {"addr:housename": "深业·龙溪花园", "addr:housename:en": "Shenye Longxi Garden", "addr:housename:zh": "深业·龙溪花园", "building": "apartments", "name": "29栋", "name:en": "Block 29", "name:zh": "29栋"}, "heightStatus": "unknown", "source": "OpenStreetMap", "license": "ODbL-1.0"}, "geometry": {"type": "MultiPolygon", "coordinates": [[[[114.0113474, 22.5475535], [114.0113749, 22.5474707], [114.0114395, 22.547489], [114.0114685, 22.5474016], [114.0115649, 22.5474289], [114.0115364, 22.5475148], [114.0115746, 22.5475257], [114.0115466, 22.54761], [114.0113474, 22.5475535]]]]}}, {"type": "Feature", "id": "way/1343483247", "properties": {"tags": {"addr:housename": "深业·龙溪花园", "addr:housename:en": "Shenye Longxi Garden", "addr:housename:zh": "深业·龙溪花园", "building": "apartments", "name": "30栋", "name:en": "Block 30", "name:zh": "30栋"}, "heightStatus": "unknown", "source": "OpenStreetMap", "license": "ODbL-1.0"}, "geometry": {"type": "MultiPolygon", "coordinates": [[[[114.0110129, 22.5476162], [114.0110404, 22.5475333], [114.011105, 22.5475516], [114.011134, 22.5474642], [114.0112304, 22.5474916], [114.0112019, 22.5475775], [114.0112401, 22.5475883], [114.0112121, 22.5476726], [114.0110129, 22.5476162]]]]}}, {"type": "Feature", "id": "way/1343483248", "properties": {"tags": {"addr:housename": "深业·龙溪花园", "addr:housename:en": "Shenye Longxi Garden", "addr:housename:zh": "深业·龙溪花园", "building": "apartments", "name": "20栋", "name:en": "Block 20", "name:zh": "20栋"}, "heightStatus": "unknown", "source": "OpenStreetMap", "license": "ODbL-1.0"}, "geometry": {"type": "MultiPolygon", "coordinates": [[[[114.0108756, 22.5468041], [114.0109187, 22.5466947], [114.0110767, 22.5467478], [114.0110953, 22.5467005], [114.0112417, 22.5467496], [114.0112008, 22.5468535], [114.0110637, 22.5468075], [114.011043, 22.5468603], [114.0108756, 22.5468041]]]]}}, {"type": "Feature", "id": "way/1343483249", "properties": {"tags": {"addr:housename": "深业·龙溪花园", "addr:housename:en": "Shenye Longxi Garden", "addr:housename:zh": "深业·龙溪花园", "building": "apartments", "name": "19栋", "name:en": "Block 19", "name:zh": "19栋"}, "heightStatus": "unknown", "source": "OpenStreetMap", "license": "ODbL-1.0"}, "geometry": {"type": "MultiPolygon", "coordinates": [[[[114.0106654, 22.5470441], [114.0107085, 22.5469347], [114.0108665, 22.5469877], [114.0108851, 22.5469404], [114.0110315, 22.5469896], [114.0109906, 22.5470934], [114.0108535, 22.5470474], [114.0108328, 22.5471002], [114.0106654, 22.5470441]]]]}}, {"type": "Feature", "id": "way/1343483250", "properties": {"tags": {"addr:housename": "深业·龙溪花园", "addr:housename:en": "Shenye Longxi Garden", "addr:housename:zh": "深业·龙溪花园", "building": "apartments", "name": "34栋", "name:en": "Block 34", "name:zh": "34栋"}, "heightStatus": "unknown", "source": "OpenStreetMap", "license": "ODbL-1.0"}, "geometry": {"type": "MultiPolygon", "coordinates": [[[[114.0104779, 22.5474407], [114.0105004, 22.5473707], [114.010575, 22.5473911], [114.0105857, 22.5473577], [114.010567, 22.5473526], [114.010584, 22.5472996], [114.010665, 22.5473218], [114.010648, 22.5473747], [114.0106294, 22.5473696], [114.0106187, 22.547403], [114.0106933, 22.5474234], [114.0106708, 22.5474935], [114.0104779, 22.5474407]]]]}}, {"type": "Feature", "id": "way/1343483251", "properties": {"tags": {"building": "yes"}, "heightStatus": "unknown", "source": "OpenStreetMap", "license": "ODbL-1.0"}, "geometry": {"type": "MultiPolygon", "coordinates": [[[[114.0098931, 22.5478267], [114.0099313, 22.5477791], [114.010015, 22.5478365], [114.0099801, 22.54788], [114.0098931, 22.5478267]]]]}}, {"type": "Feature", "id": "way/1343483253", "properties": {"tags": {"building": "yes"}, "heightStatus": "unknown", "source": "OpenStreetMap", "license": "ODbL-1.0"}, "geometry": {"type": "MultiPolygon", "coordinates": [[[[114.0101699, 22.5479853], [114.0104529, 22.5475716], [114.0106416, 22.5476817], [114.0103586, 22.5480953], [114.0101699, 22.5479853]]]]}}, {"type": "Feature", "id": "way/1343483254", "properties": {"tags": {"addr:housename": "俊安苑", "addr:housename:en": "Jun'an Court", "addr:housename:zh": "俊安苑", "building": "apartments", "building:levels": "18", "name": "2栋", "name:en": "Block 2", "name:zh": "2栋"}, "heightStatus": "levels_only_unverified", "source": "OpenStreetMap", "license": "ODbL-1.0"}, "geometry": {"type": "MultiPolygon", "coordinates": [[[[114.0121279, 22.5472799], [114.012329, 22.5469979], [114.0124085, 22.5470463], [114.012355, 22.5471213], [114.0123953, 22.5471458], [114.0123846, 22.5471608], [114.0124108, 22.5471768], [114.0123381, 22.5472787], [114.0123119, 22.5472627], [114.0123012, 22.5472777], [114.0122609, 22.5472532], [114.0122074, 22.5473282], [114.0121279, 22.5472799]]]]}}, {"type": "Feature", "id": "way/1343483255", "properties": {"tags": {"addr:housename": "俊安苑", "addr:housename:en": "Jun'an Court", "addr:housename:zh": "俊安苑", "building": "apartments", "building:levels": "18", "name": "3栋", "name:en": "Block 3", "name:zh": "3栋"}, "heightStatus": "levels_only_unverified", "source": "OpenStreetMap", "license": "ODbL-1.0"}, "geometry": {"type": "MultiPolygon", "coordinates": [[[[114.0118489, 22.547587], [114.01205, 22.5473051], [114.0121296, 22.5473535], [114.012076, 22.5474285], [114.0121163, 22.547453], [114.0121056, 22.547468], [114.0121319, 22.547484], [114.0120592, 22.5475859], [114.0120329, 22.5475699], [114.0120222, 22.5475849], [114.0119819, 22.5475604], [114.0119284, 22.5476354], [114.0118489, 22.547587]]]]}}, {"type": "Feature", "id": "way/1343483256", "properties": {"tags": {"addr:housename": "俊安苑", "addr:housename:en": "Jun'an Court", "addr:housename:zh": "俊安苑", "building": "apartments", "building:levels": "18", "name": "5栋", "name:en": "Block 5", "name:zh": "5栋"}, "heightStatus": "levels_only_unverified", "source": "OpenStreetMap", "license": "ODbL-1.0"}, "geometry": {"type": "MultiPolygon", "coordinates": [[[[114.0117003, 22.5481216], [114.0117567, 22.5480427], [114.0118379, 22.5480921], [114.0118572, 22.548065], [114.0118735, 22.5480749], [114.0118927, 22.5480478], [114.0120067, 22.5481172], [114.0119874, 22.5481442], [114.0120037, 22.5481541], [114.0119843, 22.5481812], [114.0120656, 22.5482306], [114.0120092, 22.5483096], [114.0117003, 22.5481216]]]]}}, {"type": "Feature", "id": "way/1343483257", "properties": {"tags": {"addr:city": "深圳市", "addr:country": "CN", "addr:district": "福田区", "addr:housenumber": "100", "addr:neighbourhood": "农园社区", "addr:postcode": "518000", "addr:province": "广东省", "addr:street": "农轩路", "addr:subdistrict": "香蜜湖街道", "building": "yes", "government": "police", "name": "深圳市公安局网络安全保卫支队", "name:en": "Shenzhen Public Security Bureau Network Security Protection Brigade", "name:zh": "深圳市公安局网络安全保卫支队", "name:zh-Hans": "深圳市公安局网络安全保卫支队", "name:zh-Hant": "深圳市公安局網絡安全保衛支隊", "office": "government"}, "heightStatus": "unknown", "source": "OpenStreetMap", "license": "ODbL-1.0"}, "geometry": {"type": "MultiPolygon", "coordinates": [[[[114.0112719, 22.5486252], [114.0115039, 22.5482713], [114.0118871, 22.5484855], [114.0116552, 22.5488395], [114.0112719, 22.5486252]]]]}}, {"type": "Feature", "id": "way/1343483258", "properties": {"tags": {"addr:housename": "深业·龙溪花园", "addr:housename:en": "Shenye Longxi Garden", "addr:housename:zh": "深业·龙溪花园", "building": "apartments", "name": "32栋", "name:en": "Block 32", "name:zh": "32栋"}, "heightStatus": "unknown", "source": "OpenStreetMap", "license": "ODbL-1.0"}, "geometry": {"type": "MultiPolygon", "coordinates": [[[[114.0108307, 22.5477696], [114.0108656, 22.5476747], [114.011284, 22.547806], [114.0112491, 22.5479009], [114.0108307, 22.5477696]]]]}}, {"type": "Feature", "id": "way/1343483259", "properties": {"tags": {"addr:housename": "深业·龙溪花园", "addr:housename:en": "Shenye Longxi Garden", "addr:housename:zh": "深业·龙溪花园", "building": "apartments", "name": "33栋", "name:en": "Block 33", "name:zh": "33栋"}, "heightStatus": "unknown", "source": "OpenStreetMap", "license": "ODbL-1.0"}, "geometry": {"type": "MultiPolygon", "coordinates": [[[[114.0106657, 22.5479467], [114.0106966, 22.547851], [114.011111, 22.5479649], [114.0110801, 22.5480607], [114.0106657, 22.5479467]]]]}}, {"type": "Feature", "id": "way/1343483260", "properties": {"tags": {"addr:housename": "深业·龙溪花园", "addr:housename:en": "Shenye Longxi Garden", "addr:housename:zh": "深业·龙溪花园", "building": "apartments", "name": "35栋", "name:en": "Block 35", "name:zh": "35栋"}, "heightStatus": "unknown", "source": "OpenStreetMap", "license": "ODbL-1.0"}, "geometry": {"type": "MultiPolygon", "coordinates": [[[[114.010537, 22.5481288], [114.0105787, 22.5480264], [114.0109489, 22.5481552], [114.0109071, 22.5482576], [114.010537, 22.5481288]]]]}}, {"type": "Feature", "id": "way/1343483299", "properties": {"tags": {"building": "yes"}, "heightStatus": "unknown", "source": "OpenStreetMap", "license": "ODbL-1.0"}, "geometry": {"type": "MultiPolygon", "coordinates": [[[[114.0088974, 22.5450533], [114.0088981, 22.5449642], [114.0089861, 22.5449648], [114.0089866, 22.5448936], [114.0091267, 22.5448945], [114.0091261, 22.5449657], [114.0092864, 22.5449668], [114.0092871, 22.5448886], [114.0094405, 22.5448897], [114.0094399, 22.5449679], [114.0095975, 22.544969], [114.0095982, 22.5448837], [114.0097439, 22.5448847], [114.0097432, 22.54497], [114.0098047, 22.5449704], [114.009804, 22.5450595], [114.0088974, 22.5450533]]]]}}, {"type": "Feature", "id": "way/1343483304", "properties": {"tags": {"building": "yes"}, "heightStatus": "unknown", "source": "OpenStreetMap", "license": "ODbL-1.0"}, "geometry": {"type": "MultiPolygon", "coordinates": [[[[114.0068825, 22.5454435], [114.0068865, 22.5451537], [114.0070474, 22.5451556], [114.0070434, 22.5454454], [114.0068825, 22.5454435]]]]}}, {"type": "Feature", "id": "way/1343483305", "properties": {"tags": {"building": "yes"}, "heightStatus": "unknown", "source": "OpenStreetMap", "license": "ODbL-1.0"}, "geometry": {"type": "MultiPolygon", "coordinates": [[[[114.0061194, 22.545178], [114.0061247, 22.5450744], [114.0065753, 22.5450942], [114.0065729, 22.5451412], [114.00657, 22.5451978], [114.0065664, 22.5452683], [114.0064386, 22.5452627], [114.0064422, 22.5451922], [114.0061194, 22.545178]]]]}}, {"type": "Feature", "id": "way/1344926522", "properties": {"tags": {"amenity": "shower", "building": "yes"}, "heightStatus": "unknown", "source": "OpenStreetMap", "license": "ODbL-1.0"}, "geometry": {"type": "MultiPolygon", "coordinates": [[[[114.0138522, 22.5536739], [114.0138531, 22.5536092], [114.0139958, 22.553611], [114.0139948, 22.5536757], [114.0138522, 22.5536739]]]]}}, {"type": "Feature", "id": "way/1347317160", "properties": {"tags": {"building": "yes"}, "heightStatus": "unknown", "source": "OpenStreetMap", "license": "ODbL-1.0"}, "geometry": {"type": "MultiPolygon", "coordinates": [[[[114.0077028, 22.5536676], [114.0082955, 22.5531871], [114.008418, 22.5533159], [114.0078253, 22.5537965], [114.0077028, 22.5536676]]]]}}, {"type": "Feature", "id": "way/1347317161", "properties": {"tags": {"building": "yes"}, "heightStatus": "unknown", "source": "OpenStreetMap", "license": "ODbL-1.0"}, "geometry": {"type": "MultiPolygon", "coordinates": [[[[114.0071574, 22.5541457], [114.0071842, 22.5534249], [114.0073898, 22.5534314], [114.0076616, 22.5534323], [114.0076697, 22.5538931], [114.0073629, 22.5541523], [114.0071574, 22.5541457]]]]}}, {"type": "Feature", "id": "way/1347317181", "properties": {"tags": {"addr:housename": "香域中央花园", "addr:housename:en": "Xiangyu Central Garden", "addr:housename:zh": "香域中央花园", "building": "apartments", "building:levels": "30", "name": "10栋", "name:en": "Block 10", "name:zh": "10栋"}, "heightStatus": "levels_only_unverified", "source": "OpenStreetMap", "license": "ODbL-1.0"}, "geometry": {"type": "MultiPolygon", "coordinates": [[[[114.0137623, 22.5516117], [114.0137993, 22.5515278], [114.0138467, 22.5515456], [114.0138578, 22.5515205], [114.01391, 22.5515401], [114.013914, 22.551531], [114.0140294, 22.5515743], [114.0140024, 22.5515121], [114.0141016, 22.5514754], [114.0142116, 22.5517293], [114.0141124, 22.551766], [114.0140891, 22.5517122], [114.0140369, 22.5517316], [114.0139723, 22.5518781], [114.013872, 22.5518404], [114.0139429, 22.5516795], [114.0137623, 22.5516117]]]]}}, {"type": "Feature", "id": "way/1347317182", "properties": {"tags": {"addr:housename": "香域中央花园", "addr:housename:en": "Xiangyu Central Garden", "addr:housename:zh": "香域中央花园", "building": "apartments", "building:levels": "30", "name": "9栋", "name:en": "Block 9", "name:zh": "9栋"}, "heightStatus": "levels_only_unverified", "source": "OpenStreetMap", "license": "ODbL-1.0"}, "geometry": {"type": "MultiPolygon", "coordinates": [[[[114.0139961, 22.5523711], [114.0141337, 22.5522528], [114.0140009, 22.5521211], [114.0140726, 22.5520593], [114.0141075, 22.5520939], [114.014129, 22.5520755], [114.0141674, 22.5521135], [114.0141753, 22.5521068], [114.0142602, 22.552191], [114.0142641, 22.5521241], [114.0143708, 22.5521294], [114.0143548, 22.5524024], [114.0142481, 22.5523971], [114.0142515, 22.5523393], [114.0141953, 22.5523365], [114.01407, 22.5524443], [114.0139961, 22.5523711]]]]}}, {"type": "Feature", "id": "way/1347317183", "properties": {"tags": {"addr:housename": "香域中央花园", "addr:housename:en": "Xiangyu Central Garden", "addr:housename:zh": "香域中央花园", "building": "apartments", "building:levels": "20", "name": "8栋", "name:en": "Block 8", "name:zh": "8栋"}, "heightStatus": "levels_only_unverified", "source": "OpenStreetMap", "license": "ODbL-1.0"}, "geometry": {"type": "MultiPolygon", "coordinates": [[[[114.0132976, 22.5528261], [114.0133617, 22.5528044], [114.0133488, 22.5527719], [114.0135415, 22.5527068], [114.0135544, 22.5527393], [114.0136008, 22.5527236], [114.0136367, 22.5526921], [114.0136109, 22.552667], [114.0137596, 22.5525365], [114.0137854, 22.5525616], [114.0138349, 22.5525181], [114.0139274, 22.552608], [114.0136994, 22.5528082], [114.0136785, 22.5527879], [114.0136287, 22.5528164], [114.0136392, 22.5528427], [114.0133438, 22.5529426], [114.0132976, 22.5528261]]]]}}, {"type": "Feature", "id": "way/1347317185", "properties": {"tags": {"addr:housename": "香域中央花园", "addr:housename:en": "Xiangyu Central Garden", "addr:housename:zh": "香域中央花园", "building": "apartments", "building:levels": "14", "name": "7栋", "name:en": "Block 7", "name:zh": "7栋"}, "heightStatus": "levels_only_unverified", "source": "OpenStreetMap", "license": "ODbL-1.0"}, "geometry": {"type": "MultiPolygon", "coordinates": [[[[114.0129262, 22.5528044], [114.0129876, 22.5526928], [114.0130275, 22.5527115], [114.013044, 22.5526815], [114.0132268, 22.5527673], [114.0132093, 22.5527992], [114.0132696, 22.5528274], [114.0132092, 22.5529372], [114.0129262, 22.5528044]]]]}}, {"type": "Feature", "id": "way/1347317187", "properties": {"tags": {"addr:housename": "香域中央花园", "addr:housename:en": "Xiangyu Central Garden", "addr:housename:zh": "香域中央花园", "building": "apartments", "building:levels": "24", "name": "6栋", "name:en": "Block 6", "name:zh": "6栋"}, "heightStatus": "levels_only_unverified", "source": "OpenStreetMap", "license": "ODbL-1.0"}, "geometry": {"type": "MultiPolygon", "coordinates": [[[[114.0126503, 22.5534916], [114.012715, 22.5534714], [114.0127031, 22.5534386], [114.0128975, 22.5533782], [114.0129094, 22.553411], [114.0129563, 22.5533964], [114.0129931, 22.5533658], [114.012968, 22.5533401], [114.0131203, 22.5532132], [114.0131454, 22.5532389], [114.0131961, 22.5531966], [114.0132861, 22.5532887], [114.0130525, 22.5534833], [114.0130322, 22.5534625], [114.0129816, 22.5534899], [114.0129913, 22.5535164], [114.0126932, 22.5536091], [114.0126503, 22.5534916]]]]}}, {"type": "Feature", "id": "way/1347317188", "properties": {"tags": {"addr:housename": "香域中央花园", "addr:housename:en": "Xiangyu Central Garden", "addr:housename:zh": "香域中央花园", "building": "apartments", "building:levels": "20", "name": "5栋", "name:en": "Block 5", "name:zh": "5栋"}, "heightStatus": "levels_only_unverified", "source": "OpenStreetMap", "license": "ODbL-1.0"}, "geometry": {"type": "MultiPolygon", "coordinates": [[[[114.0119635, 22.5532522], [114.012061, 22.5531644], [114.0122492, 22.5533427], [114.0124914, 22.5534522], [114.0124316, 22.5535651], [114.0121682, 22.5534461], [114.0119635, 22.5532522]]]]}}, {"type": "Feature", "id": "way/1347317190", "properties": {"tags": {"addr:housename": "香域中央花园", "addr:housename:en": "Xiangyu Central Garden", "addr:housename:zh": "香域中央花园", "building": "apartments", "building:levels": "16", "name": "4栋", "name:en": "Block 4", "name:zh": "4栋"}, "heightStatus": "levels_only_unverified", "source": "OpenStreetMap", "license": "ODbL-1.0"}, "geometry": {"type": "MultiPolygon", "coordinates": [[[[114.0116544, 22.5526348], [114.0117876, 22.5526088], [114.0118435, 22.5528524], [114.0119848, 22.5530645], [114.0118688, 22.5531304], [114.0117151, 22.5528998], [114.0116544, 22.5526348]]]]}}, {"type": "Feature", "id": "way/1347317192", "properties": {"tags": {"building": "yes"}, "heightStatus": "unknown", "source": "OpenStreetMap", "license": "ODbL-1.0"}, "geometry": {"type": "MultiPolygon", "coordinates": [[[[114.0116837, 22.5523686], [114.0120015, 22.5522373], [114.0120585, 22.552355], [114.0117407, 22.5524863], [114.0116837, 22.5523686]]]]}}, {"type": "Feature", "id": "way/1347317194", "properties": {"tags": {"addr:housename": "香域中央花园", "addr:housename:en": "Xiangyu Central Garden", "addr:housename:zh": "香域中央花园", "building": "apartments", "building:levels": "18", "name": "3栋", "name:en": "Block 3", "name:zh": "3栋"}, "heightStatus": "levels_only_unverified", "source": "OpenStreetMap", "license": "ODbL-1.0"}, "geometry": {"type": "MultiPolygon", "coordinates": [[[[114.0121023, 22.5522895], [114.0121754, 22.552269], [114.0121603, 22.552223], [114.0123244, 22.5521771], [114.0123395, 22.5522232], [114.0124034, 22.5522053], [114.0124169, 22.5522464], [114.0124518, 22.5522435], [114.0124572, 22.5522009], [114.0125235, 22.552208], [114.0125295, 22.5521602], [114.0126997, 22.5521784], [114.0126937, 22.5522262], [114.0127696, 22.5522343], [114.012759, 22.5523192], [114.0126911, 22.5523119], [114.0126868, 22.5523464], [114.0124831, 22.5523245], [114.0124874, 22.5522901], [114.0124382, 22.5522849], [114.0123908, 22.5522981], [114.0124017, 22.5523313], [114.0122054, 22.5523861], [114.0121945, 22.552353], [114.0121291, 22.5523713], [114.0121023, 22.5522895]]]]}}, {"type": "Feature", "id": "way/1347317195", "properties": {"tags": {"building": "school"}, "heightStatus": "unknown", "source": "OpenStreetMap", "license": "ODbL-1.0"}, "geometry": {"type": "MultiPolygon", "coordinates": [[[[114.0110037, 22.5527333], [114.0110371, 22.5527233], [114.0110117, 22.552657], [114.0113269, 22.5525542], [114.0113743, 22.5526782], [114.0111141, 22.5527631], [114.0111523, 22.5528725], [114.0112435, 22.5531338], [114.0111311, 22.5531673], [114.0110399, 22.552906], [114.0110617, 22.5528995], [114.0110037, 22.5527333]]]]}}, {"type": "Feature", "id": "way/1347317196", "properties": {"tags": {"building": "school"}, "heightStatus": "unknown", "source": "OpenStreetMap", "license": "ODbL-1.0"}, "geometry": {"type": "MultiPolygon", "coordinates": [[[[114.0112303, 22.5532719], [114.0112625, 22.5531227], [114.0115857, 22.5531822], [114.0115535, 22.5533313], [114.0112303, 22.5532719]]]]}}, {"type": "Feature", "id": "way/1347317199", "properties": {"tags": {"building": "yes"}, "heightStatus": "unknown", "source": "OpenStreetMap", "license": "ODbL-1.0"}, "geometry": {"type": "MultiPolygon", "coordinates": [[[[114.0057251, 22.5506084], [114.0057358, 22.5502877], [114.0058684, 22.5502914], [114.0058577, 22.5506122], [114.0057251, 22.5506084]]]]}}, {"type": "Feature", "id": "way/1347317201", "properties": {"tags": {"building": "yes"}, "heightStatus": "unknown", "source": "OpenStreetMap", "license": "ODbL-1.0"}, "geometry": {"type": "MultiPolygon", "coordinates": [[[[114.0056117, 22.5526471], [114.0056138, 22.5525765], [114.0059598, 22.5525852], [114.0059577, 22.5526557], [114.0056117, 22.5526471]]]]}}, {"type": "Feature", "id": "way/1347317202", "properties": {"tags": {"building": "yes"}, "heightStatus": "unknown", "source": "OpenStreetMap", "license": "ODbL-1.0"}, "geometry": {"type": "MultiPolygon", "coordinates": [[[[114.0056402, 22.5523907], [114.0056406, 22.552304], [114.0059651, 22.5523053], [114.0059648, 22.5523919], [114.0056402, 22.5523907]]]]}}, {"type": "Feature", "id": "way/1347317203", "properties": {"tags": {"building": "yes"}, "heightStatus": "unknown", "source": "OpenStreetMap", "license": "ODbL-1.0"}, "geometry": {"type": "MultiPolygon", "coordinates": [[[[114.0060832, 22.553041], [114.006523, 22.5530397], [114.0065236, 22.5532093], [114.0060837, 22.5532106], [114.0060832, 22.553041]]]]}}, {"type": "Feature", "id": "way/1347317204", "properties": {"tags": {"building": "yes"}, "heightStatus": "unknown", "source": "OpenStreetMap", "license": "ODbL-1.0"}, "geometry": {"type": "MultiPolygon", "coordinates": [[[[114.0060875, 22.5529187], [114.0060912, 22.5527338], [114.006523, 22.5527412], [114.0065193, 22.5529261], [114.0060875, 22.5529187]]]]}}, {"type": "Feature", "id": "way/1347317205", "properties": {"tags": {"building": "yes"}, "heightStatus": "unknown", "source": "OpenStreetMap", "license": "ODbL-1.0"}, "geometry": {"type": "MultiPolygon", "coordinates": [[[[114.0060999, 22.5526137], [114.0061006, 22.5524316], [114.0065029, 22.5524328], [114.0065023, 22.5526149], [114.0060999, 22.5526137]]]]}}, {"type": "Feature", "id": "way/1347317206", "properties": {"tags": {"building": "yes"}, "heightStatus": "unknown", "source": "OpenStreetMap", "license": "ODbL-1.0"}, "geometry": {"type": "MultiPolygon", "coordinates": [[[[114.0074672, 22.551925], [114.0077448, 22.5518891], [114.0077744, 22.5520845], [114.0074968, 22.5521204], [114.0074672, 22.551925]]]]}}, {"type": "Feature", "id": "way/1347317207", "properties": {"tags": {"building": "yes"}, "heightStatus": "unknown", "source": "OpenStreetMap", "license": "ODbL-1.0"}, "geometry": {"type": "MultiPolygon", "coordinates": [[[[114.0072231, 22.5521926], [114.0074301, 22.552186], [114.0074395, 22.5524399], [114.0072325, 22.5524465], [114.0072231, 22.5521926]]]]}}, {"type": "Feature", "id": "way/1347317208", "properties": {"tags": {"building": "yes"}, "heightStatus": "unknown", "source": "OpenStreetMap", "license": "ODbL-1.0"}, "geometry": {"type": "MultiPolygon", "coordinates": [[[[114.0073269, 22.5527305], [114.0074377, 22.552579], [114.0076523, 22.5527128], [114.0075415, 22.5528642], [114.0073269, 22.5527305]]]]}}, {"type": "Feature", "id": "way/1347317209", "properties": {"tags": {"building": "yes"}, "heightStatus": "unknown", "source": "OpenStreetMap", "license": "ODbL-1.0"}, "geometry": {"type": "MultiPolygon", "coordinates": [[[[114.0077654, 22.5529765], [114.0077662, 22.5526905], [114.0082356, 22.5526917], [114.0082347, 22.5529778], [114.0077654, 22.5529765]]]]}}, {"type": "Feature", "id": "way/1347317211", "properties": {"tags": {"building": "yes"}, "heightStatus": "unknown", "source": "OpenStreetMap", "license": "ODbL-1.0"}, "geometry": {"type": "MultiPolygon", "coordinates": [[[[114.0053831, 22.5493662], [114.0056172, 22.5491621], [114.0059109, 22.5494494], [114.0056768, 22.5496535], [114.0053831, 22.5493662]]]]}}, {"type": "Feature", "id": "way/1347317212", "properties": {"tags": {"building": "yes"}, "heightStatus": "unknown", "source": "OpenStreetMap", "license": "ODbL-1.0"}, "geometry": {"type": "MultiPolygon", "coordinates": [[[[114.0059276, 22.5514606], [114.0059363, 22.5511919], [114.0060261, 22.5511943], [114.0060174, 22.5514631], [114.0059276, 22.5514606]]]]}}, {"type": "Feature", "id": "way/1347317213", "properties": {"tags": {"building": "yes"}, "heightStatus": "unknown", "source": "OpenStreetMap", "license": "ODbL-1.0"}, "geometry": {"type": "MultiPolygon", "coordinates": [[[[114.0056781, 22.5511881], [114.0057895, 22.5511881], [114.0057895, 22.5514754], [114.0056781, 22.5514754], [114.0056781, 22.5511881]]]]}}, {"type": "Feature", "id": "way/1347317214", "properties": {"tags": {"building": "yes"}, "heightStatus": "unknown", "source": "OpenStreetMap", "license": "ODbL-1.0"}, "geometry": {"type": "MultiPolygon", "coordinates": [[[[114.0062253, 22.5510246], [114.0064855, 22.5510184], [114.006488, 22.5511091], [114.0062278, 22.5511153], [114.0062253, 22.5510246]]]]}}, {"type": "Feature", "id": "way/1347317215", "properties": {"tags": {"building": "yes"}, "heightStatus": "unknown", "source": "OpenStreetMap", "license": "ODbL-1.0"}, "geometry": {"type": "MultiPolygon", "coordinates": [[[[114.0065432, 22.5510023], [114.0070179, 22.550684], [114.0070645, 22.5507432], [114.0065897, 22.5510615], [114.0065432, 22.5510023]]]]}}, {"type": "Feature", "id": "way/1347317216", "properties": {"tags": {"building": "yes"}, "heightStatus": "unknown", "source": "OpenStreetMap", "license": "ODbL-1.0"}, "geometry": {"type": "MultiPolygon", "coordinates": [[[[114.0068199, 22.5514028], [114.0073067, 22.5510981], [114.0073827, 22.5512017], [114.0068959, 22.5515064], [114.0068199, 22.5514028]]]]}}, {"type": "Feature", "id": "way/1347317217", "properties": {"tags": {"building": "yes"}, "heightStatus": "unknown", "source": "OpenStreetMap", "license": "ODbL-1.0"}, "geometry": {"type": "MultiPolygon", "coordinates": [[[[114.0061919, 22.5515553], [114.0061945, 22.5514141], [114.0067483, 22.5514228], [114.0067457, 22.5515641], [114.0061919, 22.5515553]]]]}}, {"type": "Feature", "id": "way/1347317218", "properties": {"tags": {"building": "school"}, "heightStatus": "unknown", "source": "OpenStreetMap", "license": "ODbL-1.0"}, "geometry": {"type": "MultiPolygon", "coordinates": [[[[114.0100585, 22.5490552], [114.0105213, 22.5486331], [114.0106359, 22.5487015], [114.0104925, 22.5488324], [114.0106614, 22.5489925], [114.0108441, 22.5488259], [114.0109587, 22.5488944], [114.0107544, 22.5490808], [114.0109381, 22.5492551], [114.0109854, 22.549215], [114.0111508, 22.5492896], [114.0106987, 22.5496734], [114.0105827, 22.5495568], [114.0108225, 22.5493532], [114.0106427, 22.5491826], [114.0105587, 22.5492593], [114.010465, 22.5491717], [114.0105497, 22.5490944], [114.0103809, 22.5489342], [114.0101522, 22.5491428], [114.0100585, 22.5490552]]]]}}, {"type": "Feature", "id": "way/1347317219", "properties": {"tags": {"building": "yes"}, "heightStatus": "unknown", "source": "OpenStreetMap", "license": "ODbL-1.0"}, "geometry": {"type": "MultiPolygon", "coordinates": [[[[114.0119783, 22.5491162], [114.0122268, 22.5487531], [114.0129483, 22.5491742], [114.0126998, 22.5495373], [114.0119783, 22.5491162]]]]}}, {"type": "Feature", "id": "way/1426528054", "properties": {"tags": {"addr:housename": "翠海花园", "addr:housename:zh": "翠海花园", "building": "apartments", "building:levels": "14", "name": "A3栋", "name:zh": "A3栋"}, "heightStatus": "levels_only_unverified", "source": "OpenStreetMap", "license": "ODbL-1.0"}, "geometry": {"type": "MultiPolygon", "coordinates": [[[[114.0114306, 22.5537859], [114.0114626, 22.5536911], [114.0115203, 22.5537139], [114.0115804, 22.5535842], [114.0117807, 22.5536634], [114.0117206, 22.5537931], [114.0117781, 22.5538158], [114.0117259, 22.5539027], [114.0114306, 22.5537859]]]]}}, {"type": "Feature", "id": "way/1426528055", "properties": {"tags": {"addr:housename": "翠海花园", "addr:housename:zh": "翠海花园", "building": "apartments", "building:levels": "14", "name": "A2栋", "name:zh": "A2栋"}, "heightStatus": "levels_only_unverified", "source": "OpenStreetMap", "license": "ODbL-1.0"}, "geometry": {"type": "MultiPolygon", "coordinates": [[[[114.0117259, 22.5539027], [114.0117781, 22.5538158], [114.0118213, 22.5538437], [114.0119079, 22.5537284], [114.0120869, 22.5538431], [114.0119999, 22.5539589], [114.0120595, 22.5539973], [114.0119893, 22.5540725], [114.0117259, 22.5539027]]]]}}, {"type": "Feature", "id": "way/1426528057", "properties": {"tags": {"addr:housename": "翠海花园", "addr:housename:zh": "翠海花园", "building": "apartments", "building:levels": "14", "name": "A4栋", "name:zh": "A4栋"}, "heightStatus": "levels_only_unverified", "source": "OpenStreetMap", "license": "ODbL-1.0"}, "geometry": {"type": "MultiPolygon", "coordinates": [[[[114.0111157, 22.5537271], [114.0111261, 22.5536282], [114.0111976, 22.5536416], [114.0112281, 22.5535039], [114.0114416, 22.5535442], [114.0114112, 22.5536815], [114.0114626, 22.5536911], [114.0114306, 22.5537859], [114.0111157, 22.5537271]]]]}}, {"type": "Feature", "id": "way/1426544780", "properties": {"tags": {"building": "school"}, "heightStatus": "unknown", "source": "OpenStreetMap", "license": "ODbL-1.0"}, "geometry": {"type": "MultiPolygon", "coordinates": [[[[114.0099561, 22.5500378], [114.0103961, 22.5496963], [114.0105179, 22.54983], [114.0100778, 22.5501716], [114.0099561, 22.5500378]]]]}}, {"type": "Feature", "id": "way/1426544787", "properties": {"tags": {"building": "hospital", "building:levels": "11", "layer": "1"}, "heightStatus": "levels_only_unverified", "source": "OpenStreetMap", "license": "ODbL-1.0"}, "geometry": {"type": "MultiPolygon", "coordinates": [[[[114.0087783, 22.5489757], [114.0087999, 22.5488546], [114.0088508, 22.5488614], [114.0089013, 22.5488707], [114.0089511, 22.5488823], [114.009008, 22.5488988], [114.0090638, 22.5489185], [114.0091181, 22.5489412], [114.0091457, 22.5488932], [114.0092084, 22.5489239], [114.009181, 22.5489716], [114.0092263, 22.5489974], [114.00927, 22.5490254], [114.0093121, 22.5490556], [114.0093524, 22.5490877], [114.0093908, 22.5491218], [114.0092542, 22.5492392], [114.009171, 22.5491567], [114.0090977, 22.5491229], [114.0090082, 22.5491984], [114.0089176, 22.5491566], [114.0089554, 22.5490866], [114.0089998, 22.549107], [114.0090125, 22.5490836], [114.0087783, 22.5489757]]]]}}, {"type": "Feature", "id": "way/1426544788", "properties": {"tags": {"addr:housename": "中旅·国际公馆一期", "addr:housename:en": "Zhonglv International Mansion Phase I", "addr:housename:zh": "中旅·国际公馆一期", "building": "apartments", "name": "19栋", "name:en": "Block 19", "name:zh": "19栋"}, "heightStatus": "unknown", "source": "OpenStreetMap", "license": "ODbL-1.0"}, "geometry": {"type": "MultiPolygon", "coordinates": [[[[114.0112158, 22.551762], [114.0112684, 22.5517388], [114.0112509, 22.5517045], [114.011363, 22.5516558], [114.0113805, 22.5516901], [114.0114357, 22.5516661], [114.0114835, 22.5516369], [114.0114609, 22.5516053], [114.0115642, 22.5515422], [114.0115868, 22.5515738], [114.0116355, 22.5515441], [114.0117068, 22.5516437], [114.0116581, 22.5516734], [114.011668, 22.5516872], [114.0115646, 22.5517503], [114.0115548, 22.5517365], [114.0114992, 22.5517704], [114.0114355, 22.5517981], [114.0114431, 22.551813], [114.0113311, 22.5518618], [114.0113235, 22.5518468], [114.0112707, 22.5518698], [114.0112158, 22.551762]]]]}}, {"type": "Feature", "id": "way/1426544789", "properties": {"tags": {"addr:housename": "中旅·国际公馆一期", "addr:housename:en": "Zhonglv International Mansion Phase I", "addr:housename:zh": "中旅·国际公馆一期", "building": "apartments", "name": "10栋", "name:en": "Block 10", "name:zh": "10栋"}, "heightStatus": "unknown", "source": "OpenStreetMap", "license": "ODbL-1.0"}, "geometry": {"type": "MultiPolygon", "coordinates": [[[[114.0102447, 22.5506601], [114.0102644, 22.5506549], [114.0102482, 22.5506031], [114.0102847, 22.5505934], [114.0103319, 22.5505809], [114.0103633, 22.5505725], [114.0103834, 22.5506372], [114.0104345, 22.5506236], [114.010461, 22.5507088], [114.0104099, 22.5507223], [114.0104293, 22.5507848], [114.0104657, 22.5508024], [114.0104903, 22.5507588], [114.0105753, 22.5507998], [114.0105507, 22.5508434], [114.0105619, 22.5508487], [114.0106127, 22.5508465], [114.010616, 22.5509122], [114.0105655, 22.5509144], [114.0105309, 22.5509755], [114.0103596, 22.5508929], [114.0103889, 22.5508412], [114.0103786, 22.5508081], [114.0103171, 22.5508244], [114.010301, 22.5507726], [114.0102813, 22.5507778], [114.0102447, 22.5506601]]]]}}, {"type": "Feature", "id": "way/1426544790", "properties": {"tags": {"addr:housename": "中旅·国际公馆一期", "addr:housename:en": "Zhonglv International Mansion Phase I", "addr:housename:zh": "中旅·国际公馆一期", "building": "apartments", "name": "9栋", "name:en": "Block 9", "name:zh": "9栋"}, "heightStatus": "unknown", "source": "OpenStreetMap", "license": "ODbL-1.0"}, "geometry": {"type": "MultiPolygon", "coordinates": [[[[114.0102283, 22.5505272], [114.0102694, 22.5504974], [114.0102403, 22.5504632], [114.0103399, 22.5503908], [114.0103685, 22.5504244], [114.0103978, 22.5504032], [114.0104133, 22.5504214], [114.0104542, 22.5503917], [114.0104251, 22.5503576], [114.0105247, 22.5502852], [114.0105534, 22.5503188], [114.0105826, 22.5502975], [114.0106509, 22.5503777], [114.010481, 22.5505012], [114.0104659, 22.5504834], [114.0103319, 22.5505809], [114.0102847, 22.5505934], [114.0102283, 22.5505272]]]]}}, {"type": "Feature", "id": "way/1432214261", "properties": {"tags": {"addr:housename": "香域中央花园", "addr:housename:en": "Xiangyu Central Garden", "addr:housename:zh": "香域中央花园", "building": "apartments", "building:levels": "17", "name": "2栋", "name:en": "Block 2", "name:zh": "2栋"}, "heightStatus": "levels_only_unverified", "source": "OpenStreetMap", "license": "ODbL-1.0"}, "geometry": {"type": "MultiPolygon", "coordinates": [[[[114.0129994, 22.5518016], [114.0131932, 22.5516284], [114.0133126, 22.5514052], [114.0134347, 22.5514608], [114.0133048, 22.5517037], [114.0130941, 22.551892], [114.0129994, 22.5518016]]]]}}, {"type": "Feature", "id": "way/1432214265", "properties": {"tags": {"addr:housename": "深业·龙溪花园", "addr:housename:en": "Shenye Longxi Garden", "addr:housename:zh": "深业·龙溪花园", "building": "apartments", "name": "31栋", "name:en": "Block 31", "name:zh": "31栋"}, "heightStatus": "unknown", "source": "OpenStreetMap", "license": "ODbL-1.0"}, "geometry": {"type": "MultiPolygon", "coordinates": [[[[114.0107266, 22.5475085], [114.0107491, 22.5474384], [114.0108237, 22.5474588], [114.0108344, 22.5474254], [114.0108157, 22.5474203], [114.0108327, 22.5473673], [114.0109137, 22.5473895], [114.0108967, 22.5474425], [114.010878, 22.5474374], [114.0108674, 22.5474707], [114.010942, 22.5474911], [114.0109195, 22.5475612], [114.0107266, 22.5475085]]]]}}, {"type": "Feature", "id": "way/1432214269", "properties": {"tags": {"addr:housename": "深业·龙溪花园", "addr:housename:en": "Shenye Longxi Garden", "addr:housename:zh": "深业·龙溪花园", "building": "apartments", "name": "36栋", "name:en": "Block 36", "name:zh": "36栋"}, "heightStatus": "unknown", "source": "OpenStreetMap", "license": "ODbL-1.0"}, "geometry": {"type": "MultiPolygon", "coordinates": [[[[114.0124506, 22.5462952], [114.0125074, 22.5462132], [114.0125566, 22.5462422], [114.0125639, 22.5462316], [114.0126543, 22.546285], [114.012647, 22.5462956], [114.0127453, 22.5463537], [114.0127526, 22.5463431], [114.012843, 22.5463965], [114.0128357, 22.5464071], [114.0128849, 22.5464361], [114.0128281, 22.5465181], [114.0127789, 22.5464891], [114.0127682, 22.5465046], [114.0126778, 22.5464512], [114.0126885, 22.5464357], [114.0125902, 22.5463776], [114.0125794, 22.5463931], [114.012489, 22.5463397], [114.0124998, 22.5463242], [114.0124506, 22.5462952]]]]}}, {"type": "Feature", "id": "way/1432214270", "properties": {"tags": {"addr:housename": "俊安苑", "addr:housename:en": "Jun'an Court", "addr:housename:zh": "俊安苑", "building": "apartments", "building:levels": "18", "name": "4栋", "name:en": "Block 4", "name:zh": "4栋"}, "heightStatus": "levels_only_unverified", "source": "OpenStreetMap", "license": "ODbL-1.0"}, "geometry": {"type": "MultiPolygon", "coordinates": [[[[114.0116199, 22.5479062], [114.011821, 22.5476242], [114.0119005, 22.5476726], [114.011847, 22.5477476], [114.0118873, 22.5477721], [114.0118766, 22.5477871], [114.0119028, 22.5478031], [114.0118301, 22.547905], [114.0118039, 22.547889], [114.0117932, 22.547904], [114.0117529, 22.5478795], [114.0116994, 22.5479545], [114.0116199, 22.5479062]]]]}}]}