{"type": "FeatureCollection", "features": [{"type": "Feature", "id": "way/359874840", "properties": {"tags": {"building": "school"}, "heightStatus": "unknown", "source": "OpenStreetMap", "license": "ODbL-1.0"}, "geometry": {"type": "MultiPolygon", "coordinates": [[[[114.0442031, 22.5227902], [114.0445219, 22.5227639], [114.0445376, 22.5229259], [114.0442188, 22.5229522], [114.0442031, 22.5227902]]]]}}, {"type": "Feature", "id": "way/360147695", "properties": {"tags": {"building": "apartments"}, "heightStatus": "unknown", "source": "OpenStreetMap", "license": "ODbL-1.0"}, "geometry": {"type": "MultiPolygon", "coordinates": [[[[114.0427546, 22.5257949], [114.0427806, 22.5256587], [114.0429024, 22.5256768], [114.0428778, 22.5258126], [114.0427546, 22.5257949]]]]}}, {"type": "Feature", "id": "way/360147696", "properties": {"tags": {"building": "apartments"}, "heightStatus": "unknown", "source": "OpenStreetMap", "license": "ODbL-1.0"}, "geometry": {"type": "MultiPolygon", "coordinates": [[[[114.0429283, 22.5256637], [114.0429615, 22.5254771], [114.0431142, 22.5254949], [114.0430803, 22.5256851], [114.0429283, 22.5256637]]]]}}, {"type": "Feature", "id": "way/360147697", "properties": {"tags": {"building": "apartments"}, "heightStatus": "unknown", "source": "OpenStreetMap", "license": "ODbL-1.0"}, "geometry": {"type": "MultiPolygon", "coordinates": [[[[114.0427957, 22.5256367], [114.0428095, 22.5255535], [114.0428523, 22.5255555], [114.0429323, 22.5255676], [114.0429199, 22.5256529], [114.0429061, 22.5256508], [114.0429039, 22.5256649], [114.0428109, 22.5256508], [114.0428131, 22.5256401], [114.0427957, 22.5256367]]]]}}, {"type": "Feature", "id": "way/360147698", "properties": {"tags": {"building": "apartments"}, "heightStatus": "unknown", "source": "OpenStreetMap", "license": "ODbL-1.0"}, "geometry": {"type": "MultiPolygon", "coordinates": [[[[114.0434057, 22.5257296], [114.0434199, 22.5256317], [114.0435494, 22.5256457], [114.0435362, 22.5257462], [114.0434057, 22.5257296]]]]}}, {"type": "Feature", "id": "way/360147699", "properties": {"tags": {"building": "apartments"}, "heightStatus": "unknown", "source": "OpenStreetMap", "license": "ODbL-1.0"}, "geometry": {"type": "MultiPolygon", "coordinates": [[[[114.0430927, 22.5256902], [114.0431284, 22.5254964], [114.0432714, 22.5255129], [114.0432326, 22.5257095], [114.0430927, 22.5256902]]]]}}, {"type": "Feature", "id": "way/360148993", "properties": {"tags": {"building": "apartments"}, "heightStatus": "unknown", "source": "OpenStreetMap", "license": "ODbL-1.0"}, "geometry": {"type": "MultiPolygon", "coordinates": [[[[114.043162, 22.5252752], [114.0431997, 22.525086], [114.0433241, 22.5251046], [114.0432889, 22.5252961], [114.043162, 22.5252752]]]]}}, {"type": "Feature", "id": "way/360148994", "properties": {"tags": {"building": "apartments"}, "heightStatus": "unknown", "source": "OpenStreetMap", "license": "ODbL-1.0"}, "geometry": {"type": "MultiPolygon", "coordinates": [[[[114.0433046, 22.5253133], [114.0433405, 22.5251249], [114.0434768, 22.5251405], [114.0434441, 22.5253299], [114.0433046, 22.5253133]]]]}}, {"type": "Feature", "id": "way/360148995", "properties": {"tags": {"building": "apartments"}, "heightStatus": "unknown", "source": "OpenStreetMap", "license": "ODbL-1.0"}, "geometry": {"type": "MultiPolygon", "coordinates": [[[[114.0430072, 22.5252519], [114.0430414, 22.5250708], [114.0431829, 22.5250896], [114.0431487, 22.5252733], [114.0430072, 22.5252519]]]]}}, {"type": "Feature", "id": "way/360148996", "properties": {"tags": {"building": "apartments"}, "heightStatus": "unknown", "source": "OpenStreetMap", "license": "ODbL-1.0"}, "geometry": {"type": "MultiPolygon", "coordinates": [[[[114.0434779, 22.5252338], [114.0434903, 22.525147], [114.0436281, 22.5251622], [114.0436171, 22.5252515], [114.0434779, 22.5252338]]]]}}, {"type": "Feature", "id": "way/360148997", "properties": {"tags": {"building": "apartments"}, "heightStatus": "unknown", "source": "OpenStreetMap", "license": "ODbL-1.0"}, "geometry": {"type": "MultiPolygon", "coordinates": [[[[114.0434926, 22.5251313], [114.04352, 22.5249688], [114.0436497, 22.524984], [114.0436269, 22.5251468], [114.0434926, 22.5251313]]]]}}, {"type": "Feature", "id": "way/360148998", "properties": {"tags": {"building": "apartments"}, "heightStatus": "unknown", "source": "OpenStreetMap", "license": "ODbL-1.0"}, "geometry": {"type": "MultiPolygon", "coordinates": [[[[114.043344, 22.5251069], [114.043374, 22.5249253], [114.0435082, 22.5249419], [114.0434794, 22.5251246], [114.043344, 22.5251069]]]]}}, {"type": "Feature", "id": "way/360148999", "properties": {"tags": {"building": "apartments"}, "heightStatus": "unknown", "source": "OpenStreetMap", "license": "ODbL-1.0"}, "geometry": {"type": "MultiPolygon", "coordinates": [[[[114.0431977, 22.5250743], [114.0432278, 22.5249011], [114.0433499, 22.5249209], [114.0433222, 22.5250905], [114.0431977, 22.5250743]]]]}}, {"type": "Feature", "id": "way/360149635", "properties": {"tags": {"building": "apartments"}, "heightStatus": "unknown", "source": "OpenStreetMap", "license": "ODbL-1.0"}, "geometry": {"type": "MultiPolygon", "coordinates": [[[[114.0399497, 22.5256124], [114.0400681, 22.5255993], [114.0400728, 22.525678], [114.0399544, 22.525689], [114.0399497, 22.5256124]]]]}}, {"type": "Feature", "id": "way/360149636", "properties": {"tags": {"building": "apartments"}, "heightStatus": "unknown", "source": "OpenStreetMap", "license": "ODbL-1.0"}, "geometry": {"type": "MultiPolygon", "coordinates": [[[[114.0401037, 22.5256852], [114.0402188, 22.525674], [114.0402263, 22.5257375], [114.0401102, 22.5257487], [114.0401037, 22.5256852]]]]}}, {"type": "Feature", "id": "way/360149637", "properties": {"tags": {"building": "apartments"}, "heightStatus": "unknown", "source": "OpenStreetMap", "license": "ODbL-1.0"}, "geometry": {"type": "MultiPolygon", "coordinates": [[[[114.0401111, 22.5257615], [114.0402328, 22.5257504], [114.0402411, 22.5258199], [114.0401194, 22.5258328], [114.0401111, 22.5257615]]]]}}, {"type": "Feature", "id": "way/360149638", "properties": {"tags": {"building": "apartments"}, "heightStatus": "unknown", "source": "OpenStreetMap", "license": "ODbL-1.0"}, "geometry": {"type": "MultiPolygon", "coordinates": [[[[114.0401185, 22.5258388], [114.040242, 22.5258259], [114.0402476, 22.525898], [114.0401798, 22.525904], [114.0401761, 22.5258739], [114.0401241, 22.5258799], [114.0401185, 22.5258388]]]]}}, {"type": "Feature", "id": "way/360149639", "properties": {"tags": {"building": "apartments"}, "heightStatus": "unknown", "source": "OpenStreetMap", "license": "ODbL-1.0"}, "geometry": {"type": "MultiPolygon", "coordinates": [[[[114.0399569, 22.5256972], [114.0400786, 22.5256843], [114.0400851, 22.5257538], [114.0399643, 22.5257658], [114.0399569, 22.5256972]]]]}}, {"type": "Feature", "id": "way/508876141", "properties": {"tags": {"building": "hospital", "name": "1号楼", "name:en": "Building 1", "name:zh": "1号楼"}, "heightStatus": "unknown", "source": "OpenStreetMap", "license": "ODbL-1.0"}, "geometry": {"type": "MultiPolygon", "coordinates": [[[[114.0429371, 22.5212517], [114.0430628, 22.5211817], [114.0431779, 22.5213581], [114.0434983, 22.5211798], [114.0436059, 22.5213448], [114.0431596, 22.521593], [114.0429371, 22.5212517]]]]}}, {"type": "Feature", "id": "way/508876142", "properties": {"tags": {"building": "hospital", "name": "2号楼", "name:en": "Building 2", "name:zh": "2号楼"}, "heightStatus": "unknown", "source": "OpenStreetMap", "license": "ODbL-1.0"}, "geometry": {"type": "MultiPolygon", "coordinates": [[[[114.0436025, 22.5215081], [114.0439235, 22.5213328], [114.0440592, 22.5215448], [114.0437382, 22.5217201], [114.0436025, 22.5215081]]]]}}, {"type": "Feature", "id": "way/508876143", "properties": {"tags": {"addr:housename": "裕康时尚名居", "addr:housename:en": "Yukang Shishang Residence", "addr:housename:zh": "裕康时尚名居", "building": "apartments", "building:levels": "17", "name": "2栋", "name:en": "Block 2", "name:zh": "2栋"}, "heightStatus": "levels_only_unverified", "source": "OpenStreetMap", "license": "ODbL-1.0"}, "geometry": {"type": "MultiPolygon", "coordinates": [[[[114.0441965, 22.5213795], [114.0443696, 22.5212876], [114.0443753, 22.5212966], [114.0445718, 22.5211922], [114.0446622, 22.5213375], [114.0445239, 22.5214109], [114.0445172, 22.5214001], [114.0442858, 22.521523], [114.0441965, 22.5213795]]]]}}, {"type": "Feature", "id": "way/508876145", "properties": {"tags": {"building": "hospital", "name": "3号楼", "name:en": "Building 3", "name:zh": "3号楼"}, "heightStatus": "unknown", "source": "OpenStreetMap", "license": "ODbL-1.0"}, "geometry": {"type": "MultiPolygon", "coordinates": [[[[114.0437342, 22.5217667], [114.0440895, 22.5215767], [114.0441935, 22.5217426], [114.0438382, 22.5219326], [114.0437342, 22.5217667]]]]}}, {"type": "Feature", "id": "way/508905218", "properties": {"tags": {"building": "residential"}, "heightStatus": "unknown", "source": "OpenStreetMap", "license": "ODbL-1.0"}, "geometry": {"type": "MultiPolygon", "coordinates": [[[[114.0415496, 22.5258403], [114.041569, 22.5257081], [114.0416878, 22.5257229], [114.0416684, 22.5258552], [114.0415496, 22.5258403]]]]}}, {"type": "Feature", "id": "way/508905219", "properties": {"tags": {"building": "residential"}, "heightStatus": "unknown", "source": "OpenStreetMap", "license": "ODbL-1.0"}, "geometry": {"type": "MultiPolygon", "coordinates": [[[[114.0416966, 22.5258624], [114.0417188, 22.5256929], [114.0418887, 22.5257269], [114.0418593, 22.5258877], [114.0416966, 22.5258624]]]]}}, {"type": "Feature", "id": "way/508905220", "properties": {"tags": {"building": "residential"}, "heightStatus": "unknown", "source": "OpenStreetMap", "license": "ODbL-1.0"}, "geometry": {"type": "MultiPolygon", "coordinates": [[[[114.0415937, 22.5256794], [114.0416173, 22.5254923], [114.0417424, 22.5255058], [114.0417188, 22.5256929], [114.0415937, 22.5256794]]]]}}, {"type": "Feature", "id": "way/508905221", "properties": {"tags": {"building": "residential"}, "heightStatus": "unknown", "source": "OpenStreetMap", "license": "ODbL-1.0"}, "geometry": {"type": "MultiPolygon", "coordinates": [[[[114.0417451, 22.5256818], [114.0417641, 22.5255308], [114.0419061, 22.525546], [114.0418871, 22.5256971], [114.0417451, 22.5256818]]]]}}, {"type": "Feature", "id": "way/508905222", "properties": {"tags": {"building": "residential"}, "heightStatus": "unknown", "source": "OpenStreetMap", "license": "ODbL-1.0"}, "geometry": {"type": "MultiPolygon", "coordinates": [[[[114.0415642, 22.5254604], [114.0415823, 22.5253025], [114.041729, 22.5253169], [114.0417108, 22.5254748], [114.0415642, 22.5254604]]]]}}, {"type": "Feature", "id": "way/508905223", "properties": {"tags": {"building": "residential"}, "heightStatus": "unknown", "source": "OpenStreetMap", "license": "ODbL-1.0"}, "geometry": {"type": "MultiPolygon", "coordinates": [[[[114.0417539, 22.5254757], [114.0417904, 22.5252774], [114.0419588, 22.5252996], [114.0419262, 22.5255028], [114.0417539, 22.5254757]]]]}}, {"type": "Feature", "id": "way/508905224", "properties": {"tags": {"building": "residential"}, "heightStatus": "unknown", "source": "OpenStreetMap", "license": "ODbL-1.0"}, "geometry": {"type": "MultiPolygon", "coordinates": [[[[114.0415909, 22.5252617], [114.0416204, 22.5250814], [114.0417834, 22.5251041], [114.0417539, 22.5252844], [114.0415909, 22.5252617]]]]}}, {"type": "Feature", "id": "way/508905225", "properties": {"tags": {"building": "residential"}, "heightStatus": "unknown", "source": "OpenStreetMap", "license": "ODbL-1.0"}, "geometry": {"type": "MultiPolygon", "coordinates": [[[[114.0417904, 22.5252774], [114.0418195, 22.5250895], [114.0419878, 22.5251117], [114.0419588, 22.5252996], [114.0417904, 22.5252774]]]]}}, {"type": "Feature", "id": "way/508905226", "properties": {"tags": {"building": "residential"}, "heightStatus": "unknown", "source": "OpenStreetMap", "license": "ODbL-1.0"}, "geometry": {"type": "MultiPolygon", "coordinates": [[[[114.0416662, 22.5250491], [114.0417104, 22.5248785], [114.0418349, 22.524906], [114.0417907, 22.5250766], [114.0416662, 22.5250491]]]]}}, {"type": "Feature", "id": "way/508905227", "properties": {"tags": {"building": "residential"}, "heightStatus": "unknown", "source": "OpenStreetMap", "license": "ODbL-1.0"}, "geometry": {"type": "MultiPolygon", "coordinates": [[[[114.0418383, 22.5250633], [114.0418612, 22.5249216], [114.0420254, 22.5249442], [114.0420026, 22.5250859], [114.0418383, 22.5250633]]]]}}, {"type": "Feature", "id": "way/508905228", "properties": {"tags": {"building": "residential"}, "heightStatus": "unknown", "source": "OpenStreetMap", "license": "ODbL-1.0"}, "geometry": {"type": "MultiPolygon", "coordinates": [[[[114.0416042, 22.5260406], [114.0416285, 22.5258833], [114.0417421, 22.5258982], [114.0417178, 22.5260556], [114.0416042, 22.5260406]]]]}}, {"type": "Feature", "id": "way/508905229", "properties": {"tags": {"building": "residential"}, "heightStatus": "unknown", "source": "OpenStreetMap", "license": "ODbL-1.0"}, "geometry": {"type": "MultiPolygon", "coordinates": [[[[114.0417466, 22.5260575], [114.041782, 22.5259219], [114.0418662, 22.5259406], [114.0418308, 22.5260763], [114.0417466, 22.5260575]]]]}}, {"type": "Feature", "id": "way/508905230", "properties": {"tags": {"building": "residential"}, "heightStatus": "unknown", "source": "OpenStreetMap", "license": "ODbL-1.0"}, "geometry": {"type": "MultiPolygon", "coordinates": [[[[114.0418756, 22.5258925], [114.0419098, 22.5257242], [114.0420342, 22.5257424], [114.0420021, 22.5259148], [114.0418756, 22.5258925]]]]}}, {"type": "Feature", "id": "way/508905231", "properties": {"tags": {"building": "residential"}, "heightStatus": "unknown", "source": "OpenStreetMap", "license": "ODbL-1.0"}, "geometry": {"type": "MultiPolygon", "coordinates": [[[[114.0419098, 22.5257242], [114.0419413, 22.5255411], [114.0420657, 22.5255594], [114.0420342, 22.5257424], [114.0419098, 22.5257242]]]]}}, {"type": "Feature", "id": "way/508905232", "properties": {"tags": {"building": "residential"}, "heightStatus": "unknown", "source": "OpenStreetMap", "license": "ODbL-1.0"}, "geometry": {"type": "MultiPolygon", "coordinates": [[[[114.0419608, 22.5255133], [114.0419908, 22.525312], [114.0421189, 22.525329], [114.0420903, 22.5255291], [114.0419608, 22.5255133]]]]}}, {"type": "Feature", "id": "way/508905233", "properties": {"tags": {"building": "residential"}, "heightStatus": "unknown", "source": "OpenStreetMap", "license": "ODbL-1.0"}, "geometry": {"type": "MultiPolygon", "coordinates": [[[[114.0418617, 22.526094], [114.0418824, 22.5259243], [114.0419537, 22.5259318], [114.041933, 22.5261014], [114.0418617, 22.526094]]]]}}, {"type": "Feature", "id": "way/508905234", "properties": {"tags": {"building": "residential"}, "heightStatus": "unknown", "source": "OpenStreetMap", "license": "ODbL-1.0"}, "geometry": {"type": "MultiPolygon", "coordinates": [[[[114.0420315, 22.5259499], [114.042066, 22.5257699], [114.0422243, 22.5257958], [114.0421898, 22.5259758], [114.0420645, 22.5259617], [114.0420315, 22.5259499]]]]}}, {"type": "Feature", "id": "way/508905235", "properties": {"tags": {"building": "residential"}, "heightStatus": "unknown", "source": "OpenStreetMap", "license": "ODbL-1.0"}, "geometry": {"type": "MultiPolygon", "coordinates": [[[[114.0420278, 22.5261494], [114.0420645, 22.5259617], [114.0422131, 22.5259864], [114.0421764, 22.5261742], [114.0420278, 22.5261494]]]]}}, {"type": "Feature", "id": "way/508905236", "properties": {"tags": {"building": "residential"}, "heightStatus": "unknown", "source": "OpenStreetMap", "license": "ODbL-1.0"}, "geometry": {"type": "MultiPolygon", "coordinates": [[[[114.0422217, 22.5259613], [114.0422452, 22.5257964], [114.0423527, 22.5258094], [114.0423196, 22.5260411], [114.0422288, 22.5260301], [114.0422383, 22.5259633], [114.0422217, 22.5259613]]]]}}, {"type": "Feature", "id": "way/508905237", "properties": {"tags": {"building": "residential"}, "heightStatus": "unknown", "source": "OpenStreetMap", "license": "ODbL-1.0"}, "geometry": {"type": "MultiPolygon", "coordinates": [[[[114.0423442, 22.5259993], [114.0423729, 22.5258042], [114.0424641, 22.5258245], [114.0424354, 22.5260243], [114.0423442, 22.5259993]]]]}}, {"type": "Feature", "id": "way/508905238", "properties": {"tags": {"building": "residential"}, "heightStatus": "unknown", "source": "OpenStreetMap", "license": "ODbL-1.0"}, "geometry": {"type": "MultiPolygon", "coordinates": [[[[114.0420682, 22.5257378], [114.0420853, 22.5255731], [114.0422211, 22.5255851], [114.0422041, 22.5257498], [114.0420682, 22.5257378]]]]}}, {"type": "Feature", "id": "way/508905239", "properties": {"tags": {"building": "residential"}, "heightStatus": "unknown", "source": "OpenStreetMap", "license": "ODbL-1.0"}, "geometry": {"type": "MultiPolygon", "coordinates": [[[[114.0421049, 22.5255379], [114.042128, 22.5253804], [114.042256, 22.5253965], [114.0422329, 22.525554], [114.0421049, 22.5255379]]]]}}, {"type": "Feature", "id": "way/508905240", "properties": {"tags": {"building": "residential"}, "heightStatus": "unknown", "source": "OpenStreetMap", "license": "ODbL-1.0"}, "geometry": {"type": "MultiPolygon", "coordinates": [[[[114.0419908, 22.525312], [114.0420064, 22.5251413], [114.0421376, 22.5251516], [114.042122, 22.5253222], [114.0419908, 22.525312]]]]}}, {"type": "Feature", "id": "way/508905241", "properties": {"tags": {"building": "residential"}, "heightStatus": "unknown", "source": "OpenStreetMap", "license": "ODbL-1.0"}, "geometry": {"type": "MultiPolygon", "coordinates": [[[[114.0420238, 22.5251073], [114.0420364, 22.5249783], [114.0421773, 22.52499], [114.0421647, 22.525119], [114.0420238, 22.5251073]]]]}}, {"type": "Feature", "id": "way/508905242", "properties": {"tags": {"building": "residential"}, "heightStatus": "unknown", "source": "OpenStreetMap", "license": "ODbL-1.0"}, "geometry": {"type": "MultiPolygon", "coordinates": [[[[114.0421355, 22.5253234], [114.0421841, 22.5250126], [114.0423215, 22.5250309], [114.0422729, 22.5253418], [114.0421355, 22.5253234]]]]}}, {"type": "Feature", "id": "way/508905243", "properties": {"tags": {"building": "residential"}, "heightStatus": "unknown", "source": "OpenStreetMap", "license": "ODbL-1.0"}, "geometry": {"type": "MultiPolygon", "coordinates": [[[[114.0422826, 22.5253624], [114.0423103, 22.5251605], [114.0424622, 22.5251783], [114.0424346, 22.5253801], [114.0422826, 22.5253624]]]]}}, {"type": "Feature", "id": "way/508905244", "properties": {"tags": {"building": "residential"}, "heightStatus": "unknown", "source": "OpenStreetMap", "license": "ODbL-1.0"}, "geometry": {"type": "MultiPolygon", "coordinates": [[[[114.042321, 22.5251497], [114.042339, 22.5250205], [114.0424431, 22.5250328], [114.0424248, 22.5251642], [114.0423294, 22.5251528], [114.042321, 22.5251497]]]]}}, {"type": "Feature", "id": "way/508905245", "properties": {"tags": {"building": "residential"}, "heightStatus": "unknown", "source": "OpenStreetMap", "license": "ODbL-1.0"}, "geometry": {"type": "MultiPolygon", "coordinates": [[[[114.042029, 22.5249721], [114.0420368, 22.5248674], [114.0421623, 22.5248754], [114.0421545, 22.5249801], [114.042029, 22.5249721]]]]}}, {"type": "Feature", "id": "way/508905246", "properties": {"tags": {"building": "residential"}, "heightStatus": "unknown", "source": "OpenStreetMap", "license": "ODbL-1.0"}, "geometry": {"type": "MultiPolygon", "coordinates": [[[[114.0421707, 22.5249768], [114.0421794, 22.5248805], [114.0423608, 22.5248946], [114.042352, 22.5249909], [114.0421707, 22.5249768]]]]}}, {"type": "Feature", "id": "way/508905247", "properties": {"tags": {"building": "residential"}, "heightStatus": "unknown", "source": "OpenStreetMap", "license": "ODbL-1.0"}, "geometry": {"type": "MultiPolygon", "coordinates": [[[[114.0423703, 22.5250055], [114.0423824, 22.5248836], [114.0425877, 22.5249009], [114.0425756, 22.5250229], [114.0423703, 22.5250055]]]]}}, {"type": "Feature", "id": "way/508905248", "properties": {"tags": {"building": "residential"}, "heightStatus": "unknown", "source": "OpenStreetMap", "license": "ODbL-1.0"}, "geometry": {"type": "MultiPolygon", "coordinates": [[[[114.0424457, 22.5251618], [114.0424647, 22.525028], [114.0425344, 22.5250365], [114.0425153, 22.5251703], [114.0424457, 22.5251618]]]]}}, {"type": "Feature", "id": "way/508905249", "properties": {"tags": {"building": "residential"}, "heightStatus": "unknown", "source": "OpenStreetMap", "license": "ODbL-1.0"}, "geometry": {"type": "MultiPolygon", "coordinates": [[[[114.0425314, 22.5251885], [114.0425553, 22.5250373], [114.0426747, 22.5250535], [114.0426508, 22.5252047], [114.0425314, 22.5251885]]]]}}, {"type": "Feature", "id": "way/508905250", "properties": {"tags": {"building": "residential"}, "heightStatus": "unknown", "source": "OpenStreetMap", "license": "ODbL-1.0"}, "geometry": {"type": "MultiPolygon", "coordinates": [[[[114.0425935, 22.5250299], [114.0426122, 22.5248989], [114.042816, 22.5249238], [114.0427972, 22.5250548], [114.0425935, 22.5250299]]]]}}, {"type": "Feature", "id": "way/508905251", "properties": {"tags": {"building": "residential"}, "heightStatus": "unknown", "source": "OpenStreetMap", "license": "ODbL-1.0"}, "geometry": {"type": "MultiPolygon", "coordinates": [[[[114.0426649, 22.5252053], [114.0426893, 22.5250586], [114.0428072, 22.5250754], [114.0427828, 22.5252221], [114.0426649, 22.5252053]]]]}}, {"type": "Feature", "id": "way/508905252", "properties": {"tags": {"building": "residential"}, "heightStatus": "unknown", "source": "OpenStreetMap", "license": "ODbL-1.0"}, "geometry": {"type": "MultiPolygon", "coordinates": [[[[114.0424502, 22.5253838], [114.0424795, 22.5251902], [114.0426127, 22.5252074], [114.0425834, 22.525401], [114.0424502, 22.5253838]]]]}}, {"type": "Feature", "id": "way/508905253", "properties": {"tags": {"building": "residential"}, "heightStatus": "unknown", "source": "OpenStreetMap", "license": "ODbL-1.0"}, "geometry": {"type": "MultiPolygon", "coordinates": [[[[114.0426022, 22.5254026], [114.0426295, 22.5252191], [114.0427874, 22.5252392], [114.0427601, 22.5254227], [114.0426022, 22.5254026]]]]}}, {"type": "Feature", "id": "way/508905254", "properties": {"tags": {"building": "residential"}, "heightStatus": "unknown", "source": "OpenStreetMap", "license": "ODbL-1.0"}, "geometry": {"type": "MultiPolygon", "coordinates": [[[[114.0422506, 22.5255627], [114.0422699, 22.5254266], [114.0424058, 22.5254431], [114.0423864, 22.5255792], [114.0422506, 22.5255627]]]]}}, {"type": "Feature", "id": "way/508905255", "properties": {"tags": {"building": "residential"}, "heightStatus": "unknown", "source": "OpenStreetMap", "license": "ODbL-1.0"}, "geometry": {"type": "MultiPolygon", "coordinates": [[[[114.0424167, 22.5255811], [114.0424418, 22.5254022], [114.042577, 22.5254183], [114.0425519, 22.5255972], [114.0424167, 22.5255811]]]]}}, {"type": "Feature", "id": "way/508905256", "properties": {"tags": {"building": "residential"}, "heightStatus": "unknown", "source": "OpenStreetMap", "license": "ODbL-1.0"}, "geometry": {"type": "MultiPolygon", "coordinates": [[[[114.0425585, 22.5256298], [114.0425779, 22.5254761], [114.0427535, 22.5254949], [114.0427341, 22.5256487], [114.0425585, 22.5256298]]]]}}, {"type": "Feature", "id": "way/508905257", "properties": {"tags": {"building": "residential"}, "heightStatus": "unknown", "source": "OpenStreetMap", "license": "ODbL-1.0"}, "geometry": {"type": "MultiPolygon", "coordinates": [[[[114.0422202, 22.5257463], [114.0422505, 22.5256053], [114.0423897, 22.5256308], [114.0423594, 22.5257719], [114.0422202, 22.5257463]]]]}}, {"type": "Feature", "id": "way/508905258", "properties": {"tags": {"building": "residential"}, "heightStatus": "unknown", "source": "OpenStreetMap", "license": "ODbL-1.0"}, "geometry": {"type": "MultiPolygon", "coordinates": [[[[114.0423764, 22.5257786], [114.0424037, 22.5256011], [114.0425342, 22.5256182], [114.0425069, 22.5257957], [114.0423764, 22.5257786]]]]}}, {"type": "Feature", "id": "way/508905259", "properties": {"tags": {"building": "residential"}, "heightStatus": "unknown", "source": "OpenStreetMap", "license": "ODbL-1.0"}, "geometry": {"type": "MultiPolygon", "coordinates": [[[[114.04252, 22.5258165], [114.0425517, 22.5256402], [114.0426617, 22.5256571], [114.04263, 22.5258333], [114.04252, 22.5258165]]]]}}, {"type": "Feature", "id": "way/508905260", "properties": {"tags": {"building": "residential"}, "heightStatus": "unknown", "source": "OpenStreetMap", "license": "ODbL-1.0"}, "geometry": {"type": "MultiPolygon", "coordinates": [[[[114.0426667, 22.5258225], [114.0426807, 22.5256504], [114.0427472, 22.525655], [114.0427333, 22.5258271], [114.0426667, 22.5258225]]]]}}, {"type": "Feature", "id": "way/508905261", "properties": {"tags": {"building": "residential"}, "heightStatus": "unknown", "source": "OpenStreetMap", "license": "ODbL-1.0"}, "geometry": {"type": "MultiPolygon", "coordinates": [[[[114.0414776, 22.5259428], [114.0415089, 22.5258479], [114.0416051, 22.525875], [114.0415738, 22.5259699], [114.0414776, 22.5259428]]]]}}, {"type": "Feature", "id": "way/508905262", "properties": {"tags": {"building": "residential"}, "heightStatus": "unknown", "source": "OpenStreetMap", "license": "ODbL-1.0"}, "geometry": {"type": "MultiPolygon", "coordinates": [[[[114.041607, 22.5262085], [114.0416457, 22.5260823], [114.0420047, 22.5261761], [114.0420175, 22.5263158], [114.041607, 22.5262085]]]]}}, {"type": "Feature", "id": "way/508905263", "properties": {"tags": {"building": "residential"}, "heightStatus": "unknown", "source": "OpenStreetMap", "license": "ODbL-1.0"}, "geometry": {"type": "MultiPolygon", "coordinates": [[[[114.0420478, 22.526352], [114.0420799, 22.5261819], [114.0423287, 22.526222], [114.0422966, 22.5263921], [114.0420478, 22.526352]]]]}}, {"type": "Feature", "id": "way/508905264", "properties": {"tags": {"building": "residential"}, "heightStatus": "unknown", "source": "OpenStreetMap", "license": "ODbL-1.0"}, "geometry": {"type": "MultiPolygon", "coordinates": [[[[114.0428052, 22.5258608], [114.0428124, 22.5258208], [114.042882, 22.5258315], [114.0429091, 22.5256811], [114.0430086, 22.5256964], [114.0429861, 22.5258212], [114.0429345, 22.5258133], [114.0429227, 22.5258789], [114.0428052, 22.5258608]]]]}}, {"type": "Feature", "id": "way/508905265", "properties": {"tags": {"building": "residential"}, "heightStatus": "unknown", "source": "OpenStreetMap", "license": "ODbL-1.0"}, "geometry": {"type": "MultiPolygon", "coordinates": [[[[114.0429874, 22.5258984], [114.0430171, 22.5257221], [114.0431306, 22.5257385], [114.0431008, 22.5259147], [114.0429874, 22.5258984]]]]}}, {"type": "Feature", "id": "way/508905266", "properties": {"tags": {"building": "residential"}, "heightStatus": "unknown", "source": "OpenStreetMap", "license": "ODbL-1.0"}, "geometry": {"type": "MultiPolygon", "coordinates": [[[[114.0431121, 22.5259301], [114.0431446, 22.5257478], [114.0432307, 22.5257609], [114.0431982, 22.5259432], [114.0431121, 22.5259301]]]]}}, {"type": "Feature", "id": "way/508905267", "properties": {"tags": {"building": "residential"}, "heightStatus": "unknown", "source": "OpenStreetMap", "license": "ODbL-1.0"}, "geometry": {"type": "MultiPolygon", "coordinates": [[[[114.0432055, 22.5259414], [114.0432358, 22.5257767], [114.0433214, 22.5257901], [114.0433092, 22.5258503], [114.0432912, 22.5259548], [114.0432055, 22.5259414]]]]}}, {"type": "Feature", "id": "way/508905268", "properties": {"tags": {"building": "residential"}, "heightStatus": "unknown", "source": "OpenStreetMap", "license": "ODbL-1.0"}, "geometry": {"type": "MultiPolygon", "coordinates": [[[[114.0432951, 22.5259961], [114.0433185, 22.5258596], [114.0434005, 22.5258667], [114.0433805, 22.5260119], [114.0433058, 22.526001], [114.0432951, 22.5259961]]]]}}, {"type": "Feature", "id": "way/508905269", "properties": {"tags": {"building": "residential"}, "heightStatus": "unknown", "source": "OpenStreetMap", "license": "ODbL-1.0"}, "geometry": {"type": "MultiPolygon", "coordinates": [[[[114.0433092, 22.5258503], [114.0433313, 22.5257459], [114.0434225, 22.5257623], [114.0434202, 22.5257772], [114.0434005, 22.5258667], [114.0433092, 22.5258503]]]]}}, {"type": "Feature", "id": "way/508905270", "properties": {"tags": {"building": "residential"}, "heightStatus": "unknown", "source": "OpenStreetMap", "license": "ODbL-1.0"}, "geometry": {"type": "MultiPolygon", "coordinates": [[[[114.0433948, 22.5259894], [114.0434202, 22.5257772], [114.0435484, 22.5257903], [114.043523, 22.5260024], [114.0433948, 22.5259894]]]]}}, {"type": "Feature", "id": "way/508905271", "properties": {"tags": {"building": "residential"}, "heightStatus": "unknown", "source": "OpenStreetMap", "license": "ODbL-1.0"}, "geometry": {"type": "MultiPolygon", "coordinates": [[[[114.0435629, 22.5260061], [114.0435764, 22.5258943], [114.0437023, 22.525906], [114.0436898, 22.5260192], [114.0435629, 22.5260061]]]]}}, {"type": "Feature", "id": "way/508905272", "properties": {"tags": {"building": "residential"}, "heightStatus": "unknown", "source": "OpenStreetMap", "license": "ODbL-1.0"}, "geometry": {"type": "MultiPolygon", "coordinates": [[[[114.0435686, 22.5258885], [114.043586, 22.5257754], [114.0437196, 22.5257929], [114.0437023, 22.525906], [114.0435686, 22.5258885]]]]}}, {"type": "Feature", "id": "way/508905273", "properties": {"tags": {"building": "residential"}, "heightStatus": "unknown", "source": "OpenStreetMap", "license": "ODbL-1.0"}, "geometry": {"type": "MultiPolygon", "coordinates": [[[[114.0436927, 22.5260491], [114.0437065, 22.5259652], [114.0438217, 22.5259815], [114.0438078, 22.5260653], [114.0436927, 22.5260491]]]]}}, {"type": "Feature", "id": "way/508905274", "properties": {"tags": {"building": "residential"}, "heightStatus": "unknown", "source": "OpenStreetMap", "license": "ODbL-1.0"}, "geometry": {"type": "MultiPolygon", "coordinates": [[[[114.0437093, 22.5259397], [114.0437302, 22.5257998], [114.0438603, 22.5258164], [114.0438394, 22.5259562], [114.0437093, 22.5259397]]]]}}, {"type": "Feature", "id": "way/508905275", "properties": {"tags": {"building": "residential"}, "heightStatus": "unknown", "source": "OpenStreetMap", "license": "ODbL-1.0"}, "geometry": {"type": "MultiPolygon", "coordinates": [[[[114.0438361, 22.526073], [114.043854, 22.5259604], [114.0439911, 22.5259789], [114.0439732, 22.5260915], [114.0438361, 22.526073]]]]}}, {"type": "Feature", "id": "way/508905276", "properties": {"tags": {"building": "residential"}, "heightStatus": "unknown", "source": "OpenStreetMap", "license": "ODbL-1.0"}, "geometry": {"type": "MultiPolygon", "coordinates": [[[[114.0438511, 22.5259523], [114.043871, 22.5258158], [114.0440084, 22.5258328], [114.0439885, 22.5259694], [114.0438511, 22.5259523]]]]}}, {"type": "Feature", "id": "way/508905277", "properties": {"tags": {"building": "residential"}, "heightStatus": "unknown", "source": "OpenStreetMap", "license": "ODbL-1.0"}, "geometry": {"type": "MultiPolygon", "coordinates": [[[[114.0439944, 22.5260729], [114.0440191, 22.5258566], [114.0441368, 22.5258681], [114.044112, 22.5260844], [114.0439944, 22.5260729]]]]}}, {"type": "Feature", "id": "way/508905278", "properties": {"tags": {"building": "residential"}, "heightStatus": "unknown", "source": "OpenStreetMap", "license": "ODbL-1.0"}, "geometry": {"type": "MultiPolygon", "coordinates": [[[[114.0432544, 22.5257162], [114.0432818, 22.5255362], [114.0434089, 22.5255527], [114.0433815, 22.5257327], [114.0432544, 22.5257162]]]]}}, {"type": "Feature", "id": "way/508905279", "properties": {"tags": {"building": "residential"}, "heightStatus": "unknown", "source": "OpenStreetMap", "license": "ODbL-1.0"}, "geometry": {"type": "MultiPolygon", "coordinates": [[[[114.0434192, 22.5256124], [114.0434297, 22.5255368], [114.0435772, 22.5255542], [114.0435667, 22.5256298], [114.0434192, 22.5256124]]]]}}, {"type": "Feature", "id": "way/508905280", "properties": {"tags": {"building": "residential"}, "heightStatus": "unknown", "source": "OpenStreetMap", "license": "ODbL-1.0"}, "geometry": {"type": "MultiPolygon", "coordinates": [[[[114.0435674, 22.5257667], [114.0435929, 22.5255768], [114.0437264, 22.5255921], [114.0437009, 22.525782], [114.0435674, 22.5257667]]]]}}, {"type": "Feature", "id": "way/508905281", "properties": {"tags": {"building": "residential"}, "heightStatus": "unknown", "source": "OpenStreetMap", "license": "ODbL-1.0"}, "geometry": {"type": "MultiPolygon", "coordinates": [[[[114.0437186, 22.5257841], [114.0437433, 22.5255881], [114.0438781, 22.5256026], [114.0438534, 22.5257986], [114.0437186, 22.5257841]]]]}}, {"type": "Feature", "id": "way/508905282", "properties": {"tags": {"building": "residential"}, "heightStatus": "unknown", "source": "OpenStreetMap", "license": "ODbL-1.0"}, "geometry": {"type": "MultiPolygon", "coordinates": [[[[114.0438703, 22.5258005], [114.0438944, 22.5256223], [114.044025, 22.5256374], [114.0440009, 22.5258156], [114.0438703, 22.5258005]]]]}}, {"type": "Feature", "id": "way/508905283", "properties": {"tags": {"building": "residential"}, "heightStatus": "unknown", "source": "OpenStreetMap", "license": "ODbL-1.0"}, "geometry": {"type": "MultiPolygon", "coordinates": [[[[114.0440162, 22.5258155], [114.0440305, 22.5256543], [114.044103, 22.5256598], [114.0441765, 22.5257925], [114.0441734, 22.5258274], [114.0440162, 22.5258155]]]]}}, {"type": "Feature", "id": "way/508905284", "properties": {"tags": {"building": "residential"}, "heightStatus": "unknown", "source": "OpenStreetMap", "license": "ODbL-1.0"}, "geometry": {"type": "MultiPolygon", "coordinates": [[[[114.0432994, 22.5254956], [114.0433179, 22.5253506], [114.043425, 22.5253623], [114.0434069, 22.5255041], [114.0433111, 22.5254936], [114.0432994, 22.5254956]]]]}}, {"type": "Feature", "id": "way/508905285", "properties": {"tags": {"building": "residential"}, "heightStatus": "unknown", "source": "OpenStreetMap", "license": "ODbL-1.0"}, "geometry": {"type": "MultiPolygon", "coordinates": [[[[114.0434364, 22.5255209], [114.0434673, 22.5253317], [114.0436045, 22.5253508], [114.0435736, 22.5255401], [114.0434364, 22.5255209]]]]}}, {"type": "Feature", "id": "way/508905286", "properties": {"tags": {"building": "residential"}, "heightStatus": "unknown", "source": "OpenStreetMap", "license": "ODbL-1.0"}, "geometry": {"type": "MultiPolygon", "coordinates": [[[[114.0428189, 22.5255435], [114.0428271, 22.5254583], [114.0429388, 22.5254674], [114.0429307, 22.5255527], [114.0428189, 22.5255435]]]]}}, {"type": "Feature", "id": "way/508905287", "properties": {"tags": {"building": "residential"}, "heightStatus": "unknown", "source": "OpenStreetMap", "license": "ODbL-1.0"}, "geometry": {"type": "MultiPolygon", "coordinates": [[[[114.0428261, 22.5254491], [114.0428376, 22.5253436], [114.0429778, 22.5253566], [114.0429664, 22.5254621], [114.0428261, 22.5254491]]]]}}, {"type": "Feature", "id": "way/508905288", "properties": {"tags": {"building": "residential"}, "heightStatus": "unknown", "source": "OpenStreetMap", "license": "ODbL-1.0"}, "geometry": {"type": "MultiPolygon", "coordinates": [[[[114.0428472, 22.5253284], [114.0428579, 22.5252455], [114.0429902, 22.5252601], [114.0429794, 22.525343], [114.0428472, 22.5253284]]]]}}, {"type": "Feature", "id": "way/508905289", "properties": {"tags": {"building": "residential"}, "heightStatus": "unknown", "source": "OpenStreetMap", "license": "ODbL-1.0"}, "geometry": {"type": "MultiPolygon", "coordinates": [[[[114.0429767, 22.5254681], [114.0429963, 22.5253283], [114.0431236, 22.5253436], [114.043104, 22.5254834], [114.0429767, 22.5254681]]]]}}, {"type": "Feature", "id": "way/508905290", "properties": {"tags": {"building": "residential"}, "heightStatus": "unknown", "source": "OpenStreetMap", "license": "ODbL-1.0"}, "geometry": {"type": "MultiPolygon", "coordinates": [[[[114.0431396, 22.5254827], [114.0431678, 22.5253153], [114.0433013, 22.5253344], [114.0432731, 22.5255019], [114.0431396, 22.5254827]]]]}}, {"type": "Feature", "id": "way/508905291", "properties": {"tags": {"building": "residential"}, "heightStatus": "unknown", "source": "OpenStreetMap", "license": "ODbL-1.0"}, "geometry": {"type": "MultiPolygon", "coordinates": [[[[114.0428396, 22.5251972], [114.0428673, 22.5250219], [114.0430268, 22.5250435], [114.042999, 22.5252187], [114.0428396, 22.5251972]]]]}}, {"type": "Feature", "id": "way/508905292", "properties": {"tags": {"building": "residential"}, "heightStatus": "unknown", "source": "OpenStreetMap", "license": "ODbL-1.0"}, "geometry": {"type": "MultiPolygon", "coordinates": [[[[114.0428524, 22.5250128], [114.042866, 22.5248876], [114.0430476, 22.5249045], [114.043034, 22.5250297], [114.0428524, 22.5250128]]]]}}, {"type": "Feature", "id": "way/508905293", "properties": {"tags": {"building": "residential"}, "heightStatus": "unknown", "source": "OpenStreetMap", "license": "ODbL-1.0"}, "geometry": {"type": "MultiPolygon", "coordinates": [[[[114.0430388, 22.5250524], [114.0430595, 22.5248946], [114.043201, 22.5249104], [114.0431804, 22.5250682], [114.0430388, 22.5250524]]]]}}, {"type": "Feature", "id": "way/508905294", "properties": {"tags": {"building": "residential"}, "heightStatus": "unknown", "source": "OpenStreetMap", "license": "ODbL-1.0"}, "geometry": {"type": "MultiPolygon", "coordinates": [[[[114.0436452, 22.5251379], [114.0436777, 22.5249636], [114.0437443, 22.5249834], [114.0438092, 22.5251682], [114.0436452, 22.5251379]]]]}}, {"type": "Feature", "id": "way/508905295", "properties": {"tags": {"building": "residential"}, "heightStatus": "unknown", "source": "OpenStreetMap", "license": "ODbL-1.0"}, "geometry": {"type": "MultiPolygon", "coordinates": [[[[114.0434689, 22.5253212], [114.0434773, 22.525251], [114.0436094, 22.5252644], [114.043601, 22.5253346], [114.0434689, 22.5253212]]]]}}, {"type": "Feature", "id": "way/508905296", "properties": {"tags": {"building": "residential"}, "heightStatus": "unknown", "source": "OpenStreetMap", "license": "ODbL-1.0"}, "geometry": {"type": "MultiPolygon", "coordinates": [[[[114.0435987, 22.5255513], [114.0436239, 22.5253686], [114.043748, 22.5253831], [114.0437228, 22.5255659], [114.0435987, 22.5255513]]]]}}, {"type": "Feature", "id": "way/508905297", "properties": {"tags": {"building": "residential"}, "heightStatus": "unknown", "source": "OpenStreetMap", "license": "ODbL-1.0"}, "geometry": {"type": "MultiPolygon", "coordinates": [[[[114.0436203, 22.525354], [114.0436329, 22.5252563], [114.0437687, 22.5252713], [114.0437562, 22.5253689], [114.0436203, 22.525354]]]]}}, {"type": "Feature", "id": "way/508905298", "properties": {"tags": {"building": "residential"}, "heightStatus": "unknown", "source": "OpenStreetMap", "license": "ODbL-1.0"}, "geometry": {"type": "MultiPolygon", "coordinates": [[[[114.0436386, 22.5252486], [114.0436508, 22.5251671], [114.0437749, 22.5251829], [114.0437627, 22.5252644], [114.0436386, 22.5252486]]]]}}, {"type": "Feature", "id": "way/508905299", "properties": {"tags": {"building": "residential"}, "heightStatus": "unknown", "source": "OpenStreetMap", "license": "ODbL-1.0"}, "geometry": {"type": "MultiPolygon", "coordinates": [[[[114.0437691, 22.5253897], [114.0437988, 22.5251872], [114.0438901, 22.5251987], [114.0439945, 22.5254179], [114.0438951, 22.5254099], [114.0437691, 22.5253897]]]]}}, {"type": "Feature", "id": "way/508905300", "properties": {"tags": {"building": "residential"}, "heightStatus": "unknown", "source": "OpenStreetMap", "license": "ODbL-1.0"}, "geometry": {"type": "MultiPolygon", "coordinates": [[[[114.0437411, 22.5255724], [114.043758, 22.5253985], [114.0438951, 22.5254099], [114.0438781, 22.5255838], [114.0437411, 22.5255724]]]]}}, {"type": "Feature", "id": "way/508905301", "properties": {"tags": {"building": "residential"}, "heightStatus": "unknown", "source": "OpenStreetMap", "license": "ODbL-1.0"}, "geometry": {"type": "MultiPolygon", "coordinates": [[[[114.043892, 22.525608], [114.0439068, 22.5254265], [114.0440094, 22.5254337], [114.044086, 22.5256215], [114.043892, 22.525608]]]]}}, {"type": "Feature", "id": "way/1040162380", "properties": {"tags": {"building": "school"}, "heightStatus": "unknown", "source": "OpenStreetMap", "license": "ODbL-1.0"}, "geometry": {"type": "MultiPolygon", "coordinates": [[[[114.0379419, 22.5198986], [114.0381379, 22.5197943], [114.038123, 22.5197704], [114.0382222, 22.5197177], [114.0382556, 22.5197426], [114.0382836, 22.5197727], [114.0383053, 22.5198069], [114.0383201, 22.5198442], [114.0383274, 22.5198833], [114.038333, 22.5199123], [114.0383439, 22.5199401], [114.0383596, 22.5199658], [114.0383808, 22.5199903], [114.0382903, 22.5200385], [114.0382279, 22.5199384], [114.0380318, 22.5200428], [114.0379419, 22.5198986]]]]}}, {"type": "Feature", "id": "way/1044157164", "properties": {"tags": {"building": "yes"}, "heightStatus": "unknown", "source": "OpenStreetMap", "license": "ODbL-1.0"}, "geometry": {"type": "MultiPolygon", "coordinates": [[[[114.0366795, 22.522482], [114.0367418, 22.5223986], [114.036985, 22.5225535], [114.0369227, 22.5226369], [114.0366795, 22.522482]]]]}}, {"type": "Feature", "id": "way/1044157165", "properties": {"tags": {"amenity": "marketplace", "building": "yes", "building:levels": "1", "name": "沙尾综合市场"}, "heightStatus": "levels_only_unverified", "source": "OpenStreetMap", "license": "ODbL-1.0"}, "geometry": {"type": "MultiPolygon", "coordinates": [[[[114.0366418, 22.5221816], [114.036704, 22.522098], [114.0367161, 22.5220816], [114.0369322, 22.5217906], [114.0370321, 22.5218538], [114.0372567, 22.5219961], [114.0373621, 22.522063], [114.0371894, 22.5222955], [114.0371466, 22.5222684], [114.0370289, 22.5224269], [114.0366955, 22.5222156], [114.0366418, 22.5221816]]]]}}, {"type": "Feature", "id": "way/1044157172", "properties": {"tags": {"building": "yes", "name": "沙尾文化综合楼"}, "heightStatus": "unknown", "source": "OpenStreetMap", "license": "ODbL-1.0"}, "geometry": {"type": "MultiPolygon", "coordinates": [[[[114.0348092, 22.521276], [114.0348497, 22.5212603], [114.0351433, 22.5214362], [114.0349337, 22.5217281], [114.034896, 22.5217203], [114.0348614, 22.5216849], [114.0348092, 22.521276]]]]}}, {"type": "Feature", "id": "way/1044157175", "properties": {"tags": {"building": "residential", "building:levels": "19", "name": "星河锦居"}, "heightStatus": "levels_only_unverified", "source": "OpenStreetMap", "license": "ODbL-1.0"}, "geometry": {"type": "MultiPolygon", "coordinates": [[[[114.0388526, 22.5220353], [114.0390947, 22.5219017], [114.0392055, 22.5220731], [114.0389634, 22.5222066], [114.0388526, 22.5220353]]]]}}, {"type": "Feature", "id": "way/1044739409", "properties": {"tags": {"building": "commercial", "layer": "1", "name": "创意中心"}, "heightStatus": "unknown", "source": "OpenStreetMap", "license": "ODbL-1.0"}, "geometry": {"type": "MultiPolygon", "coordinates": [[[[114.0389063, 22.5214349], [114.0400615, 22.520793], [114.0404543, 22.5213705], [114.0400091, 22.5216249], [114.0400471, 22.5216913], [114.0395564, 22.5219539], [114.0389063, 22.5214349]]]]}}, {"type": "Feature", "id": "way/1044739417", "properties": {"tags": {"building": "hotel"}, "heightStatus": "unknown", "source": "OpenStreetMap", "license": "ODbL-1.0"}, "geometry": {"type": "MultiPolygon", "coordinates": [[[[114.0384881, 22.520349], [114.0385891, 22.520294], [114.0388312, 22.5206735], [114.0387301, 22.5207285], [114.0384881, 22.520349]]]]}}, {"type": "Feature", "id": "way/1044739425", "properties": {"tags": {"building": "apartments"}, "heightStatus": "unknown", "source": "OpenStreetMap", "license": "ODbL-1.0"}, "geometry": {"type": "MultiPolygon", "coordinates": [[[[114.0383867, 22.5237517], [114.0383911, 22.5237232], [114.0383999, 22.5236973], [114.0384441, 22.5236688], [114.0387544, 22.5235289], [114.0388133, 22.5236348], [114.0386618, 22.523715], [114.0386632, 22.5237707], [114.0389707, 22.5239433], [114.0390074, 22.5239487], [114.0390398, 22.5239378], [114.0391957, 22.5238794], [114.0392207, 22.5238604], [114.0390339, 22.5237598], [114.039031, 22.5237408], [114.0390898, 22.5236511], [114.0394531, 22.52384], [114.0394811, 22.5238618], [114.0394899, 22.5238781], [114.0394899, 22.5238971], [114.0394855, 22.5239147], [114.0394796, 22.523931], [114.039462, 22.5239474], [114.0394325, 22.5239691], [114.0390928, 22.5241362], [114.0390574, 22.5241552], [114.0390251, 22.5241552], [114.0389913, 22.5241498], [114.0384308, 22.5238196], [114.0384073, 22.5238006], [114.0383926, 22.5237802], [114.0383867, 22.5237517]]]]}}, {"type": "Feature", "id": "way/1047410322", "properties": {"tags": {"addr:housename": "金地海景花园", "addr:housename:en": "Gemdale Seaview Garden", "addr:housename:zh": "金地海景花园", "building": "apartments", "name": "15栋", "name:en": "Block 15", "name:zh": "15栋"}, "heightStatus": "unknown", "source": "OpenStreetMap", "license": "ODbL-1.0"}, "geometry": {"type": "MultiPolygon", "coordinates": [[[[114.0375636, 22.518982], [114.0377749, 22.5188689], [114.0378272, 22.5189523], [114.0376159, 22.5190654], [114.0375636, 22.518982]]]]}}, {"type": "Feature", "id": "way/1047410323", "properties": {"tags": {"addr:housename": "金地海景花园", "addr:housename:en": "Gemdale Seaview Garden", "addr:housename:zh": "金地海景花园", "building": "apartments", "name": "18栋", "name:en": "Block 18", "name:zh": "18栋"}, "heightStatus": "unknown", "source": "OpenStreetMap", "license": "ODbL-1.0"}, "geometry": {"type": "MultiPolygon", "coordinates": [[[[114.0373432, 22.5193938], [114.0379067, 22.5190921], [114.0379711, 22.5191947], [114.0374076, 22.5194964], [114.0373432, 22.5193938]]]]}}, {"type": "Feature", "id": "way/1047410330", "properties": {"tags": {"addr:housename": "金地海景花园", "addr:housename:en": "Gemdale Seaview Garden", "addr:housename:zh": "金地海景花园", "building": "apartments", "name": "12栋", "name:en": "Block 12", "name:zh": "12栋"}, "heightStatus": "unknown", "source": "OpenStreetMap", "license": "ODbL-1.0"}, "geometry": {"type": "MultiPolygon", "coordinates": [[[[114.0369985, 22.5182715], [114.037049, 22.5182445], [114.0370445, 22.5182373], [114.0371027, 22.5182062], [114.0371072, 22.5182134], [114.0372081, 22.5181593], [114.0372036, 22.5181521], [114.0372618, 22.518121], [114.0372663, 22.5181282], [114.0373168, 22.5181011], [114.0373438, 22.5181442], [114.037327, 22.5181532], [114.0373402, 22.5181742], [114.0373065, 22.5181922], [114.0373168, 22.5182087], [114.0372587, 22.5182398], [114.0372484, 22.5182234], [114.0372147, 22.5182414], [114.0372015, 22.5182204], [114.0371678, 22.5182384], [114.037181, 22.5182594], [114.0371474, 22.5182774], [114.0371577, 22.5182939], [114.0370995, 22.518325], [114.0370892, 22.5183086], [114.0370556, 22.5183266], [114.0370424, 22.5183056], [114.0370255, 22.5183146], [114.0369985, 22.5182715]]]]}}, {"type": "Feature", "id": "way/1047410331", "properties": {"tags": {"addr:housename": "金地海景花园", "addr:housename:en": "Gemdale Seaview Garden", "addr:housename:zh": "金地海景花园", "building": "apartments", "name": "13栋", "name:en": "Block 13", "name:zh": "13栋"}, "heightStatus": "unknown", "source": "OpenStreetMap", "license": "ODbL-1.0"}, "geometry": {"type": "MultiPolygon", "coordinates": [[[[114.0371304, 22.5184795], [114.0371809, 22.5184525], [114.0371764, 22.5184453], [114.0372346, 22.5184142], [114.0372391, 22.5184214], [114.03734, 22.5183673], [114.0373355, 22.5183601], [114.0373937, 22.518329], [114.0373982, 22.5183362], [114.0374487, 22.5183091], [114.0374757, 22.5183522], [114.0374589, 22.5183612], [114.0374721, 22.5183822], [114.0374384, 22.5184002], [114.0374487, 22.5184167], [114.0373905, 22.5184478], [114.0373802, 22.5184314], [114.0373466, 22.5184494], [114.0373334, 22.5184284], [114.0372997, 22.5184464], [114.0373129, 22.5184674], [114.0372793, 22.5184854], [114.0372896, 22.5185019], [114.0372314, 22.518533], [114.0372211, 22.5185166], [114.0371874, 22.5185346], [114.0371742, 22.5185136], [114.0371574, 22.5185226], [114.0371304, 22.5184795]]]]}}, {"type": "Feature", "id": "way/1047410332", "properties": {"tags": {"addr:housename": "金地海景花园", "addr:housename:en": "Gemdale Seaview Garden", "addr:housename:zh": "金地海景花园", "building": "apartments", "name": "20栋", "name:en": "Block 20", "name:zh": "20栋"}, "heightStatus": "unknown", "source": "OpenStreetMap", "license": "ODbL-1.0"}, "geometry": {"type": "MultiPolygon", "coordinates": [[[[114.0366483, 22.5187452], [114.0370131, 22.5185499], [114.0370587, 22.5186225], [114.0366939, 22.5188178], [114.0366483, 22.5187452]]]]}}, {"type": "Feature", "id": "way/1047410333", "properties": {"tags": {"addr:housename": "金地海景花园", "addr:housename:en": "Gemdale Seaview Garden", "addr:housename:zh": "金地海景花园", "building": "apartments", "name": "19栋", "name:en": "Block 19", "name:zh": "19栋"}, "heightStatus": "unknown", "source": "OpenStreetMap", "license": "ODbL-1.0"}, "geometry": {"type": "MultiPolygon", "coordinates": [[[[114.0367864, 22.5189576], [114.0371512, 22.5187623], [114.0371968, 22.518835], [114.036832, 22.5190303], [114.0367864, 22.5189576]]]]}}, {"type": "Feature", "id": "way/1047410337", "properties": {"tags": {"addr:housename": "金地海景花园", "addr:housename:en": "Gemdale Seaview Garden", "addr:housename:zh": "金地海景花园", "building": "apartments", "name": "24栋", "name:en": "Block 24", "name:zh": "24栋"}, "heightStatus": "unknown", "source": "OpenStreetMap", "license": "ODbL-1.0"}, "geometry": {"type": "MultiPolygon", "coordinates": [[[[114.0358758, 22.5185141], [114.036212, 22.5183341], [114.0362576, 22.5184067], [114.0359214, 22.5185868], [114.0358758, 22.5185141]]]]}}, {"type": "Feature", "id": "way/1047410338", "properties": {"tags": {"addr:housename": "金地海景花园", "addr:housename:en": "Gemdale Seaview Garden", "addr:housename:zh": "金地海景花园", "building": "apartments", "name": "23栋", "name:en": "Block 23", "name:zh": "23栋"}, "heightStatus": "unknown", "source": "OpenStreetMap", "license": "ODbL-1.0"}, "geometry": {"type": "MultiPolygon", "coordinates": [[[[114.035975, 22.518747], [114.0363398, 22.5185517], [114.0363854, 22.5186244], [114.0360206, 22.5188197], [114.035975, 22.518747]]]]}}, {"type": "Feature", "id": "way/1047410339", "properties": {"tags": {"addr:housename": "金地海景花园", "addr:housename:en": "Gemdale Seaview Garden", "addr:housename:zh": "金地海景花园", "building": "apartments", "name": "22栋", "name:en": "Block 22", "name:zh": "22栋"}, "heightStatus": "unknown", "source": "OpenStreetMap", "license": "ODbL-1.0"}, "geometry": {"type": "MultiPolygon", "coordinates": [[[[114.0361118, 22.5189638], [114.0364766, 22.5187685], [114.0365222, 22.5188412], [114.0361574, 22.5190365], [114.0361118, 22.5189638]]]]}}, {"type": "Feature", "id": "way/1047410345", "properties": {"tags": {"addr:housename": "金地海景花园", "addr:housename:en": "Gemdale Seaview Garden", "addr:housename:zh": "金地海景花园", "building": "apartments", "name": "14栋", "name:en": "Block 14", "name:zh": "14栋"}, "heightStatus": "unknown", "source": "OpenStreetMap", "license": "ODbL-1.0"}, "geometry": {"type": "MultiPolygon", "coordinates": [[[[114.0372477, 22.5187037], [114.0375929, 22.5185189], [114.0376385, 22.5185915], [114.0372933, 22.5187763], [114.0372477, 22.5187037]]]]}}, {"type": "Feature", "id": "way/1047410349", "properties": {"tags": {"addr:housename": "金地海景花园", "addr:housename:en": "Gemdale Seaview Garden", "addr:housename:zh": "金地海景花园", "building": "apartments", "building:levels": "32", "name": "25栋", "name:en": "Block 25", "name:zh": "25栋"}, "heightStatus": "levels_only_unverified", "source": "OpenStreetMap", "license": "ODbL-1.0"}, "geometry": {"type": "MultiPolygon", "coordinates": [[[[114.035744, 22.5181636], [114.0357499, 22.5181398], [114.0357574, 22.5181157], [114.0357682, 22.5180927], [114.0357768, 22.5180809], [114.0357896, 22.5180729], [114.0358047, 22.5180701], [114.0358502, 22.518071], [114.035852, 22.5180566], [114.0358602, 22.5180442], [114.0358733, 22.5180361], [114.0358888, 22.5180338], [114.0359039, 22.5180378], [114.0359648, 22.5180554], [114.0359852, 22.5180662], [114.0360015, 22.5180818], [114.0360126, 22.518101], [114.0360175, 22.5181222], [114.0360159, 22.5181438], [114.0360622, 22.5181423], [114.0360411, 22.5181979], [114.036072, 22.5182079], [114.0360599, 22.5182397], [114.036029, 22.5182297], [114.0360234, 22.5182445], [114.0359822, 22.5182311], [114.035989, 22.5182132], [114.0359463, 22.5181994], [114.0359197, 22.5182693], [114.0359402, 22.5182759], [114.0359253, 22.5183153], [114.0359047, 22.5183086], [114.0358908, 22.5183454], [114.0358283, 22.5183251], [114.0358368, 22.5183026], [114.0357721, 22.5182816], [114.0357844, 22.5182494], [114.0357656, 22.5182323], [114.0357521, 22.5182114], [114.0357447, 22.5181879], [114.035744, 22.5181636]]]]}}, {"type": "Feature", "id": "way/1047410351", "properties": {"tags": {"addr:housename": "绿景蓝湾半岛", "addr:housename:en": "Lujing Lanwan Bandao", "addr:housename:zh": "绿景蓝湾半岛", "building": "apartments", "building:levels": "33", "name": "B栋", "name:en": "Block B", "name:zh": "B栋"}, "heightStatus": "levels_only_unverified", "source": "OpenStreetMap", "license": "ODbL-1.0"}, "geometry": {"type": "MultiPolygon", "coordinates": [[[[114.0348917, 22.5180228], [114.0351654, 22.5178668], [114.0352065, 22.5179283], [114.0351604, 22.5179546], [114.0351852, 22.5179918], [114.0352205, 22.5179994], [114.0352283, 22.5179684], [114.0353128, 22.5179866], [114.0353039, 22.5180219], [114.0353724, 22.5180366], [114.0353646, 22.5180672], [114.0354003, 22.5180749], [114.0353798, 22.5181563], [114.035214, 22.5181206], [114.0352209, 22.5180933], [114.0351547, 22.5180791], [114.0351019, 22.5181092], [114.0350859, 22.5181702], [114.0351154, 22.5181768], [114.0350756, 22.5183297], [114.0349876, 22.5183101], [114.0349961, 22.5182772], [114.0349631, 22.5182698], [114.0349796, 22.5182067], [114.0349414, 22.5181982], [114.0349617, 22.5181203], [114.0349953, 22.5181277], [114.0350038, 22.5180952], [114.0349789, 22.518058], [114.0349328, 22.5180843], [114.0348917, 22.5180228]]]]}}, {"type": "Feature", "id": "way/1049242687", "properties": {"tags": {"addr:housename": "金海·丽名居", "addr:housename:en": "Jinhai Li Mingju", "addr:housename:zh": "金海·丽名居", "building": "apartments", "building:levels": "22", "name": "A2栋", "name:en": "Block A2", "name:zh": "A2栋"}, "heightStatus": "levels_only_unverified", "source": "OpenStreetMap", "license": "ODbL-1.0"}, "geometry": {"type": "MultiPolygon", "coordinates": [[[[114.0365717, 22.5195601], [114.0366398, 22.5195237], [114.0365969, 22.5194553], [114.0367255, 22.5193864], [114.0367684, 22.5194548], [114.0368375, 22.5194178], [114.0368965, 22.5195119], [114.0366509, 22.5196434], [114.0366169, 22.5195892], [114.0365967, 22.5196], [114.0365717, 22.5195601]]]]}}, {"type": "Feature", "id": "way/1049242688", "properties": {"tags": {"addr:housename": "绿景蓝湾半岛", "addr:housename:en": "Lujing Lanwan Bandao", "addr:housename:zh": "绿景蓝湾半岛", "building": "apartments", "building:levels": "33", "name": "C栋", "name:en": "Block C", "name:zh": "C栋"}, "heightStatus": "levels_only_unverified", "source": "OpenStreetMap", "license": "ODbL-1.0"}, "geometry": {"type": "MultiPolygon", "coordinates": [[[[114.0346673, 22.5190693], [114.0346875, 22.5189314], [114.0347553, 22.5189399], [114.0347481, 22.5189893], [114.0347722, 22.5189923], [114.0347671, 22.5190272], [114.0347858, 22.5190296], [114.0348572, 22.5189794], [114.0348597, 22.5189621], [114.0348219, 22.5189574], [114.0348252, 22.5189351], [114.0347717, 22.5189284], [114.0347809, 22.5188658], [114.0349302, 22.5188845], [114.0349218, 22.5189415], [114.0350269, 22.5189547], [114.0350208, 22.5189959], [114.0350748, 22.5190026], [114.03507, 22.5190353], [114.0351288, 22.5190427], [114.0351178, 22.5191171], [114.0350279, 22.5191058], [114.0350337, 22.5190665], [114.0349101, 22.519051], [114.0348464, 22.5190958], [114.0348296, 22.5192099], [114.0348722, 22.5192153], [114.03486, 22.5192984], [114.0347794, 22.5192883], [114.0347874, 22.519234], [114.034752, 22.5192296], [114.0347594, 22.5191797], [114.0347148, 22.5191741], [114.034729, 22.519077], [114.0346673, 22.5190693]]]]}}, {"type": "Feature", "id": "way/1049242690", "properties": {"tags": {"addr:housename": "全海花园", "addr:housename:en": "Quanhai Garden", "addr:housename:zh": "全海花园", "building": "apartments", "name": "2栋", "name:en": "Block 2", "name:zh": "2栋"}, "heightStatus": "unknown", "source": "OpenStreetMap", "license": "ODbL-1.0"}, "geometry": {"type": "MultiPolygon", "coordinates": [[[[114.0379909, 22.5187567], [114.0380007, 22.51872], [114.0380223, 22.518725], [114.0380486, 22.5187103], [114.0380287, 22.5186799], [114.0380681, 22.518658], [114.0380761, 22.5186703], [114.0381621, 22.5186225], [114.038154, 22.5186101], [114.0382613, 22.5185503], [114.0382694, 22.5185627], [114.0383553, 22.5185148], [114.0383473, 22.5185024], [114.0383866, 22.5184805], [114.0384064, 22.518511], [114.0384327, 22.5184963], [114.0384381, 22.5184763], [114.0384778, 22.5184854], [114.0384738, 22.5185003], [114.0384948, 22.5185324], [114.0385189, 22.5185189], [114.038568, 22.518594], [114.0384757, 22.5186454], [114.038453, 22.5186106], [114.0384682, 22.5186021], [114.0384372, 22.5185547], [114.0384014, 22.5185746], [114.0384151, 22.5185957], [114.0381406, 22.5187486], [114.0381269, 22.5187276], [114.0380927, 22.5187466], [114.0381237, 22.5187941], [114.038141, 22.5187844], [114.0381712, 22.5188307], [114.0381164, 22.5188612], [114.0381089, 22.5188498], [114.038077, 22.5188676], [114.038007, 22.5187603], [114.0379909, 22.5187567]]]]}}, {"type": "Feature", "id": "way/1050452899", "properties": {"tags": {"addr:housename": "益田村", "addr:housename:zh": "益田村", "building": "apartments", "name": "81栋", "name:zh": "81栋"}, "heightStatus": "unknown", "source": "OpenStreetMap", "license": "ODbL-1.0"}, "geometry": {"type": "MultiPolygon", "coordinates": [[[[114.0430289, 22.518522], [114.0430784, 22.5185035], [114.0430751, 22.518496], [114.0431437, 22.5184703], [114.043146, 22.5184844], [114.0431978, 22.5184653], [114.0432114, 22.5184967], [114.0431967, 22.5185021], [114.0432076, 22.5185271], [114.0431868, 22.5185348], [114.0432021, 22.5185701], [114.043259, 22.518549], [114.0432868, 22.518613], [114.0432344, 22.5186324], [114.0432404, 22.5186461], [114.043133, 22.5186859], [114.0431261, 22.5186699], [114.0430797, 22.5186871], [114.0430515, 22.5186223], [114.0431127, 22.5185995], [114.0430982, 22.5185663], [114.0430734, 22.5185755], [114.0430642, 22.5185544], [114.0430461, 22.5185612], [114.0430289, 22.518522]]]]}}, {"type": "Feature", "id": "way/1050452900", "properties": {"tags": {"addr:housename": "益田村", "addr:housename:zh": "益田村", "building": "apartments", "name": "80栋", "name:zh": "80栋"}, "heightStatus": "unknown", "source": "OpenStreetMap", "license": "ODbL-1.0"}, "geometry": {"type": "MultiPolygon", "coordinates": [[[[114.0433223, 22.5183901], [114.0433718, 22.5183716], [114.0433685, 22.5183641], [114.0434371, 22.5183385], [114.0434394, 22.5183526], [114.0434912, 22.5183335], [114.0435048, 22.5183649], [114.0434901, 22.5183703], [114.0435009, 22.5183953], [114.0434801, 22.518403], [114.0434954, 22.5184382], [114.0435524, 22.5184172], [114.0435802, 22.5184812], [114.0435278, 22.5185006], [114.0435338, 22.5185143], [114.0434264, 22.5185541], [114.0434194, 22.518538], [114.0433731, 22.5185553], [114.0433449, 22.5184905], [114.0434061, 22.5184677], [114.0433916, 22.5184344], [114.0433668, 22.5184437], [114.0433576, 22.5184226], [114.0433394, 22.5184294], [114.0433223, 22.5183901]]]]}}, {"type": "Feature", "id": "way/1050452901", "properties": {"tags": {"addr:housename": "益田村", "addr:housename:zh": "益田村", "building": "apartments", "name": "79栋", "name:zh": "79栋"}, "heightStatus": "unknown", "source": "OpenStreetMap", "license": "ODbL-1.0"}, "geometry": {"type": "MultiPolygon", "coordinates": [[[[114.0436054, 22.5182769], [114.043655, 22.5182584], [114.0436517, 22.5182509], [114.0437203, 22.5182252], [114.0437225, 22.5182393], [114.0437744, 22.5182202], [114.043788, 22.5182516], [114.0437733, 22.518257], [114.0437841, 22.518282], [114.0437633, 22.5182897], [114.0437786, 22.518325], [114.0438356, 22.5183039], [114.0438633, 22.5183679], [114.043811, 22.5183873], [114.0438169, 22.518401], [114.0437096, 22.5184408], [114.0437026, 22.5184248], [114.0436563, 22.518442], [114.043628, 22.5183772], [114.0436892, 22.5183544], [114.0436747, 22.5183212], [114.04365, 22.5183304], [114.0436408, 22.5183093], [114.0436226, 22.5183161], [114.0436054, 22.5182769]]]]}}, {"type": "Feature", "id": "way/1050452922", "properties": {"tags": {"addr:housename": "益田村", "addr:housename:zh": "益田村", "building": "apartments", "name": "120栋", "name:zh": "120栋"}, "heightStatus": "unknown", "source": "OpenStreetMap", "license": "ODbL-1.0"}, "geometry": {"type": "MultiPolygon", "coordinates": [[[[114.0434614, 22.5194692], [114.0434799, 22.5194605], [114.0434696, 22.519442], [114.0435031, 22.5194261], [114.0434933, 22.5194086], [114.043738, 22.5192926], [114.0437477, 22.5193101], [114.043805, 22.5192829], [114.0438418, 22.5193491], [114.0437234, 22.5194053], [114.0437396, 22.5194344], [114.0438586, 22.5193779], [114.043896, 22.5194452], [114.0438451, 22.5194694], [114.0438538, 22.519485], [114.0435639, 22.5196225], [114.0435436, 22.519586], [114.0435299, 22.5195925], [114.0435041, 22.5195461], [114.043596, 22.5195025], [114.0435798, 22.5194734], [114.0434879, 22.5195169], [114.0434614, 22.5194692]]]]}}, {"type": "Feature", "id": "way/1050452932", "properties": {"tags": {"addr:housename": "全海花园", "addr:housename:en": "Quanhai Garden", "addr:housename:zh": "全海花园", "building": "apartments", "name": "1栋", "name:en": "Block 1", "name:zh": "1栋"}, "heightStatus": "unknown", "source": "OpenStreetMap", "license": "ODbL-1.0"}, "geometry": {"type": "MultiPolygon", "coordinates": [[[[114.0387225, 22.5183583], [114.0387323, 22.5183217], [114.038754, 22.5183266], [114.0387803, 22.518312], [114.0387604, 22.5182815], [114.0387997, 22.5182596], [114.0388078, 22.518272], [114.0388938, 22.5182241], [114.0388857, 22.5182117], [114.038993, 22.518152], [114.039001, 22.5181644], [114.039087, 22.5181165], [114.0390789, 22.5181041], [114.0391182, 22.5180822], [114.0391381, 22.5181126], [114.0391644, 22.518098], [114.0391698, 22.518078], [114.0392094, 22.5180871], [114.0392054, 22.5181019], [114.0392264, 22.5181341], [114.0392506, 22.5181206], [114.0392996, 22.5181957], [114.0392073, 22.5182471], [114.0391846, 22.5182123], [114.0391999, 22.5182038], [114.0391689, 22.5181563], [114.0391331, 22.5181763], [114.0391468, 22.5181973], [114.0388723, 22.5183503], [114.0388586, 22.5183292], [114.0388244, 22.5183483], [114.0388554, 22.5183957], [114.0388727, 22.5183861], [114.0389028, 22.5184323], [114.0388481, 22.5184628], [114.0388406, 22.5184514], [114.0388086, 22.5184692], [114.0387386, 22.518362], [114.0387225, 22.5183583]]]]}}, {"type": "Feature", "id": "way/1050452933", "properties": {"tags": {"addr:housename": "金海·丽名居", "addr:housename:en": "Jinhai Li Mingju", "addr:housename:zh": "金海·丽名居", "building": "apartments", "building:levels": "22", "name": "B1栋", "name:en": "Block B1", "name:zh": "B1栋"}, "heightStatus": "levels_only_unverified", "source": "OpenStreetMap", "license": "ODbL-1.0"}, "geometry": {"type": "MultiPolygon", "coordinates": [[[[114.0371449, 22.519691], [114.0371835, 22.5196703], [114.0372014, 22.5196989], [114.0372445, 22.5196758], [114.0372266, 22.5196473], [114.0372651, 22.5196266], [114.0373402, 22.5197462], [114.0373735, 22.5197284], [114.0374116, 22.5197891], [114.0372247, 22.5198892], [114.0371866, 22.5198284], [114.0372199, 22.5198106], [114.0371449, 22.519691]]]]}}, {"type": "Feature", "id": "way/1050452934", "properties": {"tags": {"building": "hospital", "name": "5号楼", "name:en": "Building 5", "name:zh": "5号楼"}, "heightStatus": "unknown", "source": "OpenStreetMap", "license": "ODbL-1.0"}, "geometry": {"type": "MultiPolygon", "coordinates": [[[[114.0435237, 22.5208583], [114.0441192, 22.520525], [114.0443621, 22.5208952], [114.0441579, 22.5210095], [114.0440614, 22.5208625], [114.0439196, 22.5209418], [114.0440161, 22.5210889], [114.0437666, 22.5212286], [114.0435237, 22.5208583]]]]}}, {"type": "Feature", "id": "way/1050517779", "properties": {"tags": {"building": "yes", "name": "中国电信大厦"}, "heightStatus": "unknown", "source": "OpenStreetMap", "license": "ODbL-1.0"}, "geometry": {"type": "MultiPolygon", "coordinates": [[[[114.0420226, 22.5200688], [114.0420285, 22.5200526], [114.0420436, 22.5200353], [114.0421452, 22.5199836], [114.0421802, 22.5200364], [114.0421429, 22.5200569], [114.0422433, 22.520195], [114.0422923, 22.5202057], [114.0424663, 22.5201044], [114.0424896, 22.5200299], [114.0424756, 22.520003], [114.0425048, 22.5199868], [114.0425842, 22.5201151], [114.0425702, 22.5201766], [114.0422736, 22.5203319], [114.0422211, 22.520319], [114.0421814, 22.5202467], [114.0421452, 22.5202651], [114.0420308, 22.5200914], [114.0420226, 22.5200688]]]]}}, {"type": "Feature", "id": "way/1050517780", "properties": {"tags": {"building": "apartments", "name": "高发佳苑"}, "heightStatus": "unknown", "source": "OpenStreetMap", "license": "ODbL-1.0"}, "geometry": {"type": "MultiPolygon", "coordinates": [[[[114.0418421, 22.5196244], [114.0418853, 22.5195971], [114.0419054, 22.5196244], [114.0419424, 22.5196011], [114.0419266, 22.5195798], [114.0419541, 22.5195625], [114.0419729, 22.5195879], [114.042031, 22.5195515], [114.042024, 22.519542], [114.0420263, 22.5195406], [114.0420453, 22.5195677], [114.0421142, 22.5195265], [114.0421007, 22.5195071], [114.0421136, 22.5194994], [114.0421273, 22.5195193], [114.0421501, 22.5195058], [114.0423177, 22.5197491], [114.042236, 22.519797], [114.0422146, 22.5197658], [114.0422049, 22.5197715], [114.0422282, 22.5198055], [114.0421799, 22.5198337], [114.0421615, 22.519807], [114.0421303, 22.5198252], [114.0421447, 22.5198462], [114.0421089, 22.5198671], [114.0420903, 22.5198401], [114.0420658, 22.5198545], [114.0420834, 22.5198801], [114.0420147, 22.5199203], [114.0419451, 22.5198191], [114.041981, 22.519798], [114.0419892, 22.5197721], [114.0420361, 22.5197459], [114.0420046, 22.519698], [114.0419719, 22.5197163], [114.0419642, 22.5197045], [114.042032, 22.5196665], [114.0420906, 22.519756], [114.0421757, 22.5197084], [114.0420997, 22.5195924], [114.0418956, 22.5197066], [114.0419034, 22.5197185], [114.0418902, 22.5197259], [114.0418421, 22.5196524], [114.0418421, 22.5196244]]]]}}, {"type": "Feature", "id": "way/1050517782", "properties": {"tags": {"addr:housename": "益田村", "addr:housename:zh": "益田村", "building": "apartments", "name": "74栋", "name:zh": "74栋"}, "heightStatus": "unknown", "source": "OpenStreetMap", "license": "ODbL-1.0"}, "geometry": {"type": "MultiPolygon", "coordinates": [[[[114.0422991, 22.518116], [114.0426004, 22.5179857], [114.0426384, 22.5180607], [114.0423371, 22.518191], [114.0422991, 22.518116]]]]}}, {"type": "Feature", "id": "way/1050517783", "properties": {"tags": {"addr:housename": "益田村", "addr:housename:zh": "益田村", "building": "apartments", "name": "77栋", "name:zh": "77栋"}, "heightStatus": "unknown", "source": "OpenStreetMap", "license": "ODbL-1.0"}, "geometry": {"type": "MultiPolygon", "coordinates": [[[[114.0424542, 22.5183962], [114.0427555, 22.5182659], [114.0427935, 22.518341], [114.0424922, 22.5184713], [114.0424542, 22.5183962]]]]}}, {"type": "Feature", "id": "way/1050517784", "properties": {"tags": {"addr:housename": "益田村", "addr:housename:zh": "益田村", "building": "apartments", "name": "76栋", "name:zh": "76栋"}, "heightStatus": "unknown", "source": "OpenStreetMap", "license": "ODbL-1.0"}, "geometry": {"type": "MultiPolygon", "coordinates": [[[[114.0428462, 22.51829], [114.0431474, 22.5181597], [114.0431855, 22.5182347], [114.0428842, 22.518365], [114.0428462, 22.51829]]]]}}, {"type": "Feature", "id": "way/1050517786", "properties": {"tags": {"addr:housename": "益田村", "addr:housename:zh": "益田村", "building": "apartments", "name": "78栋", "name:zh": "78栋"}, "heightStatus": "unknown", "source": "OpenStreetMap", "license": "ODbL-1.0"}, "geometry": {"type": "MultiPolygon", "coordinates": [[[[114.0439332, 22.5181789], [114.0444114, 22.5179767], [114.0444366, 22.5180274], [114.0444468, 22.5180231], [114.0444705, 22.5180709], [114.0439645, 22.5182848], [114.0439394, 22.5182342], [114.0439569, 22.5182268], [114.0439332, 22.5181789]]]]}}, {"type": "Feature", "id": "way/1050517805", "properties": {"tags": {"building": "yes", "old_name": "深圳市福田区人口和计划生育服务中心"}, "heightStatus": "unknown", "source": "OpenStreetMap", "license": "ODbL-1.0"}, "geometry": {"type": "MultiPolygon", "coordinates": [[[[114.0431206, 22.5218214], [114.0433472, 22.5216981], [114.0433973, 22.5217766], [114.0432387, 22.5218629], [114.043273, 22.5219167], [114.043361, 22.5218689], [114.043399, 22.5219286], [114.0434608, 22.521895], [114.0434362, 22.5218564], [114.0435663, 22.5217857], [114.0436728, 22.5219529], [114.0434517, 22.5220731], [114.0434305, 22.5220397], [114.0433767, 22.522069], [114.0433656, 22.5220516], [114.0433124, 22.5220805], [114.0432539, 22.5219886], [114.0432341, 22.5219994], [114.0431206, 22.5218214]]]]}}, {"type": "Feature", "id": "way/1051226055", "properties": {"tags": {"addr:housename": "绿景蓝湾半岛", "addr:housename:en": "Lujing Lanwan Bandao", "addr:housename:zh": "绿景蓝湾半岛", "building": "apartments", "building:levels": "33", "name": "E栋", "name:en": "Block E", "name:zh": "E栋"}, "heightStatus": "levels_only_unverified", "source": "OpenStreetMap", "license": "ODbL-1.0"}, "geometry": {"type": "MultiPolygon", "coordinates": [[[[114.0349898, 22.519695], [114.0351213, 22.5195678], [114.0351705, 22.5196112], [114.0351394, 22.5196414], [114.0351628, 22.519662], [114.0351925, 22.5196614], [114.0351912, 22.5196087], [114.0352374, 22.5196077], [114.0352382, 22.5196385], [114.0353398, 22.5196363], [114.0353628, 22.5196634], [114.0353644, 22.519727], [114.0351943, 22.5197306], [114.0351693, 22.5197548], [114.0351732, 22.519912], [114.0351044, 22.5199135], [114.035074, 22.5198935], [114.0350716, 22.5197996], [114.0350383, 22.5198003], [114.0350372, 22.5197576], [114.0350943, 22.5197564], [114.0350936, 22.519729], [114.0350702, 22.5197083], [114.0350391, 22.5197385], [114.0349898, 22.519695]]]]}}, {"type": "Feature", "id": "way/1051226056", "properties": {"tags": {"addr:housename": "绿景蓝湾半岛", "addr:housename:en": "Lujing Lanwan Bandao", "addr:housename:zh": "绿景蓝湾半岛", "building": "apartments", "building:levels": "33", "name": "D栋", "name:en": "Block D", "name:zh": "D栋"}, "heightStatus": "levels_only_unverified", "source": "OpenStreetMap", "license": "ODbL-1.0"}, "geometry": {"type": "MultiPolygon", "coordinates": [[[[114.0347565, 22.5200419], [114.0348434, 22.5198854], [114.034904, 22.5199141], [114.0348834, 22.5199511], [114.0349122, 22.5199648], [114.0349405, 22.5199564], [114.034923, 22.5199062], [114.0349669, 22.5198931], [114.0349772, 22.5199224], [114.035074, 22.5198935], [114.0351044, 22.5199135], [114.0351255, 22.519974], [114.0349635, 22.5200223], [114.034947, 22.520052], [114.0349883, 22.5201704], [114.0349626, 22.520178], [114.0349719, 22.5202047], [114.0349036, 22.520225], [114.0348672, 22.5201206], [114.0348355, 22.5201301], [114.0348213, 22.5200895], [114.0348756, 22.5200733], [114.0348665, 22.5200472], [114.0348377, 22.5200335], [114.0348171, 22.5200706], [114.0347565, 22.5200419]]]]}}, {"type": "Feature", "id": "way/1051226057", "properties": {"tags": {"addr:housename": "绿景蓝湾半岛", "addr:housename:en": "Lujing Lanwan Bandao", "addr:housename:zh": "绿景蓝湾半岛", "building": "apartments", "building:levels": "33", "name": "F栋", "name:en": "Block F", "name:zh": "F栋"}, "heightStatus": "levels_only_unverified", "source": "OpenStreetMap", "license": "ODbL-1.0"}, "geometry": {"type": "MultiPolygon", "coordinates": [[[[114.0353203, 22.5194238], [114.0354856, 22.5193365], [114.0355194, 22.5193911], [114.0354803, 22.5194118], [114.0354964, 22.5194377], [114.035525, 22.5194449], [114.03554, 22.519394], [114.0355846, 22.5194052], [114.0355758, 22.5194349], [114.035674, 22.5194596], [114.0356877, 22.5194916], [114.0356696, 22.519553], [114.0355054, 22.5195117], [114.0354739, 22.5195284], [114.0354293, 22.5196801], [114.0353628, 22.5196634], [114.0353398, 22.5196363], [114.0353665, 22.5195456], [114.0353344, 22.5195375], [114.0353465, 22.5194963], [114.0354016, 22.5195102], [114.0354094, 22.5194837], [114.0353933, 22.5194577], [114.0353542, 22.5194784], [114.0353203, 22.5194238]]]]}}, {"type": "Feature", "id": "way/1051226058", "properties": {"tags": {"addr:housename": "绿景蓝湾半岛", "addr:housename:en": "Lujing Lanwan Bandao", "addr:housename:zh": "绿景蓝湾半岛", "building": "apartments", "building:levels": "33", "name": "G栋", "name:en": "Block G", "name:zh": "G栋"}, "heightStatus": "levels_only_unverified", "source": "OpenStreetMap", "license": "ODbL-1.0"}, "geometry": {"type": "MultiPolygon", "coordinates": [[[[114.035674, 22.5194596], [114.0357275, 22.5193797], [114.0356992, 22.5193635], [114.0357235, 22.5193272], [114.035772, 22.5193549], [114.0357877, 22.5193316], [114.0357803, 22.5193025], [114.0357364, 22.519312], [114.0357207, 22.5192508], [114.0359061, 22.5192105], [114.0359217, 22.5192717], [114.0358778, 22.5192813], [114.0358852, 22.5193104], [114.0359105, 22.5193248], [114.0359405, 22.51928], [114.0359798, 22.5193024], [114.0359623, 22.5193286], [114.0360633, 22.5193863], [114.0360255, 22.5194427], [114.0359997, 22.519428], [114.0359855, 22.5194491], [114.035871, 22.5193837], [114.0358358, 22.5193914], [114.0357462, 22.5195251], [114.0356877, 22.5194916], [114.035674, 22.5194596]]]]}}, {"type": "Feature", "id": "way/1051226071", "properties": {"tags": {"addr:housename": "金地海景花园", "addr:housename:en": "Gemdale Seaview Garden", "addr:housename:zh": "金地海景花园", "building": "apartments", "name": "5栋", "name:en": "Block 5", "name:zh": "5栋"}, "heightStatus": "unknown", "source": "OpenStreetMap", "license": "ODbL-1.0"}, "geometry": {"type": "MultiPolygon", "coordinates": [[[[114.0376522, 22.5182178], [114.0377014, 22.5181914], [114.0376555, 22.5181182], [114.0377937, 22.5180442], [114.0378396, 22.5181174], [114.0378888, 22.5180911], [114.037921, 22.5181425], [114.0379049, 22.5181511], [114.0379245, 22.5181823], [114.0377201, 22.5182918], [114.0377005, 22.5182605], [114.0376844, 22.5182691], [114.0376522, 22.5182178]]]]}}, {"type": "Feature", "id": "way/1051226072", "properties": {"tags": {"addr:housename": "金地海景花园", "addr:housename:en": "Gemdale Seaview Garden", "addr:housename:zh": "金地海景花园", "building": "apartments", "name": "1栋", "name:en": "Block 1", "name:zh": "1栋"}, "heightStatus": "unknown", "source": "OpenStreetMap", "license": "ODbL-1.0"}, "geometry": {"type": "MultiPolygon", "coordinates": [[[[114.0380178, 22.5182244], [114.0381479, 22.5181547], [114.0381915, 22.5182243], [114.0382572, 22.5181892], [114.0382135, 22.5181196], [114.0383436, 22.51805], [114.0383873, 22.5181195], [114.0384529, 22.5180844], [114.0384092, 22.5180148], [114.0385394, 22.5179452], [114.038583, 22.5180147], [114.0386158, 22.5179972], [114.0386545, 22.5180588], [114.0386347, 22.5180694], [114.0386413, 22.51808], [114.0384852, 22.5181636], [114.0384786, 22.518153], [114.0384389, 22.5181742], [114.0384456, 22.5181848], [114.0382895, 22.5182684], [114.0382829, 22.5182578], [114.0382432, 22.518279], [114.0382498, 22.5182896], [114.0380938, 22.5183731], [114.0380871, 22.5183626], [114.0380673, 22.5183732], [114.0380286, 22.5183115], [114.0380614, 22.518294], [114.0380178, 22.5182244]]]]}}, {"type": "Feature", "id": "way/1051226073", "properties": {"tags": {"building": "school"}, "heightStatus": "unknown", "source": "OpenStreetMap", "license": "ODbL-1.0"}, "geometry": {"type": "MultiPolygon", "coordinates": [[[[114.0378991, 22.52024], [114.0380483, 22.5201606], [114.0380731, 22.5202004], [114.038312, 22.5200732], [114.0382903, 22.5200385], [114.0383808, 22.5199903], [114.0384025, 22.520025], [114.0384808, 22.5199833], [114.0385284, 22.5200597], [114.0379715, 22.5203562], [114.0378991, 22.52024]]]]}}, {"type": "Feature", "id": "way/1052020221", "properties": {"tags": {"addr:housename": "金享楼", "addr:housename:en": "Jinxiang Building", "addr:housename:zh": "金享楼", "building": "commercial", "building:levels": "8", "name": "3栋", "name:en": "Block 3", "name:zh": "3栋"}, "heightStatus": "levels_only_unverified", "source": "OpenStreetMap", "license": "ODbL-1.0"}, "geometry": {"type": "MultiPolygon", "coordinates": [[[[114.0391006, 22.5189971], [114.039251, 22.5189143], [114.0396217, 22.5194884], [114.0394715, 22.5195712], [114.0391006, 22.5189971]]]]}}, {"type": "Feature", "id": "way/1052020222", "properties": {"tags": {"addr:housename": "金享楼", "addr:housename:en": "Jinxiang Building", "addr:housename:zh": "金享楼", "building": "commercial", "building:levels": "8", "name": "2栋", "name:en": "Block 2", "name:zh": "2栋"}, "heightStatus": "levels_only_unverified", "source": "OpenStreetMap", "license": "ODbL-1.0"}, "geometry": {"type": "MultiPolygon", "coordinates": [[[[114.0393394, 22.5188719], [114.0394897, 22.518789], [114.0398605, 22.5193631], [114.0397102, 22.5194459], [114.0393394, 22.5188719]]]]}}, {"type": "Feature", "id": "way/1052020223", "properties": {"tags": {"addr:housename": "金享楼", "addr:housename:en": "Jinxiang Building", "addr:housename:zh": "金享楼", "building": "commercial", "building:levels": "8", "name": "1栋", "name:en": "Block 1", "name:zh": "1栋"}, "heightStatus": "levels_only_unverified", "source": "OpenStreetMap", "license": "ODbL-1.0"}, "geometry": {"type": "MultiPolygon", "coordinates": [[[[114.0395321, 22.518764], [114.0396825, 22.5186812], [114.0400532, 22.5192553], [114.039903, 22.5193381], [114.0395321, 22.518764]]]]}}, {"type": "Feature", "id": "way/1052169361", "properties": {"tags": {"building": "apartments"}, "heightStatus": "unknown", "source": "OpenStreetMap", "license": "ODbL-1.0"}, "geometry": {"type": "MultiPolygon", "coordinates": [[[[114.0440273, 22.5241967], [114.0441207, 22.5241662], [114.0441562, 22.5242591], [114.0440628, 22.5242896], [114.0440273, 22.5241967]]]]}}, {"type": "Feature", "id": "way/1052169362", "properties": {"tags": {"building": "apartments"}, "heightStatus": "unknown", "source": "OpenStreetMap", "license": "ODbL-1.0"}, "geometry": {"type": "MultiPolygon", "coordinates": [[[[114.0441237, 22.524133], [114.0443005, 22.5240679], [114.0443479, 22.5241777], [114.044171, 22.5242428], [114.0441237, 22.524133]]]]}}, {"type": "Feature", "id": "way/1052169363", "properties": {"tags": {"building": "apartments"}, "heightStatus": "unknown", "source": "OpenStreetMap", "license": "ODbL-1.0"}, "geometry": {"type": "MultiPolygon", "coordinates": [[[[114.0443141, 22.5240553], [114.0444442, 22.5240072], [114.0444913, 22.5241158], [114.0443612, 22.5241639], [114.0443141, 22.5240553]]]]}}, {"type": "Feature", "id": "way/1052197172", "properties": {"tags": {"building": "apartments"}, "heightStatus": "unknown", "source": "OpenStreetMap", "license": "ODbL-1.0"}, "geometry": {"type": "MultiPolygon", "coordinates": [[[[114.0437362, 22.5221982], [114.0438585, 22.5221647], [114.0439029, 22.5223029], [114.0437806, 22.5223364], [114.0437362, 22.5221982]]]]}}, {"type": "Feature", "id": "way/1052197173", "properties": {"tags": {"building": "apartments"}, "heightStatus": "unknown", "source": "OpenStreetMap", "license": "ODbL-1.0"}, "geometry": {"type": "MultiPolygon", "coordinates": [[[[114.0438725, 22.5221645], [114.0439725, 22.522139], [114.0440172, 22.5222885], [114.0439172, 22.522314], [114.0438725, 22.5221645]]]]}}, {"type": "Feature", "id": "way/1054118580", "properties": {"tags": {"building": "yes"}, "heightStatus": "unknown", "source": "OpenStreetMap", "license": "ODbL-1.0"}, "geometry": {"type": "MultiPolygon", "coordinates": [[[[114.0402888, 22.5230237], [114.0406419, 22.5228502], [114.040677, 22.5229112], [114.0406604, 22.5229194], [114.0406817, 22.5229563], [114.040701, 22.5229468], [114.0407365, 22.5230085], [114.0403883, 22.5231797], [114.0403596, 22.5231299], [114.0403826, 22.5231186], [114.040354, 22.523069], [114.0403235, 22.523084], [114.0402888, 22.5230237]]]]}}, {"type": "Feature", "id": "way/1054118581", "properties": {"tags": {"building": "yes"}, "heightStatus": "unknown", "source": "OpenStreetMap", "license": "ODbL-1.0"}, "geometry": {"type": "MultiPolygon", "coordinates": [[[[114.0411416, 22.5231437], [114.0411598, 22.5230416], [114.0415401, 22.5230997], [114.0415218, 22.5232017], [114.0411416, 22.5231437]]]]}}, {"type": "Feature", "id": "way/1054118582", "properties": {"tags": {"building": "yes"}, "heightStatus": "unknown", "source": "OpenStreetMap", "license": "ODbL-1.0"}, "geometry": {"type": "MultiPolygon", "coordinates": [[[[114.041724, 22.5228779], [114.0422184, 22.5226453], [114.042283, 22.5227624], [114.0421132, 22.5228424], [114.0421248, 22.5228634], [114.0418003, 22.5230161], [114.041724, 22.5228779]]]]}}, {"type": "Feature", "id": "way/1054118583", "properties": {"tags": {"building": "yes"}, "heightStatus": "unknown", "source": "OpenStreetMap", "license": "ODbL-1.0"}, "geometry": {"type": "MultiPolygon", "coordinates": [[[[114.0413571, 22.5222452], [114.041781, 22.5220123], [114.0418822, 22.5221694], [114.0414583, 22.5224023], [114.0413571, 22.5222452]]]]}}, {"type": "Feature", "id": "way/1054118587", "properties": {"tags": {"building": "yes"}, "heightStatus": "unknown", "source": "OpenStreetMap", "license": "ODbL-1.0"}, "geometry": {"type": "MultiPolygon", "coordinates": [[[[114.04012, 22.522767], [114.0401554, 22.5227547], [114.0401452, 22.5227393], [114.0401613, 22.5227368], [114.0402048, 22.5227234], [114.0402396, 22.5227081], [114.0402734, 22.5226902], [114.0403126, 22.5226699], [114.0403453, 22.5226501], [114.040377, 22.5226283], [114.0404129, 22.5226035], [114.0404489, 22.5225733], [114.0405095, 22.5226585], [114.0404553, 22.5226838], [114.0404553, 22.5226902], [114.0404601, 22.5226992], [114.0404762, 22.522712], [114.0404333, 22.5227259], [114.0403968, 22.5227413], [114.0403561, 22.5227606], [114.0403201, 22.5227794], [114.0402906, 22.5227983], [114.0402378, 22.5228373], [114.0402195, 22.5228006], [114.0401605, 22.5228343], [114.04012, 22.522767]]]]}}, {"type": "Feature", "id": "way/1054118590", "properties": {"tags": {"addr:city": "深圳市", "addr:country": "CN", "addr:district": "福田区", "addr:housenumber": "15号", "addr:province": "广东省", "addr:street": "新洲三街", "brand": "亚朵", "brand:wikidata": "Q111081972", "brand:zh": "亚朵", "building": "hotel", "name": "深圳福田口岸亚朵S酒店（新洲三街店）", "name:en": "Atour S Hotel Shenzhen Futian Port (Xinzhou 3rd Street Branch)", "name:zh": "深圳福田口岸亚朵S酒店（新洲三街店）", "tourism": "hotel"}, "heightStatus": "unknown", "source": "OpenStreetMap", "license": "ODbL-1.0"}, "geometry": {"type": "MultiPolygon", "coordinates": [[[[114.0383104, 22.5244148], [114.0383965, 22.5242914], [114.0386848, 22.5244631], [114.0385987, 22.5245865], [114.0383104, 22.5244148]]]]}}, {"type": "Feature", "id": "way/1054118591", "properties": {"tags": {"addr:housename": "绿景花园二期", "addr:housename:en": "Lvjing Garden Phase II", "addr:housename:zh": "绿景花园二期", "building": "apartments", "building:levels": "33", "name": "C栋", "name:en": "Block C", "name:zh": "C栋"}, "heightStatus": "levels_only_unverified", "source": "OpenStreetMap", "license": "ODbL-1.0"}, "geometry": {"type": "MultiPolygon", "coordinates": [[[[114.0373999, 22.524881], [114.0374426, 22.5248483], [114.0374299, 22.5248342], [114.037474, 22.5248004], [114.0374867, 22.5248145], [114.0375098, 22.5247968], [114.0374919, 22.524777], [114.0375407, 22.5247396], [114.0376841, 22.5248993], [114.0375912, 22.5249705], [114.0376559, 22.5250426], [114.037586, 22.5250961], [114.0375322, 22.5250362], [114.0374625, 22.5250895], [114.0374131, 22.5250344], [114.0374928, 22.5249734], [114.0374376, 22.5249119], [114.0374317, 22.5249164], [114.0373999, 22.524881]]]]}}, {"type": "Feature", "id": "way/1054118592", "properties": {"tags": {"addr:housename": "绿景花园二期", "addr:housename:en": "Lvjing Garden Phase II", "addr:housename:zh": "绿景花园二期", "building": "apartments", "building:levels": "33", "name": "E栋", "name:en": "Block E", "name:zh": "E栋"}, "heightStatus": "levels_only_unverified", "source": "OpenStreetMap", "license": "ODbL-1.0"}, "geometry": {"type": "MultiPolygon", "coordinates": [[[[114.0383393, 22.5251234], [114.0384194, 22.5250659], [114.0383454, 22.5249779], [114.0385228, 22.5248507], [114.0385617, 22.524897], [114.0385396, 22.5249128], [114.038558, 22.5249347], [114.0385737, 22.5249235], [114.0386088, 22.5249653], [114.0385931, 22.5249765], [114.0386271, 22.5250169], [114.0385877, 22.5250452], [114.038583, 22.5250396], [114.0385147, 22.5250885], [114.0385782, 22.5251641], [114.0385169, 22.525208], [114.0384615, 22.5251419], [114.0383949, 22.5251896], [114.0383393, 22.5251234]]]]}}, {"type": "Feature", "id": "way/1054118601", "properties": {"tags": {"building": "yes"}, "heightStatus": "unknown", "source": "OpenStreetMap", "license": "ODbL-1.0"}, "geometry": {"type": "MultiPolygon", "coordinates": [[[[114.0411823, 22.5227209], [114.0412759, 22.5226786], [114.0413346, 22.5227894], [114.0414732, 22.5227267], [114.0415188, 22.5228127], [114.0413317, 22.5228973], [114.0412924, 22.5228231], [114.0412473, 22.5228435], [114.0411823, 22.5227209]]]]}}, {"type": "Feature", "id": "way/1055657896", "properties": {"tags": {"building": "yes"}, "heightStatus": "unknown", "source": "OpenStreetMap", "license": "ODbL-1.0"}, "geometry": {"type": "MultiPolygon", "coordinates": [[[[114.0408117, 22.5226292], [114.0412524, 22.5224382], [114.0412899, 22.522512], [114.0408492, 22.5227029], [114.0408117, 22.5226292]]]]}}, {"type": "Feature", "id": "way/1055657897", "properties": {"tags": {"building": "apartments"}, "heightStatus": "unknown", "source": "OpenStreetMap", "license": "ODbL-1.0"}, "geometry": {"type": "MultiPolygon", "coordinates": [[[[114.042524, 22.5197062], [114.0426707, 22.5196393], [114.0427296, 22.5197441], [114.0428014, 22.519762], [114.0428811, 22.5197261], [114.0429561, 22.5198695], [114.0427778, 22.5199521], [114.0427328, 22.519881], [114.0426462, 22.5199217], [114.042524, 22.5197062]]]]}}, {"type": "Feature", "id": "way/1055657898", "properties": {"tags": {"building": "apartments"}, "heightStatus": "unknown", "source": "OpenStreetMap", "license": "ODbL-1.0"}, "geometry": {"type": "MultiPolygon", "coordinates": [[[[114.0423888, 22.5194403], [114.0424759, 22.5194005], [114.0424411, 22.5193248], [114.0426195, 22.5192421], [114.042699, 22.5193835], [114.0426201, 22.519421], [114.0425927, 22.5194849], [114.0426483, 22.5195911], [114.0425026, 22.5196596], [114.0423888, 22.5194403]]]]}}, {"type": "Feature", "id": "way/1055901008", "properties": {"tags": {"building": "yes"}, "heightStatus": "unknown", "source": "OpenStreetMap", "license": "ODbL-1.0"}, "geometry": {"type": "MultiPolygon", "coordinates": [[[[114.0440463, 22.5238754], [114.044272, 22.5238254], [114.0442947, 22.5239126], [114.0440689, 22.5239626], [114.0440463, 22.5238754]]]]}}, {"type": "Feature", "id": "way/1062575946", "properties": {"tags": {"addr:housename": "全海花园", "addr:housename:en": "Quanhai Garden", "addr:housename:zh": "全海花园", "building": "apartments", "name": "3栋", "name:en": "Block 3", "name:zh": "3栋"}, "heightStatus": "unknown", "source": "OpenStreetMap", "license": "ODbL-1.0"}, "geometry": {"type": "MultiPolygon", "coordinates": [[[[114.0381722, 22.5189966], [114.0381964, 22.5189842], [114.0381914, 22.5189758], [114.0382276, 22.5189574], [114.0382326, 22.5189659], [114.0382643, 22.5189498], [114.038362, 22.519114], [114.0383429, 22.5191237], [114.0383717, 22.5191721], [114.0383888, 22.5191635], [114.0384155, 22.5192083], [114.0384689, 22.5192218], [114.0384638, 22.5192391], [114.0385216, 22.5192536], [114.0384944, 22.5193458], [114.0383792, 22.5193168], [114.0383098, 22.5192664], [114.0382523, 22.5191697], [114.0382698, 22.5191608], [114.0382494, 22.5191263], [114.0382753, 22.5191132], [114.0382659, 22.5190974], [114.03824, 22.5191106], [114.0381988, 22.5190414], [114.0382248, 22.5190282], [114.0382154, 22.5190124], [114.0381894, 22.5190256], [114.0381722, 22.5189966]]]]}}, {"type": "Feature", "id": "way/1062575947", "properties": {"tags": {"building": "apartments"}, "heightStatus": "unknown", "source": "OpenStreetMap", "license": "ODbL-1.0"}, "geometry": {"type": "MultiPolygon", "coordinates": [[[[114.0440982, 22.5221115], [114.0441954, 22.5220841], [114.0442414, 22.5222232], [114.0441442, 22.5222507], [114.0440982, 22.5221115]]]]}}, {"type": "Feature", "id": "way/1062575948", "properties": {"tags": {"building": "apartments"}, "heightStatus": "unknown", "source": "OpenStreetMap", "license": "ODbL-1.0"}, "geometry": {"type": "MultiPolygon", "coordinates": [[[[114.0442043, 22.5220793], [114.0442886, 22.5220547], [114.0443325, 22.5221831], [114.0442482, 22.5222077], [114.0442043, 22.5220793]]]]}}, {"type": "Feature", "id": "way/1063188602", "properties": {"tags": {"building": "apartments"}, "heightStatus": "unknown", "source": "OpenStreetMap", "license": "ODbL-1.0"}, "geometry": {"type": "MultiPolygon", "coordinates": [[[[114.0415342, 22.5237208], [114.0416831, 22.5236512], [114.0416971, 22.5236782], [114.0417092, 22.5236717], [114.041726, 22.5237039], [114.0417421, 22.5236977], [114.0417471, 22.5237063], [114.0419309, 22.5236174], [114.0419185, 22.5235982], [114.0418803, 22.5236171], [114.0418622, 22.5235933], [114.0418752, 22.5235877], [114.0418598, 22.5235629], [114.0420157, 22.5234803], [114.0420487, 22.5235359], [114.0420026, 22.5235614], [114.0420032, 22.5235719], [114.0421393, 22.523573], [114.0421402, 22.5235798], [114.0421494, 22.5235836], [114.0421586, 22.523589], [114.0421672, 22.5235955], [114.0421739, 22.5236022], [114.0421778, 22.5236094], [114.0421789, 22.5236189], [114.0421736, 22.5236279], [114.042165, 22.5236361], [114.0421563, 22.5236426], [114.0421435, 22.5236464], [114.0421321, 22.5236488], [114.0421246, 22.52365], [114.0421104, 22.5236493], [114.0420953, 22.523648], [114.0420791, 22.5236462], [114.0420599, 22.5236426], [114.041649, 22.5238472], [114.041649, 22.5238515], [114.041647, 22.5238636], [114.0416443, 22.5238729], [114.0416403, 22.5238828], [114.0416336, 22.5238924], [114.0416238, 22.5239029], [114.0416114, 22.5239144], [114.0415994, 22.5239243], [114.0415873, 22.5239305], [114.0415779, 22.5239305], [114.0415695, 22.5239293], [114.0415625, 22.5239249], [114.0415598, 22.5239209], [114.0415558, 22.5239129], [114.0415484, 22.5238949], [114.0415471, 22.5238812], [114.0415467, 22.5238667], [114.0415514, 22.5238512], [114.0415578, 22.5238422], [114.0415705, 22.5238299], [114.0415809, 22.5238165], [114.041588, 22.5238072], [114.0415937, 22.5237936], [114.0415969, 22.5237896], [114.0416002, 22.5237878], [114.0416076, 22.5237844], [114.041622, 22.5237831], [114.041623, 22.5237785], [114.0416143, 22.5237612], [114.0415855, 22.5237763], [114.0415781, 22.5237658], [114.0415624, 22.5237729], [114.0415342, 22.5237208]]]]}}, {"type": "Feature", "id": "way/1063188603", "properties": {"tags": {"building": "yes", "name": "深圳绿景锦江酒店", "tourism": "hotel"}, "heightStatus": "unknown", "source": "OpenStreetMap", "license": "ODbL-1.0"}, "geometry": {"type": "MultiPolygon", "coordinates": [[[[114.0423456, 22.5236858], [114.0423751, 22.5236754], [114.0424193, 22.5236611], [114.0424629, 22.5236494], [114.0425113, 22.5236416], [114.0425879, 22.5236352], [114.0426075, 22.5236345], [114.0425963, 22.5236656], [114.0426251, 22.523676], [114.0426511, 22.523689], [114.0426736, 22.5237091], [114.0427094, 22.5237584], [114.0427501, 22.5238194], [114.0427873, 22.5238849], [114.0428238, 22.5239426], [114.0428505, 22.5240205], [114.0426897, 22.5241029], [114.0425591, 22.5238492], [114.0425418, 22.5238355], [114.0425345, 22.523831], [114.0425272, 22.5238306], [114.0425093, 22.5238368], [114.0424942, 22.5238445], [114.042453, 22.5238543], [114.0423856, 22.5238696], [114.0423456, 22.5236858]]]]}}, {"type": "Feature", "id": "way/1063188604", "properties": {"tags": {"building": "yes", "layer": "1", "tourism": "hotel"}, "heightStatus": "unknown", "source": "OpenStreetMap", "license": "ODbL-1.0"}, "geometry": {"type": "MultiPolygon", "coordinates": [[[[114.0423425, 22.5236852], [114.0423761, 22.5236736], [114.0424203, 22.5236594], [114.0424638, 22.5236477], [114.0425123, 22.5236399], [114.0425888, 22.5236334], [114.0426085, 22.5236328], [114.0425973, 22.5236639], [114.0426261, 22.5236743], [114.042652, 22.5236872], [114.0426745, 22.5237074], [114.0427103, 22.5237567], [114.0427511, 22.5238176], [114.0427883, 22.5238832], [114.0428248, 22.5239409], [114.0428515, 22.5240187], [114.0426887, 22.5241051], [114.0426541, 22.5240419], [114.0424237, 22.5240391], [114.0423425, 22.5236852]]]]}}, {"type": "Feature", "id": "way/1063188607", "properties": {"tags": {"building": "apartments"}, "heightStatus": "unknown", "source": "OpenStreetMap", "license": "ODbL-1.0"}, "geometry": {"type": "MultiPolygon", "coordinates": [[[[114.0374234, 22.5201893], [114.0374811, 22.5200852], [114.0376489, 22.5201753], [114.0375852, 22.5202754], [114.0374234, 22.5201893]]]]}}, {"type": "Feature", "id": "way/1063188608", "properties": {"tags": {"addr:housename": "全海花园", "addr:housename:en": "Quanhai Garden", "addr:housename:zh": "全海花园", "building": "apartments", "name": "5栋", "name:en": "Block 5", "name:zh": "5栋"}, "heightStatus": "unknown", "source": "OpenStreetMap", "license": "ODbL-1.0"}, "geometry": {"type": "MultiPolygon", "coordinates": [[[[114.0386639, 22.5193894], [114.038691, 22.5192972], [114.0387488, 22.5193118], [114.0387539, 22.5192944], [114.0388074, 22.5193079], [114.038855, 22.5192817], [114.0388649, 22.5192971], [114.0389164, 22.5192689], [114.0389052, 22.5192516], [114.0390796, 22.5191558], [114.0390981, 22.5191845], [114.039107, 22.5191796], [114.0391281, 22.5192124], [114.0391192, 22.5192173], [114.0391333, 22.5192393], [114.0391025, 22.5192562], [114.0390873, 22.5192327], [114.0390706, 22.5192419], [114.0390857, 22.5192654], [114.0390122, 22.5193058], [114.0389971, 22.5192823], [114.0389804, 22.5192915], [114.0389955, 22.519315], [114.038959, 22.5193351], [114.0389692, 22.519351], [114.0388666, 22.5194074], [114.0387791, 22.5194184], [114.0386639, 22.5193894]]]]}}, {"type": "Feature", "id": "way/1063576682", "properties": {"tags": {"building": "school"}, "heightStatus": "unknown", "source": "OpenStreetMap", "license": "ODbL-1.0"}, "geometry": {"type": "MultiPolygon", "coordinates": [[[[114.0388338, 22.5263494], [114.0388767, 22.52598], [114.0388856, 22.525919], [114.0388927, 22.5258877], [114.0393506, 22.5258959], [114.0393265, 22.5256527], [114.0390311, 22.5256189], [114.0390498, 22.5255019], [114.039455, 22.5255546], [114.0394782, 22.5258292], [114.0394568, 22.5260089], [114.0392221, 22.5260089], [114.0390106, 22.5260996], [114.0389891, 22.5262414], [114.0393092, 22.5262464], [114.0393095, 22.5263494], [114.0388338, 22.5263494]]]]}}, {"type": "Feature", "id": "way/1063576683", "properties": {"tags": {"building": "apartments"}, "heightStatus": "unknown", "source": "OpenStreetMap", "license": "ODbL-1.0"}, "geometry": {"type": "MultiPolygon", "coordinates": [[[[114.0400259, 22.5262681], [114.0401603, 22.5262569], [114.0401673, 22.5263287], [114.0400329, 22.5263399], [114.0400259, 22.5262681]]]]}}, {"type": "Feature", "id": "way/1064264071", "properties": {"tags": {"building": "yes"}, "heightStatus": "unknown", "source": "OpenStreetMap", "license": "ODbL-1.0"}, "geometry": {"type": "MultiPolygon", "coordinates": [[[[114.0413079, 22.5181664], [114.0418535, 22.5178672], [114.0420375, 22.5181787], [114.0419439, 22.5182294], [114.0418172, 22.5180006], [114.04179, 22.5180125], [114.0417682, 22.5180238], [114.0417443, 22.5180269], [114.0417259, 22.5180336], [114.041713, 22.5180419], [114.0416924, 22.5180568], [114.041664, 22.5180784], [114.0416372, 22.518097], [114.0415692, 22.518133], [114.0417058, 22.5183585], [114.0415559, 22.5184373], [114.041543, 22.5184172], [114.041484, 22.5184491], [114.0413079, 22.5181664]]]]}}, {"type": "Feature", "id": "way/1064264075", "properties": {"tags": {"building": "yes"}, "heightStatus": "unknown", "source": "OpenStreetMap", "license": "ODbL-1.0"}, "geometry": {"type": "MultiPolygon", "coordinates": [[[[114.0425373, 22.5185753], [114.042863, 22.5184347], [114.0430013, 22.5187199], [114.0426884, 22.5188575], [114.0425373, 22.5185753]]]]}}, {"type": "Feature", "id": "way/1064264076", "properties": {"tags": {"building": "yes"}, "heightStatus": "unknown", "source": "OpenStreetMap", "license": "ODbL-1.0"}, "geometry": {"type": "MultiPolygon", "coordinates": [[[[114.0415339, 22.5185457], [114.041638, 22.5184894], [114.0417623, 22.5186852], [114.0416582, 22.5187416], [114.0415339, 22.5185457]]]]}}, {"type": "Feature", "id": "relation/14553532", "properties": {"tags": {"building:part": "yes"}, "heightStatus": "unknown", "source": "OpenStreetMap", "license": "ODbL-1.0"}, "geometry": {"type": "MultiPolygon", "coordinates": [[[[114.0392353, 22.5233224], [114.0392794, 22.5231645], [114.039465, 22.5232088], [114.0394951, 22.5231583], [114.0395285, 22.5231233], [114.0395553, 22.5230991], [114.0395882, 22.523079], [114.0396255, 22.5230641], [114.0396601, 22.5230522], [114.0397002, 22.523044], [114.0397543, 22.5230491], [114.0398, 22.5228828], [114.0399044, 22.5229099], [114.0399672, 22.5229261], [114.0399226, 22.5230769], [114.0400831, 22.523113], [114.0400436, 22.5232516], [114.0400095, 22.5232233], [114.0398418, 22.5233846], [114.0397442, 22.5234367], [114.0394882, 22.5234973], [114.0395044, 22.5235457], [114.0393569, 22.5235106], [114.0393986, 22.5233612], [114.0392353, 22.5233224]]]]}}, {"type": "Feature", "id": "relation/14553530", "properties": {"tags": {"building": "hospital"}, "heightStatus": "unknown", "source": "OpenStreetMap", "license": "ODbL-1.0"}, "geometry": {"type": "MultiPolygon", "coordinates": [[[[114.0392353, 22.5233224], [114.0392794, 22.5231645], [114.039465, 22.5232088], [114.0394951, 22.5231583], [114.0395285, 22.5231233], [114.0395553, 22.5230991], [114.0395882, 22.523079], [114.0396255, 22.5230641], [114.0396601, 22.5230522], [114.0397002, 22.523044], [114.0397543, 22.5230491], [114.0398, 22.5228828], [114.0399044, 22.5229099], [114.0399672, 22.5229261], [114.0399226, 22.5230769], [114.0400831, 22.523113], [114.0400436, 22.5232516], [114.0401336, 22.5233263], [114.0399585, 22.5234933], [114.0399802, 22.5235309], [114.0400038, 22.5235178], [114.0400456, 22.5235819], [114.0398251, 22.5237046], [114.0397786, 22.5236334], [114.0398022, 22.5236203], [114.0397863, 22.5235945], [114.0395406, 22.5236536], [114.0395044, 22.5235457], [114.0393569, 22.5235106], [114.0393986, 22.5233612], [114.0392353, 22.5233224]]]]}}, {"type": "Feature", "id": "relation/14553531", "properties": {"tags": {"building:part": "yes"}, "heightStatus": "unknown", "source": "OpenStreetMap", "license": "ODbL-1.0"}, "geometry": {"type": "MultiPolygon", "coordinates": [[[[114.0394882, 22.5234973], [114.0397442, 22.5234367], [114.0398418, 22.5233846], [114.0400095, 22.5232233], [114.0400436, 22.5232516], [114.0401336, 22.5233263], [114.0399585, 22.5234933], [114.0399802, 22.5235309], [114.0400038, 22.5235178], [114.0400456, 22.5235819], [114.0398251, 22.5237046], [114.0397786, 22.5236334], [114.0398022, 22.5236203], [114.0397863, 22.5235945], [114.0395406, 22.5236536], [114.0395044, 22.5235457], [114.0394882, 22.5234973]]]]}}, {"type": "Feature", "id": "way/1345394381", "properties": {"tags": {"building": "train_station", "building:levels": "0", "building:levels:underground": "2", "layer": "-1", "location": "underground", "name": "沙尾站", "name:en": "Shawei Station", "name:zh": "沙尾站", "start_date": "2016-10-28", "wikidata": "Q27670004", "wikipedia": "zh:沙尾站"}, "heightStatus": "levels_only_unverified", "source": "OpenStreetMap", "license": "ODbL-1.0"}, "geometry": {"type": "MultiPolygon", "coordinates": [[[[114.0363266, 22.5238718], [114.0367633, 22.5236176], [114.0367994, 22.5236751], [114.037114, 22.5234859], [114.0371054, 22.5234735], [114.0369924, 22.5235405], [114.036969, 22.5235068], [114.0371489, 22.5234003], [114.0371751, 22.5234382], [114.0371525, 22.5234515], [114.0371556, 22.5234558], [114.0377822, 22.5230849], [114.0377323, 22.5230129], [114.0379097, 22.5229079], [114.0379401, 22.5229518], [114.0378181, 22.523024], [114.0378345, 22.5230477], [114.0379711, 22.5229668], [114.0379347, 22.5229143], [114.0382009, 22.5227567], [114.0383527, 22.5229754], [114.0382327, 22.5230464], [114.0382241, 22.5230341], [114.0378823, 22.5232363], [114.0381538, 22.5234629], [114.0382852, 22.5233904], [114.0383154, 22.5234381], [114.0381357, 22.5235378], [114.0378092, 22.5232827], [114.0372589, 22.5236054], [114.0374331, 22.5238564], [114.0374924, 22.5238213], [114.0375468, 22.5238998], [114.0374179, 22.5239761], [114.0373972, 22.5239463], [114.0369665, 22.5241903], [114.0369328, 22.5241297], [114.0373682, 22.5238868], [114.0372037, 22.5236498], [114.0365932, 22.5240112], [114.0366064, 22.5240302], [114.036486, 22.5241015], [114.0363266, 22.5238718]]]]}}, {"type": "Feature", "id": "way/1362986803", "properties": {"tags": {"building": "yes"}, "heightStatus": "unknown", "source": "OpenStreetMap", "license": "ODbL-1.0"}, "geometry": {"type": "MultiPolygon", "coordinates": [[[[114.0425116, 22.5245342], [114.0430158, 22.5245342], [114.0430158, 22.5247051], [114.0425116, 22.5247051], [114.0425116, 22.5245342]]]]}}, {"type": "Feature", "id": "way/1362986804", "properties": {"tags": {"building": "yes"}, "heightStatus": "unknown", "source": "OpenStreetMap", "license": "ODbL-1.0"}, "geometry": {"type": "MultiPolygon", "coordinates": [[[[114.041723, 22.5244995], [114.0422621, 22.5244896], [114.0422655, 22.5246465], [114.0417264, 22.5246564], [114.041723, 22.5244995]]]]}}, {"type": "Feature", "id": "way/1362986821", "properties": {"tags": {"addr:housename": "全海花园", "addr:housename:en": "Quanhai Garden", "addr:housename:zh": "全海花园", "building": "apartments", "name": "6栋", "name:en": "Block 6", "name:zh": "6栋"}, "heightStatus": "unknown", "source": "OpenStreetMap", "license": "ODbL-1.0"}, "geometry": {"type": "MultiPolygon", "coordinates": [[[[114.0386803, 22.519915], [114.0387138, 22.5198968], [114.0386974, 22.519871], [114.0387476, 22.5198436], [114.0387202, 22.5198005], [114.0388261, 22.5197429], [114.0388536, 22.519786], [114.0389039, 22.5197587], [114.0389204, 22.5197845], [114.0389874, 22.519748], [114.0389709, 22.5197222], [114.0390212, 22.5196949], [114.0389937, 22.5196517], [114.0390997, 22.5195941], [114.0391272, 22.5196372], [114.0391775, 22.5196099], [114.0391939, 22.5196357], [114.0392275, 22.5196175], [114.0392603, 22.5196691], [114.0387132, 22.5199666], [114.0386803, 22.519915]]]]}}, {"type": "Feature", "id": "way/1362986822", "properties": {"tags": {"addr:housename": "全海花园", "addr:housename:en": "Quanhai Garden", "addr:housename:zh": "全海花园", "building": "apartments", "name": "4栋", "name:en": "Block 4", "name:zh": "4栋"}, "heightStatus": "unknown", "source": "OpenStreetMap", "license": "ODbL-1.0"}, "geometry": {"type": "MultiPolygon", "coordinates": [[[[114.0389806, 22.518846], [114.0390141, 22.5188278], [114.0389977, 22.5188019], [114.0390479, 22.5187746], [114.0390205, 22.5187314], [114.0391264, 22.5186738], [114.0391539, 22.518717], [114.0392042, 22.5186896], [114.0392207, 22.5187155], [114.0392877, 22.518679], [114.0392712, 22.5186532], [114.0393215, 22.5186258], [114.039294, 22.5185827], [114.0394, 22.5185251], [114.0394275, 22.5185682], [114.0394778, 22.5185409], [114.0394942, 22.5185667], [114.0395278, 22.5185485], [114.0395606, 22.5186001], [114.0390135, 22.5188976], [114.0389806, 22.518846]]]]}}, {"type": "Feature", "id": "way/1430132951", "properties": {"tags": {"addr:housename": "益田村", "addr:housename:zh": "益田村", "building": "apartments", "name": "117栋", "name:zh": "117栋"}, "heightStatus": "unknown", "source": "OpenStreetMap", "license": "ODbL-1.0"}, "geometry": {"type": "MultiPolygon", "coordinates": [[[[114.0439638, 22.5192258], [114.0439822, 22.519217], [114.0439719, 22.5191985], [114.0440054, 22.5191827], [114.0439957, 22.5191652], [114.044247, 22.519046], [114.0442567, 22.5190635], [114.0442902, 22.5190476], [114.0443004, 22.5190661], [114.0443189, 22.5190573], [114.0443454, 22.5191051], [114.0442535, 22.5191486], [114.0442697, 22.5191778], [114.0443616, 22.5191342], [114.0443874, 22.5191806], [114.0443737, 22.5191871], [114.044394, 22.5192236], [114.0440662, 22.519379], [114.0440459, 22.5193425], [114.0440323, 22.519349], [114.0440065, 22.5193026], [114.0440983, 22.519259], [114.0440822, 22.5192299], [114.0439903, 22.5192735], [114.0439638, 22.5192258]]]]}}, {"type": "Feature", "id": "way/1430132952", "properties": {"tags": {"addr:housename": "益田村", "addr:housename:zh": "益田村", "building": "apartments", "name": "121栋", "name:zh": "121栋"}, "heightStatus": "unknown", "source": "OpenStreetMap", "license": "ODbL-1.0"}, "geometry": {"type": "MultiPolygon", "coordinates": [[[[114.0430973, 22.5196185], [114.0431546, 22.5195914], [114.0431448, 22.5195739], [114.0433895, 22.5194578], [114.0433992, 22.5194753], [114.0434327, 22.5194595], [114.043443, 22.519478], [114.0434614, 22.5194692], [114.0434879, 22.5195169], [114.0433961, 22.5195605], [114.0434123, 22.5195896], [114.0435041, 22.5195461], [114.0435299, 22.5195925], [114.0435163, 22.519599], [114.0435365, 22.5196354], [114.0432466, 22.5197729], [114.043238, 22.5197573], [114.043187, 22.5197815], [114.0431496, 22.5197142], [114.0432687, 22.5196577], [114.0432525, 22.5196286], [114.0431341, 22.5196847], [114.0430973, 22.5196185]]]]}}, {"type": "Feature", "id": "way/1430132953", "properties": {"tags": {"addr:housename": "益田村", "addr:housename:zh": "益田村", "building": "apartments", "name": "118栋", "name:zh": "118栋"}, "heightStatus": "unknown", "source": "OpenStreetMap", "license": "ODbL-1.0"}, "geometry": {"type": "MultiPolygon", "coordinates": [[[[114.0431728, 22.5189558], [114.0431913, 22.5189471], [114.043181, 22.5189286], [114.0432144, 22.5189127], [114.0432047, 22.5188952], [114.0434494, 22.5187792], [114.0434591, 22.5187967], [114.0435164, 22.5187695], [114.0435532, 22.5188357], [114.0434348, 22.5188919], [114.043451, 22.518921], [114.04357, 22.5188645], [114.0436074, 22.5189318], [114.0435565, 22.518956], [114.0435652, 22.5189716], [114.0432753, 22.5191091], [114.043255, 22.5190726], [114.0432413, 22.5190791], [114.0432155, 22.5190327], [114.0433074, 22.5189891], [114.0432912, 22.51896], [114.0431993, 22.5190035], [114.0431728, 22.5189558]]]]}}, {"type": "Feature", "id": "way/1430132954", "properties": {"tags": {"addr:housename": "益田村", "addr:housename:zh": "益田村", "building": "apartments", "name": "119栋", "name:zh": "119栋"}, "heightStatus": "unknown", "source": "OpenStreetMap", "license": "ODbL-1.0"}, "geometry": {"type": "MultiPolygon", "coordinates": [[[[114.0428087, 22.5191051], [114.042866, 22.519078], [114.0428562, 22.5190605], [114.0431009, 22.5189444], [114.0431106, 22.5189619], [114.0431441, 22.5189461], [114.0431544, 22.5189645], [114.0431728, 22.5189558], [114.0431993, 22.5190035], [114.0431075, 22.5190471], [114.0431237, 22.5190762], [114.0432155, 22.5190327], [114.0432413, 22.5190791], [114.0432277, 22.5190855], [114.0432479, 22.519122], [114.042958, 22.5192595], [114.0429494, 22.5192439], [114.0428984, 22.5192681], [114.042861, 22.5192008], [114.0429801, 22.5191443], [114.0429639, 22.5191152], [114.0428455, 22.5191713], [114.0428087, 22.5191051]]]]}}, {"type": "Feature", "id": "way/1431604084", "properties": {"tags": {"addr:housename": "绿洲花园", "addr:housename:en": "Lvzhou Garden", "addr:housename:zh": "绿洲花园", "building": "apartments", "name": "1栋", "name:en": "Block 1", "name:zh": "1栋"}, "heightStatus": "unknown", "source": "OpenStreetMap", "license": "ODbL-1.0"}, "geometry": {"type": "MultiPolygon", "coordinates": [[[[114.0359322, 22.5258981], [114.0359491, 22.5258892], [114.0359364, 22.5258685], [114.0359702, 22.5258507], [114.0359642, 22.525841], [114.0360234, 22.5258099], [114.0360293, 22.5258197], [114.0360632, 22.5258019], [114.0360759, 22.5258226], [114.0360928, 22.5258137], [114.0361124, 22.5258455], [114.0360786, 22.5258632], [114.0360863, 22.5258759], [114.0361878, 22.5258226], [114.03618, 22.5258099], [114.0361462, 22.5258277], [114.0361266, 22.525796], [114.0361435, 22.5257871], [114.0361308, 22.5257664], [114.0361646, 22.5257486], [114.0361586, 22.5257389], [114.0361882, 22.5257233], [114.0362771, 22.5258677], [114.0359855, 22.5260209], [114.0359618, 22.5259824], [114.0359672, 22.5259796], [114.0359481, 22.5259485], [114.0359934, 22.5259247], [114.0359856, 22.5259121], [114.0359518, 22.5259299], [114.0359322, 22.5258981]]]]}}, {"type": "Feature", "id": "way/1431604085", "properties": {"tags": {"addr:housename": "绿洲花园", "addr:housename:en": "Lvzhou Garden", "addr:housename:zh": "绿洲花园", "building": "apartments", "name": "2栋", "name:en": "Block 2", "name:zh": "2栋"}, "heightStatus": "unknown", "source": "OpenStreetMap", "license": "ODbL-1.0"}, "geometry": {"type": "MultiPolygon", "coordinates": [[[[114.0354649, 22.5261618], [114.0354818, 22.5261529], [114.0354691, 22.5261322], [114.0355029, 22.5261144], [114.0354969, 22.5261047], [114.0355561, 22.5260736], [114.0355621, 22.5260834], [114.0355959, 22.5260656], [114.0356086, 22.5260863], [114.0356255, 22.5260774], [114.0356451, 22.5261092], [114.0356113, 22.5261269], [114.035619, 22.5261396], [114.0357205, 22.5260863], [114.0357127, 22.5260736], [114.0356789, 22.5260914], [114.0356593, 22.5260596], [114.0356762, 22.5260508], [114.0356635, 22.5260301], [114.0356973, 22.5260123], [114.0356913, 22.5260026], [114.0357505, 22.5259715], [114.0357565, 22.5259812], [114.0357903, 22.5259635], [114.035803, 22.5259842], [114.0358199, 22.5259753], [114.0358395, 22.526007], [114.0358057, 22.5260248], [114.0358134, 22.5260374], [114.0358587, 22.5260137], [114.0358778, 22.5260447], [114.0358833, 22.5260418], [114.035907, 22.5260803], [114.0355182, 22.5262846], [114.0354945, 22.5262461], [114.0354999, 22.5262433], [114.0354808, 22.5262122], [114.0355261, 22.5261884], [114.0355183, 22.5261758], [114.0354845, 22.5261936], [114.0354649, 22.5261618]]]]}}, {"type": "Feature", "id": "way/1431604086", "properties": {"tags": {"addr:housename": "绿洲花园", "addr:housename:en": "Lvzhou Garden", "addr:housename:zh": "绿洲花园", "building": "apartments", "name": "4栋", "name:en": "Block 4", "name:zh": "4栋"}, "heightStatus": "unknown", "source": "OpenStreetMap", "license": "ODbL-1.0"}, "geometry": {"type": "MultiPolygon", "coordinates": [[[[114.0352747, 22.5259272], [114.0355528, 22.525781], [114.0356127, 22.5258784], [114.0353346, 22.5260246], [114.0352747, 22.5259272]]]]}}, {"type": "Feature", "id": "way/1431604087", "properties": {"tags": {"addr:housename": "绿洲花园", "addr:housename:en": "Lvzhou Garden", "addr:housename:zh": "绿洲花园", "building": "apartments", "name": "6栋", "name:en": "Block 6", "name:zh": "6栋"}, "heightStatus": "unknown", "source": "OpenStreetMap", "license": "ODbL-1.0"}, "geometry": {"type": "MultiPolygon", "coordinates": [[[[114.0351372, 22.5257126], [114.0354153, 22.5255664], [114.0354752, 22.5256638], [114.0351971, 22.52581], [114.0351372, 22.5257126]]]]}}, {"type": "Feature", "id": "way/1431604088", "properties": {"tags": {"addr:housename": "绿洲花园", "addr:housename:en": "Lvzhou Garden", "addr:housename:zh": "绿洲花园", "building": "apartments", "name": "8栋", "name:en": "Block 8", "name:zh": "8栋"}, "heightStatus": "unknown", "source": "OpenStreetMap", "license": "ODbL-1.0"}, "geometry": {"type": "MultiPolygon", "coordinates": [[[[114.035004, 22.5254635], [114.0350209, 22.5254546], [114.0350082, 22.5254339], [114.035042, 22.5254162], [114.035036, 22.5254064], [114.0350952, 22.5253754], [114.0351011, 22.5253851], [114.035135, 22.5253673], [114.0351477, 22.525388], [114.0351646, 22.5253791], [114.0351842, 22.5254109], [114.0351504, 22.5254287], [114.0351581, 22.5254413], [114.0352596, 22.525388], [114.0352518, 22.5253754], [114.035218, 22.5253931], [114.0351984, 22.5253614], [114.0352153, 22.5253525], [114.0352026, 22.5253318], [114.0352364, 22.525314], [114.0352304, 22.5253043], [114.0352896, 22.5252732], [114.0352955, 22.5252829], [114.0353294, 22.5252652], [114.0353421, 22.5252859], [114.035359, 22.525277], [114.0353786, 22.5253088], [114.0353447, 22.5253265], [114.0353525, 22.5253392], [114.0353978, 22.5253154], [114.0354169, 22.5253464], [114.0354224, 22.5253436], [114.035446, 22.525382], [114.0350573, 22.5255863], [114.0350336, 22.5255478], [114.035039, 22.525545], [114.0350199, 22.5255139], [114.0350652, 22.5254901], [114.0350574, 22.5254775], [114.0350236, 22.5254953], [114.035004, 22.5254635]]]]}}, {"type": "Feature", "id": "way/1431604089", "properties": {"tags": {"addr:housename": "绿洲花园", "addr:housename:en": "Lvzhou Garden", "addr:housename:zh": "绿洲花园", "building": "apartments", "name": "7栋", "name:en": "Block 7", "name:zh": "7栋"}, "heightStatus": "unknown", "source": "OpenStreetMap", "license": "ODbL-1.0"}, "geometry": {"type": "MultiPolygon", "coordinates": [[[[114.0354463, 22.5252341], [114.0354632, 22.5252252], [114.0354505, 22.5252045], [114.0354843, 22.5251867], [114.0354783, 22.525177], [114.0355375, 22.5251459], [114.0355434, 22.5251557], [114.0355773, 22.5251379], [114.03559, 22.5251586], [114.0356069, 22.5251497], [114.0356265, 22.5251815], [114.0355927, 22.5251992], [114.0356004, 22.5252119], [114.0357019, 22.5251586], [114.0356941, 22.5251459], [114.0356603, 22.5251637], [114.0356407, 22.5251319], [114.0356576, 22.5251231], [114.0356449, 22.5251024], [114.0356787, 22.5250846], [114.0356727, 22.5250749], [114.0357319, 22.5250438], [114.0357378, 22.5250535], [114.0357717, 22.5250358], [114.0357844, 22.5250565], [114.0358013, 22.5250476], [114.0358209, 22.5250793], [114.0357871, 22.5250971], [114.0357948, 22.5251097], [114.0358401, 22.525086], [114.0358592, 22.525117], [114.0358647, 22.5251141], [114.0358884, 22.5251526], [114.0354996, 22.5253569], [114.0354759, 22.5253184], [114.0354813, 22.5253156], [114.0354622, 22.5252845], [114.0355075, 22.5252607], [114.0354997, 22.5252481], [114.0354659, 22.5252658], [114.0354463, 22.5252341]]]]}}, {"type": "Feature", "id": "way/1431604090", "properties": {"tags": {"addr:housename": "绿洲花园", "addr:housename:en": "Lvzhou Garden", "addr:housename:zh": "绿洲花园", "building": "apartments", "name": "5栋", "name:en": "Block 5", "name:zh": "5栋"}, "heightStatus": "unknown", "source": "OpenStreetMap", "license": "ODbL-1.0"}, "geometry": {"type": "MultiPolygon", "coordinates": [[[[114.0356777, 22.5254132], [114.0359558, 22.5252671], [114.0360158, 22.5253645], [114.0357377, 22.5255106], [114.0356777, 22.5254132]]]]}}, {"type": "Feature", "id": "way/1431604091", "properties": {"tags": {"addr:housename": "绿洲花园", "addr:housename:en": "Lvzhou Garden", "addr:housename:zh": "绿洲花园", "building": "apartments", "name": "3栋", "name:en": "Block 3", "name:zh": "3栋"}, "heightStatus": "unknown", "source": "OpenStreetMap", "license": "ODbL-1.0"}, "geometry": {"type": "MultiPolygon", "coordinates": [[[[114.0358152, 22.5256278], [114.0360933, 22.5254817], [114.0361533, 22.5255791], [114.0358752, 22.5257252], [114.0358152, 22.5256278]]]]}}, {"type": "Feature", "id": "way/1431604100", "properties": {"tags": {"addr:housename": "香江西苑", "addr:housename:en": "Xiangjiang Garden", "addr:housename:zh": "香江西苑", "building": "apartments", "building:levels": "32", "name": "B号", "name:en": "Block B", "name:zh": "B号"}, "heightStatus": "levels_only_unverified", "source": "OpenStreetMap", "license": "ODbL-1.0"}, "geometry": {"type": "MultiPolygon", "coordinates": [[[[114.0365178, 22.5267922], [114.0365333, 22.5267114], [114.0366185, 22.5267254], [114.036643, 22.5265979], [114.0367188, 22.5266103], [114.0367105, 22.5266534], [114.0367486, 22.5266597], [114.0367324, 22.526744], [114.0368513, 22.5267635], [114.0368358, 22.5268443], [114.0365178, 22.5267922]]]]}}, {"type": "Feature", "id": "way/1431604101", "properties": {"tags": {"addr:housename": "香江西苑", "addr:housename:en": "Xiangjiang Garden", "addr:housename:zh": "香江西苑", "building": "apartments", "building:levels": "32", "name": "A号", "name:en": "Block A", "name:zh": "A号"}, "heightStatus": "levels_only_unverified", "source": "OpenStreetMap", "license": "ODbL-1.0"}, "geometry": {"type": "MultiPolygon", "coordinates": [[[[114.0361997, 22.5267401], [114.0362152, 22.5266593], [114.0363342, 22.5266788], [114.0363504, 22.5265944], [114.0363885, 22.5266007], [114.0363967, 22.5265575], [114.0364725, 22.5265699], [114.036448, 22.5266975], [114.0365333, 22.5267114], [114.0365178, 22.5267922], [114.0361997, 22.5267401]]]]}}, {"type": "Feature", "id": "way/1431604102", "properties": {"tags": {"addr:housename": "绿景花园二期", "addr:housename:en": "Lvjing Garden Phase II", "addr:housename:zh": "绿景花园二期", "building": "apartments", "building:levels": "33", "name": "B栋", "name:en": "Block B", "name:zh": "B栋"}, "heightStatus": "levels_only_unverified", "source": "OpenStreetMap", "license": "ODbL-1.0"}, "geometry": {"type": "MultiPolygon", "coordinates": [[[[114.0376126, 22.5241235], [114.0377598, 22.5240362], [114.0377848, 22.5240721], [114.0377934, 22.524067], [114.037807, 22.5240866], [114.0377648, 22.5241117], [114.0380328, 22.5241168], [114.0379917, 22.5240902], [114.0380062, 22.5240711], [114.0380146, 22.5240765], [114.0380411, 22.5240416], [114.0381843, 22.5241345], [114.0381015, 22.5242434], [114.0381634, 22.5242431], [114.0381638, 22.5242956], [114.0381355, 22.5242958], [114.0381356, 22.5243088], [114.0380048, 22.5243095], [114.0380043, 22.524244], [114.0380328, 22.5242438], [114.0380326, 22.5242125], [114.0377606, 22.5242073], [114.037759, 22.5242386], [114.0377875, 22.5242398], [114.0377841, 22.5243053], [114.0376535, 22.5242995], [114.0376541, 22.5242865], [114.0376258, 22.5242853], [114.0376286, 22.5242328], [114.0376904, 22.5242356], [114.0376126, 22.5241235]]]]}}, {"type": "Feature", "id": "way/1431604103", "properties": {"tags": {"addr:housename": "绿景花园二期", "addr:housename:en": "Lvjing Garden Phase II", "addr:housename:zh": "绿景花园二期", "building": "apartments", "building:levels": "33", "name": "D栋", "name:en": "Block D", "name:zh": "D栋"}, "heightStatus": "levels_only_unverified", "source": "OpenStreetMap", "license": "ODbL-1.0"}, "geometry": {"type": "MultiPolygon", "coordinates": [[[[114.0378052, 22.5249885], [114.037952, 22.5248748], [114.0379962, 22.5249234], [114.0379813, 22.524935], [114.0379937, 22.5249486], [114.0380198, 22.5249507], [114.0380345, 22.5249393], [114.038022, 22.5249255], [114.0380747, 22.5248847], [114.0381978, 22.5250204], [114.0381327, 22.5250708], [114.0381202, 22.5250571], [114.0381038, 22.5250698], [114.0381467, 22.525117], [114.0381126, 22.5251435], [114.0380954, 22.5251245], [114.0380679, 22.5251457], [114.0379956, 22.525066], [114.0379094, 22.5251328], [114.0378864, 22.5251075], [114.0378658, 22.5251234], [114.0378372, 22.5250919], [114.0378884, 22.5250523], [114.0378747, 22.5250371], [114.0378598, 22.5250487], [114.0378052, 22.5249885]]]]}}, {"type": "Feature", "id": "way/1431604104", "properties": {"tags": {"addr:housename": "绿景花园二期", "addr:housename:en": "Lvjing Garden Phase II", "addr:housename:zh": "绿景花园二期", "building": "apartments", "building:levels": "33", "name": "A栋", "name:en": "Block A", "name:zh": "A栋"}, "heightStatus": "levels_only_unverified", "source": "OpenStreetMap", "license": "ODbL-1.0"}, "geometry": {"type": "MultiPolygon", "coordinates": [[[[114.0371623, 22.5243018], [114.0373356, 22.5241991], [114.0373609, 22.5242355], [114.0373445, 22.5242452], [114.0373606, 22.5242684], [114.037377, 22.5242587], [114.0373995, 22.5242911], [114.0374212, 22.5242938], [114.0374235, 22.524278], [114.0374805, 22.5242851], [114.0374686, 22.5243669], [114.0374349, 22.5243627], [114.037429, 22.5244027], [114.0373941, 22.5243984], [114.0373928, 22.5244079], [114.0373592, 22.5244037], [114.0373653, 22.5243615], [114.0373224, 22.5243562], [114.0373098, 22.5243945], [114.0373539, 22.5244069], [114.037344, 22.5244368], [114.037334, 22.524434], [114.0373237, 22.5244651], [114.0372819, 22.5244533], [114.037272, 22.5244834], [114.0371865, 22.5244594], [114.0372033, 22.5244085], [114.0372198, 22.5244132], [114.0372262, 22.5243938], [114.0372037, 22.5243614], [114.0372201, 22.5243517], [114.037204, 22.5243285], [114.0371876, 22.5243382], [114.0371623, 22.5243018]]]]}}, {"type": "Feature", "id": "way/1431604471", "properties": {"tags": {"addr:housename": "锦河苑", "addr:housename:en": "Jinhe Yuan", "addr:housename:zh": "锦河苑", "building": "apartments", "building:levels": "8", "name": "6栋", "name:en": "Block 6", "name:zh": "6栋"}, "heightStatus": "levels_only_unverified", "source": "OpenStreetMap", "license": "ODbL-1.0"}, "geometry": {"type": "MultiPolygon", "coordinates": [[[[114.0360614, 22.5271131], [114.0360635, 22.5270503], [114.0361206, 22.5270518], [114.036124, 22.526947], [114.0362498, 22.5269505], [114.0362463, 22.5270553], [114.0363034, 22.5270569], [114.0363014, 22.5271197], [114.0362706, 22.5271189], [114.0362703, 22.5271278], [114.0360919, 22.5271228], [114.0360922, 22.5271139], [114.0360614, 22.5271131]]]]}}, {"type": "Feature", "id": "way/1431604473", "properties": {"tags": {"addr:housename": "锦河苑", "addr:housename:en": "Jinhe Yuan", "addr:housename:zh": "锦河苑", "building": "apartments", "building:levels": "8", "name": "5栋", "name:en": "Block 5", "name:zh": "5栋"}, "heightStatus": "levels_only_unverified", "source": "OpenStreetMap", "license": "ODbL-1.0"}, "geometry": {"type": "MultiPolygon", "coordinates": [[[[114.0358982, 22.5268431], [114.0359002, 22.5267803], [114.0359573, 22.5267819], [114.0359607, 22.526677], [114.0360865, 22.5266805], [114.0360831, 22.5267854], [114.0361402, 22.526787], [114.0361381, 22.5268498], [114.0361074, 22.5268489], [114.0361071, 22.5268578], [114.0359286, 22.5268529], [114.0359289, 22.526844], [114.0358982, 22.5268431]]]]}}, {"type": "Feature", "id": "way/1431604475", "properties": {"tags": {"addr:housename": "锦河苑", "addr:housename:en": "Jinhe Yuan", "addr:housename:zh": "锦河苑", "building": "apartments", "building:levels": "8", "name": "4栋", "name:en": "Block 4", "name:zh": "4栋"}, "heightStatus": "levels_only_unverified", "source": "OpenStreetMap", "license": "ODbL-1.0"}, "geometry": {"type": "MultiPolygon", "coordinates": [[[[114.0353826, 22.5266707], [114.0353853, 22.5265907], [114.0354436, 22.5265923], [114.0354444, 22.5265684], [114.0355477, 22.5265713], [114.0355469, 22.5265952], [114.0355861, 22.5265963], [114.035588, 22.5265395], [114.0356463, 22.5265412], [114.0356471, 22.5265173], [114.0357504, 22.5265201], [114.0357497, 22.526544], [114.0357768, 22.5265448], [114.0357789, 22.5264807], [114.0358187, 22.5264818], [114.0358195, 22.5264579], [114.0359229, 22.5264607], [114.0359221, 22.5264846], [114.0359677, 22.5264859], [114.0359651, 22.526566], [114.0357807, 22.5265608], [114.0357786, 22.526625], [114.0355893, 22.5266197], [114.0355875, 22.5266764], [114.0353826, 22.5266707]]]]}}, {"type": "Feature", "id": "way/1431604476", "properties": {"tags": {"addr:housename": "锦河苑", "addr:housename:en": "Jinhe Yuan", "addr:housename:zh": "锦河苑", "building": "apartments", "building:levels": "8", "name": "3栋", "name:en": "Block 3", "name:zh": "3栋"}, "heightStatus": "levels_only_unverified", "source": "OpenStreetMap", "license": "ODbL-1.0"}, "geometry": {"type": "MultiPolygon", "coordinates": [[[[114.0349524, 22.5268974], [114.034955, 22.5268174], [114.0350134, 22.526819], [114.0350141, 22.5267951], [114.0351175, 22.526798], [114.0351167, 22.5268219], [114.0352334, 22.5268251], [114.0352342, 22.5268012], [114.0353375, 22.5268041], [114.0353367, 22.526828], [114.0353951, 22.5268296], [114.0353924, 22.5269097], [114.0349524, 22.5268974]]]]}}, {"type": "Feature", "id": "way/1431606664", "properties": {"tags": {"addr:housename": "绿景花园一期", "addr:housename:en": "Lvjing Garden Phase I", "addr:housename:zh": "绿景花园一期", "building": "apartments", "name": "4栋", "name:en": "Block 4", "name:zh": "4栋"}, "heightStatus": "unknown", "source": "OpenStreetMap", "license": "ODbL-1.0"}, "geometry": {"type": "MultiPolygon", "coordinates": [[[[114.0363858, 22.5246108], [114.0369031, 22.5243377], [114.0370146, 22.5245179], [114.0364972, 22.5247909], [114.0363858, 22.5246108]]]]}}, {"type": "Feature", "id": "way/1431606665", "properties": {"tags": {"addr:housename": "绿景花园一期", "addr:housename:en": "Lvjing Garden Phase I", "addr:housename:zh": "绿景花园一期", "building": "apartments", "name": "1栋", "name:en": "Block 1", "name:zh": "1栋"}, "heightStatus": "unknown", "source": "OpenStreetMap", "license": "ODbL-1.0"}, "geometry": {"type": "MultiPolygon", "coordinates": [[[[114.0368689, 22.525381], [114.0373957, 22.5251029], [114.0374647, 22.5252144], [114.0369379, 22.5254925], [114.0368689, 22.525381]]]]}}, {"type": "Feature", "id": "way/1431606666", "properties": {"tags": {"addr:housename": "绿景花园一期", "addr:housename:en": "Lvjing Garden Phase I", "addr:housename:zh": "绿景花园一期", "building": "apartments", "name": "2栋", "name:en": "Block 2", "name:zh": "2栋"}, "heightStatus": "unknown", "source": "OpenStreetMap", "license": "ODbL-1.0"}, "geometry": {"type": "MultiPolygon", "coordinates": [[[[114.0367065, 22.525156], [114.0372333, 22.5248779], [114.0373023, 22.5249894], [114.0367755, 22.5252675], [114.0367065, 22.525156]]]]}}, {"type": "Feature", "id": "way/1431606667", "properties": {"tags": {"addr:housename": "绿景花园一期", "addr:housename:en": "Lvjing Garden Phase I", "addr:housename:zh": "绿景花园一期", "building": "apartments", "name": "3栋", "name:en": "Block 3", "name:zh": "3栋"}, "heightStatus": "unknown", "source": "OpenStreetMap", "license": "ODbL-1.0"}, "geometry": {"type": "MultiPolygon", "coordinates": [[[[114.036561, 22.5249091], [114.0370878, 22.524631], [114.0371568, 22.5247426], [114.03663, 22.5250206], [114.036561, 22.5249091]]]]}}, {"type": "Feature", "id": "way/1431606669", "properties": {"tags": {"addr:housename": "绿景花园一期", "addr:housename:en": "Lvjing Garden Phase I", "addr:housename:zh": "绿景花园一期", "building": "apartments", "name": "6栋", "name:en": "Block 6", "name:zh": "6栋"}, "heightStatus": "unknown", "source": "OpenStreetMap", "license": "ODbL-1.0"}, "geometry": {"type": "MultiPolygon", "coordinates": [[[[114.0363759, 22.5254517], [114.0365155, 22.525378], [114.0365844, 22.5254895], [114.0366182, 22.5254717], [114.0365492, 22.5253602], [114.0366888, 22.5252865], [114.0367578, 22.5253981], [114.0367746, 22.5253891], [114.0368246, 22.5254699], [114.036478, 22.5256528], [114.036428, 22.5255721], [114.0364449, 22.5255632], [114.0363759, 22.5254517]]]]}}, {"type": "Feature", "id": "way/1431606670", "properties": {"tags": {"addr:housename": "绿景花园一期", "addr:housename:en": "Lvjing Garden Phase I", "addr:housename:zh": "绿景花园一期", "building": "apartments", "name": "5栋", "name:en": "Block 5", "name:zh": "5栋"}, "heightStatus": "unknown", "source": "OpenStreetMap", "license": "ODbL-1.0"}, "geometry": {"type": "MultiPolygon", "coordinates": [[[[114.0359889, 22.5248653], [114.0361393, 22.524786], [114.0361993, 22.524883], [114.0362497, 22.5248564], [114.0361897, 22.5247593], [114.0363401, 22.52468], [114.036374, 22.5247348], [114.0363456, 22.5247498], [114.0363717, 22.524792], [114.0364012, 22.5247765], [114.0364537, 22.5248613], [114.0361003, 22.5250478], [114.0360478, 22.524963], [114.0360773, 22.5249474], [114.0360512, 22.5249052], [114.0360228, 22.5249201], [114.0359889, 22.5248653]]]]}}, {"type": "Feature", "id": "way/1431606671", "properties": {"tags": {"addr:housename": "凯欣园", "addr:housename:en": "Kaixin Garden", "addr:housename:zh": "凯欣园", "building": "apartments", "building:levels": "10", "name": "2栋", "name:en": "Block 2", "name:zh": "2栋"}, "heightStatus": "levels_only_unverified", "source": "OpenStreetMap", "license": "ODbL-1.0"}, "geometry": {"type": "MultiPolygon", "coordinates": [[[[114.0378547, 22.5255065], [114.0378688, 22.5253912], [114.0383751, 22.5254442], [114.0383689, 22.5254948], [114.0383609, 22.5255596], [114.0378547, 22.5255065]]]]}}, {"type": "Feature", "id": "way/1431606672", "properties": {"tags": {"addr:housename": "凯欣园", "addr:housename:en": "Kaixin Garden", "addr:housename:zh": "凯欣园", "building": "apartments", "building:levels": "10", "name": "1栋", "name:en": "Block 1", "name:zh": "1栋"}, "heightStatus": "levels_only_unverified", "source": "OpenStreetMap", "license": "ODbL-1.0"}, "geometry": {"type": "MultiPolygon", "coordinates": [[[[114.0383547, 22.5256101], [114.0383609, 22.5255596], [114.0383689, 22.5254948], [114.0386207, 22.5255212], [114.0386065, 22.5256365], [114.0383547, 22.5256101]]]]}}, {"type": "Feature", "id": "way/1431606673", "properties": {"tags": {"addr:housename": "凯欣园", "addr:housename:en": "Kaixin Garden", "addr:housename:zh": "凯欣园", "building": "apartments", "building:levels": "10", "name": "3栋", "name:en": "Block 3", "name:zh": "3栋"}, "heightStatus": "levels_only_unverified", "source": "OpenStreetMap", "license": "ODbL-1.0"}, "geometry": {"type": "MultiPolygon", "coordinates": [[[[114.0378116, 22.5258203], [114.0378258, 22.525705], [114.038114, 22.5257351], [114.0380998, 22.5258505], [114.0378116, 22.5258203]]]]}}, {"type": "Feature", "id": "way/1431606674", "properties": {"tags": {"addr:housename": "凯欣园", "addr:housename:en": "Kaixin Garden", "addr:housename:zh": "凯欣园", "building": "apartments", "building:levels": "10", "name": "4栋", "name:en": "Block 4", "name:zh": "4栋"}, "heightStatus": "levels_only_unverified", "source": "OpenStreetMap", "license": "ODbL-1.0"}, "geometry": {"type": "MultiPolygon", "coordinates": [[[[114.0379642, 22.5261434], [114.0379784, 22.5260281], [114.0384687, 22.5260794], [114.0384546, 22.5261947], [114.0379642, 22.5261434]]]]}}, {"type": "Feature", "id": "way/1431606676", "properties": {"tags": {"addr:housename": "新中苑", "addr:housename:en": "Xinzhong Garden", "addr:housename:zh": "新中苑", "building": "apartments", "name": "4号", "name:en": "Block 4", "name:zh": "4号"}, "heightStatus": "unknown", "source": "OpenStreetMap", "license": "ODbL-1.0"}, "geometry": {"type": "MultiPolygon", "coordinates": [[[[114.0372666, 22.5268561], [114.0373512, 22.5268117], [114.0374484, 22.5269697], [114.0373638, 22.527014], [114.0372666, 22.5268561]]]]}}, {"type": "Feature", "id": "way/1431606678", "properties": {"tags": {"addr:housename": "新中苑", "addr:housename:en": "Xinzhong Garden", "addr:housename:zh": "新中苑", "building": "apartments", "name": "1号", "name:en": "Block 1", "name:zh": "1号"}, "heightStatus": "unknown", "source": "OpenStreetMap", "license": "ODbL-1.0"}, "geometry": {"type": "MultiPolygon", "coordinates": [[[[114.037465, 22.5267353], [114.0375496, 22.5266909], [114.0376623, 22.526874], [114.0375777, 22.5269184], [114.037465, 22.5267353]]]]}}, {"type": "Feature", "id": "way/1431606679", "properties": {"tags": {"addr:housename": "新中苑", "addr:housename:en": "Xinzhong Garden", "addr:housename:zh": "新中苑", "building": "apartments", "name": "3号", "name:en": "Block 3", "name:zh": "3号"}, "heightStatus": "unknown", "source": "OpenStreetMap", "license": "ODbL-1.0"}, "geometry": {"type": "MultiPolygon", "coordinates": [[[[114.0371912, 22.5267335], [114.0373627, 22.5266434], [114.0374108, 22.5267215], [114.0372392, 22.5268116], [114.0371912, 22.5267335]]]]}}, {"type": "Feature", "id": "way/1431606681", "properties": {"tags": {"addr:housename": "新中苑", "addr:housename:en": "Xinzhong Garden", "addr:housename:zh": "新中苑", "building": "apartments", "name": "2号", "name:en": "Block 2", "name:zh": "2号"}, "heightStatus": "unknown", "source": "OpenStreetMap", "license": "ODbL-1.0"}, "geometry": {"type": "MultiPolygon", "coordinates": [[[[114.0373627, 22.5266434], [114.0373978, 22.526625], [114.0375297, 22.5266585], [114.0375496, 22.5266909], [114.037465, 22.5267353], [114.0374108, 22.5267215], [114.0373627, 22.5266434]]]]}}, {"type": "Feature", "id": "way/1431606682", "properties": {"tags": {"addr:housename": "蜜园", "addr:housename:en": "Miyuan Garden", "addr:housename:zh": "蜜园", "building": "apartments", "building:levels": "33", "name": "A栋", "name:en": "Block A", "name:zh": "A栋"}, "heightStatus": "levels_only_unverified", "source": "OpenStreetMap", "license": "ODbL-1.0"}, "geometry": {"type": "MultiPolygon", "coordinates": [[[[114.0377409, 22.5265754], [114.0377869, 22.5265495], [114.0377887, 22.5265251], [114.0377986, 22.5265023], [114.0378157, 22.5264835], [114.0378382, 22.5264705], [114.037864, 22.5264645], [114.0378905, 22.5264663], [114.0379151, 22.5264756], [114.0379354, 22.5264914], [114.0379494, 22.5265123], [114.0379556, 22.5265362], [114.0379536, 22.5265606], [114.0380162, 22.5266555], [114.038048, 22.5266713], [114.0380823, 22.526682], [114.0381181, 22.5266871], [114.0381542, 22.5266865], [114.0381703, 22.5268334], [114.0381111, 22.5268342], [114.0380526, 22.5268256], [114.0379966, 22.5268078], [114.0379804, 22.5268436], [114.0378564, 22.5267956], [114.0378685, 22.526769], [114.0377409, 22.5265754]]]]}}, {"type": "Feature", "id": "way/1431606683", "properties": {"tags": {"addr:housename": "蜜园", "addr:housename:en": "Miyuan Garden", "addr:housename:zh": "蜜园", "building": "apartments", "building:levels": "33", "name": "B栋", "name:en": "Block B", "name:zh": "B栋"}, "heightStatus": "levels_only_unverified", "source": "OpenStreetMap", "license": "ODbL-1.0"}, "geometry": {"type": "MultiPolygon", "coordinates": [[[[114.0381542, 22.5266865], [114.0381898, 22.5266804], [114.0382237, 22.5266688], [114.038255, 22.526652], [114.0382828, 22.5266307], [114.0383236, 22.5265261], [114.0383163, 22.5265025], [114.0383173, 22.526478], [114.0383265, 22.526455], [114.0383429, 22.5264357], [114.038365, 22.5264221], [114.0383906, 22.5264155], [114.0384172, 22.5264165], [114.0384421, 22.5264251], [114.0384629, 22.5264404], [114.0384775, 22.5264609], [114.0384845, 22.5264845], [114.0385352, 22.5265014], [114.0384521, 22.5267146], [114.0384697, 22.5267384], [114.0383586, 22.5268084], [114.0383349, 22.5267763], [114.0382839, 22.526804], [114.0382285, 22.5268233], [114.0381703, 22.5268334], [114.0381542, 22.5266865]]]]}}, {"type": "Feature", "id": "way/1431606685", "properties": {"tags": {"addr:housename": "宝鸿苑", "addr:housename:en": "Baohong Garden", "addr:housename:zh": "宝鸿苑", "building": "apartments", "name": "4栋", "name:en": "Block 4", "name:zh": "4栋"}, "heightStatus": "unknown", "source": "OpenStreetMap", "license": "ODbL-1.0"}, "geometry": {"type": "MultiPolygon", "coordinates": [[[[114.0367608, 22.5259351], [114.0367615, 22.5258658], [114.0369992, 22.525868], [114.0369988, 22.5259029], [114.0369985, 22.525937], [114.0369768, 22.5259368], [114.0369763, 22.5259799], [114.0367796, 22.5259781], [114.0367801, 22.5259353], [114.0367608, 22.5259351]]]]}}, {"type": "Feature", "id": "way/1431606686", "properties": {"tags": {"addr:housename": "宝鸿苑", "addr:housename:en": "Baohong Garden", "addr:housename:zh": "宝鸿苑", "building": "apartments", "name": "5栋", "name:en": "Block 5", "name:zh": "5栋"}, "heightStatus": "unknown", "source": "OpenStreetMap", "license": "ODbL-1.0"}, "geometry": {"type": "MultiPolygon", "coordinates": [[[[114.0369988, 22.5259029], [114.0369992, 22.525868], [114.0369996, 22.5258341], [114.037504, 22.5258387], [114.0375033, 22.5259085], [114.0374837, 22.5259083], [114.0374832, 22.5259509], [114.0372544, 22.5259488], [114.0372548, 22.5259052], [114.0372141, 22.5259048], [114.0372137, 22.5259477], [114.037017, 22.5259459], [114.0370175, 22.5259031], [114.0369988, 22.5259029]]]]}}, {"type": "Feature", "id": "way/1431606687", "properties": {"tags": {"addr:housename": "宝鸿苑", "addr:housename:en": "Baohong Garden", "addr:housename:zh": "宝鸿苑", "building": "apartments", "name": "3栋", "name:en": "Block 3", "name:zh": "3栋"}, "heightStatus": "unknown", "source": "OpenStreetMap", "license": "ODbL-1.0"}, "geometry": {"type": "MultiPolygon", "coordinates": [[[[114.0375266, 22.5260949], [114.0375273, 22.5260256], [114.0377629, 22.5260278], [114.0377621, 22.5260968], [114.0377425, 22.5260966], [114.0377421, 22.5261397], [114.0375454, 22.5261379], [114.0375459, 22.5260951], [114.0375266, 22.5260949]]]]}}, {"type": "Feature", "id": "way/1431606688", "properties": {"tags": {"addr:housename": "宝鸿苑", "addr:housename:en": "Baohong Garden", "addr:housename:zh": "宝鸿苑", "building": "apartments", "name": "1栋", "name:en": "Block 1", "name:zh": "1栋"}, "heightStatus": "unknown", "source": "OpenStreetMap", "license": "ODbL-1.0"}, "geometry": {"type": "MultiPolygon", "coordinates": [[[[114.0369975, 22.5264015], [114.0369982, 22.5263323], [114.0372338, 22.5263344], [114.0372331, 22.5264034], [114.0372135, 22.5264032], [114.037213, 22.5264463], [114.0370163, 22.5264445], [114.0370168, 22.5264017], [114.0369975, 22.5264015]]]]}}, {"type": "Feature", "id": "way/1431606689", "properties": {"tags": {"addr:housename": "宝鸿苑", "addr:housename:en": "Baohong Garden", "addr:housename:zh": "宝鸿苑", "building": "apartments", "name": "2栋", "name:en": "Block 2", "name:zh": "2栋"}, "heightStatus": "unknown", "source": "OpenStreetMap", "license": "ODbL-1.0"}, "geometry": {"type": "MultiPolygon", "coordinates": [[[[114.0372533, 22.5262549], [114.0372543, 22.5261858], [114.037526, 22.5261889], [114.0375251, 22.526258], [114.0375057, 22.5262578], [114.0375051, 22.5263008], [114.0372722, 22.5262981], [114.0372728, 22.5262551], [114.0372533, 22.5262549]]]]}}, {"type": "Feature", "id": "relation/19627884", "properties": {"tags": {"building": "school"}, "heightStatus": "unknown", "source": "OpenStreetMap", "license": "ODbL-1.0"}, "geometry": {"type": "MultiPolygon", "coordinates": [[[[114.0440972, 22.5230608], [114.0446089, 22.5230186], [114.0446381, 22.523321], [114.0441264, 22.5233632], [114.0440972, 22.5230608]], [[114.0442169, 22.5231231], [114.0442221, 22.5231768], [114.0442535, 22.5231742], [114.0442679, 22.5231765], [114.0442791, 22.5231852], [114.0442841, 22.5231978], [114.0442816, 22.5232111], [114.0442722, 22.5232214], [114.0442585, 22.523226], [114.0442271, 22.5232286], [114.0442323, 22.5232823], [114.0445212, 22.5232585], [114.0445058, 22.5230993], [114.0442169, 22.5231231]]]]}}, {"type": "Feature", "id": "way/1431613785", "properties": {"tags": {"addr:housename": "金海·丽名居", "addr:housename:en": "Jinhai Li Mingju", "addr:housename:zh": "金海·丽名居", "building": "apartments", "building:levels": "22", "name": "B2栋", "name:en": "Block B2", "name:zh": "B2栋"}, "heightStatus": "levels_only_unverified", "source": "OpenStreetMap", "license": "ODbL-1.0"}, "geometry": {"type": "MultiPolygon", "coordinates": [[[[114.0369666, 22.5198151], [114.03701, 22.5197919], [114.0370145, 22.519799], [114.0370575, 22.5197759], [114.0370396, 22.5197473], [114.0370782, 22.5197267], [114.0371532, 22.5198463], [114.0371866, 22.5198284], [114.0372247, 22.5198892], [114.0370731, 22.5199704], [114.0370637, 22.5199553], [114.037041, 22.5199675], [114.0370036, 22.5199078], [114.0370194, 22.5198993], [114.0369666, 22.5198151]]]]}}, {"type": "Feature", "id": "way/1431613786", "properties": {"tags": {"addr:housename": "金海·丽名居", "addr:housename:en": "Jinhai Li Mingju", "addr:housename:zh": "金海·丽名居", "building": "apartments", "building:levels": "22", "name": "A1栋", "name:en": "Block A1", "name:zh": "A1栋"}, "heightStatus": "levels_only_unverified", "source": "OpenStreetMap", "license": "ODbL-1.0"}, "geometry": {"type": "MultiPolygon", "coordinates": [[[[114.0368375, 22.5194178], [114.0369066, 22.5193808], [114.0368637, 22.5193125], [114.0369923, 22.5192436], [114.0370352, 22.519312], [114.0371033, 22.5192755], [114.0371283, 22.5193154], [114.0371081, 22.5193262], [114.0371422, 22.5193804], [114.0368965, 22.5195119], [114.0368375, 22.5194178]]]]}}, {"type": "Feature", "id": "way/1431613787", "properties": {"tags": {"addr:housename": "金地海景花园", "addr:housename:en": "Gemdale Seaview Garden", "addr:housename:zh": "金地海景花园", "building": "apartments", "name": "16栋", "name:en": "Block 16", "name:zh": "16栋"}, "heightStatus": "unknown", "source": "OpenStreetMap", "license": "ODbL-1.0"}, "geometry": {"type": "MultiPolygon", "coordinates": [[[[114.0373812, 22.5190439], [114.03753, 22.5189642], [114.0375468, 22.518991], [114.0375636, 22.518982], [114.0376159, 22.5190654], [114.0374335, 22.5191631], [114.0373812, 22.5190797], [114.037398, 22.5190707], [114.0373812, 22.5190439]]]]}}, {"type": "Feature", "id": "way/1431613788", "properties": {"tags": {"addr:housename": "金地海景花园", "addr:housename:en": "Gemdale Seaview Garden", "addr:housename:zh": "金地海景花园", "building": "apartments", "name": "17栋", "name:en": "Block 17", "name:zh": "17栋"}, "heightStatus": "unknown", "source": "OpenStreetMap", "license": "ODbL-1.0"}, "geometry": {"type": "MultiPolygon", "coordinates": [[[[114.0371988, 22.5191415], [114.0373476, 22.5190619], [114.0373644, 22.5190887], [114.0373812, 22.5190797], [114.0374335, 22.5191631], [114.0372511, 22.5192607], [114.0371988, 22.5191773], [114.0372156, 22.5191683], [114.0371988, 22.5191415]]]]}}, {"type": "Feature", "id": "way/1431613797", "properties": {"tags": {"addr:housename": "金地海景花园", "addr:housename:en": "Gemdale Seaview Garden", "addr:housename:zh": "金地海景花园", "building": "apartments", "name": "21栋", "name:en": "Block 21", "name:zh": "21栋"}, "heightStatus": "unknown", "source": "OpenStreetMap", "license": "ODbL-1.0"}, "geometry": {"type": "MultiPolygon", "coordinates": [[[[114.0362349, 22.5191413], [114.0365962, 22.5189479], [114.0366765, 22.5190758], [114.0363152, 22.5192693], [114.0362349, 22.5191413]]]]}}, {"type": "Feature", "id": "way/1431620779", "properties": {"tags": {"addr:housename": "金地环湾城", "addr:housename:en": "Gemdale Huanwan City", "addr:housename:zh": "金地环湾城", "building": "construction", "construction": "commercial", "name": "2栋", "name:en": "Block 2", "name:zh": "2栋"}, "heightStatus": "unknown", "source": "OpenStreetMap", "license": "ODbL-1.0"}, "geometry": {"type": "MultiPolygon", "coordinates": [[[[114.0350887, 22.5238901], [114.0356001, 22.5236158], [114.0357987, 22.5239318], [114.0352874, 22.5242061], [114.0350887, 22.5238901]]]]}}, {"type": "Feature", "id": "way/1431620780", "properties": {"tags": {"addr:housename": "金地环湾城", "addr:housename:en": "Gemdale Huanwan City", "addr:housename:zh": "金地环湾城", "building": "construction", "construction": "apartments", "name": "5栋", "name:en": "Block 5", "name:zh": "5栋"}, "heightStatus": "unknown", "source": "OpenStreetMap", "license": "ODbL-1.0"}, "geometry": {"type": "MultiPolygon", "coordinates": [[[[114.0362346, 22.5232839], [114.0364466, 22.523215], [114.036484, 22.5233134], [114.0365259, 22.5232998], [114.0365901, 22.5234684], [114.0364871, 22.5235019], [114.0365139, 22.5235722], [114.0364247, 22.5236012], [114.0363859, 22.5234991], [114.0362893, 22.5235305], [114.0362372, 22.5233936], [114.036272, 22.5233823], [114.0362346, 22.5232839]]]]}}, {"type": "Feature", "id": "way/1431620781", "properties": {"tags": {"addr:housename": "金地环湾城", "addr:housename:en": "Gemdale Huanwan City", "addr:housename:zh": "金地环湾城", "building": "construction", "construction": "apartments", "name": "6栋", "name:en": "Block 6", "name:zh": "6栋"}, "heightStatus": "unknown", "source": "OpenStreetMap", "license": "ODbL-1.0"}, "geometry": {"type": "MultiPolygon", "coordinates": [[[[114.0357487, 22.5230297], [114.0359607, 22.5229608], [114.0359982, 22.5230592], [114.0360401, 22.5230456], [114.0361043, 22.5232142], [114.0360013, 22.5232477], [114.036028, 22.523318], [114.0359389, 22.523347], [114.0359, 22.5232449], [114.0358035, 22.5232762], [114.0357514, 22.5231394], [114.0357862, 22.523128], [114.0357487, 22.5230297]]]]}}, {"type": "Feature", "id": "way/1431620787", "properties": {"tags": {"addr:housename": "金地环湾城", "addr:housename:en": "Gemdale Huanwan City", "addr:housename:zh": "金地环湾城", "building": "construction", "building:levels": "60", "construction": "apartments", "name": "1栋", "name:en": "Block 1", "name:zh": "1栋"}, "heightStatus": "levels_only_unverified", "source": "OpenStreetMap", "license": "ODbL-1.0"}, "geometry": {"type": "MultiPolygon", "coordinates": [[[[114.0352361, 22.5226072], [114.0353983, 22.5225228], [114.0354409, 22.5225926], [114.035407, 22.5226102], [114.0354196, 22.522631], [114.0354967, 22.5225909], [114.035574, 22.5227176], [114.0354897, 22.5227614], [114.0355385, 22.5228414], [114.0354539, 22.5228855], [114.035389, 22.522779], [114.0353212, 22.5228142], [114.0352601, 22.5227139], [114.0353252, 22.5226801], [114.0353125, 22.5226593], [114.0352786, 22.522677], [114.0352361, 22.5226072]]]]}}, {"type": "Feature", "id": "way/1431620788", "properties": {"tags": {"addr:housename": "金地环湾城", "addr:housename:en": "Gemdale Huanwan City", "addr:housename:zh": "金地环湾城", "building": "construction", "building:levels": "60", "construction": "apartments", "name": "2栋", "name:en": "Block 2", "name:zh": "2栋"}, "heightStatus": "levels_only_unverified", "source": "OpenStreetMap", "license": "ODbL-1.0"}, "geometry": {"type": "MultiPolygon", "coordinates": [[[[114.0348163, 22.5223697], [114.0349786, 22.5222853], [114.0350211, 22.5223551], [114.0349872, 22.5223727], [114.0349999, 22.5223935], [114.035077, 22.5223534], [114.0351542, 22.5224801], [114.03507, 22.5225239], [114.0351187, 22.5226039], [114.0350341, 22.5226479], [114.0349692, 22.5225414], [114.0349015, 22.5225767], [114.0348404, 22.5224764], [114.0349054, 22.5224426], [114.0348927, 22.5224218], [114.0348588, 22.5224394], [114.0348163, 22.5223697]]]]}}]}