{"type": "FeatureCollection", "features": [{"type": "Feature", "id": "way/181707725", "properties": {"tags": {"amenity": "place_of_worship", "building": "church", "name": "基督教深圳堂", "name:en": "Shenzhen Christian Church", "name:zh": "基督教深圳堂", "religion": "christian"}, "heightStatus": "unknown", "source": "OpenStreetMap", "license": "ODbL-1.0"}, "geometry": {"type": "MultiPolygon", "coordinates": [[[[114.0414814, 22.5711826], [114.0415917, 22.5709444], [114.0422343, 22.5709576], [114.0422285, 22.5711979], [114.0414814, 22.5711826]]]]}}, {"type": "Feature", "id": "way/1135927465", "properties": {"tags": {"building": "residential"}, "heightStatus": "unknown", "source": "OpenStreetMap", "license": "ODbL-1.0"}, "geometry": {"type": "MultiPolygon", "coordinates": [[[[114.0420608, 22.5688268], [114.0421756, 22.5687811], [114.0421974, 22.5688278], [114.0421872, 22.5688318], [114.0422141, 22.5688895], [114.0421094, 22.5689311], [114.0420608, 22.5688268]]]]}}, {"type": "Feature", "id": "way/1135927466", "properties": {"tags": {"building": "residential"}, "heightStatus": "unknown", "source": "OpenStreetMap", "license": "ODbL-1.0"}, "geometry": {"type": "MultiPolygon", "coordinates": [[[[114.0421086, 22.5685373], [114.0421092, 22.568443], [114.0421997, 22.5684435], [114.0421991, 22.5685379], [114.0421086, 22.5685373]]]]}}, {"type": "Feature", "id": "way/1135927467", "properties": {"tags": {"building": "residential"}, "heightStatus": "unknown", "source": "OpenStreetMap", "license": "ODbL-1.0"}, "geometry": {"type": "MultiPolygon", "coordinates": [[[[114.0422078, 22.5685353], [114.0422103, 22.5684393], [114.042323, 22.5684419], [114.0423204, 22.5685378], [114.0422078, 22.5685353]]]]}}, {"type": "Feature", "id": "way/1135927468", "properties": {"tags": {"building": "residential"}, "heightStatus": "unknown", "source": "OpenStreetMap", "license": "ODbL-1.0"}, "geometry": {"type": "MultiPolygon", "coordinates": [[[[114.0425631, 22.5682241], [114.0427627, 22.5682191], [114.0427667, 22.5683538], [114.0425671, 22.5683588], [114.0425631, 22.5682241]]]]}}, {"type": "Feature", "id": "way/1135927469", "properties": {"tags": {"building": "residential"}, "heightStatus": "unknown", "source": "OpenStreetMap", "license": "ODbL-1.0"}, "geometry": {"type": "MultiPolygon", "coordinates": [[[[114.0430586, 22.5687441], [114.0430847, 22.5686279], [114.0431815, 22.5686464], [114.0431555, 22.5687626], [114.0430586, 22.5687441]]]]}}, {"type": "Feature", "id": "way/1135927470", "properties": {"tags": {"building": "yes"}, "heightStatus": "unknown", "source": "OpenStreetMap", "license": "ODbL-1.0"}, "geometry": {"type": "MultiPolygon", "coordinates": [[[[114.0425089, 22.5687331], [114.0425155, 22.5686282], [114.0427428, 22.5686404], [114.0427362, 22.5687453], [114.0425089, 22.5687331]]]]}}, {"type": "Feature", "id": "way/1135927471", "properties": {"tags": {"building": "yes"}, "heightStatus": "unknown", "source": "OpenStreetMap", "license": "ODbL-1.0"}, "geometry": {"type": "MultiPolygon", "coordinates": [[[[114.0422814, 22.5689089], [114.0423603, 22.5688811], [114.0423962, 22.5689683], [114.0423173, 22.568996], [114.0422814, 22.5689089]]]]}}, {"type": "Feature", "id": "way/1135927472", "properties": {"tags": {"building": "yes"}, "heightStatus": "unknown", "source": "OpenStreetMap", "license": "ODbL-1.0"}, "geometry": {"type": "MultiPolygon", "coordinates": [[[[114.0424016, 22.5688791], [114.0424856, 22.5688544], [114.0425178, 22.5689476], [114.0424338, 22.5689723], [114.0424016, 22.5688791]]]]}}, {"type": "Feature", "id": "way/1243207413", "properties": {"tags": {"building": "yes"}, "heightStatus": "unknown", "source": "OpenStreetMap", "license": "ODbL-1.0"}, "geometry": {"type": "MultiPolygon", "coordinates": [[[[114.0426138, 22.5701151], [114.0427251, 22.5697346], [114.0430295, 22.5698105], [114.0429589, 22.5700516], [114.0431253, 22.5700931], [114.0431321, 22.5700698], [114.0432162, 22.5700908], [114.0431629, 22.5702731], [114.0430689, 22.5702496], [114.0430516, 22.5703091], [114.0427475, 22.5702333], [114.0427706, 22.5701542], [114.0426138, 22.5701151]]]]}}, {"type": "Feature", "id": "way/1243207414", "properties": {"tags": {"building": "yes"}, "heightStatus": "unknown", "source": "OpenStreetMap", "license": "ODbL-1.0"}, "geometry": {"type": "MultiPolygon", "coordinates": [[[[114.0432222, 22.5702399], [114.0432615, 22.5701361], [114.0435187, 22.5702217], [114.0436053, 22.5700034], [114.0439188, 22.5701633], [114.0438831, 22.5702229], [114.0443475, 22.5704524], [114.0442885, 22.5705466], [114.0438215, 22.5703259], [114.043806, 22.5703519], [114.043643, 22.5702591], [114.0435998, 22.5703526], [114.0432222, 22.5702399]]]]}}, {"type": "Feature", "id": "way/1243990426", "properties": {"tags": {"addr:housename": "文伟阁", "addr:housename:en": "Wenwei Tower", "addr:housename:zh": "文伟阁", "building": "apartments", "building:levels": "25", "name": "B栋", "name:en": "Block B", "name:zh": "B栋"}, "heightStatus": "levels_only_unverified", "source": "OpenStreetMap", "license": "ODbL-1.0"}, "geometry": {"type": "MultiPolygon", "coordinates": [[[[114.0376712, 22.5717784], [114.0379248, 22.5716303], [114.0379414, 22.5716546], [114.0379819, 22.571631], [114.0379986, 22.5716554], [114.0380197, 22.5716431], [114.0380908, 22.571747], [114.0380516, 22.5717698], [114.0381167, 22.571865], [114.0380977, 22.5718761], [114.0381169, 22.5719042], [114.0380739, 22.5719293], [114.0380156, 22.5718418], [114.0379874, 22.5718599], [114.0379687, 22.5718347], [114.0380154, 22.571805], [114.0379542, 22.5717226], [114.0377642, 22.5718442], [114.0377274, 22.5717961], [114.0376985, 22.5718145], [114.0376712, 22.5717784]]]]}}, {"type": "Feature", "id": "way/1243990428", "properties": {"tags": {"addr:housename": "鸿浩阁", "addr:housename:en": "Honghao Tower", "addr:housename:zh": "鸿浩阁", "building": "apartments", "building:levels": "25", "name": "A栋", "name:en": "Block A", "name:zh": "A栋"}, "heightStatus": "levels_only_unverified", "source": "OpenStreetMap", "license": "ODbL-1.0"}, "geometry": {"type": "MultiPolygon", "coordinates": [[[[114.0367621, 22.5717732], [114.036986, 22.5716208], [114.0370407, 22.5716893], [114.0368169, 22.5718418], [114.0367621, 22.5717732]]]]}}, {"type": "Feature", "id": "way/1243990429", "properties": {"tags": {"addr:housename": "鸿浩阁", "addr:housename:en": "Honghao Tower", "addr:housename:zh": "鸿浩阁", "building": "apartments", "building:levels": "25", "name": "B栋", "name:en": "Block B", "name:zh": "B栋"}, "heightStatus": "levels_only_unverified", "source": "OpenStreetMap", "license": "ODbL-1.0"}, "geometry": {"type": "MultiPolygon", "coordinates": [[[[114.0370499, 22.5717936], [114.0371248, 22.5717421], [114.0373094, 22.5719709], [114.0372345, 22.5720224], [114.0370499, 22.5717936]]]]}}, {"type": "Feature", "id": "way/1243990439", "properties": {"tags": {"addr:city": "深圳市", "addr:country": "CN", "addr:district": "福田区", "addr:housenumber": "1", "addr:postcode": "518000", "addr:province": "广东省", "addr:street": "梅亭路", "addr:subdistrict": "梅林街道", "building": "hospital", "name": "福田区第二人民医院(龙尾院区)", "name:en": "Futian District Second People's Hospital (Longwei Campus)", "name:zh": "福田区第二人民医院(龙尾院区)", "name:zh-Hans": "福田区第二人民医院(龙尾院区)", "name:zh-Hant": "福田區第二人民醫院(龍尾院區)"}, "heightStatus": "unknown", "source": "OpenStreetMap", "license": "ODbL-1.0"}, "geometry": {"type": "MultiPolygon", "coordinates": [[[[114.0373801, 22.5695326], [114.0374723, 22.5693447], [114.0379414, 22.5695409], [114.0378878, 22.5696501], [114.03787, 22.5696426], [114.0378314, 22.5697214], [114.0373801, 22.5695326]]]]}}, {"type": "Feature", "id": "way/1243990442", "properties": {"tags": {"building": "apartments"}, "heightStatus": "unknown", "source": "OpenStreetMap", "license": "ODbL-1.0"}, "geometry": {"type": "MultiPolygon", "coordinates": [[[[114.0369484, 22.5700581], [114.0370345, 22.5698711], [114.0372539, 22.5699573], [114.0372396, 22.5699883], [114.0372962, 22.5700105], [114.0373105, 22.5699795], [114.0374651, 22.5700402], [114.0374519, 22.5700688], [114.0375067, 22.5700903], [114.0374678, 22.5701749], [114.037451, 22.5701683], [114.0374171, 22.5702418], [114.037257, 22.5701789], [114.0372596, 22.5701732], [114.0372083, 22.5701531], [114.0372176, 22.5701328], [114.037198, 22.570125], [114.0372221, 22.5700726], [114.0371912, 22.5700604], [114.0371583, 22.5701318], [114.0371012, 22.5701094], [114.0370978, 22.5701168], [114.0369484, 22.5700581]]]]}}, {"type": "Feature", "id": "way/1243990443", "properties": {"tags": {"building": "apartments"}, "heightStatus": "unknown", "source": "OpenStreetMap", "license": "ODbL-1.0"}, "geometry": {"type": "MultiPolygon", "coordinates": [[[[114.0375109, 22.5702298], [114.0376717, 22.5698726], [114.0378444, 22.5699388], [114.0378236, 22.5699851], [114.0378418, 22.569992], [114.0377018, 22.5703031], [114.0375109, 22.5702298]]]]}}, {"type": "Feature", "id": "way/1243990456", "properties": {"tags": {"building": "industrial", "name": "长虹工业大厦"}, "heightStatus": "unknown", "source": "OpenStreetMap", "license": "ODbL-1.0"}, "geometry": {"type": "MultiPolygon", "coordinates": [[[[114.0397303, 22.5653144], [114.0397701, 22.5652347], [114.0400944, 22.5653728], [114.0401168, 22.5653278], [114.0401942, 22.5653608], [114.0402339, 22.5652814], [114.0403052, 22.5653118], [114.0401741, 22.5655744], [114.0397554, 22.5653962], [114.0397847, 22.5653376], [114.0397303, 22.5653144]]]]}}, {"type": "Feature", "id": "way/1243990457", "properties": {"tags": {"building": "industrial", "name": "满京华投资大厦"}, "heightStatus": "unknown", "source": "OpenStreetMap", "license": "ODbL-1.0"}, "geometry": {"type": "MultiPolygon", "coordinates": [[[[114.0393276, 22.5656856], [114.0394653, 22.5653926], [114.0396558, 22.5654689], [114.0396008, 22.565586], [114.0400761, 22.5657766], [114.0399934, 22.5659525], [114.0393276, 22.5656856]]]]}}, {"type": "Feature", "id": "way/1309874874", "properties": {"tags": {"building": "train_station", "building:levels": "0", "building:levels:underground": "2", "layer": "-1", "location": "underground", "name": "下梅林站", "name:en": "Xiameilin Station", "name:zh": "下梅林站", "public_transport": "station", "start_date": "2016-10-28", "wikidata": "Q27825823", "wikipedia": "zh:下梅林站"}, "heightStatus": "levels_only_unverified", "source": "OpenStreetMap", "license": "ODbL-1.0"}, "geometry": {"type": "MultiPolygon", "coordinates": [[[[114.0353745, 22.568239], [114.0354073, 22.5681981], [114.0354251, 22.5682112], [114.0355014, 22.5680809], [114.0355467, 22.5680982], [114.0356457, 22.5678897], [114.0356535, 22.5678934], [114.0357295, 22.5676155], [114.0357828, 22.567626], [114.0357159, 22.5678886], [114.0357034, 22.5679118], [114.0357878, 22.5679464], [114.0357807, 22.5679596], [114.0366506, 22.5683115], [114.0366819, 22.5682455], [114.0369476, 22.568353], [114.0369424, 22.5683641], [114.0372934, 22.5685056], [114.0372729, 22.5685469], [114.0368877, 22.568388], [114.0368796, 22.5684047], [114.0380563, 22.5688796], [114.038085, 22.5688149], [114.0381834, 22.5687805], [114.0383462, 22.5688435], [114.038333, 22.5688689], [114.038416, 22.5689026], [114.0383808, 22.5689755], [114.0383341, 22.5689795], [114.0382452, 22.5691671], [114.0361034, 22.5682941], [114.0360848, 22.5683336], [114.0356436, 22.5681505], [114.0355714, 22.5681833], [114.0354319, 22.5682858], [114.0353745, 22.568239]]]]}}, {"type": "Feature", "id": "way/1429643588", "properties": {"tags": {"addr:housename": "莲花北村", "addr:housename:en": "Lianhua Beicun", "addr:housename:zh": "莲花北村", "building": "apartments", "building:levels": "8", "name": "6栋", "name:zh": "6栋"}, "heightStatus": "levels_only_unverified", "source": "OpenStreetMap", "license": "ODbL-1.0"}, "geometry": {"type": "MultiPolygon", "coordinates": [[[[114.0431796, 22.5630761], [114.0432135, 22.562981], [114.0437448, 22.5631427], [114.0437108, 22.5632378], [114.0436554, 22.5632209], [114.0436611, 22.563205], [114.0435949, 22.5631848], [114.0435892, 22.5632008], [114.0434783, 22.563167], [114.043484, 22.5631511], [114.0434178, 22.5631309], [114.0434121, 22.5631469], [114.0433012, 22.5631132], [114.0433069, 22.5630972], [114.0432407, 22.5630771], [114.043235, 22.563093], [114.0431796, 22.5630761]]]]}}, {"type": "Feature", "id": "way/1429643611", "properties": {"tags": {"addr:housename": "莲花北村", "addr:housename:en": "Lianhua Beicun", "addr:housename:zh": "莲花北村", "building": "apartments", "building:levels": "8", "name": "16栋", "name:zh": "16栋"}, "heightStatus": "levels_only_unverified", "source": "OpenStreetMap", "license": "ODbL-1.0"}, "geometry": {"type": "MultiPolygon", "coordinates": [[[[114.0442796, 22.5636377], [114.0443013, 22.5635768], [114.0443198, 22.5635825], [114.0443514, 22.5634939], [114.0445291, 22.563548], [114.0444975, 22.5636366], [114.0445345, 22.5636478], [114.044566, 22.5635593], [114.0447438, 22.5636134], [114.0447122, 22.5637019], [114.0447307, 22.5637075], [114.0447089, 22.5637684], [114.0442796, 22.5636377]]]]}}, {"type": "Feature", "id": "way/1429643615", "properties": {"tags": {"addr:housename": "莲花北村", "addr:housename:en": "Lianhua Beicun", "addr:housename:zh": "莲花北村", "building": "apartments", "building:levels": "8", "name": "19栋", "name:zh": "19栋"}, "heightStatus": "levels_only_unverified", "source": "OpenStreetMap", "license": "ODbL-1.0"}, "geometry": {"type": "MultiPolygon", "coordinates": [[[[114.044111, 22.5632451], [114.0441409, 22.5631614], [114.0446173, 22.5633063], [114.0445874, 22.5633901], [114.044111, 22.5632451]]]]}}, {"type": "Feature", "id": "way/1429643620", "properties": {"tags": {"addr:housename": "莲花北村", "addr:housename:en": "Lianhua Beicun", "addr:housename:zh": "莲花北村", "building": "apartments", "building:levels": "8", "name": "4栋", "name:zh": "4栋"}, "heightStatus": "levels_only_unverified", "source": "OpenStreetMap", "license": "ODbL-1.0"}, "geometry": {"type": "MultiPolygon", "coordinates": [[[[114.0429745, 22.563277], [114.0430044, 22.5631932], [114.0436295, 22.5633834], [114.0435996, 22.5634672], [114.0429745, 22.563277]]]]}}, {"type": "Feature", "id": "way/1429643621", "properties": {"tags": {"addr:housename": "莲花北村", "addr:housename:en": "Lianhua Beicun", "addr:housename:zh": "莲花北村", "building": "apartments", "building:levels": "8", "name": "3栋", "name:zh": "3栋"}, "heightStatus": "levels_only_unverified", "source": "OpenStreetMap", "license": "ODbL-1.0"}, "geometry": {"type": "MultiPolygon", "coordinates": [[[[114.0421806, 22.5630333], [114.0422105, 22.5629495], [114.0428356, 22.5631397], [114.0428057, 22.5632235], [114.0421806, 22.5630333]]]]}}, {"type": "Feature", "id": "way/1429643622", "properties": {"tags": {"addr:housename": "莲花北村", "addr:housename:en": "Lianhua Beicun", "addr:housename:zh": "莲花北村", "building": "apartments", "building:levels": "8", "name": "1栋", "name:zh": "1栋"}, "heightStatus": "levels_only_unverified", "source": "OpenStreetMap", "license": "ODbL-1.0"}, "geometry": {"type": "MultiPolygon", "coordinates": [[[[114.0422144, 22.5633145], [114.0422443, 22.5632307], [114.0428694, 22.5634209], [114.0428395, 22.5635047], [114.0422144, 22.5633145]]]]}}, {"type": "Feature", "id": "way/1429643623", "properties": {"tags": {"addr:housename": "莲花北村", "addr:housename:en": "Lianhua Beicun", "addr:housename:zh": "莲花北村", "building": "apartments", "building:levels": "8", "name": "2栋", "name:zh": "2栋"}, "heightStatus": "levels_only_unverified", "source": "OpenStreetMap", "license": "ODbL-1.0"}, "geometry": {"type": "MultiPolygon", "coordinates": [[[[114.042891, 22.5635245], [114.0429208, 22.5634408], [114.0435459, 22.563631], [114.043516, 22.5637147], [114.042891, 22.5635245]]]]}}, {"type": "Feature", "id": "way/1429643624", "properties": {"tags": {"addr:housename": "莲花北村", "addr:housename:en": "Lianhua Beicun", "addr:housename:zh": "莲花北村", "building": "apartments", "building:levels": "8", "name": "11栋", "name:zh": "11栋"}, "heightStatus": "levels_only_unverified", "source": "OpenStreetMap", "license": "ODbL-1.0"}, "geometry": {"type": "MultiPolygon", "coordinates": [[[[114.0436172, 22.5637724], [114.0436471, 22.5636886], [114.0441236, 22.5638336], [114.0440937, 22.5639174], [114.0436172, 22.5637724]]]]}}, {"type": "Feature", "id": "way/1429643625", "properties": {"tags": {"addr:housename": "莲花北村", "addr:housename:en": "Lianhua Beicun", "addr:housename:zh": "莲花北村", "building": "apartments", "building:levels": "8", "name": "12栋", "name:zh": "12栋"}, "heightStatus": "levels_only_unverified", "source": "OpenStreetMap", "license": "ODbL-1.0"}, "geometry": {"type": "MultiPolygon", "coordinates": [[[[114.044145, 22.5639369], [114.0441749, 22.5638532], [114.0446514, 22.5639981], [114.0446215, 22.5640819], [114.044145, 22.5639369]]]]}}, {"type": "Feature", "id": "way/1429643628", "properties": {"tags": {"addr:housename": "莲花北村", "addr:housename:en": "Lianhua Beicun", "addr:housename:zh": "莲花北村", "building": "apartments", "building:levels": "8", "name": "15栋", "name:zh": "15栋"}, "heightStatus": "levels_only_unverified", "source": "OpenStreetMap", "license": "ODbL-1.0"}, "geometry": {"type": "MultiPolygon", "coordinates": [[[[114.0437196, 22.5635536], [114.0437516, 22.5634637], [114.0437918, 22.5634759], [114.0438174, 22.5634041], [114.0439498, 22.5634444], [114.0439241, 22.5635162], [114.0440045, 22.5635406], [114.0440301, 22.5634688], [114.0441624, 22.5635091], [114.0441368, 22.5635809], [114.044177, 22.5635931], [114.0441449, 22.563683], [114.0437196, 22.5635536]]]]}}, {"type": "Feature", "id": "way/1429644666", "properties": {"tags": {"building": "commercial", "building:levels": "22", "height": "99.8", "name": "2栋", "name:zh": "2栋"}, "heightStatus": "height_tag_unverified", "source": "OpenStreetMap", "license": "ODbL-1.0"}, "geometry": {"type": "MultiPolygon", "coordinates": [[[[114.0402243, 22.5660581], [114.0403327, 22.5658178], [114.04065, 22.5659398], [114.0405416, 22.5661801], [114.0402243, 22.5660581]]]]}}, {"type": "Feature", "id": "way/1429644667", "properties": {"tags": {"building": "commercial", "building:levels": "20", "height": "99.45"}, "heightStatus": "height_tag_unverified", "source": "OpenStreetMap", "license": "ODbL-1.0"}, "geometry": {"type": "MultiPolygon", "coordinates": [[[[114.0404523, 22.5655822], [114.0405658, 22.5653305], [114.0408718, 22.5654482], [114.0407583, 22.5656998], [114.0404523, 22.5655822]]]]}}, {"type": "Feature", "id": "way/1429644668", "properties": {"tags": {"building": "commercial", "building:levels": "30", "height": "136.8", "name": "1栋", "name:zh": "1栋"}, "heightStatus": "height_tag_unverified", "source": "OpenStreetMap", "license": "ODbL-1.0"}, "geometry": {"type": "MultiPolygon", "coordinates": [[[[114.0408089, 22.5660311], [114.0409532, 22.565711], [114.0412922, 22.5658414], [114.0411479, 22.5661614], [114.0408089, 22.5660311]]]]}}, {"type": "Feature", "id": "way/1429644669", "properties": {"tags": {"building": "apartments"}, "heightStatus": "unknown", "source": "OpenStreetMap", "license": "ODbL-1.0"}, "geometry": {"type": "MultiPolygon", "coordinates": [[[[114.0427009, 22.5658233], [114.0427707, 22.5656783], [114.0430421, 22.5657898], [114.0429724, 22.5659347], [114.0427009, 22.5658233]]]]}}, {"type": "Feature", "id": "way/1429644671", "properties": {"tags": {"building": "apartments", "building:levels": "43", "name": "1栋", "name:zh": "1栋"}, "heightStatus": "levels_only_unverified", "source": "OpenStreetMap", "license": "ODbL-1.0"}, "geometry": {"type": "MultiPolygon", "coordinates": [[[[114.0420285, 22.5650911], [114.0422203, 22.5646899], [114.0426548, 22.564867], [114.042463, 22.5652682], [114.0420285, 22.5650911]]]]}}, {"type": "Feature", "id": "way/1429644672", "properties": {"tags": {"building": "apartments"}, "heightStatus": "unknown", "source": "OpenStreetMap", "license": "ODbL-1.0"}, "geometry": {"type": "MultiPolygon", "coordinates": [[[[114.0423051, 22.5656608], [114.0423893, 22.5654858], [114.0427048, 22.5656153], [114.0426206, 22.5657903], [114.0423051, 22.5656608]]]]}}, {"type": "Feature", "id": "way/1429644673", "properties": {"tags": {"building": "apartments", "name": "3栋", "name:zh": "3栋"}, "heightStatus": "unknown", "source": "OpenStreetMap", "license": "ODbL-1.0"}, "geometry": {"type": "MultiPolygon", "coordinates": [[[[114.0432909, 22.5657278], [114.0434361, 22.5654262], [114.0436589, 22.5655176], [114.0435137, 22.5658192], [114.0432909, 22.5657278]]]]}}, {"type": "Feature", "id": "way/1429644674", "properties": {"tags": {"building": "apartments", "name": "2栋", "name:zh": "2栋"}, "heightStatus": "unknown", "source": "OpenStreetMap", "license": "ODbL-1.0"}, "geometry": {"type": "MultiPolygon", "coordinates": [[[[114.042813, 22.565043], [114.0428777, 22.5649085], [114.0430454, 22.5649773], [114.043064, 22.5649388], [114.0432688, 22.5650228], [114.0432804, 22.5649986], [114.0434823, 22.5650815], [114.0434983, 22.5650482], [114.0436579, 22.5651137], [114.043547, 22.5653443], [114.042813, 22.565043]]]]}}, {"type": "Feature", "id": "way/1429644675", "properties": {"tags": {"addr:housename": "中粮·福田大悦广场", "addr:housename:en": "中粮·福田大悦广场", "building": "commercial", "building:levels": "23", "height": "100", "name": "T2栋", "name:zh": "T2栋"}, "heightStatus": "height_tag_unverified", "source": "OpenStreetMap", "license": "ODbL-1.0"}, "geometry": {"type": "MultiPolygon", "coordinates": [[[[114.0419942, 22.5667985], [114.0421207, 22.5665457], [114.0426076, 22.5667536], [114.0424811, 22.5670063], [114.0419942, 22.5667985]]]]}}, {"type": "Feature", "id": "way/1429644676", "properties": {"tags": {"addr:housename": "中粮·福田大悦广场", "addr:housename:en": "中粮·福田大悦广场", "building": "apartments", "building:levels": "30", "height": "100", "name": "T3栋", "name:zh": "T3栋"}, "heightStatus": "height_tag_unverified", "source": "OpenStreetMap", "license": "ODbL-1.0"}, "geometry": {"type": "MultiPolygon", "coordinates": [[[[114.0414114, 22.5665264], [114.0416628, 22.5660242], [114.0418628, 22.5661096], [114.0416113, 22.5666118], [114.0414114, 22.5665264]]]]}}, {"type": "Feature", "id": "way/1429644677", "properties": {"tags": {"addr:housename": "中粮·福田大悦广场", "addr:housename:en": "中粮·福田大悦广场", "building": "commercial", "building:levels": "41", "height": "187", "name": "T1栋", "name:zh": "T1栋"}, "heightStatus": "height_tag_unverified", "source": "OpenStreetMap", "license": "ODbL-1.0"}, "geometry": {"type": "MultiPolygon", "coordinates": [[[[114.0427656, 22.5666739], [114.0429504, 22.5663049], [114.0433138, 22.56646], [114.043129, 22.566829], [114.0427656, 22.5666739]]]]}}, {"type": "Feature", "id": "way/1429645044", "properties": {"tags": {"addr:housename": "碧华庭居", "addr:housename:en": "碧华庭居", "building": "apartments", "building:levels": "17", "name": "清园1栋", "name:zh": "清园1栋"}, "heightStatus": "levels_only_unverified", "source": "OpenStreetMap", "license": "ODbL-1.0"}, "geometry": {"type": "MultiPolygon", "coordinates": [[[[114.0438589, 22.5664354], [114.0439167, 22.5662636], [114.0440394, 22.566204], [114.0441652, 22.5662402], [114.0441354, 22.5663288], [114.0441088, 22.5664078], [114.0440505, 22.566391], [114.04402, 22.5664816], [114.0438589, 22.5664354]]]]}}, {"type": "Feature", "id": "way/1429645045", "properties": {"tags": {"addr:housename": "碧华庭居", "addr:housename:en": "碧华庭居", "building": "apartments", "building:levels": "17", "name": "清园3栋", "name:zh": "清园3栋"}, "heightStatus": "levels_only_unverified", "source": "OpenStreetMap", "license": "ODbL-1.0"}, "geometry": {"type": "MultiPolygon", "coordinates": [[[[114.0443346, 22.5664726], [114.0443611, 22.5663937], [114.044394, 22.5664031], [114.0444325, 22.5662889], [114.0445826, 22.566332], [114.0445441, 22.5664462], [114.0445869, 22.5664585], [114.0445603, 22.5665374], [114.0443346, 22.5664726]]]]}}, {"type": "Feature", "id": "way/1429645047", "properties": {"tags": {"addr:housename": "碧华庭居", "addr:housename:en": "碧华庭居", "building": "apartments", "building:levels": "17", "name": "清园2栋", "name:zh": "清园2栋"}, "heightStatus": "levels_only_unverified", "source": "OpenStreetMap", "license": "ODbL-1.0"}, "geometry": {"type": "MultiPolygon", "coordinates": [[[[114.0441088, 22.5664078], [114.0441354, 22.5663288], [114.0441782, 22.5663411], [114.0442166, 22.5662269], [114.0443667, 22.56627], [114.0443282, 22.5663842], [114.0443611, 22.5663937], [114.0443346, 22.5664726], [114.0441088, 22.5664078]]]]}}, {"type": "Feature", "id": "way/1429658536", "properties": {"tags": {"building": "school"}, "heightStatus": "unknown", "source": "OpenStreetMap", "license": "ODbL-1.0"}, "geometry": {"type": "MultiPolygon", "coordinates": [[[[114.0362983, 22.5701239], [114.0363719, 22.5700233], [114.0367325, 22.5702481], [114.0366589, 22.5703487], [114.0366302, 22.5703308], [114.0365307, 22.5704668], [114.0364361, 22.5704078], [114.0365355, 22.5702718], [114.0362983, 22.5701239]]]]}}, {"type": "Feature", "id": "way/1429658537", "properties": {"tags": {"building": "school"}, "heightStatus": "unknown", "source": "OpenStreetMap", "license": "ODbL-1.0"}, "geometry": {"type": "MultiPolygon", "coordinates": [[[[114.0360193, 22.5703721], [114.0360928, 22.5702715], [114.0365099, 22.5705315], [114.0364364, 22.5706321], [114.0360193, 22.5703721]]]]}}, {"type": "Feature", "id": "way/1429658538", "properties": {"tags": {"building": "school"}, "heightStatus": "unknown", "source": "OpenStreetMap", "license": "ODbL-1.0"}, "geometry": {"type": "MultiPolygon", "coordinates": [[[[114.0357204, 22.5705412], [114.0358986, 22.5704947], [114.035995, 22.5708097], [114.0358168, 22.5708563], [114.0357204, 22.5705412]]]]}}, {"type": "Feature", "id": "way/1429658539", "properties": {"tags": {"building": "school"}, "heightStatus": "unknown", "source": "OpenStreetMap", "license": "ODbL-1.0"}, "geometry": {"type": "MultiPolygon", "coordinates": [[[[114.0359191, 22.5711945], [114.0365457, 22.571031], [114.0365774, 22.5711347], [114.0365393, 22.5711447], [114.0365805, 22.5712794], [114.0364811, 22.5713054], [114.0364972, 22.5713582], [114.0366348, 22.5713223], [114.0366666, 22.571426], [114.03604, 22.5715895], [114.0360082, 22.5714858], [114.0364657, 22.5713664], [114.0364083, 22.5711788], [114.0359508, 22.5712982], [114.0359191, 22.5711945]]]]}}, {"type": "Feature", "id": "way/1429658543", "properties": {"tags": {"addr:housename": "梅林一村", "addr:housename:en": "Meilin Yicun", "addr:housename:zh": "梅林一村", "building": "apartments", "building:levels": "32", "name": "18栋", "name:zh": "18栋"}, "heightStatus": "levels_only_unverified", "source": "OpenStreetMap", "license": "ODbL-1.0"}, "geometry": {"type": "MultiPolygon", "coordinates": [[[[114.0345545, 22.5716705], [114.0345644, 22.5716208], [114.0345866, 22.5716246], [114.0345912, 22.5716012], [114.0346678, 22.5716141], [114.0346761, 22.5715721], [114.0345995, 22.5715592], [114.0346042, 22.5715358], [114.0345659, 22.5715293], [114.0345758, 22.5714796], [114.0346906, 22.571499], [114.0346949, 22.5714774], [114.034714, 22.5714806], [114.0347224, 22.5714386], [114.0348305, 22.5714568], [114.0348221, 22.5714989], [114.0348413, 22.5715021], [114.034837, 22.5715238], [114.0349518, 22.5715432], [114.034942, 22.5715929], [114.0349037, 22.5715864], [114.034899, 22.5716098], [114.0348225, 22.5715969], [114.0348142, 22.5716389], [114.0348907, 22.5716518], [114.0348861, 22.5716752], [114.0349083, 22.5716789], [114.0348984, 22.5717286], [114.0347997, 22.5717119], [114.0347954, 22.5717336], [114.0347762, 22.5717304], [114.0347679, 22.5717724], [114.0346598, 22.5717541], [114.0346681, 22.5717121], [114.034649, 22.5717089], [114.0346533, 22.5716872], [114.0345545, 22.5716705]]]]}}, {"type": "Feature", "id": "way/1429658544", "properties": {"tags": {"addr:housename": "梅林一村", "addr:housename:en": "Meilin Yicun", "addr:housename:zh": "梅林一村", "building": "apartments", "building:levels": "32", "name": "16栋", "name:zh": "16栋"}, "heightStatus": "levels_only_unverified", "source": "OpenStreetMap", "license": "ODbL-1.0"}, "geometry": {"type": "MultiPolygon", "coordinates": [[[[114.035365, 22.5715515], [114.0354813, 22.5715421], [114.0354793, 22.5715202], [114.0354986, 22.5715186], [114.0354946, 22.5714761], [114.0356041, 22.5714673], [114.0356081, 22.5715099], [114.0356275, 22.5715083], [114.0356296, 22.5715303], [114.0357459, 22.5715209], [114.0357506, 22.5715713], [114.0357118, 22.5715744], [114.0357141, 22.5715981], [114.0356365, 22.5716043], [114.0356405, 22.5716468], [114.0357181, 22.5716406], [114.0357203, 22.5716643], [114.0357428, 22.5716625], [114.0357475, 22.5717128], [114.0356475, 22.5717208], [114.0356495, 22.5717428], [114.0356302, 22.5717443], [114.0356342, 22.5717869], [114.0355247, 22.5717957], [114.0355207, 22.5717531], [114.0355013, 22.5717547], [114.0354992, 22.5717327], [114.0353992, 22.5717407], [114.0353944, 22.5716904], [114.035417, 22.5716886], [114.0354147, 22.5716649], [114.0354923, 22.5716587], [114.0354883, 22.5716162], [114.0354107, 22.5716224], [114.0354085, 22.5715987], [114.0353697, 22.5716018], [114.035365, 22.5715515]]]]}}, {"type": "Feature", "id": "way/1429658545", "properties": {"tags": {"addr:housename": "梅林一村", "addr:housename:en": "Meilin Yicun", "addr:housename:zh": "梅林一村", "building": "apartments", "building:levels": "32", "name": "17栋", "name:zh": "17栋"}, "heightStatus": "levels_only_unverified", "source": "OpenStreetMap", "license": "ODbL-1.0"}, "geometry": {"type": "MultiPolygon", "coordinates": [[[[114.0349667, 22.5715953], [114.0349679, 22.5715448], [114.0350846, 22.5715471], [114.0350851, 22.571525], [114.0351045, 22.5715254], [114.0351055, 22.5714827], [114.0352154, 22.5714848], [114.0352144, 22.5715276], [114.0352339, 22.5715279], [114.0352334, 22.57155], [114.0353501, 22.5715522], [114.0353489, 22.5716027], [114.03531, 22.571602], [114.0353095, 22.5716258], [114.0352317, 22.5716242], [114.0352307, 22.5716669], [114.0353085, 22.5716684], [114.035308, 22.5716922], [114.0353306, 22.5716927], [114.0353294, 22.5717432], [114.035229, 22.5717412], [114.0352285, 22.5717632], [114.0352091, 22.5717629], [114.0352081, 22.5718056], [114.0350982, 22.5718034], [114.0350992, 22.5717607], [114.0350797, 22.5717603], [114.0350802, 22.5717383], [114.0349798, 22.5717364], [114.034981, 22.5716859], [114.0350036, 22.5716863], [114.0350041, 22.5716625], [114.0350819, 22.571664], [114.0350829, 22.5716214], [114.0350051, 22.5716198], [114.0350056, 22.5715961], [114.0349667, 22.5715953]]]]}}, {"type": "Feature", "id": "way/1429658552", "properties": {"tags": {"addr:housename": "梅林一村", "addr:housename:en": "Meilin Yicun", "addr:housename:zh": "梅林一村", "building": "apartments", "building:levels": "18", "name": "2栋", "name:zh": "2栋"}, "heightStatus": "levels_only_unverified", "source": "OpenStreetMap", "license": "ODbL-1.0"}, "geometry": {"type": "MultiPolygon", "coordinates": [[[[114.0358091, 22.5691527], [114.0358339, 22.5691194], [114.0358822, 22.5691499], [114.0359023, 22.5691229], [114.0358704, 22.5691027], [114.0359135, 22.5690446], [114.0359984, 22.5690982], [114.0360499, 22.5690289], [114.0361568, 22.5690965], [114.0361055, 22.5691658], [114.0361904, 22.5692195], [114.0361473, 22.5692777], [114.0361155, 22.5692575], [114.0360953, 22.5692848], [114.0361434, 22.5693153], [114.0361185, 22.5693489], [114.0360704, 22.5693185], [114.0360522, 22.5693431], [114.035988, 22.5693025], [114.0359475, 22.569357], [114.0358628, 22.5693034], [114.0359031, 22.5692489], [114.0358389, 22.5692083], [114.0358575, 22.5691833], [114.0358091, 22.5691527]]]]}}, {"type": "Feature", "id": "way/1429658553", "properties": {"tags": {"addr:housename": "梅林一村", "addr:housename:en": "Meilin Yicun", "addr:housename:zh": "梅林一村", "building": "apartments", "building:levels": "18", "name": "3栋", "name:zh": "3栋"}, "heightStatus": "levels_only_unverified", "source": "OpenStreetMap", "license": "ODbL-1.0"}, "geometry": {"type": "MultiPolygon", "coordinates": [[[[114.0354996, 22.5689568], [114.0355245, 22.5689232], [114.0355726, 22.5689537], [114.0355929, 22.5689263], [114.035561, 22.5689062], [114.0356041, 22.568848], [114.0356891, 22.5689017], [114.0357405, 22.5688323], [114.0358475, 22.5689], [114.0357961, 22.5689693], [114.0358811, 22.569023], [114.035838, 22.5690811], [114.0358061, 22.569061], [114.0357855, 22.5690888], [114.0358339, 22.5691194], [114.0358091, 22.5691527], [114.0357608, 22.5691222], [114.0357428, 22.5691465], [114.0356786, 22.5691059], [114.0356382, 22.5691605], [114.0355534, 22.5691069], [114.0355938, 22.5690524], [114.0355296, 22.5690118], [114.0355477, 22.5689873], [114.0354996, 22.5689568]]]]}}, {"type": "Feature", "id": "way/1429658554", "properties": {"tags": {"addr:housename": "梅林一村", "addr:housename:en": "Meilin Yicun", "addr:housename:zh": "梅林一村", "building": "apartments", "building:levels": "18", "name": "4栋", "name:zh": "4栋"}, "heightStatus": "levels_only_unverified", "source": "OpenStreetMap", "license": "ODbL-1.0"}, "geometry": {"type": "MultiPolygon", "coordinates": [[[[114.03519, 22.5687613], [114.0352149, 22.5687277], [114.0352631, 22.5687581], [114.0352833, 22.5687308], [114.0352514, 22.5687106], [114.0352945, 22.5686525], [114.0353795, 22.5687062], [114.0354309, 22.5686368], [114.0355379, 22.5687044], [114.0354865, 22.5687737], [114.0355715, 22.5688275], [114.0355284, 22.5688856], [114.0354965, 22.5688655], [114.0354763, 22.5688927], [114.0355245, 22.5689232], [114.0354996, 22.5689568], [114.0354514, 22.5689264], [114.0354332, 22.568951], [114.035369, 22.5689104], [114.0353286, 22.5689649], [114.0352438, 22.5689113], [114.0352842, 22.5688569], [114.03522, 22.5688163], [114.0352381, 22.5687917], [114.03519, 22.5687613]]]]}}, {"type": "Feature", "id": "way/1429658555", "properties": {"tags": {"addr:housename": "梅林一村", "addr:housename:en": "Meilin Yicun", "addr:housename:zh": "梅林一村", "building": "apartments", "building:levels": "18", "name": "1栋", "name:zh": "1栋"}, "heightStatus": "levels_only_unverified", "source": "OpenStreetMap", "license": "ODbL-1.0"}, "geometry": {"type": "MultiPolygon", "coordinates": [[[[114.0361185, 22.5693489], [114.0361434, 22.5693153], [114.0361916, 22.5693457], [114.0362119, 22.5693184], [114.03618, 22.5692983], [114.0362231, 22.5692401], [114.036308, 22.5692938], [114.0363595, 22.5692244], [114.0364664, 22.569292], [114.036415, 22.5693613], [114.0365, 22.5694151], [114.0364569, 22.5694732], [114.0364251, 22.5694531], [114.0364048, 22.5694804], [114.036453, 22.5695108], [114.0364281, 22.5695445], [114.03638, 22.569514], [114.0363617, 22.5695386], [114.0362976, 22.569498], [114.0362571, 22.5695526], [114.0361723, 22.569499], [114.0362127, 22.5694445], [114.0361485, 22.5694039], [114.0361667, 22.5693794], [114.0361185, 22.5693489]]]]}}, {"type": "Feature", "id": "way/1429658599", "properties": {"tags": {"addr:housename": "梅林一村", "addr:housename:en": "Meilin Yicun", "addr:housename:zh": "梅林一村", "building": "apartments", "building:levels": "9", "name": "13栋", "name:zh": "13栋"}, "heightStatus": "levels_only_unverified", "source": "OpenStreetMap", "license": "ODbL-1.0"}, "geometry": {"type": "MultiPolygon", "coordinates": [[[[114.0346983, 22.5702258], [114.0347376, 22.5701424], [114.034802, 22.570157], [114.0348125, 22.5701179], [114.0347908, 22.570113], [114.0348067, 22.5700534], [114.0348779, 22.5700696], [114.0348716, 22.5700933], [114.0349317, 22.570107], [114.0349381, 22.5700833], [114.0350093, 22.5700995], [114.0349934, 22.5701591], [114.0349717, 22.5701541], [114.0349613, 22.5701932], [114.0350274, 22.5702083], [114.0350093, 22.5702966], [114.0349282, 22.5702782], [114.034936, 22.570249], [114.0347964, 22.5702172], [114.0347886, 22.5702465], [114.0346983, 22.5702258]]]]}}, {"type": "Feature", "id": "way/1429658601", "properties": {"tags": {"addr:housename": "梅林一村", "addr:housename:en": "Meilin Yicun", "addr:housename:zh": "梅林一村", "building": "apartments", "building:levels": "9", "name": "12栋", "name:zh": "12栋"}, "heightStatus": "levels_only_unverified", "source": "OpenStreetMap", "license": "ODbL-1.0"}, "geometry": {"type": "MultiPolygon", "coordinates": [[[[114.0350093, 22.5702966], [114.0350274, 22.5702083], [114.0350948, 22.5702165], [114.0351005, 22.5701766], [114.0350784, 22.5701739], [114.0350871, 22.570113], [114.0351599, 22.5701219], [114.0351564, 22.5701462], [114.0352178, 22.5701537], [114.0352213, 22.5701294], [114.035294, 22.5701383], [114.0352853, 22.5701992], [114.0352631, 22.5701965], [114.0352574, 22.5702364], [114.0353249, 22.5702446], [114.0353145, 22.570334], [114.0352346, 22.5703242], [114.0352389, 22.5702944], [114.0350963, 22.5702769], [114.035092, 22.5703068], [114.0350093, 22.5702966]]]]}}, {"type": "Feature", "id": "way/1429658624", "properties": {"tags": {"addr:housename": "梅林一村", "addr:housename:en": "Meilin Yicun", "addr:housename:zh": "梅林一村", "building": "apartments", "building:levels": "9", "name": "6栋", "name:zh": "6栋"}, "heightStatus": "levels_only_unverified", "source": "OpenStreetMap", "license": "ODbL-1.0"}, "geometry": {"type": "MultiPolygon", "coordinates": [[[[114.0351241, 22.5695213], [114.0351324, 22.5694678], [114.0351435, 22.56947], [114.0351462, 22.5694581], [114.0352383, 22.5694025], [114.0352486, 22.5693571], [114.0353412, 22.569375], [114.035331, 22.5694203], [114.0353912, 22.5695054], [114.0353881, 22.569519], [114.035408, 22.569523], [114.0353898, 22.5695745], [114.0351241, 22.5695213]]]]}}, {"type": "Feature", "id": "way/1429658625", "properties": {"tags": {"addr:housename": "梅林一村", "addr:housename:en": "Meilin Yicun", "addr:housename:zh": "梅林一村", "building": "apartments", "building:levels": "9", "name": "7栋", "name:zh": "7栋"}, "heightStatus": "levels_only_unverified", "source": "OpenStreetMap", "license": "ODbL-1.0"}, "geometry": {"type": "MultiPolygon", "coordinates": [[[[114.0348511, 22.5694496], [114.0348713, 22.5694509], [114.0348725, 22.5694371], [114.0349561, 22.569371], [114.0349599, 22.5693248], [114.0350543, 22.5693315], [114.0350505, 22.5693777], [114.035122, 22.5694549], [114.035121, 22.5694671], [114.0351324, 22.5694678], [114.0351241, 22.5695213], [114.0348529, 22.5695038], [114.0348511, 22.5694496]]]]}}, {"type": "Feature", "id": "way/1429658626", "properties": {"tags": {"addr:housename": "梅林一村", "addr:housename:en": "Meilin Yicun", "addr:housename:zh": "梅林一村", "building": "apartments", "building:levels": "9", "name": "5栋", "name:zh": "5栋"}, "heightStatus": "levels_only_unverified", "source": "OpenStreetMap", "license": "ODbL-1.0"}, "geometry": {"type": "MultiPolygon", "coordinates": [[[[114.0353898, 22.5695745], [114.035408, 22.569523], [114.0354266, 22.5695305], [114.0354327, 22.5695179], [114.0355357, 22.5694819], [114.0355563, 22.5694396], [114.0356426, 22.5694755], [114.035622, 22.5695178], [114.035661, 22.5696128], [114.0356555, 22.5696239], [114.0356759, 22.5696322], [114.0356524, 22.5696816], [114.0353898, 22.5695745]]]]}}, {"type": "Feature", "id": "way/1429658628", "properties": {"tags": {"addr:housename": "梅林一村", "addr:housename:en": "Meilin Yicun", "addr:housename:zh": "梅林一村", "building": "apartments", "building:levels": "9", "name": "11栋", "name:zh": "11栋"}, "heightStatus": "levels_only_unverified", "source": "OpenStreetMap", "license": "ODbL-1.0"}, "geometry": {"type": "MultiPolygon", "coordinates": [[[[114.0353763, 22.5702604], [114.0353951, 22.5702559], [114.0353892, 22.5702349], [114.0354452, 22.5701473], [114.0354326, 22.5701025], [114.0355243, 22.5700807], [114.0355368, 22.5701255], [114.0356316, 22.5701771], [114.0356375, 22.5701982], [114.0356563, 22.5701937], [114.0356772, 22.5702444], [114.0353909, 22.5703126], [114.0353763, 22.5702604]]]]}}, {"type": "Feature", "id": "way/1429658629", "properties": {"tags": {"addr:housename": "梅林一村", "addr:housename:en": "Meilin Yicun", "addr:housename:zh": "梅林一村", "building": "apartments", "building:levels": "9", "name": "10栋", "name:zh": "10栋"}, "heightStatus": "levels_only_unverified", "source": "OpenStreetMap", "license": "ODbL-1.0"}, "geometry": {"type": "MultiPolygon", "coordinates": [[[[114.0356563, 22.5701937], [114.0356737, 22.5701855], [114.035663, 22.5701662], [114.0356969, 22.5700695], [114.0356741, 22.5700282], [114.0357584, 22.5699885], [114.0357812, 22.5700297], [114.0358859, 22.570061], [114.0358966, 22.5700804], [114.0359082, 22.5700749], [114.0359405, 22.5701202], [114.0356772, 22.5702444], [114.0356563, 22.5701937]]]]}}, {"type": "Feature", "id": "way/1429658630", "properties": {"tags": {"addr:housename": "梅林一村", "addr:housename:en": "Meilin Yicun", "addr:housename:zh": "梅林一村", "building": "apartments", "building:levels": "9", "name": "9栋", "name:zh": "9栋"}, "heightStatus": "levels_only_unverified", "source": "OpenStreetMap", "license": "ODbL-1.0"}, "geometry": {"type": "MultiPolygon", "coordinates": [[[[114.0358815, 22.5699137], [114.0359544, 22.5698579], [114.0359864, 22.5698936], [114.036096, 22.5699031], [114.036111, 22.5699198], [114.036126, 22.5699084], [114.0361682, 22.5699461], [114.0359405, 22.5701202], [114.0359082, 22.5700749], [114.0359182, 22.5700673], [114.0359032, 22.5700505], [114.0359135, 22.5699493], [114.0358815, 22.5699137]]]]}}, {"type": "Feature", "id": "way/1429664674", "properties": {"tags": {"addr:housename": "梅林二村", "addr:housename:zh": "梅林二村", "building": "apartments", "building:levels": "7", "name": "14栋", "name:zh": "14栋"}, "heightStatus": "levels_only_unverified", "source": "OpenStreetMap", "license": "ODbL-1.0"}, "geometry": {"type": "MultiPolygon", "coordinates": [[[[114.0399129, 22.5665064], [114.0399609, 22.5664098], [114.0402697, 22.5665407], [114.0402217, 22.5666373], [114.0399129, 22.5665064]]]]}}, {"type": "Feature", "id": "way/1429664675", "properties": {"tags": {"addr:housename": "梅林二村", "addr:housename:zh": "梅林二村", "building": "apartments", "building:levels": "7", "name": "9栋", "name:zh": "9栋"}, "heightStatus": "levels_only_unverified", "source": "OpenStreetMap", "license": "ODbL-1.0"}, "geometry": {"type": "MultiPolygon", "coordinates": [[[[114.0402941, 22.5666675], [114.0403421, 22.566571], [114.0406509, 22.5667018], [114.0406029, 22.5667984], [114.0402941, 22.5666675]]]]}}, {"type": "Feature", "id": "way/1429664676", "properties": {"tags": {"addr:housename": "梅林二村", "addr:housename:zh": "梅林二村", "building": "apartments", "building:levels": "7", "name": "6栋", "name:zh": "6栋"}, "heightStatus": "levels_only_unverified", "source": "OpenStreetMap", "license": "ODbL-1.0"}, "geometry": {"type": "MultiPolygon", "coordinates": [[[[114.0406549, 22.5668207], [114.0407029, 22.5667241], [114.0410117, 22.5668549], [114.0409637, 22.5669515], [114.0406549, 22.5668207]]]]}}, {"type": "Feature", "id": "way/1429664677", "properties": {"tags": {"addr:housename": "梅林二村", "addr:housename:zh": "梅林二村", "building": "apartments", "building:levels": "7", "name": "17栋", "name:zh": "17栋"}, "heightStatus": "levels_only_unverified", "source": "OpenStreetMap", "license": "ODbL-1.0"}, "geometry": {"type": "MultiPolygon", "coordinates": [[[[114.0393365, 22.5666034], [114.0393845, 22.5665068], [114.0396658, 22.566626], [114.0396179, 22.5667226], [114.0393365, 22.5666034]]]]}}, {"type": "Feature", "id": "way/1429664678", "properties": {"tags": {"addr:housename": "梅林二村", "addr:housename:zh": "梅林二村", "building": "apartments", "building:levels": "7", "name": "7栋", "name:zh": "7栋"}, "heightStatus": "levels_only_unverified", "source": "OpenStreetMap", "license": "ODbL-1.0"}, "geometry": {"type": "MultiPolygon", "coordinates": [[[[114.0399406, 22.5671382], [114.0399886, 22.5670416], [114.040341, 22.5671909], [114.0402931, 22.5672875], [114.0399406, 22.5671382]]]]}}, {"type": "Feature", "id": "way/1429664679", "properties": {"tags": {"addr:housename": "梅林二村", "addr:housename:zh": "梅林二村", "building": "apartments", "building:levels": "7", "name": "13栋", "name:zh": "13栋"}, "heightStatus": "levels_only_unverified", "source": "OpenStreetMap", "license": "ODbL-1.0"}, "geometry": {"type": "MultiPolygon", "coordinates": [[[[114.039806, 22.5667686], [114.0398539, 22.566672], [114.0401628, 22.5668029], [114.0401148, 22.5668995], [114.039806, 22.5667686]]]]}}, {"type": "Feature", "id": "way/1429664680", "properties": {"tags": {"addr:housename": "梅林二村", "addr:housename:zh": "梅林二村", "building": "apartments", "building:levels": "7", "name": "8栋", "name:zh": "8栋"}, "heightStatus": "levels_only_unverified", "source": "OpenStreetMap", "license": "ODbL-1.0"}, "geometry": {"type": "MultiPolygon", "coordinates": [[[[114.0401872, 22.5669297], [114.0402352, 22.5668332], [114.040544, 22.566964], [114.040496, 22.5670606], [114.0401872, 22.5669297]]]]}}, {"type": "Feature", "id": "way/1429664681", "properties": {"tags": {"addr:housename": "梅林二村", "addr:housename:zh": "梅林二村", "building": "apartments", "building:levels": "7", "name": "4栋", "name:zh": "4栋"}, "heightStatus": "levels_only_unverified", "source": "OpenStreetMap", "license": "ODbL-1.0"}, "geometry": {"type": "MultiPolygon", "coordinates": [[[[114.0404258, 22.5673336], [114.0404737, 22.567237], [114.0407826, 22.5673678], [114.0407346, 22.5674644], [114.0404258, 22.5673336]]]]}}, {"type": "Feature", "id": "way/1429664682", "properties": {"tags": {"addr:housename": "梅林二村", "addr:housename:zh": "梅林二村", "building": "apartments", "building:levels": "7", "name": "5栋", "name:zh": "5栋"}, "heightStatus": "levels_only_unverified", "source": "OpenStreetMap", "license": "ODbL-1.0"}, "geometry": {"type": "MultiPolygon", "coordinates": [[[[114.0405479, 22.5670829], [114.0405959, 22.5669863], [114.0409047, 22.5671171], [114.0408567, 22.5672137], [114.0405479, 22.5670829]]]]}}, {"type": "Feature", "id": "way/1429664683", "properties": {"tags": {"addr:housename": "梅林二村", "addr:housename:zh": "梅林二村", "building": "apartments", "building:levels": "7", "name": "3栋", "name:zh": "3栋"}, "heightStatus": "levels_only_unverified", "source": "OpenStreetMap", "license": "ODbL-1.0"}, "geometry": {"type": "MultiPolygon", "coordinates": [[[[114.0403029, 22.5675935], [114.0403509, 22.5674969], [114.0406597, 22.5676278], [114.0406117, 22.5677244], [114.0403029, 22.5675935]]]]}}, {"type": "Feature", "id": "way/1429664684", "properties": {"tags": {"addr:housename": "梅林二村", "addr:housename:zh": "梅林二村", "building": "apartments", "building:levels": "7", "name": "2栋", "name:zh": "2栋"}, "heightStatus": "levels_only_unverified", "source": "OpenStreetMap", "license": "ODbL-1.0"}, "geometry": {"type": "MultiPolygon", "coordinates": [[[[114.0401807, 22.5678442], [114.0402287, 22.5677476], [114.0405375, 22.5678785], [114.0404895, 22.5679751], [114.0401807, 22.5678442]]]]}}, {"type": "Feature", "id": "way/1429664685", "properties": {"tags": {"addr:housename": "梅林二村", "addr:housename:zh": "梅林二村", "building": "apartments", "building:levels": "7", "name": "12栋", "name:zh": "12栋"}, "heightStatus": "levels_only_unverified", "source": "OpenStreetMap", "license": "ODbL-1.0"}, "geometry": {"type": "MultiPolygon", "coordinates": [[[[114.0392909, 22.5668664], [114.0393388, 22.5667699], [114.0399382, 22.5670238], [114.0398902, 22.5671204], [114.0392909, 22.5668664]]]]}}, {"type": "Feature", "id": "way/1429664686", "properties": {"tags": {"addr:housename": "梅林二村", "addr:housename:zh": "梅林二村", "building": "apartments", "building:levels": "7", "name": "11栋", "name:zh": "11栋"}, "heightStatus": "levels_only_unverified", "source": "OpenStreetMap", "license": "ODbL-1.0"}, "geometry": {"type": "MultiPolygon", "coordinates": [[[[114.0391714, 22.5671169], [114.0392194, 22.5670203], [114.0398187, 22.5672743], [114.0397707, 22.5673708], [114.0391714, 22.5671169]]]]}}, {"type": "Feature", "id": "way/1429664687", "properties": {"tags": {"addr:housename": "梅林二村", "addr:housename:zh": "梅林二村", "building": "apartments", "building:levels": "7", "name": "10栋", "name:zh": "10栋"}, "heightStatus": "levels_only_unverified", "source": "OpenStreetMap", "license": "ODbL-1.0"}, "geometry": {"type": "MultiPolygon", "coordinates": [[[[114.0390398, 22.5673795], [114.0390878, 22.5672829], [114.0396872, 22.5675368], [114.0396392, 22.5676334], [114.0390398, 22.5673795]]]]}}, {"type": "Feature", "id": "way/1429664959", "properties": {"tags": {"addr:housename": "锦林新居", "addr:housename:zh": "锦林新居", "building": "apartments", "building:levels": "8", "name": "2栋", "name:zh": "2栋"}, "heightStatus": "levels_only_unverified", "source": "OpenStreetMap", "license": "ODbL-1.0"}, "geometry": {"type": "MultiPolygon", "coordinates": [[[[114.0347038, 22.5664087], [114.0347177, 22.5663634], [114.0347551, 22.5663732], [114.0347659, 22.5663379], [114.0347472, 22.566333], [114.0347596, 22.5662922], [114.0348909, 22.5663264], [114.0348784, 22.5663673], [114.0348597, 22.5663624], [114.0348489, 22.5663976], [114.0349238, 22.5664171], [114.0349346, 22.5663819], [114.0349158, 22.566377], [114.0349283, 22.5663362], [114.0350595, 22.5663704], [114.0350471, 22.5664112], [114.0350283, 22.5664064], [114.0350176, 22.5664416], [114.0350925, 22.5664611], [114.0351032, 22.5664259], [114.0350845, 22.566421], [114.035097, 22.5663801], [114.0352282, 22.5664144], [114.0352157, 22.5664552], [114.035197, 22.5664503], [114.0351862, 22.5664856], [114.0352237, 22.5664953], [114.0352098, 22.5665406], [114.0351537, 22.566526], [114.0351463, 22.5665499], [114.03509, 22.5665353], [114.0350973, 22.5665113], [114.034985, 22.566482], [114.0349777, 22.566506], [114.0349213, 22.5664913], [114.0349287, 22.5664673], [114.0348163, 22.566438], [114.034809, 22.566462], [114.0347527, 22.5664473], [114.03476, 22.5664233], [114.0347038, 22.5664087]]]]}}, {"type": "Feature", "id": "way/1429664960", "properties": {"tags": {"addr:housename": "锦林新居", "addr:housename:zh": "锦林新居", "building": "apartments", "building:levels": "8", "name": "1栋", "name:zh": "1栋"}, "heightStatus": "levels_only_unverified", "source": "OpenStreetMap", "license": "ODbL-1.0"}, "geometry": {"type": "MultiPolygon", "coordinates": [[[[114.034788, 22.5661676], [114.0348005, 22.5661267], [114.0348192, 22.5661316], [114.03483, 22.5660964], [114.0347925, 22.5660866], [114.0348064, 22.5660413], [114.0348625, 22.566056], [114.0348699, 22.566032], [114.0349262, 22.5660467], [114.0349189, 22.5660706], [114.0350312, 22.5660999], [114.0350385, 22.566076], [114.0350949, 22.5660907], [114.0350875, 22.5661146], [114.0351999, 22.5661439], [114.0352072, 22.5661199], [114.0352635, 22.5661346], [114.0352562, 22.5661586], [114.0353124, 22.5661732], [114.0352985, 22.5662185], [114.0352611, 22.5662088], [114.0352503, 22.566244], [114.0352691, 22.5662489], [114.0352566, 22.5662897], [114.0351253, 22.5662555], [114.0351378, 22.5662147], [114.0351565, 22.5662196], [114.0351673, 22.5661843], [114.0350924, 22.5661648], [114.0350816, 22.5662], [114.0351004, 22.5662049], [114.0350879, 22.5662458], [114.0349567, 22.5662115], [114.0349691, 22.5661707], [114.0349879, 22.5661756], [114.0349986, 22.5661403], [114.0349237, 22.5661208], [114.034913, 22.5661561], [114.0349317, 22.5661609], [114.0349192, 22.5662018], [114.034788, 22.5661676]]]]}}, {"type": "Feature", "id": "way/1429664961", "properties": {"tags": {"addr:housename": "锦林新居", "addr:housename:zh": "锦林新居", "building": "apartments", "building:levels": "8", "name": "11栋", "name:zh": "11栋"}, "heightStatus": "levels_only_unverified", "source": "OpenStreetMap", "license": "ODbL-1.0"}, "geometry": {"type": "MultiPolygon", "coordinates": [[[[114.0344374, 22.5643371], [114.0344387, 22.5642473], [114.0347949, 22.5642517], [114.0347943, 22.564291], [114.0351552, 22.5642955], [114.0351539, 22.5643826], [114.0347931, 22.5643781], [114.0347936, 22.5643415], [114.0344374, 22.5643371]]]]}}, {"type": "Feature", "id": "way/1429664964", "properties": {"tags": {"addr:housename": "锦林新居", "addr:housename:zh": "锦林新居", "building": "apartments", "building:levels": "8", "name": "10栋", "name:zh": "10栋"}, "heightStatus": "levels_only_unverified", "source": "OpenStreetMap", "license": "ODbL-1.0"}, "geometry": {"type": "MultiPolygon", "coordinates": [[[[114.0348623, 22.5657285], [114.0348656, 22.5656387], [114.0350436, 22.5656442], [114.0350417, 22.5656979], [114.0352226, 22.5657035], [114.0352208, 22.5657541], [114.0353971, 22.5657595], [114.0353938, 22.5658493], [114.0352159, 22.5658438], [114.0352177, 22.5657932], [114.0350384, 22.5657877], [114.0350403, 22.565734], [114.0348623, 22.5657285]]]]}}, {"type": "Feature", "id": "way/1429664965", "properties": {"tags": {"addr:housename": "锦林新居", "addr:housename:zh": "锦林新居", "building": "apartments", "building:levels": "8", "name": "9栋", "name:zh": "9栋"}, "heightStatus": "levels_only_unverified", "source": "OpenStreetMap", "license": "ODbL-1.0"}, "geometry": {"type": "MultiPolygon", "coordinates": [[[[114.0348649, 22.5655346], [114.0348682, 22.5654448], [114.0352545, 22.5654569], [114.0352512, 22.5655467], [114.0348649, 22.5655346]]]]}}, {"type": "Feature", "id": "way/1429668978", "properties": {"tags": {"addr:housename": "绿景·虹湾", "addr:housename:zh": "绿景·虹湾", "building": "apartments", "building:levels": "45", "layer": "1", "name": "D座", "name:zh": "D座"}, "heightStatus": "levels_only_unverified", "source": "OpenStreetMap", "license": "ODbL-1.0"}, "geometry": {"type": "MultiPolygon", "coordinates": [[[[114.0345616, 22.5634422], [114.0346351, 22.5633955], [114.0345654, 22.5633022], [114.0346962, 22.563219], [114.0347624, 22.5633077], [114.0348584, 22.5632465], [114.0349134, 22.5633201], [114.0349486, 22.5633672], [114.0348475, 22.5634315], [114.0348982, 22.5634994], [114.0348274, 22.5635445], [114.0347388, 22.5634259], [114.0346104, 22.5635077], [114.0345616, 22.5634422]]]]}}, {"type": "Feature", "id": "way/1429668979", "properties": {"tags": {"addr:housename": "绿景·虹湾", "addr:housename:zh": "绿景·虹湾", "building": "apartments", "building:levels": "45", "layer": "1", "name": "E座", "name:zh": "E座"}, "heightStatus": "levels_only_unverified", "source": "OpenStreetMap", "license": "ODbL-1.0"}, "geometry": {"type": "MultiPolygon", "coordinates": [[[[114.0351157, 22.5638233], [114.0351209, 22.5637275], [114.0352707, 22.5637343], [114.0353181, 22.563681], [114.0352916, 22.563661], [114.0353507, 22.5635945], [114.035386, 22.5636212], [114.0355159, 22.5637195], [114.0354407, 22.5638041], [114.0354801, 22.563834], [114.0353664, 22.5639621], [114.0352946, 22.5639077], [114.0353372, 22.5638598], [114.0353001, 22.5638317], [114.0351157, 22.5638233]]]]}}, {"type": "Feature", "id": "way/1429670099", "properties": {"tags": {"addr:housename": "皇庭世茂裕玺", "addr:housename:zh": "皇庭世茂裕玺", "building": "commercial", "building:levels": "20", "name": "B座", "name:zh": "B座"}, "heightStatus": "levels_only_unverified", "source": "OpenStreetMap", "license": "ODbL-1.0"}, "geometry": {"type": "MultiPolygon", "coordinates": [[[[114.0358296, 22.5653975], [114.0359482, 22.5653], [114.0362432, 22.5656061], [114.0361399, 22.5656909], [114.0360187, 22.5655652], [114.0360034, 22.5655778], [114.0358296, 22.5653975]]]]}}, {"type": "Feature", "id": "way/1429670100", "properties": {"tags": {"addr:housename": "皇庭世茂裕玺", "addr:housename:zh": "皇庭世茂裕玺", "building": "commercial", "building:levels": "30", "name": "A座", "name:zh": "A座"}, "heightStatus": "levels_only_unverified", "source": "OpenStreetMap", "license": "ODbL-1.0"}, "geometry": {"type": "MultiPolygon", "coordinates": [[[[114.0355212, 22.5654688], [114.0358502, 22.5651984], [114.035938, 22.5652894], [114.0358056, 22.5653982], [114.0358227, 22.565416], [114.0357206, 22.5654999], [114.0357064, 22.5654851], [114.0356118, 22.5655628], [114.0355212, 22.5654688]]]]}}, {"type": "Feature", "id": "way/1429670101", "properties": {"tags": {"addr:housename": "皇庭世茂裕玺", "addr:housename:zh": "皇庭世茂裕玺", "building": "apartments", "name": "D座", "name:zh": "D座"}, "heightStatus": "unknown", "source": "OpenStreetMap", "license": "ODbL-1.0"}, "geometry": {"type": "MultiPolygon", "coordinates": [[[[114.0353999, 22.5665745], [114.0354785, 22.5664377], [114.0355959, 22.5664952], [114.0357513, 22.5662245], [114.0358807, 22.5662878], [114.0356467, 22.5666954], [114.0353999, 22.5665745]]]]}}, {"type": "Feature", "id": "way/1429670102", "properties": {"tags": {"addr:housename": "皇庭世茂裕玺", "addr:housename:zh": "皇庭世茂裕玺", "building": "commercial", "building:levels": "28", "name": "C座", "name:zh": "C座"}, "heightStatus": "levels_only_unverified", "source": "OpenStreetMap", "license": "ODbL-1.0"}, "geometry": {"type": "MultiPolygon", "coordinates": [[[[114.0357532, 22.5660546], [114.0358166, 22.5659442], [114.0358818, 22.5659761], [114.0359868, 22.5657933], [114.0361256, 22.5658612], [114.0359572, 22.5661545], [114.0357532, 22.5660546]]]]}}, {"type": "Feature", "id": "way/1429670576", "properties": {"tags": {"building": "commercial"}, "heightStatus": "unknown", "source": "OpenStreetMap", "license": "ODbL-1.0"}, "geometry": {"type": "MultiPolygon", "coordinates": [[[[114.0348925, 22.5667133], [114.0349252, 22.5666426], [114.035281, 22.5667829], [114.0352483, 22.5668535], [114.0348925, 22.5667133]]]]}}, {"type": "Feature", "id": "way/1429670581", "properties": {"tags": {"building": "commercial", "building:levels": "7"}, "heightStatus": "levels_only_unverified", "source": "OpenStreetMap", "license": "ODbL-1.0"}, "geometry": {"type": "MultiPolygon", "coordinates": [[[[114.0344515, 22.5673376], [114.034627, 22.5668908], [114.0348205, 22.5669556], [114.034768, 22.5670892], [114.0350938, 22.5671983], [114.0351652, 22.5670165], [114.0353079, 22.5670643], [114.0353932, 22.566847], [114.0355258, 22.5668914], [114.0354312, 22.5671324], [114.0354681, 22.5671448], [114.0353505, 22.5673838], [114.0352784, 22.5673597], [114.0351899, 22.567585], [114.0344515, 22.5673376]]]]}}, {"type": "Feature", "id": "way/1429878440", "properties": {"tags": {"addr:housename": "红梅苑", "addr:housename:zh": "红梅苑", "building": "apartments", "building:levels": "8", "name": "5栋", "name:zh": "5栋"}, "heightStatus": "levels_only_unverified", "source": "OpenStreetMap", "license": "ODbL-1.0"}, "geometry": {"type": "MultiPolygon", "coordinates": [[[[114.0440662, 22.5681346], [114.0444047, 22.5681215], [114.0444085, 22.5682035], [114.0440699, 22.5682166], [114.0440662, 22.5681346]]]]}}, {"type": "Feature", "id": "way/1429878441", "properties": {"tags": {"addr:housename": "红梅苑", "addr:housename:zh": "红梅苑", "building": "apartments", "building:levels": "8", "name": "1栋", "name:zh": "1栋"}, "heightStatus": "levels_only_unverified", "source": "OpenStreetMap", "license": "ODbL-1.0"}, "geometry": {"type": "MultiPolygon", "coordinates": [[[[114.0431591, 22.5684301], [114.0433386, 22.5678885], [114.0435286, 22.5677176], [114.0439297, 22.5676916], [114.0439388, 22.5678002], [114.0435373, 22.5678289], [114.0435353, 22.5678033], [114.0434169, 22.5679097], [114.0434502, 22.5679188], [114.0432719, 22.5684617], [114.0431591, 22.5684301]]]]}}, {"type": "Feature", "id": "way/1429878444", "properties": {"tags": {"addr:housename": "梅兴苑北区", "addr:housename:zh": "梅兴苑北区", "building": "apartments", "building:levels": "8", "name": "4栋", "name:zh": "4栋"}, "heightStatus": "levels_only_unverified", "source": "OpenStreetMap", "license": "ODbL-1.0"}, "geometry": {"type": "MultiPolygon", "coordinates": [[[[114.0439603, 22.56881], [114.0439818, 22.5687549], [114.0440367, 22.5687731], [114.0440477, 22.5687449], [114.0440294, 22.5687389], [114.0440509, 22.5686836], [114.0441859, 22.5687284], [114.0441643, 22.5687837], [114.044146, 22.5687777], [114.044135, 22.5688058], [114.0442449, 22.5688424], [114.0442559, 22.5688142], [114.0442376, 22.5688081], [114.0442591, 22.5687528], [114.0443941, 22.5687977], [114.0443725, 22.568853], [114.0443542, 22.5688469], [114.0443432, 22.5688751], [114.0444531, 22.5689116], [114.0444641, 22.5688834], [114.0444458, 22.5688773], [114.0444673, 22.568822], [114.0446023, 22.5688669], [114.0445807, 22.5689222], [114.0445624, 22.5689161], [114.0445514, 22.5689443], [114.0446064, 22.5689625], [114.0445849, 22.5690177], [114.0439603, 22.56881]]]]}}, {"type": "Feature", "id": "way/1429878450", "properties": {"tags": {"addr:housename": "红梅苑", "addr:housename:zh": "红梅苑", "building": "apartments", "building:levels": "8", "name": "6栋", "name:zh": "6栋"}, "heightStatus": "levels_only_unverified", "source": "OpenStreetMap", "license": "ODbL-1.0"}, "geometry": {"type": "MultiPolygon", "coordinates": [[[[114.0435079, 22.5680827], [114.0435662, 22.5680819], [114.0435659, 22.568058], [114.043527, 22.5680585], [114.0435258, 22.5679887], [114.0437132, 22.5679861], [114.0437143, 22.5680559], [114.0436754, 22.5680564], [114.0436758, 22.5680804], [114.0437925, 22.5680788], [114.0437922, 22.5680548], [114.0437532, 22.5680554], [114.0437521, 22.5679855], [114.0439395, 22.5679829], [114.0439406, 22.5680528], [114.0439017, 22.5680533], [114.0439021, 22.5680773], [114.0439605, 22.5680765], [114.0439615, 22.5681384], [114.0439031, 22.5681392], [114.0439033, 22.5681526], [114.0437938, 22.5681541], [114.0437935, 22.5681407], [114.0436768, 22.5681423], [114.043677, 22.5681557], [114.0435675, 22.5681572], [114.0435673, 22.5681438], [114.0435089, 22.5681446], [114.0435079, 22.5680827]]]]}}, {"type": "Feature", "id": "way/1429878451", "properties": {"tags": {"addr:housename": "红梅苑", "addr:housename:zh": "红梅苑", "building": "apartments", "building:levels": "8", "name": "2栋", "name:zh": "2栋"}, "heightStatus": "levels_only_unverified", "source": "OpenStreetMap", "license": "ODbL-1.0"}, "geometry": {"type": "MultiPolygon", "coordinates": [[[[114.0434082, 22.5684061], [114.0434666, 22.5684053], [114.0434662, 22.5683814], [114.0434273, 22.5683819], [114.0434262, 22.5683121], [114.0436136, 22.5683095], [114.0436147, 22.5683793], [114.0435758, 22.5683799], [114.0435762, 22.5684038], [114.0436929, 22.5684022], [114.0436925, 22.5683783], [114.0436536, 22.5683788], [114.0436525, 22.568309], [114.0438399, 22.5683064], [114.043841, 22.5683762], [114.0438021, 22.5683768], [114.0438025, 22.5684007], [114.0439192, 22.5683991], [114.0439188, 22.5683751], [114.0438799, 22.5683757], [114.0438788, 22.5683058], [114.0440662, 22.5683033], [114.0440673, 22.5683731], [114.0440284, 22.5683736], [114.0440288, 22.5683976], [114.0440871, 22.5683968], [114.0440881, 22.5684587], [114.0440298, 22.5684595], [114.04403, 22.5684729], [114.0439204, 22.5684744], [114.0439202, 22.568461], [114.0438035, 22.5684626], [114.0438037, 22.568476], [114.0436941, 22.5684775], [114.0436939, 22.5684641], [114.0435772, 22.5684658], [114.0435774, 22.5684791], [114.0434678, 22.5684806], [114.0434676, 22.5684673], [114.0434092, 22.5684681], [114.0434082, 22.5684061]]]]}}, {"type": "Feature", "id": "way/1429878452", "properties": {"tags": {"addr:housename": "梅兴苑北区", "addr:housename:zh": "梅兴苑北区", "building": "apartments", "building:levels": "8", "name": "8栋", "name:zh": "8栋"}, "heightStatus": "levels_only_unverified", "source": "OpenStreetMap", "license": "ODbL-1.0"}, "geometry": {"type": "MultiPolygon", "coordinates": [[[[114.0428872, 22.5691613], [114.0428992, 22.5691236], [114.0429179, 22.5691286], [114.0429259, 22.5691032], [114.0429633, 22.5691133], [114.0429704, 22.5690909], [114.0429517, 22.5690858], [114.04296, 22.5690598], [114.0429787, 22.5690648], [114.0429889, 22.5690324], [114.0430076, 22.5690375], [114.0430135, 22.5690189], [114.0430961, 22.5690412], [114.0430902, 22.5690598], [114.0431089, 22.5690648], [114.0430986, 22.5690972], [114.0431173, 22.5691023], [114.043109, 22.5691283], [114.0430903, 22.5691233], [114.0430832, 22.5691458], [114.0431206, 22.5691559], [114.0431125, 22.5691813], [114.0431498, 22.5691914], [114.0431579, 22.569166], [114.0431952, 22.5691761], [114.0432024, 22.5691536], [114.0431837, 22.5691485], [114.043192, 22.5691225], [114.0432106, 22.5691276], [114.0432209, 22.5690951], [114.0432396, 22.5691002], [114.0432455, 22.5690816], [114.0433281, 22.5691039], [114.0433222, 22.5691225], [114.0433408, 22.5691276], [114.0433306, 22.56916], [114.0433492, 22.569165], [114.043341, 22.5691911], [114.0433223, 22.569186], [114.0433152, 22.5692085], [114.0433525, 22.5692186], [114.0433445, 22.569244], [114.0433818, 22.5692541], [114.0433899, 22.5692287], [114.0434272, 22.5692388], [114.0434343, 22.5692163], [114.0434157, 22.5692113], [114.0434239, 22.5691852], [114.0434426, 22.5691903], [114.0434529, 22.5691579], [114.0434715, 22.5691629], [114.0434774, 22.5691443], [114.04356, 22.5691667], [114.0435541, 22.5691853], [114.0435728, 22.5691903], [114.0435625, 22.5692227], [114.0435812, 22.5692278], [114.0435729, 22.5692538], [114.0435543, 22.5692488], [114.0435471, 22.5692712], [114.0435845, 22.5692813], [114.0435764, 22.5693067], [114.0435951, 22.5693118], [114.0435831, 22.5693495], [114.0428872, 22.5691613]]]]}}, {"type": "Feature", "id": "way/1429878453", "properties": {"tags": {"addr:housename": "梅兴苑北区", "addr:housename:zh": "梅兴苑北区", "building": "apartments", "building:levels": "8", "name": "5栋", "name:zh": "5栋"}, "heightStatus": "levels_only_unverified", "source": "OpenStreetMap", "license": "ODbL-1.0"}, "geometry": {"type": "MultiPolygon", "coordinates": [[[[114.043894, 22.5690911], [114.0439196, 22.5690104], [114.0445537, 22.5691819], [114.044528, 22.5692626], [114.0445094, 22.5692575], [114.0445046, 22.5692727], [114.0443834, 22.56924], [114.0443882, 22.5692248], [114.0443509, 22.5692147], [114.044346, 22.5692299], [114.0442249, 22.5691971], [114.0442297, 22.5691819], [114.0441923, 22.5691718], [114.0441875, 22.569187], [114.0440664, 22.5691542], [114.0440712, 22.569139], [114.0440338, 22.5691289], [114.044029, 22.5691441], [114.0439078, 22.5691114], [114.0439127, 22.5690962], [114.043894, 22.5690911]]]]}}, {"type": "Feature", "id": "way/1429878456", "properties": {"tags": {"addr:housename": "梅兴苑北区", "addr:housename:zh": "梅兴苑北区", "building": "apartments", "building:levels": "8", "name": "7栋", "name:zh": "7栋"}, "heightStatus": "levels_only_unverified", "source": "OpenStreetMap", "license": "ODbL-1.0"}, "geometry": {"type": "MultiPolygon", "coordinates": [[[[114.043658, 22.569347], [114.0436721, 22.5693028], [114.0437127, 22.5693138], [114.0437203, 22.56929], [114.0436924, 22.5692824], [114.0437088, 22.5692307], [114.0437603, 22.5692446], [114.0437483, 22.5692824], [114.0437941, 22.5692948], [114.0438061, 22.569257], [114.0438576, 22.5692709], [114.0438412, 22.5693227], [114.0438133, 22.5693151], [114.0438057, 22.5693389], [114.0438871, 22.5693609], [114.0438946, 22.5693371], [114.0438667, 22.5693296], [114.0438831, 22.5692779], [114.0439346, 22.5692918], [114.0439227, 22.5693296], [114.0439684, 22.569342], [114.0439804, 22.5693042], [114.0440319, 22.5693181], [114.0440155, 22.5693698], [114.0439876, 22.5693623], [114.0439801, 22.5693861], [114.0440614, 22.5694081], [114.044069, 22.5693843], [114.0440411, 22.5693768], [114.0440575, 22.569325], [114.044109, 22.5693389], [114.044097, 22.5693767], [114.0441428, 22.5693891], [114.0441548, 22.5693513], [114.0442063, 22.5693653], [114.0441899, 22.569417], [114.044162, 22.5694095], [114.0441544, 22.5694332], [114.0441951, 22.5694442], [114.0441811, 22.5694884], [114.0441242, 22.569473], [114.0441158, 22.5694994], [114.0440553, 22.5694831], [114.0440637, 22.5694567], [114.0439498, 22.5694259], [114.0439414, 22.5694523], [114.0438809, 22.5694359], [114.0438893, 22.5694095], [114.0437755, 22.5693787], [114.0437671, 22.5694051], [114.0437066, 22.5693888], [114.043715, 22.5693624], [114.043658, 22.569347]]]]}}, {"type": "Feature", "id": "way/1432455767", "properties": {"tags": {"addr:city": "深圳市", "addr:country": "CN", "addr:district": "福田区", "addr:housenumber": "222", "addr:neighbourhood": "梅河社区", "addr:postcode": "518000", "addr:province": "广东省", "addr:street": "梅华路", "addr:subdistrict": "梅林街道", "building": "commercial", "name": "下梅林广场", "name:en": "Xiameilin Plaza", "name:zh": "下梅林广场", "name:zh-Hans": "下梅林广场", "name:zh-Hant": "下梅林廣場", "shop": "mall"}, "heightStatus": "unknown", "source": "OpenStreetMap", "license": "ODbL-1.0"}, "geometry": {"type": "MultiPolygon", "coordinates": [[[[114.0372325, 22.5661439], [114.03725, 22.566067], [114.0377198, 22.5661583], [114.0377023, 22.5662352], [114.0372325, 22.5661439]]]]}}, {"type": "Feature", "id": "way/1432455768", "properties": {"tags": {"addr:city": "深圳市", "addr:country": "CN", "addr:district": "福田区", "addr:housenumber": "2", "addr:neighbourhood": "梅河社区", "addr:postcode": "518000", "addr:province": "广东省", "addr:street": "梅丽路", "addr:subdistrict": "梅林街道", "building": "hotel", "name": "梅林酒店", "name:en": "Meilin Hotel", "name:zh": "梅林酒店", "name:zh-Hans": "梅林酒店", "name:zh-Hant": "梅林酒店", "tourism": "hotel"}, "heightStatus": "unknown", "source": "OpenStreetMap", "license": "ODbL-1.0"}, "geometry": {"type": "MultiPolygon", "coordinates": [[[[114.0365691, 22.5663931], [114.0367108, 22.5661274], [114.0367345, 22.5661023], [114.0367624, 22.5660812], [114.0367937, 22.5660647], [114.0368275, 22.5660533], [114.0368629, 22.5660472], [114.0371943, 22.5660587], [114.037188, 22.5662129], [114.0369939, 22.5662067], [114.0369823, 22.5662341], [114.0369642, 22.5662584], [114.0369406, 22.5662782], [114.0369127, 22.5662924], [114.0368819, 22.5663004], [114.0368501, 22.5663016], [114.0368187, 22.566296], [114.0367284, 22.5664656], [114.0366995, 22.5664524], [114.0366835, 22.5664717], [114.0366608, 22.5664838], [114.0366347, 22.566487], [114.0366093, 22.5664807], [114.0365884, 22.566466], [114.0365753, 22.5664449], [114.0365718, 22.5664209], [114.0365786, 22.5663974], [114.0365691, 22.5663931]]]]}}, {"type": "Feature", "id": "way/1432455773", "properties": {"tags": {"addr:housename": "富盛花园", "addr:housename:en": "Fusheng Garden", "addr:housename:zh": "富盛花园", "building": "apartments", "name": "3栋", "name:en": "Block 3", "name:zh": "3栋"}, "heightStatus": "unknown", "source": "OpenStreetMap", "license": "ODbL-1.0"}, "geometry": {"type": "MultiPolygon", "coordinates": [[[[114.0364619, 22.5666264], [114.0364947, 22.5665674], [114.036512, 22.5665756], [114.0365302, 22.566543], [114.0365475, 22.5665512], [114.0365568, 22.5665345], [114.0366383, 22.5665731], [114.036629, 22.5665898], [114.0366463, 22.566598], [114.0366281, 22.5666307], [114.0366627, 22.5666471], [114.0366809, 22.5666145], [114.0366982, 22.5666227], [114.0367075, 22.5666059], [114.036789, 22.5666446], [114.0367797, 22.5666613], [114.036797, 22.5666695], [114.0367789, 22.5667022], [114.0367962, 22.5667104], [114.0367633, 22.5667694], [114.0364619, 22.5666264]]]]}}, {"type": "Feature", "id": "way/1432455774", "properties": {"tags": {"addr:housename": "富盛花园", "addr:housename:en": "Fusheng Garden", "addr:housename:zh": "富盛花园", "building": "apartments", "name": "2栋", "name:en": "Block 2", "name:zh": "2栋"}, "heightStatus": "unknown", "source": "OpenStreetMap", "license": "ODbL-1.0"}, "geometry": {"type": "MultiPolygon", "coordinates": [[[[114.0363441, 22.5668411], [114.036377, 22.5667821], [114.0363943, 22.5667903], [114.0364124, 22.5667576], [114.0364297, 22.5667659], [114.036439, 22.5667491], [114.0365205, 22.5667878], [114.0365112, 22.5668045], [114.0365285, 22.5668127], [114.0365104, 22.5668454], [114.036545, 22.5668618], [114.0365631, 22.5668291], [114.0365805, 22.5668374], [114.0365898, 22.5668206], [114.0366713, 22.5668593], [114.036662, 22.566876], [114.0366793, 22.5668842], [114.0366611, 22.5669169], [114.0366784, 22.5669251], [114.0366456, 22.5669841], [114.0363441, 22.5668411]]]]}}, {"type": "Feature", "id": "way/1432455775", "properties": {"tags": {"addr:housename": "富盛花园", "addr:housename:en": "Fusheng Garden", "addr:housename:zh": "富盛花园", "building": "apartments", "name": "1栋", "name:en": "Block 1", "name:zh": "1栋"}, "heightStatus": "unknown", "source": "OpenStreetMap", "license": "ODbL-1.0"}, "geometry": {"type": "MultiPolygon", "coordinates": [[[[114.0362313, 22.5670495], [114.036283, 22.5669565], [114.0365912, 22.5671027], [114.0365395, 22.5671957], [114.0362313, 22.5670495]]]]}}, {"type": "Feature", "id": "way/1432455776", "properties": {"tags": {"addr:housename": "金梅花园", "addr:housename:en": "Jinmei Garden", "addr:housename:zh": "金梅花园", "building": "apartments", "building:levels": "9", "name": "1栋", "name:en": "Block 1", "name:zh": "1栋"}, "heightStatus": "levels_only_unverified", "source": "OpenStreetMap", "license": "ODbL-1.0"}, "geometry": {"type": "MultiPolygon", "coordinates": [[[[114.0371887, 22.5681269], [114.0372225, 22.5680449], [114.037846, 22.568264], [114.0377437, 22.5684825], [114.0376638, 22.5684506], [114.0376702, 22.5684371], [114.0377268, 22.568316], [114.0371887, 22.5681269]]]]}}, {"type": "Feature", "id": "way/1432455777", "properties": {"tags": {"addr:housename": "金梅花园", "addr:housename:en": "Jinmei Garden", "addr:housename:zh": "金梅花园", "building": "apartments", "building:levels": "9", "name": "4栋", "name:en": "Block 4", "name:zh": "4栋"}, "heightStatus": "levels_only_unverified", "source": "OpenStreetMap", "license": "ODbL-1.0"}, "geometry": {"type": "MultiPolygon", "coordinates": [[[[114.0363166, 22.5677746], [114.0363725, 22.5676553], [114.0364215, 22.5676748], [114.0364365, 22.5676427], [114.036484, 22.5676617], [114.0364777, 22.5676752], [114.0365312, 22.5676966], [114.036509, 22.5677441], [114.0364554, 22.5677228], [114.0364444, 22.5677463], [114.0365873, 22.5678033], [114.0365983, 22.5677798], [114.0365447, 22.5677584], [114.036567, 22.5677109], [114.0366205, 22.5677323], [114.0366269, 22.5677187], [114.0366884, 22.5677433], [114.036682, 22.5677568], [114.0367356, 22.5677782], [114.0367134, 22.5678257], [114.0366598, 22.5678043], [114.0366488, 22.5678279], [114.0367916, 22.5678849], [114.0368027, 22.5678614], [114.0367491, 22.56784], [114.0367713, 22.5677925], [114.0368249, 22.5678139], [114.0368312, 22.5678003], [114.0368927, 22.5678248], [114.0368864, 22.5678384], [114.03694, 22.5678598], [114.0369177, 22.5679073], [114.0368642, 22.5678859], [114.0368531, 22.5679095], [114.036996, 22.5679665], [114.037007, 22.5679429], [114.0369534, 22.5679216], [114.0369757, 22.567874], [114.0370293, 22.5678954], [114.0370356, 22.5678819], [114.0370971, 22.5679064], [114.0370908, 22.56792], [114.0371443, 22.5679414], [114.0371221, 22.5679889], [114.0370685, 22.5679675], [114.0370575, 22.567991], [114.0371289, 22.5680196], [114.0370977, 22.5680864], [114.0363166, 22.5677746]]]]}}, {"type": "Feature", "id": "way/1432455778", "properties": {"tags": {"addr:housename": "金梅花园", "addr:housename:en": "Jinmei Garden", "addr:housename:zh": "金梅花园", "building": "apartments", "building:levels": "9", "name": "3栋", "name:en": "Block 3", "name:zh": "3栋"}, "heightStatus": "levels_only_unverified", "source": "OpenStreetMap", "license": "ODbL-1.0"}, "geometry": {"type": "MultiPolygon", "coordinates": [[[[114.0362105, 22.5680282], [114.0362664, 22.5679089], [114.0363154, 22.5679284], [114.0363305, 22.5678963], [114.0363779, 22.5679153], [114.0363716, 22.5679289], [114.0364252, 22.5679502], [114.0364029, 22.5679978], [114.0363494, 22.5679764], [114.0363383, 22.5679999], [114.0364812, 22.5680569], [114.0364922, 22.5680334], [114.0364387, 22.568012], [114.0364609, 22.5679645], [114.0365145, 22.5679859], [114.0365208, 22.5679723], [114.0365823, 22.5679969], [114.036576, 22.5680104], [114.0366295, 22.5680318], [114.0366073, 22.5680793], [114.0365537, 22.5680579], [114.0365427, 22.5680815], [114.0366856, 22.5681385], [114.0366966, 22.568115], [114.036643, 22.5680936], [114.0366653, 22.5680461], [114.0367188, 22.5680675], [114.0367252, 22.5680539], [114.0367867, 22.5680785], [114.0367803, 22.568092], [114.0368339, 22.5681134], [114.0368117, 22.5681609], [114.0367581, 22.5681395], [114.0367471, 22.5681631], [114.0368899, 22.5682201], [114.036901, 22.5681966], [114.0368474, 22.5681752], [114.0368696, 22.5681277], [114.0369232, 22.568149], [114.0369295, 22.5681355], [114.036991, 22.56816], [114.0369847, 22.5681736], [114.0370383, 22.568195], [114.037016, 22.5682425], [114.0369625, 22.5682211], [114.0369514, 22.5682446], [114.0370229, 22.5682732], [114.0369916, 22.56834], [114.0362105, 22.5680282]]]]}}, {"type": "Feature", "id": "way/1432455779", "properties": {"tags": {"addr:housename": "金梅花园", "addr:housename:en": "Jinmei Garden", "addr:housename:zh": "金梅花园", "building": "apartments", "building:levels": "9", "name": "2栋", "name:en": "Block 2", "name:zh": "2栋"}, "heightStatus": "levels_only_unverified", "source": "OpenStreetMap", "license": "ODbL-1.0"}, "geometry": {"type": "MultiPolygon", "coordinates": [[[[114.0370839, 22.5683828], [114.0371152, 22.568316], [114.0371866, 22.5683445], [114.0371977, 22.5683209], [114.0371441, 22.5682995], [114.0371663, 22.568252], [114.0372199, 22.5682734], [114.0372263, 22.5682599], [114.0372877, 22.5682844], [114.0372814, 22.568298], [114.037335, 22.5683194], [114.0373127, 22.5683669], [114.0372592, 22.5683455], [114.0372481, 22.568369], [114.037391, 22.5684261], [114.037402, 22.5684025], [114.0373485, 22.5683811], [114.0373707, 22.5683336], [114.0374243, 22.568355], [114.0374306, 22.5683414], [114.0374921, 22.568366], [114.0374858, 22.5683795], [114.0375393, 22.5684009], [114.0375171, 22.5684484], [114.0374635, 22.5684271], [114.0374525, 22.5684506], [114.0375954, 22.5685076], [114.0376064, 22.5684841], [114.0375528, 22.5684627], [114.0375751, 22.5684152], [114.0376286, 22.5684366], [114.037635, 22.568423], [114.0376702, 22.5684371], [114.0376638, 22.5684506], [114.0377437, 22.5684825], [114.0377215, 22.56853], [114.0376679, 22.5685086], [114.0376569, 22.5685322], [114.0377283, 22.5685607], [114.037697, 22.5686275], [114.0370839, 22.5683828]]]]}}, {"type": "Feature", "id": "relation/19642601", "properties": {"tags": {"building": "kindergarten"}, "heightStatus": "unknown", "source": "OpenStreetMap", "license": "ODbL-1.0"}, "geometry": {"type": "MultiPolygon", "coordinates": [[[[114.0348674, 22.5706966], [114.0348699, 22.5705811], [114.0349757, 22.570583], [114.0349765, 22.570549], [114.0350894, 22.5705514], [114.03509, 22.5705235], [114.0352191, 22.5705263], [114.0352184, 22.5705534], [114.0353273, 22.5705557], [114.035328, 22.5705286], [114.035444, 22.570531], [114.0354433, 22.5705575], [114.0355003, 22.5705587], [114.0354973, 22.5706823], [114.0353695, 22.5706796], [114.0353665, 22.5708207], [114.0354629, 22.5708224], [114.0354609, 22.5709203], [114.0349385, 22.5709109], [114.0349406, 22.5708131], [114.035008, 22.5708143], [114.0350105, 22.5706991], [114.0348674, 22.5706966]], [[114.0350515, 22.5708151], [114.0353172, 22.5708198], [114.0353201, 22.5706786], [114.0350545, 22.570673], [114.0350515, 22.5708151]]]]}}, {"type": "Feature", "id": "way/1432455785", "properties": {"tags": {"addr:housename": "润裕花园", "addr:housename:en": "Runyu Garden", "addr:housename:zh": "润裕花园", "building": "apartments", "building:levels": "8", "name": "3栋", "name:en": "Block 3", "name:zh": "3栋"}, "heightStatus": "levels_only_unverified", "source": "OpenStreetMap", "license": "ODbL-1.0"}, "geometry": {"type": "MultiPolygon", "coordinates": [[[[114.038468, 22.5695383], [114.0385152, 22.5694425], [114.0390859, 22.5696818], [114.0390387, 22.5697777], [114.038468, 22.5695383]]]]}}, {"type": "Feature", "id": "way/1432455786", "properties": {"tags": {"addr:housename": "润裕花园", "addr:housename:en": "Runyu Garden", "addr:housename:zh": "润裕花园", "building": "apartments", "building:levels": "8", "name": "4栋", "name:en": "Block 4", "name:zh": "4栋"}, "heightStatus": "levels_only_unverified", "source": "OpenStreetMap", "license": "ODbL-1.0"}, "geometry": {"type": "MultiPolygon", "coordinates": [[[[114.0391016, 22.5698061], [114.0391488, 22.5697102], [114.0397195, 22.5699496], [114.0396723, 22.5700455], [114.0391016, 22.5698061]]]]}}, {"type": "Feature", "id": "way/1432455787", "properties": {"tags": {"addr:housename": "润裕花园", "addr:housename:en": "Runyu Garden", "addr:housename:zh": "润裕花园", "building": "apartments", "building:levels": "8", "name": "1栋", "name:en": "Block 1", "name:zh": "1栋"}, "heightStatus": "levels_only_unverified", "source": "OpenStreetMap", "license": "ODbL-1.0"}, "geometry": {"type": "MultiPolygon", "coordinates": [[[[114.0369492, 22.5689257], [114.0369963, 22.5688298], [114.037567, 22.5690692], [114.0375199, 22.5691651], [114.0369492, 22.5689257]]]]}}, {"type": "Feature", "id": "way/1432455788", "properties": {"tags": {"addr:housename": "润裕花园", "addr:housename:en": "Runyu Garden", "addr:housename:zh": "润裕花园", "building": "apartments", "building:levels": "8", "name": "2栋", "name:en": "Block 2", "name:zh": "2栋"}, "heightStatus": "levels_only_unverified", "source": "OpenStreetMap", "license": "ODbL-1.0"}, "geometry": {"type": "MultiPolygon", "coordinates": [[[[114.0376347, 22.5692147], [114.0376819, 22.5691188], [114.0382526, 22.5693582], [114.0382055, 22.5694541], [114.0376347, 22.5692147]]]]}}, {"type": "Feature", "id": "way/1432455790", "properties": {"tags": {"addr:housename": "润华苑", "addr:housename:en": "Runhua Court", "addr:housename:zh": "润华苑", "building": "apartments", "name": "1栋", "name:en": "Block 1", "name:zh": "1栋"}, "heightStatus": "unknown", "source": "OpenStreetMap", "license": "ODbL-1.0"}, "geometry": {"type": "MultiPolygon", "coordinates": [[[[114.0368708, 22.5692215], [114.0369279, 22.5690992], [114.0369919, 22.5691246], [114.0370086, 22.5690887], [114.0371055, 22.5691273], [114.0370887, 22.5691632], [114.0371814, 22.5692001], [114.0371109, 22.569351], [114.0370183, 22.5693141], [114.0369969, 22.5693599], [114.0369001, 22.5693213], [114.0369348, 22.569247], [114.0368708, 22.5692215]]]]}}, {"type": "Feature", "id": "way/1432455791", "properties": {"tags": {"addr:housename": "润华苑", "addr:housename:en": "Runhua Court", "addr:housename:zh": "润华苑", "building": "apartments", "name": "3栋", "name:en": "Block 3", "name:zh": "3栋"}, "heightStatus": "unknown", "source": "OpenStreetMap", "license": "ODbL-1.0"}, "geometry": {"type": "MultiPolygon", "coordinates": [[[[114.0366393, 22.5697178], [114.0366963, 22.5695955], [114.0367603, 22.569621], [114.036795, 22.5695466], [114.0368918, 22.5695851], [114.0368705, 22.5696308], [114.0369632, 22.5696677], [114.0368927, 22.5698187], [114.0368, 22.5697818], [114.0367833, 22.5698177], [114.0366864, 22.5697792], [114.0367032, 22.5697433], [114.0366393, 22.5697178]]]]}}, {"type": "Feature", "id": "way/1432455792", "properties": {"tags": {"addr:housename": "润华苑", "addr:housename:en": "Runhua Court", "addr:housename:zh": "润华苑", "building": "apartments", "name": "2栋", "name:en": "Block 2", "name:zh": "2栋"}, "heightStatus": "unknown", "source": "OpenStreetMap", "license": "ODbL-1.0"}, "geometry": {"type": "MultiPolygon", "coordinates": [[[[114.036757, 22.5694655], [114.0368102, 22.5693515], [114.0368741, 22.569377], [114.0369001, 22.5693213], [114.0369969, 22.5693599], [114.0369836, 22.5693884], [114.0370763, 22.5694253], [114.0369978, 22.5695934], [114.0369052, 22.5695565], [114.0368918, 22.5695851], [114.036795, 22.5695466], [114.0368209, 22.5694909], [114.036757, 22.5694655]]]]}}, {"type": "Feature", "id": "way/1432455794", "properties": {"tags": {"building": "school"}, "heightStatus": "unknown", "source": "OpenStreetMap", "license": "ODbL-1.0"}, "geometry": {"type": "MultiPolygon", "coordinates": [[[[114.0380825, 22.5681851], [114.0381175, 22.5681115], [114.0382431, 22.5681624], [114.0382965, 22.5680502], [114.0383245, 22.5680616], [114.0383515, 22.5680047], [114.0381979, 22.5679424], [114.0382312, 22.5678723], [114.0384164, 22.5679474], [114.0384696, 22.5678353], [114.0382845, 22.5677603], [114.0383149, 22.5676962], [114.0384668, 22.5677578], [114.0384944, 22.5676997], [114.0386917, 22.5677797], [114.0386343, 22.5679003], [114.0385042, 22.5678475], [114.0384497, 22.5679622], [114.0384738, 22.567972], [114.0384821, 22.5679788], [114.0384844, 22.5679888], [114.03848, 22.5679982], [114.0384704, 22.5680034], [114.0384593, 22.5680024], [114.0384352, 22.5679926], [114.0384235, 22.5680174], [114.0385822, 22.5680818], [114.0385537, 22.5681419], [114.0383959, 22.5680779], [114.0383379, 22.5681999], [114.0384428, 22.5682424], [114.0384335, 22.568262], [114.0384466, 22.5682717], [114.0384527, 22.5682861], [114.0384501, 22.5683014], [114.0384396, 22.5683135], [114.038424, 22.5683191], [114.0384075, 22.5683168], [114.0380825, 22.5681851]]]]}}, {"type": "Feature", "id": "relation/19642603", "properties": {"tags": {"building": "school"}, "heightStatus": "unknown", "source": "OpenStreetMap", "license": "ODbL-1.0"}, "geometry": {"type": "MultiPolygon", "coordinates": [[[[114.0404158, 22.5715618], [114.0404984, 22.571414], [114.040586, 22.5714558], [114.0406178, 22.5713989], [114.0407612, 22.5714673], [114.0409665, 22.5714687], [114.0409659, 22.5715413], [114.0407662, 22.5715399], [114.0406926, 22.5716716], [114.0406922, 22.5717088], [114.0409562, 22.5717107], [114.0409555, 22.5717989], [114.0409945, 22.5717992], [114.0409931, 22.5719563], [114.0410249, 22.5719565], [114.0410242, 22.5720359], [114.0409522, 22.5720354], [114.0409518, 22.5720772], [114.0405629, 22.5720744], [114.0405636, 22.5719927], [114.0406528, 22.5719934], [114.0406554, 22.5716761], [114.0404158, 22.5715618]], [[114.0406898, 22.5719937], [114.0409286, 22.5719954], [114.04093, 22.5718305], [114.0406912, 22.5718288], [114.0406898, 22.5719937]]]]}}, {"type": "Feature", "id": "way/1432455803", "properties": {"tags": {"addr:housename": "新活力花园", "addr:housename:en": "Xinhuoli Garden", "addr:housename:zh": "新活力花园", "building": "apartments", "building:levels": "8", "name": "1栋", "name:en": "Block 1", "name:zh": "1栋"}, "heightStatus": "levels_only_unverified", "source": "OpenStreetMap", "license": "ODbL-1.0"}, "geometry": {"type": "MultiPolygon", "coordinates": [[[[114.040556, 22.5712341], [114.0405598, 22.571087], [114.0406369, 22.5708023], [114.0407502, 22.5708284], [114.0406762, 22.5711015], [114.040674, 22.571188], [114.0406762, 22.5711899], [114.0408967, 22.5711842], [114.0409782, 22.5709523], [114.0410892, 22.5709855], [114.0409824, 22.5712898], [114.0406319, 22.5712989], [114.040556, 22.5712341]]]]}}, {"type": "Feature", "id": "way/1432455804", "properties": {"tags": {"addr:housename": "新活力花园", "addr:housename:en": "Xinhuoli Garden", "addr:housename:zh": "新活力花园", "building": "apartments", "building:levels": "8", "name": "2栋", "name:en": "Block 2", "name:zh": "2栋"}, "heightStatus": "levels_only_unverified", "source": "OpenStreetMap", "license": "ODbL-1.0"}, "geometry": {"type": "MultiPolygon", "coordinates": [[[[114.0406574, 22.5707264], [114.0407256, 22.5704748], [114.0408045, 22.5704478], [114.0411567, 22.5705969], [114.0411989, 22.5706734], [114.0411122, 22.5709202], [114.0410011, 22.570887], [114.0410729, 22.5706826], [114.0410711, 22.5706793], [114.0408194, 22.5705727], [114.0407707, 22.5707526], [114.0406574, 22.5707264]]]]}}, {"type": "Feature", "id": "way/1432455824", "properties": {"tags": {"building": "yes"}, "heightStatus": "unknown", "source": "OpenStreetMap", "license": "ODbL-1.0"}, "geometry": {"type": "MultiPolygon", "coordinates": [[[[114.0399358, 22.5710134], [114.0399597, 22.5708188], [114.0403909, 22.570864], [114.040367, 22.5710586], [114.0399358, 22.5710134]]]]}}, {"type": "Feature", "id": "way/1432455826", "properties": {"tags": {"addr:housename": "福兴花园", "addr:housename:en": "Fuxing Garden", "addr:housename:zh": "福兴花园", "building": "apartments", "name": "B栋", "name:en": "Block B", "name:zh": "B栋"}, "heightStatus": "unknown", "source": "OpenStreetMap", "license": "ODbL-1.0"}, "geometry": {"type": "MultiPolygon", "coordinates": [[[[114.0394898, 22.5718731], [114.0395247, 22.5718317], [114.03954, 22.5718427], [114.0395589, 22.5718204], [114.0395691, 22.5718278], [114.0396342, 22.5717505], [114.0397861, 22.5718596], [114.0398074, 22.5718344], [114.0398546, 22.5718684], [114.0399572, 22.5717466], [114.0399099, 22.5717127], [114.0399311, 22.5716875], [114.0398907, 22.5716585], [114.039912, 22.5716333], [114.0399273, 22.5716443], [114.0399496, 22.5716179], [114.0400999, 22.5717259], [114.0400777, 22.5717523], [114.040093, 22.5717633], [114.0400718, 22.5717885], [114.0400288, 22.5717576], [114.040003, 22.5717882], [114.0400454, 22.5718187], [114.0400116, 22.5718587], [114.0399693, 22.5718283], [114.0399433, 22.5718592], [114.0399856, 22.5718896], [114.0399519, 22.5719296], [114.0399096, 22.5718992], [114.0398838, 22.5719298], [114.0399268, 22.5719607], [114.0399056, 22.5719859], [114.0398902, 22.5719748], [114.039868, 22.5720013], [114.0397176, 22.5718933], [114.0397399, 22.5718669], [114.0397072, 22.5718434], [114.0396634, 22.5718955], [114.0396921, 22.5719161], [114.0396733, 22.5719384], [114.0396886, 22.5719494], [114.0396537, 22.5719909], [114.0394898, 22.5718731]]]]}}, {"type": "Feature", "id": "way/1432455827", "properties": {"tags": {"addr:housename": "福兴花园", "addr:housename:en": "Fuxing Garden", "addr:housename:zh": "福兴花园", "building": "apartments", "name": "C栋", "name:en": "Block C", "name:zh": "C栋"}, "heightStatus": "unknown", "source": "OpenStreetMap", "license": "ODbL-1.0"}, "geometry": {"type": "MultiPolygon", "coordinates": [[[[114.0397489, 22.5714597], [114.0400128, 22.5711459], [114.0400426, 22.5711673], [114.0400554, 22.5711521], [114.0400845, 22.5711729], [114.0400445, 22.5712205], [114.0400744, 22.5712419], [114.0401144, 22.5711944], [114.0401686, 22.5712333], [114.0401286, 22.5712809], [114.0401565, 22.5713009], [114.0401753, 22.5712785], [114.0401856, 22.5712859], [114.0402506, 22.5712087], [114.0403622, 22.5712888], [114.040341, 22.571314], [114.0403236, 22.5713016], [114.0402798, 22.5713536], [114.0403085, 22.5713742], [114.0402897, 22.5713966], [114.040305, 22.5714076], [114.0402703, 22.5714489], [114.0400099, 22.5712622], [114.0399144, 22.5713758], [114.0399431, 22.5713964], [114.0399786, 22.5713543], [114.0400085, 22.5713758], [114.039987, 22.5714013], [114.040013, 22.5714199], [114.0398927, 22.5715628], [114.0397489, 22.5714597]]]]}}, {"type": "Feature", "id": "way/1432455828", "properties": {"tags": {"addr:housename": "福兴花园", "addr:housename:en": "Fuxing Garden", "addr:housename:zh": "福兴花园", "building": "apartments", "name": "D栋", "name:en": "Block D", "name:zh": "D栋"}, "heightStatus": "unknown", "source": "OpenStreetMap", "license": "ODbL-1.0"}, "geometry": {"type": "MultiPolygon", "coordinates": [[[[114.0400268, 22.5707143], [114.0400324, 22.570669], [114.0401325, 22.5706795], [114.0401351, 22.5706584], [114.0400737, 22.570652], [114.0400789, 22.5706103], [114.0402035, 22.5705187], [114.0402486, 22.5705234], [114.0402417, 22.57058], [114.0402645, 22.5705824], [114.0402752, 22.5704954], [114.0403124, 22.5704149], [114.0402912, 22.5704066], [114.040267, 22.570459], [114.0402253, 22.5704426], [114.0401658, 22.570306], [114.0401836, 22.5702675], [114.0402404, 22.5702899], [114.0402495, 22.5702703], [114.0401568, 22.5702338], [114.0401762, 22.5701919], [114.0401952, 22.5701994], [114.0402037, 22.5701811], [114.0403861, 22.5702529], [114.0403636, 22.5703016], [114.0403453, 22.5702944], [114.0403318, 22.5703237], [114.0403635, 22.5703362], [114.0403713, 22.5703194], [114.040424, 22.5703401], [114.0403445, 22.5705123], [114.0403216, 22.5706983], [114.0402647, 22.5706924], [114.0402669, 22.5706742], [114.0402326, 22.5706706], [114.0402287, 22.5707022], [114.0402485, 22.5707043], [114.040242, 22.5707569], [114.040045, 22.5707362], [114.0400474, 22.5707165], [114.0400268, 22.5707143]]]]}}, {"type": "Feature", "id": "way/1432455829", "properties": {"tags": {"addr:housename": "宏安花园", "addr:housename:en": "Hong'an Garden", "addr:housename:zh": "宏安花园", "building": "apartments", "name": "C座", "name:en": "Block C", "name:zh": "C座"}, "heightStatus": "unknown", "source": "OpenStreetMap", "license": "ODbL-1.0"}, "geometry": {"type": "MultiPolygon", "coordinates": [[[[114.0394537, 22.5687267], [114.0395129, 22.5686053], [114.0402321, 22.5689043], [114.0401729, 22.5690257], [114.0394537, 22.5687267]]]]}}, {"type": "Feature", "id": "way/1432455830", "properties": {"tags": {"addr:housename": "宏安花园", "addr:housename:en": "Hong'an Garden", "addr:housename:zh": "宏安花园", "building": "apartments", "name": "A座", "name:en": "Block A", "name:zh": "A座"}, "heightStatus": "unknown", "source": "OpenStreetMap", "license": "ODbL-1.0"}, "geometry": {"type": "MultiPolygon", "coordinates": [[[[114.0392246, 22.5692094], [114.039276, 22.5691042], [114.0400664, 22.5694328], [114.0400151, 22.569538], [114.0392246, 22.5692094]]]]}}, {"type": "Feature", "id": "way/1432455831", "properties": {"tags": {"addr:housename": "宏安花园", "addr:housename:en": "Hong'an Garden", "addr:housename:zh": "宏安花园", "building": "apartments", "name": "B座", "name:en": "Block B", "name:zh": "B座"}, "heightStatus": "unknown", "source": "OpenStreetMap", "license": "ODbL-1.0"}, "geometry": {"type": "MultiPolygon", "coordinates": [[[[114.0392815, 22.5689832], [114.0393328, 22.5688779], [114.0401233, 22.5692065], [114.0400719, 22.5693118], [114.0392815, 22.5689832]]]]}}, {"type": "Feature", "id": "way/1432455832", "properties": {"tags": {"addr:housename": "宏安花园", "addr:housename:en": "Hong'an Garden", "addr:housename:zh": "宏安花园", "building": "apartments", "name": "D座", "name:en": "Block D", "name:zh": "D座"}, "heightStatus": "unknown", "source": "OpenStreetMap", "license": "ODbL-1.0"}, "geometry": {"type": "MultiPolygon", "coordinates": [[[[114.0395508, 22.5684498], [114.0396185, 22.568311], [114.0403556, 22.5686174], [114.040288, 22.5687562], [114.0395508, 22.5684498]]]]}}, {"type": "Feature", "id": "way/1432455833", "properties": {"tags": {"addr:housename": "金梅花园", "addr:housename:en": "Jinmei Garden", "addr:housename:zh": "金梅花园", "building": "apartments", "name": "3栋", "name:en": "Block 3", "name:zh": "3栋"}, "heightStatus": "unknown", "source": "OpenStreetMap", "license": "ODbL-1.0"}, "geometry": {"type": "MultiPolygon", "coordinates": [[[[114.0391375, 22.5679805], [114.0391714, 22.567976], [114.0391657, 22.5679392], [114.0391954, 22.5679353], [114.0392011, 22.5679721], [114.0392883, 22.5679606], [114.0392847, 22.5679374], [114.039243, 22.5679429], [114.0392328, 22.5678765], [114.039389, 22.567856], [114.0393992, 22.5679223], [114.0393692, 22.5679263], [114.0393728, 22.5679495], [114.0394285, 22.5679422], [114.03944, 22.5680165], [114.0391489, 22.5680548], [114.0391375, 22.5679805]]]]}}, {"type": "Feature", "id": "way/1432455834", "properties": {"tags": {"addr:housename": "金梅花园", "addr:housename:en": "Jinmei Garden", "addr:housename:zh": "金梅花园", "building": "apartments", "name": "1栋", "name:en": "Block 1", "name:zh": "1栋"}, "heightStatus": "unknown", "source": "OpenStreetMap", "license": "ODbL-1.0"}, "geometry": {"type": "MultiPolygon", "coordinates": [[[[114.0396579, 22.5681277], [114.0396781, 22.568076], [114.0396964, 22.5680821], [114.039708, 22.5680522], [114.0397446, 22.5680644], [114.0397525, 22.5680442], [114.0397708, 22.5680503], [114.039799, 22.5679782], [114.0398687, 22.5680013], [114.0398405, 22.5680734], [114.0398589, 22.5680795], [114.039851, 22.5680998], [114.0398876, 22.5681119], [114.0398759, 22.5681418], [114.0399125, 22.568154], [114.0399242, 22.5681241], [114.0399608, 22.5681363], [114.0399687, 22.568116], [114.039987, 22.5681221], [114.0400151, 22.56805], [114.0400848, 22.5680732], [114.0400567, 22.5681453], [114.040075, 22.5681514], [114.0400671, 22.5681716], [114.0401037, 22.5681838], [114.0400921, 22.5682137], [114.0401287, 22.5682258], [114.0401403, 22.568196], [114.0401769, 22.5682081], [114.0401848, 22.5681879], [114.0402031, 22.568194], [114.0402312, 22.5681219], [114.0403009, 22.568145], [114.0402728, 22.5682171], [114.0402911, 22.5682232], [114.0402833, 22.5682435], [114.0403199, 22.5682556], [114.0403082, 22.5682855], [114.0403265, 22.5682916], [114.0403064, 22.5683433], [114.0396579, 22.5681277]]]]}}, {"type": "Feature", "id": "way/1432455835", "properties": {"tags": {"addr:housename": "金梅花园", "addr:housename:en": "Jinmei Garden", "addr:housename:zh": "金梅花园", "building": "apartments", "name": "9栋", "name:en": "Block 9", "name:zh": "9栋"}, "heightStatus": "unknown", "source": "OpenStreetMap", "license": "ODbL-1.0"}, "geometry": {"type": "MultiPolygon", "coordinates": [[[[114.0391266, 22.5681704], [114.0391663, 22.568086], [114.0393486, 22.568159], [114.0393778, 22.5680968], [114.0395166, 22.5681524], [114.0394874, 22.5682146], [114.0395667, 22.5682464], [114.0395271, 22.5683308], [114.0391266, 22.5681704]]]]}}, {"type": "Feature", "id": "way/1432455836", "properties": {"tags": {"addr:housename": "金梅花园", "addr:housename:en": "Jinmei Garden", "addr:housename:zh": "金梅花园", "building": "apartments", "name": "8栋", "name:en": "Block 8", "name:zh": "8栋"}, "heightStatus": "unknown", "source": "OpenStreetMap", "license": "ODbL-1.0"}, "geometry": {"type": "MultiPolygon", "coordinates": [[[[114.039002, 22.5684549], [114.0390314, 22.5683923], [114.0391366, 22.5684345], [114.0391528, 22.5684001], [114.0390475, 22.568358], [114.0390899, 22.5682677], [114.0393093, 22.5683555], [114.0392669, 22.5684458], [114.0392368, 22.5684337], [114.0392207, 22.5684681], [114.0392985, 22.5684992], [114.0393146, 22.5684648], [114.0392844, 22.5684527], [114.0393268, 22.5683625], [114.0394726, 22.5684209], [114.0394302, 22.5685111], [114.0393986, 22.5684984], [114.0393825, 22.5685328], [114.0394141, 22.5685455], [114.0393847, 22.5686081], [114.0393531, 22.5685954], [114.0393451, 22.5686125], [114.0392611, 22.5685789], [114.0392691, 22.5685618], [114.0392302, 22.5685462], [114.0391913, 22.5685307], [114.0391833, 22.5685478], [114.0390993, 22.5685141], [114.0391073, 22.5684971], [114.039002, 22.5684549]]]]}}, {"type": "Feature", "id": "way/1432455837", "properties": {"tags": {"addr:housename": "金梅花园", "addr:housename:en": "Jinmei Garden", "addr:housename:zh": "金梅花园", "building": "apartments", "name": "7栋", "name:en": "Block 7", "name:zh": "7栋"}, "heightStatus": "unknown", "source": "OpenStreetMap", "license": "ODbL-1.0"}, "geometry": {"type": "MultiPolygon", "coordinates": [[[[114.0388597, 22.5687397], [114.038889, 22.5686771], [114.0389943, 22.5687193], [114.0390104, 22.5686849], [114.0389052, 22.5686427], [114.0389476, 22.5685525], [114.039167, 22.5686403], [114.0391246, 22.5687305], [114.0390945, 22.5687185], [114.0390783, 22.5687528], [114.0391561, 22.568784], [114.0391723, 22.5687496], [114.0391421, 22.5687375], [114.0391845, 22.5686473], [114.0393303, 22.5687056], [114.0392879, 22.5687959], [114.0392563, 22.5687832], [114.0392401, 22.5688176], [114.0392718, 22.5688303], [114.0392424, 22.5688928], [114.0392108, 22.5688802], [114.0392027, 22.5688973], [114.0391187, 22.5688636], [114.0391268, 22.5688466], [114.0390879, 22.568831], [114.039049, 22.5688154], [114.0390409, 22.5688325], [114.0389569, 22.5687989], [114.0389649, 22.5687819], [114.0388597, 22.5687397]]]]}}, {"type": "Feature", "id": "way/1432455838", "properties": {"tags": {"addr:housename": "金梅花园", "addr:housename:en": "Jinmei Garden", "addr:housename:zh": "金梅花园", "building": "apartments", "name": "6栋", "name:en": "Block 6", "name:zh": "6栋"}, "heightStatus": "unknown", "source": "OpenStreetMap", "license": "ODbL-1.0"}, "geometry": {"type": "MultiPolygon", "coordinates": [[[[114.038729, 22.568995], [114.0387583, 22.5689324], [114.0388467, 22.5689677], [114.0388628, 22.5689333], [114.0387744, 22.568898], [114.0388043, 22.5688341], [114.0388927, 22.5688694], [114.0388986, 22.5688568], [114.0389827, 22.5688904], [114.0389767, 22.5689031], [114.0390069, 22.5689151], [114.038977, 22.568979], [114.0389467, 22.5689669], [114.0389306, 22.5690013], [114.0390378, 22.5690441], [114.0390539, 22.5690097], [114.0390237, 22.5689977], [114.0390537, 22.5689338], [114.0390839, 22.5689459], [114.0390898, 22.5689333], [114.0391738, 22.5689669], [114.0391679, 22.5689795], [114.0392214, 22.5690009], [114.0391915, 22.5690648], [114.0391379, 22.5690434], [114.0391218, 22.5690778], [114.0391753, 22.5690991], [114.039146, 22.5691618], [114.0390924, 22.5691404], [114.0390844, 22.5691574], [114.0390004, 22.5691239], [114.0390084, 22.5691067], [114.0389012, 22.5690639], [114.0388933, 22.5690809], [114.0388092, 22.5690474], [114.0388173, 22.5690302], [114.038729, 22.568995]]]]}}, {"type": "Feature", "id": "way/1432455842", "properties": {"tags": {"addr:housename": "碧荔花园", "addr:housename:en": "Bili Garden", "addr:housename:zh": "碧荔花园", "building": "apartments", "building:levels": "9", "name": "碧荔阁", "name:en": "Bili Tower", "name:zh": "碧荔阁"}, "heightStatus": "levels_only_unverified", "source": "OpenStreetMap", "license": "ODbL-1.0"}, "geometry": {"type": "MultiPolygon", "coordinates": [[[[114.0411678, 22.5700508], [114.0413167, 22.5697271], [114.0414062, 22.5697622], [114.0412954, 22.5700033], [114.0415979, 22.5701219], [114.0417588, 22.5696995], [114.0413587, 22.5695426], [114.0414182, 22.5694132], [114.0418991, 22.5696017], [114.0416553, 22.570242], [114.0411678, 22.5700508]]]]}}, {"type": "Feature", "id": "way/1432455843", "properties": {"tags": {"addr:housename": "碧荔花园", "addr:housename:en": "Bili Garden", "addr:housename:zh": "碧荔花园", "building": "apartments", "building:levels": "9", "name": "碧兰阁", "name:en": "Bilan Tower", "name:zh": "碧兰阁"}, "heightStatus": "levels_only_unverified", "source": "OpenStreetMap", "license": "ODbL-1.0"}, "geometry": {"type": "MultiPolygon", "coordinates": [[[[114.0402576, 22.5696643], [114.0403057, 22.5695598], [114.0411151, 22.5698771], [114.041067, 22.5699817], [114.0410312, 22.5699676], [114.0410221, 22.5699874], [114.0409318, 22.5699521], [114.0409409, 22.5699322], [114.0408693, 22.5699041], [114.0408602, 22.569924], [114.0407699, 22.5698886], [114.0407791, 22.5698688], [114.0407074, 22.5698407], [114.0406983, 22.5698605], [114.0406081, 22.5698251], [114.0406172, 22.5698053], [114.0405456, 22.5697772], [114.0405364, 22.569797], [114.0404462, 22.5697616], [114.0404553, 22.5697418], [114.0403837, 22.5697137], [114.0403746, 22.5697335], [114.0402843, 22.5696982], [114.0402935, 22.5696783], [114.0402576, 22.5696643]]]]}}, {"type": "Feature", "id": "way/1432455844", "properties": {"tags": {"addr:housename": "碧荔花园", "addr:housename:en": "Bili Garden", "addr:housename:zh": "碧荔花园", "building": "apartments", "building:levels": "9", "name": "碧鹃阁", "name:en": "Bijuan Tower", "name:zh": "碧鹃阁"}, "heightStatus": "levels_only_unverified", "source": "OpenStreetMap", "license": "ODbL-1.0"}, "geometry": {"type": "MultiPolygon", "coordinates": [[[[114.0407213, 22.5684286], [114.0407705, 22.5683216], [114.0408063, 22.5683357], [114.0408147, 22.5683175], [114.0409216, 22.5683594], [114.0409133, 22.5683776], [114.0409849, 22.5684057], [114.0409932, 22.5683875], [114.0411002, 22.5684295], [114.0410918, 22.5684476], [114.0411276, 22.5684617], [114.0410785, 22.5685686], [114.0407213, 22.5684286]]]]}}, {"type": "Feature", "id": "way/1432455845", "properties": {"tags": {"addr:housename": "碧荔花园", "addr:housename:en": "Bili Garden", "addr:housename:zh": "碧荔花园", "building": "apartments", "building:levels": "9", "name": "碧棠阁", "name:en": "Bitang Tower", "name:zh": "碧棠阁"}, "heightStatus": "levels_only_unverified", "source": "OpenStreetMap", "license": "ODbL-1.0"}, "geometry": {"type": "MultiPolygon", "coordinates": [[[[114.040361, 22.5693726], [114.0404102, 22.5692656], [114.040446, 22.5692797], [114.0404543, 22.5692615], [114.0405613, 22.5693034], [114.0405529, 22.5693216], [114.0406245, 22.5693497], [114.0406329, 22.5693315], [114.0407398, 22.5693734], [114.0407315, 22.5693916], [114.0407673, 22.5694057], [114.0407181, 22.5695126], [114.040361, 22.5693726]]]]}}, {"type": "Feature", "id": "way/1432455846", "properties": {"tags": {"addr:housename": "碧荔花园", "addr:housename:en": "Bili Garden", "addr:housename:zh": "碧荔花园", "building": "apartments", "building:levels": "9", "name": "碧梅阁", "name:en": "Bimei Tower", "name:zh": "碧梅阁"}, "heightStatus": "levels_only_unverified", "source": "OpenStreetMap", "license": "ODbL-1.0"}, "geometry": {"type": "MultiPolygon", "coordinates": [[[[114.0408166, 22.5695557], [114.0408658, 22.5694487], [114.0409016, 22.5694628], [114.04091, 22.5694446], [114.0410169, 22.5694865], [114.0410085, 22.5695047], [114.0410802, 22.5695328], [114.0410885, 22.5695146], [114.0411955, 22.5695565], [114.0411871, 22.5695747], [114.0412229, 22.5695888], [114.0411737, 22.5696957], [114.0408166, 22.5695557]]]]}}, {"type": "Feature", "id": "way/1432455847", "properties": {"tags": {"addr:housename": "碧荔花园", "addr:housename:en": "Bili Garden", "addr:housename:zh": "碧荔花园", "building": "apartments", "building:levels": "9", "name": "碧荷阁", "name:en": "Bihe Tower", "name:zh": "碧荷阁"}, "heightStatus": "levels_only_unverified", "source": "OpenStreetMap", "license": "ODbL-1.0"}, "geometry": {"type": "MultiPolygon", "coordinates": [[[[114.0404666, 22.5690938], [114.0404933, 22.5690357], [114.040547, 22.5690568], [114.0405612, 22.5690259], [114.0405254, 22.5690119], [114.0405586, 22.5689397], [114.0405944, 22.5689538], [114.0406017, 22.568938], [114.04069, 22.5689726], [114.0406827, 22.5689884], [114.0407186, 22.5690025], [114.0406854, 22.5690746], [114.0406496, 22.5690606], [114.0406354, 22.5690914], [114.0406891, 22.5691125], [114.0406624, 22.5691706], [114.0404666, 22.5690938]]]]}}, {"type": "Feature", "id": "way/1432455848", "properties": {"tags": {"addr:housename": "碧荔花园", "addr:housename:en": "Bili Garden", "addr:housename:zh": "碧荔花园", "building": "apartments", "building:levels": "9", "name": "碧薇阁", "name:en": "Biwei Tower", "name:zh": "碧薇阁"}, "heightStatus": "levels_only_unverified", "source": "OpenStreetMap", "license": "ODbL-1.0"}, "geometry": {"type": "MultiPolygon", "coordinates": [[[[114.0410591, 22.5693356], [114.0410858, 22.5692775], [114.0411395, 22.5692986], [114.0411537, 22.5692678], [114.0411179, 22.5692537], [114.041151, 22.5691816], [114.0411869, 22.5691956], [114.0411941, 22.5691798], [114.0412825, 22.5692145], [114.0412752, 22.5692303], [114.041311, 22.5692443], [114.0412778, 22.5693165], [114.041242, 22.5693024], [114.0412278, 22.5693333], [114.0412816, 22.5693543], [114.0412549, 22.5694124], [114.0410591, 22.5693356]]]]}}, {"type": "Feature", "id": "way/1432455849", "properties": {"tags": {"addr:housename": "碧荔花园", "addr:housename:en": "Bili Garden", "addr:housename:zh": "碧荔花园", "building": "apartments", "building:levels": "9", "name": "碧菊阁", "name:en": "Biju Tower", "name:zh": "碧菊阁"}, "heightStatus": "levels_only_unverified", "source": "OpenStreetMap", "license": "ODbL-1.0"}, "geometry": {"type": "MultiPolygon", "coordinates": [[[[114.0405906, 22.5687787], [114.0406238, 22.5687066], [114.0406596, 22.5687206], [114.0406738, 22.5686898], [114.0406201, 22.5686687], [114.0406468, 22.5686106], [114.0410384, 22.5687642], [114.0410117, 22.5688223], [114.0409579, 22.5688012], [114.0409437, 22.568832], [114.0409796, 22.5688461], [114.0409464, 22.5689182], [114.0409106, 22.5689042], [114.0409033, 22.56892], [114.0408149, 22.5688853], [114.0408222, 22.5688696], [114.0407864, 22.5688555], [114.0408196, 22.5687834], [114.0408554, 22.5687974], [114.0408696, 22.5687666], [114.0407621, 22.5687244], [114.0407479, 22.5687553], [114.0407838, 22.5687693], [114.0407506, 22.5688415], [114.0407148, 22.5688274], [114.0407075, 22.5688432], [114.0406191, 22.5688086], [114.0406264, 22.5687928], [114.0405906, 22.5687787]]]]}}, {"type": "Feature", "id": "way/1432455850", "properties": {"tags": {"addr:housename": "碧荔花园", "addr:housename:en": "Bili Garden", "addr:housename:zh": "碧荔花园", "building": "apartments", "building:levels": "9", "name": "碧樱阁", "name:en": "Biying Tower", "name:zh": "碧樱阁"}, "heightStatus": "levels_only_unverified", "source": "OpenStreetMap", "license": "ODbL-1.0"}, "geometry": {"type": "MultiPolygon", "coordinates": [[[[114.0410254, 22.5689495], [114.0410586, 22.5688773], [114.0410944, 22.5688913], [114.0411086, 22.5688605], [114.0410549, 22.5688394], [114.0410816, 22.5687814], [114.0414732, 22.5689349], [114.0414465, 22.568993], [114.0413928, 22.5689719], [114.0413786, 22.5690028], [114.0414144, 22.5690168], [114.0413812, 22.569089], [114.0413454, 22.5690749], [114.0413381, 22.5690907], [114.0412498, 22.5690561], [114.041257, 22.5690403], [114.0412212, 22.5690262], [114.0412544, 22.5689541], [114.0412902, 22.5689681], [114.0413044, 22.5689373], [114.041197, 22.5688951], [114.0411828, 22.568926], [114.0412186, 22.56894], [114.0411854, 22.5690122], [114.0411496, 22.5689981], [114.0411423, 22.5690139], [114.041054, 22.5689793], [114.0410612, 22.5689635], [114.0410254, 22.5689495]]]]}}, {"type": "Feature", "id": "way/1432455851", "properties": {"tags": {"addr:housename": "碧荔花园", "addr:housename:en": "Bili Garden", "addr:housename:zh": "碧荔花园", "building": "apartments", "building:levels": "9", "name": "碧桂阁", "name:en": "Bigui Tower", "name:zh": "碧桂阁"}, "heightStatus": "levels_only_unverified", "source": "OpenStreetMap", "license": "ODbL-1.0"}, "geometry": {"type": "MultiPolygon", "coordinates": [[[[114.0411504, 22.5686036], [114.0411771, 22.5685455], [114.0412308, 22.5685666], [114.041245, 22.5685358], [114.0412092, 22.5685217], [114.0412423, 22.5684496], [114.0412782, 22.5684636], [114.0412854, 22.5684478], [114.0413738, 22.5684825], [114.0413665, 22.5684983], [114.0414023, 22.5685123], [114.0413691, 22.5685845], [114.0413333, 22.5685704], [114.0413191, 22.5686013], [114.0414266, 22.5686434], [114.0414408, 22.5686125], [114.041405, 22.5685985], [114.0414381, 22.5685264], [114.041474, 22.5685404], [114.0414812, 22.5685246], [114.0415696, 22.5685592], [114.0415623, 22.568575], [114.0415981, 22.5685891], [114.0415649, 22.5686612], [114.0415291, 22.5686472], [114.0415149, 22.568678], [114.0415687, 22.5686991], [114.041542, 22.5687572], [114.0411504, 22.5686036]]]]}}, {"type": "Feature", "id": "way/1432481858", "properties": {"tags": {"building": "yes"}, "heightStatus": "unknown", "source": "OpenStreetMap", "license": "ODbL-1.0"}, "geometry": {"type": "MultiPolygon", "coordinates": [[[[114.044064, 22.5676991], [114.0443581, 22.5676867], [114.0443699, 22.5679262], [114.0440758, 22.5679386], [114.044064, 22.5676991]]]]}}]}