{"type": "FeatureCollection", "features": [{"type": "Feature", "id": "relation/14150083", "properties": {"tags": {"building": "school;yes", "layer": "2;-1;1"}, "heightStatus": "unknown", "source": "OpenStreetMap", "license": "ODbL-1.0"}, "geometry": {"type": "MultiPolygon", "coordinates": [[[[114.0472634, 22.5205714], [114.0472618, 22.5203386], [114.0476024, 22.5203435], [114.0476412, 22.5203539], [114.0476346, 22.5209183], [114.0476319, 22.5210125], [114.0468916, 22.5210175], [114.0468863, 22.5209159], [114.0471072, 22.5209166], [114.0471035, 22.5207672], [114.0467924, 22.5207548], [114.0467936, 22.5206612], [114.0467226, 22.520569], [114.0467012, 22.520564], [114.0467066, 22.5204179], [114.0471733, 22.5204327], [114.0472618, 22.5204352], [114.0472634, 22.5205714]], [[114.046816, 22.5206612], [114.0471722, 22.5206621], [114.047172, 22.5205318], [114.0468165, 22.5205269], [114.046816, 22.5206612]], [[114.0472006, 22.5209169], [114.0475951, 22.5209181], [114.0475949, 22.5207377], [114.0472042, 22.5207251], [114.0472028, 22.5207672], [114.0472006, 22.5209169]], [[114.0472634, 22.5205714], [114.0472618, 22.5206623], [114.0475954, 22.5206667], [114.047597, 22.5204525], [114.0473043, 22.5204503], [114.0473017, 22.5205715], [114.0472634, 22.5205714]]]]}}, {"type": "Feature", "id": "way/412778222", "properties": {"tags": {"building": "yes", "layer": "-1", "level": "-1", "location": "underground", "name": "石厦", "public_transport": "station", "railway": "station", "station": "subway", "subway": "yes"}, "heightStatus": "unknown", "source": "OpenStreetMap", "license": "ODbL-1.0"}, "geometry": {"type": "MultiPolygon", "coordinates": [[[[114.0483182, 22.5269629], [114.0483342, 22.5258748], [114.0485711, 22.5258778], [114.0485553, 22.5269658], [114.0483182, 22.5269629]]]]}}, {"type": "Feature", "id": "way/412778223", "properties": {"tags": {"building": "yes", "layer": "-2", "level": "-1", "location": "underground", "name": "石厦", "public_transport": "station", "railway": "station", "station": "subway", "subway": "yes"}, "heightStatus": "unknown", "source": "OpenStreetMap", "license": "ODbL-1.0"}, "geometry": {"type": "MultiPolygon", "coordinates": [[[[114.04773, 22.5258346], [114.0477308, 22.5256462], [114.04935, 22.5256582], [114.0493438, 22.5258523], [114.04773, 22.5258346]]]]}}, {"type": "Feature", "id": "way/508488702", "properties": {"tags": {"building": "school"}, "heightStatus": "unknown", "source": "OpenStreetMap", "license": "ODbL-1.0"}, "geometry": {"type": "MultiPolygon", "coordinates": [[[[114.0487131, 22.5215704], [114.0487187, 22.521429], [114.048784, 22.5214312], [114.0487852, 22.5213992], [114.0487247, 22.5213971], [114.0487294, 22.5212806], [114.0488736, 22.5212855], [114.04887, 22.5213749], [114.0488343, 22.5213737], [114.0488319, 22.5214339], [114.0489128, 22.5214367], [114.0489139, 22.5214103], [114.0490938, 22.5214165], [114.0490929, 22.5214384], [114.0491876, 22.5214416], [114.0491847, 22.5215131], [114.04923, 22.5215147], [114.0492269, 22.5215924], [114.0492894, 22.5215946], [114.0492859, 22.5216822], [114.0492293, 22.5216803], [114.0492283, 22.5217067], [114.0492681, 22.521708], [114.0492634, 22.5218296], [114.0487156, 22.5218114], [114.0487201, 22.5216966], [114.0487898, 22.5216989], [114.0487907, 22.5216747], [114.0487508, 22.5216733], [114.0487354, 22.5216655], [114.0487354, 22.5216483], [114.0487496, 22.5216395], [114.0487916, 22.5216409], [114.0487943, 22.5215732], [114.0487131, 22.5215704]]]]}}, {"type": "Feature", "id": "way/508488704", "properties": {"tags": {"building": "school"}, "heightStatus": "unknown", "source": "OpenStreetMap", "license": "ODbL-1.0"}, "geometry": {"type": "MultiPolygon", "coordinates": [[[[114.0491976, 22.5214199], [114.0492016, 22.5213112], [114.0495954, 22.5213235], [114.0495879, 22.5215278], [114.0492662, 22.5215177], [114.0492697, 22.5214221], [114.0491976, 22.5214199]]]]}}, {"type": "Feature", "id": "way/508770222", "properties": {"tags": {"amenity": "police", "building": "yes", "name": "深圳市公安局福田分局"}, "heightStatus": "unknown", "source": "OpenStreetMap", "license": "ODbL-1.0"}, "geometry": {"type": "MultiPolygon", "coordinates": [[[[114.048753, 22.5250719], [114.0487568, 22.5246775], [114.0488565, 22.5246783], [114.0488577, 22.5245538], [114.0489073, 22.5245542], [114.0489078, 22.5245041], [114.0491859, 22.5245063], [114.0491851, 22.5245945], [114.0493515, 22.5245958], [114.0493464, 22.5251543], [114.0488526, 22.5251504], [114.0488533, 22.5250727], [114.048753, 22.5250719]]]]}}, {"type": "Feature", "id": "way/508772767", "properties": {"tags": {"building": "apartments"}, "heightStatus": "unknown", "source": "OpenStreetMap", "license": "ODbL-1.0"}, "geometry": {"type": "MultiPolygon", "coordinates": [[[[114.0470477, 22.5266641], [114.0470515, 22.5264957], [114.0472558, 22.5264996], [114.047252, 22.5266681], [114.0470477, 22.5266641]]]]}}, {"type": "Feature", "id": "way/508772768", "properties": {"tags": {"building": "apartments"}, "heightStatus": "unknown", "source": "OpenStreetMap", "license": "ODbL-1.0"}, "geometry": {"type": "MultiPolygon", "coordinates": [[[[114.047297, 22.5265041], [114.0475088, 22.5265037], [114.0475092, 22.5266686], [114.0472974, 22.526669], [114.047297, 22.5265041]]]]}}, {"type": "Feature", "id": "way/508772769", "properties": {"tags": {"building": "apartments"}, "heightStatus": "unknown", "source": "OpenStreetMap", "license": "ODbL-1.0"}, "geometry": {"type": "MultiPolygon", "coordinates": [[[[114.0475709, 22.5266629], [114.0475746, 22.5264907], [114.0478118, 22.5264951], [114.047808, 22.5266673], [114.0475709, 22.5266629]]]]}}, {"type": "Feature", "id": "way/508772770", "properties": {"tags": {"building": "apartments"}, "heightStatus": "unknown", "source": "OpenStreetMap", "license": "ODbL-1.0"}, "geometry": {"type": "MultiPolygon", "coordinates": [[[[114.0478676, 22.5266598], [114.0478703, 22.5265026], [114.0481799, 22.526507], [114.0481773, 22.5266642], [114.0478676, 22.5266598]]]]}}, {"type": "Feature", "id": "way/508772775", "properties": {"tags": {"building": "apartments"}, "heightStatus": "unknown", "source": "OpenStreetMap", "license": "ODbL-1.0"}, "geometry": {"type": "MultiPolygon", "coordinates": [[[[114.0468553, 22.5251117], [114.0468575, 22.5248688], [114.0472121, 22.5248715], [114.0472099, 22.5251145], [114.0468553, 22.5251117]]]]}}, {"type": "Feature", "id": "way/508772782", "properties": {"tags": {"building": "yes", "military": "office"}, "heightStatus": "unknown", "source": "OpenStreetMap", "license": "ODbL-1.0"}, "geometry": {"type": "MultiPolygon", "coordinates": [[[[114.049227, 22.5192902], [114.0492293, 22.5191102], [114.0492551, 22.5190853], [114.0493645, 22.5190867], [114.0493887, 22.5191097], [114.04939, 22.5191532], [114.0494485, 22.5191742], [114.049499, 22.5191893], [114.0495491, 22.5192019], [114.0496001, 22.5192127], [114.0496002, 22.5191817], [114.0498027, 22.5191823], [114.0498026, 22.5192141], [114.0498602, 22.5192066], [114.0499147, 22.5191952], [114.0499676, 22.5191822], [114.0500228, 22.5191654], [114.0500237, 22.5191151], [114.0500449, 22.5191008], [114.0501542, 22.5191019], [114.0501766, 22.5191219], [114.0501758, 22.5193085], [114.0501556, 22.519326], [114.0500389, 22.5193266], [114.0500171, 22.5193042], [114.0500165, 22.5192668], [114.0499715, 22.5192799], [114.0499193, 22.5192915], [114.0498566, 22.5193028], [114.0498027, 22.5193093], [114.0498025, 22.519484], [114.0495993, 22.5194837], [114.0495996, 22.5193104], [114.0495424, 22.5192992], [114.0494861, 22.5192863], [114.049432, 22.5192709], [114.049389, 22.5192538], [114.0493889, 22.5192963], [114.0493668, 22.5193133], [114.0492553, 22.5193144], [114.049227, 22.5192902]]]]}}, {"type": "Feature", "id": "way/508876144", "properties": {"tags": {"addr:housename": "裕康时尚名居", "addr:housename:en": "Yukang Shishang Residence", "addr:housename:zh": "裕康时尚名居", "building": "apartments", "building:levels": "17", "name": "1栋", "name:en": "Block 1", "name:zh": "1栋"}, "heightStatus": "levels_only_unverified", "source": "OpenStreetMap", "license": "ODbL-1.0"}, "geometry": {"type": "MultiPolygon", "coordinates": [[[[114.0444137, 22.521666], [114.0448291, 22.5215679], [114.0448487, 22.5216389], [114.0448299, 22.5216433], [114.0448505, 22.5217177], [114.0444728, 22.521807], [114.0444522, 22.5217325], [114.0444334, 22.521737], [114.0444137, 22.521666]]]]}}, {"type": "Feature", "id": "way/508876155", "properties": {"tags": {"building": "yes"}, "heightStatus": "unknown", "source": "OpenStreetMap", "license": "ODbL-1.0"}, "geometry": {"type": "MultiPolygon", "coordinates": [[[[114.05028, 22.5202265], [114.0502871, 22.519802], [114.0505017, 22.5198051], [114.0504945, 22.5202296], [114.05028, 22.5202265]]]]}}, {"type": "Feature", "id": "way/508876156", "properties": {"tags": {"building": "yes"}, "heightStatus": "unknown", "source": "OpenStreetMap", "license": "ODbL-1.0"}, "geometry": {"type": "MultiPolygon", "coordinates": [[[[114.0488529, 22.520113], [114.0488719, 22.5195683], [114.049228, 22.5195789], [114.049209, 22.5201236], [114.0488529, 22.520113]]]]}}, {"type": "Feature", "id": "way/532896247", "properties": {"tags": {"amenity": "courthouse", "building": "yes", "name": "福田区人民法院", "name:en": "Futian District People's Court", "name:zh": "福田区人民法院"}, "heightStatus": "unknown", "source": "OpenStreetMap", "license": "ODbL-1.0"}, "geometry": {"type": "MultiPolygon", "coordinates": [[[[114.0488769, 22.5240907], [114.0488955, 22.523439], [114.0493607, 22.5234503], [114.0493421, 22.524102], [114.0488769, 22.5240907]]]]}}, {"type": "Feature", "id": "way/532896248", "properties": {"tags": {"building:part": "yes"}, "heightStatus": "unknown", "source": "OpenStreetMap", "license": "ODbL-1.0"}, "geometry": {"type": "MultiPolygon", "coordinates": [[[[114.0496828, 22.5245016], [114.0496851, 22.5243665], [114.0496873, 22.524235], [114.0501177, 22.5242413], [114.0501131, 22.5245079], [114.0496828, 22.5245016]]]]}}, {"type": "Feature", "id": "way/532896249", "properties": {"tags": {"building:part": "yes"}, "heightStatus": "unknown", "source": "OpenStreetMap", "license": "ODbL-1.0"}, "geometry": {"type": "MultiPolygon", "coordinates": [[[[114.0496873, 22.5241454], [114.0497073, 22.5240851], [114.0497465, 22.5240335], [114.0498011, 22.5239956], [114.0498658, 22.5239752], [114.0499341, 22.5239743], [114.0499993, 22.523993], [114.050055, 22.5240295], [114.0500984, 22.524085], [114.0501191, 22.5241507], [114.0501177, 22.5242413], [114.0496873, 22.524235], [114.0496873, 22.5241454]]]]}}, {"type": "Feature", "id": "way/532896250", "properties": {"tags": {"building:part": "yes", "layer": "1"}, "heightStatus": "unknown", "source": "OpenStreetMap", "license": "ODbL-1.0"}, "geometry": {"type": "MultiPolygon", "coordinates": [[[[114.0496851, 22.5243665], [114.049727, 22.5243158], [114.0497807, 22.5242811], [114.0498343, 22.5242588], [114.0499068, 22.5242501], [114.0499684, 22.5242563], [114.0500301, 22.5242823], [114.0500891, 22.5243319], [114.0501213, 22.5243777], [114.0500838, 22.524426], [114.0500288, 22.5244644], [114.0499577, 22.5244892], [114.0499027, 22.5244929], [114.0498357, 22.5244842], [114.0497847, 22.5244644], [114.0497297, 22.5244235], [114.0496851, 22.5243665]]]]}}, {"type": "Feature", "id": "way/532896251", "properties": {"tags": {"building": "yes", "name": "福田会堂", "office": "government"}, "heightStatus": "unknown", "source": "OpenStreetMap", "license": "ODbL-1.0"}, "geometry": {"type": "MultiPolygon", "coordinates": [[[[114.0505277, 22.5252133], [114.0505408, 22.5245925], [114.0509612, 22.5246001], [114.0509481, 22.5252208], [114.0505277, 22.5252133]]]]}}, {"type": "Feature", "id": "way/532896255", "properties": {"tags": {"building": "yes", "office": "government"}, "heightStatus": "unknown", "source": "OpenStreetMap", "license": "ODbL-1.0"}, "geometry": {"type": "MultiPolygon", "coordinates": [[[[114.0506135, 22.524082], [114.0506328, 22.5235976], [114.0508905, 22.5236064], [114.0508712, 22.5240907], [114.0506135, 22.524082]]]]}}, {"type": "Feature", "id": "way/532896264", "properties": {"tags": {"building": "yes", "leisure": "stadium"}, "heightStatus": "unknown", "source": "OpenStreetMap", "license": "ODbL-1.0"}, "geometry": {"type": "MultiPolygon", "coordinates": [[[[114.0494071, 22.5223527], [114.0497787, 22.5223527], [114.0497787, 22.5227052], [114.0494071, 22.5227052], [114.0494071, 22.5223527]]]]}}, {"type": "Feature", "id": "way/684241531", "properties": {"tags": {"building": "apartments"}, "heightStatus": "unknown", "source": "OpenStreetMap", "license": "ODbL-1.0"}, "geometry": {"type": "MultiPolygon", "coordinates": [[[[114.0469448, 22.5254158], [114.046947, 22.5251728], [114.0473016, 22.5251756], [114.0472994, 22.5254185], [114.0469448, 22.5254158]]]]}}, {"type": "Feature", "id": "way/684241533", "properties": {"tags": {"building": "yes", "historic": "tower", "man_made": "tower", "name": "石厦碉楼", "tower:type": "watchtower"}, "heightStatus": "unknown", "source": "OpenStreetMap", "license": "ODbL-1.0"}, "geometry": {"type": "MultiPolygon", "coordinates": [[[[114.0454675, 22.5241734], [114.0454867, 22.5241321], [114.0455293, 22.5241491], [114.0455102, 22.5241903], [114.0454675, 22.5241734]]]]}}, {"type": "Feature", "id": "way/684241535", "properties": {"tags": {"building": "yes"}, "heightStatus": "unknown", "source": "OpenStreetMap", "license": "ODbL-1.0"}, "geometry": {"type": "MultiPolygon", "coordinates": [[[[114.045486, 22.5243865], [114.0455565, 22.5241722], [114.0457543, 22.5242278], [114.0456838, 22.5244421], [114.045486, 22.5243865]]]]}}, {"type": "Feature", "id": "way/684241536", "properties": {"tags": {"building": "commercial", "name": "新天·世纪商务中心 A座"}, "heightStatus": "unknown", "source": "OpenStreetMap", "license": "ODbL-1.0"}, "geometry": {"type": "MultiPolygon", "coordinates": [[[[114.0476813, 22.524664], [114.0476875, 22.5242633], [114.0482172, 22.5242703], [114.048211, 22.524671], [114.0476813, 22.524664]]]]}}, {"type": "Feature", "id": "way/684241537", "properties": {"tags": {"building:part": "commercial", "layer": "1", "name": "新天·世纪商务中心 B座"}, "heightStatus": "unknown", "source": "OpenStreetMap", "license": "ODbL-1.0"}, "geometry": {"type": "MultiPolygon", "coordinates": [[[[114.0476297, 22.5239692], [114.0476417, 22.5234577], [114.0479755, 22.5234644], [114.0479635, 22.5239759], [114.0476297, 22.5239692]]]]}}, {"type": "Feature", "id": "way/684241538", "properties": {"tags": {"building:part": "commercial", "layer": "1", "name": "新天·世纪商务中心 C座"}, "heightStatus": "unknown", "source": "OpenStreetMap", "license": "ODbL-1.0"}, "geometry": {"type": "MultiPolygon", "coordinates": [[[[114.0479634, 22.5231724], [114.0479755, 22.5226609], [114.0483093, 22.5226677], [114.0482972, 22.5231792], [114.0479634, 22.5231724]]]]}}, {"type": "Feature", "id": "way/902662888", "properties": {"tags": {"amenity": "toilets", "building": "yes"}, "heightStatus": "unknown", "source": "OpenStreetMap", "license": "ODbL-1.0"}, "geometry": {"type": "MultiPolygon", "coordinates": [[[[114.0527265, 22.5189851], [114.0527346, 22.5188605], [114.0528127, 22.5188648], [114.0528119, 22.5188776], [114.0528783, 22.5188813], [114.052879, 22.5188696], [114.0529831, 22.5188754], [114.0529751, 22.5189989], [114.0527265, 22.5189851]]]]}}, {"type": "Feature", "id": "way/902662889", "properties": {"tags": {"amenity": "toilets", "building": "yes"}, "heightStatus": "unknown", "source": "OpenStreetMap", "license": "ODbL-1.0"}, "geometry": {"type": "MultiPolygon", "coordinates": [[[[114.0527576, 22.5208994], [114.0528336, 22.5208185], [114.0529157, 22.5208843], [114.0528801, 22.5209222], [114.0529138, 22.5209492], [114.0528733, 22.5209923], [114.0527576, 22.5208994]]]]}}, {"type": "Feature", "id": "way/902664056", "properties": {"tags": {"amenity": "toilets", "building": "yes"}, "heightStatus": "unknown", "source": "OpenStreetMap", "license": "ODbL-1.0"}, "geometry": {"type": "MultiPolygon", "coordinates": [[[[114.0533573, 22.5220121], [114.0534688, 22.5220058], [114.0534775, 22.5221378], [114.053366, 22.522144], [114.0533573, 22.5220121]]]]}}, {"type": "Feature", "id": "way/941452894", "properties": {"tags": {"building": "yes"}, "heightStatus": "unknown", "source": "OpenStreetMap", "license": "ODbL-1.0"}, "geometry": {"type": "MultiPolygon", "coordinates": [[[[114.0541017, 22.5207511], [114.0541883, 22.520689], [114.0542238, 22.5207313], [114.0541372, 22.5207934], [114.0541017, 22.5207511]]]]}}, {"type": "Feature", "id": "way/941452899", "properties": {"tags": {"building": "yes"}, "heightStatus": "unknown", "source": "OpenStreetMap", "license": "ODbL-1.0"}, "geometry": {"type": "MultiPolygon", "coordinates": [[[[114.0530036, 22.5210616], [114.053099, 22.5210569], [114.0531013, 22.5210968], [114.0531164, 22.5210961], [114.0531184, 22.5211314], [114.0530549, 22.5211345], [114.0530532, 22.5211048], [114.0530062, 22.5211071], [114.0530036, 22.5210616]]]]}}, {"type": "Feature", "id": "way/941452900", "properties": {"tags": {"building": "yes"}, "heightStatus": "unknown", "source": "OpenStreetMap", "license": "ODbL-1.0"}, "geometry": {"type": "MultiPolygon", "coordinates": [[[[114.0532619, 22.5210205], [114.0532676, 22.5209218], [114.0534124, 22.520929], [114.0534067, 22.5210277], [114.0532619, 22.5210205]]]]}}, {"type": "Feature", "id": "way/941452901", "properties": {"tags": {"building": "yes"}, "heightStatus": "unknown", "source": "OpenStreetMap", "license": "ODbL-1.0"}, "geometry": {"type": "MultiPolygon", "coordinates": [[[[114.0533008, 22.5211302], [114.0533009, 22.5211199], [114.0533205, 22.5211201], [114.0533207, 22.5211026], [114.0533409, 22.5211027], [114.0533409, 22.5211113], [114.0533682, 22.5211115], [114.0533679, 22.5211332], [114.0533811, 22.5211333], [114.0533809, 22.5211545], [114.0533427, 22.5211542], [114.0533426, 22.5211714], [114.0533169, 22.5211712], [114.0533174, 22.5211303], [114.0533008, 22.5211302]]]]}}, {"type": "Feature", "id": "way/941452902", "properties": {"tags": {"building": "yes"}, "heightStatus": "unknown", "source": "OpenStreetMap", "license": "ODbL-1.0"}, "geometry": {"type": "MultiPolygon", "coordinates": [[[[114.0534412, 22.5212925], [114.0534559, 22.5210502], [114.0534863, 22.5210518], [114.0534716, 22.5212941], [114.0534412, 22.5212925]]]]}}, {"type": "Feature", "id": "way/992350727", "properties": {"tags": {"addr:city": "深圳市", "addr:district": "福田区", "addr:postcode": "518017", "addr:province": "广东省", "building": "yes"}, "heightStatus": "unknown", "source": "OpenStreetMap", "license": "ODbL-1.0"}, "geometry": {"type": "MultiPolygon", "coordinates": [[[[114.0467527, 22.522319], [114.0469596, 22.5222074], [114.0473198, 22.522787], [114.0473073, 22.5230247], [114.0471785, 22.5230313], [114.0467527, 22.522319]]]]}}, {"type": "Feature", "id": "way/1040162371", "properties": {"tags": {"amenity": "place_of_worship", "building": "yes", "name": "石厦杨侯宫"}, "heightStatus": "unknown", "source": "OpenStreetMap", "license": "ODbL-1.0"}, "geometry": {"type": "MultiPolygon", "coordinates": [[[[114.0467943, 22.5247642], [114.0468572, 22.524572], [114.0469975, 22.5246003], [114.0469459, 22.5247955], [114.0468645, 22.5247787], [114.0467943, 22.5247642]]]]}}, {"type": "Feature", "id": "way/1040162379", "properties": {"tags": {"building": "kindergarten", "name": "爱心培新新幼儿园"}, "heightStatus": "unknown", "source": "OpenStreetMap", "license": "ODbL-1.0"}, "geometry": {"type": "MultiPolygon", "coordinates": [[[[114.0475571, 22.5221912], [114.047663, 22.5220159], [114.047841, 22.52202], [114.0479028, 22.5220553], [114.0478572, 22.5221368], [114.0479101, 22.5221545], [114.0479484, 22.5221518], [114.047944, 22.5222278], [114.0479207, 22.522234], [114.0478998, 22.5222411], [114.0478809, 22.5222564], [114.0478649, 22.5222694], [114.0478523, 22.5222895], [114.047846, 22.5223146], [114.047846, 22.5223384], [114.0478484, 22.5223492], [114.0478431, 22.522356], [114.0477784, 22.5223774], [114.0477412, 22.5223729], [114.0477454, 22.5223288], [114.0477131, 22.5223177], [114.0476659, 22.5223461], [114.0475571, 22.5221912]]]]}}, {"type": "Feature", "id": "way/1040162388", "properties": {"tags": {"building": "apartments", "name": "238栋"}, "heightStatus": "unknown", "source": "OpenStreetMap", "license": "ODbL-1.0"}, "geometry": {"type": "MultiPolygon", "coordinates": [[[[114.0460608, 22.5231727], [114.0461705, 22.5231515], [114.0461988, 22.5232937], [114.046082, 22.5233067], [114.0460686, 22.5232218], [114.0460608, 22.5231727]]]]}}, {"type": "Feature", "id": "way/1040162389", "properties": {"tags": {"building": "apartments", "name": "248栋"}, "heightStatus": "unknown", "source": "OpenStreetMap", "license": "ODbL-1.0"}, "geometry": {"type": "MultiPolygon", "coordinates": [[[[114.0462711, 22.5234513], [114.0463047, 22.5233205], [114.046425, 22.5233401], [114.0464109, 22.5233859], [114.046425, 22.5233875], [114.046425, 22.5234268], [114.0464038, 22.52343], [114.0463932, 22.5234742], [114.0462711, 22.5234513]]]]}}, {"type": "Feature", "id": "way/1040162390", "properties": {"tags": {"building": "apartments", "name": "257栋"}, "heightStatus": "unknown", "source": "OpenStreetMap", "license": "ODbL-1.0"}, "geometry": {"type": "MultiPolygon", "coordinates": [[[[114.0461351, 22.5234931], [114.0461581, 22.5234212], [114.0462607, 22.523444], [114.0462289, 22.5235258], [114.0461351, 22.5234931]]]]}}, {"type": "Feature", "id": "way/1040162391", "properties": {"tags": {"building": "apartments", "name": "256栋"}, "heightStatus": "unknown", "source": "OpenStreetMap", "license": "ODbL-1.0"}, "geometry": {"type": "MultiPolygon", "coordinates": [[[[114.0462258, 22.5235734], [114.0462612, 22.5234786], [114.0464117, 22.5235121], [114.0463745, 22.5236176], [114.0462258, 22.5235734]]]]}}, {"type": "Feature", "id": "way/1040162392", "properties": {"tags": {"building": "apartments", "name": "259栋"}, "heightStatus": "unknown", "source": "OpenStreetMap", "license": "ODbL-1.0"}, "geometry": {"type": "MultiPolygon", "coordinates": [[[[114.0456714, 22.5235216], [114.0457659, 22.5235095], [114.0457858, 22.5236423], [114.0456913, 22.5236544], [114.0456714, 22.5235216]]]]}}, {"type": "Feature", "id": "way/1040162393", "properties": {"tags": {"building": "yes", "name": "秋果酒店X", "tourism": "motel"}, "heightStatus": "unknown", "source": "OpenStreetMap", "license": "ODbL-1.0"}, "geometry": {"type": "MultiPolygon", "coordinates": [[[[114.0471052, 22.5236451], [114.0471798, 22.5235841], [114.0472446, 22.5235841], [114.0472947, 22.5235988], [114.0473168, 22.5236138], [114.0473399, 22.5236372], [114.0473681, 22.5236948], [114.0473925, 22.5237535], [114.0473962, 22.5238224], [114.0473766, 22.5238608], [114.0471052, 22.5236451]]]]}}, {"type": "Feature", "id": "way/1044739419", "properties": {"tags": {"addr:city": "深圳市", "addr:district": "福田区", "addr:postcode": "518017", "addr:province": "广东省", "building:flats": "312", "building:levels": "44", "building:part": "apartments", "min_level": "2", "name": "B座", "name:en": "Block B"}, "heightStatus": "levels_only_unverified", "source": "OpenStreetMap", "license": "ODbL-1.0"}, "geometry": {"type": "MultiPolygon", "coordinates": [[[[114.0469429, 22.522608], [114.0471322, 22.5225124], [114.0472966, 22.52279], [114.0471071, 22.5228856], [114.0469429, 22.522608]]]]}}, {"type": "Feature", "id": "way/1044739420", "properties": {"tags": {"addr:city": "深圳市", "addr:district": "福田区", "addr:postcode": "518017", "addr:province": "广东省", "building:flats": "312", "building:levels": "44", "building:part": "apartments", "min_level": "2", "name": "A座", "name:en": "Block A"}, "heightStatus": "levels_only_unverified", "source": "OpenStreetMap", "license": "ODbL-1.0"}, "geometry": {"type": "MultiPolygon", "coordinates": [[[[114.046766, 22.5223227], [114.0469539, 22.5222245], [114.0471226, 22.5224998], [114.0469348, 22.522598], [114.046766, 22.5223227]]]]}}, {"type": "Feature", "id": "way/1044739426", "properties": {"tags": {"building": "apartments", "name": "221栋"}, "heightStatus": "unknown", "source": "OpenStreetMap", "license": "ODbL-1.0"}, "geometry": {"type": "MultiPolygon", "coordinates": [[[[114.0463031, 22.5228432], [114.0463958, 22.5227916], [114.0464693, 22.5229043], [114.0463767, 22.5229559], [114.0463031, 22.5228432]]]]}}, {"type": "Feature", "id": "way/1049242692", "properties": {"tags": {"building": "yes", "leisure": "sports_centre", "sport": "swimming"}, "heightStatus": "unknown", "source": "OpenStreetMap", "license": "ODbL-1.0"}, "geometry": {"type": "MultiPolygon", "coordinates": [[[[114.048747, 22.5226622], [114.0487496, 22.5225976], [114.0488623, 22.5226015], [114.0488609, 22.5226342], [114.049078, 22.5226417], [114.0490734, 22.5227556], [114.0488193, 22.5227468], [114.0488226, 22.5226648], [114.048747, 22.5226622]]]]}}, {"type": "Feature", "id": "way/1049242693", "properties": {"tags": {"building": "yes", "leisure": "sports_centre", "sport": "swimming"}, "heightStatus": "unknown", "source": "OpenStreetMap", "license": "ODbL-1.0"}, "geometry": {"type": "MultiPolygon", "coordinates": [[[[114.049084, 22.5227564], [114.0490851, 22.5226387], [114.0492832, 22.5226402], [114.0492822, 22.5227579], [114.049084, 22.5227564]]]]}}, {"type": "Feature", "id": "way/1049242694", "properties": {"tags": {"building": "yes", "leisure": "sports_centre", "sport": "swimming"}, "heightStatus": "unknown", "source": "OpenStreetMap", "license": "ODbL-1.0"}, "geometry": {"type": "MultiPolygon", "coordinates": [[[[114.048758, 22.5219034], [114.049027, 22.5219075], [114.0490235, 22.5220424], [114.0487589, 22.5220408], [114.048758, 22.5219034]]]]}}, {"type": "Feature", "id": "way/1049242695", "properties": {"tags": {"building": "yes"}, "heightStatus": "unknown", "source": "OpenStreetMap", "license": "ODbL-1.0"}, "geometry": {"type": "MultiPolygon", "coordinates": [[[[114.0519581, 22.5246973], [114.0519751, 22.5240412], [114.0521229, 22.5240441], [114.052106, 22.5246987], [114.0519581, 22.5246973]]]]}}, {"type": "Feature", "id": "way/1050452923", "properties": {"tags": {"addr:housename": "益田村", "addr:housename:zh": "益田村", "area": "yes", "building": "apartments", "name": "113栋", "name:zh": "113栋"}, "heightStatus": "unknown", "source": "OpenStreetMap", "license": "ODbL-1.0"}, "geometry": {"type": "MultiPolygon", "coordinates": [[[[114.0447043, 22.5182326], [114.0447386, 22.5182183], [114.0447298, 22.5182004], [114.0449804, 22.5180956], [114.0449891, 22.5181135], [114.0450478, 22.518089], [114.045081, 22.5181568], [114.0449597, 22.5182075], [114.0449744, 22.5182373], [114.0450962, 22.5181864], [114.04513, 22.5182552], [114.0450779, 22.518277], [114.0450857, 22.518293], [114.044775, 22.5184231], [114.044764, 22.5184007], [114.0447468, 22.5184079], [114.0447161, 22.5183453], [114.0448273, 22.5182988], [114.0448127, 22.518269], [114.0447375, 22.5183004], [114.0447043, 22.5182326]]]]}}, {"type": "Feature", "id": "way/1050452924", "properties": {"tags": {"addr:housename": "益田村", "addr:housename:zh": "益田村", "building": "apartments", "name": "115栋", "name:zh": "115栋"}, "heightStatus": "unknown", "source": "OpenStreetMap", "license": "ODbL-1.0"}, "geometry": {"type": "MultiPolygon", "coordinates": [[[[114.0449644, 22.5187618], [114.0449986, 22.5187474], [114.0449899, 22.5187295], [114.0452404, 22.5186247], [114.0452492, 22.5186426], [114.0453078, 22.5186181], [114.0453411, 22.5186859], [114.0452198, 22.5187367], [114.0452344, 22.5187665], [114.0453563, 22.5187155], [114.0453901, 22.5187844], [114.0453379, 22.5188062], [114.0453458, 22.5188222], [114.045035, 22.5189522], [114.0450241, 22.5189299], [114.0450069, 22.5189371], [114.0449762, 22.5188745], [114.0450874, 22.518828], [114.0450728, 22.5187981], [114.0449976, 22.5188296], [114.0449644, 22.5187618]]]]}}, {"type": "Feature", "id": "way/1050517776", "properties": {"tags": {"building": "yes", "name": "益田大厦"}, "heightStatus": "unknown", "source": "OpenStreetMap", "license": "ODbL-1.0"}, "geometry": {"type": "MultiPolygon", "coordinates": [[[[114.0453192, 22.5179362], [114.0460779, 22.5176786], [114.0463145, 22.5184107], [114.0455896, 22.5186401], [114.0453192, 22.5179362]]]]}}, {"type": "Feature", "id": "way/1050517777", "properties": {"tags": {"building": "apartments", "layer": "2"}, "heightStatus": "unknown", "source": "OpenStreetMap", "license": "ODbL-1.0"}, "geometry": {"type": "MultiPolygon", "coordinates": [[[[114.0459132, 22.5183036], [114.0462254, 22.5182024], [114.0462972, 22.5183916], [114.0462105, 22.5184197], [114.0461686, 22.5183091], [114.0460411, 22.5183504], [114.0460852, 22.5184666], [114.0459871, 22.5184983], [114.0459132, 22.5183036]]]]}}, {"type": "Feature", "id": "way/1050517809", "properties": {"tags": {"building": "yes"}, "heightStatus": "unknown", "source": "OpenStreetMap", "license": "ODbL-1.0"}, "geometry": {"type": "MultiPolygon", "coordinates": [[[[114.0488448, 22.5208744], [114.0489185, 22.5208739], [114.0489181, 22.5208191], [114.049078, 22.5208181], [114.0490784, 22.5208732], [114.0491416, 22.5208728], [114.0491426, 22.5210101], [114.0490613, 22.5210106], [114.0490617, 22.5210606], [114.048931, 22.5210614], [114.0489306, 22.5210029], [114.0488457, 22.5210034], [114.0488448, 22.5208744]]]]}}, {"type": "Feature", "id": "way/1051226060", "properties": {"tags": {"building": "apartments", "name": "196栋"}, "heightStatus": "unknown", "source": "OpenStreetMap", "license": "ODbL-1.0"}, "geometry": {"type": "MultiPolygon", "coordinates": [[[[114.0464238, 22.5223704], [114.0465182, 22.5223174], [114.046606, 22.5224509], [114.0465116, 22.5225039], [114.0464238, 22.5223704]]]]}}, {"type": "Feature", "id": "way/1051226061", "properties": {"tags": {"building": "apartments", "name": "199栋"}, "heightStatus": "unknown", "source": "OpenStreetMap", "license": "ODbL-1.0"}, "geometry": {"type": "MultiPolygon", "coordinates": [[[[114.0460808, 22.5226053], [114.0461832, 22.5225472], [114.0462459, 22.5226413], [114.0461435, 22.5226994], [114.0460808, 22.5226053]]]]}}, {"type": "Feature", "id": "way/1051226062", "properties": {"tags": {"building": "apartments", "name": "205栋"}, "heightStatus": "unknown", "source": "OpenStreetMap", "license": "ODbL-1.0"}, "geometry": {"type": "MultiPolygon", "coordinates": [[[[114.0465814, 22.5224976], [114.046678, 22.5224433], [114.0467692, 22.5225816], [114.0466725, 22.522636], [114.0465814, 22.5224976]]]]}}, {"type": "Feature", "id": "way/1051226064", "properties": {"tags": {"building": "kindergarten"}, "heightStatus": "unknown", "source": "OpenStreetMap", "license": "ODbL-1.0"}, "geometry": {"type": "MultiPolygon", "coordinates": [[[[114.0464281, 22.5230906], [114.0465048, 22.5230819], [114.0465394, 22.5233435], [114.0464626, 22.5233521], [114.0464281, 22.5230906]]]]}}, {"type": "Feature", "id": "way/1051226065", "properties": {"tags": {"building": "apartments", "name": "5栋"}, "heightStatus": "unknown", "source": "OpenStreetMap", "license": "ODbL-1.0"}, "geometry": {"type": "MultiPolygon", "coordinates": [[[[114.0457186, 22.5247301], [114.045719, 22.5246476], [114.0461238, 22.5246492], [114.0461234, 22.5247318], [114.0457186, 22.5247301]]]]}}, {"type": "Feature", "id": "way/1051226066", "properties": {"tags": {"building": "apartments", "name": "7栋"}, "heightStatus": "unknown", "source": "OpenStreetMap", "license": "ODbL-1.0"}, "geometry": {"type": "MultiPolygon", "coordinates": [[[[114.0462131, 22.5247372], [114.0462135, 22.5246547], [114.0466183, 22.5246563], [114.0466179, 22.5247389], [114.0462131, 22.5247372]]]]}}, {"type": "Feature", "id": "way/1051226067", "properties": {"tags": {"building": "apartments", "name": "6栋"}, "heightStatus": "unknown", "source": "OpenStreetMap", "license": "ODbL-1.0"}, "geometry": {"type": "MultiPolygon", "coordinates": [[[[114.0458213, 22.524449], [114.0458218, 22.5243922], [114.045885, 22.5243927], [114.0458853, 22.5243566], [114.0458569, 22.5243564], [114.0458575, 22.5242947], [114.0460164, 22.524296], [114.0460158, 22.5243607], [114.0459897, 22.5243605], [114.0459894, 22.524395], [114.0460476, 22.5243955], [114.0460471, 22.5244508], [114.0458213, 22.524449]]]]}}, {"type": "Feature", "id": "way/1051226068", "properties": {"tags": {"building": "apartments", "name": "8栋"}, "heightStatus": "unknown", "source": "OpenStreetMap", "license": "ODbL-1.0"}, "geometry": {"type": "MultiPolygon", "coordinates": [[[[114.046231, 22.5244681], [114.0462319, 22.5243858], [114.046373, 22.5243871], [114.0463727, 22.524418], [114.0464964, 22.5244191], [114.0464955, 22.5245028], [114.0463674, 22.5245016], [114.0463678, 22.5244693], [114.046231, 22.5244681]]]]}}, {"type": "Feature", "id": "way/1051446507", "properties": {"tags": {"addr:city": "深圳市", "addr:district": "福田区", "addr:postcode": "518048", "addr:province": "广东省", "addr:street": "石厦北三街", "building": "apartments"}, "heightStatus": "unknown", "source": "OpenStreetMap", "license": "ODbL-1.0"}, "geometry": {"type": "MultiPolygon", "coordinates": [[[[114.0491438, 22.5269019], [114.0491496, 22.5266247], [114.0494965, 22.5266309], [114.0494906, 22.5269082], [114.0491438, 22.5269019]]]]}}, {"type": "Feature", "id": "way/1052169354", "properties": {"tags": {"building": "apartments", "name": "233栋"}, "heightStatus": "unknown", "source": "OpenStreetMap", "license": "ODbL-1.0"}, "geometry": {"type": "MultiPolygon", "coordinates": [[[[114.04682, 22.522951], [114.046904, 22.5228734], [114.04701, 22.5229713], [114.046926, 22.523049], [114.04682, 22.522951]]]]}}, {"type": "Feature", "id": "way/1052169355", "properties": {"tags": {"building": "apartments", "name": "234栋"}, "heightStatus": "unknown", "source": "OpenStreetMap", "license": "ODbL-1.0"}, "geometry": {"type": "MultiPolygon", "coordinates": [[[[114.0467353, 22.52306], [114.0468215, 22.5229748], [114.046938, 22.5230754], [114.0468518, 22.5231606], [114.0467353, 22.52306]]]]}}, {"type": "Feature", "id": "way/1052169356", "properties": {"tags": {"building": "apartments", "name": "247-2栋"}, "heightStatus": "unknown", "source": "OpenStreetMap", "license": "ODbL-1.0"}, "geometry": {"type": "MultiPolygon", "coordinates": [[[[114.0468844, 22.5231536], [114.0469706, 22.523074], [114.047023, 22.5230694], [114.047045, 22.5231661], [114.0468996, 22.5232083], [114.0468844, 22.5231536]]]]}}, {"type": "Feature", "id": "way/1052169357", "properties": {"tags": {"building": "apartments", "name": "11栋"}, "heightStatus": "unknown", "source": "OpenStreetMap", "license": "ODbL-1.0"}, "geometry": {"type": "MultiPolygon", "coordinates": [[[[114.047233, 22.523152], [114.0473767, 22.5231239], [114.0474107, 22.5232722], [114.047267, 22.5233002], [114.047233, 22.523152]]]]}}, {"type": "Feature", "id": "way/1052169358", "properties": {"tags": {"building": "apartments", "name": "12栋"}, "heightStatus": "unknown", "source": "OpenStreetMap", "license": "ODbL-1.0"}, "geometry": {"type": "MultiPolygon", "coordinates": [[[[114.0470931, 22.5231848], [114.0472308, 22.5231578], [114.0472656, 22.5233095], [114.0471279, 22.5233365], [114.0470931, 22.5231848]]]]}}, {"type": "Feature", "id": "way/1052169359", "properties": {"tags": {"building": "apartments", "name": "13栋"}, "heightStatus": "unknown", "source": "OpenStreetMap", "license": "ODbL-1.0"}, "geometry": {"type": "MultiPolygon", "coordinates": [[[[114.0471348, 22.5233892], [114.0473828, 22.5233457], [114.0474039, 22.5234488], [114.047156, 22.5234923], [114.0471348, 22.5233892]]]]}}, {"type": "Feature", "id": "way/1052169360", "properties": {"tags": {"building": "hotel", "name": "荟语酒店"}, "heightStatus": "unknown", "source": "OpenStreetMap", "license": "ODbL-1.0"}, "geometry": {"type": "MultiPolygon", "coordinates": [[[[114.0449188, 22.5249989], [114.0450751, 22.5250025], [114.0450634, 22.525214], [114.0452575, 22.5252194], [114.045258, 22.5253508], [114.0452554, 22.5253619], [114.0452453, 22.5253737], [114.0452359, 22.5253774], [114.0450562, 22.525365], [114.0450562, 22.5253464], [114.0449737, 22.5253452], [114.0449603, 22.5253402], [114.0449483, 22.5253334], [114.0449382, 22.5253223], [114.0449295, 22.5253087], [114.0449248, 22.5253], [114.0449208, 22.5252876], [114.0449188, 22.5249989]]]]}}, {"type": "Feature", "id": "way/1052169364", "properties": {"tags": {"building": "apartments"}, "heightStatus": "unknown", "source": "OpenStreetMap", "license": "ODbL-1.0"}, "geometry": {"type": "MultiPolygon", "coordinates": [[[[114.0446107, 22.523985], [114.044638, 22.5239029], [114.0447412, 22.5238807], [114.0446971, 22.5240117], [114.0446813, 22.5240214], [114.044661, 22.5240233], [114.044637, 22.5240159], [114.0446228, 22.524003], [114.0446107, 22.523985]]]]}}, {"type": "Feature", "id": "way/1052169365", "properties": {"tags": {"building": "apartments"}, "heightStatus": "unknown", "source": "OpenStreetMap", "license": "ODbL-1.0"}, "geometry": {"type": "MultiPolygon", "coordinates": [[[[114.0444538, 22.5239936], [114.0445818, 22.5239481], [114.0446316, 22.5240677], [114.0445036, 22.5241132], [114.0444538, 22.5239936]]]]}}, {"type": "Feature", "id": "way/1052169367", "properties": {"tags": {"building": "apartments"}, "heightStatus": "unknown", "source": "OpenStreetMap", "license": "ODbL-1.0"}, "geometry": {"type": "MultiPolygon", "coordinates": [[[[114.0448224, 22.5232323], [114.0449084, 22.5231773], [114.0449634, 22.5232509], [114.0448774, 22.5233058], [114.0448224, 22.5232323]]]]}}, {"type": "Feature", "id": "way/1052169368", "properties": {"tags": {"building": "apartments"}, "heightStatus": "unknown", "source": "OpenStreetMap", "license": "ODbL-1.0"}, "geometry": {"type": "MultiPolygon", "coordinates": [[[[114.0448713, 22.5233274], [114.0449851, 22.5232506], [114.045044, 22.5233252], [114.0449302, 22.523402], [114.0448713, 22.5233274]]]]}}, {"type": "Feature", "id": "way/1052169372", "properties": {"tags": {"building": "apartments"}, "heightStatus": "unknown", "source": "OpenStreetMap", "license": "ODbL-1.0"}, "geometry": {"type": "MultiPolygon", "coordinates": [[[[114.0443767, 22.5250436], [114.0445127, 22.5250022], [114.0445603, 22.5251355], [114.0444242, 22.5251769], [114.0443767, 22.5250436]]]]}}, {"type": "Feature", "id": "way/1052169375", "properties": {"tags": {"building": "apartments"}, "heightStatus": "unknown", "source": "OpenStreetMap", "license": "ODbL-1.0"}, "geometry": {"type": "MultiPolygon", "coordinates": [[[[114.0450051, 22.5231603], [114.045144, 22.5230797], [114.0452026, 22.5231658], [114.0450637, 22.5232464], [114.0450051, 22.5231603]]]]}}, {"type": "Feature", "id": "way/1052169376", "properties": {"tags": {"building": "yes"}, "heightStatus": "unknown", "source": "OpenStreetMap", "license": "ODbL-1.0"}, "geometry": {"type": "MultiPolygon", "coordinates": [[[[114.0447895, 22.5221962], [114.0449054, 22.5221823], [114.0449211, 22.5222941], [114.0449884, 22.522286], [114.0449995, 22.5223648], [114.0448163, 22.5223868], [114.0447895, 22.5221962]]]]}}, {"type": "Feature", "id": "way/1052197147", "properties": {"tags": {"building": "apartments", "name": "D座"}, "heightStatus": "unknown", "source": "OpenStreetMap", "license": "ODbL-1.0"}, "geometry": {"type": "MultiPolygon", "coordinates": [[[[114.0480105, 22.5223209], [114.0480116, 22.5221883], [114.04811, 22.522189], [114.0481108, 22.5220935], [114.0482763, 22.5220947], [114.0482755, 22.5221916], [114.0483739, 22.5221924], [114.0483727, 22.522325], [114.0482686, 22.5223243], [114.0482677, 22.5224189], [114.0481033, 22.5224176], [114.0481042, 22.5223216], [114.0480105, 22.5223209]]]]}}, {"type": "Feature", "id": "way/1052197148", "properties": {"tags": {"building": "apartments", "name": "C座"}, "heightStatus": "unknown", "source": "OpenStreetMap", "license": "ODbL-1.0"}, "geometry": {"type": "MultiPolygon", "coordinates": [[[[114.0480363, 22.5218788], [114.0480374, 22.5217462], [114.0481358, 22.5217469], [114.0481366, 22.5216514], [114.0483021, 22.5216527], [114.0483013, 22.5217496], [114.0483997, 22.5217503], [114.0483986, 22.521883], [114.0482944, 22.5218822], [114.0482935, 22.5219768], [114.0481291, 22.5219756], [114.04813, 22.5218795], [114.0480363, 22.5218788]]]]}}, {"type": "Feature", "id": "way/1052197149", "properties": {"tags": {"building": "apartments", "name": "A座"}, "heightStatus": "unknown", "source": "OpenStreetMap", "license": "ODbL-1.0"}, "geometry": {"type": "MultiPolygon", "coordinates": [[[[114.0471649, 22.5215368], [114.0471654, 22.5213479], [114.0472612, 22.5213481], [114.0472614, 22.5212619], [114.0474574, 22.5212623], [114.0474572, 22.5213439], [114.0475487, 22.5213441], [114.0475481, 22.5215456], [114.0474516, 22.5215454], [114.0474514, 22.5216301], [114.0472451, 22.5216297], [114.0472453, 22.521537], [114.0471649, 22.5215368]]]]}}, {"type": "Feature", "id": "way/1052197150", "properties": {"tags": {"building": "apartments", "name": "B座"}, "heightStatus": "unknown", "source": "OpenStreetMap", "license": "ODbL-1.0"}, "geometry": {"type": "MultiPolygon", "coordinates": [[[[114.0476181, 22.5215442], [114.0476185, 22.5213553], [114.0477144, 22.5213555], [114.0477146, 22.5212692], [114.0479106, 22.5212696], [114.0479104, 22.5213512], [114.0480018, 22.5213514], [114.0480013, 22.5215529], [114.0479048, 22.5215527], [114.0479045, 22.5216375], [114.0476982, 22.521637], [114.0476985, 22.5215443], [114.0476181, 22.5215442]]]]}}, {"type": "Feature", "id": "way/1052197151", "properties": {"tags": {"addr:housename": "物业时代新居", "addr:housename:zh": "物业时代新居", "building": "apartments", "name": "3栋", "name:zh": "3栋"}, "heightStatus": "unknown", "source": "OpenStreetMap", "license": "ODbL-1.0"}, "geometry": {"type": "MultiPolygon", "coordinates": [[[[114.0447298, 22.5209409], [114.0450098, 22.5207947], [114.0450707, 22.5208942], [114.0447907, 22.5210403], [114.0447298, 22.5209409]]]]}}, {"type": "Feature", "id": "way/1052197152", "properties": {"tags": {"addr:housename": "物业时代新居", "addr:housename:zh": "物业时代新居", "building": "apartments", "name": "4栋", "name:zh": "4栋"}, "heightStatus": "unknown", "source": "OpenStreetMap", "license": "ODbL-1.0"}, "geometry": {"type": "MultiPolygon", "coordinates": [[[[114.044902, 22.5212129], [114.045182, 22.5210667], [114.0452428, 22.5211662], [114.0449628, 22.5213123], [114.044902, 22.5212129]]]]}}, {"type": "Feature", "id": "way/1052197153", "properties": {"tags": {"addr:housename": "物业时代新居", "addr:housename:zh": "物业时代新居", "building": "apartments", "name": "6栋", "name:zh": "6栋"}, "heightStatus": "unknown", "source": "OpenStreetMap", "license": "ODbL-1.0"}, "geometry": {"type": "MultiPolygon", "coordinates": [[[[114.0453653, 22.5210828], [114.0456453, 22.5209366], [114.0457062, 22.5210361], [114.0454261, 22.5211822], [114.0453653, 22.5210828]]]]}}, {"type": "Feature", "id": "way/1052197154", "properties": {"tags": {"addr:housename": "物业时代新居", "addr:housename:zh": "物业时代新居", "building": "apartments", "name": "5栋", "name:zh": "5栋"}, "heightStatus": "unknown", "source": "OpenStreetMap", "license": "ODbL-1.0"}, "geometry": {"type": "MultiPolygon", "coordinates": [[[[114.045218, 22.5208448], [114.045498, 22.5206986], [114.0455588, 22.5207981], [114.0452788, 22.5209442], [114.045218, 22.5208448]]]]}}, {"type": "Feature", "id": "way/1052197155", "properties": {"tags": {"addr:housename": "物业时代新居", "addr:housename:zh": "物业时代新居", "building": "apartments", "name": "1栋", "name:zh": "1栋"}, "heightStatus": "unknown", "source": "OpenStreetMap", "license": "ODbL-1.0"}, "geometry": {"type": "MultiPolygon", "coordinates": [[[[114.0444259, 22.5203895], [114.0448526, 22.5201602], [114.0449176, 22.5202633], [114.0444909, 22.5204927], [114.0444259, 22.5203895]]]]}}, {"type": "Feature", "id": "way/1052197156", "properties": {"tags": {"addr:housename": "物业时代新居", "addr:housename:zh": "物业时代新居", "building": "apartments", "name": "2栋", "name:zh": "2栋"}, "heightStatus": "unknown", "source": "OpenStreetMap", "license": "ODbL-1.0"}, "geometry": {"type": "MultiPolygon", "coordinates": [[[[114.0445797, 22.520656], [114.0449538, 22.5204563], [114.0450253, 22.5205707], [114.0446511, 22.5207703], [114.0445797, 22.520656]]]]}}, {"type": "Feature", "id": "way/1052197157", "properties": {"tags": {"addr:housename": "物业时代新居", "addr:housename:zh": "物业时代新居", "building": "apartments", "name": "7栋", "name:zh": "7栋"}, "heightStatus": "unknown", "source": "OpenStreetMap", "license": "ODbL-1.0"}, "geometry": {"type": "MultiPolygon", "coordinates": [[[[114.0452118, 22.5214238], [114.0453184, 22.5213703], [114.0453437, 22.5214133], [114.0454246, 22.5213728], [114.0454481, 22.5214128], [114.0455428, 22.5213654], [114.0455617, 22.5213975], [114.0457712, 22.5212928], [114.04575, 22.5212566], [114.0458189, 22.5212222], [114.0458821, 22.5213304], [114.0457571, 22.5213927], [114.0457693, 22.5214136], [114.0457089, 22.5214435], [114.0456761, 22.5213872], [114.0456129, 22.5214185], [114.0456327, 22.5214526], [114.0455228, 22.5215072], [114.045486, 22.5214876], [114.0453928, 22.5215281], [114.0453831, 22.5215089], [114.045292, 22.5215484], [114.0452742, 22.5215299], [114.0452118, 22.5214238]]]]}}, {"type": "Feature", "id": "way/1052197158", "properties": {"tags": {"building": "apartments", "name": "204栋"}, "heightStatus": "unknown", "source": "OpenStreetMap", "license": "ODbL-1.0"}, "geometry": {"type": "MultiPolygon", "coordinates": [[[[114.0455039, 22.5229537], [114.0456453, 22.522881], [114.0457133, 22.522994], [114.0455719, 22.5230666], [114.0455039, 22.5229537]]]]}}, {"type": "Feature", "id": "way/1052197159", "properties": {"tags": {"building": "apartments", "name": "191栋"}, "heightStatus": "unknown", "source": "OpenStreetMap", "license": "ODbL-1.0"}, "geometry": {"type": "MultiPolygon", "coordinates": [[[[114.0456237, 22.5228187], [114.0457427, 22.5227511], [114.0457817, 22.5228098], [114.0456627, 22.5228774], [114.0456237, 22.5228187]]]]}}, {"type": "Feature", "id": "way/1052197160", "properties": {"tags": {"building": "apartments", "name": "198栋"}, "heightStatus": "unknown", "source": "OpenStreetMap", "license": "ODbL-1.0"}, "geometry": {"type": "MultiPolygon", "coordinates": [[[[114.0462024, 22.5225435], [114.0462458, 22.5225184], [114.0462232, 22.5224852], [114.0462989, 22.5224414], [114.04639, 22.5225754], [114.046271, 22.5226444], [114.0462024, 22.5225435]]]]}}, {"type": "Feature", "id": "way/1052197161", "properties": {"tags": {"building": "apartments", "name": "197栋"}, "heightStatus": "unknown", "source": "OpenStreetMap", "license": "ODbL-1.0"}, "geometry": {"type": "MultiPolygon", "coordinates": [[[[114.0463172, 22.5224386], [114.0464068, 22.522388], [114.0464886, 22.5225115], [114.046399, 22.5225622], [114.0463172, 22.5224386]]]]}}, {"type": "Feature", "id": "way/1052197169", "properties": {"tags": {"building": "apartments", "name": "247-1栋"}, "heightStatus": "unknown", "source": "OpenStreetMap", "license": "ODbL-1.0"}, "geometry": {"type": "MultiPolygon", "coordinates": [[[[114.0467066, 22.5231501], [114.0467909, 22.5231436], [114.0467881, 22.5231683], [114.0468412, 22.5231697], [114.0468493, 22.5232139], [114.046722, 22.5232396], [114.0467066, 22.5231501]]]]}}, {"type": "Feature", "id": "way/1052197170", "properties": {"tags": {"building": "apartments", "name": "223栋"}, "heightStatus": "unknown", "source": "OpenStreetMap", "license": "ODbL-1.0"}, "geometry": {"type": "MultiPolygon", "coordinates": [[[[114.0460493, 22.522979], [114.0461561, 22.522919], [114.0462461, 22.5230558], [114.0461393, 22.5231158], [114.0460493, 22.522979]]]]}}, {"type": "Feature", "id": "way/1052197171", "properties": {"tags": {"building": "apartments", "name": "212栋"}, "heightStatus": "unknown", "source": "OpenStreetMap", "license": "ODbL-1.0"}, "geometry": {"type": "MultiPolygon", "coordinates": [[[[114.045852, 22.522917], [114.0459488, 22.5228644], [114.0460319, 22.5229947], [114.0459351, 22.5230473], [114.045852, 22.522917]]]]}}, {"type": "Feature", "id": "way/1052197174", "properties": {"tags": {"building": "retail"}, "heightStatus": "unknown", "source": "OpenStreetMap", "license": "ODbL-1.0"}, "geometry": {"type": "MultiPolygon", "coordinates": [[[[114.04801, 22.5214741], [114.0480114, 22.5214465], [114.0480179, 22.5214194], [114.0480292, 22.5213937], [114.048045, 22.5213702], [114.0480722, 22.5213434], [114.048105, 22.5213229], [114.048142, 22.5213095], [114.0481813, 22.5213042], [114.0482209, 22.521307], [114.0482589, 22.5213178], [114.0482932, 22.5213362], [114.0483224, 22.5213611], [114.0483448, 22.5213914], [114.0483593, 22.5214255], [114.0483653, 22.5214618], [114.0483624, 22.5214984], [114.0483508, 22.5215335], [114.0483311, 22.5215653], [114.0483042, 22.5215923], [114.0482715, 22.5216131], [114.048244, 22.5216241], [114.0482148, 22.5216306], [114.0481849, 22.5216325], [114.0481551, 22.5216297], [114.0481261, 22.5216224], [114.048099, 22.5216107], [114.0480743, 22.5215949], [114.0480529, 22.5215755], [114.0480353, 22.521553], [114.0480221, 22.5215282], [114.0480135, 22.5215016], [114.04801, 22.5214741]]]]}}, {"type": "Feature", "id": "way/1052197175", "properties": {"tags": {"building": "apartments", "name": "200栋"}, "heightStatus": "unknown", "source": "OpenStreetMap", "license": "ODbL-1.0"}, "geometry": {"type": "MultiPolygon", "coordinates": [[[[114.0459577, 22.5226821], [114.0460653, 22.5226226], [114.0461296, 22.5227219], [114.0460221, 22.5227814], [114.0459577, 22.5226821]]]]}}, {"type": "Feature", "id": "way/1052197176", "properties": {"tags": {"building": "apartments", "name": "201栋"}, "heightStatus": "unknown", "source": "OpenStreetMap", "license": "ODbL-1.0"}, "geometry": {"type": "MultiPolygon", "coordinates": [[[[114.0458693, 22.522753], [114.0459651, 22.5227034], [114.0460229, 22.5227988], [114.0459271, 22.5228484], [114.0458693, 22.522753]]]]}}, {"type": "Feature", "id": "way/1052197177", "properties": {"tags": {"building": "apartments", "name": "246栋"}, "heightStatus": "unknown", "source": "OpenStreetMap", "license": "ODbL-1.0"}, "geometry": {"type": "MultiPolygon", "coordinates": [[[[114.0467345, 22.5232739], [114.046886, 22.5232498], [114.0469184, 22.523454], [114.0467637, 22.5234778], [114.0467345, 22.5232739]]]]}}, {"type": "Feature", "id": "way/1054118599", "properties": {"tags": {"building": "apartments", "name": "星朗轩"}, "heightStatus": "unknown", "source": "OpenStreetMap", "license": "ODbL-1.0"}, "geometry": {"type": "MultiPolygon", "coordinates": [[[[114.04751, 22.5252867], [114.047513, 22.5250698], [114.0476249, 22.5250711], [114.047626, 22.5249916], [114.0477684, 22.5249932], [114.0477676, 22.5250555], [114.0478847, 22.5250568], [114.0478841, 22.5251002], [114.0479054, 22.5251004], [114.0479034, 22.5252489], [114.0478699, 22.5252485], [114.0478694, 22.5252887], [114.047777, 22.5252876], [114.0477758, 22.5253748], [114.0476258, 22.5253731], [114.047627, 22.5252881], [114.04751, 22.5252867]]]]}}, {"type": "Feature", "id": "way/1054118600", "properties": {"tags": {"building": "apartments", "layer": "1", "name": "星逸轩"}, "heightStatus": "unknown", "source": "OpenStreetMap", "license": "ODbL-1.0"}, "geometry": {"type": "MultiPolygon", "coordinates": [[[[114.0479034, 22.5252489], [114.0479054, 22.5251004], [114.0479412, 22.5251009], [114.0479417, 22.5250607], [114.0480339, 22.5250616], [114.048035, 22.5249745], [114.0481845, 22.524976], [114.0481835, 22.5250611], [114.0483005, 22.5250623], [114.0482979, 22.5252789], [114.048186, 22.5252778], [114.0481851, 22.5253573], [114.0480425, 22.5253558], [114.0480433, 22.5252936], [114.047926, 22.5252924], [114.0479266, 22.5252492], [114.0479034, 22.5252489]]]]}}, {"type": "Feature", "id": "way/1055055366", "properties": {"tags": {"building": "yes"}, "heightStatus": "unknown", "source": "OpenStreetMap", "license": "ODbL-1.0"}, "geometry": {"type": "MultiPolygon", "coordinates": [[[[114.0464126, 22.5198959], [114.0464328, 22.5198844], [114.0464459, 22.5198769], [114.0464757, 22.5198616], [114.0465058, 22.5198462], [114.0465245, 22.5198375], [114.046558, 22.519822], [114.046578, 22.5198133], [114.0466144, 22.5197974], [114.0466368, 22.5197888], [114.0466697, 22.5197761], [114.0466922, 22.5197688], [114.0467878, 22.5197376], [114.0468159, 22.5197314], [114.0468473, 22.5197241], [114.0468692, 22.519719], [114.0468919, 22.5197175], [114.0469532, 22.5198269], [114.0464806, 22.5200053], [114.0464524, 22.519956], [114.046434, 22.5199255], [114.0464126, 22.5198959]]]]}}, {"type": "Feature", "id": "way/1055055370", "properties": {"tags": {"building": "yes"}, "heightStatus": "unknown", "source": "OpenStreetMap", "license": "ODbL-1.0"}, "geometry": {"type": "MultiPolygon", "coordinates": [[[[114.0451516, 22.5246345], [114.0452574, 22.5246139], [114.045272, 22.5246614], [114.0452729, 22.5246838], [114.0452749, 22.5247089], [114.0452749, 22.5247331], [114.045271, 22.5247672], [114.0452681, 22.5247905], [114.0452788, 22.5248416], [114.0452079, 22.524855], [114.0451516, 22.5246345]]]]}}, {"type": "Feature", "id": "way/1055055406", "properties": {"tags": {"addr:housename": "云顶翠峰", "addr:housename:zh": "云顶翠峰", "building": "apartments", "building:levels": "33", "name": "A座", "name:zh": "A座"}, "heightStatus": "levels_only_unverified", "source": "OpenStreetMap", "license": "ODbL-1.0"}, "geometry": {"type": "MultiPolygon", "coordinates": [[[[114.0539036, 22.5219945], [114.0539119, 22.521886], [114.0540676, 22.5218961], [114.0540724, 22.5218334], [114.0541916, 22.5218411], [114.0541869, 22.5219041], [114.0542674, 22.5219093], [114.054259, 22.5220178], [114.0541784, 22.5220126], [114.0541761, 22.522043], [114.0540569, 22.5220353], [114.0540592, 22.5220046], [114.0539036, 22.5219945]]]]}}, {"type": "Feature", "id": "way/1055055447", "properties": {"tags": {"addr:housename": "共和世家", "addr:housename:zh": "共和世家", "building": "apartments", "building:levels": "14", "name": "9栋", "name:zh": "9栋"}, "heightStatus": "levels_only_unverified", "source": "OpenStreetMap", "license": "ODbL-1.0"}, "geometry": {"type": "MultiPolygon", "coordinates": [[[[114.0537934, 22.5240104], [114.0538153, 22.5239206], [114.0538439, 22.5239265], [114.0538912, 22.5238989], [114.0538974, 22.5238732], [114.0539336, 22.5238807], [114.0539408, 22.5238512], [114.0539545, 22.5238541], [114.053962, 22.5238231], [114.0540241, 22.523836], [114.0540214, 22.5238471], [114.0540434, 22.5238516], [114.054025, 22.523927], [114.0540141, 22.5239334], [114.0540369, 22.5239666], [114.054015, 22.5240565], [114.053979, 22.5240775], [114.0539859, 22.5240876], [114.0539676, 22.5241629], [114.0539456, 22.5241584], [114.0539404, 22.5241799], [114.0538817, 22.5241531], [114.0538884, 22.5241256], [114.0538747, 22.5241227], [114.0538819, 22.5240933], [114.0538457, 22.5240857], [114.0538519, 22.52406], [114.053822, 22.5240164], [114.0537934, 22.5240104]]]]}}, {"type": "Feature", "id": "way/1055657917", "properties": {"tags": {"addr:housename": "共和世家", "addr:housename:zh": "共和世家", "building": "apartments", "building:levels": "26", "name": "2栋", "name:zh": "2栋"}, "heightStatus": "levels_only_unverified", "source": "OpenStreetMap", "license": "ODbL-1.0"}, "geometry": {"type": "MultiPolygon", "coordinates": [[[[114.0528639, 22.5249909], [114.0528654, 22.524901], [114.0528987, 22.5249015], [114.0528993, 22.5248687], [114.0529216, 22.5248691], [114.0529223, 22.524827], [114.0529593, 22.5248275], [114.0529595, 22.5248161], [114.0530532, 22.5248174], [114.053053, 22.5248289], [114.0530901, 22.5248294], [114.0530894, 22.5248715], [114.0531116, 22.5248718], [114.0531111, 22.5249046], [114.0531444, 22.5249051], [114.0531429, 22.524995], [114.0531095, 22.5249945], [114.053109, 22.5250273], [114.0530867, 22.5250269], [114.053086, 22.525069], [114.053049, 22.5250685], [114.0530488, 22.5250799], [114.052955, 22.5250786], [114.0529552, 22.5250671], [114.0529182, 22.5250666], [114.0529189, 22.5250245], [114.0528966, 22.5250242], [114.0528972, 22.5249914], [114.0528639, 22.5249909]]]]}}, {"type": "Feature", "id": "way/1055657918", "properties": {"tags": {"addr:housename": "共和世家", "addr:housename:zh": "共和世家", "building": "apartments", "building:levels": "26", "name": "3栋", "name:zh": "3栋"}, "heightStatus": "levels_only_unverified", "source": "OpenStreetMap", "license": "ODbL-1.0"}, "geometry": {"type": "MultiPolygon", "coordinates": [[[[114.0532805, 22.5249909], [114.053282, 22.524901], [114.0533154, 22.5249015], [114.0533159, 22.5248688], [114.0533382, 22.5248691], [114.0533389, 22.524827], [114.053376, 22.5248276], [114.0533762, 22.5248161], [114.0534699, 22.5248175], [114.0534697, 22.5248289], [114.0535067, 22.5248295], [114.053506, 22.5248715], [114.0535283, 22.5248719], [114.0535277, 22.5249046], [114.0535611, 22.5249051], [114.0535595, 22.524995], [114.0535262, 22.5249945], [114.0535256, 22.5250273], [114.0535034, 22.525027], [114.0535026, 22.525069], [114.0534656, 22.5250685], [114.0534654, 22.5250799], [114.0533717, 22.5250786], [114.0533719, 22.5250671], [114.0533348, 22.5250666], [114.0533356, 22.5250245], [114.0533133, 22.5250242], [114.0533138, 22.5249914], [114.0532805, 22.5249909]]]]}}, {"type": "Feature", "id": "way/1055657920", "properties": {"tags": {"addr:housename": "高发·城驰苑", "addr:housename:zh": "高发·城驰苑", "building": "apartments", "building:levels": "32", "name": "A栋", "name:zh": "A栋"}, "heightStatus": "levels_only_unverified", "source": "OpenStreetMap", "license": "ODbL-1.0"}, "geometry": {"type": "MultiPolygon", "coordinates": [[[[114.0524291, 22.5253311], [114.0524321, 22.5252248], [114.0524837, 22.525226], [114.052524, 22.5251907], [114.0525245, 22.525175], [114.0524856, 22.525174], [114.0524874, 22.5251107], [114.0526537, 22.5251147], [114.0526519, 22.5251781], [114.052613, 22.5251771], [114.0526125, 22.5251928], [114.0526508, 22.5252301], [114.0527024, 22.5252314], [114.0526993, 22.5253376], [114.0526478, 22.5253364], [114.0526074, 22.5253717], [114.052607, 22.5253874], [114.0526459, 22.5253884], [114.0526441, 22.5254517], [114.0524778, 22.5254477], [114.0524796, 22.5253843], [114.0525185, 22.5253853], [114.0525189, 22.5253696], [114.0524807, 22.5253323], [114.0524291, 22.5253311]]]]}}, {"type": "Feature", "id": "way/1055657921", "properties": {"tags": {"addr:housename": "高发·城驰苑", "addr:housename:zh": "高发·城驰苑", "building": "apartments", "building:levels": "32", "name": "B栋", "name:zh": "B栋"}, "heightStatus": "levels_only_unverified", "source": "OpenStreetMap", "license": "ODbL-1.0"}, "geometry": {"type": "MultiPolygon", "coordinates": [[[[114.051889, 22.5253207], [114.0518921, 22.5252145], [114.0519436, 22.5252157], [114.051984, 22.5251804], [114.0519844, 22.5251647], [114.0519455, 22.5251637], [114.0519473, 22.5251004], [114.0521136, 22.5251044], [114.0521118, 22.5251678], [114.0520729, 22.5251668], [114.0520725, 22.5251825], [114.0521107, 22.5252198], [114.0521623, 22.525221], [114.0521593, 22.5253273], [114.0521077, 22.5253261], [114.0520674, 22.5253614], [114.0520669, 22.5253771], [114.0521058, 22.5253781], [114.052104, 22.5254414], [114.0519377, 22.5254374], [114.0519395, 22.525374], [114.0519784, 22.525375], [114.0519789, 22.5253593], [114.0519406, 22.525322], [114.051889, 22.5253207]]]]}}, {"type": "Feature", "id": "way/1055657922", "properties": {"tags": {"addr:housename": "共和世家", "addr:housename:zh": "共和世家", "building": "apartments", "building:levels": "29", "name": "1栋", "name:zh": "1栋"}, "heightStatus": "levels_only_unverified", "source": "OpenStreetMap", "license": "ODbL-1.0"}, "geometry": {"type": "MultiPolygon", "coordinates": [[[[114.0530191, 22.5254072], [114.0530218, 22.5252654], [114.0530768, 22.5252663], [114.0531181, 22.5252295], [114.0531191, 22.5251786], [114.0532726, 22.5251811], [114.0532716, 22.5252319], [114.0533115, 22.5252701], [114.0533665, 22.525271], [114.0533638, 22.5254128], [114.0533088, 22.5254119], [114.0532675, 22.5254487], [114.0532665, 22.5254995], [114.053113, 22.5254971], [114.053114, 22.5254462], [114.0530741, 22.5254081], [114.0530191, 22.5254072]]]]}}, {"type": "Feature", "id": "way/1055657923", "properties": {"tags": {"building": "yes"}, "heightStatus": "unknown", "source": "OpenStreetMap", "license": "ODbL-1.0"}, "geometry": {"type": "MultiPolygon", "coordinates": [[[[114.0518198, 22.5248789], [114.0518205, 22.5247701], [114.0519027, 22.5247705], [114.0519028, 22.524756], [114.051971, 22.5247563], [114.0519709, 22.5247847], [114.0520996, 22.5247853], [114.0520997, 22.5247546], [114.0521864, 22.5247549], [114.0521862, 22.5247878], [114.0523661, 22.5247886], [114.0523662, 22.5247751], [114.0524357, 22.5247754], [114.0524356, 22.524789], [114.0525543, 22.5247895], [114.0525543, 22.5247749], [114.052629, 22.5247752], [114.0526289, 22.5247945], [114.0527164, 22.524795], [114.0527159, 22.5248835], [114.0518198, 22.5248789]]]]}}, {"type": "Feature", "id": "way/1055657946", "properties": {"tags": {"building": "apartments"}, "heightStatus": "unknown", "source": "OpenStreetMap", "license": "ODbL-1.0"}, "geometry": {"type": "MultiPolygon", "coordinates": [[[[114.0503695, 22.526537], [114.0503735, 22.5264013], [114.0503865, 22.5264016], [114.0503879, 22.5263558], [114.0503755, 22.5263555], [114.0503795, 22.5262188], [114.0503908, 22.5262191], [114.0503923, 22.5261653], [114.0504506, 22.5261667], [114.0504599, 22.5261597], [114.05046, 22.5261338], [114.0504998, 22.5261339], [114.0504998, 22.5261159], [114.0505322, 22.526116], [114.0505322, 22.5260988], [114.0506669, 22.526099], [114.0506668, 22.5261154], [114.0507309, 22.5261155], [114.0507307, 22.5261935], [114.0506869, 22.5261935], [114.0506867, 22.5262917], [114.0506379, 22.5262917], [114.0505857, 22.526337], [114.0505855, 22.5263581], [114.0505037, 22.5263573], [114.0505026, 22.5264615], [114.0505667, 22.5264621], [114.0506176, 22.5265103], [114.0506172, 22.5265666], [114.0508579, 22.526568], [114.0508582, 22.5265119], [114.0509211, 22.5264608], [114.0509215, 22.5263891], [114.0510454, 22.5263897], [114.0510715, 22.5264233], [114.0510708, 22.5264698], [114.0510601, 22.5264697], [114.0510597, 22.526504], [114.0510714, 22.5265041], [114.0510709, 22.5265438], [114.0510593, 22.5265436], [114.051059, 22.5265691], [114.0510189, 22.5265687], [114.0510185, 22.5265998], [114.0509941, 22.5265995], [114.0509829, 22.5266108], [114.0509822, 22.5266306], [114.0509475, 22.5266294], [114.0509467, 22.526651], [114.0509175, 22.52665], [114.0509169, 22.526666], [114.0508108, 22.5266625], [114.0508106, 22.5266671], [114.0507799, 22.526666], [114.0507803, 22.5266567], [114.0506651, 22.5266524], [114.0506647, 22.5266614], [114.0505514, 22.526657], [114.0505512, 22.5266626], [114.0505227, 22.5266615], [114.0505233, 22.5266492], [114.0504947, 22.526648], [114.050496, 22.5266234], [114.0504589, 22.5266218], [114.0504599, 22.5266022], [114.0504489, 22.5265897], [114.0504251, 22.5265891], [114.0504259, 22.5265601], [114.050389, 22.5265592], [114.0503896, 22.5265375], [114.0503695, 22.526537]]]]}}, {"type": "Feature", "id": "way/1055657950", "properties": {"tags": {"building": "apartments"}, "heightStatus": "unknown", "source": "OpenStreetMap", "license": "ODbL-1.0"}, "geometry": {"type": "MultiPolygon", "coordinates": [[[[114.0496883, 22.5269718], [114.0496901, 22.5268772], [114.0497351, 22.526878], [114.0497348, 22.526893], [114.0497609, 22.5268935], [114.0497619, 22.5268408], [114.0497418, 22.5268405], [114.0497426, 22.5267979], [114.0499149, 22.5268008], [114.0499141, 22.5268453], [114.0498856, 22.5268448], [114.0498849, 22.5268824], [114.0499421, 22.5268834], [114.0499403, 22.526971], [114.049883, 22.52697], [114.0498832, 22.5269565], [114.0497516, 22.5269543], [114.0497513, 22.5269729], [114.0496883, 22.5269718]]]]}}, {"type": "Feature", "id": "way/1055657951", "properties": {"tags": {"building": "apartments"}, "heightStatus": "unknown", "source": "OpenStreetMap", "license": "ODbL-1.0"}, "geometry": {"type": "MultiPolygon", "coordinates": [[[[114.0499403, 22.526971], [114.0499421, 22.5268834], [114.0499898, 22.5268843], [114.0499878, 22.5268963], [114.050014, 22.5268967], [114.050015, 22.526844], [114.0499949, 22.5268437], [114.0499957, 22.5268011], [114.050168, 22.526804], [114.0501671, 22.5268485], [114.0501387, 22.526848], [114.0501379, 22.5268856], [114.0501951, 22.5268866], [114.0501934, 22.5269742], [114.050136, 22.5269732], [114.0501363, 22.5269597], [114.0500047, 22.5269575], [114.0500035, 22.5269722], [114.0499403, 22.526971]]]]}}, {"type": "Feature", "id": "way/1055657952", "properties": {"tags": {"building": "apartments"}, "heightStatus": "unknown", "source": "OpenStreetMap", "license": "ODbL-1.0"}, "geometry": {"type": "MultiPolygon", "coordinates": [[[[114.0501934, 22.5269742], [114.0501951, 22.5268866], [114.0502424, 22.5268859], [114.0502413, 22.5268978], [114.0502674, 22.5268983], [114.0502684, 22.5268456], [114.0502483, 22.5268452], [114.0502491, 22.5268027], [114.0504214, 22.5268056], [114.0504206, 22.5268501], [114.0503921, 22.5268496], [114.0503914, 22.5268872], [114.0504486, 22.5268882], [114.0504468, 22.5269758], [114.0503895, 22.5269748], [114.0503897, 22.5269612], [114.0502581, 22.5269591], [114.0502578, 22.5269753], [114.0501934, 22.5269742]]]]}}, {"type": "Feature", "id": "way/1055657959", "properties": {"tags": {"building": "apartments"}, "heightStatus": "unknown", "source": "OpenStreetMap", "license": "ODbL-1.0"}, "geometry": {"type": "MultiPolygon", "coordinates": [[[[114.0485998, 22.5271261], [114.0486018, 22.5270561], [114.0486557, 22.5270574], [114.0486586, 22.5269603], [114.0487868, 22.5269635], [114.048784, 22.5270588], [114.0488478, 22.5270604], [114.0488457, 22.5271324], [114.0485998, 22.5271261]]]]}}, {"type": "Feature", "id": "way/1055900996", "properties": {"tags": {"building": "school"}, "heightStatus": "unknown", "source": "OpenStreetMap", "license": "ODbL-1.0"}, "geometry": {"type": "MultiPolygon", "coordinates": [[[[114.0463979, 22.5266266], [114.0463984, 22.5265185], [114.0467395, 22.5265201], [114.0467379, 22.5269093], [114.0466435, 22.5269087], [114.0466451, 22.5266277], [114.0463979, 22.5266266]]]]}}, {"type": "Feature", "id": "way/1055900997", "properties": {"tags": {"building": "yes"}, "heightStatus": "unknown", "source": "OpenStreetMap", "license": "ODbL-1.0"}, "geometry": {"type": "MultiPolygon", "coordinates": [[[[114.0463612, 22.519767], [114.0464886, 22.5197633], [114.0465014, 22.5197596], [114.0465088, 22.5197534], [114.0465108, 22.5197441], [114.0465088, 22.5197366], [114.0465056, 22.51973], [114.0463907, 22.5195167], [114.0463834, 22.5195031], [114.0463793, 22.5194913], [114.046384, 22.5194845], [114.0463934, 22.5194777], [114.0464135, 22.5194752], [114.0464243, 22.5194709], [114.0464209, 22.5194641], [114.0467615, 22.5193662], [114.0467797, 22.519365], [114.0467924, 22.5193668], [114.0468058, 22.5193724], [114.0468159, 22.5193836], [114.0468253, 22.5194065], [114.0468299, 22.5194399], [114.0468534, 22.5196536], [114.046954, 22.519635], [114.0469594, 22.5197131], [114.0468919, 22.5197175], [114.0468692, 22.519719], [114.0468473, 22.5197241], [114.0468159, 22.5197314], [114.0467878, 22.5197376], [114.0466922, 22.5197688], [114.0466697, 22.5197761], [114.0466368, 22.5197888], [114.0466144, 22.5197974], [114.046578, 22.5198133], [114.046558, 22.519822], [114.0465245, 22.5198375], [114.0465058, 22.5198462], [114.0464757, 22.5198616], [114.0464459, 22.5198769], [114.0464328, 22.5198844], [114.0463612, 22.519767]]]]}}, {"type": "Feature", "id": "way/1056167233", "properties": {"tags": {"building": "apartments"}, "heightStatus": "unknown", "source": "OpenStreetMap", "license": "ODbL-1.0"}, "geometry": {"type": "MultiPolygon", "coordinates": [[[[114.044965, 22.5238264], [114.0449716, 22.5237449], [114.0450591, 22.5237618], [114.0450503, 22.5238366], [114.044965, 22.5238264]]]]}}, {"type": "Feature", "id": "way/1056167234", "properties": {"tags": {"building": "apartments"}, "heightStatus": "unknown", "source": "OpenStreetMap", "license": "ODbL-1.0"}, "geometry": {"type": "MultiPolygon", "coordinates": [[[[114.045065, 22.5238373], [114.0450783, 22.5237659], [114.045179, 22.5237802], [114.0452379, 22.5237979], [114.0452217, 22.5238733], [114.045065, 22.5238373]]]]}}, {"type": "Feature", "id": "way/1056167235", "properties": {"tags": {"building": "apartments"}, "heightStatus": "unknown", "source": "OpenStreetMap", "license": "ODbL-1.0"}, "geometry": {"type": "MultiPolygon", "coordinates": [[[[114.0452202, 22.5238909], [114.0452437, 22.5237945], [114.0454784, 22.5238515], [114.0454497, 22.5239446], [114.0452202, 22.5238909]]]]}}, {"type": "Feature", "id": "way/1056167236", "properties": {"tags": {"building": "apartments"}, "heightStatus": "unknown", "source": "OpenStreetMap", "license": "ODbL-1.0"}, "geometry": {"type": "MultiPolygon", "coordinates": [[[[114.0454666, 22.5239697], [114.0454747, 22.5238794], [114.0455696, 22.5238909], [114.0455526, 22.523982], [114.0454666, 22.5239697]]]]}}, {"type": "Feature", "id": "way/1056167237", "properties": {"tags": {"building": "apartments"}, "heightStatus": "unknown", "source": "OpenStreetMap", "license": "ODbL-1.0"}, "geometry": {"type": "MultiPolygon", "coordinates": [[[[114.0448591, 22.5234536], [114.0449202, 22.5234237], [114.0449838, 22.5235451], [114.044927, 22.5235756], [114.0448591, 22.5234536]]]]}}, {"type": "Feature", "id": "way/1056167238", "properties": {"tags": {"building": "apartments"}, "heightStatus": "unknown", "source": "OpenStreetMap", "license": "ODbL-1.0"}, "geometry": {"type": "MultiPolygon", "coordinates": [[[[114.0449367, 22.5234242], [114.0449832, 22.523396], [114.0450572, 22.5235202], [114.0450089, 22.5235451], [114.0449367, 22.5234242]]]]}}, {"type": "Feature", "id": "way/1056167239", "properties": {"tags": {"building": "apartments"}, "heightStatus": "unknown", "source": "OpenStreetMap", "license": "ODbL-1.0"}, "geometry": {"type": "MultiPolygon", "coordinates": [[[[114.0449869, 22.5233909], [114.0450676, 22.5233373], [114.0450994, 22.5233875], [114.0451147, 22.5233785], [114.045174, 22.52347], [114.0451073, 22.5235038], [114.0451012, 22.5234914], [114.0450651, 22.5235101], [114.0449869, 22.5233909]]]]}}, {"type": "Feature", "id": "way/1056167240", "properties": {"tags": {"building": "apartments"}, "heightStatus": "unknown", "source": "OpenStreetMap", "license": "ODbL-1.0"}, "geometry": {"type": "MultiPolygon", "coordinates": [[[[114.0450922, 22.5237628], [114.045104, 22.5236419], [114.0451915, 22.5236568], [114.0451687, 22.5237771], [114.0450922, 22.5237628]]]]}}, {"type": "Feature", "id": "way/1056167241", "properties": {"tags": {"building": "apartments"}, "heightStatus": "unknown", "source": "OpenStreetMap", "license": "ODbL-1.0"}, "geometry": {"type": "MultiPolygon", "coordinates": [[[[114.0449554, 22.5236867], [114.0449598, 22.5236623], [114.0450974, 22.5236466], [114.0450896, 22.5237567], [114.0450625, 22.523757], [114.0450682, 22.5236934], [114.0450306, 22.5236963], [114.0450288, 22.5237197], [114.0449635, 22.523718], [114.0449672, 22.523686], [114.0449554, 22.5236867]]]]}}, {"type": "Feature", "id": "way/1056167242", "properties": {"tags": {"building": "apartments"}, "heightStatus": "unknown", "source": "OpenStreetMap", "license": "ODbL-1.0"}, "geometry": {"type": "MultiPolygon", "coordinates": [[[[114.045193, 22.5237765], [114.0452187, 22.5236525], [114.045297, 22.5236632], [114.0452759, 22.5237916], [114.045193, 22.5237765]]]]}}, {"type": "Feature", "id": "way/1056167243", "properties": {"tags": {"building": "apartments"}, "heightStatus": "unknown", "source": "OpenStreetMap", "license": "ODbL-1.0"}, "geometry": {"type": "MultiPolygon", "coordinates": [[[[114.0452841, 22.523798], [114.0453008, 22.5236546], [114.0454154, 22.5236695], [114.0454067, 22.5237463], [114.0453752, 22.5238169], [114.0452841, 22.523798]]]]}}, {"type": "Feature", "id": "way/1056167244", "properties": {"tags": {"building": "apartments"}, "heightStatus": "unknown", "source": "OpenStreetMap", "license": "ODbL-1.0"}, "geometry": {"type": "MultiPolygon", "coordinates": [[[[114.0454013, 22.5238258], [114.0454268, 22.5236932], [114.045514, 22.5237043], [114.0454972, 22.5238332], [114.0454013, 22.5238258]]]]}}, {"type": "Feature", "id": "way/1056167245", "properties": {"tags": {"building": "apartments"}, "heightStatus": "unknown", "source": "OpenStreetMap", "license": "ODbL-1.0"}, "geometry": {"type": "MultiPolygon", "coordinates": [[[[114.0455401, 22.5238766], [114.0455744, 22.5237362], [114.0456379, 22.5237525], [114.0456712, 22.5237953], [114.0456504, 22.5238976], [114.0455401, 22.5238766]]]]}}, {"type": "Feature", "id": "way/1056167246", "properties": {"tags": {"building": "apartments"}, "heightStatus": "unknown", "source": "OpenStreetMap", "license": "ODbL-1.0"}, "geometry": {"type": "MultiPolygon", "coordinates": [[[[114.0450377, 22.5236184], [114.0450444, 22.5235473], [114.0450829, 22.5235123], [114.0452552, 22.5235275], [114.0452296, 22.5236375], [114.0450377, 22.5236184]]]]}}, {"type": "Feature", "id": "way/1056167247", "properties": {"tags": {"building": "apartments"}, "heightStatus": "unknown", "source": "OpenStreetMap", "license": "ODbL-1.0"}, "geometry": {"type": "MultiPolygon", "coordinates": [[[[114.0452257, 22.5233352], [114.0453346, 22.5232894], [114.0453947, 22.5234333], [114.0452877, 22.5234774], [114.0452257, 22.5233352]]]]}}, {"type": "Feature", "id": "way/1056167248", "properties": {"tags": {"building": "apartments"}, "heightStatus": "unknown", "source": "OpenStreetMap", "license": "ODbL-1.0"}, "geometry": {"type": "MultiPolygon", "coordinates": [[[[114.0453146, 22.5234754], [114.045419, 22.5234321], [114.0454181, 22.5233961], [114.0455708, 22.5233428], [114.0456069, 22.5234541], [114.0453376, 22.5235351], [114.0453146, 22.5234754]]]]}}, {"type": "Feature", "id": "way/1056167249", "properties": {"tags": {"building": "apartments"}, "heightStatus": "unknown", "source": "OpenStreetMap", "license": "ODbL-1.0"}, "geometry": {"type": "MultiPolygon", "coordinates": [[[[114.0453462, 22.5232754], [114.0455199, 22.5232104], [114.0455644, 22.5233285], [114.045456, 22.5233734], [114.0454592, 22.5233811], [114.0453985, 22.5234021], [114.0453462, 22.5232754]]]]}}, {"type": "Feature", "id": "way/1056167250", "properties": {"tags": {"building": "apartments"}, "heightStatus": "unknown", "source": "OpenStreetMap", "license": "ODbL-1.0"}, "geometry": {"type": "MultiPolygon", "coordinates": [[[[114.0453719, 22.5231363], [114.0454779, 22.5230899], [114.045518, 22.5231785], [114.0454183, 22.5232229], [114.0453719, 22.5231363]]]]}}, {"type": "Feature", "id": "way/1056167251", "properties": {"tags": {"building": "apartments"}, "heightStatus": "unknown", "source": "OpenStreetMap", "license": "ODbL-1.0"}, "geometry": {"type": "MultiPolygon", "coordinates": [[[[114.0452984, 22.5231765], [114.045366, 22.5231437], [114.0454091, 22.5232292], [114.0453377, 22.5232592], [114.0452984, 22.5231765]]]]}}, {"type": "Feature", "id": "way/1056167252", "properties": {"tags": {"building": "apartments"}, "heightStatus": "unknown", "source": "OpenStreetMap", "license": "ODbL-1.0"}, "geometry": {"type": "MultiPolygon", "coordinates": [[[[114.0450895, 22.523248], [114.0452785, 22.5231628], [114.0453295, 22.5232591], [114.045165, 22.5233357], [114.0451534, 22.52334], [114.0451465, 22.5233374], [114.0451404, 22.5233314], [114.0450895, 22.523248]]]]}}, {"type": "Feature", "id": "way/1056167253", "properties": {"tags": {"building": "apartments"}, "heightStatus": "unknown", "source": "OpenStreetMap", "license": "ODbL-1.0"}, "geometry": {"type": "MultiPolygon", "coordinates": [[[[114.0451766, 22.5230571], [114.0452608, 22.5230139], [114.045329, 22.5231282], [114.0452465, 22.5231693], [114.0451766, 22.5230571]]]]}}, {"type": "Feature", "id": "way/1056167254", "properties": {"tags": {"building": "apartments"}, "heightStatus": "unknown", "source": "OpenStreetMap", "license": "ODbL-1.0"}, "geometry": {"type": "MultiPolygon", "coordinates": [[[[114.0452799, 22.5230112], [114.0454046, 22.5229523], [114.0454754, 22.5230803], [114.0453507, 22.5231391], [114.0452799, 22.5230112]]]]}}, {"type": "Feature", "id": "way/1056167256", "properties": {"tags": {"building": "apartments", "name": "294栋"}, "heightStatus": "unknown", "source": "OpenStreetMap", "license": "ODbL-1.0"}, "geometry": {"type": "MultiPolygon", "coordinates": [[[[114.0462183, 22.5242541], [114.0462573, 22.5241515], [114.0464029, 22.524195], [114.0463713, 22.5242907], [114.0462183, 22.5242541]]]]}}, {"type": "Feature", "id": "way/1056167257", "properties": {"tags": {"building": "apartments", "name": "293栋"}, "heightStatus": "unknown", "source": "OpenStreetMap", "license": "ODbL-1.0"}, "geometry": {"type": "MultiPolygon", "coordinates": [[[[114.0463882, 22.5242962], [114.0464441, 22.5241257], [114.0465522, 22.5241576], [114.0464927, 22.524322], [114.0463882, 22.5242962]]]]}}, {"type": "Feature", "id": "way/1056167258", "properties": {"tags": {"building": "apartments", "name": "295栋"}, "heightStatus": "unknown", "source": "OpenStreetMap", "license": "ODbL-1.0"}, "geometry": {"type": "MultiPolygon", "coordinates": [[[[114.0461088, 22.5242113], [114.0461411, 22.5241291], [114.0462456, 22.5241583], [114.0462154, 22.5242452], [114.0461088, 22.5242113]]]]}}, {"type": "Feature", "id": "way/1056167259", "properties": {"tags": {"building": "apartments", "name": "290栋"}, "heightStatus": "unknown", "source": "OpenStreetMap", "license": "ODbL-1.0"}, "geometry": {"type": "MultiPolygon", "coordinates": [[[[114.0466611, 22.5243709], [114.0467163, 22.524216], [114.0468237, 22.5242561], [114.0467733, 22.5244092], [114.0466611, 22.5243709]]]]}}, {"type": "Feature", "id": "way/1056167261", "properties": {"tags": {"building": "apartments"}, "heightStatus": "unknown", "source": "OpenStreetMap", "license": "ODbL-1.0"}, "geometry": {"type": "MultiPolygon", "coordinates": [[[[114.0455798, 22.5252285], [114.045581, 22.5251524], [114.0466249, 22.5251664], [114.0466235, 22.525253], [114.0465646, 22.5252522], [114.046564, 22.5252879], [114.046624, 22.5252887], [114.0466229, 22.5253563], [114.0455834, 22.5253428], [114.0455845, 22.525272], [114.0456317, 22.5252726], [114.0456324, 22.5252292], [114.0455798, 22.5252285]]]]}}, {"type": "Feature", "id": "way/1056167262", "properties": {"tags": {"building": "apartments", "name": "2栋"}, "heightStatus": "unknown", "source": "OpenStreetMap", "license": "ODbL-1.0"}, "geometry": {"type": "MultiPolygon", "coordinates": [[[[114.0455609, 22.5250025], [114.0455618, 22.524941], [114.0456467, 22.524942], [114.0456471, 22.5249155], [114.0456024, 22.524915], [114.0456034, 22.5248415], [114.0457566, 22.5248433], [114.0457556, 22.5249174], [114.045718, 22.5249169], [114.0457176, 22.5249509], [114.0458543, 22.5249526], [114.0458547, 22.5249255], [114.0458213, 22.5249251], [114.0458224, 22.5248454], [114.0459726, 22.5248472], [114.0459715, 22.524926], [114.0459372, 22.5249256], [114.0459369, 22.5249472], [114.0459961, 22.5249478], [114.0459953, 22.5250076], [114.0455609, 22.5250025]]]]}}, {"type": "Feature", "id": "way/1056167263", "properties": {"tags": {"building": "apartments", "name": "1栋"}, "heightStatus": "unknown", "source": "OpenStreetMap", "license": "ODbL-1.0"}, "geometry": {"type": "MultiPolygon", "coordinates": [[[[114.0460392, 22.5248618], [114.0461589, 22.5248611], [114.046159, 22.5248829], [114.0462815, 22.5248823], [114.0462814, 22.5248558], [114.04634, 22.5248555], [114.0463401, 22.5248764], [114.0464255, 22.5248761], [114.0464255, 22.524859], [114.0465074, 22.5248588], [114.0465074, 22.5248792], [114.0465728, 22.5248792], [114.0465728, 22.5249273], [114.0465251, 22.5249273], [114.0465251, 22.5249633], [114.0465515, 22.5249634], [114.0465514, 22.5250081], [114.0464115, 22.5250076], [114.0464117, 22.5249583], [114.0464545, 22.5249596], [114.0464542, 22.5249294], [114.0463456, 22.5249265], [114.0463466, 22.5249583], [114.0463726, 22.524959], [114.0463729, 22.5250101], [114.0463405, 22.5250083], [114.0463406, 22.524993], [114.0463119, 22.5249926], [114.0463123, 22.5249656], [114.0462831, 22.5249652], [114.0462827, 22.5249936], [114.0462561, 22.5249932], [114.0462559, 22.5250056], [114.0462248, 22.5250051], [114.0462255, 22.5249596], [114.046265, 22.5249578], [114.0462653, 22.5249259], [114.0461646, 22.5249285], [114.0461655, 22.5249589], [114.046189, 22.5249583], [114.0461906, 22.5250096], [114.0461537, 22.5250106], [114.0461533, 22.5249965], [114.0461292, 22.5249971], [114.0461284, 22.5249722], [114.046111, 22.5249727], [114.0461116, 22.5249923], [114.0460862, 22.524993], [114.046087, 22.5250033], [114.0460551, 22.525004], [114.0460548, 22.5249595], [114.0460881, 22.5249593], [114.0460878, 22.5249233], [114.0460397, 22.5249237], [114.0460392, 22.5248618]]]]}}, {"type": "Feature", "id": "way/1058469103", "properties": {"tags": {"building": "apartments", "name": "253栋"}, "heightStatus": "unknown", "source": "OpenStreetMap", "license": "ODbL-1.0"}, "geometry": {"type": "MultiPolygon", "coordinates": [[[[114.0456369, 22.5233806], [114.0457904, 22.5233587], [114.0458117, 22.5234863], [114.0456583, 22.5235082], [114.0456369, 22.5233806]]]]}}, {"type": "Feature", "id": "way/1058469105", "properties": {"tags": {"barrier": "toll_booth", "building": "yes"}, "heightStatus": "unknown", "source": "OpenStreetMap", "license": "ODbL-1.0"}, "geometry": {"type": "MultiPolygon", "coordinates": [[[[114.0472482, 22.5245343], [114.0472747, 22.5245341], [114.0472751, 22.5245776], [114.0472486, 22.5245778], [114.0472482, 22.5245343]]]]}}, {"type": "Feature", "id": "way/1058469106", "properties": {"tags": {"building:levels": "4", "building:part": "yes", "level": "3"}, "heightStatus": "levels_only_unverified", "source": "OpenStreetMap", "license": "ODbL-1.0"}, "geometry": {"type": "MultiPolygon", "coordinates": [[[[114.0475372, 22.5232258], [114.0475548, 22.5225761], [114.0483762, 22.5226692], [114.0483675, 22.5232344], [114.0481989, 22.5232338], [114.0478429, 22.5232273], [114.0475372, 22.5232258]]]]}}, {"type": "Feature", "id": "way/1058469109", "properties": {"tags": {"building:levels": "4", "building:part": "yes", "level": "3"}, "heightStatus": "levels_only_unverified", "source": "OpenStreetMap", "license": "ODbL-1.0"}, "geometry": {"type": "MultiPolygon", "coordinates": [[[[114.0476082, 22.5246666], [114.0476218, 22.5234457], [114.047838, 22.5234549], [114.048194, 22.5234615], [114.0483495, 22.5234633], [114.0483255, 22.5240777], [114.0483184, 22.5241284], [114.0483021, 22.524196], [114.0482462, 22.5243537], [114.0482381, 22.5243829], [114.04823, 22.524687], [114.0476082, 22.5246666]]]]}}, {"type": "Feature", "id": "way/1058469110", "properties": {"tags": {"building:levels": "4", "building:part": "yes", "level": "3", "min_level": "1"}, "heightStatus": "levels_only_unverified", "source": "OpenStreetMap", "license": "ODbL-1.0"}, "geometry": {"type": "MultiPolygon", "coordinates": [[[[114.047838, 22.5234549], [114.0478411, 22.5233113], [114.047842, 22.5232659], [114.0478429, 22.5232273], [114.0481989, 22.5232338], [114.0481981, 22.5232707], [114.0481972, 22.5233158], [114.048194, 22.5234615], [114.047838, 22.5234549]]]]}}, {"type": "Feature", "id": "way/1058469111", "properties": {"tags": {"building": "yes", "name": "福民天虹商场", "shop": "mall"}, "heightStatus": "unknown", "source": "OpenStreetMap", "license": "ODbL-1.0"}, "geometry": {"type": "MultiPolygon", "coordinates": [[[[114.0474803, 22.5253903], [114.0474869, 22.5249806], [114.0476989, 22.5249855], [114.0476996, 22.5249554], [114.0477868, 22.5249569], [114.0477929, 22.524947], [114.047898, 22.5249482], [114.0480642, 22.5249503], [114.0480705, 22.5249611], [114.0480701, 22.5249744], [114.0481851, 22.5249752], [114.0481846, 22.5250598], [114.0483032, 22.5250614], [114.0483018, 22.5253971], [114.0478801, 22.5253936], [114.0474803, 22.5253903]]]]}}, {"type": "Feature", "id": "way/1058469112", "properties": {"tags": {"building": "apartments", "name": "284栋"}, "heightStatus": "unknown", "source": "OpenStreetMap", "license": "ODbL-1.0"}, "geometry": {"type": "MultiPolygon", "coordinates": [[[[114.045683, 22.5236644], [114.045838, 22.523648], [114.0458469, 22.5237484], [114.0458296, 22.5238441], [114.0457633, 22.5238534], [114.0457159, 22.5237762], [114.0457092, 22.523735], [114.0456936, 22.523737], [114.045683, 22.5236644]]]]}}, {"type": "Feature", "id": "way/1058469113", "properties": {"tags": {"building": "apartments", "name": "216栋"}, "heightStatus": "unknown", "source": "OpenStreetMap", "license": "ODbL-1.0"}, "geometry": {"type": "MultiPolygon", "coordinates": [[[[114.0455505, 22.5230868], [114.0456852, 22.5230131], [114.0457782, 22.5231877], [114.0456349, 22.5232464], [114.0455505, 22.5230868]]]]}}, {"type": "Feature", "id": "way/1058469114", "properties": {"tags": {"building": "yes"}, "heightStatus": "unknown", "source": "OpenStreetMap", "license": "ODbL-1.0"}, "geometry": {"type": "MultiPolygon", "coordinates": [[[[114.0500824, 22.5219364], [114.050084, 22.5218123], [114.0506457, 22.5218167], [114.0506494, 22.521693], [114.0506507, 22.5216794], [114.0506543, 22.521667], [114.0506617, 22.5216568], [114.0506708, 22.5216484], [114.0506892, 22.5216371], [114.0507026, 22.5216331], [114.0507198, 22.5216292], [114.0507393, 22.5216308], [114.0507509, 22.5216348], [114.0507668, 22.5216433], [114.0507748, 22.5216512], [114.0507839, 22.5216613], [114.0507901, 22.5216704], [114.0507968, 22.5216805], [114.0507992, 22.5216935], [114.0507992, 22.5218268], [114.0508078, 22.5218313], [114.050817, 22.5218353], [114.0508243, 22.5218415], [114.0508292, 22.5218438], [114.0508958, 22.5218438], [114.0509032, 22.5219753], [114.0506403, 22.5219695], [114.0506394, 22.5219495], [114.0500824, 22.5219364]]]]}}, {"type": "Feature", "id": "way/1060059801", "properties": {"tags": {"building": "apartments", "name": "东方欣悦居"}, "heightStatus": "unknown", "source": "OpenStreetMap", "license": "ODbL-1.0"}, "geometry": {"type": "MultiPolygon", "coordinates": [[[[114.0486624, 22.5262019], [114.0487003, 22.5262019], [114.0487003, 22.5261138], [114.0488845, 22.5261139], [114.0488845, 22.5262], [114.0489886, 22.5262], [114.0489887, 22.5261183], [114.0491297, 22.5261183], [114.0491297, 22.5262064], [114.0491616, 22.5262064], [114.0491616, 22.526284], [114.0490952, 22.526284], [114.0490951, 22.5263607], [114.0489879, 22.5263606], [114.048988, 22.5262817], [114.0488639, 22.5262817], [114.0488639, 22.5263619], [114.0487188, 22.5263618], [114.0487189, 22.5262857], [114.0486624, 22.5262857], [114.0486624, 22.5262019]]]]}}, {"type": "Feature", "id": "way/1060059803", "properties": {"tags": {"building": "apartments"}, "heightStatus": "unknown", "source": "OpenStreetMap", "license": "ODbL-1.0"}, "geometry": {"type": "MultiPolygon", "coordinates": [[[[114.049697, 22.5263986], [114.0496983, 22.5263056], [114.0497574, 22.5263062], [114.0497575, 22.5262958], [114.0498416, 22.5262967], [114.0498414, 22.5263085], [114.0499644, 22.5263098], [114.0499645, 22.5263008], [114.0500497, 22.5263017], [114.0500495, 22.5263136], [114.0501278, 22.5263145], [114.0501279, 22.5263025], [114.0502159, 22.5263035], [114.0502157, 22.5263203], [114.0502522, 22.5263207], [114.0502511, 22.5264049], [114.049697, 22.5263986]]]]}}, {"type": "Feature", "id": "way/1060059810", "properties": {"tags": {"amenity": "shelter", "bench": "yes", "building": "yes", "lit": "yes", "shelter_type": "public_transport"}, "heightStatus": "unknown", "source": "OpenStreetMap", "license": "ODbL-1.0"}, "geometry": {"type": "MultiPolygon", "coordinates": [[[[114.0489363, 22.5256354], [114.0489368, 22.5255977], [114.0492259, 22.525601], [114.0492254, 22.5256387], [114.0489363, 22.5256354]]]]}}, {"type": "Feature", "id": "way/1060059811", "properties": {"tags": {"building": "apartments"}, "heightStatus": "unknown", "source": "OpenStreetMap", "license": "ODbL-1.0"}, "geometry": {"type": "MultiPolygon", "coordinates": [[[[114.0497065, 22.5266415], [114.0497077, 22.5265485], [114.0497668, 22.5265492], [114.049767, 22.5265387], [114.0498511, 22.5265397], [114.0498509, 22.5265515], [114.0499739, 22.5265528], [114.049974, 22.5265437], [114.0500591, 22.5265447], [114.050059, 22.5265566], [114.0501372, 22.5265575], [114.0501374, 22.5265455], [114.0502254, 22.5265465], [114.0502252, 22.5265633], [114.0502617, 22.5265637], [114.0502605, 22.5266479], [114.0497065, 22.5266415]]]]}}, {"type": "Feature", "id": "way/1060059812", "properties": {"tags": {"building": "apartments"}, "heightStatus": "unknown", "source": "OpenStreetMap", "license": "ODbL-1.0"}, "geometry": {"type": "MultiPolygon", "coordinates": [[[[114.0486234, 22.5267504], [114.0486252, 22.5266404], [114.048664, 22.5266409], [114.0486656, 22.5265423], [114.048773, 22.5265438], [114.0487713, 22.5266454], [114.0488455, 22.5266464], [114.048847, 22.5265504], [114.048968, 22.5265521], [114.0489665, 22.5266421], [114.0489988, 22.5266426], [114.048997, 22.5267555], [114.0486234, 22.5267504]]]]}}, {"type": "Feature", "id": "way/1060059827", "properties": {"tags": {"building": "apartments"}, "heightStatus": "unknown", "source": "OpenStreetMap", "license": "ODbL-1.0"}, "geometry": {"type": "MultiPolygon", "coordinates": [[[[114.0470388, 22.5262155], [114.047041, 22.5261164], [114.0470413, 22.5261118], [114.0470436, 22.5261082], [114.0470477, 22.5261041], [114.0470522, 22.5261018], [114.0470577, 22.5261011], [114.0470721, 22.5261015], [114.0470724, 22.5260852], [114.0471014, 22.5260857], [114.0471101, 22.5260823], [114.047125, 22.526077], [114.0471376, 22.5260727], [114.0471543, 22.5260699], [114.0471664, 22.5260662], [114.0471803, 22.5260649], [114.0472178, 22.5260645], [114.047232, 22.5260645], [114.0472435, 22.526066], [114.047258, 22.5260685], [114.0472734, 22.5260725], [114.0472848, 22.5260747], [114.0473042, 22.5260794], [114.0473116, 22.5260831], [114.0473353, 22.5260829], [114.047336, 22.5261127], [114.0473659, 22.5261162], [114.047364, 22.5262167], [114.0470388, 22.5262155]]]]}}, {"type": "Feature", "id": "way/1060059828", "properties": {"tags": {"building": "apartments"}, "heightStatus": "unknown", "source": "OpenStreetMap", "license": "ODbL-1.0"}, "geometry": {"type": "MultiPolygon", "coordinates": [[[[114.047364, 22.5262167], [114.0473659, 22.5261162], [114.0473955, 22.5261179], [114.0473965, 22.526088], [114.0474201, 22.5260884], [114.0474276, 22.5260848], [114.047447, 22.5260802], [114.0474584, 22.5260781], [114.0474738, 22.5260742], [114.0474884, 22.5260718], [114.0474999, 22.5260704], [114.0475141, 22.5260705], [114.0475516, 22.5260712], [114.0475655, 22.5260727], [114.0475776, 22.5260764], [114.0475942, 22.5260793], [114.0476068, 22.5260837], [114.0476217, 22.5260891], [114.0476304, 22.5260926], [114.0476399, 22.5260976], [114.0476497, 22.5261049], [114.0476501, 22.5261466], [114.0476495, 22.5262171], [114.047364, 22.5262167]]]]}}, {"type": "Feature", "id": "way/1060059829", "properties": {"tags": {"building": "commercial", "layer": "1"}, "heightStatus": "unknown", "source": "OpenStreetMap", "license": "ODbL-1.0"}, "geometry": {"type": "MultiPolygon", "coordinates": [[[[114.0480561, 22.5262166], [114.0480586, 22.5262009], [114.0480647, 22.526186], [114.0480743, 22.5261728], [114.0480868, 22.5261618], [114.0481016, 22.5261537], [114.048118, 22.5261488], [114.0481352, 22.5261473], [114.0481522, 22.5261494], [114.0481684, 22.5261549], [114.0481828, 22.5261636], [114.0481949, 22.526175], [114.0482039, 22.5261885], [114.0482094, 22.5262036], [114.0482112, 22.5262194], [114.0482091, 22.5262355], [114.0482032, 22.5262507], [114.0481937, 22.5262643], [114.0481812, 22.5262756], [114.0481662, 22.526284], [114.0481496, 22.5262891], [114.0481321, 22.5262906], [114.0481148, 22.5262885], [114.0480984, 22.5262828], [114.0480838, 22.5262739], [114.0480717, 22.5262621], [114.0480628, 22.5262482], [114.0480575, 22.5262328], [114.0480561, 22.5262166]]]]}}, {"type": "Feature", "id": "way/1060059830", "properties": {"tags": {"building": "commercial"}, "heightStatus": "unknown", "source": "OpenStreetMap", "license": "ODbL-1.0"}, "geometry": {"type": "MultiPolygon", "coordinates": [[[[114.0476699, 22.5261016], [114.0476736, 22.5260914], [114.047685, 22.5260802], [114.0476997, 22.5260716], [114.0477279, 22.526062], [114.04775, 22.5260542], [114.047799, 22.5260462], [114.0478583, 22.5260462], [114.0478959, 22.5260465], [114.047923, 22.5260477], [114.047974, 22.5260561], [114.0479975, 22.5260613], [114.0480169, 22.5260679], [114.0480437, 22.5260812], [114.0480411, 22.5261233], [114.0481262, 22.526122], [114.0481507, 22.5261211], [114.0481685, 22.5261227], [114.0481825, 22.5261282], [114.0481936, 22.5261363], [114.0482047, 22.5261493], [114.0482134, 22.5261666], [114.0482184, 22.5261837], [114.0482228, 22.5262038], [114.0482248, 22.5262335], [114.0482244, 22.526394], [114.0481825, 22.5263962], [114.0481811, 22.5263864], [114.0480654, 22.5263987], [114.0480635, 22.5263264], [114.0480451, 22.5263261], [114.0480289, 22.5263247], [114.0480186, 22.5263237], [114.0480061, 22.5263203], [114.0479969, 22.5263162], [114.0479892, 22.5263104], [114.0479833, 22.5263047], [114.0479763, 22.5262972], [114.047969, 22.5262884], [114.0479642, 22.5262785], [114.0479598, 22.526267], [114.0479594, 22.5262517], [114.0479598, 22.5262327], [114.0479395, 22.5262301], [114.0478999, 22.5262249], [114.0478593, 22.5262215], [114.0478305, 22.5262177], [114.0477963, 22.5262143], [114.0477427, 22.5262122], [114.0476723, 22.5262128], [114.0476699, 22.5261016]]]]}}, {"type": "Feature", "id": "way/1060059834", "properties": {"tags": {"building": "apartments", "building:levels": "32", "name": "明月大厦南座", "name:zh": "明月大厦南座"}, "heightStatus": "levels_only_unverified", "source": "OpenStreetMap", "license": "ODbL-1.0"}, "geometry": {"type": "MultiPolygon", "coordinates": [[[[114.0507355, 22.5270594], [114.0507379, 22.5269049], [114.0507945, 22.5269057], [114.0507953, 22.5268527], [114.0509546, 22.5268548], [114.0509538, 22.526908], [114.0510331, 22.5269091], [114.0510308, 22.5270615], [114.0509513, 22.5270604], [114.0509504, 22.5271148], [114.0507845, 22.5271125], [114.0507853, 22.52706], [114.0507355, 22.5270594]]]]}}, {"type": "Feature", "id": "way/1060059842", "properties": {"tags": {"building": "apartments"}, "heightStatus": "unknown", "source": "OpenStreetMap", "license": "ODbL-1.0"}, "geometry": {"type": "MultiPolygon", "coordinates": [[[[114.049713, 22.5261551], [114.0497143, 22.5260621], [114.0497734, 22.5260628], [114.0497735, 22.5260523], [114.0498576, 22.5260533], [114.0498574, 22.526065], [114.0499804, 22.5260664], [114.0499805, 22.5260573], [114.0500656, 22.5260583], [114.0500655, 22.5260702], [114.0501438, 22.526071], [114.0501439, 22.526059], [114.0502319, 22.52606], [114.0502317, 22.5260768], [114.0502682, 22.5260773], [114.0502671, 22.5261615], [114.049713, 22.5261551]]]]}}, {"type": "Feature", "id": "way/1061057668", "properties": {"tags": {"building": "apartments"}, "heightStatus": "unknown", "source": "OpenStreetMap", "license": "ODbL-1.0"}, "geometry": {"type": "MultiPolygon", "coordinates": [[[[114.0470361, 22.5194697], [114.0471231, 22.5194508], [114.0470996, 22.5193587], [114.0472266, 22.5193311], [114.047247, 22.519411], [114.0473195, 22.5193952], [114.047345, 22.5194951], [114.0470585, 22.5195575], [114.0470361, 22.5194697]]]]}}, {"type": "Feature", "id": "way/1061057669", "properties": {"tags": {"building": "apartments"}, "heightStatus": "unknown", "source": "OpenStreetMap", "license": "ODbL-1.0"}, "geometry": {"type": "MultiPolygon", "coordinates": [[[[114.0471851, 22.5198528], [114.0472722, 22.5198339], [114.0472487, 22.5197418], [114.0473757, 22.5197142], [114.0473961, 22.5197941], [114.0474686, 22.5197783], [114.047494, 22.5198781], [114.0472075, 22.5199405], [114.0471851, 22.5198528]]]]}}, {"type": "Feature", "id": "way/1061057670", "properties": {"tags": {"building": "yes"}, "heightStatus": "unknown", "source": "OpenStreetMap", "license": "ODbL-1.0"}, "geometry": {"type": "MultiPolygon", "coordinates": [[[[114.0473844, 22.5192685], [114.0474501, 22.519253], [114.0474421, 22.5192221], [114.0477273, 22.5191611], [114.0477381, 22.5192089], [114.04777, 22.5191801], [114.0478103, 22.5191552], [114.0478451, 22.519136], [114.0478674, 22.5191295], [114.047894, 22.5191273], [114.0479282, 22.519128], [114.047947, 22.5191291], [114.0479765, 22.5191341], [114.0480147, 22.5191452], [114.048, 22.5190932], [114.048289, 22.5190232], [114.0482944, 22.5190499], [114.0483956, 22.5190245], [114.0484177, 22.5190257], [114.0484372, 22.5190288], [114.0484539, 22.5190387], [114.0484667, 22.5190499], [114.0484767, 22.5190598], [114.0484808, 22.5190709], [114.0484855, 22.5190852], [114.0484848, 22.5190976], [114.0484814, 22.5191075], [114.0484747, 22.5191236], [114.0484653, 22.5191341], [114.0484513, 22.5191452], [114.0484338, 22.5191527], [114.0484177, 22.5191583], [114.0483917, 22.5191638], [114.04847, 22.5191735], [114.0484543, 22.5196518], [114.0476203, 22.5198519], [114.0475702, 22.5196704], [114.0475277, 22.5196761], [114.0475131, 22.51968], [114.0474639, 22.5195034], [114.047428, 22.5194351], [114.0474153, 22.5194004], [114.0474097, 22.5193763], [114.0474061, 22.519352], [114.0473844, 22.5192685]]]]}}, {"type": "Feature", "id": "way/1061057671", "properties": {"tags": {"addr:city": "深圳市", "addr:district": "福田区", "addr:postcode": "518048", "addr:province": "广东省", "addr:street": "福强路", "building": "apartments", "layer": "1"}, "heightStatus": "unknown", "source": "OpenStreetMap", "license": "ODbL-1.0"}, "geometry": {"type": "MultiPolygon", "coordinates": [[[[114.0475978, 22.5197238], [114.0476701, 22.5197073], [114.0476356, 22.519592], [114.0477977, 22.5195547], [114.0478251, 22.5196694], [114.0479211, 22.5196434], [114.0478878, 22.519531], [114.0480565, 22.5194922], [114.0480834, 22.5195999], [114.0481791, 22.5195822], [114.0481452, 22.5194636], [114.048279, 22.5194252], [114.0482864, 22.5194555], [114.0483154, 22.5194487], [114.0483318, 22.5195165], [114.0483443, 22.5195149], [114.0483542, 22.5195629], [114.0484206, 22.5195524], [114.0484434, 22.5196365], [114.048364, 22.519654], [114.048366, 22.5196653], [114.0483147, 22.5196783], [114.0483019, 22.5196649], [114.0482483, 22.5196771], [114.0482496, 22.5196854], [114.0482131, 22.5196943], [114.0482125, 22.5196905], [114.0481111, 22.5197139], [114.0481113, 22.5197267], [114.0480624, 22.519741], [114.0480552, 22.5197279], [114.0480046, 22.519738], [114.0480085, 22.519752], [114.0479628, 22.5197622], [114.0479573, 22.5197519], [114.0478619, 22.5197762], [114.0478602, 22.5197902], [114.0478141, 22.5198009], [114.0478088, 22.5197917], [114.0477489, 22.5198019], [114.0477489, 22.519812], [114.0477066, 22.5198203], [114.0477035, 22.5198134], [114.0476508, 22.5198238], [114.04764, 22.5197794], [114.0476125, 22.5197848], [114.0475978, 22.5197238]]]]}}, {"type": "Feature", "id": "way/1062575949", "properties": {"tags": {"building": "apartments"}, "heightStatus": "unknown", "source": "OpenStreetMap", "license": "ODbL-1.0"}, "geometry": {"type": "MultiPolygon", "coordinates": [[[[114.0451066, 22.524105], [114.0451434, 22.5240235], [114.0452824, 22.5240758], [114.0452449, 22.5241614], [114.0451066, 22.524105]]]]}}, {"type": "Feature", "id": "way/1062575950", "properties": {"tags": {"building": "apartments"}, "heightStatus": "unknown", "source": "OpenStreetMap", "license": "ODbL-1.0"}, "geometry": {"type": "MultiPolygon", "coordinates": [[[[114.0447938, 22.5240287], [114.0448425, 22.5239073], [114.0449236, 22.5239351], [114.044875, 22.5240564], [114.0447938, 22.5240287]]]]}}, {"type": "Feature", "id": "way/1062575951", "properties": {"tags": {"building": "apartments"}, "heightStatus": "unknown", "source": "OpenStreetMap", "license": "ODbL-1.0"}, "geometry": {"type": "MultiPolygon", "coordinates": [[[[114.0447123, 22.5239828], [114.0447516, 22.5238839], [114.0447833, 22.5238909], [114.0447882, 22.5238844], [114.04484, 22.5239], [114.044795, 22.5240093], [114.0447123, 22.5239828]]]]}}, {"type": "Feature", "id": "way/1062575952", "properties": {"tags": {"addr:housename": "益田名园", "addr:housename:zh": "益田名园", "building": "apartments", "name": "1栋", "name:zh": "1栋"}, "heightStatus": "unknown", "source": "OpenStreetMap", "license": "ODbL-1.0"}, "geometry": {"type": "MultiPolygon", "coordinates": [[[[114.045665, 22.5198486], [114.0458695, 22.5197459], [114.045988, 22.5196864], [114.0460136, 22.5197299], [114.0460024, 22.5197355], [114.0460162, 22.519759], [114.045953, 22.5197907], [114.0459771, 22.5198316], [114.0460486, 22.5197957], [114.0460756, 22.5198418], [114.0460593, 22.5198499], [114.046074, 22.5198748], [114.0459596, 22.5199322], [114.0459446, 22.5199067], [114.0458892, 22.5199346], [114.0459024, 22.5199569], [114.0457816, 22.5200175], [114.0457695, 22.5199969], [114.045711, 22.5200263], [114.0456702, 22.5199571], [114.0457155, 22.5199344], [114.045665, 22.5198486]]]]}}, {"type": "Feature", "id": "way/1062575953", "properties": {"tags": {"addr:housename": "益田名园", "addr:housename:zh": "益田名园", "building": "apartments", "name": "4栋", "name:zh": "4栋"}, "heightStatus": "unknown", "source": "OpenStreetMap", "license": "ODbL-1.0"}, "geometry": {"type": "MultiPolygon", "coordinates": [[[[114.0457645, 22.5208143], [114.0457789, 22.5207721], [114.0458681, 22.520798], [114.0458858, 22.5207461], [114.0458521, 22.5206812], [114.0459284, 22.520646], [114.0459588, 22.5207023], [114.0459794, 22.5207006], [114.0460017, 22.520703], [114.0460215, 22.5207129], [114.0460373, 22.5207252], [114.0460972, 22.5206951], [114.0461378, 22.5207644], [114.0460699, 22.5207997], [114.0460522, 22.5208516], [114.0461414, 22.5208776], [114.046127, 22.5209198], [114.0461051, 22.5209135], [114.0460941, 22.5209456], [114.0457754, 22.5208529], [114.0457864, 22.5208207], [114.0457645, 22.5208143]]]]}}, {"type": "Feature", "id": "way/1062575954", "properties": {"tags": {"building": "yes"}, "heightStatus": "unknown", "source": "OpenStreetMap", "license": "ODbL-1.0"}, "geometry": {"type": "MultiPolygon", "coordinates": [[[[114.0459878, 22.5201388], [114.0460402, 22.5201157], [114.0460967, 22.5201277], [114.0461224, 22.5201693], [114.04615, 22.5201563], [114.0462014, 22.5202359], [114.0461708, 22.5202539], [114.0461907, 22.5202907], [114.0461755, 22.5203365], [114.0461277, 22.5203605], [114.0459878, 22.5201388]]]]}}, {"type": "Feature", "id": "way/1062575955", "properties": {"tags": {"building": "yes", "layer": "1"}, "heightStatus": "unknown", "source": "OpenStreetMap", "license": "ODbL-1.0"}, "geometry": {"type": "MultiPolygon", "coordinates": [[[[114.0460427, 22.5202368], [114.0460459, 22.5202169], [114.0460555, 22.5201999], [114.0460705, 22.5201867], [114.0460892, 22.5201785], [114.0461098, 22.5201762], [114.0461301, 22.5201801], [114.046148, 22.5201897], [114.0461617, 22.5202041], [114.0461697, 22.5202218], [114.0461712, 22.5202409], [114.0461661, 22.5202594], [114.0461548, 22.5202755], [114.0461376, 22.5202879], [114.0461169, 22.5202944], [114.0460951, 22.520294], [114.0460747, 22.520287], [114.0460579, 22.520274], [114.0460468, 22.5202566], [114.0460427, 22.5202368]]]]}}, {"type": "Feature", "id": "way/1062575956", "properties": {"tags": {"addr:housename": "益田名园", "addr:housename:zh": "益田名园", "building": "apartments", "name": "3栋", "name:zh": "3栋"}, "heightStatus": "unknown", "source": "OpenStreetMap", "license": "ODbL-1.0"}, "geometry": {"type": "MultiPolygon", "coordinates": [[[[114.045519, 22.5203532], [114.0455894, 22.5203168], [114.0456287, 22.5203815], [114.0456696, 22.5203603], [114.0456454, 22.5203205], [114.045704, 22.5202902], [114.0458556, 22.52054], [114.0458031, 22.5205671], [114.0457811, 22.5205309], [114.0457359, 22.5205542], [114.0457696, 22.5206098], [114.0456974, 22.5206472], [114.045519, 22.5203532]]]]}}, {"type": "Feature", "id": "way/1077356115", "properties": {"tags": {"building": "apartments", "name": "297栋"}, "heightStatus": "unknown", "source": "OpenStreetMap", "license": "ODbL-1.0"}, "geometry": {"type": "MultiPolygon", "coordinates": [[[[114.0458521, 22.5241434], [114.0458785, 22.5240653], [114.0459828, 22.5240954], [114.0459564, 22.5241735], [114.0458521, 22.5241434]]]]}}, {"type": "Feature", "id": "way/1077356116", "properties": {"tags": {"building": "apartments", "name": "296栋"}, "heightStatus": "unknown", "source": "OpenStreetMap", "license": "ODbL-1.0"}, "geometry": {"type": "MultiPolygon", "coordinates": [[[[114.0459663, 22.524171], [114.0459945, 22.5240932], [114.0461323, 22.5241357], [114.0461041, 22.5242136], [114.0459663, 22.524171]]]]}}, {"type": "Feature", "id": "way/1077356117", "properties": {"tags": {"building": "apartments", "name": "202栋"}, "heightStatus": "unknown", "source": "OpenStreetMap", "license": "ODbL-1.0"}, "geometry": {"type": "MultiPolygon", "coordinates": [[[[114.0457867, 22.5227982], [114.045864, 22.5227562], [114.045929, 22.5228583], [114.0458517, 22.5229003], [114.0457867, 22.5227982]]]]}}, {"type": "Feature", "id": "way/1077356118", "properties": {"tags": {"building": "apartments", "name": "254栋"}, "heightStatus": "unknown", "source": "OpenStreetMap", "license": "ODbL-1.0"}, "geometry": {"type": "MultiPolygon", "coordinates": [[[[114.0464489, 22.5236784], [114.0464999, 22.5235028], [114.0465966, 22.5235239], [114.0465427, 22.5237], [114.0464489, 22.5236784]]]]}}, {"type": "Feature", "id": "way/1077356120", "properties": {"tags": {"building": "apartments", "name": "317栋"}, "heightStatus": "unknown", "source": "OpenStreetMap", "license": "ODbL-1.0"}, "geometry": {"type": "MultiPolygon", "coordinates": [[[[114.0469274, 22.5239264], [114.046975, 22.5238085], [114.0471169, 22.5238574], [114.0470692, 22.5239753], [114.0469274, 22.5239264]]]]}}, {"type": "Feature", "id": "way/1077356121", "properties": {"tags": {"building": "apartments", "name": "321-2栋"}, "heightStatus": "unknown", "source": "OpenStreetMap", "license": "ODbL-1.0"}, "geometry": {"type": "MultiPolygon", "coordinates": [[[[114.0469746, 22.5238039], [114.046997, 22.523748], [114.0472409, 22.5238314], [114.0472167, 22.5238927], [114.0469746, 22.5238039]]]]}}, {"type": "Feature", "id": "way/1077356122", "properties": {"tags": {"building": "apartments", "name": "247-3栋"}, "heightStatus": "unknown", "source": "OpenStreetMap", "license": "ODbL-1.0"}, "geometry": {"type": "MultiPolygon", "coordinates": [[[[114.0466952, 22.5230639], [114.0467263, 22.5230587], [114.0467856, 22.5231289], [114.0467036, 22.5231435], [114.0466952, 22.5230639]]]]}}, {"type": "Feature", "id": "way/1077356123", "properties": {"tags": {"building": "apartments", "name": "229栋"}, "heightStatus": "unknown", "source": "OpenStreetMap", "license": "ODbL-1.0"}, "geometry": {"type": "MultiPolygon", "coordinates": [[[[114.0463418, 22.5229889], [114.0464165, 22.5229553], [114.0464639, 22.5230431], [114.0463888, 22.5230749], [114.0463418, 22.5229889]]]]}}, {"type": "Feature", "id": "way/1077356124", "properties": {"tags": {"building": "apartments"}, "heightStatus": "unknown", "source": "OpenStreetMap", "license": "ODbL-1.0"}, "geometry": {"type": "MultiPolygon", "coordinates": [[[[114.046894, 22.5240869], [114.0469214, 22.5239638], [114.0470444, 22.5239856], [114.0470427, 22.5240304], [114.0470199, 22.5241112], [114.046894, 22.5240869]]]]}}, {"type": "Feature", "id": "way/1077356125", "properties": {"tags": {"building": "apartments"}, "heightStatus": "unknown", "source": "OpenStreetMap", "license": "ODbL-1.0"}, "geometry": {"type": "MultiPolygon", "coordinates": [[[[114.0468705, 22.5242192], [114.0468915, 22.5241041], [114.0470105, 22.5241197], [114.0469997, 22.5242325], [114.0468705, 22.5242192]]]]}}, {"type": "Feature", "id": "way/1077356128", "properties": {"tags": {"building": "apartments", "name": "244栋"}, "heightStatus": "unknown", "source": "OpenStreetMap", "license": "ODbL-1.0"}, "geometry": {"type": "MultiPolygon", "coordinates": [[[[114.0469117, 22.5233593], [114.047067, 22.5233331], [114.0470847, 22.5234225], [114.0469293, 22.5234487], [114.0469117, 22.5233593]]]]}}, {"type": "Feature", "id": "way/1077356129", "properties": {"tags": {"building": "apartments", "name": "245栋"}, "heightStatus": "unknown", "source": "OpenStreetMap", "license": "ODbL-1.0"}, "geometry": {"type": "MultiPolygon", "coordinates": [[[[114.0468969, 22.5232414], [114.0470522, 22.5232153], [114.0470699, 22.5233046], [114.0469145, 22.5233308], [114.0468969, 22.5232414]]]]}}, {"type": "Feature", "id": "way/1077356130", "properties": {"tags": {"building": "apartments"}, "heightStatus": "unknown", "source": "OpenStreetMap", "license": "ODbL-1.0"}, "geometry": {"type": "MultiPolygon", "coordinates": [[[[114.0458555, 22.5236776], [114.0458797, 22.5236096], [114.0460263, 22.5236513], [114.0459714, 22.5237875], [114.0458591, 22.5237504], [114.0458555, 22.5236776]]]]}}, {"type": "Feature", "id": "way/1077356131", "properties": {"tags": {"building": "apartments", "name": "276栋"}, "heightStatus": "unknown", "source": "OpenStreetMap", "license": "ODbL-1.0"}, "geometry": {"type": "MultiPolygon", "coordinates": [[[[114.0467163, 22.5242028], [114.0467523, 22.5240745], [114.046852, 22.5241034], [114.0468114, 22.5242349], [114.0467163, 22.5242028]]]]}}, {"type": "Feature", "id": "way/1077356132", "properties": {"tags": {"building": "apartments", "name": "277栋"}, "heightStatus": "unknown", "source": "OpenStreetMap", "license": "ODbL-1.0"}, "geometry": {"type": "MultiPolygon", "coordinates": [[[[114.0465834, 22.5241695], [114.0466271, 22.5240342], [114.0467445, 22.5240712], [114.0466995, 22.5242011], [114.0465834, 22.5241695]]]]}}, {"type": "Feature", "id": "way/1077356133", "properties": {"tags": {"building": "apartments", "name": "278栋"}, "heightStatus": "unknown", "source": "OpenStreetMap", "license": "ODbL-1.0"}, "geometry": {"type": "MultiPolygon", "coordinates": [[[[114.0464759, 22.5241253], [114.0465191, 22.5239875], [114.0466286, 22.5240186], [114.0465819, 22.5241562], [114.0464759, 22.5241253]]]]}}, {"type": "Feature", "id": "way/1077356134", "properties": {"tags": {"building": "apartments", "name": "285栋"}, "heightStatus": "unknown", "source": "OpenStreetMap", "license": "ODbL-1.0"}, "geometry": {"type": "MultiPolygon", "coordinates": [[[[114.0462848, 22.5241397], [114.0463161, 22.5240442], [114.0464519, 22.5240847], [114.0464172, 22.524184], [114.0462848, 22.5241397]]]]}}, {"type": "Feature", "id": "way/1077356135", "properties": {"tags": {"building": "apartments", "name": "279栋"}, "heightStatus": "unknown", "source": "OpenStreetMap", "license": "ODbL-1.0"}, "geometry": {"type": "MultiPolygon", "coordinates": [[[[114.0463551, 22.5240402], [114.0463879, 22.5239498], [114.0465164, 22.523992], [114.0464845, 22.5240789], [114.0463551, 22.5240402]]]]}}, {"type": "Feature", "id": "way/1077356136", "properties": {"tags": {"building": "apartments", "name": "280栋"}, "heightStatus": "unknown", "source": "OpenStreetMap", "license": "ODbL-1.0"}, "geometry": {"type": "MultiPolygon", "coordinates": [[[[114.0462775, 22.5240142], [114.0463265, 22.5238835], [114.0463971, 22.5239034], [114.0463464, 22.5240353], [114.0462775, 22.5240142]]]]}}, {"type": "Feature", "id": "way/1077356137", "properties": {"tags": {"building": "apartments", "name": "266栋"}, "heightStatus": "unknown", "source": "OpenStreetMap", "license": "ODbL-1.0"}, "geometry": {"type": "MultiPolygon", "coordinates": [[[[114.0464427, 22.5238374], [114.0464663, 22.5237719], [114.0464956, 22.523691], [114.0465686, 22.5237104], [114.0465416, 22.5237753], [114.0465827, 22.5237876], [114.0465534, 22.5238723], [114.0464427, 22.5238374]]]]}}, {"type": "Feature", "id": "way/1077356138", "properties": {"tags": {"building": "apartments", "name": "286栋"}, "heightStatus": "unknown", "source": "OpenStreetMap", "license": "ODbL-1.0"}, "geometry": {"type": "MultiPolygon", "coordinates": [[[[114.0462025, 22.5241171], [114.0462399, 22.5240219], [114.0463155, 22.5240447], [114.0462825, 22.5241403], [114.0462025, 22.5241171]]]]}}, {"type": "Feature", "id": "way/1077356139", "properties": {"tags": {"building": "apartments", "name": "287栋"}, "heightStatus": "unknown", "source": "OpenStreetMap", "license": "ODbL-1.0"}, "geometry": {"type": "MultiPolygon", "coordinates": [[[[114.0461073, 22.5241112], [114.0461515, 22.5239925], [114.0462349, 22.524019], [114.0461907, 22.5241377], [114.0461073, 22.5241112]]]]}}, {"type": "Feature", "id": "way/1077356140", "properties": {"tags": {"building": "apartments", "name": "288栋"}, "heightStatus": "unknown", "source": "OpenStreetMap", "license": "ODbL-1.0"}, "geometry": {"type": "MultiPolygon", "coordinates": [[[[114.0460057, 22.5240744], [114.0460507, 22.5239495], [114.0461428, 22.5239778], [114.0460978, 22.5241027], [114.0460057, 22.5240744]]]]}}, {"type": "Feature", "id": "way/1077356141", "properties": {"tags": {"building": "apartments", "name": "289栋"}, "heightStatus": "unknown", "source": "OpenStreetMap", "license": "ODbL-1.0"}, "geometry": {"type": "MultiPolygon", "coordinates": [[[[114.0459098, 22.5240508], [114.0459592, 22.5239197], [114.0460403, 22.5239403], [114.0459926, 22.5240734], [114.0459098, 22.5240508]]]]}}, {"type": "Feature", "id": "way/1077356142", "properties": {"tags": {"building": "apartments"}, "heightStatus": "unknown", "source": "OpenStreetMap", "license": "ODbL-1.0"}, "geometry": {"type": "MultiPolygon", "coordinates": [[[[114.0471083, 22.523999], [114.0471581, 22.5238816], [114.0473063, 22.5239354], [114.0472563, 22.5240527], [114.0471083, 22.523999]]]]}}, {"type": "Feature", "id": "way/1077356143", "properties": {"tags": {"building": "apartments", "name": "311栋"}, "heightStatus": "unknown", "source": "OpenStreetMap", "license": "ODbL-1.0"}, "geometry": {"type": "MultiPolygon", "coordinates": [[[[114.0470209, 22.5241388], [114.0470519, 22.5240027], [114.0471424, 22.5240229], [114.047116, 22.5241548], [114.0470209, 22.5241388]]]]}}, {"type": "Feature", "id": "way/1077356144", "properties": {"tags": {"building": "apartments", "name": "264栋"}, "heightStatus": "unknown", "source": "OpenStreetMap", "license": "ODbL-1.0"}, "geometry": {"type": "MultiPolygon", "coordinates": [[[[114.0466854, 22.5239242], [114.0467183, 22.5238078], [114.0468314, 22.5238343], [114.046796, 22.5239505], [114.0466854, 22.5239242]]]]}}, {"type": "Feature", "id": "way/1077356145", "properties": {"tags": {"building": "apartments", "name": "265栋"}, "heightStatus": "unknown", "source": "OpenStreetMap", "license": "ODbL-1.0"}, "geometry": {"type": "MultiPolygon", "coordinates": [[[[114.0465632, 22.5238634], [114.0465951, 22.5237717], [114.0467076, 22.523805], [114.0466758, 22.5238967], [114.0465632, 22.5238634]]]]}}, {"type": "Feature", "id": "way/1077356146", "properties": {"tags": {"building": "apartments", "name": "292栋"}, "heightStatus": "unknown", "source": "OpenStreetMap", "license": "ODbL-1.0"}, "geometry": {"type": "MultiPolygon", "coordinates": [[[[114.0465206, 22.5243194], [114.0465581, 22.5241852], [114.0466386, 22.5242026], [114.0465882, 22.5243353], [114.0465206, 22.5243194]]]]}}, {"type": "Feature", "id": "way/1077356147", "properties": {"tags": {"building": "apartments", "name": "291"}, "heightStatus": "unknown", "source": "OpenStreetMap", "license": "ODbL-1.0"}, "geometry": {"type": "MultiPolygon", "coordinates": [[[[114.0465905, 22.5243299], [114.0466283, 22.5242333], [114.046699, 22.5242568], [114.0466613, 22.5243534], [114.0465905, 22.5243299]]]]}}, {"type": "Feature", "id": "way/1077356148", "properties": {"tags": {"building": "apartments", "name": "224栋"}, "heightStatus": "unknown", "source": "OpenStreetMap", "license": "ODbL-1.0"}, "geometry": {"type": "MultiPolygon", "coordinates": [[[[114.0459173, 22.523075], [114.046045, 22.5230133], [114.0461177, 22.5231276], [114.0460834, 22.5231374], [114.0460042, 22.5231507], [114.046, 22.52314], [114.0459727, 22.523146], [114.0459643, 22.5231314], [114.0459393, 22.5231396], [114.0459173, 22.523075]]]]}}, {"type": "Feature", "id": "way/1077356149", "properties": {"tags": {"building": "apartments", "name": "255栋"}, "heightStatus": "unknown", "source": "OpenStreetMap", "license": "ODbL-1.0"}, "geometry": {"type": "MultiPolygon", "coordinates": [[[[114.0463797, 22.523621], [114.0464159, 22.5235123], [114.046491, 22.5235295], [114.0464531, 22.5236391], [114.0463797, 22.523621]]]]}}, {"type": "Feature", "id": "way/1077356150", "properties": {"tags": {"building": "apartments", "name": "267栋"}, "heightStatus": "unknown", "source": "OpenStreetMap", "license": "ODbL-1.0"}, "geometry": {"type": "MultiPolygon", "coordinates": [[[[114.046753, 22.5240672], [114.0467844, 22.5239656], [114.0468878, 22.5239929], [114.0468564, 22.5240944], [114.046753, 22.5240672]]]]}}, {"type": "Feature", "id": "way/1077356151", "properties": {"tags": {"building": "apartments", "name": "270栋"}, "heightStatus": "unknown", "source": "OpenStreetMap", "license": "ODbL-1.0"}, "geometry": {"type": "MultiPolygon", "coordinates": [[[[114.0463912, 22.5239403], [114.046421, 22.5238441], [114.046539, 22.5238804], [114.046506, 22.5239732], [114.0463912, 22.5239403]]]]}}, {"type": "Feature", "id": "way/1077356152", "properties": {"tags": {"building": "apartments", "name": "269栋"}, "heightStatus": "unknown", "source": "OpenStreetMap", "license": "ODbL-1.0"}, "geometry": {"type": "MultiPolygon", "coordinates": [[[[114.0465162, 22.5239787], [114.0465542, 22.5238706], [114.0466668, 22.5239044], [114.0466289, 22.5240125], [114.0465162, 22.5239787]]]]}}, {"type": "Feature", "id": "way/1077356153", "properties": {"tags": {"building": "apartments", "name": "268栋"}, "heightStatus": "unknown", "source": "OpenStreetMap", "license": "ODbL-1.0"}, "geometry": {"type": "MultiPolygon", "coordinates": [[[[114.0466334, 22.5240224], [114.0466569, 22.5239459], [114.046758, 22.5239764], [114.0467342, 22.5240529], [114.0466334, 22.5240224]]]]}}, {"type": "Feature", "id": "way/1077356154", "properties": {"tags": {"building": "apartments", "name": "260栋"}, "heightStatus": "unknown", "source": "OpenStreetMap", "license": "ODbL-1.0"}, "geometry": {"type": "MultiPolygon", "coordinates": [[[[114.0462978, 22.5237473], [114.0463268, 22.5236539], [114.0464606, 22.5236945], [114.0464271, 22.5237883], [114.0462978, 22.5237473]]]]}}, {"type": "Feature", "id": "way/1077356155", "properties": {"tags": {"building": "apartments", "name": "271栋"}, "heightStatus": "unknown", "source": "OpenStreetMap", "license": "ODbL-1.0"}, "geometry": {"type": "MultiPolygon", "coordinates": [[[[114.0462299, 22.5238389], [114.0462626, 22.5237538], [114.0464027, 22.5237997], [114.04637, 22.5238848], [114.0462299, 22.5238389]]]]}}, {"type": "Feature", "id": "way/1077356156", "properties": {"tags": {"building": "apartments", "name": "281栋"}, "heightStatus": "unknown", "source": "OpenStreetMap", "license": "ODbL-1.0"}, "geometry": {"type": "MultiPolygon", "coordinates": [[[[114.0461645, 22.5239756], [114.0462055, 22.5238566], [114.0463119, 22.5238883], [114.0462701, 22.52401], [114.0461645, 22.5239756]]]]}}, {"type": "Feature", "id": "way/1077356157", "properties": {"tags": {"building": "apartments", "name": "211栋"}, "heightStatus": "unknown", "source": "OpenStreetMap", "license": "ODbL-1.0"}, "geometry": {"type": "MultiPolygon", "coordinates": [[[[114.0459768, 22.5228533], [114.0460536, 22.5228123], [114.0461277, 22.5229306], [114.0460509, 22.5229716], [114.0459768, 22.5228533]]]]}}, {"type": "Feature", "id": "way/1077356158", "properties": {"tags": {"building": "apartments", "name": "213栋"}, "heightStatus": "unknown", "source": "OpenStreetMap", "license": "ODbL-1.0"}, "geometry": {"type": "MultiPolygon", "coordinates": [[[[114.0458131, 22.522965], [114.0458613, 22.5229359], [114.0459122, 22.5230215], [114.0458613, 22.5230493], [114.0458131, 22.522965]]]]}}, {"type": "Feature", "id": "way/1077356159", "properties": {"tags": {"building": "apartments", "name": "214-2栋"}, "heightStatus": "unknown", "source": "OpenStreetMap", "license": "ODbL-1.0"}, "geometry": {"type": "MultiPolygon", "coordinates": [[[[114.0457422, 22.5231022], [114.0458545, 22.5230472], [114.0459094, 22.5231385], [114.045799, 22.5231928], [114.0457422, 22.5231022]]]]}}, {"type": "Feature", "id": "way/1077356160", "properties": {"tags": {"building": "apartments", "name": "214-1栋"}, "heightStatus": "unknown", "source": "OpenStreetMap", "license": "ODbL-1.0"}, "geometry": {"type": "MultiPolygon", "coordinates": [[[[114.045705, 22.5230155], [114.0457975, 22.5229614], [114.0458375, 22.5230315], [114.0457406, 22.5230825], [114.045705, 22.5230155]]]]}}, {"type": "Feature", "id": "way/1077356161", "properties": {"tags": {"building": "apartments", "name": "203栋"}, "heightStatus": "unknown", "source": "OpenStreetMap", "license": "ODbL-1.0"}, "geometry": {"type": "MultiPolygon", "coordinates": [[[[114.045663, 22.5228856], [114.0457825, 22.5228161], [114.0458395, 22.5229164], [114.0457221, 22.5229789], [114.045663, 22.5228856]]]]}}, {"type": "Feature", "id": "way/1091225918", "properties": {"tags": {"building": "yes"}, "heightStatus": "unknown", "source": "OpenStreetMap", "license": "ODbL-1.0"}, "geometry": {"type": "MultiPolygon", "coordinates": [[[[114.0515019, 22.5228238], [114.0516417, 22.5228163], [114.0516643, 22.5231751], [114.0515246, 22.5231827], [114.0515019, 22.5228238]]]]}}, {"type": "Feature", "id": "way/1095595906", "properties": {"tags": {"addr:city": "深圳市", "addr:district": "福田区", "addr:province": "广东省", "addr:street": "石厦街", "building": "yes", "name": "石厦时代广场", "shop": "mall"}, "heightStatus": "unknown", "source": "OpenStreetMap", "license": "ODbL-1.0"}, "geometry": {"type": "MultiPolygon", "coordinates": [[[[114.0475372, 22.5232258], [114.0475548, 22.5225761], [114.0483762, 22.5226692], [114.0483675, 22.5232344], [114.0481989, 22.5232338], [114.0481981, 22.5232707], [114.0481972, 22.5233158], [114.048194, 22.5234615], [114.0483495, 22.5234633], [114.0483255, 22.5240777], [114.0483184, 22.5241284], [114.0483021, 22.524196], [114.0482462, 22.5243537], [114.0482381, 22.5243829], [114.04823, 22.524687], [114.0476082, 22.5246666], [114.0476218, 22.5234457], [114.047838, 22.5234549], [114.0478411, 22.5233113], [114.047842, 22.5232659], [114.0478429, 22.5232273], [114.0475372, 22.5232258]]]]}}, {"type": "Feature", "id": "way/1095595907", "properties": {"tags": {"building:levels": "3", "building:part": "yes", "max_level": "1", "min_level": "0"}, "heightStatus": "levels_only_unverified", "source": "OpenStreetMap", "license": "ODbL-1.0"}, "geometry": {"type": "MultiPolygon", "coordinates": [[[[114.0467527, 22.522319], [114.0469596, 22.5222074], [114.0473198, 22.522787], [114.0473073, 22.5230247], [114.0471785, 22.5230313], [114.0467527, 22.522319]]]]}}, {"type": "Feature", "id": "way/1095595908", "properties": {"tags": {"addr:city": "深圳市", "addr:district": "福田区", "addr:housenumber": "123", "addr:province": "广东省", "addr:street": "福民路", "amenity": "townhall", "building": "yes", "government": "administrative", "name": "福田区人民政府", "name:en": "People’s Government of Futien", "name:vi": "Chính quyền Nhân dân khu Phúc Điền", "office": "government", "townhall:type": "district"}, "heightStatus": "unknown", "source": "OpenStreetMap", "license": "ODbL-1.0"}, "geometry": {"type": "MultiPolygon", "coordinates": [[[[114.0496828, 22.5245016], [114.0496873, 22.524235], [114.0496873, 22.5241454], [114.0497073, 22.5240851], [114.0497465, 22.5240335], [114.0498011, 22.5239956], [114.0498658, 22.5239752], [114.0499341, 22.5239743], [114.0499993, 22.523993], [114.050055, 22.5240295], [114.0500984, 22.524085], [114.0501191, 22.5241507], [114.0501177, 22.5242413], [114.0501131, 22.5245079], [114.0496828, 22.5245016]]]]}}, {"type": "Feature", "id": "way/1097479630", "properties": {"tags": {"addr:city": "深圳市", "addr:district": "福田区", "addr:housenumber": "123", "addr:province": "广东省", "addr:street": "福民路", "building": "roof", "building:material": "masonry", "layer": "1"}, "heightStatus": "unknown", "source": "OpenStreetMap", "license": "ODbL-1.0"}, "geometry": {"type": "MultiPolygon", "coordinates": [[[[114.0497375, 22.5255946], [114.0497383, 22.5255174], [114.0500476, 22.5255203], [114.0500468, 22.5255975], [114.0497375, 22.5255946]]]]}}, {"type": "Feature", "id": "way/1097479635", "properties": {"tags": {"building": "yes"}, "heightStatus": "unknown", "source": "OpenStreetMap", "license": "ODbL-1.0"}, "geometry": {"type": "MultiPolygon", "coordinates": [[[[114.0499996, 22.5213498], [114.0500001, 22.5212606], [114.0502795, 22.5212619], [114.050279, 22.5213512], [114.0499996, 22.5213498]]]]}}, {"type": "Feature", "id": "way/1333332318", "properties": {"tags": {"addr:housename": "皇达·东方雅苑", "addr:housename:zh": "皇达·东方雅苑", "building": "apartments", "building:levels": "31"}, "heightStatus": "levels_only_unverified", "source": "OpenStreetMap", "license": "ODbL-1.0"}, "geometry": {"type": "MultiPolygon", "coordinates": [[[[114.0526052, 22.5264998], [114.052607, 22.5264195], [114.0526848, 22.526421], [114.0526869, 22.5263259], [114.0528227, 22.5263285], [114.0528206, 22.5264236], [114.0529313, 22.5264257], [114.0529295, 22.526506], [114.0528189, 22.5265039], [114.0528171, 22.526584], [114.0526812, 22.5265814], [114.052683, 22.5265013], [114.0526052, 22.5264998]]]]}}, {"type": "Feature", "id": "way/1333332319", "properties": {"tags": {"addr:housename": "皇达·东方雅苑", "addr:housename:zh": "皇达·东方雅苑", "building": "apartments", "building:levels": "31"}, "heightStatus": "levels_only_unverified", "source": "OpenStreetMap", "license": "ODbL-1.0"}, "geometry": {"type": "MultiPolygon", "coordinates": [[[[114.0518487, 22.5266284], [114.0518505, 22.5265481], [114.0519612, 22.5265502], [114.0519633, 22.5264551], [114.0520992, 22.5264576], [114.0520971, 22.5265527], [114.0521748, 22.5265542], [114.0521731, 22.5266345], [114.0520953, 22.526633], [114.0520935, 22.5267132], [114.0519576, 22.5267106], [114.0519594, 22.5266305], [114.0518487, 22.5266284]]]]}}, {"type": "Feature", "id": "way/1338561348", "properties": {"tags": {"building": "train_station", "building:levels": "0", "building:levels:underground": "2", "layer": "-1", "location": "underground", "name": "益田站", "name:en": "Yitian Station", "name:zh": "益田站", "public_transport": "station", "start_date": "2011-06-28", "wikidata": "Q6119959", "wikipedia": "zh:益田站 (深圳地铁)"}, "heightStatus": "levels_only_unverified", "source": "OpenStreetMap", "license": "ODbL-1.0"}, "geometry": {"type": "MultiPolygon", "coordinates": [[[[114.045225, 22.5177669], [114.0455558, 22.5176558], [114.0456819, 22.5179761], [114.045917, 22.5186065], [114.046016, 22.5185796], [114.0461678, 22.5187186], [114.0465105, 22.5186143], [114.0465349, 22.5186876], [114.0462013, 22.5187774], [114.0461931, 22.5188064], [114.0461004, 22.518806], [114.0460717, 22.5187239], [114.0460224, 22.5186677], [114.0459964, 22.5186743], [114.0461994, 22.5192139], [114.0462547, 22.5191956], [114.0462689, 22.5192425], [114.0466764, 22.5191178], [114.0466966, 22.5191782], [114.0463712, 22.5192699], [114.0462762, 22.5193184], [114.0462233, 22.5193134], [114.0461967, 22.5193188], [114.0462223, 22.5193926], [114.0462376, 22.5193877], [114.0462839, 22.5195283], [114.0459805, 22.5196204], [114.0459575, 22.5196055], [114.0458262, 22.5196423], [114.0458047, 22.5195819], [114.0458276, 22.5195712], [114.0457984, 22.5194862], [114.0455309, 22.5195818], [114.0455067, 22.5195295], [114.0458376, 22.5194198], [114.0458629, 22.5192915], [114.045955, 22.5192587], [114.0457606, 22.5187303], [114.0457438, 22.5187836], [114.0457373, 22.5189484], [114.0453927, 22.5190788], [114.0453673, 22.5190236], [114.0456704, 22.5189158], [114.0456784, 22.5188199], [114.0456492, 22.5188195], [114.0456513, 22.5187786], [114.0456902, 22.5187803], [114.0456929, 22.5187556], [114.0456507, 22.5187543], [114.0456569, 22.5187081], [114.0456967, 22.518709], [114.045745, 22.5186924], [114.0454968, 22.5180383], [114.0454461, 22.5180553], [114.0454165, 22.51798], [114.0453215, 22.5180119], [114.045225, 22.5177669]]]]}}, {"type": "Feature", "id": "way/1429641050", "properties": {"tags": {"addr:housename": "皇达·东方雅苑", "addr:housename:zh": "皇达·东方雅苑", "building": "apartments", "building:levels": "31"}, "heightStatus": "levels_only_unverified", "source": "OpenStreetMap", "license": "ODbL-1.0"}, "geometry": {"type": "MultiPolygon", "coordinates": [[[[114.0522809, 22.5264937], [114.0522827, 22.5264134], [114.0523933, 22.5264155], [114.0523954, 22.5263204], [114.0525313, 22.526323], [114.0525292, 22.5264181], [114.052607, 22.5264195], [114.0526052, 22.5264998], [114.0525274, 22.5264984], [114.0525256, 22.5265785], [114.0523898, 22.5265759], [114.0523915, 22.5264958], [114.0522809, 22.5264937]]]]}}, {"type": "Feature", "id": "way/1430129453", "properties": {"tags": {"addr:housenumber": "172", "addr:place": "皇岗新村一期", "building": "apartments"}, "heightStatus": "unknown", "source": "OpenStreetMap", "license": "ODbL-1.0"}, "geometry": {"type": "MultiPolygon", "coordinates": [[[[114.0540707, 22.5248852], [114.0540751, 22.5248074], [114.0541333, 22.5248102], [114.0541339, 22.5248], [114.054168, 22.5248016], [114.0541626, 22.5248984], [114.0541041, 22.5248956], [114.0541046, 22.5248869], [114.0540707, 22.5248852]]]]}}, {"type": "Feature", "id": "way/1430129474", "properties": {"tags": {"building": "hotel", "name": "加来·酒店", "name:en": "calais", "name:zh": "加来·酒店", "tourism": "hotel"}, "heightStatus": "unknown", "source": "OpenStreetMap", "license": "ODbL-1.0"}, "geometry": {"type": "MultiPolygon", "coordinates": [[[[114.0538985, 22.5227406], [114.0539087, 22.5226151], [114.05425, 22.5226386], [114.0542398, 22.5227641], [114.0538985, 22.5227406]]]]}}, {"type": "Feature", "id": "way/1430129485", "properties": {"tags": {"building": "apartments"}, "heightStatus": "unknown", "source": "OpenStreetMap", "license": "ODbL-1.0"}, "geometry": {"type": "MultiPolygon", "coordinates": [[[[114.0539889, 22.5230002], [114.0539898, 22.5229075], [114.0542795, 22.52291], [114.0542792, 22.5229376], [114.0544229, 22.5229388], [114.054424, 22.5228293], [114.0545257, 22.5228301], [114.0545243, 22.522977], [114.0544225, 22.5229761], [114.0544219, 22.5230334], [114.0542783, 22.5230321], [114.0542785, 22.5230027], [114.0539889, 22.5230002]]]]}}, {"type": "Feature", "id": "way/1430129500", "properties": {"tags": {"building": "apartments", "name": "16栋", "name:zh": "16栋"}, "heightStatus": "unknown", "source": "OpenStreetMap", "license": "ODbL-1.0"}, "geometry": {"type": "MultiPolygon", "coordinates": [[[[114.0517439, 22.5237684], [114.051936, 22.5236727], [114.0519795, 22.5237472], [114.0517874, 22.5238429], [114.0517439, 22.5237684]]]]}}, {"type": "Feature", "id": "way/1430129501", "properties": {"tags": {"building": "apartments", "name": "15栋", "name:zh": "15栋"}, "heightStatus": "unknown", "source": "OpenStreetMap", "license": "ODbL-1.0"}, "geometry": {"type": "MultiPolygon", "coordinates": [[[[114.0520646, 22.5236439], [114.0520661, 22.5235593], [114.0522843, 22.5235625], [114.0522828, 22.5236471], [114.0520646, 22.5236439]]]]}}, {"type": "Feature", "id": "way/1430129502", "properties": {"tags": {"building": "apartments", "name": "13栋", "name:zh": "13栋"}, "heightStatus": "unknown", "source": "OpenStreetMap", "license": "ODbL-1.0"}, "geometry": {"type": "MultiPolygon", "coordinates": [[[[114.0525011, 22.5236503], [114.0525025, 22.5235657], [114.0527207, 22.5235689], [114.0527193, 22.5236535], [114.0525011, 22.5236503]]]]}}, {"type": "Feature", "id": "way/1430129503", "properties": {"tags": {"building": "apartments", "name": "12栋", "name:zh": "12栋"}, "heightStatus": "unknown", "source": "OpenStreetMap", "license": "ODbL-1.0"}, "geometry": {"type": "MultiPolygon", "coordinates": [[[[114.0527193, 22.5236535], [114.0527207, 22.5235689], [114.052939, 22.5235721], [114.0529375, 22.5236567], [114.0527193, 22.5236535]]]]}}, {"type": "Feature", "id": "way/1430129504", "properties": {"tags": {"building": "apartments", "name": "11栋", "name:zh": "11栋"}, "heightStatus": "unknown", "source": "OpenStreetMap", "license": "ODbL-1.0"}, "geometry": {"type": "MultiPolygon", "coordinates": [[[[114.0535489, 22.5236657], [114.0535503, 22.5235811], [114.0537684, 22.5235843], [114.0537669, 22.5236689], [114.0535489, 22.5236657]]]]}}, {"type": "Feature", "id": "way/1430129505", "properties": {"tags": {"building": "apartments", "name": "10栋", "name:zh": "10栋"}, "heightStatus": "unknown", "source": "OpenStreetMap", "license": "ODbL-1.0"}, "geometry": {"type": "MultiPolygon", "coordinates": [[[[114.0537669, 22.5236689], [114.0537684, 22.5235843], [114.0539865, 22.5235875], [114.053985, 22.5236721], [114.0537669, 22.5236689]]]]}}, {"type": "Feature", "id": "way/1430129506", "properties": {"tags": {"building": "apartments", "name": "14栋", "name:zh": "14栋"}, "heightStatus": "unknown", "source": "OpenStreetMap", "license": "ODbL-1.0"}, "geometry": {"type": "MultiPolygon", "coordinates": [[[[114.0522828, 22.5236471], [114.0522843, 22.5235625], [114.0525025, 22.5235657], [114.0525011, 22.5236503], [114.0522828, 22.5236471]]]]}}, {"type": "Feature", "id": "way/1430129509", "properties": {"tags": {"addr:housename": "共和世家", "addr:housename:zh": "共和世家", "building": "apartments", "building:levels": "14", "name": "7栋", "name:zh": "7栋"}, "heightStatus": "levels_only_unverified", "source": "OpenStreetMap", "license": "ODbL-1.0"}, "geometry": {"type": "MultiPolygon", "coordinates": [[[[114.0532939, 22.5245166], [114.0533266, 22.5245069], [114.0533223, 22.5244946], [114.0533535, 22.5244853], [114.0533421, 22.5244527], [114.0533693, 22.5244446], [114.0533948, 22.5243987], [114.0533859, 22.5243729], [114.0534808, 22.5243447], [114.0534898, 22.5243705], [114.0535395, 22.5243941], [114.0535667, 22.5243861], [114.053578, 22.5244187], [114.0536092, 22.5244095], [114.0536135, 22.5244218], [114.0536462, 22.5244121], [114.0536832, 22.5244629], [114.0536539, 22.5244716], [114.0536608, 22.5244914], [114.0535812, 22.524515], [114.0535697, 22.5245095], [114.0535503, 22.5245445], [114.0534553, 22.5245727], [114.0534175, 22.5245547], [114.0534116, 22.5245653], [114.0533319, 22.5245889], [114.0533251, 22.5245691], [114.0533133, 22.5245726], [114.0532939, 22.5245166]]]]}}, {"type": "Feature", "id": "way/1430129510", "properties": {"tags": {"addr:housename": "共和世家", "addr:housename:zh": "共和世家", "building": "apartments", "building:levels": "14", "name": "8栋", "name:zh": "8栋"}, "heightStatus": "levels_only_unverified", "source": "OpenStreetMap", "license": "ODbL-1.0"}, "geometry": {"type": "MultiPolygon", "coordinates": [[[[114.0536412, 22.5242452], [114.0537053, 22.5241746], [114.0537278, 22.5241921], [114.0537835, 22.5241876], [114.0538019, 22.5241674], [114.0538303, 22.5241894], [114.0538513, 22.5241663], [114.0538621, 22.5241746], [114.0538817, 22.5241531], [114.0539404, 22.5241799], [114.053925, 22.5241969], [114.0539422, 22.5242102], [114.0538885, 22.5242694], [114.0538756, 22.5242704], [114.0538793, 22.5243096], [114.0538152, 22.5243801], [114.0537728, 22.5243835], [114.0537739, 22.5243954], [114.0537201, 22.5244546], [114.0537029, 22.5244412], [114.0536832, 22.5244629], [114.0536462, 22.5244121], [114.0536683, 22.5243878], [114.0536576, 22.5243794], [114.0536786, 22.5243563], [114.0536502, 22.5243343], [114.0536685, 22.5243141], [114.0536637, 22.5242626], [114.0536412, 22.5242452]]]]}}, {"type": "Feature", "id": "way/1430129511", "properties": {"tags": {"addr:housename": "共和世家", "addr:housename:zh": "共和世家", "building": "apartments", "building:levels": "14", "name": "5栋", "name:zh": "5栋"}, "heightStatus": "levels_only_unverified", "source": "OpenStreetMap", "license": "ODbL-1.0"}, "geometry": {"type": "MultiPolygon", "coordinates": [[[[114.0525343, 22.5241658], [114.0525948, 22.5241406], [114.052617, 22.5241649], [114.0526277, 22.5241565], [114.0526489, 22.5241795], [114.0526772, 22.5241574], [114.0526956, 22.5241774], [114.0527514, 22.5241817], [114.0527737, 22.5241641], [114.0528382, 22.5242344], [114.0528159, 22.5242519], [114.0528113, 22.5243034], [114.0528297, 22.5243235], [114.0528014, 22.5243457], [114.0528226, 22.5243687], [114.0528119, 22.5243771], [114.0528316, 22.5243986], [114.0527931, 22.5244475], [114.0527776, 22.5244307], [114.0527605, 22.5244441], [114.0527064, 22.5243852], [114.0527074, 22.5243733], [114.052665, 22.5243701], [114.0526005, 22.5242999], [114.052604, 22.5242607], [114.0525911, 22.5242597], [114.052537, 22.5242008], [114.0525542, 22.5241874], [114.0525343, 22.5241658]]]]}}, {"type": "Feature", "id": "way/1430129512", "properties": {"tags": {"addr:housename": "共和世家", "addr:housename:zh": "共和世家", "building": "apartments", "building:levels": "14", "name": "6栋", "name:zh": "6栋"}, "heightStatus": "levels_only_unverified", "source": "OpenStreetMap", "license": "ODbL-1.0"}, "geometry": {"type": "MultiPolygon", "coordinates": [[[[114.0527931, 22.5244475], [114.0528316, 22.5243986], [114.0528599, 22.5244093], [114.0528652, 22.5243973], [114.0528954, 22.5244088], [114.0529095, 22.5243771], [114.0529359, 22.5243871], [114.0529875, 22.5243672], [114.0529987, 22.5243421], [114.0530909, 22.5243772], [114.0530798, 22.5244022], [114.0531013, 22.5244499], [114.0531277, 22.5244599], [114.0531136, 22.5244916], [114.0531438, 22.5245031], [114.0531385, 22.5245151], [114.0531703, 22.5245272], [114.0531461, 22.5245816], [114.0531347, 22.5245772], [114.0531262, 22.5245964], [114.0530488, 22.5245671], [114.0530438, 22.5245561], [114.0530046, 22.5245712], [114.0529123, 22.5245362], [114.0528959, 22.5244999], [114.052884, 22.5245045], [114.0528067, 22.5244751], [114.0528152, 22.5244559], [114.0527931, 22.5244475]]]]}}, {"type": "Feature", "id": "way/1430129513", "properties": {"tags": {"addr:housename": "共和世家", "addr:housename:zh": "共和世家", "building": "apartments", "building:levels": "14", "name": "4栋", "name:zh": "4栋"}, "heightStatus": "levels_only_unverified", "source": "OpenStreetMap", "license": "ODbL-1.0"}, "geometry": {"type": "MultiPolygon", "coordinates": [[[[114.0524555, 22.5239399], [114.052481, 22.5239084], [114.0524707, 22.5239013], [114.0524588, 22.5238248], [114.0524811, 22.5238218], [114.0524794, 22.5238106], [114.0525424, 22.5238022], [114.0525472, 22.5238337], [114.0525611, 22.5238319], [114.0525658, 22.5238618], [114.0526025, 22.5238569], [114.0526065, 22.523883], [114.0526513, 22.523914], [114.0526803, 22.5239102], [114.0526944, 22.5240014], [114.0526654, 22.5240052], [114.0526318, 22.5240465], [114.0526359, 22.5240726], [114.0525991, 22.5240775], [114.0526038, 22.5241074], [114.0525899, 22.5241092], [114.0525948, 22.5241406], [114.0525343, 22.5241658], [114.05253, 22.5241377], [114.0525077, 22.5241406], [114.0524959, 22.5240642], [114.0525036, 22.5240546], [114.0524696, 22.524031], [114.0524555, 22.5239399]]]]}}, {"type": "Feature", "id": "way/1430132955", "properties": {"tags": {"addr:housename": "益田村", "addr:housename:zh": "益田村", "building": "apartments", "name": "116栋", "name:zh": "116栋"}, "heightStatus": "unknown", "source": "OpenStreetMap", "license": "ODbL-1.0"}, "geometry": {"type": "MultiPolygon", "coordinates": [[[[114.0445483, 22.5189358], [114.0446075, 22.5189111], [114.0445987, 22.5188931], [114.0448493, 22.5187883], [114.0448581, 22.5188062], [114.0448923, 22.5187919], [114.0449256, 22.5188597], [114.0448504, 22.5188911], [114.044865, 22.518921], [114.0449762, 22.5188745], [114.0450069, 22.5189371], [114.0449897, 22.5189443], [114.0450006, 22.5189665], [114.0446898, 22.5190966], [114.044682, 22.5190805], [114.0446298, 22.5191024], [114.0445961, 22.5190335], [114.044718, 22.5189824], [114.0447033, 22.5189526], [114.0445815, 22.5190036], [114.0445483, 22.5189358]]]]}}, {"type": "Feature", "id": "way/1430132956", "properties": {"tags": {"addr:housename": "益田村", "addr:housename:zh": "益田村", "building": "apartments", "name": "114栋", "name:zh": "114栋"}, "heightStatus": "unknown", "source": "OpenStreetMap", "license": "ODbL-1.0"}, "geometry": {"type": "MultiPolygon", "coordinates": [[[[114.0442888, 22.5184064], [114.0443474, 22.5183819], [114.0443387, 22.518364], [114.0445892, 22.5182592], [114.044598, 22.5182771], [114.0446323, 22.5182628], [114.0446655, 22.5183305], [114.0445903, 22.518362], [114.0446049, 22.5183918], [114.0447161, 22.5183453], [114.0447468, 22.5184079], [114.0447296, 22.5184151], [114.0447405, 22.5184374], [114.0444298, 22.5185674], [114.0444219, 22.5185514], [114.0443704, 22.518573], [114.0443366, 22.5185041], [114.0444579, 22.5184533], [114.0444433, 22.5184235], [114.0443221, 22.5184742], [114.0442888, 22.5184064]]]]}}, {"type": "Feature", "id": "way/1430132964", "properties": {"tags": {"addr:housename": "益田名园", "addr:housename:zh": "益田名园", "building": "apartments", "name": "5栋", "name:zh": "5栋"}, "heightStatus": "unknown", "source": "OpenStreetMap", "license": "ODbL-1.0"}, "geometry": {"type": "MultiPolygon", "coordinates": [[[[114.0460972, 22.5206951], [114.0461557, 22.5206658], [114.0461429, 22.520644], [114.0463443, 22.520543], [114.0463576, 22.5205658], [114.0463752, 22.5205569], [114.0464023, 22.520603], [114.0463722, 22.5206181], [114.0463963, 22.520659], [114.0464263, 22.5206439], [114.0464566, 22.5206954], [114.0464187, 22.5207144], [114.0464278, 22.5207299], [114.0462335, 22.5208274], [114.0461832, 22.5207417], [114.0461378, 22.5207644], [114.0460972, 22.5206951]]]]}}, {"type": "Feature", "id": "way/1430132965", "properties": {"tags": {"addr:housename": "益田名园", "addr:housename:zh": "益田名园", "building": "apartments", "name": "2栋", "name:zh": "2栋"}, "heightStatus": "unknown", "source": "OpenStreetMap", "license": "ODbL-1.0"}, "geometry": {"type": "MultiPolygon", "coordinates": [[[[114.0453927, 22.5201899], [114.0454817, 22.5198925], [114.0455169, 22.5199014], [114.045523, 22.519881], [114.0455693, 22.5198928], [114.0455444, 22.519976], [114.0456012, 22.5199906], [114.0456702, 22.5199571], [114.045711, 22.5200263], [114.0456511, 22.5200563], [114.0456537, 22.5200753], [114.0456519, 22.520096], [114.045642, 22.5201146], [114.0456292, 22.5201297], [114.0456638, 22.5201838], [114.0455904, 22.5202239], [114.0455498, 22.5201624], [114.0454929, 22.5201479], [114.045468, 22.5202312], [114.0454218, 22.5202194], [114.0454279, 22.5201989], [114.0453927, 22.5201899]]]]}}, {"type": "Feature", "id": "way/1430772712", "properties": {"tags": {"building": "school"}, "heightStatus": "unknown", "source": "OpenStreetMap", "license": "ODbL-1.0"}, "geometry": {"type": "MultiPolygon", "coordinates": [[[[114.0455477, 22.5269511], [114.0455498, 22.5265545], [114.0457887, 22.5265556], [114.0457868, 22.5269141], [114.0456863, 22.5269136], [114.0456861, 22.5269518], [114.0455477, 22.5269511]]]]}}, {"type": "Feature", "id": "way/1431608275", "properties": {"tags": {"addr:housename": "新天·石厦铭苑", "addr:housename:en": "Xintian Shixia Mingyuan", "addr:housename:zh": "新天·石厦铭苑", "building": "apartments", "building:levels": "40", "name": "2A栋", "name:en": "Block 2A", "name:zh": "2A栋"}, "heightStatus": "levels_only_unverified", "source": "OpenStreetMap", "license": "ODbL-1.0"}, "geometry": {"type": "MultiPolygon", "coordinates": [[[[114.0452814, 22.5224586], [114.0455159, 22.5223386], [114.0456183, 22.5225094], [114.0455929, 22.5225223], [114.0456074, 22.5225465], [114.0455275, 22.5225874], [114.0454943, 22.522532], [114.0454452, 22.5225572], [114.0454784, 22.5226125], [114.0453982, 22.5226535], [114.0452814, 22.5224586]]]]}}, {"type": "Feature", "id": "way/1431608276", "properties": {"tags": {"addr:housename": "新天·石厦铭苑", "addr:housename:en": "Xintian Shixia Mingyuan", "addr:housename:zh": "新天·石厦铭苑", "building": "apartments", "building:levels": "40", "name": "2C栋", "name:en": "Block 2C", "name:zh": "2C栋"}, "heightStatus": "levels_only_unverified", "source": "OpenStreetMap", "license": "ODbL-1.0"}, "geometry": {"type": "MultiPolygon", "coordinates": [[[[114.0464537, 22.5217946], [114.0466798, 22.5216616], [114.0467933, 22.5218262], [114.0467689, 22.5218406], [114.0467849, 22.5218639], [114.0467079, 22.5219092], [114.0466711, 22.5218558], [114.0466238, 22.5218837], [114.0466605, 22.521937], [114.0465832, 22.5219825], [114.0464537, 22.5217946]]]]}}, {"type": "Feature", "id": "way/1431608277", "properties": {"tags": {"addr:housename": "新天·石厦铭苑", "addr:housename:en": "Xintian Shixia Mingyuan", "addr:housename:zh": "新天·石厦铭苑", "building": "apartments", "building:levels": "40", "name": "1栋", "name:en": "Block 1", "name:zh": "1栋"}, "heightStatus": "levels_only_unverified", "source": "OpenStreetMap", "license": "ODbL-1.0"}, "geometry": {"type": "MultiPolygon", "coordinates": [[[[114.04507, 22.5219644], [114.0452603, 22.5219178], [114.0452714, 22.5219564], [114.0452526, 22.521961], [114.0452596, 22.5219854], [114.045222, 22.5219946], [114.0452336, 22.5220352], [114.0454434, 22.5219839], [114.0454317, 22.5219432], [114.0453941, 22.5219524], [114.0453871, 22.521928], [114.0453683, 22.5219326], [114.0453572, 22.5218941], [114.0455475, 22.5218475], [114.0455586, 22.521886], [114.0455398, 22.5218906], [114.0455468, 22.521915], [114.0455092, 22.5219242], [114.0455209, 22.5219649], [114.0455953, 22.5219467], [114.045625, 22.5220503], [114.0455427, 22.5220705], [114.0455349, 22.5220436], [114.0451861, 22.5221291], [114.0451938, 22.5221559], [114.0451115, 22.5221761], [114.0450817, 22.5220724], [114.0451561, 22.5220542], [114.0451444, 22.5220136], [114.0451068, 22.5220228], [114.0450998, 22.5219984], [114.045081, 22.522003], [114.04507, 22.5219644]]]]}}, {"type": "Feature", "id": "way/1431608278", "properties": {"tags": {"addr:housename": "新天·石厦铭苑", "addr:housename:en": "Xintian Shixia Mingyuan", "addr:housename:zh": "新天·石厦铭苑", "building": "apartments", "building:levels": "40", "name": "2B栋", "name:en": "Block 2B", "name:zh": "2B栋"}, "heightStatus": "levels_only_unverified", "source": "OpenStreetMap", "license": "ODbL-1.0"}, "geometry": {"type": "MultiPolygon", "coordinates": [[[[114.0457961, 22.5221814], [114.0459628, 22.5220846], [114.0459858, 22.5221183], [114.0459693, 22.5221279], [114.0459839, 22.5221493], [114.0459509, 22.5221684], [114.045976, 22.5222053], [114.0461597, 22.5220986], [114.0461355, 22.522063], [114.0461025, 22.5220821], [114.046088, 22.5220608], [114.0460715, 22.5220703], [114.0460486, 22.5220366], [114.0462152, 22.5219397], [114.0462382, 22.5219735], [114.0462217, 22.5219831], [114.0462363, 22.5220044], [114.0462034, 22.5220235], [114.0462276, 22.5220592], [114.0462928, 22.5220213], [114.0463546, 22.5221121], [114.0462824, 22.522154], [114.0462664, 22.5221305], [114.045853, 22.5223706], [114.0458072, 22.5223034], [114.0459082, 22.5222447], [114.045883, 22.5222078], [114.0458501, 22.522227], [114.0458356, 22.5222056], [114.0458191, 22.5222152], [114.0457961, 22.5221814]]]]}}]}