{"type": "FeatureCollection", "features": [{"type": "Feature", "id": "way/544234095", "properties": {"tags": {"building": "apartments", "building:levels": "22", "layer": "1", "name": "新莲大厦", "name:zh": "新莲大厦"}, "heightStatus": "levels_only_unverified", "source": "OpenStreetMap", "license": "ODbL-1.0"}, "geometry": {"type": "MultiPolygon", "coordinates": [[[[114.0481965, 22.5642487], [114.0482468, 22.5641126], [114.0483302, 22.5641389], [114.0483617, 22.5640535], [114.0484988, 22.5640967], [114.0484676, 22.5641813], [114.0485589, 22.5642101], [114.0485086, 22.5643461], [114.0484182, 22.5643177], [114.0483866, 22.5644031], [114.0482495, 22.5643598], [114.0482807, 22.5642752], [114.0481965, 22.5642487]]]]}}, {"type": "Feature", "id": "way/544234096", "properties": {"tags": {"access": "permissive", "amenity": "parking", "building": "parking", "fee": "yes", "parking": "multi-storey", "supervised": "yes"}, "heightStatus": "unknown", "source": "OpenStreetMap", "license": "ODbL-1.0"}, "geometry": {"type": "MultiPolygon", "coordinates": [[[[114.0480955, 22.5644123], [114.048096, 22.5643868], [114.0482341, 22.5640132], [114.0483617, 22.5640535], [114.0484988, 22.5640967], [114.0485071, 22.5640743], [114.0487501, 22.5641508], [114.048664, 22.5643836], [114.0486426, 22.5644019], [114.0486171, 22.5644151], [114.0485891, 22.5644226], [114.04856, 22.5644239], [114.0481406, 22.564436], [114.0481133, 22.5644319], [114.0480955, 22.5644123]]]]}}, {"type": "Feature", "id": "way/678099509", "properties": {"tags": {"addr:housename": "梅林海关生活区", "addr:housename:en": "Meilin Customs Residential Area", "addr:housename:zh": "梅林海关生活区", "building": "apartments", "name": "3栋", "name:en": "Block 3", "name:zh": "3栋"}, "heightStatus": "unknown", "source": "OpenStreetMap", "license": "ODbL-1.0"}, "geometry": {"type": "MultiPolygon", "coordinates": [[[[114.0531715, 22.5636164], [114.0531723, 22.5634438], [114.05367, 22.5634456], [114.0536692, 22.5636182], [114.0531715, 22.5636164]]]]}}, {"type": "Feature", "id": "way/678099511", "properties": {"tags": {"building": "apartments"}, "heightStatus": "unknown", "source": "OpenStreetMap", "license": "ODbL-1.0"}, "geometry": {"type": "MultiPolygon", "coordinates": [[[[114.0527456, 22.5629992], [114.0527479, 22.5628938], [114.053035, 22.5628993], [114.0530342, 22.5629363], [114.0530327, 22.5630046], [114.0527456, 22.5629992]]]]}}, {"type": "Feature", "id": "way/678099513", "properties": {"tags": {"addr:housename": "梅林海关生活区", "addr:housename:en": "Meilin Customs Residential Area", "addr:housename:zh": "梅林海关生活区", "building": "apartments", "name": "1栋", "name:en": "Block 1", "name:zh": "1栋"}, "heightStatus": "unknown", "source": "OpenStreetMap", "license": "ODbL-1.0"}, "geometry": {"type": "MultiPolygon", "coordinates": [[[[114.0529523, 22.5632578], [114.0529528, 22.5631288], [114.0536254, 22.5631312], [114.0536249, 22.5632602], [114.0529523, 22.5632578]]]]}}, {"type": "Feature", "id": "way/678099514", "properties": {"tags": {"building": "yes"}, "heightStatus": "unknown", "source": "OpenStreetMap", "license": "ODbL-1.0"}, "geometry": {"type": "MultiPolygon", "coordinates": [[[[114.0522446, 22.5633274], [114.0522462, 22.5629645], [114.0526023, 22.5629658], [114.0526017, 22.5631116], [114.0523955, 22.5631109], [114.0523945, 22.5633585], [114.052294, 22.5633581], [114.0522941, 22.5633276], [114.0522446, 22.5633274]]]]}}, {"type": "Feature", "id": "way/678099515", "properties": {"tags": {"addr:housename": "新世界山月居", "addr:housename:en": "New World Shanyue Residences", "addr:housename:zh": "新世界山月居", "building": "apartments", "building:levels": "12", "name": "1栋", "name:en": "Block 1", "name:zh": "1栋"}, "heightStatus": "levels_only_unverified", "source": "OpenStreetMap", "license": "ODbL-1.0"}, "geometry": {"type": "MultiPolygon", "coordinates": [[[[114.0516512, 22.5630443], [114.0516995, 22.5630443], [114.0516995, 22.562949], [114.0517826, 22.562949], [114.0517826, 22.5629675], [114.0519731, 22.5629675], [114.0519731, 22.562949], [114.0520562, 22.562949], [114.0520562, 22.5630443], [114.0521045, 22.5630443], [114.0521045, 22.563136], [114.0519731, 22.563136], [114.0519731, 22.5630406], [114.0517826, 22.5630406], [114.0517826, 22.563136], [114.0516512, 22.563136], [114.0516512, 22.5630443]]]]}}, {"type": "Feature", "id": "way/678099516", "properties": {"tags": {"building": "yes"}, "heightStatus": "unknown", "source": "OpenStreetMap", "license": "ODbL-1.0"}, "geometry": {"type": "MultiPolygon", "coordinates": [[[[114.0540394, 22.5636311], [114.0540411, 22.5633905], [114.0541121, 22.5633909], [114.0541104, 22.5636316], [114.0540394, 22.5636311]]]]}}, {"type": "Feature", "id": "way/678099517", "properties": {"tags": {"building": "yes"}, "heightStatus": "unknown", "source": "OpenStreetMap", "license": "ODbL-1.0"}, "geometry": {"type": "MultiPolygon", "coordinates": [[[[114.0539416, 22.5641318], [114.0540026, 22.5641358], [114.0539939, 22.5642324], [114.0539416, 22.5642283], [114.0539416, 22.5641318]]]]}}, {"type": "Feature", "id": "way/678099518", "properties": {"tags": {"building": "roof"}, "heightStatus": "unknown", "source": "OpenStreetMap", "license": "ODbL-1.0"}, "geometry": {"type": "MultiPolygon", "coordinates": [[[[114.0534011, 22.5639972], [114.0535746, 22.5639857], [114.0535886, 22.5641664], [114.0534151, 22.5641779], [114.0534011, 22.5639972]]]]}}, {"type": "Feature", "id": "way/678099519", "properties": {"tags": {"building": "apartments", "building:levels": "33"}, "heightStatus": "levels_only_unverified", "source": "OpenStreetMap", "license": "ODbL-1.0"}, "geometry": {"type": "MultiPolygon", "coordinates": [[[[114.0522393, 22.5636735], [114.0523259, 22.5636118], [114.0523288, 22.5634859], [114.0524597, 22.5634886], [114.0524572, 22.5635964], [114.0527485, 22.5636023], [114.0527511, 22.5634945], [114.052882, 22.5634971], [114.052879, 22.563623], [114.0529625, 22.5636881], [114.052935, 22.5637182], [114.0529088, 22.5636977], [114.0528825, 22.5637265], [114.0528179, 22.5636761], [114.0523843, 22.5636673], [114.0523175, 22.563715], [114.0522925, 22.5636852], [114.0522653, 22.5637046], [114.0522393, 22.5636735]]]]}}, {"type": "Feature", "id": "way/678099520", "properties": {"tags": {"addr:housename": "青莲公寓", "addr:housename:en": "Qinglian Apartments", "addr:housename:zh": "青莲公寓", "building": "apartments", "building:levels": "26", "name": "B栋", "name:en": "Block B", "name:zh": "B栋"}, "heightStatus": "levels_only_unverified", "source": "OpenStreetMap", "license": "ODbL-1.0"}, "geometry": {"type": "MultiPolygon", "coordinates": [[[[114.052688, 22.564214], [114.0526882, 22.5640929], [114.0528252, 22.5640931], [114.0528253, 22.5640239], [114.0529512, 22.5640241], [114.052951, 22.5641993], [114.0528507, 22.5641992], [114.0528507, 22.5642142], [114.052688, 22.564214]]]]}}, {"type": "Feature", "id": "way/678099521", "properties": {"tags": {"addr:housename": "青莲公寓", "addr:housename:en": "Qinglian Apartments", "addr:housename:zh": "青莲公寓", "building": "apartments", "building:levels": "26", "name": "A栋", "name:en": "Block A", "name:zh": "A栋"}, "heightStatus": "levels_only_unverified", "source": "OpenStreetMap", "license": "ODbL-1.0"}, "geometry": {"type": "MultiPolygon", "coordinates": [[[[114.0522631, 22.5641958], [114.0522633, 22.5640206], [114.0523893, 22.5640207], [114.0523892, 22.5640899], [114.0525262, 22.56409], [114.0525261, 22.5642111], [114.0523634, 22.5642109], [114.0523634, 22.5641959], [114.0522631, 22.5641958]]]]}}, {"type": "Feature", "id": "way/678099522", "properties": {"tags": {"addr:housename": "新世界山月居", "addr:housename:en": "New World Shanyue Residences", "addr:housename:zh": "新世界山月居", "building": "apartments", "building:levels": "31", "name": "2栋", "name:en": "Block 2", "name:zh": "2栋"}, "heightStatus": "levels_only_unverified", "source": "OpenStreetMap", "license": "ODbL-1.0"}, "geometry": {"type": "MultiPolygon", "coordinates": [[[[114.0516834, 22.5634914], [114.0517223, 22.5634914], [114.0518162, 22.5634047], [114.0518162, 22.563375], [114.0519717, 22.563375], [114.0519717, 22.5634047], [114.0520656, 22.5634914], [114.0521045, 22.5634914], [114.0521045, 22.5635744], [114.0516834, 22.5635744], [114.0516834, 22.5634914]]]]}}, {"type": "Feature", "id": "way/678100746", "properties": {"tags": {"addr:housename": "莲丰雅苑二期", "addr:housename:en": "Lianfeng Court Phase 2", "addr:housename:zh": "莲丰雅苑二期", "building": "apartments", "building:levels": "34", "name": "2栋", "name:en": "Block 2", "name:zh": "2栋"}, "heightStatus": "levels_only_unverified", "source": "OpenStreetMap", "license": "ODbL-1.0"}, "geometry": {"type": "MultiPolygon", "coordinates": [[[[114.0514191, 22.5640555], [114.051913, 22.5640318], [114.0519102, 22.5639822], [114.0520828, 22.5639739], [114.0520858, 22.5640269], [114.0521031, 22.5640261], [114.0521104, 22.5641567], [114.0520784, 22.5641582], [114.0520821, 22.5642246], [114.0514303, 22.5642558], [114.0514191, 22.5640555]]]]}}, {"type": "Feature", "id": "way/678100747", "properties": {"tags": {"addr:housename": "莲丰雅苑二期", "addr:housename:en": "Lianfeng Court Phase 2", "addr:housename:zh": "莲丰雅苑二期", "building": "apartments", "building:levels": "34", "name": "1栋", "name:en": "Block 1", "name:zh": "1栋"}, "heightStatus": "levels_only_unverified", "source": "OpenStreetMap", "license": "ODbL-1.0"}, "geometry": {"type": "MultiPolygon", "coordinates": [[[[114.050736, 22.5640639], [114.0507749, 22.5640621], [114.050774, 22.5640458], [114.0509111, 22.5640392], [114.050912, 22.5640555], [114.0509897, 22.5640518], [114.0509888, 22.5640355], [114.0511259, 22.5640289], [114.0511269, 22.5640452], [114.0512046, 22.5640415], [114.0512037, 22.5640252], [114.0513408, 22.5640186], [114.0513417, 22.5640349], [114.0513806, 22.5640331], [114.0513922, 22.5642402], [114.0513533, 22.564242], [114.0513542, 22.5642571], [114.0512171, 22.5642637], [114.0512162, 22.5642486], [114.0511385, 22.5642523], [114.0511393, 22.5642674], [114.0510022, 22.564274], [114.0510014, 22.5642589], [114.0509237, 22.5642626], [114.0509245, 22.5642777], [114.0507874, 22.5642843], [114.0507865, 22.5642692], [114.0507477, 22.5642711], [114.050736, 22.5640639]]]]}}, {"type": "Feature", "id": "way/678100750", "properties": {"tags": {"addr:housename": "雨田村", "addr:housename:en": "Yutian Estate", "addr:housename:zh": "雨田村", "building": "apartments", "building:levels": "7", "name": "雨滋阁", "name:en": "Yuzi Tower", "name:zh": "雨滋阁"}, "heightStatus": "levels_only_unverified", "source": "OpenStreetMap", "license": "ODbL-1.0"}, "geometry": {"type": "MultiPolygon", "coordinates": [[[[114.0511918, 22.5630356], [114.0511928, 22.5629892], [114.0511933, 22.5629661], [114.051213, 22.5629665], [114.0512136, 22.5629365], [114.0513446, 22.5629389], [114.051344, 22.5629689], [114.0513829, 22.5629696], [114.0513835, 22.5629396], [114.0515145, 22.562942], [114.0515139, 22.562972], [114.0515333, 22.5629723], [114.0515318, 22.5630418], [114.0515124, 22.5630415], [114.051512, 22.5630585], [114.051381, 22.5630561], [114.0513814, 22.5630391], [114.0513425, 22.5630384], [114.0513421, 22.5630554], [114.0512111, 22.563053], [114.0512115, 22.563036], [114.0511918, 22.5630356]]]]}}, {"type": "Feature", "id": "way/678100751", "properties": {"tags": {"building": "yes"}, "heightStatus": "unknown", "source": "OpenStreetMap", "license": "ODbL-1.0"}, "geometry": {"type": "MultiPolygon", "coordinates": [[[[114.0502164, 22.5632566], [114.0502185, 22.5631552], [114.0503994, 22.5631585], [114.0503972, 22.5632599], [114.0502164, 22.5632566]]]]}}, {"type": "Feature", "id": "way/678100752", "properties": {"tags": {"addr:housename": "雨田村", "addr:housename:en": "Yutian Estate", "addr:housename:zh": "雨田村", "building": "apartments", "building:levels": "7", "name": "雨禾阁", "name:en": "Yuhe Tower", "name:zh": "雨禾阁"}, "heightStatus": "levels_only_unverified", "source": "OpenStreetMap", "license": "ODbL-1.0"}, "geometry": {"type": "MultiPolygon", "coordinates": [[[[114.0504233, 22.563261], [114.0504248, 22.5631915], [114.0504443, 22.5631918], [114.0504449, 22.5631618], [114.0505759, 22.5631642], [114.0505753, 22.5631942], [114.0506142, 22.5631949], [114.0506148, 22.5631649], [114.0507458, 22.5631673], [114.0507452, 22.5631973], [114.0507841, 22.563198], [114.0507847, 22.563168], [114.0509157, 22.5631704], [114.0509151, 22.5632004], [114.0509345, 22.5632007], [114.050933, 22.5632703], [114.0509136, 22.5632699], [114.0509132, 22.5632869], [114.0507822, 22.5632845], [114.0507826, 22.5632675], [114.0507437, 22.5632668], [114.0507433, 22.5632838], [114.0506123, 22.5632814], [114.0506127, 22.5632644], [114.0505738, 22.5632637], [114.0505734, 22.5632807], [114.0504424, 22.5632783], [114.0504428, 22.5632613], [114.0504233, 22.563261]]]]}}, {"type": "Feature", "id": "way/678100753", "properties": {"tags": {"addr:housename": "雨田村", "addr:housename:en": "Yutian Estate", "addr:housename:zh": "雨田村", "building": "apartments", "building:levels": "7", "name": "雨润阁", "name:en": "Yurun Tower", "name:zh": "雨润阁"}, "heightStatus": "levels_only_unverified", "source": "OpenStreetMap", "license": "ODbL-1.0"}, "geometry": {"type": "MultiPolygon", "coordinates": [[[[114.0510257, 22.5632712], [114.0510272, 22.5632017], [114.0510467, 22.563202], [114.0510473, 22.563172], [114.0511783, 22.5631744], [114.0511777, 22.5632044], [114.0512166, 22.5632051], [114.0512172, 22.5631751], [114.0513482, 22.5631775], [114.0513476, 22.5632075], [114.0513865, 22.5632082], [114.0513871, 22.5631782], [114.0515181, 22.5631806], [114.0515175, 22.5632106], [114.0515369, 22.563211], [114.0515355, 22.5632805], [114.051516, 22.5632801], [114.0515156, 22.5632972], [114.0513846, 22.5632948], [114.051385, 22.5632777], [114.0513461, 22.563277], [114.0513457, 22.5632941], [114.0512147, 22.5632917], [114.0512151, 22.5632747], [114.0511762, 22.5632739], [114.0511758, 22.563291], [114.0510448, 22.5632886], [114.0510452, 22.5632716], [114.0510257, 22.5632712]]]]}}, {"type": "Feature", "id": "way/678100755", "properties": {"tags": {"addr:housename": "雨田村", "addr:housename:en": "Yutian Estate", "addr:housename:zh": "雨田村", "building": "apartments", "building:levels": "12", "name": "雨花阁", "name:en": "Yuhua Tower", "name:zh": "雨花阁"}, "heightStatus": "levels_only_unverified", "source": "OpenStreetMap", "license": "ODbL-1.0"}, "geometry": {"type": "MultiPolygon", "coordinates": [[[[114.0498488, 22.5630146], [114.0498786, 22.5629368], [114.0499153, 22.5629488], [114.0499578, 22.5628382], [114.0501107, 22.5628883], [114.0500682, 22.5629989], [114.0501049, 22.5630109], [114.050075, 22.5630887], [114.0498488, 22.5630146]]]]}}, {"type": "Feature", "id": "way/678100756", "properties": {"tags": {"addr:housename": "雨田村", "addr:housename:en": "Yutian Estate", "addr:housename:zh": "雨田村", "building": "apartments", "building:levels": "12", "name": "雨山阁", "name:en": "Yushan Tower", "name:zh": "雨山阁"}, "heightStatus": "levels_only_unverified", "source": "OpenStreetMap", "license": "ODbL-1.0"}, "geometry": {"type": "MultiPolygon", "coordinates": [[[[114.049656, 22.56345], [114.0496727, 22.5634062], [114.049705, 22.5634168], [114.0497361, 22.5633358], [114.0497776, 22.5633494], [114.0498204, 22.5632377], [114.0499748, 22.5632883], [114.049932, 22.5634], [114.0499735, 22.5634136], [114.0499424, 22.5634945], [114.0499746, 22.5635051], [114.0499578, 22.5635488], [114.049656, 22.56345]]]]}}, {"type": "Feature", "id": "way/678100757", "properties": {"tags": {"addr:housename": "雨田村", "addr:housename:en": "Yutian Estate", "addr:housename:zh": "雨田村", "building": "apartments", "building:levels": "7", "name": "雨壮阁", "name:en": "Yuzhuang Tower", "name:zh": "雨壮阁"}, "heightStatus": "levels_only_unverified", "source": "OpenStreetMap", "license": "ODbL-1.0"}, "geometry": {"type": "MultiPolygon", "coordinates": [[[[114.0501156, 22.5635785], [114.0501169, 22.5635178], [114.0501558, 22.5635185], [114.0501566, 22.5634851], [114.0501371, 22.5634847], [114.0501377, 22.563455], [114.0501572, 22.5634554], [114.0501578, 22.5634263], [114.0501773, 22.5634267], [114.0501777, 22.5634057], [114.0502854, 22.5634077], [114.050285, 22.5634286], [114.0503044, 22.563429], [114.0503038, 22.5634581], [114.0503233, 22.5634584], [114.0503226, 22.5634881], [114.0503032, 22.5634878], [114.0503025, 22.5635212], [114.0503803, 22.5635226], [114.050381, 22.5634892], [114.0503615, 22.5634888], [114.0503622, 22.5634591], [114.0503816, 22.5634595], [114.0503822, 22.5634304], [114.0504017, 22.5634308], [114.0504021, 22.5634098], [114.0505099, 22.5634118], [114.0505094, 22.5634327], [114.0505289, 22.5634331], [114.0505282, 22.5634622], [114.0505477, 22.5634625], [114.0505471, 22.5634922], [114.0505276, 22.5634918], [114.0505269, 22.5635253], [114.0506047, 22.5635267], [114.0506054, 22.5634933], [114.050586, 22.5634929], [114.0505866, 22.5634632], [114.050606, 22.5634636], [114.0506067, 22.5634345], [114.0506261, 22.5634349], [114.0506266, 22.5634139], [114.0507343, 22.5634159], [114.0507338, 22.5634368], [114.0507533, 22.5634372], [114.0507527, 22.5634662], [114.0507721, 22.5634666], [114.0507715, 22.5634963], [114.050752, 22.5634959], [114.0507513, 22.5635294], [114.0507902, 22.5635301], [114.0507889, 22.5635907], [114.0501156, 22.5635785]]]]}}, {"type": "Feature", "id": "way/678100758", "properties": {"tags": {"addr:housename": "雨田村", "addr:housename:en": "Yutian Estate", "addr:housename:zh": "雨田村", "building": "apartments", "building:levels": "7", "name": "雨苗阁", "name:en": "Yumiao Tower", "name:zh": "雨苗阁"}, "heightStatus": "levels_only_unverified", "source": "OpenStreetMap", "license": "ODbL-1.0"}, "geometry": {"type": "MultiPolygon", "coordinates": [[[[114.0508515, 22.5635932], [114.0508528, 22.5635326], [114.0508917, 22.5635333], [114.0508925, 22.5634998], [114.050873, 22.5634995], [114.0508736, 22.5634698], [114.0508931, 22.5634701], [114.0508937, 22.563441], [114.0509132, 22.5634414], [114.0509136, 22.5634205], [114.0510213, 22.5634224], [114.0510209, 22.5634434], [114.0510403, 22.5634437], [114.0510397, 22.5634728], [114.0510592, 22.5634731], [114.0510585, 22.5635028], [114.0510391, 22.5635025], [114.0510384, 22.5635359], [114.0511162, 22.5635373], [114.0511169, 22.5635039], [114.0510974, 22.5635035], [114.0510981, 22.5634739], [114.0511175, 22.5634742], [114.0511181, 22.5634451], [114.0511376, 22.5634455], [114.051138, 22.5634245], [114.0512458, 22.5634265], [114.0512453, 22.5634475], [114.0512648, 22.5634478], [114.0512642, 22.5634769], [114.0512836, 22.5634772], [114.051283, 22.5635069], [114.0512635, 22.5635066], [114.0512628, 22.56354], [114.0513406, 22.5635414], [114.0513413, 22.563508], [114.0513219, 22.5635076], [114.0513225, 22.5634779], [114.051342, 22.5634783], [114.0513426, 22.5634492], [114.051362, 22.5634496], [114.0513625, 22.5634286], [114.0514702, 22.5634306], [114.0514698, 22.5634515], [114.0514892, 22.5634519], [114.0514886, 22.563481], [114.051508, 22.5634813], [114.0515074, 22.563511], [114.051488, 22.5635107], [114.0514872, 22.5635441], [114.0515261, 22.5635448], [114.0515248, 22.5636054], [114.0508515, 22.5635932]]]]}}, {"type": "Feature", "id": "way/678100759", "properties": {"tags": {"addr:housename": "莲丰花园", "addr:housename:en": "Lianfeng Garden", "addr:housename:zh": "莲丰花园", "building": "apartments", "building:levels": "8", "name": "6栋", "name:en": "Block 6", "name:zh": "6栋"}, "heightStatus": "levels_only_unverified", "source": "OpenStreetMap", "license": "ODbL-1.0"}, "geometry": {"type": "MultiPolygon", "coordinates": [[[[114.0514073, 22.563849], [114.0514462, 22.5638475], [114.0514446, 22.5638138], [114.0514252, 22.5638145], [114.0514217, 22.5637392], [114.0515855, 22.5637327], [114.051589, 22.5638081], [114.0515695, 22.5638088], [114.0515711, 22.5638426], [114.0516489, 22.5638395], [114.0516473, 22.5638057], [114.0516279, 22.5638065], [114.0516244, 22.5637312], [114.0517882, 22.5637247], [114.0517917, 22.5638], [114.0517723, 22.5638008], [114.0517738, 22.5638345], [114.0518127, 22.563833], [114.0518166, 22.5639162], [114.0514112, 22.5639323], [114.0514073, 22.563849]]]]}}, {"type": "Feature", "id": "way/678100760", "properties": {"tags": {"addr:housename": "莲丰花园", "addr:housename:en": "Lianfeng Garden", "addr:housename:zh": "莲丰花园", "building": "apartments", "building:levels": "8", "name": "5栋", "name:en": "Block 5", "name:zh": "5栋"}, "heightStatus": "levels_only_unverified", "source": "OpenStreetMap", "license": "ODbL-1.0"}, "geometry": {"type": "MultiPolygon", "coordinates": [[[[114.0510995, 22.5637771], [114.051361, 22.5637667], [114.0513677, 22.5639106], [114.0511061, 22.5639209], [114.0510995, 22.5637771]]]]}}, {"type": "Feature", "id": "way/678100761", "properties": {"tags": {"addr:housename": "莲丰花园", "addr:housename:en": "Lianfeng Garden", "addr:housename:zh": "莲丰花园", "building": "apartments", "building:levels": "8", "name": "4栋", "name:en": "Block 4", "name:zh": "4栋"}, "heightStatus": "levels_only_unverified", "source": "OpenStreetMap", "license": "ODbL-1.0"}, "geometry": {"type": "MultiPolygon", "coordinates": [[[[114.0506657, 22.5638418], [114.0507241, 22.5638395], [114.0507228, 22.5638119], [114.0506839, 22.5638135], [114.0506806, 22.5637428], [114.0507195, 22.5637412], [114.050719, 22.5637303], [114.0508055, 22.5637269], [114.050806, 22.5637378], [114.0508449, 22.5637362], [114.0508482, 22.563807], [114.0508093, 22.5638085], [114.0508106, 22.5638361], [114.0509272, 22.5638315], [114.0509259, 22.5638039], [114.0508871, 22.5638054], [114.0508838, 22.5637347], [114.0509227, 22.5637332], [114.0509222, 22.5637223], [114.0510087, 22.5637188], [114.0510092, 22.5637297], [114.0510481, 22.5637282], [114.0510514, 22.5637989], [114.0510125, 22.5638005], [114.0510138, 22.563828], [114.0510721, 22.5638257], [114.0510767, 22.563924], [114.0506703, 22.5639401], [114.0506657, 22.5638418]]]]}}, {"type": "Feature", "id": "way/678100762", "properties": {"tags": {"addr:housename": "莲丰花园", "addr:housename:en": "Lianfeng Garden", "addr:housename:zh": "莲丰花园", "building": "apartments", "building:levels": "8", "name": "3栋", "name:en": "Block 3", "name:zh": "3栋"}, "heightStatus": "levels_only_unverified", "source": "OpenStreetMap", "license": "ODbL-1.0"}, "geometry": {"type": "MultiPolygon", "coordinates": [[[[114.0500582, 22.5637363], [114.050572, 22.5637176], [114.0505778, 22.5638536], [114.050064, 22.5638723], [114.0500582, 22.5637363]]]]}}, {"type": "Feature", "id": "way/678100763", "properties": {"tags": {"addr:housename": "莲丰花园", "addr:housename:en": "Lianfeng Garden", "addr:housename:zh": "莲丰花园", "building": "apartments", "building:levels": "8", "name": "2栋", "name:en": "Block 2", "name:zh": "2栋"}, "heightStatus": "levels_only_unverified", "source": "OpenStreetMap", "license": "ODbL-1.0"}, "geometry": {"type": "MultiPolygon", "coordinates": [[[[114.0500789, 22.5639605], [114.0505888, 22.5639428], [114.0505941, 22.5640724], [114.0500842, 22.56409], [114.0500789, 22.5639605]]]]}}, {"type": "Feature", "id": "way/678100764", "properties": {"tags": {"addr:housename": "莲丰花园", "addr:housename:en": "Lianfeng Garden", "addr:housename:zh": "莲丰花园", "building": "apartments", "building:levels": "8", "name": "1栋", "name:en": "Block 1", "name:zh": "1栋"}, "heightStatus": "levels_only_unverified", "source": "OpenStreetMap", "license": "ODbL-1.0"}, "geometry": {"type": "MultiPolygon", "coordinates": [[[[114.0500937, 22.5641652], [114.0505951, 22.5641493], [114.0506008, 22.5643015], [114.0500994, 22.5643175], [114.0500937, 22.5641652]]]]}}, {"type": "Feature", "id": "way/678100765", "properties": {"tags": {"building": "apartments"}, "heightStatus": "unknown", "source": "OpenStreetMap", "license": "ODbL-1.0"}, "geometry": {"type": "MultiPolygon", "coordinates": [[[[114.0496922, 22.5641617], [114.0497116, 22.5641612], [114.0497108, 22.564131], [114.0497497, 22.5641301], [114.0497491, 22.5641091], [114.0499677, 22.5641041], [114.0499683, 22.5641251], [114.0500072, 22.5641242], [114.050008, 22.5641544], [114.0500274, 22.564154], [114.0500292, 22.5642194], [114.0500097, 22.5642199], [114.0500107, 22.5642543], [114.0499718, 22.5642552], [114.0499724, 22.564281], [114.0497539, 22.564286], [114.0497532, 22.5642602], [114.0497143, 22.5642611], [114.0497134, 22.5642267], [114.0496939, 22.5642271], [114.0496922, 22.5641617]]]]}}, {"type": "Feature", "id": "way/782971382", "properties": {"tags": {"amenity": "parking", "building": "yes", "covered": "yes"}, "heightStatus": "unknown", "source": "OpenStreetMap", "license": "ODbL-1.0"}, "geometry": {"type": "MultiPolygon", "coordinates": [[[[114.0450942, 22.5716319], [114.0451319, 22.5714031], [114.0456719, 22.5714771], [114.045669, 22.5715079], [114.0456648, 22.5715293], [114.0452369, 22.5714707], [114.0452079, 22.5716477], [114.0455963, 22.5719464], [114.0455171, 22.5719555], [114.0450942, 22.5716319]]]]}}, {"type": "Feature", "id": "way/782971383", "properties": {"tags": {"amenity": "parking_space", "building": "yes", "covered": "yes"}, "heightStatus": "unknown", "source": "OpenStreetMap", "license": "ODbL-1.0"}, "geometry": {"type": "MultiPolygon", "coordinates": [[[[114.0455177, 22.5718397], [114.0455362, 22.57157], [114.0455971, 22.5715742], [114.0455786, 22.5718439], [114.0455177, 22.5718397]]]]}}, {"type": "Feature", "id": "way/782971391", "properties": {"tags": {"building": "service"}, "heightStatus": "unknown", "source": "OpenStreetMap", "license": "ODbL-1.0"}, "geometry": {"type": "MultiPolygon", "coordinates": [[[[114.0482769, 22.5715002], [114.0482829, 22.5714625], [114.0483425, 22.5714719], [114.0483366, 22.5715096], [114.0482769, 22.5715002]]]]}}, {"type": "Feature", "id": "way/782971392", "properties": {"tags": {"building": "service"}, "heightStatus": "unknown", "source": "OpenStreetMap", "license": "ODbL-1.0"}, "geometry": {"type": "MultiPolygon", "coordinates": [[[[114.0483011, 22.5714234], [114.0483092, 22.5713673], [114.0483577, 22.5713742], [114.0483497, 22.5714304], [114.0483011, 22.5714234]]]]}}, {"type": "Feature", "id": "way/782971393", "properties": {"tags": {"building": "yes"}, "heightStatus": "unknown", "source": "OpenStreetMap", "license": "ODbL-1.0"}, "geometry": {"type": "MultiPolygon", "coordinates": [[[[114.0480189, 22.5712916], [114.0482395, 22.5712697], [114.0482471, 22.5713347], [114.0480264, 22.5713566], [114.0480189, 22.5712916]]]]}}, {"type": "Feature", "id": "way/782971395", "properties": {"tags": {"building": "yes"}, "heightStatus": "unknown", "source": "OpenStreetMap", "license": "ODbL-1.0"}, "geometry": {"type": "MultiPolygon", "coordinates": [[[[114.0482407, 22.5717043], [114.0482541, 22.571647], [114.0482934, 22.5716562], [114.0482801, 22.5717135], [114.0482407, 22.5717043]]]]}}, {"type": "Feature", "id": "way/782971396", "properties": {"tags": {"building": "yes"}, "heightStatus": "unknown", "source": "OpenStreetMap", "license": "ODbL-1.0"}, "geometry": {"type": "MultiPolygon", "coordinates": [[[[114.0482051, 22.5715772], [114.0482151, 22.5715328], [114.0482982, 22.5715515], [114.0483222, 22.5715568], [114.0483122, 22.5716013], [114.0482985, 22.5715982], [114.0482051, 22.5715772]]]]}}, {"type": "Feature", "id": "way/782971398", "properties": {"tags": {"building": "roof", "layer": "1"}, "heightStatus": "unknown", "source": "OpenStreetMap", "license": "ODbL-1.0"}, "geometry": {"type": "MultiPolygon", "coordinates": [[[[114.0457237, 22.5714986], [114.0457267, 22.5714658], [114.0457279, 22.5714526], [114.0458411, 22.571463], [114.0458399, 22.5714768], [114.0458369, 22.571509], [114.04582, 22.5715075], [114.0457404, 22.5715001], [114.0457237, 22.5714986]]]]}}, {"type": "Feature", "id": "way/782971399", "properties": {"tags": {"building": "yes"}, "heightStatus": "unknown", "source": "OpenStreetMap", "license": "ODbL-1.0"}, "geometry": {"type": "MultiPolygon", "coordinates": [[[[114.045669, 22.5715079], [114.0456719, 22.5714771], [114.0456734, 22.5714608], [114.0457267, 22.5714658], [114.0457237, 22.5714986], [114.0457404, 22.5715001], [114.0457391, 22.5715144], [114.045669, 22.5715079]]]]}}, {"type": "Feature", "id": "way/782971400", "properties": {"tags": {"building": "yes"}, "heightStatus": "unknown", "source": "OpenStreetMap", "license": "ODbL-1.0"}, "geometry": {"type": "MultiPolygon", "coordinates": [[[[114.0458188, 22.5715204], [114.04582, 22.5715075], [114.0458369, 22.571509], [114.0458399, 22.5714768], [114.0458944, 22.5714819], [114.0458943, 22.5714825], [114.0458901, 22.5715271], [114.0458188, 22.5715204]]]]}}, {"type": "Feature", "id": "way/782971401", "properties": {"tags": {"building": "roof", "layer": "1"}, "heightStatus": "unknown", "source": "OpenStreetMap", "license": "ODbL-1.0"}, "geometry": {"type": "MultiPolygon", "coordinates": [[[[114.0463574, 22.5715397], [114.0463579, 22.5715051], [114.0464492, 22.5715064], [114.0464487, 22.571541], [114.0463574, 22.5715397]]]]}}, {"type": "Feature", "id": "way/782971402", "properties": {"tags": {"building": "yes"}, "heightStatus": "unknown", "source": "OpenStreetMap", "license": "ODbL-1.0"}, "geometry": {"type": "MultiPolygon", "coordinates": [[[[114.0462441, 22.5717485], [114.0462442, 22.5717449], [114.0462446, 22.5717203], [114.0462854, 22.5717208], [114.046288, 22.5715387], [114.0463574, 22.5715397], [114.0464487, 22.571541], [114.0464561, 22.5715411], [114.046453, 22.5717515], [114.0464296, 22.5717512], [114.0462441, 22.5717485]]]]}}, {"type": "Feature", "id": "way/782971403", "properties": {"tags": {"building": "yes"}, "heightStatus": "unknown", "source": "OpenStreetMap", "license": "ODbL-1.0"}, "geometry": {"type": "MultiPolygon", "coordinates": [[[[114.0462428, 22.5718426], [114.0462432, 22.5718036], [114.0462441, 22.5717485], [114.0464296, 22.5717512], [114.0464282, 22.5718453], [114.0462428, 22.5718426]]]]}}, {"type": "Feature", "id": "way/782971404", "properties": {"tags": {"building": "yes", "layer": "1"}, "heightStatus": "unknown", "source": "OpenStreetMap", "license": "ODbL-1.0"}, "geometry": {"type": "MultiPolygon", "coordinates": [[[[114.0459921, 22.5718], [114.0459929, 22.5717444], [114.0459929, 22.571741], [114.0460143, 22.5717413], [114.0460541, 22.5717419], [114.0460821, 22.5717423], [114.0460812, 22.5718013], [114.0459921, 22.5718]]]]}}, {"type": "Feature", "id": "way/782971405", "properties": {"tags": {"building": "yes"}, "heightStatus": "unknown", "source": "OpenStreetMap", "license": "ODbL-1.0"}, "geometry": {"type": "MultiPolygon", "coordinates": [[[[114.0459901, 22.5716517], [114.0459904, 22.5716303], [114.0460889, 22.5716317], [114.0460886, 22.5716531], [114.0459901, 22.5716517]]]]}}, {"type": "Feature", "id": "way/782971406", "properties": {"tags": {"building": "yes"}, "heightStatus": "unknown", "source": "OpenStreetMap", "license": "ODbL-1.0"}, "geometry": {"type": "MultiPolygon", "coordinates": [[[[114.0458332, 22.5717978], [114.0458356, 22.5716495], [114.0459901, 22.5716517], [114.0460886, 22.5716531], [114.0462457, 22.5716553], [114.0462446, 22.5717203], [114.0462442, 22.5717449], [114.0462441, 22.5717485], [114.0462432, 22.5718036], [114.0462124, 22.5718032], [114.0460812, 22.5718013], [114.0459921, 22.5718], [114.0458332, 22.5717978]]]]}}, {"type": "Feature", "id": "way/782971407", "properties": {"tags": {"amenity": "parking_space", "building": "yes", "covered": "yes"}, "heightStatus": "unknown", "source": "OpenStreetMap", "license": "ODbL-1.0"}, "geometry": {"type": "MultiPolygon", "coordinates": [[[[114.0456376, 22.571893], [114.0456385, 22.5718377], [114.0461757, 22.5718464], [114.0461748, 22.5719017], [114.0456376, 22.571893]]]]}}, {"type": "Feature", "id": "way/782971422", "properties": {"tags": {"building": "roof", "layer": "1"}, "heightStatus": "unknown", "source": "OpenStreetMap", "license": "ODbL-1.0"}, "geometry": {"type": "MultiPolygon", "coordinates": [[[[114.0478106, 22.5715018], [114.0479285, 22.5715009], [114.047929, 22.5715587], [114.0478715, 22.5715591], [114.0478111, 22.5715596], [114.0478106, 22.5715018]]]]}}, {"type": "Feature", "id": "way/782971427", "properties": {"tags": {"building": "service"}, "heightStatus": "unknown", "source": "OpenStreetMap", "license": "ODbL-1.0"}, "geometry": {"type": "MultiPolygon", "coordinates": [[[[114.0472177, 22.5713944], [114.0472713, 22.5713921], [114.0472725, 22.5714185], [114.047219, 22.5714207], [114.0472183, 22.5714082], [114.0472177, 22.5713944]]]]}}, {"type": "Feature", "id": "way/782971428", "properties": {"tags": {"building": "roof", "layer": "1"}, "heightStatus": "unknown", "source": "OpenStreetMap", "license": "ODbL-1.0"}, "geometry": {"type": "MultiPolygon", "coordinates": [[[[114.0468549, 22.57141], [114.04703, 22.5713931], [114.047036, 22.5714459], [114.0468609, 22.5714628], [114.0468565, 22.5714245], [114.0468549, 22.57141]]]]}}, {"type": "Feature", "id": "way/782971429", "properties": {"tags": {"building": "service"}, "heightStatus": "unknown", "source": "OpenStreetMap", "license": "ODbL-1.0"}, "geometry": {"type": "MultiPolygon", "coordinates": [[[[114.0465762, 22.5714442], [114.0466756, 22.5714407], [114.0466773, 22.5714883], [114.046578, 22.5714918], [114.0465762, 22.5714442]]]]}}, {"type": "Feature", "id": "way/782971432", "properties": {"tags": {"amenity": "parking_space", "building": "yes", "covered": "yes"}, "heightStatus": "unknown", "source": "OpenStreetMap", "license": "ODbL-1.0"}, "geometry": {"type": "MultiPolygon", "coordinates": [[[[114.0467564, 22.5714905], [114.0472923, 22.5714506], [114.0472962, 22.5715036], [114.0467603, 22.5715435], [114.0467564, 22.5714905]]]]}}, {"type": "Feature", "id": "way/782971436", "properties": {"tags": {"building": "yes"}, "heightStatus": "unknown", "source": "OpenStreetMap", "license": "ODbL-1.0"}, "geometry": {"type": "MultiPolygon", "coordinates": [[[[114.0474914, 22.5716004], [114.0475557, 22.5715998], [114.0475554, 22.5715617], [114.0475921, 22.5715614], [114.0477607, 22.57156], [114.0478111, 22.5715596], [114.0478715, 22.5715591], [114.047929, 22.5715587], [114.0479743, 22.5715583], [114.0481531, 22.5715568], [114.0481869, 22.5715566], [114.0481873, 22.5715998], [114.0482443, 22.5715994], [114.0482447, 22.5716495], [114.0481877, 22.57165], [114.0481883, 22.5717209], [114.0480519, 22.571722], [114.0480222, 22.5717222], [114.0479758, 22.5717226], [114.0479078, 22.5717232], [114.0478318, 22.5717238], [114.0477623, 22.5717244], [114.0475567, 22.571726], [114.0475561, 22.5716562], [114.0474919, 22.5716567], [114.0474914, 22.5716004]]]]}}, {"type": "Feature", "id": "way/782971440", "properties": {"tags": {"building": "roof", "layer": "2"}, "heightStatus": "unknown", "source": "OpenStreetMap", "license": "ODbL-1.0"}, "geometry": {"type": "MultiPolygon", "coordinates": [[[[114.0474745, 22.5713699], [114.0475161, 22.5713692], [114.0475164, 22.5713837], [114.0475168, 22.5714015], [114.0474809, 22.5714022], [114.0474807, 22.5713958], [114.047475, 22.5713959], [114.0474745, 22.5713699]]]]}}, {"type": "Feature", "id": "way/782971441", "properties": {"tags": {"building": "roof", "layer": "1"}, "heightStatus": "unknown", "source": "OpenStreetMap", "license": "ODbL-1.0"}, "geometry": {"type": "MultiPolygon", "coordinates": [[[[114.0473547, 22.5713699], [114.0474745, 22.5713677], [114.0474745, 22.5713699], [114.0474751, 22.5714008], [114.0473553, 22.5714029], [114.0473547, 22.5713721], [114.0473547, 22.5713699]]]]}}, {"type": "Feature", "id": "way/782971442", "properties": {"tags": {"building": "roof", "layer": "1"}, "heightStatus": "unknown", "source": "OpenStreetMap", "license": "ODbL-1.0"}, "geometry": {"type": "MultiPolygon", "coordinates": [[[[114.0473096, 22.5713729], [114.0473547, 22.5713721], [114.0473552, 22.5713992], [114.0473429, 22.5713994], [114.047343, 22.5714042], [114.0473102, 22.5714049], [114.0473097, 22.571377], [114.0473096, 22.5713729]]]]}}, {"type": "Feature", "id": "way/782971443", "properties": {"tags": {"building": "yes"}, "heightStatus": "unknown", "source": "OpenStreetMap", "license": "ODbL-1.0"}, "geometry": {"type": "MultiPolygon", "coordinates": [[[[114.0465066, 22.5716252], [114.0465069, 22.5715116], [114.0465676, 22.5715116], [114.046659, 22.5715116], [114.0466601, 22.5716203], [114.0465752, 22.571626], [114.046512, 22.5716255], [114.0465066, 22.5716252]]]]}}, {"type": "Feature", "id": "way/782971444", "properties": {"tags": {"amenity": "parking_space", "building": "yes", "covered": "yes"}, "heightStatus": "unknown", "source": "OpenStreetMap", "license": "ODbL-1.0"}, "geometry": {"type": "MultiPolygon", "coordinates": [[[[114.0464904, 22.5719182], [114.0464909, 22.5719107], [114.046512, 22.5716255], [114.0465752, 22.571626], [114.0465519, 22.5719227], [114.0464904, 22.5719182]]]]}}, {"type": "Feature", "id": "way/782978101", "properties": {"tags": {"building": "yes"}, "heightStatus": "unknown", "source": "OpenStreetMap", "license": "ODbL-1.0"}, "geometry": {"type": "MultiPolygon", "coordinates": [[[[114.0478318, 22.5717238], [114.0479078, 22.5717232], [114.0479083, 22.571758], [114.0480226, 22.5717568], [114.0480222, 22.5717222], [114.0480519, 22.571722], [114.0480523, 22.5717565], [114.0480528, 22.5718007], [114.0479087, 22.5718023], [114.0479088, 22.5718069], [114.0478328, 22.5718077], [114.0478325, 22.5717739], [114.0478323, 22.5717589], [114.0478318, 22.5717238]]]]}}, {"type": "Feature", "id": "way/783018303", "properties": {"tags": {"building": "ruins"}, "heightStatus": "unknown", "source": "OpenStreetMap", "license": "ODbL-1.0"}, "geometry": {"type": "MultiPolygon", "coordinates": [[[[114.0447469, 22.5717516], [114.0450677, 22.5717609], [114.0450892, 22.5717615], [114.0450772, 22.5718777], [114.0450127, 22.5718742], [114.0448481, 22.5718123], [114.0447483, 22.5717631], [114.0447469, 22.5717516]]]]}}, {"type": "Feature", "id": "way/783018304", "properties": {"tags": {"building": "commercial"}, "heightStatus": "unknown", "source": "OpenStreetMap", "license": "ODbL-1.0"}, "geometry": {"type": "MultiPolygon", "coordinates": [[[[114.0447303, 22.5716551], [114.0447309, 22.5716138], [114.0447365, 22.571601], [114.0447455, 22.5715893], [114.0447594, 22.5715826], [114.0447746, 22.57158], [114.0448849, 22.5715814], [114.0448994, 22.5715861], [114.0449125, 22.5715936], [114.0449212, 22.5716053], [114.0449263, 22.5716194], [114.0449257, 22.5716576], [114.0447303, 22.5716551]]]]}}, {"type": "Feature", "id": "way/783018305", "properties": {"tags": {"building": "roof", "layer": "1"}, "heightStatus": "unknown", "source": "OpenStreetMap", "license": "ODbL-1.0"}, "geometry": {"type": "MultiPolygon", "coordinates": [[[[114.0447351, 22.5715524], [114.0447363, 22.5714748], [114.0447378, 22.5713779], [114.0449266, 22.5713804], [114.0449251, 22.5714761], [114.0449239, 22.5715549], [114.0448853, 22.5715544], [114.0448851, 22.5715673], [114.0448849, 22.5715814], [114.0447746, 22.57158], [114.0447748, 22.5715664], [114.044775, 22.5715529], [114.0447351, 22.5715524]]]]}}, {"type": "Feature", "id": "way/783018351", "properties": {"tags": {"building": "cabin", "layer": "1"}, "heightStatus": "unknown", "source": "OpenStreetMap", "license": "ODbL-1.0"}, "geometry": {"type": "MultiPolygon", "coordinates": [[[[114.047852, 22.5717525], [114.0478896, 22.5717521], [114.04789, 22.5717873], [114.0478524, 22.5717877], [114.047852, 22.5717525]]]]}}, {"type": "Feature", "id": "way/783847391", "properties": {"tags": {"building": "yes"}, "heightStatus": "unknown", "source": "OpenStreetMap", "license": "ODbL-1.0"}, "geometry": {"type": "MultiPolygon", "coordinates": [[[[114.0484618, 22.5708674], [114.0484693, 22.5707484], [114.0484899, 22.5707495], [114.0485126, 22.5707507], [114.0485051, 22.5708697], [114.0484618, 22.5708674]]]]}}, {"type": "Feature", "id": "way/783847392", "properties": {"tags": {"building": "yes"}, "heightStatus": "unknown", "source": "OpenStreetMap", "license": "ODbL-1.0"}, "geometry": {"type": "MultiPolygon", "coordinates": [[[[114.0470484, 22.5716218], [114.0470744, 22.5716216], [114.0470745, 22.5716386], [114.0470485, 22.5716388], [114.0470484, 22.5716218]]]]}}, {"type": "Feature", "id": "way/783847514", "properties": {"tags": {"building": "yes", "layer": "1"}, "heightStatus": "unknown", "source": "OpenStreetMap", "license": "ODbL-1.0"}, "geometry": {"type": "MultiPolygon", "coordinates": [[[[114.0462124, 22.5718032], [114.0462135, 22.5717444], [114.0462442, 22.5717449], [114.0462441, 22.5717485], [114.0462432, 22.5718036], [114.0462124, 22.5718032]]]]}}, {"type": "Feature", "id": "way/783847516", "properties": {"tags": {"building": "roof", "layer": "1"}, "heightStatus": "unknown", "source": "OpenStreetMap", "license": "ODbL-1.0"}, "geometry": {"type": "MultiPolygon", "coordinates": [[[[114.0459915, 22.5717444], [114.0459917, 22.5717327], [114.0460144, 22.5717329], [114.0460143, 22.5717413], [114.0459929, 22.571741], [114.0459929, 22.5717444], [114.0459915, 22.5717444]]]]}}, {"type": "Feature", "id": "way/783847517", "properties": {"tags": {"building": "yes", "layer": "1"}, "heightStatus": "unknown", "source": "OpenStreetMap", "license": "ODbL-1.0"}, "geometry": {"type": "MultiPolygon", "coordinates": [[[[114.0461573, 22.5717662], [114.0461577, 22.5717438], [114.0461916, 22.5717443], [114.0461912, 22.5717667], [114.0461573, 22.5717662]]]]}}, {"type": "Feature", "id": "way/783847542", "properties": {"tags": {"building": "yes"}, "heightStatus": "unknown", "source": "OpenStreetMap", "license": "ODbL-1.0"}, "geometry": {"type": "MultiPolygon", "coordinates": [[[[114.0462716, 22.5709031], [114.0463375, 22.5708982], [114.0463442, 22.5709758], [114.0462784, 22.5709807], [114.0462716, 22.5709031]]]]}}, {"type": "Feature", "id": "way/783847543", "properties": {"tags": {"building": "yes"}, "heightStatus": "unknown", "source": "OpenStreetMap", "license": "ODbL-1.0"}, "geometry": {"type": "MultiPolygon", "coordinates": [[[[114.0462903, 22.5711069], [114.0463524, 22.5711023], [114.0463556, 22.5711389], [114.0462935, 22.5711435], [114.0462903, 22.5711069]]]]}}, {"type": "Feature", "id": "way/783847544", "properties": {"tags": {"building": "yes", "layer": "1"}, "heightStatus": "unknown", "source": "OpenStreetMap", "license": "ODbL-1.0"}, "geometry": {"type": "MultiPolygon", "coordinates": [[[[114.0462853, 22.5710578], [114.0463479, 22.5710532], [114.0463505, 22.5710834], [114.0463124, 22.5710862], [114.0463145, 22.5711103], [114.0462901, 22.5711121], [114.0462853, 22.5710578]]]]}}, {"type": "Feature", "id": "way/783847545", "properties": {"tags": {"building": "yes"}, "heightStatus": "unknown", "source": "OpenStreetMap", "license": "ODbL-1.0"}, "geometry": {"type": "MultiPolygon", "coordinates": [[[[114.0461167, 22.5710253], [114.0462192, 22.5710176], [114.0462307, 22.5711496], [114.0461282, 22.5711572], [114.0461167, 22.5710253]]]]}}, {"type": "Feature", "id": "way/783847567", "properties": {"tags": {"building": "yes", "layer": "1"}, "heightStatus": "unknown", "source": "OpenStreetMap", "license": "ODbL-1.0"}, "geometry": {"type": "MultiPolygon", "coordinates": [[[[114.0477607, 22.57156], [114.0478111, 22.5715596], [114.047929, 22.5715587], [114.0479743, 22.5715583], [114.0479758, 22.5717226], [114.0479078, 22.5717232], [114.0478318, 22.5717238], [114.0477623, 22.5717244], [114.0477607, 22.57156]]]]}}, {"type": "Feature", "id": "way/783847578", "properties": {"tags": {"building": "yes"}, "heightStatus": "unknown", "source": "OpenStreetMap", "license": "ODbL-1.0"}, "geometry": {"type": "MultiPolygon", "coordinates": [[[[114.0488527, 22.5716382], [114.0488532, 22.5715801], [114.0490731, 22.5715817], [114.0490726, 22.5716398], [114.0488527, 22.5716382]]]]}}, {"type": "Feature", "id": "way/783847579", "properties": {"tags": {"building": "yes"}, "heightStatus": "unknown", "source": "OpenStreetMap", "license": "ODbL-1.0"}, "geometry": {"type": "MultiPolygon", "coordinates": [[[[114.0491726, 22.5719969], [114.0491834, 22.5717825], [114.0493301, 22.5717888], [114.0493194, 22.5720032], [114.0491726, 22.5719969]]]]}}, {"type": "Feature", "id": "way/783847580", "properties": {"tags": {"building": "yes", "layer": "2"}, "heightStatus": "unknown", "source": "OpenStreetMap", "license": "ODbL-1.0"}, "geometry": {"type": "MultiPolygon", "coordinates": [[[[114.0486649, 22.5718931], [114.0486922, 22.571893], [114.0486922, 22.57194], [114.0486649, 22.57194], [114.0486649, 22.5718931]]]]}}, {"type": "Feature", "id": "way/783847581", "properties": {"tags": {"building": "yes", "layer": "1"}, "heightStatus": "unknown", "source": "OpenStreetMap", "license": "ODbL-1.0"}, "geometry": {"type": "MultiPolygon", "coordinates": [[[[114.048607, 22.57185], [114.0486394, 22.57185], [114.04872, 22.57185], [114.0487838, 22.57185], [114.0488666, 22.57185], [114.048928, 22.57185], [114.0490133, 22.5718499], [114.0490423, 22.5718499], [114.0490424, 22.5719399], [114.0490093, 22.5719399], [114.0490093, 22.5719243], [114.0489842, 22.5719243], [114.0489842, 22.5719399], [114.0489559, 22.5719399], [114.0489559, 22.5719243], [114.0489321, 22.5719243], [114.0489321, 22.5719399], [114.0488619, 22.57194], [114.0488619, 22.5719244], [114.0488383, 22.5719244], [114.0488383, 22.57194], [114.0488115, 22.57194], [114.0488115, 22.5719244], [114.048787, 22.5719244], [114.048787, 22.57194], [114.0487173, 22.57194], [114.0487173, 22.5719244], [114.0486922, 22.5719244], [114.0486922, 22.57194], [114.0486649, 22.57194], [114.0486649, 22.5719244], [114.0486407, 22.5719244], [114.0486407, 22.57194], [114.048607, 22.57194], [114.048607, 22.57185]]]]}}, {"type": "Feature", "id": "way/783847582", "properties": {"tags": {"building": "yes", "layer": "2"}, "heightStatus": "unknown", "source": "OpenStreetMap", "license": "ODbL-1.0"}, "geometry": {"type": "MultiPolygon", "coordinates": [[[[114.0488115, 22.571893], [114.0488383, 22.571893], [114.0488383, 22.57194], [114.0488115, 22.57194], [114.0488115, 22.571893]]]]}}, {"type": "Feature", "id": "way/783847583", "properties": {"tags": {"building": "yes", "layer": "2"}, "heightStatus": "unknown", "source": "OpenStreetMap", "license": "ODbL-1.0"}, "geometry": {"type": "MultiPolygon", "coordinates": [[[[114.0489559, 22.571893], [114.0489842, 22.571893], [114.0489842, 22.5719243], [114.0489842, 22.5719399], [114.0489559, 22.5719399], [114.0489559, 22.5719243], [114.0489559, 22.571893]]]]}}, {"type": "Feature", "id": "way/783847584", "properties": {"tags": {"addr:housename": "中康生活区", "addr:housename:en": "Zhongkang Community", "addr:housename:zh": "中康生活区", "building": "apartments", "name": "6栋", "name:en": "Block 6", "name:zh": "6栋"}, "heightStatus": "unknown", "source": "OpenStreetMap", "license": "ODbL-1.0"}, "geometry": {"type": "MultiPolygon", "coordinates": [[[[114.048607, 22.57185], [114.0486394, 22.57185], [114.0486394, 22.5718357], [114.04872, 22.5718357], [114.04872, 22.57185], [114.0487838, 22.57185], [114.0487838, 22.5718357], [114.0488666, 22.5718357], [114.0488666, 22.57185], [114.048928, 22.57185], [114.048928, 22.5718356], [114.0490133, 22.5718356], [114.0490133, 22.5718499], [114.0490423, 22.5718499], [114.0490424, 22.5719399], [114.0490093, 22.5719399], [114.0490093, 22.5719243], [114.0489842, 22.5719243], [114.0489842, 22.5719399], [114.0489559, 22.5719399], [114.0489559, 22.5719243], [114.0489321, 22.5719243], [114.0489321, 22.5719399], [114.0488619, 22.57194], [114.0488619, 22.5719244], [114.0488383, 22.5719244], [114.0488383, 22.57194], [114.0488115, 22.57194], [114.0488115, 22.5719244], [114.048787, 22.5719244], [114.048787, 22.57194], [114.0487173, 22.57194], [114.0487173, 22.5719244], [114.0486922, 22.5719244], [114.0486922, 22.57194], [114.0486649, 22.57194], [114.0486649, 22.5719244], [114.0486407, 22.5719244], [114.0486407, 22.57194], [114.048607, 22.57194], [114.048607, 22.57185]]]]}}, {"type": "Feature", "id": "way/784555035", "properties": {"tags": {"addr:housename": "中康生活区", "addr:housename:en": "Zhongkang Community", "addr:housename:zh": "中康生活区", "building": "apartments", "name": "8栋", "name:en": "Block 8", "name:zh": "8栋"}, "heightStatus": "unknown", "source": "OpenStreetMap", "license": "ODbL-1.0"}, "geometry": {"type": "MultiPolygon", "coordinates": [[[[114.0492098, 22.5715727], [114.0496776, 22.5715721], [114.0496777, 22.5716612], [114.0492099, 22.5716617], [114.0492098, 22.5715727]]]]}}, {"type": "Feature", "id": "way/784555037", "properties": {"tags": {"building": "yes"}, "heightStatus": "unknown", "source": "OpenStreetMap", "license": "ODbL-1.0"}, "geometry": {"type": "MultiPolygon", "coordinates": [[[[114.0485718, 22.5715413], [114.0485765, 22.5715078], [114.0485921, 22.5715097], [114.0485874, 22.5715431], [114.0485718, 22.5715413]]]]}}, {"type": "Feature", "id": "way/887010901", "properties": {"tags": {"amenity": "fire_station", "building": "yes"}, "heightStatus": "unknown", "source": "OpenStreetMap", "license": "ODbL-1.0"}, "geometry": {"type": "MultiPolygon", "coordinates": [[[[114.0538059, 22.5662519], [114.0538093, 22.5659195], [114.0540132, 22.5659213], [114.0540099, 22.5662537], [114.0538059, 22.5662519]]]]}}, {"type": "Feature", "id": "way/978382017", "properties": {"tags": {"building": "commercial"}, "heightStatus": "unknown", "source": "OpenStreetMap", "license": "ODbL-1.0"}, "geometry": {"type": "MultiPolygon", "coordinates": [[[[114.0471938, 22.5656685], [114.0485022, 22.5656575], [114.0485063, 22.5660753], [114.0471979, 22.5660865], [114.0471938, 22.5656685]]]]}}, {"type": "Feature", "id": "way/1135927473", "properties": {"tags": {"building": "yes"}, "heightStatus": "unknown", "source": "OpenStreetMap", "license": "ODbL-1.0"}, "geometry": {"type": "MultiPolygon", "coordinates": [[[[114.0484942, 22.5690892], [114.0486592, 22.5690855], [114.0486632, 22.5692324], [114.0484981, 22.5692361], [114.0484942, 22.5690892]]]]}}, {"type": "Feature", "id": "way/1135927474", "properties": {"tags": {"building": "yes"}, "heightStatus": "unknown", "source": "OpenStreetMap", "license": "ODbL-1.0"}, "geometry": {"type": "MultiPolygon", "coordinates": [[[[114.0484975, 22.5690442], [114.0484977, 22.5689066], [114.048656, 22.5689068], [114.0486558, 22.5690444], [114.0484975, 22.5690442]]]]}}, {"type": "Feature", "id": "way/1135927483", "properties": {"tags": {"building": "yes"}, "heightStatus": "unknown", "source": "OpenStreetMap", "license": "ODbL-1.0"}, "geometry": {"type": "MultiPolygon", "coordinates": [[[[114.0470954, 22.566329], [114.0474336, 22.5663273], [114.0474346, 22.5664937], [114.0470964, 22.5664953], [114.0470954, 22.566329]]]]}}, {"type": "Feature", "id": "way/1135927484", "properties": {"tags": {"building": "yes"}, "heightStatus": "unknown", "source": "OpenStreetMap", "license": "ODbL-1.0"}, "geometry": {"type": "MultiPolygon", "coordinates": [[[[114.0470652, 22.5663223], [114.047066, 22.5662044], [114.0471772, 22.566205], [114.0471764, 22.566323], [114.0470652, 22.5663223]]]]}}, {"type": "Feature", "id": "way/1135927485", "properties": {"tags": {"building": "yes"}, "heightStatus": "unknown", "source": "OpenStreetMap", "license": "ODbL-1.0"}, "geometry": {"type": "MultiPolygon", "coordinates": [[[[114.0470932, 22.5679295], [114.0471327, 22.567922], [114.0471068, 22.5678071], [114.0472635, 22.5677771], [114.0473066, 22.5679689], [114.0471105, 22.5680065], [114.0470932, 22.5679295]]]]}}, {"type": "Feature", "id": "way/1135927486", "properties": {"tags": {"building": "yes"}, "heightStatus": "unknown", "source": "OpenStreetMap", "license": "ODbL-1.0"}, "geometry": {"type": "MultiPolygon", "coordinates": [[[[114.0492697, 22.5674271], [114.0494054, 22.5674246], [114.049408, 22.567545], [114.0492723, 22.5675475], [114.0492697, 22.5674271]]]]}}, {"type": "Feature", "id": "way/1243207424", "properties": {"tags": {"addr:city": "深圳市", "addr:country": "CN", "addr:district": "福田区", "addr:housenumber": "128", "addr:neighbourhood": "新兴社区", "addr:province": "广东省", "addr:street": "梅华路", "addr:subdistrict": "梅林街道", "amenity": "theatre", "building": "yes", "name": "深圳歌剧舞剧院", "name:en": "Shenzhen Opera & Dance Theatre", "name:zh": "深圳歌剧舞剧院", "name:zh-Hans": "深圳歌剧舞剧院", "name:zh-Hant": "深圳歌劇舞劇院"}, "heightStatus": "unknown", "source": "OpenStreetMap", "license": "ODbL-1.0"}, "geometry": {"type": "MultiPolygon", "coordinates": [[[[114.0444794, 22.5677626], [114.0449677, 22.567732], [114.0449868, 22.5679927], [114.0444985, 22.5680232], [114.0444794, 22.5677626]]]]}}, {"type": "Feature", "id": "way/1270819243", "properties": {"tags": {"building": "apartments", "building:levels": "5", "name": "1栋", "name:en": "Block 1", "name:zh": "1栋"}, "heightStatus": "levels_only_unverified", "source": "OpenStreetMap", "license": "ODbL-1.0"}, "geometry": {"type": "MultiPolygon", "coordinates": [[[[114.0526889, 22.5709315], [114.0526907, 22.5708555], [114.0533322, 22.5708685], [114.0533304, 22.5709445], [114.0526889, 22.5709315]]]]}}, {"type": "Feature", "id": "way/1270819244", "properties": {"tags": {"building": "apartments", "building:levels": "5", "name": "3栋", "name:en": "Block 3", "name:zh": "3栋"}, "heightStatus": "levels_only_unverified", "source": "OpenStreetMap", "license": "ODbL-1.0"}, "geometry": {"type": "MultiPolygon", "coordinates": [[[[114.0528004, 22.5704553], [114.0528011, 22.5703871], [114.0533408, 22.5703921], [114.0533401, 22.5704601], [114.0528004, 22.5704553]]]]}}, {"type": "Feature", "id": "way/1270819245", "properties": {"tags": {"building": "apartments", "building:levels": "5", "name": "2栋", "name:en": "Block 2", "name:zh": "2栋"}, "heightStatus": "levels_only_unverified", "source": "OpenStreetMap", "license": "ODbL-1.0"}, "geometry": {"type": "MultiPolygon", "coordinates": [[[[114.0532592, 22.5708241], [114.0532662, 22.5705021], [114.0533487, 22.5705037], [114.0533416, 22.5708256], [114.0532592, 22.5708241]]]]}}, {"type": "Feature", "id": "way/1270819246", "properties": {"tags": {"branch": "深圳梅林店", "brand": "维也纳酒店", "brand:en": "Vienna Hotels", "brand:wikidata": "Q7928333", "brand:zh": "维也纳酒店", "building": "yes", "name": "维也纳酒店", "name:en": "Vienna Hotels", "name:zh": "维也纳酒店", "tourism": "hotel"}, "heightStatus": "unknown", "source": "OpenStreetMap", "license": "ODbL-1.0"}, "geometry": {"type": "MultiPolygon", "coordinates": [[[[114.0533846, 22.5702345], [114.0539435, 22.5702329], [114.0539457, 22.5709348], [114.0538563, 22.5710249], [114.0533873, 22.5710263], [114.0533851, 22.5703719], [114.0533848, 22.5703095], [114.0533846, 22.5702345]]]]}}, {"type": "Feature", "id": "way/1270819248", "properties": {"tags": {"building": "apartments", "building:levels": "11"}, "heightStatus": "levels_only_unverified", "source": "OpenStreetMap", "license": "ODbL-1.0"}, "geometry": {"type": "MultiPolygon", "coordinates": [[[[114.0531501, 22.569998], [114.0532053, 22.5698645], [114.0535891, 22.5698639], [114.0535878, 22.5699277], [114.0536115, 22.5699255], [114.0536354, 22.5699376], [114.0536485, 22.5699532], [114.0536531, 22.5699717], [114.053764, 22.5699731], [114.0537663, 22.5699532], [114.053848, 22.5699518], [114.0538503, 22.5701154], [114.0537116, 22.5701133], [114.0537116, 22.5700528], [114.0534875, 22.5700421], [114.0534882, 22.570003], [114.0531501, 22.569998]]]]}}, {"type": "Feature", "id": "way/1270819249", "properties": {"tags": {"building": "hotel", "building:levels": "7"}, "heightStatus": "levels_only_unverified", "source": "OpenStreetMap", "license": "ODbL-1.0"}, "geometry": {"type": "MultiPolygon", "coordinates": [[[[114.0534174, 22.5705013], [114.0534176, 22.5704363], [114.0534816, 22.5704364], [114.0534815, 22.5704504], [114.0535106, 22.5704505], [114.0535106, 22.5704699], [114.0535368, 22.57047], [114.0535367, 22.5704927], [114.0535635, 22.5704928], [114.0535635, 22.5705133], [114.0535891, 22.5705134], [114.053589, 22.5705329], [114.0536134, 22.5705329], [114.0536133, 22.5705541], [114.0536389, 22.5705542], [114.0536387, 22.5705769], [114.0536632, 22.570577], [114.053663, 22.5705981], [114.0536862, 22.5705982], [114.0536861, 22.5706189], [114.0537128, 22.570619], [114.0537126, 22.5706452], [114.0537323, 22.5706453], [114.0537321, 22.5706685], [114.0538658, 22.5706695], [114.0538637, 22.5709263], [114.0534297, 22.5709232], [114.0534303, 22.5708475], [114.0536701, 22.5708492], [114.0536713, 22.5707113], [114.0534342, 22.5705013], [114.0534174, 22.5705013]]]]}}, {"type": "Feature", "id": "way/1270819250", "properties": {"tags": {"building": "hotel", "building:levels": "7"}, "heightStatus": "levels_only_unverified", "source": "OpenStreetMap", "license": "ODbL-1.0"}, "geometry": {"type": "MultiPolygon", "coordinates": [[[[114.0536216, 22.5703552], [114.053622, 22.5702474], [114.0538927, 22.5702482], [114.0538919, 22.5704858], [114.0537562, 22.5704854], [114.0537567, 22.5703372], [114.0536724, 22.5703369], [114.0536723, 22.5703553], [114.0536216, 22.5703552]]]]}}, {"type": "Feature", "id": "way/1270819283", "properties": {"tags": {"amenity": "library", "building": "yes", "name": "福田区图书馆梅林街道分馆"}, "heightStatus": "unknown", "source": "OpenStreetMap", "license": "ODbL-1.0"}, "geometry": {"type": "MultiPolygon", "coordinates": [[[[114.0532964, 22.5683256], [114.0532971, 22.5682494], [114.0533267, 22.5682497], [114.0533278, 22.5681258], [114.0534688, 22.5681269], [114.0534677, 22.5682489], [114.0535073, 22.5682491], [114.0535083, 22.5681254], [114.0536594, 22.5681265], [114.0536583, 22.5682527], [114.0536989, 22.568253], [114.0536999, 22.5681335], [114.0538406, 22.5681345], [114.0538398, 22.5682223], [114.0538306, 22.5682222], [114.0538302, 22.5682595], [114.0538645, 22.5682598], [114.0538639, 22.5683299], [114.0532964, 22.5683256]]]]}}, {"type": "Feature", "id": "way/1294976438", "properties": {"tags": {"building": "train_station", "building:levels": "0", "building:levels:underground": "2", "layer": "-1", "location": "underground", "name": "梅村站", "name:en": "Meicun Station", "name:zh": "梅村站", "public_transport": "station", "start_date": "2016-10-28", "wikidata": "Q27825827", "wikipedia": "zh:梅村站"}, "heightStatus": "levels_only_unverified", "source": "OpenStreetMap", "license": "ODbL-1.0"}, "geometry": {"type": "MultiPolygon", "coordinates": [[[[114.0461049, 22.5710418], [114.0461287, 22.5710411], [114.0461198, 22.5709474], [114.046324, 22.5709309], [114.0463107, 22.5707959], [114.0463779, 22.5707924], [114.0464017, 22.5710714], [114.0465644, 22.571196], [114.0478623, 22.5710886], [114.0478563, 22.5710328], [114.0484433, 22.5709536], [114.0484795, 22.570727], [114.0485179, 22.5707304], [114.0484802, 22.5709532], [114.0489483, 22.5709584], [114.0489468, 22.5710094], [114.04844, 22.5710046], [114.0482665, 22.5710442], [114.0482912, 22.5713069], [114.048359, 22.5713586], [114.0483388, 22.5715052], [114.0481174, 22.5714757], [114.0481118, 22.5713992], [114.0480047, 22.5714082], [114.0480006, 22.5713569], [114.0478857, 22.5713675], [114.0478802, 22.5712615], [114.0472573, 22.5713155], [114.0472635, 22.5713951], [114.0472754, 22.5713942], [114.0472784, 22.5714292], [114.0468174, 22.5714822], [114.0468126, 22.5714183], [114.0468726, 22.5714132], [114.046865, 22.57135], [114.046247, 22.5714006], [114.0462283, 22.5711974], [114.0461414, 22.571205], [114.046141, 22.5711871], [114.0461179, 22.5711888], [114.0461049, 22.5710418]]]]}}, {"type": "Feature", "id": "relation/19599557", "properties": {"tags": {"building": "school"}, "heightStatus": "unknown", "source": "OpenStreetMap", "license": "ODbL-1.0"}, "geometry": {"type": "MultiPolygon", "coordinates": [[[[114.0466416, 22.5638241], [114.0466778, 22.5637226], [114.0472695, 22.5639027], [114.0472626, 22.5639221], [114.0477197, 22.5640612], [114.0477103, 22.5640876], [114.0479892, 22.5641724], [114.0479608, 22.564252], [114.0480323, 22.5642738], [114.048002, 22.5643587], [114.0476029, 22.5642373], [114.0475867, 22.5642828], [114.047691, 22.5643145], [114.047639, 22.5644603], [114.0475892, 22.5644452], [114.0475829, 22.5644627], [114.0475239, 22.5644447], [114.0475099, 22.5644839], [114.0472774, 22.5644132], [114.0472574, 22.5644692], [114.0471919, 22.5644493], [114.0471844, 22.5644704], [114.0469196, 22.5643898], [114.0468996, 22.5644458], [114.0467239, 22.5643923], [114.0468228, 22.5641151], [114.0469905, 22.5641662], [114.0470456, 22.5640118], [114.0469966, 22.5639969], [114.0470174, 22.5639385], [114.0466416, 22.5638241]], [[114.0470171, 22.564239], [114.0475241, 22.5643933], [114.0476011, 22.5641777], [114.047262, 22.5640745], [114.0472762, 22.5640347], [114.0471883, 22.5640079], [114.0471939, 22.5639922], [114.0471139, 22.5639678], [114.0470171, 22.564239]]]]}}, {"type": "Feature", "id": "way/1429643575", "properties": {"tags": {"addr:housename": "富莲大厦", "addr:housename:zh": "富莲大厦", "building": "apartments", "building:levels": "25", "layer": "1", "name": "3栋", "name:zh": "3栋"}, "heightStatus": "levels_only_unverified", "source": "OpenStreetMap", "license": "ODbL-1.0"}, "geometry": {"type": "MultiPolygon", "coordinates": [[[[114.0482956, 22.5636977], [114.0483459, 22.5635616], [114.0484292, 22.5635878], [114.0484608, 22.5635024], [114.0485979, 22.5635456], [114.0485667, 22.5636303], [114.0486579, 22.563659], [114.0486077, 22.5637951], [114.0485172, 22.5637666], [114.0484857, 22.563852], [114.0483486, 22.5638088], [114.0483798, 22.5637242], [114.0482956, 22.5636977]]]]}}, {"type": "Feature", "id": "way/1429643577", "properties": {"tags": {"addr:housename": "莲花北村", "addr:housename:en": "Lianhua Beicun", "addr:housename:zh": "莲花北村", "building": "apartments", "building:levels": "8", "name": "39栋", "name:zh": "39栋"}, "heightStatus": "levels_only_unverified", "source": "OpenStreetMap", "license": "ODbL-1.0"}, "geometry": {"type": "MultiPolygon", "coordinates": [[[[114.0476364, 22.5634302], [114.0476703, 22.5633351], [114.0482015, 22.5634968], [114.0481676, 22.5635919], [114.0481122, 22.563575], [114.0481179, 22.5635591], [114.0480516, 22.5635389], [114.048046, 22.5635549], [114.0479351, 22.5635211], [114.0479408, 22.5635052], [114.0478746, 22.563485], [114.0478689, 22.563501], [114.047758, 22.5634672], [114.0477637, 22.5634513], [114.0476975, 22.5634311], [114.0476918, 22.5634471], [114.0476364, 22.5634302]]]]}}, {"type": "Feature", "id": "way/1429643590", "properties": {"tags": {"addr:housename": "莲花北村", "addr:housename:en": "Lianhua Beicun", "addr:housename:zh": "莲花北村", "building": "apartments", "building:levels": "8", "name": "42栋", "name:zh": "42栋"}, "heightStatus": "levels_only_unverified", "source": "OpenStreetMap", "license": "ODbL-1.0"}, "geometry": {"type": "MultiPolygon", "coordinates": [[[[114.0477722, 22.5631931], [114.0478021, 22.5631093], [114.0482786, 22.5632543], [114.0482487, 22.5633381], [114.0477722, 22.5631931]]]]}}, {"type": "Feature", "id": "way/1429643591", "properties": {"tags": {"addr:housename": "莲花北村", "addr:housename:en": "Lianhua Beicun", "addr:housename:zh": "莲花北村", "building": "apartments", "building:levels": "8", "name": "47栋", "name:zh": "47栋"}, "heightStatus": "levels_only_unverified", "source": "OpenStreetMap", "license": "ODbL-1.0"}, "geometry": {"type": "MultiPolygon", "coordinates": [[[[114.0476952, 22.5629104], [114.0477251, 22.5628267], [114.0483502, 22.5630169], [114.0483203, 22.5631006], [114.0476952, 22.5629104]]]]}}, {"type": "Feature", "id": "way/1429643592", "properties": {"tags": {"addr:housename": "莲花北村", "addr:housename:en": "Lianhua Beicun", "addr:housename:zh": "莲花北村", "building": "apartments", "building:levels": "8", "name": "37栋", "name:zh": "37栋"}, "heightStatus": "levels_only_unverified", "source": "OpenStreetMap", "license": "ODbL-1.0"}, "geometry": {"type": "MultiPolygon", "coordinates": [[[[114.046327, 22.56319], [114.046361, 22.5630949], [114.0468922, 22.5632566], [114.0468583, 22.5633517], [114.0468028, 22.5633348], [114.0468085, 22.5633189], [114.0467423, 22.5632987], [114.0467366, 22.5633147], [114.0466258, 22.563281], [114.0466315, 22.563265], [114.0465652, 22.5632449], [114.0465596, 22.5632608], [114.0464487, 22.5632271], [114.0464544, 22.5632111], [114.0463882, 22.563191], [114.0463825, 22.5632069], [114.046327, 22.56319]]]]}}, {"type": "Feature", "id": "way/1429643593", "properties": {"tags": {"addr:housename": "莲花北村", "addr:housename:en": "Lianhua Beicun", "addr:housename:zh": "莲花北村", "building": "apartments", "building:levels": "8", "name": "40栋", "name:zh": "40栋"}, "heightStatus": "levels_only_unverified", "source": "OpenStreetMap", "license": "ODbL-1.0"}, "geometry": {"type": "MultiPolygon", "coordinates": [[[[114.0464173, 22.5629481], [114.0464512, 22.562853], [114.0469825, 22.5630147], [114.0469485, 22.5631098], [114.0468931, 22.5630929], [114.0468988, 22.5630769], [114.0468326, 22.5630568], [114.0468269, 22.5630727], [114.046716, 22.563039], [114.0467217, 22.5630231], [114.0466555, 22.5630029], [114.0466498, 22.5630189], [114.0465389, 22.5629851], [114.0465446, 22.5629692], [114.0464784, 22.562949], [114.0464727, 22.562965], [114.0464173, 22.5629481]]]]}}, {"type": "Feature", "id": "way/1429643594", "properties": {"tags": {"addr:housename": "莲花北村", "addr:housename:en": "Lianhua Beicun", "addr:housename:zh": "莲花北村", "building": "apartments", "building:levels": "8", "name": "38栋", "name:zh": "38栋"}, "heightStatus": "levels_only_unverified", "source": "OpenStreetMap", "license": "ODbL-1.0"}, "geometry": {"type": "MultiPolygon", "coordinates": [[[[114.0469569, 22.5633812], [114.0469908, 22.5632861], [114.0475221, 22.5634477], [114.0474881, 22.5635428], [114.0474327, 22.563526], [114.0474384, 22.56351], [114.0473722, 22.5634899], [114.0473665, 22.5635058], [114.0472556, 22.5634721], [114.0472613, 22.5634561], [114.0471951, 22.563436], [114.0471894, 22.5634519], [114.0470785, 22.5634182], [114.0470842, 22.5634022], [114.047018, 22.5633821], [114.0470123, 22.563398], [114.0469569, 22.5633812]]]]}}, {"type": "Feature", "id": "way/1429643596", "properties": {"tags": {"addr:housename": "莲花北村", "addr:housename:en": "Lianhua Beicun", "addr:housename:zh": "莲花北村", "building": "apartments", "building:levels": "8", "name": "41栋", "name:zh": "41栋"}, "heightStatus": "levels_only_unverified", "source": "OpenStreetMap", "license": "ODbL-1.0"}, "geometry": {"type": "MultiPolygon", "coordinates": [[[[114.0470471, 22.5631392], [114.0470811, 22.5630441], [114.0476123, 22.5632058], [114.0475784, 22.5633009], [114.047523, 22.563284], [114.0475287, 22.5632681], [114.0474624, 22.5632479], [114.0474567, 22.5632639], [114.0473459, 22.5632301], [114.0473516, 22.5632142], [114.0472854, 22.563194], [114.0472797, 22.56321], [114.0471688, 22.5631762], [114.0471745, 22.5631603], [114.0471083, 22.5631401], [114.0471026, 22.5631561], [114.0470471, 22.5631392]]]]}}, {"type": "Feature", "id": "way/1429643612", "properties": {"tags": {"addr:housename": "莲花北村", "addr:housename:en": "Lianhua Beicun", "addr:housename:zh": "莲花北村", "building": "apartments", "building:levels": "8", "name": "17栋", "name:zh": "17栋"}, "heightStatus": "levels_only_unverified", "source": "OpenStreetMap", "license": "ODbL-1.0"}, "geometry": {"type": "MultiPolygon", "coordinates": [[[[114.0448871, 22.5638341], [114.0449089, 22.5637732], [114.0449273, 22.5637788], [114.0449589, 22.5636903], [114.0451367, 22.5637444], [114.0451051, 22.5638329], [114.045142, 22.5638442], [114.0451736, 22.5637556], [114.0453513, 22.5638097], [114.0453198, 22.5638982], [114.0453382, 22.5639039], [114.0453165, 22.5639647], [114.0448871, 22.5638341]]]]}}, {"type": "Feature", "id": "way/1429643613", "properties": {"tags": {"addr:housename": "莲花北村", "addr:housename:en": "Lianhua Beicun", "addr:housename:zh": "莲花北村", "building": "apartments", "building:levels": "8", "name": "18栋", "name:zh": "18栋"}, "heightStatus": "levels_only_unverified", "source": "OpenStreetMap", "license": "ODbL-1.0"}, "geometry": {"type": "MultiPolygon", "coordinates": [[[[114.0454165, 22.5639946], [114.0454382, 22.5639337], [114.0454567, 22.5639394], [114.0454883, 22.5638508], [114.045666, 22.5639049], [114.0456344, 22.5639934], [114.0456714, 22.5640047], [114.045703, 22.5639162], [114.0458807, 22.5639702], [114.0458491, 22.5640588], [114.0458676, 22.5640644], [114.0458459, 22.5641253], [114.0454165, 22.5639946]]]]}}, {"type": "Feature", "id": "way/1429643614", "properties": {"tags": {"addr:housename": "莲花北村", "addr:housename:en": "Lianhua Beicun", "addr:housename:zh": "莲花北村", "building": "apartments", "building:levels": "8", "name": "20栋", "name:zh": "20栋"}, "heightStatus": "levels_only_unverified", "source": "OpenStreetMap", "license": "ODbL-1.0"}, "geometry": {"type": "MultiPolygon", "coordinates": [[[[114.0452107, 22.5635845], [114.0452406, 22.5635007], [114.045717, 22.5636457], [114.0456871, 22.5637295], [114.0452107, 22.5635845]]]]}}, {"type": "Feature", "id": "way/1429643616", "properties": {"tags": {"addr:housename": "莲花北村", "addr:housename:en": "Lianhua Beicun", "addr:housename:zh": "莲花北村", "building": "apartments", "building:levels": "8", "name": "24栋", "name:zh": "24栋"}, "heightStatus": "levels_only_unverified", "source": "OpenStreetMap", "license": "ODbL-1.0"}, "geometry": {"type": "MultiPolygon", "coordinates": [[[[114.0451981, 22.5630045], [114.045228, 22.5629208], [114.045853, 22.563111], [114.0458231, 22.5631948], [114.0451981, 22.5630045]]]]}}, {"type": "Feature", "id": "way/1429643617", "properties": {"tags": {"addr:housename": "莲花北村", "addr:housename:en": "Lianhua Beicun", "addr:housename:zh": "莲花北村", "building": "apartments", "building:levels": "8", "name": "22栋", "name:zh": "22栋"}, "heightStatus": "levels_only_unverified", "source": "OpenStreetMap", "license": "ODbL-1.0"}, "geometry": {"type": "MultiPolygon", "coordinates": [[[[114.0451659, 22.5632745], [114.0451958, 22.5631908], [114.0458208, 22.563381], [114.045791, 22.5634647], [114.0451659, 22.5632745]]]]}}, {"type": "Feature", "id": "way/1429643619", "properties": {"tags": {"addr:housename": "莲花北村", "addr:housename:en": "Lianhua Beicun", "addr:housename:zh": "莲花北村", "building": "apartments", "building:levels": "8", "name": "21栋", "name:zh": "21栋"}, "heightStatus": "levels_only_unverified", "source": "OpenStreetMap", "license": "ODbL-1.0"}, "geometry": {"type": "MultiPolygon", "coordinates": [[[[114.044216, 22.5629803], [114.0442459, 22.5628965], [114.044871, 22.5630867], [114.0448411, 22.5631705], [114.044216, 22.5629803]]]]}}, {"type": "Feature", "id": "way/1429643626", "properties": {"tags": {"addr:housename": "莲花北村", "addr:housename:en": "Lianhua Beicun", "addr:housename:zh": "莲花北村", "building": "apartments", "building:levels": "8", "name": "14栋", "name:zh": "14栋"}, "heightStatus": "levels_only_unverified", "source": "OpenStreetMap", "license": "ODbL-1.0"}, "geometry": {"type": "MultiPolygon", "coordinates": [[[[114.0452848, 22.5642159], [114.0453147, 22.5641322], [114.0457912, 22.5642772], [114.0457613, 22.5643609], [114.0452848, 22.5642159]]]]}}, {"type": "Feature", "id": "way/1429643627", "properties": {"tags": {"addr:housename": "莲花北村", "addr:housename:en": "Lianhua Beicun", "addr:housename:zh": "莲花北村", "building": "apartments", "building:levels": "8", "name": "13栋", "name:zh": "13栋"}, "heightStatus": "levels_only_unverified", "source": "OpenStreetMap", "license": "ODbL-1.0"}, "geometry": {"type": "MultiPolygon", "coordinates": [[[[114.0447478, 22.5640675], [114.0447777, 22.5639837], [114.0452541, 22.5641287], [114.0452243, 22.5642125], [114.0447478, 22.5640675]]]]}}, {"type": "Feature", "id": "way/1429645039", "properties": {"tags": {"addr:housename": "碧华庭居", "addr:housename:en": "碧华庭居", "building": "apartments", "building:levels": "17", "name": "绿园4栋", "name:zh": "绿园4栋"}, "heightStatus": "levels_only_unverified", "source": "OpenStreetMap", "license": "ODbL-1.0"}, "geometry": {"type": "MultiPolygon", "coordinates": [[[[114.0455033, 22.5665834], [114.045532, 22.566477], [114.0456087, 22.5665118], [114.045661, 22.5664564], [114.0457743, 22.5665474], [114.045722, 22.5666028], [114.0457542, 22.5666422], [114.045656, 22.5666967], [114.0456131, 22.5666503], [114.0455616, 22.5666121], [114.0455033, 22.5665834]]]]}}, {"type": "Feature", "id": "way/1429645040", "properties": {"tags": {"addr:housename": "碧华庭居", "addr:housename:en": "碧华庭居", "building": "apartments", "building:levels": "17", "name": "绿园2栋", "name:zh": "绿园2栋"}, "heightStatus": "levels_only_unverified", "source": "OpenStreetMap", "license": "ODbL-1.0"}, "geometry": {"type": "MultiPolygon", "coordinates": [[[[114.0449712, 22.5665305], [114.0450888, 22.5664443], [114.0451383, 22.5665018], [114.0452167, 22.5664703], [114.0452448, 22.5665782], [114.0451852, 22.5666045], [114.045132, 22.5666406], [114.0450869, 22.5666853], [114.0449865, 22.566626], [114.0450206, 22.566588], [114.0449712, 22.5665305]]]]}}, {"type": "Feature", "id": "way/1429645041", "properties": {"tags": {"addr:housename": "碧华庭居", "addr:housename:en": "碧华庭居", "building": "apartments", "building:levels": "17", "name": "绿园3栋", "name:zh": "绿园3栋"}, "heightStatus": "levels_only_unverified", "source": "OpenStreetMap", "license": "ODbL-1.0"}, "geometry": {"type": "MultiPolygon", "coordinates": [[[[114.0452167, 22.5664703], [114.0452997, 22.5664518], [114.0453016, 22.5663784], [114.0454517, 22.5663815], [114.0454499, 22.566455], [114.045532, 22.566477], [114.0455033, 22.5665834], [114.0454402, 22.5665652], [114.0453746, 22.5665582], [114.0453087, 22.5665626], [114.0452448, 22.5665782], [114.0452167, 22.5664703]]]]}}, {"type": "Feature", "id": "way/1429645042", "properties": {"tags": {"addr:housename": "碧华庭居", "addr:housename:en": "碧华庭居", "building": "apartments", "building:levels": "17", "name": "绿园5栋", "name:zh": "绿园5栋"}, "heightStatus": "levels_only_unverified", "source": "OpenStreetMap", "license": "ODbL-1.0"}, "geometry": {"type": "MultiPolygon", "coordinates": [[[[114.045656, 22.5666967], [114.0457542, 22.5666422], [114.0457856, 22.5666943], [114.0458088, 22.5667498], [114.0458236, 22.5668077], [114.0457167, 22.5668373], [114.0456953, 22.5667637], [114.045656, 22.5666967]]]]}}, {"type": "Feature", "id": "way/1429645043", "properties": {"tags": {"addr:housename": "碧华庭居", "addr:housename:en": "碧华庭居", "building": "apartments", "building:levels": "17", "name": "绿园1栋", "name:zh": "绿园1栋"}, "heightStatus": "levels_only_unverified", "source": "OpenStreetMap", "license": "ODbL-1.0"}, "geometry": {"type": "MultiPolygon", "coordinates": [[[[114.044909, 22.5667884], [114.0449266, 22.5667312], [114.0449526, 22.5666767], [114.0449865, 22.566626], [114.0450869, 22.5666853], [114.0450445, 22.5667506], [114.0450197, 22.5668233], [114.044909, 22.5667884]]]]}}, {"type": "Feature", "id": "way/1429645046", "properties": {"tags": {"addr:housename": "碧华庭居", "addr:housename:en": "碧华庭居", "building": "apartments", "building:levels": "17", "name": "清园4栋", "name:zh": "清园4栋"}, "heightStatus": "levels_only_unverified", "source": "OpenStreetMap", "license": "ODbL-1.0"}, "geometry": {"type": "MultiPolygon", "coordinates": [[[[114.0445603, 22.5665374], [114.0445869, 22.5664585], [114.0446168, 22.5663698], [114.0447426, 22.566406], [114.0448071, 22.5665193], [114.0447492, 22.5666911], [114.0445881, 22.5666448], [114.0446186, 22.5665542], [114.0445603, 22.5665374]]]]}}, {"type": "Feature", "id": "way/1429645048", "properties": {"tags": {"addr:housename": "碧华庭居", "addr:housename:en": "碧华庭居", "building": "apartments", "building:levels": "12", "name": "翠园1栋", "name:zh": "翠园1栋"}, "heightStatus": "levels_only_unverified", "source": "OpenStreetMap", "license": "ODbL-1.0"}, "geometry": {"type": "MultiPolygon", "coordinates": [[[[114.0450479, 22.5662043], [114.045063, 22.5661256], [114.0451322, 22.566137], [114.0451391, 22.5661013], [114.0451001, 22.5660949], [114.0451133, 22.5660265], [114.0453514, 22.5660655], [114.0453355, 22.5661479], [114.0452836, 22.5661394], [114.045215, 22.5661836], [114.045206, 22.5662303], [114.0450479, 22.5662043]]]]}}, {"type": "Feature", "id": "way/1429645049", "properties": {"tags": {"addr:housename": "碧华庭居", "addr:housename:en": "碧华庭居", "building": "apartments", "building:levels": "12", "name": "翠园2栋", "name:zh": "翠园2栋"}, "heightStatus": "levels_only_unverified", "source": "OpenStreetMap", "license": "ODbL-1.0"}, "geometry": {"type": "MultiPolygon", "coordinates": [[[[114.0455618, 22.5661855], [114.0455777, 22.5661031], [114.0458158, 22.5661422], [114.0458027, 22.5662106], [114.0457636, 22.5662042], [114.0457568, 22.5662399], [114.045826, 22.5662513], [114.0458109, 22.5663299], [114.0456527, 22.566304], [114.0456617, 22.5662574], [114.0456138, 22.566194], [114.0455618, 22.5661855]]]]}}, {"type": "Feature", "id": "way/1429645050", "properties": {"tags": {"addr:housename": "碧华庭居", "addr:housename:en": "碧华庭居", "building": "apartments", "building:levels": "17", "name": "翠园3栋", "name:zh": "翠园3栋"}, "heightStatus": "levels_only_unverified", "source": "OpenStreetMap", "license": "ODbL-1.0"}, "geometry": {"type": "MultiPolygon", "coordinates": [[[[114.0451896, 22.5658145], [114.0452237, 22.5656374], [114.0453374, 22.5655641], [114.0454671, 22.5655854], [114.0454478, 22.5656855], [114.0455161, 22.565697], [114.0455021, 22.5657697], [114.0453737, 22.5657483], [114.0453558, 22.5658418], [114.0451896, 22.5658145]]]]}}, {"type": "Feature", "id": "way/1429645051", "properties": {"tags": {"addr:housename": "碧华庭居", "addr:housename:en": "碧华庭居", "building": "apartments", "building:levels": "17", "name": "翠园4栋", "name:zh": "翠园4栋"}, "heightStatus": "levels_only_unverified", "source": "OpenStreetMap", "license": "ODbL-1.0"}, "geometry": {"type": "MultiPolygon", "coordinates": [[[[114.0455021, 22.5657697], [114.0455161, 22.565697], [114.0455844, 22.5657084], [114.0456037, 22.5656083], [114.0457334, 22.5656296], [114.0458128, 22.5657346], [114.0457787, 22.5659117], [114.0456126, 22.5658844], [114.0456306, 22.565791], [114.0455021, 22.5657697]]]]}}, {"type": "Feature", "id": "way/1429645052", "properties": {"tags": {"addr:housename": "碧华庭居", "addr:housename:en": "碧华庭居", "building": "apartments", "building:levels": "17", "name": "碧园1栋", "name:zh": "碧园1栋"}, "heightStatus": "levels_only_unverified", "source": "OpenStreetMap", "license": "ODbL-1.0"}, "geometry": {"type": "MultiPolygon", "coordinates": [[[[114.0445372, 22.5671121], [114.0446301, 22.5670171], [114.0447617, 22.5670109], [114.0447673, 22.5671125], [114.0448058, 22.5671107], [114.0448098, 22.5671844], [114.0447104, 22.5671891], [114.0447156, 22.5672839], [114.0445471, 22.5672918], [114.0445372, 22.5671121]]]]}}, {"type": "Feature", "id": "way/1429645053", "properties": {"tags": {"addr:housename": "碧华庭居", "addr:housename:en": "碧华庭居", "building": "apartments", "building:levels": "17", "name": "碧园2栋", "name:zh": "碧园2栋"}, "heightStatus": "levels_only_unverified", "source": "OpenStreetMap", "license": "ODbL-1.0"}, "geometry": {"type": "MultiPolygon", "coordinates": [[[[114.0448058, 22.5671107], [114.0448443, 22.5671089], [114.0448387, 22.5670073], [114.0449702, 22.5670011], [114.0450731, 22.567087], [114.045083, 22.5672666], [114.0449145, 22.5672745], [114.0449093, 22.5671797], [114.0448098, 22.5671844], [114.0448058, 22.5671107]]]]}}, {"type": "Feature", "id": "way/1429645054", "properties": {"tags": {"addr:housename": "碧华庭居", "addr:housename:en": "碧华庭居", "building": "apartments", "building:levels": "17", "name": "碧园4栋", "name:zh": "碧园4栋"}, "heightStatus": "levels_only_unverified", "source": "OpenStreetMap", "license": "ODbL-1.0"}, "geometry": {"type": "MultiPolygon", "coordinates": [[[[114.0455174, 22.5670744], [114.0455559, 22.5670726], [114.0455503, 22.5669711], [114.0456819, 22.5669649], [114.0457848, 22.5670508], [114.0457946, 22.5672304], [114.0456261, 22.5672383], [114.0456209, 22.5671435], [114.0455214, 22.5671482], [114.0455174, 22.5670744]]]]}}, {"type": "Feature", "id": "way/1429645055", "properties": {"tags": {"addr:housename": "碧华庭居", "addr:housename:en": "碧华庭居", "building": "apartments", "building:levels": "17", "name": "碧园3栋", "name:zh": "碧园3栋"}, "heightStatus": "levels_only_unverified", "source": "OpenStreetMap", "license": "ODbL-1.0"}, "geometry": {"type": "MultiPolygon", "coordinates": [[[[114.0452488, 22.5670759], [114.0453418, 22.5669809], [114.0454733, 22.5669747], [114.0454789, 22.5670763], [114.0455174, 22.5670744], [114.0455214, 22.5671482], [114.045422, 22.5671529], [114.0454272, 22.5672476], [114.0452587, 22.5672555], [114.0452488, 22.5670759]]]]}}, {"type": "Feature", "id": "way/1429645100", "properties": {"tags": {"building": "industrial"}, "heightStatus": "unknown", "source": "OpenStreetMap", "license": "ODbL-1.0"}, "geometry": {"type": "MultiPolygon", "coordinates": [[[[114.0440053, 22.5659866], [114.0440637, 22.5657809], [114.0441731, 22.5658073], [114.0442253, 22.5656232], [114.0441158, 22.5655968], [114.04419, 22.5653351], [114.0450586, 22.5655451], [114.0449845, 22.5658067], [114.0443545, 22.5656544], [114.0443023, 22.5658385], [114.0449323, 22.5659908], [114.044874, 22.5661966], [114.0440053, 22.5659866]]]]}}, {"type": "Feature", "id": "way/1429877191", "properties": {"tags": {"building": "construction", "building:levels": "3", "construction": "kindergarten"}, "heightStatus": "levels_only_unverified", "source": "OpenStreetMap", "license": "ODbL-1.0"}, "geometry": {"type": "MultiPolygon", "coordinates": [[[[114.051438, 22.5692228], [114.0516382, 22.5690523], [114.051893, 22.5693074], [114.0516928, 22.5694779], [114.051438, 22.5692228]]]]}}, {"type": "Feature", "id": "way/1429877192", "properties": {"tags": {"addr:housename": "梅林四村", "addr:housename:zh": "梅林四村", "building": "apartments", "building:levels": "8", "name": "16栋", "name:zh": "16栋"}, "heightStatus": "levels_only_unverified", "source": "OpenStreetMap", "license": "ODbL-1.0"}, "geometry": {"type": "MultiPolygon", "coordinates": [[[[114.0519783, 22.5701048], [114.0519897, 22.570042], [114.0525454, 22.5701277], [114.0525743, 22.5699674], [114.0520187, 22.5698817], [114.05203, 22.5698189], [114.0520492, 22.5698219], [114.0520551, 22.5697892], [114.0521516, 22.5698041], [114.0521457, 22.5698367], [114.0521841, 22.5698427], [114.05219, 22.56981], [114.0522865, 22.5698249], [114.0522806, 22.5698575], [114.052319, 22.5698635], [114.0523249, 22.5698308], [114.0524214, 22.5698457], [114.0524154, 22.5698783], [114.0524538, 22.5698843], [114.0524597, 22.5698516], [114.0525562, 22.5698665], [114.0525503, 22.5698991], [114.0526353, 22.5699122], [114.052631, 22.5699356], [114.0526577, 22.5699398], [114.0526145, 22.5701788], [114.0525878, 22.5701747], [114.0525836, 22.5701981], [114.0524986, 22.570185], [114.0524927, 22.5702177], [114.0523962, 22.5702028], [114.0524021, 22.5701702], [114.0523637, 22.5701642], [114.0523578, 22.5701969], [114.0522614, 22.570182], [114.0522673, 22.5701494], [114.0522289, 22.5701434], [114.052223, 22.5701761], [114.0521265, 22.5701612], [114.0521324, 22.5701286], [114.052094, 22.5701226], [114.0520881, 22.5701553], [114.0519916, 22.5701404], [114.0519975, 22.5701078], [114.0519783, 22.5701048]]]]}}, {"type": "Feature", "id": "way/1429877193", "properties": {"tags": {"addr:housename": "京基宸悦府", "addr:housename:zh": "京基宸悦府", "building": "construction", "building:levels": "46", "construction": "apartments", "name": "4栋", "name:zh": "4栋"}, "heightStatus": "levels_only_unverified", "source": "OpenStreetMap", "license": "ODbL-1.0"}, "geometry": {"type": "MultiPolygon", "coordinates": [[[[114.0514397, 22.5685408], [114.0518547, 22.5681951], [114.0519068, 22.5682484], [114.0518635, 22.5682845], [114.0519261, 22.5683487], [114.0519695, 22.5683126], [114.0520216, 22.5683659], [114.0516066, 22.5687116], [114.0515545, 22.5686583], [114.0515978, 22.5686222], [114.0515352, 22.568558], [114.0514918, 22.5685941], [114.0514397, 22.5685408]]]]}}, {"type": "Feature", "id": "way/1429877194", "properties": {"tags": {"addr:housename": "京基宸悦府", "addr:housename:zh": "京基宸悦府", "building": "construction", "building:levels": "48", "construction": "apartments", "name": "2-2栋", "name:zh": "2-2栋"}, "heightStatus": "levels_only_unverified", "source": "OpenStreetMap", "license": "ODbL-1.0"}, "geometry": {"type": "MultiPolygon", "coordinates": [[[[114.0508605, 22.56928], [114.0509711, 22.5692577], [114.0509481, 22.56916], [114.0510653, 22.5691365], [114.0510838, 22.569215], [114.0511688, 22.5691979], [114.0511944, 22.5693061], [114.0510886, 22.5693274], [114.0511127, 22.5694295], [114.051035, 22.5694452], [114.0510068, 22.5693257], [114.0508774, 22.5693518], [114.0508605, 22.56928]]]]}}, {"type": "Feature", "id": "way/1429877195", "properties": {"tags": {"addr:housename": "京基宸悦府", "addr:housename:zh": "京基宸悦府", "building": "construction", "building:levels": "48", "construction": "apartments", "name": "3栋", "name:zh": "3栋"}, "heightStatus": "levels_only_unverified", "source": "OpenStreetMap", "license": "ODbL-1.0"}, "geometry": {"type": "MultiPolygon", "coordinates": [[[[114.0511337, 22.568908], [114.0512446, 22.5688871], [114.0512229, 22.5687891], [114.0513404, 22.5687669], [114.0513578, 22.5688456], [114.0514431, 22.5688295], [114.0514672, 22.568938], [114.0513611, 22.5689581], [114.0513838, 22.5690605], [114.0513059, 22.5690752], [114.0512793, 22.5689555], [114.0511496, 22.56898], [114.0511337, 22.568908]]]]}}, {"type": "Feature", "id": "way/1429877196", "properties": {"tags": {"addr:housename": "京基宸悦府", "addr:housename:zh": "京基宸悦府", "building": "construction", "building:levels": "48", "construction": "apartments", "name": "2-1栋", "name:zh": "2-1栋"}, "heightStatus": "levels_only_unverified", "source": "OpenStreetMap", "license": "ODbL-1.0"}, "geometry": {"type": "MultiPolygon", "coordinates": [[[[114.0508513, 22.5698185], [114.0509421, 22.5697561], [114.0508775, 22.5696759], [114.0509738, 22.5696098], [114.0510257, 22.5696743], [114.0510956, 22.5696263], [114.0511671, 22.5697152], [114.0510802, 22.5697749], [114.0511478, 22.5698588], [114.051084, 22.5699026], [114.051005, 22.5698045], [114.0508988, 22.5698775], [114.0508513, 22.5698185]]]]}}, {"type": "Feature", "id": "way/1429877197", "properties": {"tags": {"addr:housename": "京基宸悦府", "addr:housename:zh": "京基宸悦府", "building": "construction", "building:levels": "48", "construction": "apartments", "name": "1栋", "name:zh": "1栋"}, "heightStatus": "levels_only_unverified", "source": "OpenStreetMap", "license": "ODbL-1.0"}, "geometry": {"type": "MultiPolygon", "coordinates": [[[[114.0514551, 22.5698754], [114.0515459, 22.569813], [114.0514905, 22.5697442], [114.0516032, 22.5696668], [114.0516394, 22.5697118], [114.0517254, 22.5696528], [114.051792, 22.5697355], [114.0516769, 22.5698145], [114.0517447, 22.5698987], [114.0516699, 22.5699501], [114.0516021, 22.5698659], [114.0515025, 22.5699343], [114.0514551, 22.5698754]]]]}}, {"type": "Feature", "id": "way/1429877198", "properties": {"tags": {"addr:housename": "上梅林雅苑", "addr:housename:zh": "上梅林雅苑", "building": "apartments", "name": "1栋3单元", "name:zh": "1栋3单元"}, "heightStatus": "unknown", "source": "OpenStreetMap", "license": "ODbL-1.0"}, "geometry": {"type": "MultiPolygon", "coordinates": [[[[114.0469265, 22.5689008], [114.0470104, 22.5685013], [114.0472497, 22.5685442], [114.0471658, 22.5689437], [114.0469265, 22.5689008]]]]}}, {"type": "Feature", "id": "way/1429877199", "properties": {"tags": {"addr:housename": "上梅林雅苑", "addr:housename:zh": "上梅林雅苑", "building": "apartments", "building:levels": "44", "height": "145", "name": "1栋2单元", "name:zh": "1栋2单元"}, "heightStatus": "height_tag_unverified", "source": "OpenStreetMap", "license": "ODbL-1.0"}, "geometry": {"type": "MultiPolygon", "coordinates": [[[[114.0476161, 22.5693011], [114.0476342, 22.5692149], [114.0477297, 22.569232], [114.0477405, 22.5691807], [114.0477023, 22.5691739], [114.0477221, 22.5690795], [114.0479252, 22.5691159], [114.0479054, 22.5692103], [114.0478672, 22.5692034], [114.0478564, 22.5692547], [114.0479519, 22.5692718], [114.0479338, 22.569358], [114.0476161, 22.5693011]]]]}}, {"type": "Feature", "id": "way/1429877200", "properties": {"tags": {"addr:housename": "上梅林雅苑", "addr:housename:zh": "上梅林雅苑", "building": "apartments", "building:levels": "44", "height": "145", "name": "1栋1单元", "name:zh": "1栋1单元"}, "heightStatus": "height_tag_unverified", "source": "OpenStreetMap", "license": "ODbL-1.0"}, "geometry": {"type": "MultiPolygon", "coordinates": [[[[114.0472984, 22.5692441], [114.0473165, 22.5691579], [114.047412, 22.5691751], [114.0474228, 22.5691238], [114.0473846, 22.5691169], [114.0474044, 22.5690226], [114.0476075, 22.569059], [114.0475877, 22.5691533], [114.0475495, 22.5691465], [114.0475387, 22.5691978], [114.0476342, 22.5692149], [114.0476161, 22.5693011], [114.0472984, 22.5692441]]]]}}, {"type": "Feature", "id": "way/1429877201", "properties": {"tags": {"addr:city": "深圳市", "addr:country": "CN", "addr:district": "福田区", "addr:province": "广东省", "addr:subdistrict": "梅林街道", "building": "commercial", "building:levels": "47", "building:levels:underground": "4", "height": "203.1", "name": "创富大厦", "name:en": "Chuangfu Building", "name:zh": "创富大厦", "name:zh-Hans": "创富大厦", "name:zh-Hant": "創富大廈"}, "heightStatus": "height_tag_unverified", "source": "OpenStreetMap", "license": "ODbL-1.0"}, "geometry": {"type": "MultiPolygon", "coordinates": [[[[114.0467615, 22.5698705], [114.0467986, 22.5695294], [114.047168, 22.5695636], [114.047131, 22.5699047], [114.0467615, 22.5698705]]]]}}, {"type": "Feature", "id": "relation/19603288", "properties": {"tags": {"building": "school"}, "heightStatus": "unknown", "source": "OpenStreetMap", "license": "ODbL-1.0"}, "geometry": {"type": "MultiPolygon", "coordinates": [[[[114.0469944, 22.570775], [114.0470107, 22.5704991], [114.0474158, 22.5703062], [114.0474211, 22.5702169], [114.0471032, 22.5702008], [114.0471109, 22.5700723], [114.0473626, 22.570085], [114.0475095, 22.5700151], [114.047554, 22.5700947], [114.0475121, 22.5708012], [114.0469944, 22.570775]], [[114.0471378, 22.5706563], [114.0473836, 22.5706687], [114.0473883, 22.5705879], [114.0473323, 22.5704875], [114.0471425, 22.5705779], [114.0471378, 22.5706563]]]]}}, {"type": "Feature", "id": "way/1429877205", "properties": {"tags": {"addr:housename": "梅林三村", "addr:housename:zh": "梅林三村", "building": "apartments", "building:levels": "8", "name": "4栋", "name:zh": "4栋"}, "heightStatus": "levels_only_unverified", "source": "OpenStreetMap", "license": "ODbL-1.0"}, "geometry": {"type": "MultiPolygon", "coordinates": [[[[114.0465779, 22.5710009], [114.0471034, 22.5709582], [114.0471156, 22.5710866], [114.0470423, 22.5710925], [114.0470389, 22.5710568], [114.0465867, 22.5710935], [114.0465779, 22.5710009]]]]}}, {"type": "Feature", "id": "way/1429877206", "properties": {"tags": {"addr:housename": "梅林三村", "addr:housename:zh": "梅林三村", "building": "apartments", "building:levels": "29", "name": "6栋", "name:zh": "6栋"}, "heightStatus": "levels_only_unverified", "source": "OpenStreetMap", "license": "ODbL-1.0"}, "geometry": {"type": "MultiPolygon", "coordinates": [[[[114.0478227, 22.5708181], [114.0478809, 22.5708133], [114.0478798, 22.570802], [114.0479185, 22.5707988], [114.0479137, 22.5707486], [114.0480508, 22.5707373], [114.0480556, 22.5707875], [114.0480944, 22.5707843], [114.0480955, 22.5707956], [114.0481536, 22.5707908], [114.0481593, 22.57085], [114.04814, 22.5708516], [114.0481466, 22.5709203], [114.0478545, 22.5709444], [114.0478478, 22.5708757], [114.0478285, 22.5708773], [114.0478227, 22.5708181]]]]}}, {"type": "Feature", "id": "way/1429877207", "properties": {"tags": {"addr:housename": "梅林三村", "addr:housename:zh": "梅林三村", "building": "apartments", "building:levels": "29", "name": "5栋", "name:zh": "5栋"}, "heightStatus": "levels_only_unverified", "source": "OpenStreetMap", "license": "ODbL-1.0"}, "geometry": {"type": "MultiPolygon", "coordinates": [[[[114.0482142, 22.5705977], [114.0482408, 22.570473], [114.0482944, 22.5704828], [114.0483019, 22.5704475], [114.048314, 22.5704497], [114.0483253, 22.5703968], [114.0483884, 22.5704083], [114.0483846, 22.570426], [114.0484579, 22.5704393], [114.0484011, 22.570705], [114.0483278, 22.5706916], [114.048324, 22.5707093], [114.0482609, 22.5706977], [114.0482722, 22.5706449], [114.0482602, 22.5706427], [114.0482677, 22.5706074], [114.0482142, 22.5705977]]]]}}, {"type": "Feature", "id": "relation/19603286", "properties": {"tags": {"addr:housename": "梅林三村", "addr:housename:zh": "梅林三村", "building": "apartments", "building:levels": "8", "name": "2栋", "name:zh": "2栋"}, "heightStatus": "levels_only_unverified", "source": "OpenStreetMap", "license": "ODbL-1.0"}, "geometry": {"type": "MultiPolygon", "coordinates": [[[[114.0477118, 22.5698816], [114.0477239, 22.5696394], [114.048171, 22.5696583], [114.0481589, 22.5699006], [114.0477118, 22.5698816]], [[114.0478135, 22.569796], [114.0480662, 22.5698067], [114.0480693, 22.569744], [114.0478166, 22.5697332], [114.0478135, 22.569796]]]]}}, {"type": "Feature", "id": "relation/19603287", "properties": {"tags": {"addr:housename": "梅林三村", "addr:housename:zh": "梅林三村", "building": "apartments", "building:levels": "8", "name": "3栋", "name:zh": "3栋"}, "heightStatus": "levels_only_unverified", "source": "OpenStreetMap", "license": "ODbL-1.0"}, "geometry": {"type": "MultiPolygon", "coordinates": [[[[114.0476799, 22.5702767], [114.0476919, 22.5700344], [114.048139, 22.5700534], [114.048127, 22.5702956], [114.0476799, 22.5702767]], [[114.0477815, 22.5701911], [114.0480343, 22.5702018], [114.0480374, 22.570139], [114.0477846, 22.5701283], [114.0477815, 22.5701911]]]]}}, {"type": "Feature", "id": "way/1429877212", "properties": {"tags": {"building": "apartments"}, "heightStatus": "unknown", "source": "OpenStreetMap", "license": "ODbL-1.0"}, "geometry": {"type": "MultiPolygon", "coordinates": [[[[114.0487672, 22.5707392], [114.0487712, 22.5704851], [114.0490653, 22.5704891], [114.0490639, 22.570579], [114.048983, 22.5705779], [114.0489818, 22.5706523], [114.049358, 22.5706572], [114.0493539, 22.5709112], [114.0490598, 22.5709072], [114.0490613, 22.5708174], [114.0491421, 22.5708185], [114.0491433, 22.5707441], [114.0487672, 22.5707392]]]]}}, {"type": "Feature", "id": "relation/19603289", "properties": {"tags": {"addr:housename": "梅林四村", "addr:housename:zh": "梅林四村", "building": "apartments", "building:levels": "8", "name": "2栋", "name:zh": "2栋"}, "heightStatus": "levels_only_unverified", "source": "OpenStreetMap", "license": "ODbL-1.0"}, "geometry": {"type": "MultiPolygon", "coordinates": [[[[114.0489405, 22.5702719], [114.0489442, 22.5700338], [114.0490184, 22.5700348], [114.0490193, 22.5699776], [114.0489451, 22.5699766], [114.0489466, 22.5698868], [114.0494493, 22.5698936], [114.0494455, 22.5701317], [114.0493713, 22.5701307], [114.0493704, 22.5701879], [114.0494446, 22.5701889], [114.0494432, 22.5702787], [114.0489405, 22.5702719]], [[114.0490392, 22.5701834], [114.0493473, 22.5701876], [114.0493506, 22.5699821], [114.0490424, 22.5699779], [114.0490392, 22.5701834]]]]}}, {"type": "Feature", "id": "relation/19603290", "properties": {"tags": {"addr:housename": "梅林四村", "addr:housename:zh": "梅林四村", "building": "apartments", "building:levels": "8", "name": "4栋", "name:zh": "4栋"}, "heightStatus": "levels_only_unverified", "source": "OpenStreetMap", "license": "ODbL-1.0"}, "geometry": {"type": "MultiPolygon", "coordinates": [[[[114.0495455, 22.5703735], [114.0495493, 22.5701354], [114.0496234, 22.5701364], [114.0496243, 22.5700792], [114.0495502, 22.5700782], [114.0495516, 22.5699884], [114.0500543, 22.5699952], [114.0500505, 22.5702333], [114.0499764, 22.5702323], [114.0499754, 22.5702895], [114.0500496, 22.5702905], [114.0500482, 22.5703803], [114.0495455, 22.5703735]], [[114.0496442, 22.570285], [114.0499524, 22.5702892], [114.0499556, 22.5700837], [114.0496474, 22.5700795], [114.0496442, 22.570285]]]]}}, {"type": "Feature", "id": "relation/19603293", "properties": {"tags": {"addr:housename": "梅林四村", "addr:housename:zh": "梅林四村", "building": "apartments", "building:levels": "8", "name": "3栋", "name:zh": "3栋"}, "heightStatus": "levels_only_unverified", "source": "OpenStreetMap", "license": "ODbL-1.0"}, "geometry": {"type": "MultiPolygon", "coordinates": [[[[114.049514, 22.5709161], [114.0495178, 22.570678], [114.049592, 22.570679], [114.0495929, 22.5706218], [114.0495187, 22.5706208], [114.0495202, 22.570531], [114.0500229, 22.5705378], [114.0500191, 22.5707759], [114.0499449, 22.5707749], [114.049944, 22.5708321], [114.0500182, 22.5708331], [114.0500168, 22.5709229], [114.049514, 22.5709161]], [[114.0496127, 22.5708276], [114.0499209, 22.5708317], [114.0499242, 22.5706263], [114.049616, 22.5706221], [114.0496127, 22.5708276]]]]}}, {"type": "Feature", "id": "way/1429877219", "properties": {"tags": {"addr:housename": "梅林四村", "addr:housename:zh": "梅林四村", "building": "apartments", "building:levels": "8", "name": "15栋", "name:zh": "15栋"}, "heightStatus": "levels_only_unverified", "source": "OpenStreetMap", "license": "ODbL-1.0"}, "geometry": {"type": "MultiPolygon", "coordinates": [[[[114.0519851, 22.5705171], [114.0519861, 22.5704535], [114.0520056, 22.5704537], [114.0520061, 22.5704206], [114.0521457, 22.5704225], [114.0521452, 22.5704556], [114.0521841, 22.5704562], [114.0521847, 22.570423], [114.0523243, 22.5704249], [114.0523238, 22.570458], [114.0523627, 22.5704586], [114.0523632, 22.5704254], [114.0525028, 22.5704273], [114.0525023, 22.5704605], [114.0525218, 22.5704607], [114.0525207, 22.5705244], [114.0519851, 22.5705171]]]]}}, {"type": "Feature", "id": "way/1429877220", "properties": {"tags": {"addr:housename": "梅林四村", "addr:housename:zh": "梅林四村", "building": "apartments", "building:levels": "8", "name": "14栋", "name:zh": "14栋"}, "heightStatus": "levels_only_unverified", "source": "OpenStreetMap", "license": "ODbL-1.0"}, "geometry": {"type": "MultiPolygon", "coordinates": [[[[114.0519044, 22.5707821], [114.0519054, 22.5707184], [114.0519248, 22.5707187], [114.0519254, 22.5706856], [114.052065, 22.5706874], [114.0520645, 22.5707206], [114.0521034, 22.5707211], [114.0521039, 22.570688], [114.0522435, 22.5706899], [114.052243, 22.570723], [114.0522819, 22.5707235], [114.0522824, 22.5706904], [114.0524221, 22.5706923], [114.0524216, 22.5707254], [114.052441, 22.5707257], [114.05244, 22.5707893], [114.0519044, 22.5707821]]]]}}, {"type": "Feature", "id": "way/1429877221", "properties": {"tags": {"addr:housename": "梅林四村", "addr:housename:zh": "梅林四村", "building": "apartments", "building:levels": "8", "name": "12栋", "name:zh": "12栋"}, "heightStatus": "levels_only_unverified", "source": "OpenStreetMap", "license": "ODbL-1.0"}, "geometry": {"type": "MultiPolygon", "coordinates": [[[[114.0513497, 22.5704254], [114.0513512, 22.570328], [114.0519106, 22.5703356], [114.051909, 22.570433], [114.0513497, 22.5704254]]]]}}, {"type": "Feature", "id": "way/1429877222", "properties": {"tags": {"addr:housename": "梅林四村", "addr:housename:zh": "梅林四村", "building": "apartments", "building:levels": "8", "name": "13栋", "name:zh": "13栋"}, "heightStatus": "levels_only_unverified", "source": "OpenStreetMap", "license": "ODbL-1.0"}, "geometry": {"type": "MultiPolygon", "coordinates": [[[[114.0507399, 22.5703125], [114.0507415, 22.570215], [114.0513008, 22.5702226], [114.0512993, 22.5703201], [114.0507399, 22.5703125]]]]}}, {"type": "Feature", "id": "way/1429877223", "properties": {"tags": {"addr:housename": "梅林四村", "addr:housename:zh": "梅林四村", "building": "apartments", "building:levels": "8", "name": "10栋", "name:zh": "10栋"}, "heightStatus": "levels_only_unverified", "source": "OpenStreetMap", "license": "ODbL-1.0"}, "geometry": {"type": "MultiPolygon", "coordinates": [[[[114.0512805, 22.570668], [114.051282, 22.5705706], [114.0517105, 22.5705764], [114.0517089, 22.5706738], [114.0512805, 22.570668]]]]}}, {"type": "Feature", "id": "way/1429877224", "properties": {"tags": {"addr:housename": "梅林四村", "addr:housename:zh": "梅林四村", "building": "apartments", "building:levels": "8", "name": "11栋", "name:zh": "11栋"}, "heightStatus": "levels_only_unverified", "source": "OpenStreetMap", "license": "ODbL-1.0"}, "geometry": {"type": "MultiPolygon", "coordinates": [[[[114.0507874, 22.5705699], [114.050789, 22.5704724], [114.0512174, 22.5704782], [114.0512159, 22.5705757], [114.0507874, 22.5705699]]]]}}, {"type": "Feature", "id": "way/1429877225", "properties": {"tags": {"addr:housename": "梅林四村", "addr:housename:zh": "梅林四村", "building": "apartments", "building:levels": "8", "name": "9栋", "name:zh": "9栋"}, "heightStatus": "levels_only_unverified", "source": "OpenStreetMap", "license": "ODbL-1.0"}, "geometry": {"type": "MultiPolygon", "coordinates": [[[[114.0514245, 22.5709393], [114.0514262, 22.570828], [114.0518661, 22.5708339], [114.0518644, 22.5709453], [114.0514245, 22.5709393]]]]}}, {"type": "Feature", "id": "way/1429877226", "properties": {"tags": {"addr:housename": "梅林四村", "addr:housename:zh": "梅林四村", "building": "apartments", "building:levels": "8", "name": "8栋", "name:zh": "8栋"}, "heightStatus": "levels_only_unverified", "source": "OpenStreetMap", "license": "ODbL-1.0"}, "geometry": {"type": "MultiPolygon", "coordinates": [[[[114.0509228, 22.5709332], [114.0509246, 22.5708218], [114.0513645, 22.5708278], [114.0513627, 22.5709392], [114.0509228, 22.5709332]]]]}}, {"type": "Feature", "id": "way/1429877227", "properties": {"tags": {"addr:housename": "梅林四村", "addr:housename:zh": "梅林四村", "building": "apartments", "building:levels": "8", "name": "7栋", "name:zh": "7栋"}, "heightStatus": "levels_only_unverified", "source": "OpenStreetMap", "license": "ODbL-1.0"}, "geometry": {"type": "MultiPolygon", "coordinates": [[[[114.0501489, 22.5701765], [114.0501503, 22.5700866], [114.0505978, 22.5700927], [114.0505964, 22.5701825], [114.0501489, 22.5701765]]]]}}, {"type": "Feature", "id": "relation/19603291", "properties": {"tags": {"addr:housename": "梅林四村", "addr:housename:zh": "梅林四村", "building": "apartments", "building:levels": "8", "name": "6栋", "name:zh": "6栋"}, "heightStatus": "levels_only_unverified", "source": "OpenStreetMap", "license": "ODbL-1.0"}, "geometry": {"type": "MultiPolygon", "coordinates": [[[[114.050128, 22.570567], [114.0501319, 22.5703245], [114.0505794, 22.5703306], [114.0505756, 22.5705731], [114.050128, 22.570567]], [[114.0502267, 22.5704785], [114.0504797, 22.5704819], [114.0504807, 22.5704191], [114.0502277, 22.5704157], [114.0502267, 22.5704785]]]]}}, {"type": "Feature", "id": "relation/19603292", "properties": {"tags": {"addr:housename": "梅林四村", "addr:housename:zh": "梅林四村", "building": "apartments", "building:levels": "8", "name": "5栋", "name:zh": "5栋"}, "heightStatus": "levels_only_unverified", "source": "OpenStreetMap", "license": "ODbL-1.0"}, "geometry": {"type": "MultiPolygon", "coordinates": [[[[114.0500863, 22.5709497], [114.0500901, 22.5707072], [114.0505377, 22.5707133], [114.0505338, 22.5709557], [114.0500863, 22.5709497]], [[114.050185, 22.5708612], [114.050438, 22.5708646], [114.050439, 22.5708018], [114.050186, 22.5707983], [114.050185, 22.5708612]]]]}}, {"type": "Feature", "id": "way/1429878437", "properties": {"tags": {"addr:housename": "梅兴苑南区", "addr:housename:zh": "梅兴苑南区", "building": "apartments", "building:levels": "8", "name": "13栋", "name:zh": "13栋"}, "heightStatus": "levels_only_unverified", "source": "OpenStreetMap", "license": "ODbL-1.0"}, "geometry": {"type": "MultiPolygon", "coordinates": [[[[114.0458553, 22.5684033], [114.046273, 22.5683804], [114.0462714, 22.5683554], [114.0466892, 22.5683325], [114.0466955, 22.5684308], [114.0462778, 22.5684537], [114.0462794, 22.5684786], [114.0458616, 22.5685015], [114.0458553, 22.5684033]]]]}}, {"type": "Feature", "id": "way/1429878438", "properties": {"tags": {"addr:housename": "梅兴苑南区", "addr:housename:zh": "梅兴苑南区", "building": "apartments", "building:levels": "8", "name": "12栋", "name:zh": "12栋"}, "heightStatus": "levels_only_unverified", "source": "OpenStreetMap", "license": "ODbL-1.0"}, "geometry": {"type": "MultiPolygon", "coordinates": [[[[114.0457878, 22.5681684], [114.045846, 22.568165], [114.0458432, 22.5681231], [114.0458043, 22.5681253], [114.0458023, 22.5680959], [114.0458218, 22.5680948], [114.0458206, 22.5680774], [114.0459642, 22.568069], [114.0459654, 22.5680864], [114.0459849, 22.5680853], [114.0459869, 22.5681147], [114.045948, 22.5681169], [114.0459509, 22.5681589], [114.0460674, 22.5681521], [114.0460645, 22.5681101], [114.0460257, 22.5681124], [114.0460237, 22.568083], [114.0460431, 22.5680819], [114.0460419, 22.5680645], [114.0461856, 22.5680561], [114.0461868, 22.5680735], [114.0462062, 22.5680724], [114.0462082, 22.5681018], [114.0461694, 22.568104], [114.0461722, 22.5681459], [114.0462888, 22.5681391], [114.0462859, 22.5680972], [114.046247, 22.5680995], [114.046245, 22.5680701], [114.0462645, 22.568069], [114.0462633, 22.5680516], [114.0464069, 22.5680432], [114.0464081, 22.5680606], [114.0464276, 22.5680595], [114.0464296, 22.5680888], [114.0463907, 22.5680911], [114.0463936, 22.568133], [114.0465101, 22.5681262], [114.0465072, 22.5680843], [114.0464684, 22.5680866], [114.0464664, 22.5680572], [114.0464858, 22.5680561], [114.0464846, 22.5680387], [114.0466283, 22.5680303], [114.0466295, 22.5680477], [114.0466489, 22.5680466], [114.0466509, 22.5680759], [114.0466121, 22.5680782], [114.0466149, 22.5681201], [114.0466926, 22.5681156], [114.0466866, 22.5680269], [114.0468302, 22.5680185], [114.046841, 22.5681763], [114.0457925, 22.5682374], [114.0457878, 22.5681684]]]]}}, {"type": "Feature", "id": "way/1429878443", "properties": {"tags": {"addr:housename": "梅兴苑北区", "addr:housename:zh": "梅兴苑北区", "building": "apartments", "building:levels": "8", "name": "1栋", "name:zh": "1栋"}, "heightStatus": "levels_only_unverified", "source": "OpenStreetMap", "license": "ODbL-1.0"}, "geometry": {"type": "MultiPolygon", "coordinates": [[[[114.0453751, 22.5692802], [114.0453966, 22.569225], [114.0454149, 22.5692311], [114.0454259, 22.5692029], [114.0454076, 22.5691969], [114.0454292, 22.5691416], [114.0455642, 22.5691865], [114.0455426, 22.5692417], [114.0455243, 22.5692357], [114.0455133, 22.5692638], [114.0455877, 22.5692886], [114.0455987, 22.5692604], [114.0455804, 22.5692543], [114.045602, 22.569199], [114.045737, 22.5692439], [114.0457154, 22.5692992], [114.0456971, 22.5692931], [114.0456861, 22.5693213], [114.0457605, 22.569346], [114.0457715, 22.5693179], [114.0457532, 22.5693118], [114.0457748, 22.5692565], [114.0459098, 22.5693014], [114.0458882, 22.5693566], [114.0458699, 22.5693506], [114.0458589, 22.5693787], [114.0458772, 22.5693848], [114.0458557, 22.5694399], [114.0453751, 22.5692802]]]]}}, {"type": "Feature", "id": "way/1429878445", "properties": {"tags": {"addr:housename": "梅兴苑北区", "addr:housename:zh": "梅兴苑北区", "building": "apartments", "building:levels": "8", "name": "4栋", "name:zh": "4栋"}, "heightStatus": "levels_only_unverified", "source": "OpenStreetMap", "license": "ODbL-1.0"}, "geometry": {"type": "MultiPolygon", "coordinates": [[[[114.0446386, 22.5690372], [114.0446601, 22.5689821], [114.044715, 22.5690003], [114.044726, 22.5689722], [114.0447077, 22.5689661], [114.0447292, 22.5689108], [114.0448642, 22.5689557], [114.0448426, 22.5690109], [114.0448243, 22.5690049], [114.0448133, 22.569033], [114.0449232, 22.5690696], [114.0449342, 22.5690414], [114.0449159, 22.5690353], [114.0449374, 22.56898], [114.0450724, 22.5690249], [114.0450508, 22.5690802], [114.0450325, 22.5690741], [114.0450215, 22.5691023], [114.0451314, 22.5691388], [114.0451424, 22.5691106], [114.0451241, 22.5691045], [114.0451456, 22.5690492], [114.0452806, 22.5690941], [114.045259, 22.5691494], [114.0452407, 22.5691433], [114.0452297, 22.5691715], [114.0452847, 22.5691897], [114.0452632, 22.5692449], [114.0446386, 22.5690372]]]]}}, {"type": "Feature", "id": "way/1429878446", "properties": {"tags": {"addr:housename": "梅兴苑南区", "addr:housename:zh": "梅兴苑南区", "building": "apartments", "building:levels": "8", "name": "9栋", "name:zh": "9栋"}, "heightStatus": "levels_only_unverified", "source": "OpenStreetMap", "license": "ODbL-1.0"}, "geometry": {"type": "MultiPolygon", "coordinates": [[[[114.0450548, 22.5688313], [114.0450817, 22.5687667], [114.0451362, 22.568786], [114.0451525, 22.5687468], [114.0451162, 22.5687339], [114.0451276, 22.5687064], [114.0451458, 22.5687128], [114.0451525, 22.5686966], [114.0452869, 22.5687443], [114.0452802, 22.5687605], [114.0452983, 22.5687669], [114.0452869, 22.5687944], [114.0452506, 22.5687815], [114.0452343, 22.5688208], [114.0453432, 22.5688594], [114.0453595, 22.5688202], [114.0453232, 22.5688073], [114.0453346, 22.5687798], [114.0453528, 22.5687863], [114.0453596, 22.56877], [114.045494, 22.5688177], [114.0454872, 22.5688339], [114.0455054, 22.5688404], [114.0454939, 22.5688679], [114.0454576, 22.568855], [114.0454413, 22.5688942], [114.0454958, 22.5689135], [114.0454689, 22.5689781], [114.0450548, 22.5688313]]]]}}, {"type": "Feature", "id": "way/1429878447", "properties": {"tags": {"addr:housename": "梅兴苑南区", "addr:housename:zh": "梅兴苑南区", "building": "apartments", "building:levels": "8", "name": "10栋", "name:zh": "10栋"}, "heightStatus": "levels_only_unverified", "source": "OpenStreetMap", "license": "ODbL-1.0"}, "geometry": {"type": "MultiPolygon", "coordinates": [[[[114.0451531, 22.5685519], [114.0451799, 22.5684872], [114.0452344, 22.5685066], [114.0452507, 22.5684674], [114.0452144, 22.5684545], [114.0452258, 22.568427], [114.045244, 22.5684334], [114.0452508, 22.5684172], [114.0453852, 22.5684648], [114.0453784, 22.5684811], [114.0453966, 22.5684875], [114.0453851, 22.568515], [114.0453488, 22.5685021], [114.0453325, 22.5685414], [114.0454415, 22.56858], [114.0454578, 22.5685408], [114.0454215, 22.5685279], [114.0454329, 22.5685004], [114.045451, 22.5685069], [114.0454578, 22.5684906], [114.0455922, 22.5685383], [114.0455854, 22.5685545], [114.0456036, 22.568561], [114.0455922, 22.5685885], [114.0455559, 22.5685756], [114.0455395, 22.5686148], [114.045594, 22.5686341], [114.0455672, 22.5686987], [114.0451531, 22.5685519]]]]}}, {"type": "Feature", "id": "way/1429878448", "properties": {"tags": {"addr:housename": "梅兴苑南区", "addr:housename:zh": "梅兴苑南区", "building": "apartments", "building:levels": "8", "name": "11栋", "name:zh": "11栋"}, "heightStatus": "levels_only_unverified", "source": "OpenStreetMap", "license": "ODbL-1.0"}, "geometry": {"type": "MultiPolygon", "coordinates": [[[[114.0452015, 22.5681977], [114.0452598, 22.5681943], [114.0452569, 22.5681524], [114.0452181, 22.5681546], [114.0452161, 22.5681253], [114.0452355, 22.5681241], [114.0452343, 22.5681068], [114.045378, 22.5680984], [114.0453792, 22.5681157], [114.0453986, 22.5681146], [114.0454006, 22.568144], [114.0453617, 22.5681463], [114.0453646, 22.5681882], [114.0454811, 22.5681814], [114.0454782, 22.5681395], [114.0454394, 22.5681417], [114.0454374, 22.5681123], [114.0454568, 22.5681112], [114.0454556, 22.5680938], [114.0455993, 22.5680855], [114.0456005, 22.5681028], [114.0456199, 22.5681017], [114.0456219, 22.5681311], [114.0455831, 22.5681333], [114.045586, 22.5681753], [114.0456442, 22.5681719], [114.0456489, 22.5682409], [114.0452062, 22.5682668], [114.0452015, 22.5681977]]]]}}, {"type": "Feature", "id": "way/1429878449", "properties": {"tags": {"addr:housename": "红梅苑", "addr:housename:zh": "红梅苑", "building": "apartments", "building:levels": "8", "name": "3栋", "name:zh": "3栋"}, "heightStatus": "levels_only_unverified", "source": "OpenStreetMap", "license": "ODbL-1.0"}, "geometry": {"type": "MultiPolygon", "coordinates": [[[[114.0441957, 22.5685105], [114.044219, 22.5684524], [114.0442738, 22.5684711], [114.0442828, 22.5684486], [114.0442463, 22.5684362], [114.0442726, 22.5683707], [114.0444483, 22.5684308], [114.044422, 22.5684963], [114.0443855, 22.5684838], [114.0443765, 22.5685063], [114.044486, 22.5685437], [114.044495, 22.5685213], [114.0444585, 22.5685088], [114.0444848, 22.5684433], [114.0446605, 22.5685034], [114.0446342, 22.5685689], [114.0445977, 22.5685564], [114.0445887, 22.5685789], [114.0446982, 22.5686164], [114.0447072, 22.5685939], [114.0446707, 22.5685814], [114.044697, 22.5685159], [114.0448727, 22.5685761], [114.0448464, 22.5686416], [114.04481, 22.5686291], [114.0448009, 22.5686515], [114.0448557, 22.5686703], [114.0448324, 22.5687283], [114.0447776, 22.5687096], [114.0447726, 22.5687221], [114.0446698, 22.568687], [114.0446749, 22.5686744], [114.0445654, 22.568637], [114.0445604, 22.5686495], [114.0444576, 22.5686143], [114.0444627, 22.5686018], [114.0443532, 22.5685644], [114.0443482, 22.5685769], [114.0442454, 22.5685417], [114.0442504, 22.5685292], [114.0441957, 22.5685105]]]]}}, {"type": "Feature", "id": "way/1429878454", "properties": {"tags": {"addr:housename": "梅兴苑北区", "addr:housename:zh": "梅兴苑北区", "building": "apartments", "building:levels": "8", "name": "2栋", "name:zh": "2栋"}, "heightStatus": "levels_only_unverified", "source": "OpenStreetMap", "license": "ODbL-1.0"}, "geometry": {"type": "MultiPolygon", "coordinates": [[[[114.0452385, 22.5695298], [114.0452641, 22.569449], [114.0457397, 22.5695776], [114.045714, 22.5696584], [114.0456954, 22.5696533], [114.0456906, 22.5696685], [114.0455694, 22.5696357], [114.0455742, 22.5696205], [114.0455369, 22.5696104], [114.045532, 22.5696256], [114.0454109, 22.5695929], [114.0454157, 22.5695777], [114.0453783, 22.5695676], [114.0453735, 22.5695828], [114.0452524, 22.56955], [114.0452572, 22.5695348], [114.0452385, 22.5695298]]]]}}, {"type": "Feature", "id": "way/1429878455", "properties": {"tags": {"addr:housename": "梅兴苑北区", "addr:housename:zh": "梅兴苑北区", "building": "apartments", "building:levels": "8", "name": "3栋", "name:zh": "3栋"}, "heightStatus": "levels_only_unverified", "source": "OpenStreetMap", "license": "ODbL-1.0"}, "geometry": {"type": "MultiPolygon", "coordinates": [[[[114.0451, 22.5697299], [114.0451256, 22.5696492], [114.0456012, 22.5697778], [114.0455756, 22.5698585], [114.0455569, 22.5698535], [114.0455521, 22.5698687], [114.0454309, 22.5698359], [114.0454357, 22.5698207], [114.0453984, 22.5698106], [114.0453936, 22.5698258], [114.0452724, 22.569793], [114.0452772, 22.5697778], [114.0452399, 22.5697677], [114.0452351, 22.5697829], [114.0451139, 22.5697502], [114.0451187, 22.569735], [114.0451, 22.5697299]]]]}}, {"type": "Feature", "id": "way/1429878457", "properties": {"tags": {"addr:housename": "梅兴苑北区", "addr:housename:zh": "梅兴苑北区", "building": "apartments", "building:levels": "8", "name": "6栋", "name:zh": "6栋"}, "heightStatus": "levels_only_unverified", "source": "OpenStreetMap", "license": "ODbL-1.0"}, "geometry": {"type": "MultiPolygon", "coordinates": [[[[114.0442577, 22.5695088], [114.0442717, 22.5694646], [114.0443124, 22.5694756], [114.0443199, 22.5694519], [114.044292, 22.5694443], [114.0443084, 22.5693926], [114.0443599, 22.5694065], [114.044348, 22.5694443], [114.0443937, 22.5694567], [114.0444057, 22.5694189], [114.0444572, 22.5694328], [114.0444408, 22.5694846], [114.0444129, 22.569477], [114.0444054, 22.5695008], [114.0444867, 22.5695228], [114.0444943, 22.569499], [114.0444664, 22.5694915], [114.0444828, 22.5694397], [114.0445343, 22.5694537], [114.0445223, 22.5694915], [114.0445681, 22.5695038], [114.0445801, 22.569466], [114.0446316, 22.56948], [114.0446152, 22.5695317], [114.0445873, 22.5695242], [114.0445797, 22.5695479], [114.0446611, 22.5695699], [114.0446686, 22.5695462], [114.0446407, 22.5695386], [114.0446571, 22.5694869], [114.0447086, 22.5695008], [114.0446966, 22.5695386], [114.0447424, 22.569551], [114.0447544, 22.5695132], [114.0448059, 22.5695271], [114.0447895, 22.5695789], [114.0447616, 22.5695713], [114.0447541, 22.5695951], [114.0448354, 22.5696171], [114.044843, 22.5695933], [114.0448151, 22.5695858], [114.0448315, 22.569534], [114.044883, 22.569548], [114.044871, 22.5695858], [114.0449168, 22.5695982], [114.0449288, 22.5695604], [114.0449803, 22.5695743], [114.0449639, 22.569626], [114.044936, 22.5696185], [114.0449284, 22.5696422], [114.0449691, 22.5696532], [114.0449551, 22.5696975], [114.0448981, 22.5696821], [114.0448898, 22.5697085], [114.0448293, 22.5696921], [114.0448377, 22.5696657], [114.0447238, 22.5696349], [114.0447154, 22.5696613], [114.0446549, 22.569645], [114.0446633, 22.5696186], [114.0445495, 22.5695878], [114.0445411, 22.5696142], [114.0444806, 22.5695978], [114.044489, 22.5695714], [114.0443751, 22.5695406], [114.0443667, 22.569567], [114.0443062, 22.5695506], [114.0443146, 22.5695242], [114.0442577, 22.5695088]]]]}}, {"type": "Feature", "id": "way/1431972786", "properties": {"tags": {"addr:housename": "中康生活区", "addr:housename:en": "Zhongkang Community", "addr:housename:zh": "中康生活区", "building": "apartments", "name": "10栋", "name:en": "Block 10", "name:zh": "10栋"}, "heightStatus": "unknown", "source": "OpenStreetMap", "license": "ODbL-1.0"}, "geometry": {"type": "MultiPolygon", "coordinates": [[[[114.0487171, 22.5713129], [114.0496235, 22.5713119], [114.0496237, 22.571425], [114.0487173, 22.571426], [114.0487171, 22.5713129]]]]}}, {"type": "Feature", "id": "way/1431972787", "properties": {"tags": {"addr:housename": "中康生活区", "addr:housename:en": "Zhongkang Community", "addr:housename:zh": "中康生活区", "building": "apartments", "name": "专家楼", "name:en": "Professional Building", "name:zh": "专家楼"}, "heightStatus": "unknown", "source": "OpenStreetMap", "license": "ODbL-1.0"}, "geometry": {"type": "MultiPolygon", "coordinates": [[[[114.0500258, 22.5714965], [114.0500267, 22.5714066], [114.0500996, 22.5714073], [114.0500999, 22.5713776], [114.0500563, 22.5713772], [114.0500572, 22.5712901], [114.0502116, 22.5712915], [114.0502107, 22.5713786], [114.0501671, 22.5713782], [114.0501668, 22.5714079], [114.0502396, 22.5714085], [114.0502386, 22.5714984], [114.0501555, 22.5714977], [114.050156, 22.5714507], [114.0501094, 22.5714503], [114.0501089, 22.5714973], [114.0500258, 22.5714965]]]]}}, {"type": "Feature", "id": "way/1431972798", "properties": {"tags": {"addr:housename": "福丰楼", "addr:housename:en": "Fufeng Building", "addr:housename:zh": "福丰楼", "building": "apartments", "building:levels": "8", "name": "1栋", "name:en": "Block 1", "name:zh": "1栋"}, "heightStatus": "levels_only_unverified", "source": "OpenStreetMap", "license": "ODbL-1.0"}, "geometry": {"type": "MultiPolygon", "coordinates": [[[[114.0525922, 22.5713941], [114.0525939, 22.5713081], [114.0530836, 22.5713163], [114.0530819, 22.5714024], [114.0525922, 22.5713941]]]]}}, {"type": "Feature", "id": "way/1431972799", "properties": {"tags": {"addr:housename": "福丰楼", "addr:housename:en": "Fufeng Building", "addr:housename:zh": "福丰楼", "building": "apartments", "building:levels": "8", "name": "2栋", "name:en": "Block 2", "name:zh": "2栋"}, "heightStatus": "levels_only_unverified", "source": "OpenStreetMap", "license": "ODbL-1.0"}, "geometry": {"type": "MultiPolygon", "coordinates": [[[[114.0525922, 22.5716018], [114.0525939, 22.5715158], [114.0530836, 22.571524], [114.0530819, 22.57161], [114.0525922, 22.5716018]]]]}}, {"type": "Feature", "id": "way/1431972802", "properties": {"tags": {"addr:housename": "福贸花园", "addr:housename:en": "Fumao Garden", "addr:housename:zh": "福贸花园", "building": "apartments", "name": "1栋", "name:en": "Block 1", "name:zh": "1栋"}, "heightStatus": "unknown", "source": "OpenStreetMap", "license": "ODbL-1.0"}, "geometry": {"type": "MultiPolygon", "coordinates": [[[[114.0533574, 22.5717971], [114.0533596, 22.5716836], [114.0538558, 22.5716919], [114.0538536, 22.5718055], [114.0533574, 22.5717971]]]]}}, {"type": "Feature", "id": "way/1432481806", "properties": {"tags": {"addr:housename": "上梅华庭居", "addr:housename:en": "Shangmei Huating Residences", "addr:housename:zh": "上梅华庭居", "building": "apartments", "name": "4栋", "name:en": "Block 4", "name:zh": "4栋"}, "heightStatus": "unknown", "source": "OpenStreetMap", "license": "ODbL-1.0"}, "geometry": {"type": "MultiPolygon", "coordinates": [[[[114.0530342, 22.5676222], [114.0530356, 22.5673577], [114.0531967, 22.5673585], [114.053196, 22.5674737], [114.0531956, 22.5675513], [114.0531952, 22.567623], [114.0530342, 22.5676222]]]]}}, {"type": "Feature", "id": "way/1432481807", "properties": {"tags": {"addr:housename": "上梅华庭居", "addr:housename:en": "Shangmei Huating Residences", "addr:housename:zh": "上梅华庭居", "building": "apartments", "name": "1栋", "name:en": "Block 1", "name:zh": "1栋"}, "heightStatus": "unknown", "source": "OpenStreetMap", "license": "ODbL-1.0"}, "geometry": {"type": "MultiPolygon", "coordinates": [[[[114.0529943, 22.5679614], [114.0529947, 22.5678837], [114.0530405, 22.5678839], [114.0530407, 22.5678497], [114.0530163, 22.5678496], [114.0530167, 22.5677744], [114.0532052, 22.5677753], [114.0532048, 22.5678504], [114.0531591, 22.5678502], [114.0531589, 22.5678845], [114.0531938, 22.5678846], [114.0531933, 22.5679623], [114.0529943, 22.5679614]]]]}}, {"type": "Feature", "id": "way/1432481808", "properties": {"tags": {"addr:housename": "东方富苑", "addr:housename:en": "Dongfang Fuyuan", "addr:housename:zh": "东方富苑", "building": "apartments", "name": "2栋", "name:en": "Block 2", "name:zh": "2栋"}, "heightStatus": "unknown", "source": "OpenStreetMap", "license": "ODbL-1.0"}, "geometry": {"type": "MultiPolygon", "coordinates": [[[[114.0535418, 22.5679394], [114.0535431, 22.5678461], [114.0536195, 22.567847], [114.0536202, 22.5677916], [114.0538263, 22.567794], [114.0538255, 22.5678494], [114.0539019, 22.5678503], [114.0539006, 22.5679436], [114.0537866, 22.5679423], [114.0537863, 22.5679695], [114.0538231, 22.56797], [114.0538224, 22.5680212], [114.0536179, 22.5680188], [114.0536186, 22.5679676], [114.0536555, 22.567968], [114.0536558, 22.5679408], [114.0535418, 22.5679394]]]]}}, {"type": "Feature", "id": "way/1432481809", "properties": {"tags": {"addr:housename": "东方富苑", "addr:housename:en": "Dongfang Fuyuan", "addr:housename:zh": "东方富苑", "building": "apartments", "name": "1栋", "name:en": "Block 1", "name:zh": "1栋"}, "heightStatus": "unknown", "source": "OpenStreetMap", "license": "ODbL-1.0"}, "geometry": {"type": "MultiPolygon", "coordinates": [[[[114.0535575, 22.567496], [114.0535588, 22.5674027], [114.0536352, 22.5674036], [114.0536359, 22.5673482], [114.053842, 22.5673506], [114.0538412, 22.567406], [114.0539176, 22.5674069], [114.0539163, 22.5675002], [114.0538023, 22.5674989], [114.053802, 22.5675261], [114.0538388, 22.5675266], [114.0538381, 22.5675778], [114.0536336, 22.5675754], [114.0536343, 22.5675242], [114.0536712, 22.5675246], [114.0536715, 22.5674974], [114.0535575, 22.567496]]]]}}, {"type": "Feature", "id": "way/1432481810", "properties": {"tags": {"addr:housename": "上梅华庭居", "addr:housename:en": "Shangmei Huating Residences", "addr:housename:zh": "上梅华庭居", "building": "apartments", "name": "3栋", "name:en": "Block 3", "name:zh": "3栋"}, "heightStatus": "unknown", "source": "OpenStreetMap", "license": "ODbL-1.0"}, "geometry": {"type": "MultiPolygon", "coordinates": [[[[114.0531956, 22.5675513], [114.053196, 22.5674737], [114.0532605, 22.567474], [114.0532607, 22.5674397], [114.0532218, 22.5674395], [114.0532222, 22.5673644], [114.0534184, 22.5673653], [114.053418, 22.5674404], [114.0533791, 22.5674402], [114.0533789, 22.5674745], [114.0534179, 22.5674747], [114.0534174, 22.5675523], [114.0531956, 22.5675513]]]]}}, {"type": "Feature", "id": "way/1432481811", "properties": {"tags": {"addr:housename": "上梅华庭居", "addr:housename:en": "Shangmei Huating Residences", "addr:housename:zh": "上梅华庭居", "building": "apartments", "name": "2栋", "name:en": "Block 2", "name:zh": "2栋"}, "heightStatus": "unknown", "source": "OpenStreetMap", "license": "ODbL-1.0"}, "geometry": {"type": "MultiPolygon", "coordinates": [[[[114.0532048, 22.5678504], [114.0532052, 22.5677753], [114.0533947, 22.5677762], [114.0533943, 22.5678513], [114.0533554, 22.5678511], [114.0533552, 22.5678854], [114.0534191, 22.5678856], [114.0534187, 22.5679633], [114.0532231, 22.5679624], [114.0532236, 22.5678848], [114.0532368, 22.5678848], [114.0532369, 22.5678506], [114.0532048, 22.5678504]]]]}}, {"type": "Feature", "id": "way/1432481820", "properties": {"tags": {"addr:housename": "华茂苑", "addr:housename:en": "Huamao Court", "addr:housename:zh": "华茂苑", "building": "apartments", "building:levels": "7", "name": "8栋", "name:en": "Block 8", "name:zh": "8栋"}, "heightStatus": "levels_only_unverified", "source": "OpenStreetMap", "license": "ODbL-1.0"}, "geometry": {"type": "MultiPolygon", "coordinates": [[[[114.051586, 22.5661709], [114.0515877, 22.5660732], [114.0516461, 22.5660741], [114.0516467, 22.5660395], [114.0516272, 22.5660392], [114.0516282, 22.5659853], [114.0518125, 22.565988], [114.0518116, 22.5660419], [114.0517921, 22.5660416], [114.0517915, 22.5660763], [114.0518399, 22.566077], [114.0518405, 22.5660393], [114.0518989, 22.5660402], [114.0518995, 22.5660056], [114.05188, 22.5660053], [114.051881, 22.5659514], [114.0520653, 22.5659541], [114.0520644, 22.566008], [114.0520449, 22.5660077], [114.0520443, 22.5660423], [114.0521027, 22.5660432], [114.052101, 22.5661408], [114.0520426, 22.56614], [114.0520429, 22.5661238], [114.0518975, 22.5661217], [114.0518972, 22.5661378], [114.0518489, 22.5661371], [114.0518482, 22.5661748], [114.0517898, 22.5661739], [114.0517901, 22.5661577], [114.0516447, 22.5661556], [114.0516444, 22.5661717], [114.051586, 22.5661709]]]]}}, {"type": "Feature", "id": "way/1432481821", "properties": {"tags": {"addr:housename": "华茂苑", "addr:housename:en": "Huamao Court", "addr:housename:zh": "华茂苑", "building": "apartments", "building:levels": "7", "name": "9栋", "name:en": "Block 9", "name:zh": "9栋"}, "heightStatus": "levels_only_unverified", "source": "OpenStreetMap", "license": "ODbL-1.0"}, "geometry": {"type": "MultiPolygon", "coordinates": [[[[114.0515945, 22.5657221], [114.0515962, 22.5656244], [114.0516545, 22.5656253], [114.0516551, 22.5655907], [114.0516357, 22.5655904], [114.0516366, 22.5655365], [114.051821, 22.5655392], [114.0518201, 22.5655931], [114.0518006, 22.5655928], [114.0518, 22.5656275], [114.0518584, 22.5656283], [114.0518577, 22.565666], [114.051906, 22.5656667], [114.0519066, 22.5656321], [114.0518872, 22.5656318], [114.0518881, 22.5655779], [114.0520725, 22.5655806], [114.0520715, 22.5656345], [114.0520521, 22.5656343], [114.0520515, 22.5656689], [114.0521099, 22.5656697], [114.0521081, 22.5657674], [114.0520498, 22.5657665], [114.0520501, 22.5657504], [114.0519046, 22.5657482], [114.0519043, 22.5657643], [114.051846, 22.5657635], [114.0518466, 22.5657258], [114.0517983, 22.5657251], [114.0517986, 22.5657089], [114.0516531, 22.5657068], [114.0516528, 22.5657229], [114.0515945, 22.5657221]]]]}}, {"type": "Feature", "id": "way/1432481822", "properties": {"tags": {"addr:housename": "华茂苑", "addr:housename:en": "Huamao Court", "addr:housename:zh": "华茂苑", "building": "apartments", "building:levels": "7", "name": "14栋", "name:en": "Block 14", "name:zh": "14栋"}, "heightStatus": "levels_only_unverified", "source": "OpenStreetMap", "license": "ODbL-1.0"}, "geometry": {"type": "MultiPolygon", "coordinates": [[[[114.0528356, 22.5658818], [114.0528359, 22.5658017], [114.0530183, 22.565803], [114.0530182, 22.5658214], [114.0532014, 22.5658227], [114.0532012, 22.5658388], [114.0533857, 22.5658401], [114.053385, 22.5659202], [114.0531998, 22.5659189], [114.0531999, 22.5659028], [114.0530173, 22.5659015], [114.0530174, 22.5658831], [114.0528356, 22.5658818]]]]}}, {"type": "Feature", "id": "way/1432481823", "properties": {"tags": {"addr:housename": "华茂苑", "addr:housename:en": "Huamao Court", "addr:housename:zh": "华茂苑", "building": "apartments", "building:levels": "7", "name": "13栋", "name:en": "Block 13", "name:zh": "13栋"}, "heightStatus": "levels_only_unverified", "source": "OpenStreetMap", "license": "ODbL-1.0"}, "geometry": {"type": "MultiPolygon", "coordinates": [[[[114.0528375, 22.5661987], [114.0528385, 22.5661185], [114.0530204, 22.5661199], [114.0530205, 22.5661015], [114.0532031, 22.5661028], [114.0532033, 22.5660867], [114.0533885, 22.5660881], [114.0533878, 22.5661682], [114.0532034, 22.5661669], [114.0532032, 22.5661829], [114.0530201, 22.5661816], [114.0530199, 22.5662], [114.0528375, 22.5661987]]]]}}, {"type": "Feature", "id": "way/1432481824", "properties": {"tags": {"addr:housename": "华茂苑", "addr:housename:en": "Huamao Court", "addr:housename:zh": "华茂苑", "building": "apartments", "building:levels": "7", "name": "15栋", "name:en": "Block 15", "name:zh": "15栋"}, "heightStatus": "levels_only_unverified", "source": "OpenStreetMap", "license": "ODbL-1.0"}, "geometry": {"type": "MultiPolygon", "coordinates": [[[[114.0528246, 22.565648], [114.052826, 22.5655673], [114.0533413, 22.565575], [114.0533399, 22.5656557], [114.0528246, 22.565648]]]]}}, {"type": "Feature", "id": "way/1432481825", "properties": {"tags": {"addr:housename": "华茂苑", "addr:housename:en": "Huamao Court", "addr:housename:zh": "华茂苑", "building": "apartments", "building:levels": "7", "name": "12栋", "name:en": "Block 12", "name:zh": "12栋"}, "heightStatus": "levels_only_unverified", "source": "OpenStreetMap", "license": "ODbL-1.0"}, "geometry": {"type": "MultiPolygon", "coordinates": [[[[114.0522425, 22.565638], [114.0522439, 22.5655574], [114.0527592, 22.565565], [114.0527578, 22.5656457], [114.0522425, 22.565638]]]]}}, {"type": "Feature", "id": "way/1432481826", "properties": {"tags": {"addr:housename": "华茂苑", "addr:housename:en": "Huamao Court", "addr:housename:zh": "华茂苑", "building": "apartments", "building:levels": "7", "name": "11栋", "name:en": "Block 11", "name:zh": "11栋"}, "heightStatus": "levels_only_unverified", "source": "OpenStreetMap", "license": "ODbL-1.0"}, "geometry": {"type": "MultiPolygon", "coordinates": [[[[114.0522009, 22.5659033], [114.0522023, 22.5658232], [114.0523867, 22.565826], [114.052387, 22.5658099], [114.0525702, 22.5658126], [114.0525705, 22.5657942], [114.0527529, 22.565797], [114.0527512, 22.5658771], [114.0525693, 22.5658743], [114.052569, 22.5658927], [114.0523864, 22.56589], [114.0523861, 22.5659061], [114.0522009, 22.5659033]]]]}}, {"type": "Feature", "id": "way/1432481827", "properties": {"tags": {"addr:housename": "华茂苑", "addr:housename:en": "Huamao Court", "addr:housename:zh": "华茂苑", "building": "apartments", "building:levels": "7", "name": "10栋", "name:en": "Block 10", "name:zh": "10栋"}, "heightStatus": "levels_only_unverified", "source": "OpenStreetMap", "license": "ODbL-1.0"}, "geometry": {"type": "MultiPolygon", "coordinates": [[[[114.0521917, 22.5661512], [114.0521931, 22.5660711], [114.0523783, 22.5660738], [114.052378, 22.5660899], [114.0525606, 22.5660926], [114.0525603, 22.566111], [114.0527421, 22.5661137], [114.0527411, 22.5661938], [114.0525587, 22.5661911], [114.052559, 22.5661727], [114.0523758, 22.56617], [114.0523761, 22.5661539], [114.0521917, 22.5661512]]]]}}, {"type": "Feature", "id": "way/1432481828", "properties": {"tags": {"addr:housename": "华茂苑", "addr:housename:en": "Huamao Court", "addr:housename:zh": "华茂苑", "building": "apartments", "building:levels": "7", "name": "7栋", "name:en": "Block 7", "name:zh": "7栋"}, "heightStatus": "levels_only_unverified", "source": "OpenStreetMap", "license": "ODbL-1.0"}, "geometry": {"type": "MultiPolygon", "coordinates": [[[[114.0515954, 22.5664621], [114.0515968, 22.566382], [114.0517813, 22.5663848], [114.0517815, 22.5663687], [114.0519647, 22.5663714], [114.051965, 22.566353], [114.0521367, 22.5663556], [114.0521364, 22.5663717], [114.0522388, 22.5663733], [114.0522374, 22.5664534], [114.0521346, 22.5664519], [114.0521349, 22.5664357], [114.0519638, 22.5664331], [114.0519635, 22.5664515], [114.0517809, 22.5664488], [114.0517806, 22.5664649], [114.0515954, 22.5664621]]]]}}, {"type": "Feature", "id": "way/1432481829", "properties": {"tags": {"addr:housename": "华茂苑", "addr:housename:en": "Huamao Court", "addr:housename:zh": "华茂苑", "building": "apartments", "building:levels": "7", "name": "6栋", "name:en": "Block 6", "name:zh": "6栋"}, "heightStatus": "levels_only_unverified", "source": "OpenStreetMap", "license": "ODbL-1.0"}, "geometry": {"type": "MultiPolygon", "coordinates": [[[[114.0515787, 22.5666996], [114.0515801, 22.5666195], [114.0517645, 22.5666222], [114.0517648, 22.5666062], [114.0519487, 22.5666089], [114.0519484, 22.5666255], [114.0521199, 22.5666281], [114.0521197, 22.5666442], [114.052222, 22.5666457], [114.0522207, 22.5667259], [114.0521179, 22.5667244], [114.0521182, 22.5667082], [114.0519464, 22.5667056], [114.0519467, 22.566689], [114.0517642, 22.5666863], [114.0517639, 22.5667023], [114.0515787, 22.5666996]]]]}}, {"type": "Feature", "id": "way/1432481830", "properties": {"tags": {"addr:housename": "华茂苑", "addr:housename:en": "Huamao Court", "addr:housename:zh": "华茂苑", "building": "apartments", "building:levels": "7", "name": "5栋", "name:en": "Block 5", "name:zh": "5栋"}, "heightStatus": "levels_only_unverified", "source": "OpenStreetMap", "license": "ODbL-1.0"}, "geometry": {"type": "MultiPolygon", "coordinates": [[[[114.0515753, 22.5669652], [114.0515767, 22.5668851], [114.0517619, 22.5668879], [114.0517616, 22.566904], [114.0521156, 22.5669093], [114.0521159, 22.5668932], [114.0522187, 22.5668947], [114.0522172, 22.5669749], [114.0521149, 22.5669733], [114.0521146, 22.5669894], [114.0517594, 22.5669841], [114.0517597, 22.566968], [114.0515753, 22.5669652]]]]}}, {"type": "Feature", "id": "way/1432481831", "properties": {"tags": {"addr:housename": "华茂苑", "addr:housename:en": "Huamao Court", "addr:housename:zh": "华茂苑", "building": "apartments", "building:levels": "18", "name": "16栋", "name:en": "Block 16", "name:zh": "16栋"}, "heightStatus": "levels_only_unverified", "source": "OpenStreetMap", "license": "ODbL-1.0"}, "geometry": {"type": "MultiPolygon", "coordinates": [[[[114.0523348, 22.5664171], [114.0524104, 22.5663432], [114.0524282, 22.5663587], [114.0524461, 22.5663412], [114.0525363, 22.5664199], [114.0526215, 22.5663366], [114.0526405, 22.5663531], [114.0526573, 22.5663367], [114.0527373, 22.5664065], [114.0527205, 22.566423], [114.052732, 22.566433], [114.0526517, 22.5665115], [114.0527008, 22.5665544], [114.052663, 22.5665913], [114.05261, 22.5665927], [114.05257, 22.5665578], [114.0525111, 22.5665594], [114.0524733, 22.5665963], [114.0524203, 22.5665977], [114.0523803, 22.5665628], [114.0524267, 22.5665174], [114.0523417, 22.5664432], [114.0523525, 22.5664326], [114.0523348, 22.5664171]]]]}}, {"type": "Feature", "id": "way/1432481832", "properties": {"tags": {"addr:housename": "华茂苑", "addr:housename:en": "Huamao Court", "addr:housename:zh": "华茂苑", "building": "apartments", "building:levels": "18", "name": "18栋", "name:en": "Block 18", "name:zh": "18栋"}, "heightStatus": "levels_only_unverified", "source": "OpenStreetMap", "license": "ODbL-1.0"}, "geometry": {"type": "MultiPolygon", "coordinates": [[[[114.0527581, 22.5668475], [114.0528743, 22.566734], [114.0529243, 22.5667776], [114.0529715, 22.5667314], [114.0530944, 22.5668387], [114.0530364, 22.5668955], [114.0530897, 22.566942], [114.0530519, 22.566979], [114.0529989, 22.5669803], [114.0529589, 22.5669454], [114.0529, 22.566947], [114.0528622, 22.5669839], [114.0528092, 22.5669853], [114.0527692, 22.5669504], [114.0528196, 22.5669011], [114.0527581, 22.5668475]]]]}}, {"type": "Feature", "id": "way/1432481833", "properties": {"tags": {"addr:housename": "华茂苑", "addr:housename:en": "Huamao Court", "addr:housename:zh": "华茂苑", "building": "apartments", "building:levels": "18", "name": "17栋", "name:en": "Block 17", "name:zh": "17栋"}, "heightStatus": "levels_only_unverified", "source": "OpenStreetMap", "license": "ODbL-1.0"}, "geometry": {"type": "MultiPolygon", "coordinates": [[[[114.0523334, 22.5668587], [114.0524495, 22.5667452], [114.0524995, 22.5667888], [114.0525468, 22.5667427], [114.0526697, 22.5668499], [114.0526116, 22.5669067], [114.052665, 22.5669533], [114.0526272, 22.5669902], [114.0525742, 22.5669916], [114.0525342, 22.5669567], [114.0524752, 22.5669582], [114.0524374, 22.5669951], [114.0523844, 22.5669965], [114.0523444, 22.5669616], [114.0523949, 22.5669124], [114.0523334, 22.5668587]]]]}}, {"type": "Feature", "id": "way/1432481836", "properties": {"tags": {"addr:housename": "华茂苑", "addr:housename:en": "Huamao Court", "addr:housename:zh": "华茂苑", "building": "apartments", "building:levels": "7", "name": "2栋", "name:en": "Block 2", "name:zh": "2栋"}, "heightStatus": "levels_only_unverified", "source": "OpenStreetMap", "license": "ODbL-1.0"}, "geometry": {"type": "MultiPolygon", "coordinates": [[[[114.0532436, 22.5664789], [114.0532452, 22.5663891], [114.0538296, 22.5663978], [114.0538382, 22.5663901], [114.053839, 22.5663472], [114.0539363, 22.5663487], [114.0539349, 22.5664288], [114.0538683, 22.5664883], [114.0532436, 22.5664789]]]]}}, {"type": "Feature", "id": "way/1432481837", "properties": {"tags": {"addr:housename": "华茂苑", "addr:housename:en": "Huamao Court", "addr:housename:zh": "华茂苑", "building": "apartments", "building:levels": "7", "name": "3栋", "name:en": "Block 3", "name:zh": "3栋"}, "heightStatus": "levels_only_unverified", "source": "OpenStreetMap", "license": "ODbL-1.0"}, "geometry": {"type": "MultiPolygon", "coordinates": [[[[114.0532346, 22.5667122], [114.0532361, 22.5666223], [114.0538206, 22.5666311], [114.0538292, 22.5666234], [114.05383, 22.5665805], [114.0539272, 22.566582], [114.0539258, 22.5666621], [114.0538593, 22.5667215], [114.0532346, 22.5667122]]]]}}, {"type": "Feature", "id": "way/1432481838", "properties": {"tags": {"addr:housename": "华茂苑", "addr:housename:en": "Huamao Court", "addr:housename:zh": "华茂苑", "building": "apartments", "building:levels": "7", "name": "4栋", "name:en": "Block 4", "name:zh": "4栋"}, "heightStatus": "levels_only_unverified", "source": "OpenStreetMap", "license": "ODbL-1.0"}, "geometry": {"type": "MultiPolygon", "coordinates": [[[[114.0532336, 22.5669499], [114.0532351, 22.5668601], [114.0538196, 22.5668688], [114.0538282, 22.5668612], [114.053829, 22.5668182], [114.0539262, 22.5668197], [114.0539248, 22.5668998], [114.0538583, 22.5669593], [114.0532336, 22.5669499]]]]}}, {"type": "Feature", "id": "way/1432481839", "properties": {"tags": {"building": "industrial"}, "heightStatus": "unknown", "source": "OpenStreetMap", "license": "ODbL-1.0"}, "geometry": {"type": "MultiPolygon", "coordinates": [[[[114.050768, 22.5657086], [114.0507696, 22.5656479], [114.0508096, 22.5656488], [114.0508139, 22.565479], [114.0513414, 22.5654902], [114.0513404, 22.5655317], [114.0513891, 22.5655328], [114.0513884, 22.5655606], [114.051452, 22.565562], [114.0514487, 22.5656939], [114.0514167, 22.5656933], [114.0514156, 22.5657398], [114.0508077, 22.5657268], [114.0508081, 22.5657095], [114.050768, 22.5657086]]]]}}, {"type": "Feature", "id": "way/1432481845", "properties": {"tags": {"building": "commercial"}, "heightStatus": "unknown", "source": "OpenStreetMap", "license": "ODbL-1.0"}, "geometry": {"type": "MultiPolygon", "coordinates": [[[[114.0490055, 22.5656808], [114.0490086, 22.5655568], [114.0494598, 22.5655665], [114.0494607, 22.5655323], [114.0495477, 22.5655342], [114.0495428, 22.5657291], [114.0494449, 22.565727], [114.0494458, 22.5656902], [114.0490055, 22.5656808]]]]}}, {"type": "Feature", "id": "way/1432481846", "properties": {"tags": {"building": "commercial"}, "heightStatus": "unknown", "source": "OpenStreetMap", "license": "ODbL-1.0"}, "geometry": {"type": "MultiPolygon", "coordinates": [[[[114.0489546, 22.5664016], [114.048963, 22.5660649], [114.0491004, 22.5660678], [114.0490957, 22.5662572], [114.0495024, 22.5662659], [114.0494987, 22.5664133], [114.0489546, 22.5664016]]]]}}, {"type": "Feature", "id": "way/1432481847", "properties": {"tags": {"addr:city": "深圳市", "addr:country": "CN", "addr:district": "福田区", "addr:housenumber": "123", "addr:province": "广东省", "addr:street": "梅华路", "addr:subdistrict": "梅林街道", "building": "commercial", "name": "东方星大厦", "name:en": "Dongfangxing Building", "name:zh": "东方星大厦", "name:zh-Hans": "东方星大厦", "name:zh-Hant": "東方星大廈"}, "heightStatus": "unknown", "source": "OpenStreetMap", "license": "ODbL-1.0"}, "geometry": {"type": "MultiPolygon", "coordinates": [[[[114.0495854, 22.5669738], [114.0505214, 22.5669551], [114.0505248, 22.5671024], [114.0495888, 22.5671212], [114.0495854, 22.5669738]]]]}}, {"type": "Feature", "id": "way/1432481848", "properties": {"tags": {"building": "commercial"}, "heightStatus": "unknown", "source": "OpenStreetMap", "license": "ODbL-1.0"}, "geometry": {"type": "MultiPolygon", "coordinates": [[[[114.0499832, 22.5667636], [114.0499863, 22.5666366], [114.0503234, 22.5666438], [114.0503203, 22.5667708], [114.0499832, 22.5667636]]]]}}, {"type": "Feature", "id": "way/1432481849", "properties": {"tags": {"building": "commercial"}, "heightStatus": "unknown", "source": "OpenStreetMap", "license": "ODbL-1.0"}, "geometry": {"type": "MultiPolygon", "coordinates": [[[[114.0496395, 22.5668801], [114.0496458, 22.5666294], [114.0499212, 22.5666353], [114.049918, 22.5667622], [114.0497784, 22.5667592], [114.0497753, 22.566883], [114.0496395, 22.5668801]]]]}}, {"type": "Feature", "id": "way/1432481850", "properties": {"tags": {"building": "commercial"}, "heightStatus": "unknown", "source": "OpenStreetMap", "license": "ODbL-1.0"}, "geometry": {"type": "MultiPolygon", "coordinates": [[[[114.048955, 22.5667847], [114.0489596, 22.5666013], [114.049141, 22.5666052], [114.0491364, 22.5667886], [114.048955, 22.5667847]]]]}}, {"type": "Feature", "id": "way/1432481851", "properties": {"tags": {"building": "commercial"}, "heightStatus": "unknown", "source": "OpenStreetMap", "license": "ODbL-1.0"}, "geometry": {"type": "MultiPolygon", "coordinates": [[[[114.0491455, 22.5669759], [114.0491495, 22.5668179], [114.0493237, 22.5668216], [114.049329, 22.5666092], [114.0495343, 22.5666135], [114.049525, 22.566984], [114.0491455, 22.5669759]]]]}}, {"type": "Feature", "id": "way/1432481853", "properties": {"tags": {"building": "industrial"}, "heightStatus": "unknown", "source": "OpenStreetMap", "license": "ODbL-1.0"}, "geometry": {"type": "MultiPolygon", "coordinates": [[[[114.0496001, 22.566403], [114.0496034, 22.5662699], [114.0505879, 22.5662909], [114.0505845, 22.566424], [114.0496001, 22.566403]]]]}}, {"type": "Feature", "id": "way/1432481854", "properties": {"tags": {"building": "commercial"}, "heightStatus": "unknown", "source": "OpenStreetMap", "license": "ODbL-1.0"}, "geometry": {"type": "MultiPolygon", "coordinates": [[[[114.0507865, 22.5668062], [114.0513842, 22.5667937], [114.0513897, 22.5670197], [114.050792, 22.5670322], [114.0507865, 22.5668062]]]]}}, {"type": "Feature", "id": "way/1432481855", "properties": {"tags": {"building": "industrial"}, "heightStatus": "unknown", "source": "OpenStreetMap", "license": "ODbL-1.0"}, "geometry": {"type": "MultiPolygon", "coordinates": [[[[114.0508428, 22.566429], [114.0508488, 22.5661885], [114.0510543, 22.5661929], [114.0511724, 22.5660888], [114.0511771, 22.5659012], [114.0514291, 22.5659066], [114.0514157, 22.5664412], [114.0508428, 22.566429]]]]}}, {"type": "Feature", "id": "way/1432481856", "properties": {"tags": {"building": "industrial"}, "heightStatus": "unknown", "source": "OpenStreetMap", "license": "ODbL-1.0"}, "geometry": {"type": "MultiPolygon", "coordinates": [[[[114.0497232, 22.5661153], [114.0497371, 22.5655587], [114.0503579, 22.5655719], [114.050359, 22.5655286], [114.0505659, 22.565533], [114.0505589, 22.5658148], [114.0499068, 22.5658009], [114.0499032, 22.5659452], [114.0505553, 22.5659592], [114.0505509, 22.566133], [114.0497232, 22.5661153]]]]}}, {"type": "Feature", "id": "relation/19642900", "properties": {"tags": {"building": "apartments", "building:levels": "8"}, "heightStatus": "levels_only_unverified", "source": "OpenStreetMap", "license": "ODbL-1.0"}, "geometry": {"type": "MultiPolygon", "coordinates": [[[[114.0462429, 22.567582], [114.0469158, 22.5675475], [114.0469356, 22.5678767], [114.0462627, 22.5679112], [114.0462429, 22.567582]], [[114.0463454, 22.5676667], [114.0463545, 22.5678165], [114.0468331, 22.567792], [114.0468241, 22.5676421], [114.0463454, 22.5676667]]]]}}, {"type": "Feature", "id": "way/1432481864", "properties": {"tags": {"addr:city": "深圳市", "addr:country": "CN", "addr:district": "福田区", "addr:housenumber": "98-1", "addr:neighbourhood": "上梅社区", "addr:province": "广东省", "addr:street": "梅华路", "addr:subdistrict": "梅林街道", "building": "commercial", "building:levels": "3", "name": "新世界时代汇", "name:en": "New World Time Collection", "name:zh": "新世界时代汇", "name:zh-Hans": "新世界时代汇", "name:zh-Hant": "新世界時代匯", "old_name": "新世界百货", "old_name:en": "New World Department Store", "old_name:zh": "新世界百货", "shop": "mall"}, "heightStatus": "levels_only_unverified", "source": "OpenStreetMap", "license": "ODbL-1.0"}, "geometry": {"type": "MultiPolygon", "coordinates": [[[[114.0476994, 22.5675297], [114.0485001, 22.5675078], [114.0485246, 22.5675136], [114.0485459, 22.5675262], [114.0485618, 22.5675443], [114.0485708, 22.5675662], [114.0485719, 22.5675895], [114.0485815, 22.56789], [114.0477118, 22.5679138], [114.0476994, 22.5675297]]]]}}, {"type": "Feature", "id": "way/1432481865", "properties": {"tags": {"addr:housename": "新世界家园", "addr:housename:en": "New World Jiayuan", "addr:housename:zh": "新世界家园", "building": "apartments", "building:levels": "29", "layer": "1", "name": "2栋", "name:en": "Block 2", "name:zh": "2栋"}, "heightStatus": "levels_only_unverified", "source": "OpenStreetMap", "license": "ODbL-1.0"}, "geometry": {"type": "MultiPolygon", "coordinates": [[[[114.048114, 22.5677217], [114.048115, 22.5676445], [114.0485046, 22.567649], [114.0485036, 22.5677262], [114.0484452, 22.5677256], [114.0484438, 22.5678278], [114.0483271, 22.5678264], [114.0483276, 22.5677866], [114.0482882, 22.5677862], [114.0482877, 22.567826], [114.0481709, 22.5678246], [114.0481723, 22.5677224], [114.048114, 22.5677217]]]]}}, {"type": "Feature", "id": "way/1432481866", "properties": {"tags": {"addr:housename": "新世界家园", "addr:housename:en": "New World Jiayuan", "addr:housename:zh": "新世界家园", "building": "apartments", "building:levels": "29", "layer": "1", "name": "1栋", "name:en": "Block 1", "name:zh": "1栋"}, "heightStatus": "levels_only_unverified", "source": "OpenStreetMap", "license": "ODbL-1.0"}, "geometry": {"type": "MultiPolygon", "coordinates": [[[[114.0477244, 22.5677172], [114.0477254, 22.5676399], [114.048115, 22.5676445], [114.048114, 22.5677217], [114.0480556, 22.567721], [114.0480542, 22.5678232], [114.0479375, 22.5678219], [114.047938, 22.5677821], [114.0478986, 22.5677817], [114.0478981, 22.5678214], [114.0477813, 22.5678201], [114.0477827, 22.5677179], [114.0477244, 22.5677172]]]]}}, {"type": "Feature", "id": "way/1432481867", "properties": {"tags": {"addr:housename": "新世界家园", "addr:housename:en": "New World Jiayuan", "addr:housename:zh": "新世界家园", "building": "apartments", "building:levels": "29", "name": "3栋", "name:en": "Block 3", "name:zh": "3栋"}, "heightStatus": "levels_only_unverified", "source": "OpenStreetMap", "license": "ODbL-1.0"}, "geometry": {"type": "MultiPolygon", "coordinates": [[[[114.0477937, 22.5681994], [114.04785, 22.5681708], [114.0478317, 22.5681402], [114.0479126, 22.5680991], [114.0480471, 22.5680971], [114.0481295, 22.5681357], [114.0481123, 22.5681668], [114.0481696, 22.5681937], [114.0481532, 22.5682235], [114.0481643, 22.5682287], [114.048145, 22.5682638], [114.0480489, 22.5682187], [114.0480495, 22.5682565], [114.0480884, 22.5682559], [114.0480894, 22.5683123], [114.0478781, 22.5683155], [114.0478771, 22.5682591], [114.047916, 22.5682585], [114.0479152, 22.5682207], [114.0478208, 22.5682687], [114.0478002, 22.5682342], [114.0478111, 22.5682287], [114.0477937, 22.5681994]]]]}}, {"type": "Feature", "id": "way/1432481868", "properties": {"tags": {"addr:housename": "新世界家园", "addr:housename:en": "New World Jiayuan", "addr:housename:zh": "新世界家园", "building": "apartments", "building:levels": "29", "name": "4栋", "name:en": "Block 4", "name:zh": "4栋"}, "heightStatus": "levels_only_unverified", "source": "OpenStreetMap", "license": "ODbL-1.0"}, "geometry": {"type": "MultiPolygon", "coordinates": [[[[114.0477648, 22.5686181], [114.0478211, 22.5685895], [114.0478029, 22.5685589], [114.0478838, 22.5685178], [114.0480183, 22.5685158], [114.0481006, 22.5685544], [114.0480834, 22.5685856], [114.0481408, 22.5686124], [114.0481244, 22.5686422], [114.0481354, 22.5686474], [114.0481161, 22.5686825], [114.04802, 22.5686374], [114.0480206, 22.5686752], [114.0480595, 22.5686746], [114.0480605, 22.568731], [114.0478492, 22.5687342], [114.0478482, 22.5686778], [114.0478871, 22.5686772], [114.0478863, 22.5686394], [114.0477919, 22.5686874], [114.0477714, 22.5686529], [114.0477822, 22.5686474], [114.0477648, 22.5686181]]]]}}, {"type": "Feature", "id": "way/1432481869", "properties": {"tags": {"building": "apartments", "building:levels": "12"}, "heightStatus": "levels_only_unverified", "source": "OpenStreetMap", "license": "ODbL-1.0"}, "geometry": {"type": "MultiPolygon", "coordinates": [[[[114.0462767, 22.5702669], [114.0462959, 22.5700416], [114.0464777, 22.5700549], [114.0464527, 22.5703481], [114.046364, 22.5703417], [114.0463698, 22.5702737], [114.0462767, 22.5702669]]]]}}, {"type": "Feature", "id": "way/1432481870", "properties": {"tags": {"building": "apartments", "building:levels": "12"}, "heightStatus": "levels_only_unverified", "source": "OpenStreetMap", "license": "ODbL-1.0"}, "geometry": {"type": "MultiPolygon", "coordinates": [[[[114.0455542, 22.5704216], [114.0455864, 22.5700445], [114.0458385, 22.5700628], [114.0458313, 22.5701469], [114.0457471, 22.5701408], [114.0457409, 22.5702129], [114.0456801, 22.5702085], [114.0456745, 22.5702731], [114.0462108, 22.5703121], [114.0462035, 22.5703979], [114.0463098, 22.5704056], [114.0463038, 22.570476], [114.0455542, 22.5704216]]]]}}, {"type": "Feature", "id": "way/1432481871", "properties": {"tags": {"building": "apartments", "building:levels": "8"}, "heightStatus": "levels_only_unverified", "source": "OpenStreetMap", "license": "ODbL-1.0"}, "geometry": {"type": "MultiPolygon", "coordinates": [[[[114.0457064, 22.5697874], [114.0457075, 22.5697584], [114.0457685, 22.5697604], [114.0457692, 22.5697442], [114.0457497, 22.5697435], [114.0457523, 22.569679], [114.0458727, 22.5696831], [114.0458701, 22.5697476], [114.0458506, 22.5697469], [114.0458493, 22.5697811], [114.0458882, 22.5697824], [114.045927, 22.5697837], [114.0459284, 22.5697496], [114.045909, 22.5697489], [114.0459115, 22.5696844], [114.0460319, 22.5696885], [114.0460293, 22.569753], [114.0460099, 22.5697524], [114.0460085, 22.5697865], [114.0460474, 22.5697878], [114.0460863, 22.5697891], [114.0460876, 22.569755], [114.0460682, 22.5697543], [114.0460708, 22.5696898], [114.0461911, 22.5696939], [114.0461885, 22.5697584], [114.0461691, 22.5697578], [114.0461677, 22.5697919], [114.0462066, 22.5697932], [114.0462455, 22.5697946], [114.0462469, 22.5697604], [114.0462274, 22.5697598], [114.04623, 22.5696953], [114.0463503, 22.5696994], [114.0463478, 22.5697639], [114.0463283, 22.5697632], [114.0463269, 22.5697973], [114.0464417, 22.5698012], [114.0464552, 22.5694625], [114.0463748, 22.5694544], [114.0463708, 22.5694883], [114.0464095, 22.5694922], [114.046402, 22.5695556], [114.0463633, 22.5695517], [114.0463617, 22.5695657], [114.0462807, 22.5695576], [114.0462823, 22.5695435], [114.0462436, 22.5695396], [114.046205, 22.5695357], [114.0462033, 22.5695498], [114.0461223, 22.5695416], [114.0461239, 22.5695276], [114.0460852, 22.5695237], [114.0460466, 22.5695198], [114.0460449, 22.5695338], [114.0459639, 22.5695256], [114.0459655, 22.5695116], [114.0459375, 22.5695088], [114.045911, 22.5694533], [114.0459144, 22.5694244], [114.0459751, 22.5694305], [114.045977, 22.5694143], [114.0459577, 22.5694123], [114.0459653, 22.5693482], [114.046085, 22.5693602], [114.0460774, 22.5694244], [114.0460581, 22.5694224], [114.046054, 22.5694564], [114.0460927, 22.5694603], [114.0461314, 22.5694642], [114.0461354, 22.5694302], [114.0461161, 22.5694283], [114.0461237, 22.5693641], [114.0462434, 22.5693762], [114.0462358, 22.5694404], [114.0462164, 22.5694384], [114.0462124, 22.5694724], [114.0462511, 22.5694762], [114.0462898, 22.5694801], [114.0462938, 22.5694462], [114.0462745, 22.5694442], [114.046282, 22.5693801], [114.0465519, 22.5694073], [114.0465335, 22.5698681], [114.0463244, 22.569861], [114.0463238, 22.5698751], [114.0462424, 22.5698724], [114.046243, 22.5698582], [114.0462041, 22.5698569], [114.0461652, 22.5698556], [114.0461646, 22.5698697], [114.0460832, 22.5698669], [114.0460837, 22.5698528], [114.0460448, 22.5698515], [114.046006, 22.5698502], [114.0460054, 22.5698643], [114.0459239, 22.5698615], [114.0459245, 22.5698474], [114.0458856, 22.5698461], [114.0458467, 22.5698448], [114.0458462, 22.5698589], [114.0457647, 22.5698561], [114.0457653, 22.569842], [114.0457371, 22.569841], [114.0457064, 22.5697874]]]]}}, {"type": "Feature", "id": "way/1432487927", "properties": {"tags": {"building": "apartments"}, "heightStatus": "unknown", "source": "OpenStreetMap", "license": "ODbL-1.0"}, "geometry": {"type": "MultiPolygon", "coordinates": [[[[114.0494604, 22.5640818], [114.0495467, 22.5640346], [114.0496375, 22.5640641], [114.0496916, 22.56414], [114.0496922, 22.5641617], [114.0496939, 22.5642271], [114.0496944, 22.564242], [114.0496155, 22.5642925], [114.0494604, 22.5640818]]]]}}, {"type": "Feature", "id": "way/1432487928", "properties": {"tags": {"building": "apartments"}, "heightStatus": "unknown", "source": "OpenStreetMap", "license": "ODbL-1.0"}, "geometry": {"type": "MultiPolygon", "coordinates": [[[[114.0495216, 22.5640264], [114.0495956, 22.5638323], [114.049611, 22.5638056], [114.049632, 22.5637824], [114.0496578, 22.5637636], [114.0496871, 22.56375], [114.0497188, 22.5637423], [114.0499501, 22.563739], [114.0499524, 22.5638754], [114.0498058, 22.5638775], [114.0497156, 22.563933], [114.0496625, 22.5640723], [114.0496375, 22.5640641], [114.0495467, 22.5640346], [114.0495216, 22.5640264]]]]}}, {"type": "Feature", "id": "way/1432487931", "properties": {"tags": {"addr:housename": "梅林海关生活区", "addr:housename:en": "Meilin Customs Residential Area", "addr:housename:zh": "梅林海关生活区", "building": "apartments", "name": "2栋", "name:en": "Block 2", "name:zh": "2栋"}, "heightStatus": "unknown", "source": "OpenStreetMap", "license": "ODbL-1.0"}, "geometry": {"type": "MultiPolygon", "coordinates": [[[[114.0538336, 22.5637894], [114.0538363, 22.5631698], [114.0539506, 22.5631702], [114.0539479, 22.5637898], [114.0538336, 22.5637894]]]]}}]}