{"type": "FeatureCollection", "features": [{"type": "Feature", "id": "way/146862823", "properties": {"tags": {"addr:city": "深圳市", "addr:district": "福田区", "addr:housenumber": "111", "addr:postcode": "518048", "addr:province": "广东省", "addr:street": "福华三路", "amenity": "exhibition_centre", "building": "public", "building:levels": "3", "building:material": "glass", "height": "35", "name": "深圳会展中心", "name:en": "Shenzhen Convention & Exhibition Center", "name:zh": "深圳会展中心", "name:zh-Hans": "深圳会展中心", "name:zh-Hant": "深圳會展中心", "roof:colour": "#fefcf2", "roof:material": "metal", "roof:orientation": "along", "roof:shape": "saltbox", "wikidata": "Q16926203", "wikimedia_commons": "Category:Shenzhen Convention & Exhibition Center", "wikipedia": "zh:深圳會展中心"}, "heightStatus": "height_tag_unverified", "source": "OpenStreetMap", "license": "ODbL-1.0"}, "geometry": {"type": "MultiPolygon", "coordinates": [[[[114.0520723, 22.5347942], [114.0520925, 22.533622], [114.0520979, 22.5333115], [114.0521176, 22.5321711], [114.0533129, 22.5321887], [114.05331, 22.5323572], [114.0534319, 22.532359], [114.0535637, 22.5323609], [114.0535666, 22.5321925], [114.0559745, 22.532228], [114.0559716, 22.5323964], [114.0560956, 22.5323983], [114.0562008, 22.5323998], [114.0562037, 22.5322314], [114.0574217, 22.5322494], [114.0574019, 22.5333862], [114.0573966, 22.5336936], [114.0573763, 22.5348725], [114.0561581, 22.5348545], [114.0561616, 22.5346516], [114.0561369, 22.5346512], [114.0560229, 22.5346496], [114.0559329, 22.5346482], [114.0559294, 22.5348511], [114.0552813, 22.5348416], [114.0552952, 22.5340375], [114.0547345, 22.5340292], [114.0541443, 22.5340206], [114.0541305, 22.5348245], [114.0535215, 22.5348156], [114.053525, 22.5346126], [114.0534139, 22.534611], [114.0532992, 22.5346093], [114.0532711, 22.5346089], [114.0532677, 22.5348118], [114.0520723, 22.5347942]]]]}}, {"type": "Feature", "id": "way/270044901", "properties": {"tags": {"addr:city": "深圳市", "addr:district": "福田区", "addr:housenumber": "88", "addr:postcode": "518033", "addr:province": "广东省", "addr:street": "福华三路", "building": "commercial", "building:levels": "5", "name": "财富大厦"}, "heightStatus": "levels_only_unverified", "source": "OpenStreetMap", "license": "ODbL-1.0"}, "geometry": {"type": "MultiPolygon", "coordinates": [[[[114.0584655, 22.5361774], [114.0584744, 22.5357837], [114.0585759, 22.5357244], [114.0591635, 22.5357352], [114.0592344, 22.5358031], [114.0592341, 22.535945], [114.0592302, 22.5359696], [114.0592093, 22.5360387], [114.0591857, 22.5360829], [114.0591505, 22.5361293], [114.059121, 22.5361608], [114.0590833, 22.5361887], [114.0584655, 22.5361774]]]]}}, {"type": "Feature", "id": "way/546581818", "properties": {"tags": {"building": "commercial", "building:colour": "#0372a6", "building:levels": "66", "building:material": "glass", "height": "280", "name": "1号楼", "official_name": "卓越世纪中心1号楼", "ref": "1"}, "heightStatus": "height_tag_unverified", "source": "OpenStreetMap", "license": "ODbL-1.0"}, "geometry": {"type": "MultiPolygon", "coordinates": [[[[114.0585279, 22.5350649], [114.0585457, 22.5348945], [114.058533, 22.5347194], [114.0587815, 22.5347413], [114.05903, 22.5347263], [114.0590198, 22.5347874], [114.0590058, 22.5348946], [114.0590173, 22.5349976], [114.0590249, 22.5350711], [114.0587663, 22.5350516], [114.0585279, 22.5350649]]]]}}, {"type": "Feature", "id": "way/546581820", "properties": {"tags": {"building": "commercial", "building:colour": "#0372a6", "building:levels": "57", "building:material": "glass", "height": "250", "name": "皇岗商务中心", "official_name": "卓越世纪中心2号楼", "ref": "2"}, "heightStatus": "height_tag_unverified", "source": "OpenStreetMap", "license": "ODbL-1.0"}, "geometry": {"type": "MultiPolygon", "coordinates": [[[[114.0585278, 22.534142], [114.0585456, 22.5339716], [114.0585329, 22.5337966], [114.0587814, 22.5338185], [114.0590299, 22.5338029], [114.0590201, 22.5338667], [114.059007, 22.533972], [114.0590173, 22.5340763], [114.0590247, 22.5341483], [114.0587661, 22.5341288], [114.0585278, 22.534142]]]]}}, {"type": "Feature", "id": "way/546581821", "properties": {"tags": {"building": "commercial", "building:colour": "#0372a6", "building:levels": "45", "building:material": "glass", "height": "185", "name": "3号楼", "official_name": "卓越世纪中心3号楼"}, "heightStatus": "height_tag_unverified", "source": "OpenStreetMap", "license": "ODbL-1.0"}, "geometry": {"type": "MultiPolygon", "coordinates": [[[[114.0595543, 22.5350914], [114.0595576, 22.5347366], [114.0600313, 22.5347403], [114.060028, 22.5350953], [114.0595543, 22.5350914]]]]}}, {"type": "Feature", "id": "way/546581823", "properties": {"tags": {"building": "commercial", "building:colour": "#0372a6", "building:levels": "37", "building:material": "glass", "height": "156", "name": "4号楼", "official_name": "卓越世纪中心4号楼"}, "heightStatus": "height_tag_unverified", "source": "OpenStreetMap", "license": "ODbL-1.0"}, "geometry": {"type": "MultiPolygon", "coordinates": [[[[114.0597, 22.5340047], [114.0597017, 22.5338286], [114.0602001, 22.5338328], [114.0601995, 22.5338968], [114.0602847, 22.5338975], [114.0602838, 22.5339726], [114.0602819, 22.5341715], [114.0602809, 22.5342706], [114.060098, 22.534269], [114.0601006, 22.5340081], [114.0597, 22.5340047]]]]}}, {"type": "Feature", "id": "way/612995514", "properties": {"tags": {"addr:housename": "中深花园", "addr:housename:zh": "中深花园", "building": "commercial", "building:levels": "31", "name": "B座", "name:zh": "B座"}, "heightStatus": "levels_only_unverified", "source": "OpenStreetMap", "license": "ODbL-1.0"}, "geometry": {"type": "MultiPolygon", "coordinates": [[[[114.0634717, 22.5340915], [114.0634759, 22.5339208], [114.0636292, 22.5340162], [114.0638204, 22.5340202], [114.0639783, 22.5339315], [114.063974, 22.5341021], [114.0638162, 22.5341909], [114.0638133, 22.5343039], [114.0636221, 22.5342999], [114.063625, 22.5341868], [114.0634717, 22.5340915]]]]}}, {"type": "Feature", "id": "way/612995515", "properties": {"tags": {"addr:city": "深圳市", "addr:district": "福田区", "addr:housenumber": "6", "addr:province": "广东省", "addr:street": "福华三路", "building": "commercial", "name": "京地大厦", "name:zh": "京地大厦"}, "heightStatus": "unknown", "source": "OpenStreetMap", "license": "ODbL-1.0"}, "geometry": {"type": "MultiPolygon", "coordinates": [[[[114.0621779, 22.5350611], [114.0621835, 22.5346837], [114.0624701, 22.5346874], [114.0624707, 22.534646], [114.0625815, 22.5346474], [114.0625757, 22.535034], [114.0622776, 22.5350301], [114.0622772, 22.5350624], [114.0621779, 22.5350611]]]]}}, {"type": "Feature", "id": "way/635497564", "properties": {"tags": {"addr:housename": "中深花园", "addr:housename:zh": "中深花园", "building": "commercial", "building:levels": "31", "name": "A座", "name:zh": "A座"}, "heightStatus": "levels_only_unverified", "source": "OpenStreetMap", "license": "ODbL-1.0"}, "geometry": {"type": "MultiPolygon", "coordinates": [[[[114.0634572, 22.5346723], [114.0634615, 22.5345017], [114.0636193, 22.5344129], [114.0636221, 22.5342999], [114.0638133, 22.5343039], [114.0638105, 22.534417], [114.0639638, 22.5345123], [114.0639596, 22.534683], [114.0638063, 22.5345876], [114.0636151, 22.5345836], [114.0634572, 22.5346723]]]]}}, {"type": "Feature", "id": "way/776141683", "properties": {"tags": {"building": "hotel", "building:levels": "28", "building:material": "glass", "height": "100"}, "heightStatus": "height_tag_unverified", "source": "OpenStreetMap", "license": "ODbL-1.0"}, "geometry": {"type": "MultiPolygon", "coordinates": [[[[114.0561593, 22.5360084], [114.0561635, 22.5357173], [114.0567172, 22.5357241], [114.056713, 22.5360166], [114.0566154, 22.5360154], [114.0565769, 22.5360824], [114.0566169, 22.536102], [114.0565791, 22.5361679], [114.0561593, 22.5360084]]]]}}, {"type": "Feature", "id": "way/776141689", "properties": {"tags": {"building": "commercial", "building:levels": "40"}, "heightStatus": "levels_only_unverified", "source": "OpenStreetMap", "license": "ODbL-1.0"}, "geometry": {"type": "MultiPolygon", "coordinates": [[[[114.0585569, 22.5360295], [114.0585595, 22.5359315], [114.0587801, 22.5359356], [114.0587293, 22.5359441], [114.0586798, 22.5359581], [114.0586321, 22.5359796], [114.0585885, 22.5360037], [114.0585569, 22.5360295]]]]}}, {"type": "Feature", "id": "way/776141711", "properties": {"tags": {"building": "yes", "building:levels": "4", "name": "卓越 Intown", "shop": "mall"}, "heightStatus": "levels_only_unverified", "source": "OpenStreetMap", "license": "ODbL-1.0"}, "geometry": {"type": "MultiPolygon", "coordinates": [[[[114.0592548, 22.535089], [114.059255, 22.535], [114.0592574, 22.5347898], [114.0592597, 22.534575], [114.0596372, 22.534578], [114.0596367, 22.5346231], [114.0597477, 22.534624], [114.0597491, 22.5344711], [114.0597912, 22.5344714], [114.0597926, 22.5343257], [114.0597082, 22.534325], [114.059708, 22.5343503], [114.0596307, 22.5343498], [114.0596314, 22.5342658], [114.0597087, 22.5342664], [114.0597085, 22.5342972], [114.0597929, 22.5342979], [114.0597938, 22.5341927], [114.059698, 22.534192], [114.0596615, 22.5341917], [114.0596614, 22.5342011], [114.0593361, 22.5341985], [114.0593363, 22.5340799], [114.0593391, 22.5338703], [114.0593404, 22.5337471], [114.060121, 22.5337534], [114.0601207, 22.533792], [114.0603638, 22.533794], [114.0603621, 22.5339732], [114.0602838, 22.5339726], [114.0602819, 22.5341715], [114.0603532, 22.5341721], [114.0603444, 22.5350978], [114.060028, 22.5350953], [114.0595543, 22.5350914], [114.0592548, 22.535089]]]]}}, {"type": "Feature", "id": "way/776141712", "properties": {"tags": {"building": "yes", "layer": "1"}, "heightStatus": "unknown", "source": "OpenStreetMap", "license": "ODbL-1.0"}, "geometry": {"type": "MultiPolygon", "coordinates": [[[[114.0590058, 22.5348946], [114.0590198, 22.5347874], [114.0592574, 22.5347898], [114.059255, 22.535], [114.0590173, 22.5349976], [114.0590058, 22.5348946]]]]}}, {"type": "Feature", "id": "way/776141713", "properties": {"tags": {"building": "yes", "layer": "1"}, "heightStatus": "unknown", "source": "OpenStreetMap", "license": "ODbL-1.0"}, "geometry": {"type": "MultiPolygon", "coordinates": [[[[114.059007, 22.533972], [114.0590201, 22.5338667], [114.0593391, 22.5338703], [114.0593363, 22.5340799], [114.0590173, 22.5340763], [114.059007, 22.533972]]]]}}, {"type": "Feature", "id": "way/776141715", "properties": {"tags": {"building": "yes"}, "heightStatus": "unknown", "source": "OpenStreetMap", "license": "ODbL-1.0"}, "geometry": {"type": "MultiPolygon", "coordinates": [[[[114.0588367, 22.5345565], [114.0588372, 22.5344987], [114.0590621, 22.5345005], [114.0590616, 22.5345583], [114.0588367, 22.5345565]]]]}}, {"type": "Feature", "id": "way/776141716", "properties": {"tags": {"building": "yes"}, "heightStatus": "unknown", "source": "OpenStreetMap", "license": "ODbL-1.0"}, "geometry": {"type": "MultiPolygon", "coordinates": [[[[114.0588379, 22.5343713], [114.0588385, 22.5343134], [114.0590633, 22.5343152], [114.0590628, 22.534373], [114.0588379, 22.5343713]]]]}}, {"type": "Feature", "id": "way/776897365", "properties": {"tags": {"addr:city": "深圳市", "addr:district": "福田区", "addr:housenumber": "2026", "addr:postcode": "518031", "addr:province": "广东省", "addr:street": "金田路", "building": "commercial", "building:colour": "silver", "building:levels": "43", "building:material": "glass", "height": "219.1", "name": "北塔", "name:en": "North Tower", "name:zh": "北塔"}, "heightStatus": "height_tag_unverified", "source": "OpenStreetMap", "license": "ODbL-1.0"}, "geometry": {"type": "MultiPolygon", "coordinates": [[[[114.0585684, 22.5333236], [114.0585771, 22.532818], [114.0589125, 22.5328229], [114.0589038, 22.5333285], [114.0585684, 22.5333236]]]]}}, {"type": "Feature", "id": "way/776897366", "properties": {"tags": {"addr:city": "深圳市", "addr:district": "福田区", "addr:housenumber": "2026", "addr:postcode": "518031", "addr:province": "广东省", "addr:street": "金田路", "building": "commercial", "building:colour": "silver", "building:levels": "20", "building:material": "glass", "height": "111.3", "name": "南塔", "name:en": "South Tower", "name:zh": "南塔"}, "heightStatus": "height_tag_unverified", "source": "OpenStreetMap", "license": "ODbL-1.0"}, "geometry": {"type": "MultiPolygon", "coordinates": [[[[114.0586277, 22.5325313], [114.0586359, 22.5320538], [114.0589256, 22.532058], [114.0589174, 22.5325356], [114.0586277, 22.5325313]]]]}}, {"type": "Feature", "id": "way/776897367", "properties": {"tags": {"building": "commercial", "building:colour": "silver", "building:levels": "9", "building:material": "glass", "height": "50"}, "heightStatus": "height_tag_unverified", "source": "OpenStreetMap", "license": "ODbL-1.0"}, "geometry": {"type": "MultiPolygon", "coordinates": [[[[114.0585771, 22.532818], [114.0586277, 22.5325313], [114.0589174, 22.5325356], [114.0589125, 22.5328229], [114.0585771, 22.532818]]]]}}, {"type": "Feature", "id": "way/780197214", "properties": {"tags": {"building:levels": "6", "building:part": "yes", "height": "60", "roof:colour": "#fefcf2", "roof:material": "metal"}, "heightStatus": "height_tag_unverified", "source": "OpenStreetMap", "license": "ODbL-1.0"}, "geometry": {"type": "MultiPolygon", "coordinates": [[[[114.0529756, 22.5337393], [114.0529841, 22.5332328], [114.0564946, 22.5332825], [114.0564861, 22.5337897], [114.0529756, 22.5337393]]]]}}, {"type": "Feature", "id": "way/781193995", "properties": {"tags": {"building": "roof", "layer": "1"}, "heightStatus": "unknown", "source": "OpenStreetMap", "license": "ODbL-1.0"}, "geometry": {"type": "MultiPolygon", "coordinates": [[[[114.0573966, 22.5336936], [114.0574019, 22.5333862], [114.0575002, 22.5333877], [114.0575649, 22.5333886], [114.0575646, 22.5334064], [114.057563, 22.5335012], [114.0575617, 22.5335721], [114.0575601, 22.5336683], [114.0575596, 22.5336961], [114.0574949, 22.5336951], [114.0573966, 22.5336936]]]]}}, {"type": "Feature", "id": "way/815147493", "properties": {"tags": {"building": "commercial", "name": "高训大厦", "name:en": "Gaoxun Building"}, "heightStatus": "unknown", "source": "OpenStreetMap", "license": "ODbL-1.0"}, "geometry": {"type": "MultiPolygon", "coordinates": [[[[114.0635098, 22.5295315], [114.0635147, 22.5292843], [114.0642402, 22.5292965], [114.0642353, 22.5295436], [114.0635098, 22.5295315]]]]}}, {"type": "Feature", "id": "way/822819711", "properties": {"tags": {"building": "residential", "name": "润恒大厦"}, "heightStatus": "unknown", "source": "OpenStreetMap", "license": "ODbL-1.0"}, "geometry": {"type": "MultiPolygon", "coordinates": [[[[114.063412, 22.5337438], [114.0634156, 22.5333356], [114.0637759, 22.5333383], [114.0637747, 22.533472], [114.0640272, 22.5334739], [114.0640248, 22.5337484], [114.063412, 22.5337438]]]]}}, {"type": "Feature", "id": "way/852635423", "properties": {"tags": {"building": "hotel", "name": "福青龙华天假日酒店", "name:en": "Fuqinglong HT Holiday Hotel", "name:zh": "福青龙华天假日酒店"}, "heightStatus": "unknown", "source": "OpenStreetMap", "license": "ODbL-1.0"}, "geometry": {"type": "MultiPolygon", "coordinates": [[[[114.0634229, 22.5351032], [114.0634254, 22.5349181], [114.0639592, 22.5349243], [114.0639576, 22.5350415], [114.0639167, 22.5350411], [114.0639157, 22.535109], [114.0634229, 22.5351032]]]]}}, {"type": "Feature", "id": "way/852635424", "properties": {"tags": {"building": "commercial", "building:levels": "32", "name": "海天综合大厦"}, "heightStatus": "levels_only_unverified", "source": "OpenStreetMap", "license": "ODbL-1.0"}, "geometry": {"type": "MultiPolygon", "coordinates": [[[[114.0634209, 22.5358552], [114.0634349, 22.5352244], [114.0639283, 22.5352326], [114.0639149, 22.5359209], [114.0634209, 22.5358552]]]]}}, {"type": "Feature", "id": "way/1091225948", "properties": {"tags": {"building": "yes"}, "heightStatus": "unknown", "source": "OpenStreetMap", "license": "ODbL-1.0"}, "geometry": {"type": "MultiPolygon", "coordinates": [[[[114.0543343, 22.5287917], [114.054675, 22.5286699], [114.0547255, 22.5287633], [114.054456, 22.5288597], [114.0544688, 22.5288952], [114.0543843, 22.5289207], [114.0543343, 22.5287917]]]]}}, {"type": "Feature", "id": "way/1137533076", "properties": {"tags": {"building": "train_station", "layer": "-1", "location": "underground", "name": "福民站"}, "heightStatus": "unknown", "source": "OpenStreetMap", "license": "ODbL-1.0"}, "geometry": {"type": "MultiPolygon", "coordinates": [[[[114.0590599, 22.5264244], [114.0593369, 22.5264258], [114.0593869, 22.5262456], [114.0594786, 22.5262673], [114.0596742, 22.5255627], [114.0594426, 22.5255069], [114.0595586, 22.5250959], [114.0596486, 22.5251176], [114.0595678, 22.5254037], [114.0597089, 22.5254377], [114.0598743, 22.5248414], [114.0600629, 22.5248861], [114.0600627, 22.5248867], [114.0603408, 22.5249513], [114.060297, 22.525112], [114.0600182, 22.5250472], [114.0598836, 22.5255321], [114.0601207, 22.5255863], [114.0600978, 22.5256721], [114.0599826, 22.5256458], [114.0601096, 22.5258399], [114.0601096, 22.5258747], [114.0616958, 22.5258982], [114.0617242, 22.525773], [114.0619127, 22.5257706], [114.0619973, 22.5253855], [114.0620726, 22.5253996], [114.0619711, 22.5258622], [114.0617752, 22.5258646], [114.0617689, 22.5258993], [114.0624427, 22.5259093], [114.0624426, 22.5259116], [114.0627592, 22.5259132], [114.0629326, 22.52607], [114.0629313, 22.5261424], [114.063373, 22.5261478], [114.0633639, 22.5268048], [114.0632786, 22.5268038], [114.0632798, 22.5267743], [114.0631659, 22.5267729], [114.0631579, 22.5273694], [114.0633077, 22.5273711], [114.0633092, 22.5272541], [114.0633429, 22.5272544], [114.063341, 22.5273969], [114.0631575, 22.5273949], [114.0631439, 22.5284081], [114.0633254, 22.528409], [114.0633249, 22.5284947], [114.0632885, 22.5284945], [114.0632888, 22.5284402], [114.0631435, 22.5284395], [114.0631332, 22.5292049], [114.0631617, 22.5292052], [114.0631607, 22.5292776], [114.0632421, 22.5292785], [114.0632466, 22.5289464], [114.0633035, 22.5289471], [114.0632967, 22.5294487], [114.0632395, 22.5294481], [114.0632412, 22.5293179], [114.0631317, 22.5293167], [114.0629252, 22.5293143], [114.0628369, 22.5293136], [114.0627989, 22.529662], [114.0627653, 22.5296589], [114.0627334, 22.529656], [114.0627841, 22.5291928], [114.062786, 22.5289454], [114.0628144, 22.5289456], [114.0628154, 22.528806], [114.0628524, 22.5288062], [114.06285, 22.5291177], [114.0629279, 22.5291177], [114.0629383, 22.528342], [114.0628341, 22.528341], [114.0628352, 22.5282454], [114.0628659, 22.5282457], [114.0628651, 22.5283158], [114.0629386, 22.5283165], [114.062945, 22.5278428], [114.0628027, 22.5278412], [114.0628052, 22.5275712], [114.0628386, 22.5275716], [114.0628405, 22.5274288], [114.0629116, 22.5274296], [114.062908, 22.5277755], [114.0629459, 22.527776], [114.0629618, 22.5265922], [114.0628422, 22.5265907], [114.0628486, 22.5261414], [114.0628491, 22.5260957], [114.0627462, 22.5259998], [114.0624411, 22.5259982], [114.0624407, 22.5260205], [114.0622004, 22.5260169], [114.0621449, 22.5262471], [114.0620766, 22.526233], [114.0621347, 22.5259923], [114.0621349, 22.52598], [114.061775, 22.5259747], [114.0617727, 22.5261035], [114.0618023, 22.5261039], [114.0617991, 22.5262852], [114.0619018, 22.5262867], [114.0619007, 22.5263472], [114.0616349, 22.5263433], [114.0616393, 22.5260892], [114.0608107, 22.5260769], [114.0608063, 22.5262158], [114.0606712, 22.5264694], [114.060607, 22.5267133], [114.0605526, 22.5267011], [114.0606138, 22.5264686], [114.0607399, 22.5262313], [114.0607444, 22.5260759], [114.0606563, 22.5260746], [114.0607083, 22.5261198], [114.0606835, 22.5261441], [114.0606028, 22.5260738], [114.0599892, 22.5260647], [114.0599142, 22.5263268], [114.0598606, 22.5263138], [114.0598416, 22.5263802], [114.0600002, 22.5264618], [114.0599963, 22.5266827], [114.059939, 22.5266818], [114.0599421, 22.5265038], [114.0596536, 22.5263609], [114.0596014, 22.5265491], [114.0596298, 22.5265558], [114.0595738, 22.5267576], [114.0590619, 22.5266364], [114.0590599, 22.5264244]]]]}}, {"type": "Feature", "id": "way/1137533077", "properties": {"tags": {"building": "yes"}, "heightStatus": "unknown", "source": "OpenStreetMap", "license": "ODbL-1.0"}, "geometry": {"type": "MultiPolygon", "coordinates": [[[[114.0627805, 22.5285986], [114.0627816, 22.5284608], [114.0628674, 22.5284614], [114.0628663, 22.5285992], [114.0627805, 22.5285986]]]]}}, {"type": "Feature", "id": "way/1150496539", "properties": {"tags": {"building": "roof", "ceremonial_gate": "paifang", "layer": "1", "man_made": "ceremonial_gate"}, "heightStatus": "unknown", "source": "OpenStreetMap", "license": "ODbL-1.0"}, "geometry": {"type": "MultiPolygon", "coordinates": [[[[114.0588763, 22.5277109], [114.0588798, 22.5275484], [114.0589056, 22.5275488], [114.058902, 22.5277113], [114.0588763, 22.5277109]]]]}}, {"type": "Feature", "id": "way/1252773738", "properties": {"tags": {"building": "hospital"}, "heightStatus": "unknown", "source": "OpenStreetMap", "license": "ODbL-1.0"}, "geometry": {"type": "MultiPolygon", "coordinates": [[[[114.0635833, 22.5308516], [114.0635863, 22.5305978], [114.0642266, 22.5306042], [114.0643128, 22.5306856], [114.0642006, 22.530787], [114.0641415, 22.5307313], [114.0637009, 22.5307269], [114.0637005, 22.5307635], [114.0638285, 22.5308843], [114.0640967, 22.530887], [114.0641402, 22.5309281], [114.0641903, 22.5309286], [114.0641889, 22.5310464], [114.0640896, 22.5310454], [114.0640544, 22.5310122], [114.0637433, 22.5310091], [114.0637435, 22.5309911], [114.0637002, 22.530964], [114.0636618, 22.5309313], [114.063629, 22.5308936], [114.0636028, 22.5308518], [114.0635833, 22.5308516]]]]}}, {"type": "Feature", "id": "way/1252773739", "properties": {"tags": {"building": "hospital", "name": "深圳市中山泌尿外科医院警务室"}, "heightStatus": "unknown", "source": "OpenStreetMap", "license": "ODbL-1.0"}, "geometry": {"type": "MultiPolygon", "coordinates": [[[[114.0635575, 22.5305212], [114.0635596, 22.5303426], [114.063823, 22.5303452], [114.0638211, 22.5305015], [114.0636786, 22.5305001], [114.0636784, 22.5305224], [114.0635575, 22.5305212]]]]}}, {"type": "Feature", "id": "way/1430001486", "properties": {"tags": {"addr:housename": "福民新村", "addr:housename:en": "Fumin Xincun", "addr:housename:zh": "福民新村", "building": "apartments", "name": "19栋", "name:zh": "19栋"}, "heightStatus": "unknown", "source": "OpenStreetMap", "license": "ODbL-1.0"}, "geometry": {"type": "MultiPolygon", "coordinates": [[[[114.0634764, 22.5278752], [114.0634777, 22.5278082], [114.0639756, 22.5278162], [114.0639743, 22.5278832], [114.0639549, 22.5278829], [114.0639545, 22.5279038], [114.0638274, 22.5279017], [114.0638278, 22.5278808], [114.0637889, 22.5278802], [114.0637885, 22.5279011], [114.0636615, 22.5278991], [114.0636618, 22.5278782], [114.0636229, 22.5278776], [114.0636226, 22.5278985], [114.0634955, 22.5278964], [114.0634959, 22.5278755], [114.0634764, 22.5278752]]]]}}, {"type": "Feature", "id": "way/1430001487", "properties": {"tags": {"addr:housename": "福民新村", "addr:housename:en": "Fumin Xincun", "addr:housename:zh": "福民新村", "building": "apartments", "name": "18栋", "name:zh": "18栋"}, "heightStatus": "unknown", "source": "OpenStreetMap", "license": "ODbL-1.0"}, "geometry": {"type": "MultiPolygon", "coordinates": [[[[114.0634916, 22.527623], [114.0634929, 22.5275559], [114.0639907, 22.5275639], [114.0639895, 22.5276309], [114.06397, 22.5276306], [114.0639696, 22.5276515], [114.0638426, 22.5276495], [114.063843, 22.5276286], [114.0638041, 22.527628], [114.0638037, 22.5276488], [114.0636766, 22.5276468], [114.063677, 22.5276259], [114.0636381, 22.5276253], [114.0636377, 22.5276462], [114.0635107, 22.5276442], [114.0635111, 22.5276233], [114.0634916, 22.527623]]]]}}, {"type": "Feature", "id": "way/1430001488", "properties": {"tags": {"addr:housename": "福民新村", "addr:housename:en": "Fumin Xincun", "addr:housename:zh": "福民新村", "building": "apartments", "name": "17栋", "name:zh": "17栋"}, "heightStatus": "unknown", "source": "OpenStreetMap", "license": "ODbL-1.0"}, "geometry": {"type": "MultiPolygon", "coordinates": [[[[114.063484, 22.5273619], [114.0634853, 22.5272949], [114.0639831, 22.5273029], [114.0639819, 22.5273699], [114.0639624, 22.5273696], [114.063962, 22.5273905], [114.063835, 22.5273884], [114.0638354, 22.5273675], [114.0637965, 22.5273669], [114.0637961, 22.5273878], [114.063669, 22.5273858], [114.0636694, 22.5273649], [114.0636305, 22.5273643], [114.0636301, 22.5273852], [114.0635031, 22.5273831], [114.0635035, 22.5273622], [114.063484, 22.5273619]]]]}}, {"type": "Feature", "id": "way/1430001489", "properties": {"tags": {"addr:housename": "福民新村", "addr:housename:en": "Fumin Xincun", "addr:housename:zh": "福民新村", "building": "apartments", "name": "16栋", "name:zh": "16栋"}, "heightStatus": "unknown", "source": "OpenStreetMap", "license": "ODbL-1.0"}, "geometry": {"type": "MultiPolygon", "coordinates": [[[[114.0634783, 22.5271009], [114.0634796, 22.5270339], [114.0639775, 22.5270419], [114.0639762, 22.5271089], [114.0639567, 22.5271085], [114.0639564, 22.5271294], [114.0638293, 22.5271274], [114.0638297, 22.5271065], [114.0637908, 22.5271059], [114.0637904, 22.5271268], [114.0636633, 22.5271247], [114.0636637, 22.5271039], [114.0636248, 22.5271032], [114.0636245, 22.5271241], [114.0634974, 22.5271221], [114.0634978, 22.5271012], [114.0634783, 22.5271009]]]]}}, {"type": "Feature", "id": "way/1430176336", "properties": {"tags": {"building": "school"}, "heightStatus": "unknown", "source": "OpenStreetMap", "license": "ODbL-1.0"}, "geometry": {"type": "MultiPolygon", "coordinates": [[[[114.0617706, 22.5287366], [114.0617713, 22.5286895], [114.0619314, 22.5286914], [114.0619324, 22.5286161], [114.0619847, 22.5286167], [114.0619879, 22.5283781], [114.0618157, 22.5283761], [114.0618168, 22.5282926], [114.0622542, 22.5282977], [114.0622559, 22.5281725], [114.0621506, 22.5281713], [114.0621518, 22.5280834], [114.0623611, 22.5280858], [114.0623599, 22.5281737], [114.0623069, 22.5281731], [114.0623052, 22.5282983], [114.0622782, 22.528298], [114.0622771, 22.5283814], [114.0620454, 22.5283787], [114.0620422, 22.5286174], [114.062118, 22.5286182], [114.0621188, 22.5285629], [114.0622921, 22.5285649], [114.0622894, 22.5287677], [114.0621489, 22.528766], [114.06215, 22.5286919], [114.0619522, 22.5286896], [114.0619512, 22.5287637], [114.0618029, 22.528762], [114.0618033, 22.528737], [114.0617706, 22.5287366]]]]}}, {"type": "Feature", "id": "relation/19607703", "properties": {"tags": {"building": "school"}, "heightStatus": "unknown", "source": "OpenStreetMap", "license": "ODbL-1.0"}, "geometry": {"type": "MultiPolygon", "coordinates": [[[[114.0595313, 22.5286399], [114.0595387, 22.5280044], [114.0596245, 22.5280052], [114.0596271, 22.5277763], [114.0599045, 22.5277791], [114.0599051, 22.5277197], [114.0605531, 22.5277261], [114.0605456, 22.5283694], [114.0604635, 22.5283686], [114.0604602, 22.5286491], [114.0595313, 22.5286399]], [[114.0597011, 22.5284332], [114.059889, 22.528435], [114.0598905, 22.5282978], [114.0597027, 22.5282959], [114.0597011, 22.5284332]], [[114.060005, 22.5280167], [114.0601269, 22.5280179], [114.0601278, 22.5279345], [114.060006, 22.5279333], [114.060005, 22.5280167]], [[114.0600339, 22.5284365], [114.0603477, 22.5284396], [114.0603495, 22.5282783], [114.0601572, 22.5282764], [114.0601563, 22.5283531], [114.0600349, 22.5283519], [114.0600339, 22.5284365]], [[114.0601993, 22.5281476], [114.0604273, 22.5281498], [114.0604298, 22.5279375], [114.0602018, 22.5279353], [114.0601993, 22.5281476]]]]}}, {"type": "Feature", "id": "way/1430176355", "properties": {"tags": {"building": "apartments", "name": "英协大厦", "name:zh": "英协大厦"}, "heightStatus": "unknown", "source": "OpenStreetMap", "license": "ODbL-1.0"}, "geometry": {"type": "MultiPolygon", "coordinates": [[[[114.0595691, 22.5309883], [114.0595731, 22.5309799], [114.0595824, 22.5309765], [114.0595829, 22.5309503], [114.0596683, 22.5309518], [114.0596689, 22.5309206], [114.0596149, 22.5309196], [114.0596058, 22.5309159], [114.0596022, 22.5309074], [114.0596061, 22.5308989], [114.0596154, 22.5308956], [114.059616, 22.5308694], [114.0596843, 22.5308706], [114.0596861, 22.5307848], [114.059711, 22.5307852], [114.0597148, 22.5307771], [114.0597236, 22.5307739], [114.0597324, 22.5307775], [114.0597358, 22.5307856], [114.0597344, 22.5308553], [114.0597721, 22.530856], [114.0597735, 22.5307863], [114.0597773, 22.5307783], [114.0597862, 22.5307751], [114.0597949, 22.5307786], [114.0597984, 22.5307868], [114.0598232, 22.5307872], [114.0598214, 22.530873], [114.0598898, 22.5308743], [114.0598893, 22.5309005], [114.0598984, 22.5309041], [114.059902, 22.5309127], [114.059898, 22.5309211], [114.0598887, 22.5309245], [114.0598348, 22.5309235], [114.0598341, 22.5309548], [114.0599194, 22.5309563], [114.0599189, 22.5309825], [114.059928, 22.5309862], [114.0599316, 22.5309948], [114.0599276, 22.5310032], [114.0599184, 22.5310065], [114.0598644, 22.5310056], [114.0598641, 22.5310208], [114.0598025, 22.5310197], [114.0598038, 22.5309543], [114.0596985, 22.5309524], [114.0596972, 22.5310178], [114.0596356, 22.5310167], [114.0596359, 22.5310015], [114.0595819, 22.5310006], [114.0595728, 22.5309969], [114.0595691, 22.5309883]]]]}}, {"type": "Feature", "id": "way/1430176356", "properties": {"tags": {"building": "apartments", "name": "福华阁", "name:zh": "福华阁"}, "heightStatus": "unknown", "source": "OpenStreetMap", "license": "ODbL-1.0"}, "geometry": {"type": "MultiPolygon", "coordinates": [[[[114.0600579, 22.5309861], [114.0600607, 22.5308499], [114.060158, 22.5308516], [114.0601595, 22.5307759], [114.0602344, 22.5307772], [114.0602328, 22.530853], [114.06033, 22.5308547], [114.0603272, 22.5309909], [114.0600579, 22.5309861]]]]}}, {"type": "Feature", "id": "way/1430176357", "properties": {"tags": {"building": "apartments", "name": "庆典大厦", "name:zh": "庆典大厦"}, "heightStatus": "unknown", "source": "OpenStreetMap", "license": "ODbL-1.0"}, "geometry": {"type": "MultiPolygon", "coordinates": [[[[114.0604874, 22.5309154], [114.0605743, 22.530876], [114.0605761, 22.5307877], [114.0606234, 22.5307886], [114.060623, 22.5308061], [114.0606562, 22.5308067], [114.0606894, 22.5308073], [114.0606898, 22.5307898], [114.060737, 22.5307906], [114.0607352, 22.5308788], [114.0608204, 22.5309213], [114.0607901, 22.5309731], [114.0607295, 22.5309428], [114.0607177, 22.530963], [114.0607567, 22.5309825], [114.0607483, 22.530997], [114.0607646, 22.5310051], [114.0607442, 22.53104], [114.0606889, 22.5310124], [114.0607001, 22.5309934], [114.0606528, 22.5309698], [114.0606047, 22.5309917], [114.060615, 22.5310111], [114.0605586, 22.5310367], [114.0605397, 22.5310012], [114.0605564, 22.5309936], [114.0605485, 22.5309788], [114.0605883, 22.5309607], [114.0605773, 22.5309401], [114.0605155, 22.5309682], [114.0604874, 22.5309154]]]]}}, {"type": "Feature", "id": "way/1430176375", "properties": {"tags": {"building": "apartments", "name": "B座", "name:zh": "B座"}, "heightStatus": "unknown", "source": "OpenStreetMap", "license": "ODbL-1.0"}, "geometry": {"type": "MultiPolygon", "coordinates": [[[[114.0596441, 22.5304001], [114.0596443, 22.5303705], [114.0597166, 22.5303709], [114.0597167, 22.5303537], [114.0596678, 22.5303534], [114.0596683, 22.5302874], [114.0596824, 22.5302875], [114.0597134, 22.5302592], [114.0597134, 22.5302486], [114.0598523, 22.5302494], [114.0598522, 22.5302601], [114.0598828, 22.5302887], [114.0598969, 22.5302888], [114.0598965, 22.5303547], [114.0598475, 22.5303544], [114.0598474, 22.5303717], [114.0599197, 22.5303722], [114.0599195, 22.5304018], [114.0598948, 22.5304016], [114.0598947, 22.5304238], [114.0596686, 22.5304225], [114.0596688, 22.5304003], [114.0596441, 22.5304001]]]]}}, {"type": "Feature", "id": "way/1430176376", "properties": {"tags": {"building": "apartments", "name": "A座", "name:zh": "A座"}, "heightStatus": "unknown", "source": "OpenStreetMap", "license": "ODbL-1.0"}, "geometry": {"type": "MultiPolygon", "coordinates": [[[[114.0600409, 22.5304059], [114.0600411, 22.5303763], [114.0601134, 22.5303767], [114.0601135, 22.5303594], [114.0600646, 22.5303591], [114.060065, 22.5302931], [114.0600791, 22.5302932], [114.0601101, 22.530265], [114.0601102, 22.5302544], [114.0602491, 22.5302552], [114.060249, 22.5302658], [114.0602796, 22.5302944], [114.0602937, 22.5302945], [114.0602932, 22.5303605], [114.0602443, 22.5303602], [114.0602442, 22.5303775], [114.0603165, 22.5303779], [114.0603162, 22.5304075], [114.0602916, 22.5304074], [114.0602914, 22.5304296], [114.0600654, 22.5304282], [114.0600655, 22.530406], [114.0600409, 22.5304059]]]]}}, {"type": "Feature", "id": "way/1430176377", "properties": {"tags": {"building": "apartments", "name": "里奥de花园", "name:zh": "里奥de花园"}, "heightStatus": "unknown", "source": "OpenStreetMap", "license": "ODbL-1.0"}, "geometry": {"type": "MultiPolygon", "coordinates": [[[[114.0605237, 22.5303406], [114.060524, 22.5303022], [114.0605375, 22.5303022], [114.0605381, 22.5302194], [114.0606047, 22.5302198], [114.0606042, 22.5302893], [114.0606397, 22.530257], [114.0606718, 22.530287], [114.0606247, 22.53033], [114.0606599, 22.5303629], [114.060707, 22.5303199], [114.0607622, 22.5303716], [114.0607151, 22.5304146], [114.0607502, 22.5304475], [114.0607974, 22.5304045], [114.0608295, 22.5304346], [114.060794, 22.5304669], [114.060905, 22.5304676], [114.0609044, 22.530554], [114.0607374, 22.530553], [114.0607376, 22.530518], [114.0607043, 22.5304868], [114.0606537, 22.5305328], [114.060531, 22.530418], [114.0605816, 22.5303719], [114.0605482, 22.5303407], [114.0605237, 22.5303406]]]]}}, {"type": "Feature", "id": "way/1430176378", "properties": {"tags": {"building": "apartments", "name": "华明楼", "name:zh": "华明楼"}, "heightStatus": "unknown", "source": "OpenStreetMap", "license": "ODbL-1.0"}, "geometry": {"type": "MultiPolygon", "coordinates": [[[[114.0605358, 22.529624], [114.060566, 22.529568], [114.0605586, 22.5295602], [114.0605594, 22.5295497], [114.0605679, 22.5295429], [114.0605792, 22.5295436], [114.0606282, 22.5295662], [114.0606736, 22.5294666], [114.0607054, 22.5294768], [114.0607384, 22.5294833], [114.0607721, 22.5294857], [114.0608058, 22.5294843], [114.060839, 22.5294788], [114.0608712, 22.5294696], [114.060913, 22.5295704], [114.0609628, 22.5295494], [114.0609741, 22.529549], [114.0609824, 22.5295561], [114.0609828, 22.5295665], [114.0609751, 22.5295742], [114.0610033, 22.529631], [114.0609479, 22.5296545], [114.0608896, 22.5296713], [114.0608295, 22.5296811], [114.0607686, 22.5296837], [114.0607078, 22.5296792], [114.0606481, 22.5296676], [114.0605904, 22.5296491], [114.0605358, 22.529624]]]]}}, {"type": "Feature", "id": "way/1430176379", "properties": {"tags": {"addr:housename": "海滨广场", "addr:housename:zh": "海滨广场", "building": "apartments", "name": "福安阁", "name:zh": "福安阁"}, "heightStatus": "unknown", "source": "OpenStreetMap", "license": "ODbL-1.0"}, "geometry": {"type": "MultiPolygon", "coordinates": [[[[114.0622697, 22.5291613], [114.0622701, 22.5291082], [114.0623479, 22.5291087], [114.0623481, 22.529086], [114.0622703, 22.5290856], [114.0622706, 22.5290324], [114.0623674, 22.529033], [114.0623679, 22.528955], [114.06242, 22.5289553], [114.0624195, 22.5290145], [114.0624484, 22.5290147], [114.0624488, 22.5289555], [114.0625008, 22.5289558], [114.0625003, 22.5290338], [114.062597, 22.5290344], [114.0625966, 22.5290875], [114.0625188, 22.529087], [114.0625187, 22.5291097], [114.0625965, 22.5291102], [114.0625961, 22.5291633], [114.0624994, 22.5291627], [114.0624991, 22.5292086], [114.062447, 22.5292083], [114.0624473, 22.5291624], [114.0624185, 22.5291622], [114.0624182, 22.5292081], [114.0623661, 22.5292078], [114.0623665, 22.5291619], [114.0622697, 22.5291613]]]]}}, {"type": "Feature", "id": "way/1430176380", "properties": {"tags": {"addr:housename": "海滨广场", "addr:housename:zh": "海滨广场", "building": "apartments", "name": "福星阁", "name:zh": "福星阁"}, "heightStatus": "unknown", "source": "OpenStreetMap", "license": "ODbL-1.0"}, "geometry": {"type": "MultiPolygon", "coordinates": [[[[114.0618601, 22.5291596], [114.0618604, 22.5291065], [114.0619382, 22.5291069], [114.0619384, 22.5290843], [114.0618606, 22.5290838], [114.061861, 22.5290307], [114.0619577, 22.5290313], [114.0619583, 22.5289533], [114.0620103, 22.5289536], [114.0620099, 22.5290128], [114.0620387, 22.529013], [114.0620391, 22.5289538], [114.0620912, 22.5289541], [114.0620906, 22.5290321], [114.0621874, 22.5290326], [114.062187, 22.5290858], [114.0621092, 22.5290853], [114.062109, 22.5291079], [114.0621868, 22.5291084], [114.0621864, 22.5291615], [114.0620897, 22.529161], [114.0620894, 22.5292069], [114.0620374, 22.5292066], [114.0620377, 22.5291606], [114.0620088, 22.5291605], [114.0620085, 22.5292064], [114.0619565, 22.5292061], [114.0619568, 22.5291602], [114.0618601, 22.5291596]]]]}}, {"type": "Feature", "id": "way/1430176381", "properties": {"tags": {"addr:housename": "海滨广场", "addr:housename:zh": "海滨广场", "building": "apartments", "name": "福荣阁", "name:zh": "福荣阁"}, "heightStatus": "unknown", "source": "OpenStreetMap", "license": "ODbL-1.0"}, "geometry": {"type": "MultiPolygon", "coordinates": [[[[114.0616613, 22.5296532], [114.0616617, 22.5296001], [114.0617395, 22.5296005], [114.0617397, 22.5295779], [114.0616619, 22.5295774], [114.0616623, 22.5295243], [114.061759, 22.5295249], [114.0617595, 22.5294469], [114.0618116, 22.5294472], [114.0618112, 22.5295064], [114.06184, 22.5295066], [114.0618404, 22.5294474], [114.0618924, 22.5294477], [114.0618919, 22.5295257], [114.0619886, 22.5295262], [114.0619883, 22.5295794], [114.0619105, 22.5295789], [114.0619103, 22.5296016], [114.0619881, 22.529602], [114.0619877, 22.5296551], [114.061891, 22.5296546], [114.0618907, 22.5297005], [114.0618386, 22.5297002], [114.061839, 22.5296543], [114.0618101, 22.5296541], [114.0618098, 22.5297], [114.0617578, 22.5296997], [114.0617581, 22.5296538], [114.0616613, 22.5296532]]]]}}, {"type": "Feature", "id": "way/1430176382", "properties": {"tags": {"building": "apartments", "name": "紫云阁", "name:zh": "紫云阁"}, "heightStatus": "unknown", "source": "OpenStreetMap", "license": "ODbL-1.0"}, "geometry": {"type": "MultiPolygon", "coordinates": [[[[114.058848, 22.5308171], [114.0588498, 22.5305566], [114.0591521, 22.5305584], [114.0591508, 22.5307418], [114.0590639, 22.5307413], [114.0590633, 22.5308184], [114.058848, 22.5308171]]]]}}, {"type": "Feature", "id": "way/1430176383", "properties": {"tags": {"building": "apartments", "name": "龙云阁", "name:zh": "龙云阁"}, "heightStatus": "unknown", "source": "OpenStreetMap", "license": "ODbL-1.0"}, "geometry": {"type": "MultiPolygon", "coordinates": [[[[114.0591171, 22.531065], [114.0591184, 22.5308816], [114.0592054, 22.5308821], [114.0592059, 22.530805], [114.0593921, 22.5308061], [114.0593902, 22.5310666], [114.0591171, 22.531065]]]]}}, {"type": "Feature", "id": "way/1430176384", "properties": {"tags": {"building": "apartments", "name": "显锐大厦", "name:zh": "显锐大厦"}, "heightStatus": "unknown", "source": "OpenStreetMap", "license": "ODbL-1.0"}, "geometry": {"type": "MultiPolygon", "coordinates": [[[[114.0590689, 22.5299873], [114.0590696, 22.5298838], [114.0591668, 22.5298844], [114.0591673, 22.5298194], [114.0592879, 22.5298201], [114.0592875, 22.5298851], [114.0593847, 22.5298857], [114.059384, 22.5299892], [114.0592868, 22.5299886], [114.0592863, 22.530047], [114.0591657, 22.5300462], [114.0591661, 22.5299879], [114.0590689, 22.5299873]]]]}}, {"type": "Feature", "id": "way/1430176385", "properties": {"tags": {"building": "apartments", "name": "铭可达大厦", "name:zh": "铭可达大厦"}, "heightStatus": "unknown", "source": "OpenStreetMap", "license": "ODbL-1.0"}, "geometry": {"type": "MultiPolygon", "coordinates": [[[[114.0591717, 22.5296455], [114.0591724, 22.5295436], [114.0592404, 22.5294816], [114.0592167, 22.5294595], [114.0592611, 22.529419], [114.0593087, 22.5294635], [114.059357, 22.5294196], [114.0594008, 22.5294606], [114.0593768, 22.5294824], [114.0594439, 22.5295452], [114.0594432, 22.5296472], [114.0591717, 22.5296455]]]]}}, {"type": "Feature", "id": "way/1430176386", "properties": {"tags": {"building": "apartments", "name": "A座", "name:zh": "A座"}, "heightStatus": "unknown", "source": "OpenStreetMap", "license": "ODbL-1.0"}, "geometry": {"type": "MultiPolygon", "coordinates": [[[[114.0596992, 22.5296221], [114.0596995, 22.5295719], [114.0597968, 22.5295725], [114.0597975, 22.5294641], [114.0599219, 22.5294648], [114.0599211, 22.5295732], [114.0600184, 22.5295738], [114.060018, 22.529624], [114.0599208, 22.5296234], [114.0599201, 22.5297127], [114.0597958, 22.529712], [114.0597964, 22.5296227], [114.0596992, 22.5296221]]]]}}, {"type": "Feature", "id": "way/1430176387", "properties": {"tags": {"building": "apartments", "name": "B座", "name:zh": "B座"}, "heightStatus": "unknown", "source": "OpenStreetMap", "license": "ODbL-1.0"}, "geometry": {"type": "MultiPolygon", "coordinates": [[[[114.0600774, 22.5296256], [114.0600777, 22.5295754], [114.060175, 22.5295759], [114.0601757, 22.5294675], [114.0603001, 22.5294682], [114.0602993, 22.5295767], [114.0603966, 22.5295773], [114.0603962, 22.5296275], [114.0602989, 22.5296269], [114.0602983, 22.5297162], [114.060174, 22.5297154], [114.0601746, 22.5296261], [114.0600774, 22.5296256]]]]}}, {"type": "Feature", "id": "way/1430176388", "properties": {"tags": {"building": "apartments"}, "heightStatus": "unknown", "source": "OpenStreetMap", "license": "ODbL-1.0"}, "geometry": {"type": "MultiPolygon", "coordinates": [[[[114.0600814, 22.5291253], [114.0600819, 22.5290458], [114.0601597, 22.5290462], [114.06016, 22.5290148], [114.0600822, 22.5290143], [114.0600827, 22.5289348], [114.06018, 22.5289354], [114.060234, 22.5288862], [114.0602872, 22.528936], [114.0603845, 22.5289366], [114.0603839, 22.5290161], [114.0603061, 22.5290157], [114.0603059, 22.5290471], [114.0603837, 22.5290476], [114.0603832, 22.5291271], [114.0602859, 22.5291265], [114.0602319, 22.5291757], [114.0601786, 22.5291259], [114.0600814, 22.5291253]]]]}}, {"type": "Feature", "id": "way/1430176389", "properties": {"tags": {"building": "apartments"}, "heightStatus": "unknown", "source": "OpenStreetMap", "license": "ODbL-1.0"}, "geometry": {"type": "MultiPolygon", "coordinates": [[[[114.0596817, 22.5291265], [114.0596823, 22.529047], [114.0597601, 22.5290475], [114.0597603, 22.529016], [114.0596825, 22.5290156], [114.0596831, 22.5289361], [114.0597803, 22.5289366], [114.0598343, 22.5288874], [114.0598876, 22.5289373], [114.0599848, 22.5289379], [114.0599843, 22.5290174], [114.0599065, 22.5290169], [114.0599063, 22.5290484], [114.0599841, 22.5290488], [114.0599835, 22.5291283], [114.0598863, 22.5291277], [114.0598323, 22.529177], [114.059779, 22.5291271], [114.0596817, 22.5291265]]]]}}, {"type": "Feature", "id": "way/1430176390", "properties": {"tags": {"building": "apartments"}, "heightStatus": "unknown", "source": "OpenStreetMap", "license": "ODbL-1.0"}, "geometry": {"type": "MultiPolygon", "coordinates": [[[[114.05927, 22.5291226], [114.0592706, 22.5290431], [114.0593484, 22.5290436], [114.0593486, 22.5290121], [114.0592708, 22.5290117], [114.0592714, 22.5289322], [114.0593686, 22.5289327], [114.0594226, 22.5288835], [114.0594759, 22.5289334], [114.0595731, 22.528934], [114.0595726, 22.5290135], [114.0594948, 22.529013], [114.0594946, 22.5290445], [114.0595724, 22.5290449], [114.0595718, 22.5291244], [114.0594746, 22.5291238], [114.0594206, 22.5291731], [114.0593673, 22.5291232], [114.05927, 22.5291226]]]]}}, {"type": "Feature", "id": "way/1430176391", "properties": {"tags": {"addr:housename": "海滨广场", "addr:housename:zh": "海滨广场", "building": "apartments", "name": "福满阁", "name:zh": "福满阁"}, "heightStatus": "unknown", "source": "OpenStreetMap", "license": "ODbL-1.0"}, "geometry": {"type": "MultiPolygon", "coordinates": [[[[114.0608651, 22.5290737], [114.0608654, 22.5290217], [114.0609433, 22.5290222], [114.0609439, 22.5289342], [114.0610932, 22.5289351], [114.0610926, 22.5290231], [114.0611704, 22.5290235], [114.06117, 22.5290755], [114.0610922, 22.529075], [114.0610915, 22.5291779], [114.0609422, 22.529177], [114.0609429, 22.5290741], [114.0608651, 22.5290737]]]]}}, {"type": "Feature", "id": "way/1430176392", "properties": {"tags": {"addr:housename": "海滨广场", "addr:housename:zh": "海滨广场", "building": "apartments", "name": "福来阁", "name:zh": "福来阁"}, "heightStatus": "unknown", "source": "OpenStreetMap", "license": "ODbL-1.0"}, "geometry": {"type": "MultiPolygon", "coordinates": [[[[114.0605602, 22.5290718], [114.0605605, 22.5290199], [114.0606383, 22.5290203], [114.060639, 22.5289324], [114.0607883, 22.5289333], [114.0607876, 22.5290212], [114.0608654, 22.5290217], [114.0608651, 22.5290737], [114.0607873, 22.5290732], [114.0607866, 22.5291761], [114.0606372, 22.5291752], [114.060638, 22.5290723], [114.0605602, 22.5290718]]]]}}, {"type": "Feature", "id": "way/1430176393", "properties": {"tags": {"building": "apartments", "name": "华轩大厦", "name:zh": "华轩大厦"}, "heightStatus": "unknown", "source": "OpenStreetMap", "license": "ODbL-1.0"}, "geometry": {"type": "MultiPolygon", "coordinates": [[[[114.0590355, 22.5303733], [114.059036, 22.5303034], [114.0591434, 22.5303041], [114.0591435, 22.5302874], [114.0590361, 22.5302867], [114.0590366, 22.5302168], [114.059144, 22.5302174], [114.0591443, 22.5301745], [114.0592075, 22.5301749], [114.0592069, 22.5302537], [114.0592344, 22.5302539], [114.0592349, 22.5301751], [114.0592981, 22.5301754], [114.0592978, 22.5302183], [114.0594052, 22.530219], [114.0594048, 22.5302889], [114.0592973, 22.5302883], [114.0592972, 22.530305], [114.0594046, 22.5303056], [114.0594041, 22.5303756], [114.0592967, 22.5303749], [114.0592964, 22.5304178], [114.0592332, 22.5304174], [114.0592338, 22.5303386], [114.0592063, 22.5303384], [114.0592058, 22.5304173], [114.0591426, 22.5304169], [114.0591429, 22.530374], [114.0590355, 22.5303733]]]]}}, {"type": "Feature", "id": "way/1430176394", "properties": {"tags": {"building": "apartments", "name": "伟俊阁", "name:zh": "伟俊阁"}, "heightStatus": "unknown", "source": "OpenStreetMap", "license": "ODbL-1.0"}, "geometry": {"type": "MultiPolygon", "coordinates": [[[[114.0613903, 22.5309983], [114.0613908, 22.5309328], [114.061473, 22.5309333], [114.0614731, 22.530912], [114.0613909, 22.5309115], [114.0613914, 22.530846], [114.0614318, 22.5308462], [114.0614317, 22.5308596], [114.0614735, 22.5308598], [114.0614738, 22.5308138], [114.0616022, 22.5308146], [114.0616018, 22.5308606], [114.0616436, 22.5308609], [114.0616437, 22.5308475], [114.0616842, 22.5308477], [114.0616837, 22.5309132], [114.0616015, 22.5309128], [114.0616013, 22.5309341], [114.0616835, 22.5309346], [114.0616831, 22.5310001], [114.0616426, 22.5309999], [114.0616427, 22.5309865], [114.0616009, 22.5309862], [114.0616006, 22.5310322], [114.0614723, 22.5310315], [114.0614726, 22.5309854], [114.0614308, 22.5309852], [114.0614307, 22.5309986], [114.0613903, 22.5309983]]]]}}, {"type": "Feature", "id": "way/1430176395", "properties": {"tags": {"building": "apartments", "name": "伟豪阁", "name:zh": "伟豪阁"}, "heightStatus": "unknown", "source": "OpenStreetMap", "license": "ODbL-1.0"}, "geometry": {"type": "MultiPolygon", "coordinates": [[[[114.0618556, 22.531006], [114.0618561, 22.5309405], [114.0619383, 22.530941], [114.0619385, 22.5309197], [114.0618562, 22.5309192], [114.0618567, 22.5308536], [114.0618971, 22.5308539], [114.061897, 22.5308673], [114.0619388, 22.5308675], [114.0619391, 22.5308215], [114.0620675, 22.5308223], [114.0620671, 22.5308683], [114.0621089, 22.5308686], [114.062109, 22.5308552], [114.0621495, 22.5308554], [114.062149, 22.5309209], [114.0620668, 22.5309204], [114.0620666, 22.5309418], [114.0621489, 22.5309423], [114.0621484, 22.5310078], [114.062108, 22.5310076], [114.0621081, 22.5309942], [114.0620663, 22.5309939], [114.0620659, 22.5310399], [114.0619376, 22.5310392], [114.0619379, 22.5309931], [114.0618961, 22.5309929], [114.0618961, 22.5310063], [114.0618556, 22.531006]]]]}}, {"type": "Feature", "id": "way/1430176396", "properties": {"tags": {"building": "apartments", "name": "福长阁", "name:zh": "福长阁"}, "heightStatus": "unknown", "source": "OpenStreetMap", "license": "ODbL-1.0"}, "geometry": {"type": "MultiPolygon", "coordinates": [[[[114.0614568, 22.5305368], [114.0614572, 22.5304872], [114.0615111, 22.5304875], [114.0615114, 22.530456], [114.0614574, 22.5304557], [114.0614578, 22.5303989], [114.0615511, 22.5303994], [114.0615515, 22.5303371], [114.0616329, 22.5303376], [114.0616324, 22.5303999], [114.0617257, 22.5304005], [114.0617254, 22.5304573], [114.0616714, 22.5304569], [114.0616712, 22.5304885], [114.0617251, 22.5304888], [114.0617248, 22.5305384], [114.0614568, 22.5305368]]]]}}, {"type": "Feature", "id": "way/1430176397", "properties": {"tags": {"building": "apartments", "name": "福德阁", "name:zh": "福德阁"}, "heightStatus": "unknown", "source": "OpenStreetMap", "license": "ODbL-1.0"}, "geometry": {"type": "MultiPolygon", "coordinates": [[[[114.0617986, 22.5304567], [114.0617989, 22.5304071], [114.0618529, 22.5304074], [114.0618531, 22.5303759], [114.0617991, 22.5303756], [114.0617995, 22.5303188], [114.0618928, 22.5303194], [114.0618933, 22.5302571], [114.0619746, 22.5302576], [114.0619742, 22.5303199], [114.0620675, 22.5303204], [114.0620671, 22.5303772], [114.0620131, 22.5303769], [114.0620129, 22.5304084], [114.0620669, 22.5304087], [114.0620665, 22.5304583], [114.0617986, 22.5304567]]]]}}, {"type": "Feature", "id": "way/1430176398", "properties": {"tags": {"building": "apartments"}, "heightStatus": "unknown", "source": "OpenStreetMap", "license": "ODbL-1.0"}, "geometry": {"type": "MultiPolygon", "coordinates": [[[[114.062338, 22.5307591], [114.0623383, 22.5307127], [114.0623879, 22.530713], [114.0623881, 22.5306889], [114.0623385, 22.5306886], [114.0623388, 22.5306421], [114.0624001, 22.5306425], [114.0624004, 22.5306084], [114.0624594, 22.5306088], [114.0624592, 22.5306371], [114.0624843, 22.5306372], [114.0624845, 22.5306089], [114.0625436, 22.5306093], [114.0625433, 22.5306434], [114.0626046, 22.5306437], [114.0626043, 22.5306902], [114.0625547, 22.5306899], [114.0625545, 22.530714], [114.0626041, 22.5307143], [114.0626038, 22.5307607], [114.0625425, 22.5307603], [114.0625423, 22.5307944], [114.0624832, 22.530794], [114.0624834, 22.5307657], [114.0624583, 22.5307656], [114.0624581, 22.5307939], [114.0623991, 22.5307935], [114.0623993, 22.5307595], [114.062338, 22.5307591]]]]}}, {"type": "Feature", "id": "way/1430176399", "properties": {"tags": {"building": "apartments"}, "heightStatus": "unknown", "source": "OpenStreetMap", "license": "ODbL-1.0"}, "geometry": {"type": "MultiPolygon", "coordinates": [[[[114.0623379, 22.531065], [114.0623382, 22.5310186], [114.0623878, 22.5310189], [114.062388, 22.5309948], [114.0623384, 22.5309945], [114.0623387, 22.5309481], [114.0624, 22.5309484], [114.0624002, 22.5309144], [114.0624593, 22.5309147], [114.0624591, 22.530943], [114.0624842, 22.5309432], [114.0624844, 22.5309149], [114.0625435, 22.5309152], [114.0625432, 22.5309493], [114.0626045, 22.5309497], [114.0626042, 22.5309961], [114.0625546, 22.5309958], [114.0625544, 22.5310199], [114.062604, 22.5310202], [114.0626037, 22.5310666], [114.0625424, 22.5310662], [114.0625422, 22.5311003], [114.0624831, 22.5311], [114.0624833, 22.5310717], [114.0624582, 22.5310715], [114.062458, 22.5310998], [114.0623989, 22.5310995], [114.0623992, 22.5310654], [114.0623379, 22.531065]]]]}}, {"type": "Feature", "id": "way/1430176400", "properties": {"tags": {"building": "apartments", "name": "福业大厦", "name:zh": "福业大厦"}, "heightStatus": "unknown", "source": "OpenStreetMap", "license": "ODbL-1.0"}, "geometry": {"type": "MultiPolygon", "coordinates": [[[[114.0623497, 22.5303868], [114.0623501, 22.5303296], [114.0624392, 22.5303302], [114.0624398, 22.5302403], [114.0624969, 22.5302407], [114.0624963, 22.5303305], [114.0625206, 22.5303307], [114.0625212, 22.5302408], [114.0625783, 22.5302412], [114.0625777, 22.530331], [114.0626667, 22.5303315], [114.0626663, 22.5303887], [114.0625773, 22.5303882], [114.0625767, 22.530478], [114.0625195, 22.5304777], [114.0625202, 22.5303878], [114.0624959, 22.5303877], [114.0624952, 22.5304775], [114.0624381, 22.5304772], [114.0624388, 22.5303874], [114.0623497, 22.5303868]]]]}}, {"type": "Feature", "id": "way/1430176401", "properties": {"tags": {"building": "apartments", "name": "万福阁", "name:zh": "万福阁"}, "heightStatus": "unknown", "source": "OpenStreetMap", "license": "ODbL-1.0"}, "geometry": {"type": "MultiPolygon", "coordinates": [[[[114.0623748, 22.5296824], [114.0623752, 22.5296293], [114.062453, 22.5296297], [114.0624532, 22.5296071], [114.0623754, 22.5296066], [114.0623757, 22.5295535], [114.0624535, 22.529554], [114.0624538, 22.5295161], [114.0625784, 22.5295169], [114.0625781, 22.5295547], [114.0626559, 22.5295552], [114.0626555, 22.5296083], [114.0625777, 22.5296078], [114.0625776, 22.5296305], [114.0626554, 22.529631], [114.062655, 22.5296841], [114.0625772, 22.5296836], [114.0625769, 22.5297215], [114.0624524, 22.5297207], [114.0624526, 22.5296829], [114.0623748, 22.5296824]]]]}}, {"type": "Feature", "id": "way/1430176402", "properties": {"tags": {"building": "apartments", "name": "恒华阁", "name:zh": "恒华阁"}, "heightStatus": "unknown", "source": "OpenStreetMap", "license": "ODbL-1.0"}, "geometry": {"type": "MultiPolygon", "coordinates": [[[[114.0623718, 22.5300223], [114.0623721, 22.5299692], [114.0624499, 22.5299696], [114.0624501, 22.529947], [114.0623723, 22.5299465], [114.0623727, 22.5298934], [114.0624505, 22.5298939], [114.0624507, 22.529856], [114.0625753, 22.5298568], [114.062575, 22.5298946], [114.0626528, 22.5298951], [114.0626525, 22.5299482], [114.0625747, 22.5299477], [114.0625745, 22.5299704], [114.0626523, 22.5299708], [114.0626519, 22.530024], [114.0625741, 22.5300235], [114.0625739, 22.5300613], [114.0624493, 22.5300606], [114.0624496, 22.5300228], [114.0623718, 22.5300223]]]]}}, {"type": "Feature", "id": "way/1430178986", "properties": {"tags": {"building": "apartments"}, "heightStatus": "unknown", "source": "OpenStreetMap", "license": "ODbL-1.0"}, "geometry": {"type": "MultiPolygon", "coordinates": [[[[114.0542841, 22.530803], [114.0543924, 22.5307864], [114.0544114, 22.530892], [114.0543031, 22.5309087], [114.0542841, 22.530803]]]]}}, {"type": "Feature", "id": "way/1430178987", "properties": {"tags": {"building": "apartments"}, "heightStatus": "unknown", "source": "OpenStreetMap", "license": "ODbL-1.0"}, "geometry": {"type": "MultiPolygon", "coordinates": [[[[114.0542595, 22.5306618], [114.0543678, 22.5306452], [114.0543868, 22.5307509], [114.0542785, 22.5307675], [114.0542595, 22.5306618]]]]}}, {"type": "Feature", "id": "way/1430178988", "properties": {"tags": {"building": "apartments"}, "heightStatus": "unknown", "source": "OpenStreetMap", "license": "ODbL-1.0"}, "geometry": {"type": "MultiPolygon", "coordinates": [[[[114.054234, 22.5305145], [114.0543423, 22.5304979], [114.0543613, 22.5306036], [114.054253, 22.5306202], [114.054234, 22.5305145]]]]}}, {"type": "Feature", "id": "way/1430178989", "properties": {"tags": {"building": "apartments"}, "heightStatus": "unknown", "source": "OpenStreetMap", "license": "ODbL-1.0"}, "geometry": {"type": "MultiPolygon", "coordinates": [[[[114.0555719, 22.5301218], [114.0556795, 22.5301053], [114.0556966, 22.5302001], [114.0555889, 22.5302166], [114.0555719, 22.5301218]]]]}}, {"type": "Feature", "id": "way/1430178990", "properties": {"tags": {"building": "apartments"}, "heightStatus": "unknown", "source": "OpenStreetMap", "license": "ODbL-1.0"}, "geometry": {"type": "MultiPolygon", "coordinates": [[[[114.0553289, 22.5301376], [114.0554365, 22.5301211], [114.0554578, 22.5302395], [114.0553502, 22.530256], [114.0553289, 22.5301376]]]]}}, {"type": "Feature", "id": "way/1430178991", "properties": {"tags": {"building": "apartments"}, "heightStatus": "unknown", "source": "OpenStreetMap", "license": "ODbL-1.0"}, "geometry": {"type": "MultiPolygon", "coordinates": [[[[114.0554382, 22.530057], [114.0555363, 22.5299957], [114.0555933, 22.5300736], [114.0554951, 22.5301349], [114.0554382, 22.530057]]]]}}, {"type": "Feature", "id": "way/1430178992", "properties": {"tags": {"building": "apartments"}, "heightStatus": "unknown", "source": "OpenStreetMap", "license": "ODbL-1.0"}, "geometry": {"type": "MultiPolygon", "coordinates": [[[[114.0549406, 22.5299155], [114.0550388, 22.5298543], [114.055102, 22.5299408], [114.0550038, 22.530002], [114.0549406, 22.5299155]]]]}}, {"type": "Feature", "id": "way/1430178993", "properties": {"tags": {"building": "apartments"}, "heightStatus": "unknown", "source": "OpenStreetMap", "license": "ODbL-1.0"}, "geometry": {"type": "MultiPolygon", "coordinates": [[[[114.0552133, 22.5300443], [114.0553114, 22.5299831], [114.0553747, 22.5300696], [114.0552765, 22.5301308], [114.0552133, 22.5300443]]]]}}, {"type": "Feature", "id": "way/1430178994", "properties": {"tags": {"building": "apartments"}, "heightStatus": "unknown", "source": "OpenStreetMap", "license": "ODbL-1.0"}, "geometry": {"type": "MultiPolygon", "coordinates": [[[[114.0551351, 22.5299412], [114.0552333, 22.52988], [114.0552965, 22.5299665], [114.0551983, 22.5300277], [114.0551351, 22.5299412]]]]}}, {"type": "Feature", "id": "way/1430178995", "properties": {"tags": {"building": "apartments"}, "heightStatus": "unknown", "source": "OpenStreetMap", "license": "ODbL-1.0"}, "geometry": {"type": "MultiPolygon", "coordinates": [[[[114.0550602, 22.5298398], [114.0551584, 22.5297785], [114.0552216, 22.529865], [114.0551234, 22.5299263], [114.0550602, 22.5298398]]]]}}, {"type": "Feature", "id": "way/1430178996", "properties": {"tags": {"building": "apartments"}, "heightStatus": "unknown", "source": "OpenStreetMap", "license": "ODbL-1.0"}, "geometry": {"type": "MultiPolygon", "coordinates": [[[[114.0553313, 22.52997], [114.0554295, 22.5299088], [114.0554927, 22.5299953], [114.0553945, 22.5300565], [114.0553313, 22.52997]]]]}}, {"type": "Feature", "id": "way/1430178997", "properties": {"tags": {"building": "apartments"}, "heightStatus": "unknown", "source": "OpenStreetMap", "license": "ODbL-1.0"}, "geometry": {"type": "MultiPolygon", "coordinates": [[[[114.0552532, 22.5298669], [114.0553513, 22.5298057], [114.0554146, 22.5298922], [114.0553164, 22.5299534], [114.0552532, 22.5298669]]]]}}, {"type": "Feature", "id": "way/1430178998", "properties": {"tags": {"building": "apartments"}, "heightStatus": "unknown", "source": "OpenStreetMap", "license": "ODbL-1.0"}, "geometry": {"type": "MultiPolygon", "coordinates": [[[[114.0551783, 22.5297655], [114.0552764, 22.5297043], [114.0553397, 22.5297908], [114.0552415, 22.529852], [114.0551783, 22.5297655]]]]}}, {"type": "Feature", "id": "way/1430179000", "properties": {"tags": {"building": "apartments"}, "heightStatus": "unknown", "source": "OpenStreetMap", "license": "ODbL-1.0"}, "geometry": {"type": "MultiPolygon", "coordinates": [[[[114.0565733, 22.5301539], [114.0566814, 22.5301373], [114.0567004, 22.530243], [114.0565923, 22.5302596], [114.0565733, 22.5301539]]]]}}, {"type": "Feature", "id": "way/1430179001", "properties": {"tags": {"building": "apartments"}, "heightStatus": "unknown", "source": "OpenStreetMap", "license": "ODbL-1.0"}, "geometry": {"type": "MultiPolygon", "coordinates": [[[[114.0562728, 22.5303513], [114.0563804, 22.5303348], [114.0563994, 22.5304404], [114.0562918, 22.530457], [114.0562728, 22.5303513]]]]}}, {"type": "Feature", "id": "way/1430179002", "properties": {"tags": {"building": "apartments"}, "heightStatus": "unknown", "source": "OpenStreetMap", "license": "ODbL-1.0"}, "geometry": {"type": "MultiPolygon", "coordinates": [[[[114.0562973, 22.5304925], [114.056405, 22.5304759], [114.056424, 22.5305816], [114.0563163, 22.5305981], [114.0562973, 22.5304925]]]]}}, {"type": "Feature", "id": "way/1430179003", "properties": {"tags": {"building": "apartments"}, "heightStatus": "unknown", "source": "OpenStreetMap", "license": "ODbL-1.0"}, "geometry": {"type": "MultiPolygon", "coordinates": [[[[114.0564595, 22.5304678], [114.0565679, 22.5304512], [114.0565868, 22.5305566], [114.0564785, 22.5305732], [114.0564595, 22.5304678]]]]}}, {"type": "Feature", "id": "way/1430179004", "properties": {"tags": {"building": "apartments"}, "heightStatus": "unknown", "source": "OpenStreetMap", "license": "ODbL-1.0"}, "geometry": {"type": "MultiPolygon", "coordinates": [[[[114.0566234, 22.5304423], [114.0567315, 22.5304257], [114.0567505, 22.5305315], [114.0566424, 22.5305481], [114.0566234, 22.5304423]]]]}}, {"type": "Feature", "id": "way/1430179005", "properties": {"tags": {"building": "apartments"}, "heightStatus": "unknown", "source": "OpenStreetMap", "license": "ODbL-1.0"}, "geometry": {"type": "MultiPolygon", "coordinates": [[[[114.056435, 22.5303267], [114.0565433, 22.53031], [114.0565623, 22.5304154], [114.0564539, 22.5304321], [114.056435, 22.5303267]]]]}}, {"type": "Feature", "id": "way/1430179006", "properties": {"tags": {"building": "apartments"}, "heightStatus": "unknown", "source": "OpenStreetMap", "license": "ODbL-1.0"}, "geometry": {"type": "MultiPolygon", "coordinates": [[[[114.0562473, 22.530204], [114.0563549, 22.5301875], [114.0563739, 22.5302931], [114.0562663, 22.5303096], [114.0562473, 22.530204]]]]}}, {"type": "Feature", "id": "way/1430179007", "properties": {"tags": {"building": "apartments"}, "heightStatus": "unknown", "source": "OpenStreetMap", "license": "ODbL-1.0"}, "geometry": {"type": "MultiPolygon", "coordinates": [[[[114.0565988, 22.5303012], [114.0567069, 22.5302846], [114.056726, 22.5303903], [114.0566178, 22.5304069], [114.0565988, 22.5303012]]]]}}, {"type": "Feature", "id": "way/1430179008", "properties": {"tags": {"building": "apartments"}, "heightStatus": "unknown", "source": "OpenStreetMap", "license": "ODbL-1.0"}, "geometry": {"type": "MultiPolygon", "coordinates": [[[[114.0564095, 22.5301794], [114.0565178, 22.5301627], [114.0565368, 22.5302681], [114.0564284, 22.5302847], [114.0564095, 22.5301794]]]]}}, {"type": "Feature", "id": "way/1430179009", "properties": {"tags": {"building": "apartments"}, "heightStatus": "unknown", "source": "OpenStreetMap", "license": "ODbL-1.0"}, "geometry": {"type": "MultiPolygon", "coordinates": [[[[114.0559691, 22.5309748], [114.0560775, 22.5309582], [114.0560964, 22.5310636], [114.0559881, 22.5310802], [114.0559691, 22.5309748]]]]}}, {"type": "Feature", "id": "way/1430179010", "properties": {"tags": {"building": "apartments"}, "heightStatus": "unknown", "source": "OpenStreetMap", "license": "ODbL-1.0"}, "geometry": {"type": "MultiPolygon", "coordinates": [[[[114.056133, 22.5309494], [114.0562411, 22.5309328], [114.0562601, 22.5310385], [114.056152, 22.5310551], [114.056133, 22.5309494]]]]}}, {"type": "Feature", "id": "way/1430179011", "properties": {"tags": {"building": "apartments"}, "heightStatus": "unknown", "source": "OpenStreetMap", "license": "ODbL-1.0"}, "geometry": {"type": "MultiPolygon", "coordinates": [[[[114.0558069, 22.5309995], [114.0559146, 22.530983], [114.0559336, 22.5310886], [114.055826, 22.5311051], [114.0558069, 22.5309995]]]]}}, {"type": "Feature", "id": "way/1430179012", "properties": {"tags": {"building": "apartments"}, "heightStatus": "unknown", "source": "OpenStreetMap", "license": "ODbL-1.0"}, "geometry": {"type": "MultiPolygon", "coordinates": [[[[114.0556414, 22.5310245], [114.0557495, 22.5310079], [114.0557686, 22.5311139], [114.0556605, 22.5311305], [114.0556414, 22.5310245]]]]}}, {"type": "Feature", "id": "way/1430179013", "properties": {"tags": {"building": "apartments"}, "heightStatus": "unknown", "source": "OpenStreetMap", "license": "ODbL-1.0"}, "geometry": {"type": "MultiPolygon", "coordinates": [[[[114.0544469, 22.5309229], [114.0545552, 22.5309062], [114.0545742, 22.5310119], [114.0544659, 22.5310286], [114.0544469, 22.5309229]]]]}}, {"type": "Feature", "id": "way/1430179014", "properties": {"tags": {"building": "apartments"}, "heightStatus": "unknown", "source": "OpenStreetMap", "license": "ODbL-1.0"}, "geometry": {"type": "MultiPolygon", "coordinates": [[[[114.0551268, 22.5309634], [114.055235, 22.5309468], [114.055254, 22.5310525], [114.0551459, 22.5310691], [114.0551268, 22.5309634]]]]}}, {"type": "Feature", "id": "way/1430179015", "properties": {"tags": {"building": "apartments"}, "heightStatus": "unknown", "source": "OpenStreetMap", "license": "ODbL-1.0"}, "geometry": {"type": "MultiPolygon", "coordinates": [[[[114.0549384, 22.5308477], [114.0550468, 22.5308311], [114.0550657, 22.5309365], [114.0549574, 22.5309531], [114.0549384, 22.5308477]]]]}}, {"type": "Feature", "id": "way/1430179016", "properties": {"tags": {"building": "apartments"}, "heightStatus": "unknown", "source": "OpenStreetMap", "license": "ODbL-1.0"}, "geometry": {"type": "MultiPolygon", "coordinates": [[[[114.0551023, 22.5308222], [114.0552104, 22.5308056], [114.0552294, 22.5309114], [114.0551213, 22.530928], [114.0551023, 22.5308222]]]]}}, {"type": "Feature", "id": "way/1430179017", "properties": {"tags": {"building": "apartments"}, "heightStatus": "unknown", "source": "OpenStreetMap", "license": "ODbL-1.0"}, "geometry": {"type": "MultiPolygon", "coordinates": [[[[114.0557572, 22.5307229], [114.0558649, 22.5307064], [114.0558839, 22.530812], [114.0557762, 22.5308286], [114.0557572, 22.5307229]]]]}}, {"type": "Feature", "id": "way/1430179018", "properties": {"tags": {"building": "apartments"}, "heightStatus": "unknown", "source": "OpenStreetMap", "license": "ODbL-1.0"}, "geometry": {"type": "MultiPolygon", "coordinates": [[[[114.0557818, 22.5308641], [114.0558895, 22.5308475], [114.0559085, 22.5309532], [114.0558008, 22.5309697], [114.0557818, 22.5308641]]]]}}, {"type": "Feature", "id": "way/1430179019", "properties": {"tags": {"building": "apartments"}, "heightStatus": "unknown", "source": "OpenStreetMap", "license": "ODbL-1.0"}, "geometry": {"type": "MultiPolygon", "coordinates": [[[[114.0556163, 22.5308891], [114.0557244, 22.5308725], [114.0557435, 22.5309785], [114.0556353, 22.5309951], [114.0556163, 22.5308891]]]]}}, {"type": "Feature", "id": "way/1430179020", "properties": {"tags": {"building": "apartments"}, "heightStatus": "unknown", "source": "OpenStreetMap", "license": "ODbL-1.0"}, "geometry": {"type": "MultiPolygon", "coordinates": [[[[114.0555917, 22.5307479], [114.0556998, 22.5307313], [114.0557189, 22.5308374], [114.0556108, 22.530854], [114.0555917, 22.5307479]]]]}}, {"type": "Feature", "id": "way/1430179021", "properties": {"tags": {"building": "apartments"}, "heightStatus": "unknown", "source": "OpenStreetMap", "license": "ODbL-1.0"}, "geometry": {"type": "MultiPolygon", "coordinates": [[[[114.0554524, 22.5309146], [114.0555608, 22.530898], [114.0555798, 22.5310037], [114.0554715, 22.5310203], [114.0554524, 22.5309146]]]]}}, {"type": "Feature", "id": "way/1430179022", "properties": {"tags": {"building": "apartments"}, "heightStatus": "unknown", "source": "OpenStreetMap", "license": "ODbL-1.0"}, "geometry": {"type": "MultiPolygon", "coordinates": [[[[114.0554279, 22.5307734], [114.0555362, 22.5307568], [114.0555552, 22.5308625], [114.0554469, 22.5308791], [114.0554279, 22.5307734]]]]}}, {"type": "Feature", "id": "way/1430179023", "properties": {"tags": {"building": "apartments"}, "heightStatus": "unknown", "source": "OpenStreetMap", "license": "ODbL-1.0"}, "geometry": {"type": "MultiPolygon", "coordinates": [[[[114.0552902, 22.5309392], [114.0553979, 22.5309227], [114.055417, 22.5310286], [114.0553093, 22.5310452], [114.0552902, 22.5309392]]]]}}, {"type": "Feature", "id": "way/1430179024", "properties": {"tags": {"building": "apartments"}, "heightStatus": "unknown", "source": "OpenStreetMap", "license": "ODbL-1.0"}, "geometry": {"type": "MultiPolygon", "coordinates": [[[[114.055944, 22.5308394], [114.0560523, 22.5308228], [114.0560713, 22.5309282], [114.055963, 22.5309448], [114.055944, 22.5308394]]]]}}, {"type": "Feature", "id": "way/1430179025", "properties": {"tags": {"building": "apartments"}, "heightStatus": "unknown", "source": "OpenStreetMap", "license": "ODbL-1.0"}, "geometry": {"type": "MultiPolygon", "coordinates": [[[[114.0552657, 22.5307981], [114.0553733, 22.5307815], [114.0553924, 22.5308875], [114.0552847, 22.530904], [114.0552657, 22.5307981]]]]}}, {"type": "Feature", "id": "way/1430179026", "properties": {"tags": {"building": "apartments"}, "heightStatus": "unknown", "source": "OpenStreetMap", "license": "ODbL-1.0"}, "geometry": {"type": "MultiPolygon", "coordinates": [[[[114.0561078, 22.530814], [114.056216, 22.5307974], [114.056235, 22.5309031], [114.0561269, 22.5309197], [114.0561078, 22.530814]]]]}}, {"type": "Feature", "id": "way/1430179027", "properties": {"tags": {"building": "apartments"}, "heightStatus": "unknown", "source": "OpenStreetMap", "license": "ODbL-1.0"}, "geometry": {"type": "MultiPolygon", "coordinates": [[[[114.0559194, 22.5306983], [114.0560278, 22.5306816], [114.0560467, 22.530787], [114.0559384, 22.5308037], [114.0559194, 22.5306983]]]]}}, {"type": "Feature", "id": "way/1430179028", "properties": {"tags": {"building": "apartments"}, "heightStatus": "unknown", "source": "OpenStreetMap", "license": "ODbL-1.0"}, "geometry": {"type": "MultiPolygon", "coordinates": [[[[114.0560833, 22.5306728], [114.0561914, 22.5306562], [114.0562104, 22.5307619], [114.0561023, 22.5307785], [114.0560833, 22.5306728]]]]}}, {"type": "Feature", "id": "way/1430179029", "properties": {"tags": {"building": "apartments"}, "heightStatus": "unknown", "source": "OpenStreetMap", "license": "ODbL-1.0"}, "geometry": {"type": "MultiPolygon", "coordinates": [[[[114.0546107, 22.5308974], [114.0547188, 22.5308808], [114.0547379, 22.5309868], [114.0546298, 22.5310034], [114.0546107, 22.5308974]]]]}}, {"type": "Feature", "id": "way/1430179030", "properties": {"tags": {"building": "apartments"}, "heightStatus": "unknown", "source": "OpenStreetMap", "license": "ODbL-1.0"}, "geometry": {"type": "MultiPolygon", "coordinates": [[[[114.0547762, 22.5308724], [114.0548839, 22.5308558], [114.0549029, 22.5309615], [114.0547952, 22.530978], [114.0547762, 22.5308724]]]]}}, {"type": "Feature", "id": "way/1430179037", "properties": {"tags": {"addr:housename": "皇岗三龙花园", "addr:housename:zh": "皇岗三龙花园", "building": "apartments", "name": "13栋", "name:zh": "13栋"}, "heightStatus": "unknown", "source": "OpenStreetMap", "license": "ODbL-1.0"}, "geometry": {"type": "MultiPolygon", "coordinates": [[[[114.0556254, 22.5284749], [114.055655, 22.5284686], [114.055658, 22.5284805], [114.0557044, 22.5284706], [114.0556956, 22.5284353], [114.0556483, 22.5284454], [114.0556296, 22.5283704], [114.0558189, 22.52833], [114.0558377, 22.528405], [114.0557905, 22.5284151], [114.0557993, 22.5284504], [114.0558457, 22.5284405], [114.0558427, 22.5284286], [114.0558723, 22.5284223], [114.0558923, 22.5285023], [114.0556454, 22.5285549], [114.0556254, 22.5284749]]]]}}, {"type": "Feature", "id": "way/1430179038", "properties": {"tags": {"addr:housename": "皇岗三龙花园", "addr:housename:zh": "皇岗三龙花园", "building": "apartments", "name": "11栋", "name:zh": "11栋"}, "heightStatus": "unknown", "source": "OpenStreetMap", "license": "ODbL-1.0"}, "geometry": {"type": "MultiPolygon", "coordinates": [[[[114.0551317, 22.5285802], [114.0551613, 22.5285739], [114.0551642, 22.5285858], [114.0552106, 22.5285759], [114.0552018, 22.5285406], [114.0551546, 22.5285506], [114.0551358, 22.5284756], [114.0553252, 22.5284352], [114.0553439, 22.5285103], [114.0552967, 22.5285203], [114.0553055, 22.5285557], [114.0553519, 22.5285458], [114.055349, 22.5285339], [114.0553786, 22.5285276], [114.0553985, 22.5286076], [114.0551517, 22.5286602], [114.0551317, 22.5285802]]]]}}, {"type": "Feature", "id": "way/1430179039", "properties": {"tags": {"addr:housename": "皇岗三龙花园", "addr:housename:zh": "皇岗三龙花园", "building": "apartments", "name": "2栋", "name:zh": "2栋"}, "heightStatus": "unknown", "source": "OpenStreetMap", "license": "ODbL-1.0"}, "geometry": {"type": "MultiPolygon", "coordinates": [[[[114.0558861, 22.530062], [114.0559005, 22.5300101], [114.0558899, 22.5300076], [114.0559001, 22.529971], [114.0559473, 22.5299822], [114.0559659, 22.5299645], [114.0558954, 22.5299013], [114.0559532, 22.5298462], [114.0559949, 22.5298835], [114.0560025, 22.5298763], [114.0560319, 22.5299026], [114.0559891, 22.5299434], [114.0559946, 22.5299613], [114.0560899, 22.5299375], [114.0561116, 22.5300115], [114.0560556, 22.5300255], [114.0560584, 22.5300352], [114.0560189, 22.5300451], [114.0560046, 22.5299963], [114.055991, 22.5299931], [114.0559665, 22.5300811], [114.0558861, 22.530062]]]]}}, {"type": "Feature", "id": "way/1430179040", "properties": {"tags": {"addr:housename": "皇岗三龙花园", "addr:housename:zh": "皇岗三龙花园", "building": "apartments", "name": "3栋", "name:zh": "3栋"}, "heightStatus": "unknown", "source": "OpenStreetMap", "license": "ODbL-1.0"}, "geometry": {"type": "MultiPolygon", "coordinates": [[[[114.055652, 22.5297001], [114.0557019, 22.5296728], [114.0556964, 22.5296641], [114.0557316, 22.5296449], [114.0557564, 22.5296836], [114.0557831, 22.5296832], [114.0557816, 22.5295925], [114.0558646, 22.5295913], [114.0558655, 22.5296449], [114.0558765, 22.5296448], [114.0558771, 22.5296825], [114.0558156, 22.5296834], [114.0558058, 22.5296997], [114.0558915, 22.5297451], [114.0558501, 22.5298116], [114.0557998, 22.5297849], [114.0557944, 22.5297937], [114.0557589, 22.5297749], [114.0557861, 22.529731], [114.0557789, 22.5297199], [114.0556942, 22.5297661], [114.055652, 22.5297001]]]]}}, {"type": "Feature", "id": "way/1430179041", "properties": {"tags": {"addr:housename": "皇岗三龙花园", "addr:housename:zh": "皇岗三龙花园", "building": "apartments", "name": "1栋", "name:zh": "1栋"}, "heightStatus": "unknown", "source": "OpenStreetMap", "license": "ODbL-1.0"}, "geometry": {"type": "MultiPolygon", "coordinates": [[[[114.0560062, 22.5298114], [114.056048, 22.5297743], [114.0560405, 22.529767], [114.05607, 22.5297408], [114.0561037, 22.5297732], [114.0561296, 22.5297672], [114.0561056, 22.5296792], [114.0561861, 22.5296604], [114.0562003, 22.5297124], [114.0562109, 22.5297099], [114.0562209, 22.5297465], [114.0561613, 22.5297604], [114.0561558, 22.5297784], [114.0562505, 22.5298044], [114.0562268, 22.5298779], [114.0561712, 22.5298626], [114.0561681, 22.5298723], [114.0561288, 22.5298615], [114.0561445, 22.529813], [114.0561347, 22.5298037], [114.0560638, 22.5298667], [114.0560062, 22.5298114]]]]}}, {"type": "Feature", "id": "way/1430179042", "properties": {"tags": {"addr:housename": "皇岗三龙花园", "addr:housename:zh": "皇岗三龙花园", "building": "apartments", "name": "4栋", "name:zh": "4栋"}, "heightStatus": "unknown", "source": "OpenStreetMap", "license": "ODbL-1.0"}, "geometry": {"type": "MultiPolygon", "coordinates": [[[[114.0560114, 22.529521], [114.0560555, 22.5294861], [114.0560484, 22.5294785], [114.0560794, 22.5294539], [114.0561111, 22.529488], [114.0561374, 22.5294834], [114.0561188, 22.5293942], [114.0562004, 22.5293797], [114.0562113, 22.5294324], [114.0562221, 22.5294305], [114.0562298, 22.5294676], [114.0561695, 22.5294783], [114.0561629, 22.5294959], [114.0562557, 22.5295268], [114.0562276, 22.529599], [114.056173, 22.5295808], [114.0561693, 22.5295903], [114.0561308, 22.5295775], [114.0561494, 22.5295299], [114.0561402, 22.5295201], [114.0560655, 22.5295793], [114.0560114, 22.529521]]]]}}, {"type": "Feature", "id": "way/1430179043", "properties": {"tags": {"addr:housename": "皇岗三龙花园", "addr:housename:zh": "皇岗三龙花园", "building": "apartments", "name": "6栋", "name:zh": "6栋"}, "heightStatus": "unknown", "source": "OpenStreetMap", "license": "ODbL-1.0"}, "geometry": {"type": "MultiPolygon", "coordinates": [[[[114.0557738, 22.5293302], [114.055795, 22.529256], [114.0558511, 22.5292697], [114.0558539, 22.52926], [114.0558934, 22.5292696], [114.055881, 22.5293131], [114.0559001, 22.5293304], [114.0559689, 22.5292657], [114.0560282, 22.5293195], [114.0559875, 22.5293577], [114.0559953, 22.5293648], [114.0559666, 22.5293917], [114.0559228, 22.5293519], [114.0559033, 22.5293569], [114.0559285, 22.5294451], [114.0558482, 22.5294647], [114.0558334, 22.5294128], [114.0558228, 22.5294154], [114.0558124, 22.5293789], [114.0558654, 22.529366], [114.0558689, 22.5293534], [114.0557738, 22.5293302]]]]}}, {"type": "Feature", "id": "way/1430179044", "properties": {"tags": {"addr:housename": "皇岗三龙花园", "addr:housename:zh": "皇岗三龙花园", "building": "apartments", "name": "5栋", "name:zh": "5栋"}, "heightStatus": "unknown", "source": "OpenStreetMap", "license": "ODbL-1.0"}, "geometry": {"type": "MultiPolygon", "coordinates": [[[[114.0554644, 22.5294114], [114.0554755, 22.5293354], [114.055533, 22.5293425], [114.0555345, 22.5293325], [114.055575, 22.5293376], [114.0555685, 22.5293822], [114.0555898, 22.5293972], [114.0556494, 22.5293251], [114.0557154, 22.5293716], [114.0556802, 22.5294142], [114.0556889, 22.5294204], [114.055664, 22.5294504], [114.0556152, 22.5294159], [114.0555966, 22.5294231], [114.0556334, 22.5295077], [114.0555563, 22.5295363], [114.0555347, 22.5294865], [114.0555245, 22.5294903], [114.0555093, 22.5294552], [114.0555601, 22.5294364], [114.0555619, 22.5294235], [114.0554644, 22.5294114]]]]}}, {"type": "Feature", "id": "way/1430179045", "properties": {"tags": {"addr:housename": "皇岗三龙花园", "addr:housename:zh": "皇岗三龙花园", "building": "apartments", "name": "12栋", "name:zh": "12栋"}, "heightStatus": "unknown", "source": "OpenStreetMap", "license": "ODbL-1.0"}, "geometry": {"type": "MultiPolygon", "coordinates": [[[[114.0553786, 22.5285276], [114.0554081, 22.5285213], [114.0554111, 22.5285331], [114.0554575, 22.5285233], [114.0554487, 22.5284879], [114.0554015, 22.528498], [114.0553827, 22.528423], [114.0555721, 22.5283826], [114.0555908, 22.5284577], [114.0555436, 22.5284677], [114.0555524, 22.528503], [114.0555988, 22.5284931], [114.0555958, 22.5284812], [114.0556254, 22.5284749], [114.0556454, 22.5285549], [114.0553985, 22.5286076], [114.0553786, 22.5285276]]]]}}, {"type": "Feature", "id": "way/1430179046", "properties": {"tags": {"addr:housename": "皇岗三龙花园", "addr:housename:zh": "皇岗三龙花园", "building": "apartments", "name": "10栋", "name:zh": "10栋"}, "heightStatus": "unknown", "source": "OpenStreetMap", "license": "ODbL-1.0"}, "geometry": {"type": "MultiPolygon", "coordinates": [[[[114.0556225, 22.5287821], [114.0556521, 22.5287758], [114.0556551, 22.5287877], [114.0557015, 22.5287778], [114.0556927, 22.5287425], [114.0556454, 22.5287526], [114.0556267, 22.5286775], [114.055816, 22.5286372], [114.0558348, 22.5287122], [114.0557875, 22.5287223], [114.0557964, 22.5287576], [114.0558428, 22.5287477], [114.0558398, 22.5287358], [114.0558694, 22.5287295], [114.0558894, 22.5288095], [114.0556425, 22.5288621], [114.0556225, 22.5287821]]]]}}, {"type": "Feature", "id": "way/1430179047", "properties": {"tags": {"addr:housename": "皇岗三龙花园", "addr:housename:zh": "皇岗三龙花园", "building": "apartments", "name": "9栋", "name:zh": "9栋"}, "heightStatus": "unknown", "source": "OpenStreetMap", "license": "ODbL-1.0"}, "geometry": {"type": "MultiPolygon", "coordinates": [[[[114.0552202, 22.5288713], [114.0552498, 22.528865], [114.0552528, 22.5288769], [114.0552992, 22.528867], [114.0552903, 22.5288317], [114.0552431, 22.5288417], [114.0552244, 22.5287667], [114.0554137, 22.5287263], [114.0554324, 22.5288014], [114.0553852, 22.5288115], [114.055394, 22.5288468], [114.0554404, 22.5288369], [114.0554375, 22.528825], [114.0554671, 22.5288187], [114.055487, 22.5288987], [114.0552402, 22.5289513], [114.0552202, 22.5288713]]]]}}, {"type": "Feature", "id": "way/1430179048", "properties": {"tags": {"addr:housename": "皇岗三龙花园", "addr:housename:zh": "皇岗三龙花园", "building": "apartments", "name": "8栋", "name:zh": "8栋"}, "heightStatus": "unknown", "source": "OpenStreetMap", "license": "ODbL-1.0"}, "geometry": {"type": "MultiPolygon", "coordinates": [[[[114.0556466, 22.5290845], [114.0556762, 22.5290782], [114.0556792, 22.5290901], [114.0557256, 22.5290802], [114.0557168, 22.5290449], [114.0556696, 22.529055], [114.0556508, 22.5289799], [114.0558402, 22.5289396], [114.0558589, 22.5290146], [114.0558117, 22.5290247], [114.0558205, 22.52906], [114.0558669, 22.5290501], [114.0558639, 22.5290382], [114.0558935, 22.5290319], [114.0559135, 22.5291119], [114.0556666, 22.5291645], [114.0556466, 22.5290845]]]]}}, {"type": "Feature", "id": "way/1430179049", "properties": {"tags": {"addr:housename": "皇岗三龙花园", "addr:housename:zh": "皇岗三龙花园", "building": "apartments", "name": "7栋", "name:zh": "7栋"}, "heightStatus": "unknown", "source": "OpenStreetMap", "license": "ODbL-1.0"}, "geometry": {"type": "MultiPolygon", "coordinates": [[[[114.0553525, 22.5291489], [114.0553821, 22.5291426], [114.0553851, 22.5291545], [114.0554315, 22.5291446], [114.0554226, 22.5291093], [114.0553754, 22.5291194], [114.0553567, 22.5290443], [114.055546, 22.529004], [114.0555648, 22.529079], [114.0555175, 22.5290891], [114.0555264, 22.5291244], [114.0555728, 22.5291145], [114.0555698, 22.5291026], [114.0555994, 22.5290963], [114.0556194, 22.5291763], [114.0553725, 22.5292289], [114.0553525, 22.5291489]]]]}}, {"type": "Feature", "id": "way/1430179050", "properties": {"tags": {"building": "apartments"}, "heightStatus": "unknown", "source": "OpenStreetMap", "license": "ODbL-1.0"}, "geometry": {"type": "MultiPolygon", "coordinates": [[[[114.0544233, 22.5298497], [114.0545315, 22.5298331], [114.0545505, 22.5299391], [114.0544424, 22.5299557], [114.0544233, 22.5298497]]]]}}, {"type": "Feature", "id": "way/1430179051", "properties": {"tags": {"building": "apartments"}, "heightStatus": "unknown", "source": "OpenStreetMap", "license": "ODbL-1.0"}, "geometry": {"type": "MultiPolygon", "coordinates": [[[[114.0542595, 22.5298752], [114.0543678, 22.5298585], [114.0543869, 22.5299642], [114.0542785, 22.5299808], [114.0542595, 22.5298752]]]]}}, {"type": "Feature", "id": "way/1430179052", "properties": {"tags": {"building": "apartments"}, "heightStatus": "unknown", "source": "OpenStreetMap", "license": "ODbL-1.0"}, "geometry": {"type": "MultiPolygon", "coordinates": [[[[114.0543342, 22.5303042], [114.0544426, 22.5302875], [114.0544616, 22.5303932], [114.0543532, 22.5304099], [114.0543342, 22.5303042]]]]}}, {"type": "Feature", "id": "way/1430179053", "properties": {"tags": {"building": "apartments"}, "heightStatus": "unknown", "source": "OpenStreetMap", "license": "ODbL-1.0"}, "geometry": {"type": "MultiPolygon", "coordinates": [[[[114.0548258, 22.530229], [114.0549341, 22.5302124], [114.0549531, 22.5303178], [114.0548448, 22.5303344], [114.0548258, 22.530229]]]]}}, {"type": "Feature", "id": "way/1430179054", "properties": {"tags": {"building": "apartments"}, "heightStatus": "unknown", "source": "OpenStreetMap", "license": "ODbL-1.0"}, "geometry": {"type": "MultiPolygon", "coordinates": [[[[114.0543097, 22.530163], [114.054418, 22.5301464], [114.054437, 22.5302521], [114.0543287, 22.5302687], [114.0543097, 22.530163]]]]}}, {"type": "Feature", "id": "way/1430179055", "properties": {"tags": {"building": "apartments"}, "heightStatus": "unknown", "source": "OpenStreetMap", "license": "ODbL-1.0"}, "geometry": {"type": "MultiPolygon", "coordinates": [[[[114.0549896, 22.5302035], [114.0550977, 22.5301869], [114.0551168, 22.5302927], [114.0550086, 22.5303093], [114.0549896, 22.5302035]]]]}}, {"type": "Feature", "id": "way/1430179056", "properties": {"tags": {"building": "apartments"}, "heightStatus": "unknown", "source": "OpenStreetMap", "license": "ODbL-1.0"}, "geometry": {"type": "MultiPolygon", "coordinates": [[[[114.0548012, 22.5300879], [114.0549096, 22.5300712], [114.0549285, 22.5301766], [114.0548202, 22.5301932], [114.0548012, 22.5300879]]]]}}, {"type": "Feature", "id": "way/1430179057", "properties": {"tags": {"building": "apartments"}, "heightStatus": "unknown", "source": "OpenStreetMap", "license": "ODbL-1.0"}, "geometry": {"type": "MultiPolygon", "coordinates": [[[[114.0549609, 22.5300394], [114.0550691, 22.5300228], [114.0550922, 22.5301515], [114.0549841, 22.5301681], [114.0549609, 22.5300394]]]]}}, {"type": "Feature", "id": "way/1430179058", "properties": {"tags": {"building": "apartments"}, "heightStatus": "unknown", "source": "OpenStreetMap", "license": "ODbL-1.0"}, "geometry": {"type": "MultiPolygon", "coordinates": [[[[114.0542841, 22.5300157], [114.0543925, 22.5299991], [114.0544115, 22.5301047], [114.0543032, 22.5301214], [114.0542841, 22.5300157]]]]}}, {"type": "Feature", "id": "way/1430179059", "properties": {"tags": {"building": "apartments"}, "heightStatus": "unknown", "source": "OpenStreetMap", "license": "ODbL-1.0"}, "geometry": {"type": "MultiPolygon", "coordinates": [[[[114.055153, 22.5301794], [114.0552607, 22.5301628], [114.0552797, 22.5302688], [114.0551721, 22.5302853], [114.055153, 22.5301794]]]]}}, {"type": "Feature", "id": "way/1430179060", "properties": {"tags": {"building": "apartments"}, "heightStatus": "unknown", "source": "OpenStreetMap", "license": "ODbL-1.0"}, "geometry": {"type": "MultiPolygon", "coordinates": [[[[114.0547757, 22.5299405], [114.054884, 22.5299239], [114.054903, 22.5300293], [114.0547947, 22.5300459], [114.0547757, 22.5299405]]]]}}, {"type": "Feature", "id": "way/1430179061", "properties": {"tags": {"building": "apartments"}, "heightStatus": "unknown", "source": "OpenStreetMap", "license": "ODbL-1.0"}, "geometry": {"type": "MultiPolygon", "coordinates": [[[[114.0544735, 22.5301375], [114.0545816, 22.5301209], [114.0546007, 22.5302269], [114.0544926, 22.5302435], [114.0544735, 22.5301375]]]]}}, {"type": "Feature", "id": "way/1430179062", "properties": {"tags": {"building": "apartments"}, "heightStatus": "unknown", "source": "OpenStreetMap", "license": "ODbL-1.0"}, "geometry": {"type": "MultiPolygon", "coordinates": [[[[114.054639, 22.5301125], [114.0547467, 22.530096], [114.0547657, 22.5302016], [114.054658, 22.5302181], [114.054639, 22.5301125]]]]}}, {"type": "Feature", "id": "way/1430179063", "properties": {"tags": {"building": "apartments"}, "heightStatus": "unknown", "source": "OpenStreetMap", "license": "ODbL-1.0"}, "geometry": {"type": "MultiPolygon", "coordinates": [[[[114.054448, 22.5299902], [114.0545561, 22.5299736], [114.0545752, 22.5300796], [114.054467, 22.5300962], [114.054448, 22.5299902]]]]}}, {"type": "Feature", "id": "way/1430179064", "properties": {"tags": {"building": "apartments"}, "heightStatus": "unknown", "source": "OpenStreetMap", "license": "ODbL-1.0"}, "geometry": {"type": "MultiPolygon", "coordinates": [[[[114.0546135, 22.5299652], [114.0547212, 22.5299486], [114.0547402, 22.5300543], [114.0546325, 22.5300708], [114.0546135, 22.5299652]]]]}}, {"type": "Feature", "id": "way/1430179065", "properties": {"tags": {"building": "apartments"}, "heightStatus": "unknown", "source": "OpenStreetMap", "license": "ODbL-1.0"}, "geometry": {"type": "MultiPolygon", "coordinates": [[[[114.0544981, 22.5302787], [114.0546062, 22.5302621], [114.0546253, 22.5303681], [114.0545171, 22.5303847], [114.0544981, 22.5302787]]]]}}, {"type": "Feature", "id": "way/1430179066", "properties": {"tags": {"building": "apartments"}, "heightStatus": "unknown", "source": "OpenStreetMap", "license": "ODbL-1.0"}, "geometry": {"type": "MultiPolygon", "coordinates": [[[[114.0546636, 22.5302537], [114.0547713, 22.5302371], [114.0547903, 22.5303428], [114.0546826, 22.5303593], [114.0546636, 22.5302537]]]]}}, {"type": "Feature", "id": "way/1430179067", "properties": {"tags": {"building": "apartments"}, "heightStatus": "unknown", "source": "OpenStreetMap", "license": "ODbL-1.0"}, "geometry": {"type": "MultiPolygon", "coordinates": [[[[114.0543692, 22.5304933], [114.0544775, 22.5304767], [114.0544965, 22.5305824], [114.0543882, 22.530599], [114.0543692, 22.5304933]]]]}}, {"type": "Feature", "id": "way/1430179068", "properties": {"tags": {"building": "apartments"}, "heightStatus": "unknown", "source": "OpenStreetMap", "license": "ODbL-1.0"}, "geometry": {"type": "MultiPolygon", "coordinates": [[[[114.0548607, 22.5304182], [114.0549691, 22.5304015], [114.054988, 22.5305069], [114.0548797, 22.5305236], [114.0548607, 22.5304182]]]]}}, {"type": "Feature", "id": "way/1430179069", "properties": {"tags": {"building": "apartments"}, "heightStatus": "unknown", "source": "OpenStreetMap", "license": "ODbL-1.0"}, "geometry": {"type": "MultiPolygon", "coordinates": [[[[114.0550246, 22.5303927], [114.0551327, 22.5303761], [114.0551517, 22.5304818], [114.0550436, 22.5304984], [114.0550246, 22.5303927]]]]}}, {"type": "Feature", "id": "way/1430179070", "properties": {"tags": {"building": "apartments"}, "heightStatus": "unknown", "source": "OpenStreetMap", "license": "ODbL-1.0"}, "geometry": {"type": "MultiPolygon", "coordinates": [[[[114.0556795, 22.5302934], [114.0557872, 22.5302768], [114.0558062, 22.5303825], [114.0556985, 22.530399], [114.0556795, 22.5302934]]]]}}, {"type": "Feature", "id": "way/1430179071", "properties": {"tags": {"building": "apartments"}, "heightStatus": "unknown", "source": "OpenStreetMap", "license": "ODbL-1.0"}, "geometry": {"type": "MultiPolygon", "coordinates": [[[[114.055514, 22.5303184], [114.0556221, 22.5303018], [114.0556412, 22.5304078], [114.0555331, 22.5304244], [114.055514, 22.5303184]]]]}}, {"type": "Feature", "id": "way/1430179072", "properties": {"tags": {"building": "apartments"}, "heightStatus": "unknown", "source": "OpenStreetMap", "license": "ODbL-1.0"}, "geometry": {"type": "MultiPolygon", "coordinates": [[[[114.0553502, 22.5303439], [114.0554585, 22.5303273], [114.0554775, 22.5304329], [114.0553692, 22.5304496], [114.0553502, 22.5303439]]]]}}, {"type": "Feature", "id": "way/1430179073", "properties": {"tags": {"building": "apartments"}, "heightStatus": "unknown", "source": "OpenStreetMap", "license": "ODbL-1.0"}, "geometry": {"type": "MultiPolygon", "coordinates": [[[[114.055188, 22.5303685], [114.0552956, 22.530352], [114.0553147, 22.5304579], [114.055207, 22.5304745], [114.055188, 22.5303685]]]]}}, {"type": "Feature", "id": "way/1430179074", "properties": {"tags": {"building": "apartments"}, "heightStatus": "unknown", "source": "OpenStreetMap", "license": "ODbL-1.0"}, "geometry": {"type": "MultiPolygon", "coordinates": [[[[114.0558417, 22.5302687], [114.05595, 22.5302521], [114.055969, 22.5303575], [114.0558607, 22.5303741], [114.0558417, 22.5302687]]]]}}, {"type": "Feature", "id": "way/1430179075", "properties": {"tags": {"building": "apartments"}, "heightStatus": "unknown", "source": "OpenStreetMap", "license": "ODbL-1.0"}, "geometry": {"type": "MultiPolygon", "coordinates": [[[[114.0560055, 22.5302432], [114.0561137, 22.5302266], [114.0561327, 22.5303324], [114.0560246, 22.530349], [114.0560055, 22.5302432]]]]}}, {"type": "Feature", "id": "way/1430179076", "properties": {"tags": {"building": "apartments"}, "heightStatus": "unknown", "source": "OpenStreetMap", "license": "ODbL-1.0"}, "geometry": {"type": "MultiPolygon", "coordinates": [[[[114.054533, 22.5304678], [114.0546411, 22.5304512], [114.0546602, 22.5305573], [114.0545521, 22.5305739], [114.054533, 22.5304678]]]]}}, {"type": "Feature", "id": "way/1430179077", "properties": {"tags": {"building": "apartments"}, "heightStatus": "unknown", "source": "OpenStreetMap", "license": "ODbL-1.0"}, "geometry": {"type": "MultiPolygon", "coordinates": [[[[114.0546985, 22.5304428], [114.0548062, 22.5304263], [114.0548252, 22.5305319], [114.0547175, 22.5305485], [114.0546985, 22.5304428]]]]}}, {"type": "Feature", "id": "way/1430179078", "properties": {"tags": {"building": "apartments"}, "heightStatus": "unknown", "source": "OpenStreetMap", "license": "ODbL-1.0"}, "geometry": {"type": "MultiPolygon", "coordinates": [[[[114.0543947, 22.5306406], [114.054503, 22.530624], [114.054522, 22.5307297], [114.0544137, 22.5307463], [114.0543947, 22.5306406]]]]}}, {"type": "Feature", "id": "way/1430179079", "properties": {"tags": {"building": "apartments"}, "heightStatus": "unknown", "source": "OpenStreetMap", "license": "ODbL-1.0"}, "geometry": {"type": "MultiPolygon", "coordinates": [[[[114.0548862, 22.5305655], [114.0549946, 22.5305489], [114.0550135, 22.5306543], [114.0549052, 22.5306709], [114.0548862, 22.5305655]]]]}}, {"type": "Feature", "id": "way/1430179080", "properties": {"tags": {"building": "apartments"}, "heightStatus": "unknown", "source": "OpenStreetMap", "license": "ODbL-1.0"}, "geometry": {"type": "MultiPolygon", "coordinates": [[[[114.0550501, 22.53054], [114.0551582, 22.5305234], [114.0551772, 22.5306291], [114.0550691, 22.5306457], [114.0550501, 22.53054]]]]}}, {"type": "Feature", "id": "way/1430179081", "properties": {"tags": {"building": "apartments"}, "heightStatus": "unknown", "source": "OpenStreetMap", "license": "ODbL-1.0"}, "geometry": {"type": "MultiPolygon", "coordinates": [[[[114.055705, 22.5304407], [114.0558127, 22.5304242], [114.0558317, 22.5305298], [114.055724, 22.5305463], [114.055705, 22.5304407]]]]}}, {"type": "Feature", "id": "way/1430179082", "properties": {"tags": {"building": "apartments"}, "heightStatus": "unknown", "source": "OpenStreetMap", "license": "ODbL-1.0"}, "geometry": {"type": "MultiPolygon", "coordinates": [[[[114.0555395, 22.5304657], [114.0556476, 22.5304491], [114.0556667, 22.5305551], [114.0555586, 22.5305717], [114.0555395, 22.5304657]]]]}}, {"type": "Feature", "id": "way/1430179083", "properties": {"tags": {"building": "apartments"}, "heightStatus": "unknown", "source": "OpenStreetMap", "license": "ODbL-1.0"}, "geometry": {"type": "MultiPolygon", "coordinates": [[[[114.0553757, 22.5304912], [114.055484, 22.5304746], [114.055503, 22.5305803], [114.0553947, 22.5305969], [114.0553757, 22.5304912]]]]}}, {"type": "Feature", "id": "way/1430179084", "properties": {"tags": {"building": "apartments"}, "heightStatus": "unknown", "source": "OpenStreetMap", "license": "ODbL-1.0"}, "geometry": {"type": "MultiPolygon", "coordinates": [[[[114.0552135, 22.5305158], [114.0553211, 22.5304993], [114.0553402, 22.5306053], [114.0552325, 22.5306218], [114.0552135, 22.5305158]]]]}}, {"type": "Feature", "id": "way/1430179085", "properties": {"tags": {"building": "apartments"}, "heightStatus": "unknown", "source": "OpenStreetMap", "license": "ODbL-1.0"}, "geometry": {"type": "MultiPolygon", "coordinates": [[[[114.0558672, 22.530416], [114.0559756, 22.5303994], [114.0559945, 22.5305048], [114.0558862, 22.5305214], [114.0558672, 22.530416]]]]}}, {"type": "Feature", "id": "way/1430179086", "properties": {"tags": {"building": "apartments"}, "heightStatus": "unknown", "source": "OpenStreetMap", "license": "ODbL-1.0"}, "geometry": {"type": "MultiPolygon", "coordinates": [[[[114.0560311, 22.5303906], [114.0561392, 22.530374], [114.0561582, 22.5304797], [114.0560501, 22.5304963], [114.0560311, 22.5303906]]]]}}, {"type": "Feature", "id": "way/1430179087", "properties": {"tags": {"building": "apartments"}, "heightStatus": "unknown", "source": "OpenStreetMap", "license": "ODbL-1.0"}, "geometry": {"type": "MultiPolygon", "coordinates": [[[[114.0545585, 22.5306152], [114.0546666, 22.5305986], [114.0546857, 22.5307046], [114.0545776, 22.5307212], [114.0545585, 22.5306152]]]]}}, {"type": "Feature", "id": "way/1430179088", "properties": {"tags": {"building": "apartments"}, "heightStatus": "unknown", "source": "OpenStreetMap", "license": "ODbL-1.0"}, "geometry": {"type": "MultiPolygon", "coordinates": [[[[114.054724, 22.5305901], [114.0548317, 22.5305736], [114.0548507, 22.5306792], [114.054743, 22.5306958], [114.054724, 22.5305901]]]]}}, {"type": "Feature", "id": "way/1430179089", "properties": {"tags": {"building": "apartments"}, "heightStatus": "unknown", "source": "OpenStreetMap", "license": "ODbL-1.0"}, "geometry": {"type": "MultiPolygon", "coordinates": [[[[114.0545831, 22.5307563], [114.0546912, 22.5307397], [114.0547103, 22.5308457], [114.0546021, 22.5308623], [114.0545831, 22.5307563]]]]}}, {"type": "Feature", "id": "way/1430179090", "properties": {"tags": {"building": "apartments"}, "heightStatus": "unknown", "source": "OpenStreetMap", "license": "ODbL-1.0"}, "geometry": {"type": "MultiPolygon", "coordinates": [[[[114.0547486, 22.5307313], [114.0548563, 22.5307148], [114.0548753, 22.5308204], [114.0547676, 22.5308369], [114.0547486, 22.5307313]]]]}}, {"type": "Feature", "id": "way/1430179091", "properties": {"tags": {"building": "apartments"}, "heightStatus": "unknown", "source": "OpenStreetMap", "license": "ODbL-1.0"}, "geometry": {"type": "MultiPolygon", "coordinates": [[[[114.0544192, 22.5307818], [114.0545276, 22.5307652], [114.0545466, 22.5308709], [114.0544383, 22.5308875], [114.0544192, 22.5307818]]]]}}, {"type": "Feature", "id": "way/1430179092", "properties": {"tags": {"building": "apartments"}, "heightStatus": "unknown", "source": "OpenStreetMap", "license": "ODbL-1.0"}, "geometry": {"type": "MultiPolygon", "coordinates": [[[[114.0549108, 22.5307067], [114.0550191, 22.53069], [114.0550381, 22.5307954], [114.0549298, 22.530812], [114.0549108, 22.5307067]]]]}}, {"type": "Feature", "id": "way/1430179093", "properties": {"tags": {"building": "apartments"}, "heightStatus": "unknown", "source": "OpenStreetMap", "license": "ODbL-1.0"}, "geometry": {"type": "MultiPolygon", "coordinates": [[[[114.0550746, 22.5306812], [114.0551828, 22.5306646], [114.0552018, 22.5307703], [114.0550937, 22.5307869], [114.0550746, 22.5306812]]]]}}, {"type": "Feature", "id": "way/1430179094", "properties": {"tags": {"building": "apartments"}, "heightStatus": "unknown", "source": "OpenStreetMap", "license": "ODbL-1.0"}, "geometry": {"type": "MultiPolygon", "coordinates": [[[[114.0555641, 22.5306069], [114.0556722, 22.5305903], [114.0556913, 22.5306963], [114.0555831, 22.5307129], [114.0555641, 22.5306069]]]]}}, {"type": "Feature", "id": "way/1430179095", "properties": {"tags": {"building": "apartments"}, "heightStatus": "unknown", "source": "OpenStreetMap", "license": "ODbL-1.0"}, "geometry": {"type": "MultiPolygon", "coordinates": [[[[114.0554002, 22.5306324], [114.0555086, 22.5306157], [114.0555276, 22.5307214], [114.0554193, 22.5307381], [114.0554002, 22.5306324]]]]}}, {"type": "Feature", "id": "way/1430179096", "properties": {"tags": {"building": "apartments"}, "heightStatus": "unknown", "source": "OpenStreetMap", "license": "ODbL-1.0"}, "geometry": {"type": "MultiPolygon", "coordinates": [[[[114.055238, 22.530657], [114.0553457, 22.5306405], [114.0553648, 22.5307464], [114.0552571, 22.5307629], [114.055238, 22.530657]]]]}}, {"type": "Feature", "id": "way/1430179097", "properties": {"tags": {"building": "apartments"}, "heightStatus": "unknown", "source": "OpenStreetMap", "license": "ODbL-1.0"}, "geometry": {"type": "MultiPolygon", "coordinates": [[[[114.0557296, 22.5305818], [114.0558373, 22.5305653], [114.0558563, 22.530671], [114.0557486, 22.5306875], [114.0557296, 22.5305818]]]]}}, {"type": "Feature", "id": "way/1430179098", "properties": {"tags": {"building": "apartments"}, "heightStatus": "unknown", "source": "OpenStreetMap", "license": "ODbL-1.0"}, "geometry": {"type": "MultiPolygon", "coordinates": [[[[114.0558918, 22.5305572], [114.0560001, 22.5305406], [114.0560191, 22.530646], [114.0559108, 22.5306626], [114.0558918, 22.5305572]]]]}}, {"type": "Feature", "id": "way/1430179099", "properties": {"tags": {"building": "apartments"}, "heightStatus": "unknown", "source": "OpenStreetMap", "license": "ODbL-1.0"}, "geometry": {"type": "MultiPolygon", "coordinates": [[[[114.0560556, 22.5305317], [114.0561638, 22.5305151], [114.0561828, 22.5306209], [114.0560747, 22.5306374], [114.0560556, 22.5305317]]]]}}, {"type": "Feature", "id": "way/1430179520", "properties": {"tags": {"building": "retail"}, "heightStatus": "unknown", "source": "OpenStreetMap", "license": "ODbL-1.0"}, "geometry": {"type": "MultiPolygon", "coordinates": [[[[114.0564303, 22.528581], [114.0565287, 22.5285592], [114.0566087, 22.5288678], [114.0565103, 22.5288896], [114.0564303, 22.528581]]]]}}, {"type": "Feature", "id": "way/1430179521", "properties": {"tags": {"building": "retail"}, "heightStatus": "unknown", "source": "OpenStreetMap", "license": "ODbL-1.0"}, "geometry": {"type": "MultiPolygon", "coordinates": [[[[114.0565227, 22.5289373], [114.0566211, 22.5289155], [114.0567788, 22.5295235], [114.0566804, 22.5295453], [114.0565227, 22.5289373]]]]}}, {"type": "Feature", "id": "way/1430179522", "properties": {"tags": {"building": "retail"}, "heightStatus": "unknown", "source": "OpenStreetMap", "license": "ODbL-1.0"}, "geometry": {"type": "MultiPolygon", "coordinates": [[[[114.0565594, 22.5282951], [114.0567712, 22.5282714], [114.0567906, 22.5282742], [114.0568084, 22.5282822], [114.0568227, 22.5282946], [114.0568325, 22.5283104], [114.056885, 22.5284768], [114.0567428, 22.5285161], [114.0567135, 22.5284258], [114.0565785, 22.5284409], [114.0565594, 22.5282951]]]]}}, {"type": "Feature", "id": "way/1430179523", "properties": {"tags": {"building": "retail"}, "heightStatus": "unknown", "source": "OpenStreetMap", "license": "ODbL-1.0"}, "geometry": {"type": "MultiPolygon", "coordinates": [[[[114.0567997, 22.5288641], [114.0569772, 22.5288189], [114.0571349, 22.5293467], [114.0569574, 22.529392], [114.0567997, 22.5288641]]]]}}, {"type": "Feature", "id": "way/1430179524", "properties": {"tags": {"building": "yes"}, "heightStatus": "unknown", "source": "OpenStreetMap", "license": "ODbL-1.0"}, "geometry": {"type": "MultiPolygon", "coordinates": [[[[114.0570134, 22.529475], [114.0571744, 22.529434], [114.057307, 22.5298778], [114.0570788, 22.529936], [114.0570134, 22.529475]]]]}}, {"type": "Feature", "id": "way/1430179525", "properties": {"tags": {"building": "kindergarten"}, "heightStatus": "unknown", "source": "OpenStreetMap", "license": "ODbL-1.0"}, "geometry": {"type": "MultiPolygon", "coordinates": [[[[114.0567148, 22.5297006], [114.0567511, 22.5296966], [114.0567447, 22.529646], [114.0568141, 22.5296385], [114.0568315, 22.5297764], [114.0569712, 22.5297613], [114.0569756, 22.5297963], [114.0570051, 22.5297931], [114.0570215, 22.5299228], [114.0569171, 22.5299341], [114.0569004, 22.5298026], [114.05673, 22.529821], [114.0567148, 22.5297006]]]]}}, {"type": "Feature", "id": "way/1430431820", "properties": {"tags": {"building": "apartments", "name": "1栋", "name:zh": "1栋"}, "heightStatus": "unknown", "source": "OpenStreetMap", "license": "ODbL-1.0"}, "geometry": {"type": "MultiPolygon", "coordinates": [[[[114.0634909, 22.5299597], [114.0634919, 22.5298699], [114.0635114, 22.5298701], [114.0635116, 22.529851], [114.0636141, 22.5298521], [114.0636138, 22.5298711], [114.0636527, 22.5298715], [114.063653, 22.5298525], [114.0637554, 22.5298535], [114.0637552, 22.5298726], [114.0637941, 22.529873], [114.0637943, 22.5298539], [114.0638968, 22.5298549], [114.0638966, 22.529874], [114.063916, 22.5298742], [114.0639149, 22.5299639], [114.0634909, 22.5299597]]]]}}, {"type": "Feature", "id": "way/1430431821", "properties": {"tags": {"building": "apartments", "name": "2栋", "name:zh": "2栋"}, "heightStatus": "unknown", "source": "OpenStreetMap", "license": "ODbL-1.0"}, "geometry": {"type": "MultiPolygon", "coordinates": [[[[114.0634956, 22.5302234], [114.0634966, 22.5301336], [114.0635161, 22.5301338], [114.0635163, 22.5301148], [114.0636188, 22.5301158], [114.0636185, 22.5301349], [114.0636574, 22.5301352], [114.0636577, 22.5301162], [114.0637601, 22.5301172], [114.0637599, 22.5301363], [114.0637988, 22.5301367], [114.063799, 22.5301176], [114.0639015, 22.5301186], [114.0639012, 22.5301377], [114.0639207, 22.5301379], [114.0639196, 22.5302276], [114.0634956, 22.5302234]]]]}}, {"type": "Feature", "id": "relation/19610649", "properties": {"tags": {"building": "college"}, "heightStatus": "unknown", "source": "OpenStreetMap", "license": "ODbL-1.0"}, "geometry": {"type": "MultiPolygon", "coordinates": [[[[114.0635126, 22.5283726], [114.0635165, 22.5280471], [114.064093, 22.5280531], [114.0640891, 22.5283786], [114.0635126, 22.5283726]], [[114.0636109, 22.5282838], [114.063786, 22.5282856], [114.0637877, 22.5281398], [114.0636127, 22.528138], [114.0636109, 22.5282838]], [[114.0638179, 22.5282859], [114.0639929, 22.5282878], [114.0639947, 22.5281419], [114.0638196, 22.5281401], [114.0638179, 22.5282859]]]]}}, {"type": "Feature", "id": "relation/19610650", "properties": {"tags": {"building": "college"}, "heightStatus": "unknown", "source": "OpenStreetMap", "license": "ODbL-1.0"}, "geometry": {"type": "MultiPolygon", "coordinates": [[[[114.0636531, 22.5290663], [114.0636538, 22.5290032], [114.0636989, 22.5290036], [114.0637004, 22.5288754], [114.0636555, 22.528875], [114.0636569, 22.52876], [114.0637018, 22.5287605], [114.0637034, 22.5286323], [114.0636583, 22.5286318], [114.0636591, 22.5285687], [114.0636963, 22.5285691], [114.0636965, 22.5285491], [114.0641232, 22.5285535], [114.0641226, 22.5285999], [114.0641442, 22.5286002], [114.0641446, 22.5285657], [114.0641782, 22.528566], [114.0641765, 22.5287023], [114.0642033, 22.5287026], [114.0642004, 22.5289437], [114.0641736, 22.5289434], [114.0641719, 22.5290797], [114.0641384, 22.5290794], [114.0641388, 22.5290449], [114.0641172, 22.5290446], [114.0641167, 22.5290911], [114.06369, 22.5290867], [114.0636903, 22.5290667], [114.0636531, 22.5290663]], [[114.0638138, 22.5290048], [114.0641048, 22.5290079], [114.0641093, 22.5286365], [114.0638183, 22.5286335], [114.0638168, 22.5287617], [114.0639183, 22.5287627], [114.0639169, 22.5288777], [114.0638154, 22.5288766], [114.0638138, 22.5290048]]]]}}, {"type": "Feature", "id": "way/1442267881", "properties": {"tags": {"addr:city": "深圳市", "addr:district": "福田区", "addr:housenumber": "12号", "addr:postcode": "518017", "addr:province": "广东省", "addr:street": "皇岗四街", "alt_name": "锦绣园管理处", "building": "yes", "name": "锦绣堂"}, "heightStatus": "unknown", "source": "OpenStreetMap", "license": "ODbL-1.0"}, "geometry": {"type": "MultiPolygon", "coordinates": [[[[114.0545784, 22.5296404], [114.0547717, 22.5295909], [114.0547982, 22.5296792], [114.0546049, 22.5297287], [114.0545784, 22.5296404]]]]}}, {"type": "Feature", "id": "way/1442270611", "properties": {"tags": {"amenity": "shelter", "bench": "yes", "building": "yes", "name": "家和舫", "shelter_type": "gazebo"}, "heightStatus": "unknown", "source": "OpenStreetMap", "license": "ODbL-1.0"}, "geometry": {"type": "MultiPolygon", "coordinates": [[[[114.0544865, 22.5294233], [114.0545218, 22.5294137], [114.0545619, 22.5295399], [114.0545266, 22.5295494], [114.0544865, 22.5294233]]]]}}, {"type": "Feature", "id": "way/1473831684", "properties": {"tags": {"building": "residential", "name": "恒运豪庭"}, "heightStatus": "unknown", "source": "OpenStreetMap", "license": "ODbL-1.0"}, "geometry": {"type": "MultiPolygon", "coordinates": [[[[114.0607017, 22.5358232], [114.0609104, 22.5357308], [114.0613127, 22.5357347], [114.0615086, 22.5358449], [114.061417, 22.5359766], [114.0612255, 22.5358744], [114.0609998, 22.5358704], [114.0607805, 22.5359668], [114.0607017, 22.5358232]]]]}}]}