{"type": "FeatureCollection", "features": [{"type": "Feature", "id": "way/413305369", "properties": {"tags": {"building": "yes", "layer": "-1", "location": "underground"}, "heightStatus": "unknown", "source": "OpenStreetMap", "license": "ODbL-1.0"}, "geometry": {"type": "MultiPolygon", "coordinates": [[[[114.0614065, 22.5205259], [114.0614985, 22.5204274], [114.0615057, 22.5204332], [114.0615378, 22.5204009], [114.0614104, 22.5202826], [114.0615177, 22.5201835], [114.0616599, 22.5203123], [114.0619335, 22.520072], [114.0619415, 22.5200794], [114.0625879, 22.5195492], [114.062784, 22.5193884], [114.0628917, 22.519294], [114.0629855, 22.5192062], [114.0631597, 22.5190224], [114.0633041, 22.5191725], [114.0631847, 22.5192673], [114.0631016, 22.5193194], [114.0628454, 22.5194897], [114.062494, 22.5197672], [114.062032, 22.5201618], [114.0618168, 22.5203649], [114.0616428, 22.5205424], [114.0616508, 22.5205488], [114.0615588, 22.5206473], [114.0614065, 22.5205259]]]]}}, {"type": "Feature", "id": "way/670691914", "properties": {"tags": {"building": "yes", "name": "水都酒店", "name:zh": "水都酒店", "tourism": "hotel"}, "heightStatus": "unknown", "source": "OpenStreetMap", "license": "ODbL-1.0"}, "geometry": {"type": "MultiPolygon", "coordinates": [[[[114.0589308, 22.5209638], [114.0589314, 22.5204171], [114.0593311, 22.5206149], [114.0593358, 22.5209591], [114.0589552, 22.5209635], [114.0589308, 22.5209638]]]]}}, {"type": "Feature", "id": "way/670698325", "properties": {"tags": {"amenity": "restaurant", "building": "yes", "name:en": "Yuanji restaurant"}, "heightStatus": "unknown", "source": "OpenStreetMap", "license": "ODbL-1.0"}, "geometry": {"type": "MultiPolygon", "coordinates": [[[[114.057396, 22.5234888], [114.0574774, 22.5234926], [114.0574774, 22.5235789], [114.057396, 22.5235752], [114.057396, 22.5234888]]]]}}, {"type": "Feature", "id": "way/691561884", "properties": {"tags": {"building": "yes"}, "heightStatus": "unknown", "source": "OpenStreetMap", "license": "ODbL-1.0"}, "geometry": {"type": "MultiPolygon", "coordinates": [[[[114.0635807, 22.5256518], [114.0635909, 22.5251131], [114.0636849, 22.5250294], [114.063804, 22.5250313], [114.0639622, 22.5250338], [114.0640786, 22.5250357], [114.0640775, 22.5250942], [114.0640751, 22.5252511], [114.0640686, 22.525529], [114.0640662, 22.5256859], [114.0640651, 22.5257448], [114.0639481, 22.5257429], [114.0636712, 22.5257384], [114.0635807, 22.5256518]]]]}}, {"type": "Feature", "id": "way/740554727", "properties": {"tags": {"addr:city": "深圳市", "addr:district": "福田区", "addr:housenumber": "2002", "addr:province": "广东省", "addr:street": "金田路", "amenity": "clinic", "building": "hospital", "name": "深圳市福田区妇幼保健院", "name:en": "Shenzhen Futian District Maternal and Child Hospital"}, "heightStatus": "unknown", "source": "OpenStreetMap", "license": "ODbL-1.0"}, "geometry": {"type": "MultiPolygon", "coordinates": [[[[114.0589426, 22.5254655], [114.0589433, 22.5254045], [114.0589538, 22.5254046], [114.0589546, 22.5253345], [114.0590748, 22.5253358], [114.059074, 22.5254059], [114.0590864, 22.525406], [114.0590857, 22.5254669], [114.0590732, 22.5254668], [114.0590726, 22.5255166], [114.0591221, 22.5255162], [114.0591547, 22.5255114], [114.0591861, 22.5255019], [114.0592156, 22.5254882], [114.0592424, 22.5254705], [114.059266, 22.5254491], [114.0592858, 22.5254247], [114.0593014, 22.5253978], [114.0593123, 22.525369], [114.0593183, 22.525339], [114.0593195, 22.5253002], [114.0594362, 22.5253034], [114.0594347, 22.5253505], [114.0594254, 22.5253968], [114.0594086, 22.5254412], [114.0593846, 22.5254827], [114.0593541, 22.5255204], [114.0593176, 22.5255533], [114.0592762, 22.5255807], [114.0592307, 22.5256019], [114.0591822, 22.5256164], [114.0591319, 22.525624], [114.0590809, 22.5256243], [114.0589512, 22.525623], [114.0589531, 22.5254656], [114.0589426, 22.5254655]]]]}}, {"type": "Feature", "id": "way/816502310", "properties": {"tags": {"addr:city": "深圳市", "addr:district": "福田区", "addr:housenumber": "8-3", "addr:postcode": "518000", "addr:province": "广东省", "addr:street": "福田街道海滨社区福民路", "building": "residential", "building:levels": "7", "building:levels:underground": "1", "name": "皇福御苑", "name:en": "Huangfuyuyuan", "name:zh": "皇福裕苑", "note": "Building Code: 4403040030090400016"}, "heightStatus": "levels_only_unverified", "source": "OpenStreetMap", "license": "ODbL-1.0"}, "geometry": {"type": "MultiPolygon", "coordinates": [[[[114.0607793, 22.5266786], [114.0609171, 22.5261696], [114.0609334, 22.5261394], [114.0609591, 22.5261178], [114.0609871, 22.526107], [114.0610245, 22.5261006], [114.0614731, 22.5261046], [114.0614711, 22.5262868], [114.0610782, 22.5262796], [114.0609778, 22.5266829], [114.0607793, 22.5266786]]]]}}, {"type": "Feature", "id": "way/816502311", "properties": {"tags": {"addr:city": "深圳市", "addr:district": "福田区", "addr:housenumber": "12", "addr:province": "广东省", "addr:street": "福田街道海滨社区福民路", "building": "residential", "building:levels": "25", "building:levels:underground": "2", "name": "知本大厦", "name:en": "Zhiben Building", "name:zh": "知本大厦", "note": "Building Code: 4403040030090400014"}, "heightStatus": "levels_only_unverified", "source": "OpenStreetMap", "license": "ODbL-1.0"}, "geometry": {"type": "MultiPolygon", "coordinates": [[[[114.0599319, 22.5265248], [114.0600236, 22.5265252], [114.0600263, 22.5262924], [114.0604943, 22.5262997], [114.0604899, 22.5265342], [114.0605339, 22.5265344], [114.0605333, 22.5266462], [114.0599831, 22.5266425], [114.0599325, 22.5266421], [114.0599319, 22.5265248]]]]}}, {"type": "Feature", "id": "way/818397535", "properties": {"tags": {"building": "residential", "name": "时代星居"}, "heightStatus": "unknown", "source": "OpenStreetMap", "license": "ODbL-1.0"}, "geometry": {"type": "MultiPolygon", "coordinates": [[[[114.0610516, 22.5257501], [114.0610552, 22.5255494], [114.0616792, 22.5255591], [114.0616763, 22.5257157], [114.0616255, 22.5257589], [114.0610516, 22.5257501]]]]}}, {"type": "Feature", "id": "way/875238056", "properties": {"tags": {"building": "apartments", "building:levels": "67", "height": "239", "name": "加福华尔登府邸", "name:zh": "加福华尔登府邸"}, "heightStatus": "height_tag_unverified", "source": "OpenStreetMap", "license": "ODbL-1.0"}, "geometry": {"type": "MultiPolygon", "coordinates": [[[[114.0610857, 22.5199822], [114.0611684, 22.5199464], [114.0611475, 22.5199051], [114.0612809, 22.5198474], [114.0612861, 22.5198576], [114.0613292, 22.5198043], [114.0615186, 22.5199348], [114.0614756, 22.5199881], [114.0614877, 22.5199898], [114.0614659, 22.5201244], [114.0614171, 22.5201176], [114.0614035, 22.5202011], [114.0613156, 22.520189], [114.0613413, 22.5200305], [114.0612805, 22.5199887], [114.0611234, 22.5200566], [114.0610857, 22.5199822]]]]}}, {"type": "Feature", "id": "way/1049242696", "properties": {"tags": {"addr:housenumber": "140", "addr:place": "皇岗新村一期", "building": "apartments"}, "heightStatus": "unknown", "source": "OpenStreetMap", "license": "ODbL-1.0"}, "geometry": {"type": "MultiPolygon", "coordinates": [[[[114.0547607, 22.5254939], [114.0548903, 22.5254782], [114.0549056, 22.5255862], [114.054776, 22.5256019], [114.0547607, 22.5254939]]]]}}, {"type": "Feature", "id": "way/1055055374", "properties": {"tags": {"building": "apartments"}, "heightStatus": "unknown", "source": "OpenStreetMap", "license": "ODbL-1.0"}, "geometry": {"type": "MultiPolygon", "coordinates": [[[[114.0549702, 22.5238772], [114.0549711, 22.5237832], [114.0551151, 22.5237844], [114.0551155, 22.5237407], [114.0552611, 22.5237419], [114.0552616, 22.5236946], [114.0554074, 22.5236958], [114.0554064, 22.5237899], [114.0552608, 22.5237886], [114.0552603, 22.523836], [114.0551164, 22.5238348], [114.0551159, 22.5238785], [114.0549702, 22.5238772]]]]}}, {"type": "Feature", "id": "way/1055055375", "properties": {"tags": {"building": "apartments"}, "heightStatus": "unknown", "source": "OpenStreetMap", "license": "ODbL-1.0"}, "geometry": {"type": "MultiPolygon", "coordinates": [[[[114.054975, 22.5234404], [114.054976, 22.5233463], [114.0551217, 22.5233475], [114.0551213, 22.5233912], [114.0552653, 22.5233925], [114.0552648, 22.5234398], [114.0554104, 22.5234411], [114.0554095, 22.5235351], [114.0552637, 22.5235339], [114.0552642, 22.5234865], [114.0551186, 22.5234853], [114.055119, 22.5234416], [114.054975, 22.5234404]]]]}}, {"type": "Feature", "id": "way/1055055378", "properties": {"tags": {"building": "apartments"}, "heightStatus": "unknown", "source": "OpenStreetMap", "license": "ODbL-1.0"}, "geometry": {"type": "MultiPolygon", "coordinates": [[[[114.0566201, 22.5226719], [114.0566205, 22.5225971], [114.0566399, 22.5225971], [114.05664, 22.5225889], [114.0567175, 22.5225892], [114.0567174, 22.5225975], [114.0567369, 22.5225976], [114.0567365, 22.5226725], [114.0567077, 22.5226723], [114.0567076, 22.5226813], [114.0566489, 22.522681], [114.0566489, 22.5226721], [114.0566201, 22.5226719]]]]}}, {"type": "Feature", "id": "way/1055055379", "properties": {"tags": {"building": "apartments"}, "heightStatus": "unknown", "source": "OpenStreetMap", "license": "ODbL-1.0"}, "geometry": {"type": "MultiPolygon", "coordinates": [[[[114.0567528, 22.5226725], [114.0567532, 22.5225976], [114.0567727, 22.5225977], [114.0567727, 22.5225895], [114.0568502, 22.5225898], [114.0568502, 22.5225981], [114.0568696, 22.5225982], [114.0568693, 22.5226731], [114.0568404, 22.5226729], [114.0568404, 22.5226819], [114.0567816, 22.5226816], [114.0567817, 22.5226727], [114.0567528, 22.5226725]]]]}}, {"type": "Feature", "id": "way/1055055380", "properties": {"tags": {"building": "apartments"}, "heightStatus": "unknown", "source": "OpenStreetMap", "license": "ODbL-1.0"}, "geometry": {"type": "MultiPolygon", "coordinates": [[[[114.0566206, 22.5225594], [114.056621, 22.5224845], [114.0566404, 22.5224846], [114.0566404, 22.5224763], [114.056718, 22.5224767], [114.0567179, 22.5224849], [114.0567374, 22.522485], [114.056737, 22.5225599], [114.0567081, 22.5225598], [114.0567081, 22.5225687], [114.0566493, 22.5225685], [114.0566494, 22.5225595], [114.0566206, 22.5225594]]]]}}, {"type": "Feature", "id": "way/1055055381", "properties": {"tags": {"building": "apartments"}, "heightStatus": "unknown", "source": "OpenStreetMap", "license": "ODbL-1.0"}, "geometry": {"type": "MultiPolygon", "coordinates": [[[[114.0566214, 22.5224467], [114.0566218, 22.5223718], [114.0566413, 22.5223719], [114.0566413, 22.5223636], [114.0567188, 22.522364], [114.0567188, 22.5223722], [114.0567382, 22.5223723], [114.0567378, 22.5224472], [114.056709, 22.5224471], [114.056709, 22.522456], [114.0566502, 22.5224558], [114.0566502, 22.5224468], [114.0566214, 22.5224467]]]]}}, {"type": "Feature", "id": "way/1055055382", "properties": {"tags": {"building": "apartments"}, "heightStatus": "unknown", "source": "OpenStreetMap", "license": "ODbL-1.0"}, "geometry": {"type": "MultiPolygon", "coordinates": [[[[114.0567542, 22.5224473], [114.0567546, 22.5223724], [114.056774, 22.5223725], [114.0567741, 22.5223642], [114.0568516, 22.5223646], [114.0568515, 22.5223728], [114.056871, 22.5223729], [114.0568706, 22.5224478], [114.0568418, 22.5224477], [114.0568417, 22.5224566], [114.056783, 22.5224564], [114.056783, 22.5224474], [114.0567542, 22.5224473]]]]}}, {"type": "Feature", "id": "way/1055055383", "properties": {"tags": {"building": "apartments"}, "heightStatus": "unknown", "source": "OpenStreetMap", "license": "ODbL-1.0"}, "geometry": {"type": "MultiPolygon", "coordinates": [[[[114.0567533, 22.52256], [114.0567537, 22.5224851], [114.0567732, 22.5224852], [114.0567732, 22.5224769], [114.0568507, 22.5224773], [114.0568507, 22.5224855], [114.0568701, 22.5224856], [114.0568697, 22.5225605], [114.0568409, 22.5225604], [114.0568409, 22.5225693], [114.0567821, 22.5225691], [114.0567821, 22.5225601], [114.0567533, 22.52256]]]]}}, {"type": "Feature", "id": "way/1055055384", "properties": {"tags": {"building": "apartments"}, "heightStatus": "unknown", "source": "OpenStreetMap", "license": "ODbL-1.0"}, "geometry": {"type": "MultiPolygon", "coordinates": [[[[114.0566219, 22.5223341], [114.0566223, 22.5222592], [114.0566417, 22.5222593], [114.0566418, 22.5222511], [114.0567193, 22.5222514], [114.0567193, 22.5222597], [114.0567387, 22.5222598], [114.0567383, 22.5223347], [114.0567095, 22.5223345], [114.0567094, 22.5223435], [114.0566507, 22.5223432], [114.0566507, 22.5223343], [114.0566219, 22.5223341]]]]}}, {"type": "Feature", "id": "way/1055055385", "properties": {"tags": {"building": "apartments"}, "heightStatus": "unknown", "source": "OpenStreetMap", "license": "ODbL-1.0"}, "geometry": {"type": "MultiPolygon", "coordinates": [[[[114.0567547, 22.5223347], [114.0567551, 22.5222598], [114.0567745, 22.5222599], [114.0567746, 22.5222517], [114.0568521, 22.522252], [114.056852, 22.5222603], [114.0568715, 22.5222604], [114.0568711, 22.5223353], [114.0568423, 22.5223351], [114.0568422, 22.5223441], [114.0567834, 22.5223438], [114.0567835, 22.5223349], [114.0567547, 22.5223347]]]]}}, {"type": "Feature", "id": "way/1055055386", "properties": {"tags": {"building": "apartments"}, "heightStatus": "unknown", "source": "OpenStreetMap", "license": "ODbL-1.0"}, "geometry": {"type": "MultiPolygon", "coordinates": [[[[114.0568874, 22.5223353], [114.0568878, 22.5222604], [114.0569073, 22.5222605], [114.0569073, 22.5222523], [114.0569848, 22.5222526], [114.0569848, 22.5222609], [114.0570042, 22.522261], [114.0570038, 22.5223359], [114.056975, 22.5223357], [114.056975, 22.5223447], [114.0569162, 22.5223444], [114.0569163, 22.5223355], [114.0568874, 22.5223353]]]]}}, {"type": "Feature", "id": "way/1055055387", "properties": {"tags": {"building": "apartments"}, "heightStatus": "unknown", "source": "OpenStreetMap", "license": "ODbL-1.0"}, "geometry": {"type": "MultiPolygon", "coordinates": [[[[114.0568869, 22.5224479], [114.0568873, 22.522373], [114.0569068, 22.5223731], [114.0569068, 22.5223648], [114.0569844, 22.5223652], [114.0569843, 22.5223734], [114.0570038, 22.5223735], [114.0570034, 22.5224484], [114.0569745, 22.5224483], [114.0569745, 22.5224572], [114.0569157, 22.522457], [114.0569158, 22.522448], [114.0568869, 22.5224479]]]]}}, {"type": "Feature", "id": "way/1055055388", "properties": {"tags": {"building": "apartments"}, "heightStatus": "unknown", "source": "OpenStreetMap", "license": "ODbL-1.0"}, "geometry": {"type": "MultiPolygon", "coordinates": [[[[114.0568861, 22.5225606], [114.0568865, 22.5224857], [114.0569059, 22.5224858], [114.056906, 22.5224775], [114.0569835, 22.5224779], [114.0569834, 22.5224861], [114.0570029, 22.5224862], [114.0570025, 22.5225611], [114.0569737, 22.522561], [114.0569736, 22.5225699], [114.0569149, 22.5225697], [114.0569149, 22.5225607], [114.0568861, 22.5225606]]]]}}, {"type": "Feature", "id": "way/1055055389", "properties": {"tags": {"building": "apartments"}, "heightStatus": "unknown", "source": "OpenStreetMap", "license": "ODbL-1.0"}, "geometry": {"type": "MultiPolygon", "coordinates": [[[[114.0568856, 22.5226731], [114.056886, 22.5225982], [114.0569054, 22.5225983], [114.0569055, 22.5225901], [114.056983, 22.5225904], [114.056983, 22.5225987], [114.0570024, 22.5225988], [114.057002, 22.5226737], [114.0569732, 22.5226735], [114.0569731, 22.5226825], [114.0569144, 22.5226822], [114.0569144, 22.5226733], [114.0568856, 22.5226731]]]]}}, {"type": "Feature", "id": "way/1055055390", "properties": {"tags": {"building": "apartments"}, "heightStatus": "unknown", "source": "OpenStreetMap", "license": "ODbL-1.0"}, "geometry": {"type": "MultiPolygon", "coordinates": [[[[114.0566039, 22.5218388], [114.0566043, 22.5217639], [114.0566237, 22.521764], [114.0566237, 22.5217557], [114.0567013, 22.5217561], [114.0567012, 22.5217643], [114.0567207, 22.5217644], [114.0567203, 22.5218393], [114.0566914, 22.5218392], [114.0566914, 22.5218481], [114.0566326, 22.5218479], [114.0566327, 22.5218389], [114.0566039, 22.5218388]]]]}}, {"type": "Feature", "id": "way/1055055391", "properties": {"tags": {"building": "apartments"}, "heightStatus": "unknown", "source": "OpenStreetMap", "license": "ODbL-1.0"}, "geometry": {"type": "MultiPolygon", "coordinates": [[[[114.0566034, 22.5219513], [114.0566038, 22.5218764], [114.0566233, 22.5218765], [114.0566233, 22.5218682], [114.0567008, 22.5218686], [114.0567008, 22.5218768], [114.0567202, 22.5218769], [114.0567198, 22.5219518], [114.056691, 22.5219517], [114.056691, 22.5219606], [114.0566322, 22.5219604], [114.0566323, 22.5219514], [114.0566034, 22.5219513]]]]}}, {"type": "Feature", "id": "way/1055055392", "properties": {"tags": {"building": "apartments"}, "heightStatus": "unknown", "source": "OpenStreetMap", "license": "ODbL-1.0"}, "geometry": {"type": "MultiPolygon", "coordinates": [[[[114.0566026, 22.522064], [114.056603, 22.5219891], [114.0566224, 22.5219892], [114.0566225, 22.5219809], [114.0567, 22.5219813], [114.0566999, 22.5219895], [114.0567194, 22.5219896], [114.056719, 22.5220645], [114.0566902, 22.5220644], [114.0566901, 22.5220733], [114.0566313, 22.5220731], [114.0566314, 22.5220641], [114.0566026, 22.522064]]]]}}, {"type": "Feature", "id": "way/1055055393", "properties": {"tags": {"building": "apartments"}, "heightStatus": "unknown", "source": "OpenStreetMap", "license": "ODbL-1.0"}, "geometry": {"type": "MultiPolygon", "coordinates": [[[[114.0566021, 22.5221765], [114.0566025, 22.5221016], [114.0566219, 22.5221017], [114.056622, 22.5220935], [114.0566995, 22.5220938], [114.0566994, 22.5221021], [114.0567189, 22.5221022], [114.0567185, 22.5221771], [114.0566897, 22.5221769], [114.0566896, 22.5221859], [114.0566309, 22.5221856], [114.0566309, 22.5221767], [114.0566021, 22.5221765]]]]}}, {"type": "Feature", "id": "way/1055055394", "properties": {"tags": {"building": "apartments"}, "heightStatus": "unknown", "source": "OpenStreetMap", "license": "ODbL-1.0"}, "geometry": {"type": "MultiPolygon", "coordinates": [[[[114.0567348, 22.5221771], [114.0567352, 22.5221022], [114.0567547, 22.5221023], [114.0567547, 22.5220941], [114.0568322, 22.5220944], [114.0568322, 22.5221027], [114.0568517, 22.5221028], [114.0568513, 22.5221777], [114.0568224, 22.5221775], [114.0568224, 22.5221865], [114.0567636, 22.5221862], [114.0567637, 22.5221773], [114.0567348, 22.5221771]]]]}}, {"type": "Feature", "id": "way/1055055395", "properties": {"tags": {"building": "apartments"}, "heightStatus": "unknown", "source": "OpenStreetMap", "license": "ODbL-1.0"}, "geometry": {"type": "MultiPolygon", "coordinates": [[[[114.0568676, 22.5221777], [114.056868, 22.5221028], [114.0568875, 22.5221029], [114.0568875, 22.5220947], [114.056965, 22.522095], [114.056965, 22.5221033], [114.0569844, 22.5221034], [114.056984, 22.5221783], [114.0569552, 22.5221781], [114.0569551, 22.5221871], [114.0568964, 22.5221868], [114.0568964, 22.5221779], [114.0568676, 22.5221777]]]]}}, {"type": "Feature", "id": "way/1055055396", "properties": {"tags": {"building": "apartments"}, "heightStatus": "unknown", "source": "OpenStreetMap", "license": "ODbL-1.0"}, "geometry": {"type": "MultiPolygon", "coordinates": [[[[114.0568681, 22.5220652], [114.0568685, 22.5219903], [114.0568879, 22.5219904], [114.056888, 22.5219821], [114.0569655, 22.5219825], [114.0569655, 22.5219907], [114.0569849, 22.5219908], [114.0569845, 22.5220657], [114.0569557, 22.5220656], [114.0569556, 22.5220745], [114.0568969, 22.5220743], [114.0568969, 22.5220653], [114.0568681, 22.5220652]]]]}}, {"type": "Feature", "id": "way/1055055397", "properties": {"tags": {"building": "apartments"}, "heightStatus": "unknown", "source": "OpenStreetMap", "license": "ODbL-1.0"}, "geometry": {"type": "MultiPolygon", "coordinates": [[[[114.0567353, 22.5220646], [114.0567357, 22.5219897], [114.0567552, 22.5219898], [114.0567552, 22.5219815], [114.0568327, 22.5219819], [114.0568327, 22.5219901], [114.0568521, 22.5219902], [114.0568517, 22.5220651], [114.0568229, 22.522065], [114.0568229, 22.5220739], [114.0567641, 22.5220737], [114.0567642, 22.5220647], [114.0567353, 22.5220646]]]]}}, {"type": "Feature", "id": "way/1055055398", "properties": {"tags": {"building": "apartments"}, "heightStatus": "unknown", "source": "OpenStreetMap", "license": "ODbL-1.0"}, "geometry": {"type": "MultiPolygon", "coordinates": [[[[114.0567362, 22.5219519], [114.0567366, 22.521877], [114.056756, 22.5218771], [114.0567561, 22.5218688], [114.0568336, 22.5218692], [114.0568336, 22.5218774], [114.056853, 22.5218775], [114.0568526, 22.5219524], [114.0568238, 22.5219523], [114.0568237, 22.5219612], [114.056765, 22.521961], [114.056765, 22.521952], [114.0567362, 22.5219519]]]]}}, {"type": "Feature", "id": "way/1055055399", "properties": {"tags": {"building": "apartments"}, "heightStatus": "unknown", "source": "OpenStreetMap", "license": "ODbL-1.0"}, "geometry": {"type": "MultiPolygon", "coordinates": [[[[114.056869, 22.5219525], [114.0568693, 22.5218776], [114.0568888, 22.5218777], [114.0568888, 22.5218694], [114.0569664, 22.5218698], [114.0569663, 22.521878], [114.0569858, 22.5218781], [114.0569854, 22.521953], [114.0569565, 22.5219529], [114.0569565, 22.5219618], [114.0568977, 22.5219616], [114.0568978, 22.5219526], [114.056869, 22.5219525]]]]}}, {"type": "Feature", "id": "way/1055055400", "properties": {"tags": {"building": "apartments"}, "heightStatus": "unknown", "source": "OpenStreetMap", "license": "ODbL-1.0"}, "geometry": {"type": "MultiPolygon", "coordinates": [[[[114.0568694, 22.5218399], [114.0568698, 22.521765], [114.0568893, 22.5217651], [114.0568893, 22.5217569], [114.0569668, 22.5217572], [114.0569668, 22.5217655], [114.0569862, 22.5217656], [114.0569859, 22.5218405], [114.056957, 22.5218403], [114.056957, 22.5218493], [114.0568982, 22.521849], [114.0568983, 22.5218401], [114.0568694, 22.5218399]]]]}}, {"type": "Feature", "id": "way/1055055401", "properties": {"tags": {"building": "apartments"}, "heightStatus": "unknown", "source": "OpenStreetMap", "license": "ODbL-1.0"}, "geometry": {"type": "MultiPolygon", "coordinates": [[[[114.0567367, 22.5218393], [114.0567371, 22.5217644], [114.0567565, 22.5217645], [114.0567566, 22.5217563], [114.0568341, 22.5217566], [114.056834, 22.5217649], [114.0568535, 22.521765], [114.0568531, 22.5218399], [114.0568243, 22.5218397], [114.0568242, 22.5218487], [114.0567655, 22.5218484], [114.0567655, 22.5218395], [114.0567367, 22.5218393]]]]}}, {"type": "Feature", "id": "way/1055055402", "properties": {"tags": {"building": "apartments"}, "heightStatus": "unknown", "source": "OpenStreetMap", "license": "ODbL-1.0"}, "geometry": {"type": "MultiPolygon", "coordinates": [[[[114.0570009, 22.5221785], [114.0570013, 22.5221036], [114.0570207, 22.5221037], [114.0570208, 22.5220955], [114.0570983, 22.5220958], [114.0570982, 22.5221041], [114.0571177, 22.5221042], [114.0571173, 22.5221791], [114.0570885, 22.5221789], [114.0570884, 22.5221879], [114.0570296, 22.5221876], [114.0570297, 22.5221787], [114.0570009, 22.5221785]]]]}}, {"type": "Feature", "id": "way/1055055403", "properties": {"tags": {"building": "apartments"}, "heightStatus": "unknown", "source": "OpenStreetMap", "license": "ODbL-1.0"}, "geometry": {"type": "MultiPolygon", "coordinates": [[[[114.0570013, 22.522066], [114.0570017, 22.5219911], [114.0570212, 22.5219912], [114.0570212, 22.5219829], [114.0570988, 22.5219833], [114.0570987, 22.5219915], [114.0571182, 22.5219916], [114.0571178, 22.5220665], [114.0570889, 22.5220664], [114.0570889, 22.5220753], [114.0570301, 22.5220751], [114.0570302, 22.5220661], [114.0570013, 22.522066]]]]}}, {"type": "Feature", "id": "way/1055055404", "properties": {"tags": {"building": "apartments"}, "heightStatus": "unknown", "source": "OpenStreetMap", "license": "ODbL-1.0"}, "geometry": {"type": "MultiPolygon", "coordinates": [[[[114.0570022, 22.5219533], [114.0570026, 22.5218784], [114.0570221, 22.5218785], [114.0570221, 22.5218702], [114.0570996, 22.5218706], [114.0570996, 22.5218788], [114.057119, 22.5218789], [114.0571186, 22.5219538], [114.0570898, 22.5219537], [114.0570898, 22.5219626], [114.057031, 22.5219624], [114.057031, 22.5219534], [114.0570022, 22.5219533]]]]}}, {"type": "Feature", "id": "way/1055055405", "properties": {"tags": {"building": "apartments"}, "heightStatus": "unknown", "source": "OpenStreetMap", "license": "ODbL-1.0"}, "geometry": {"type": "MultiPolygon", "coordinates": [[[[114.0570027, 22.5218407], [114.0570031, 22.5217658], [114.0570225, 22.5217659], [114.0570226, 22.5217577], [114.0571001, 22.521758], [114.0571001, 22.5217663], [114.0571195, 22.5217664], [114.0571191, 22.5218412], [114.0570903, 22.5218411], [114.0570902, 22.5218501], [114.0570315, 22.5218498], [114.0570315, 22.5218408], [114.0570027, 22.5218407]]]]}}, {"type": "Feature", "id": "way/1055055407", "properties": {"tags": {"addr:housenumber": "97", "addr:place": "皇岗新村一期", "building": "apartments"}, "heightStatus": "unknown", "source": "OpenStreetMap", "license": "ODbL-1.0"}, "geometry": {"type": "MultiPolygon", "coordinates": [[[[114.0552612, 22.5246139], [114.0552656, 22.5245361], [114.0553238, 22.5245389], [114.0553244, 22.5245287], [114.0553585, 22.5245303], [114.0553531, 22.5246271], [114.0552946, 22.5246243], [114.0552951, 22.5246156], [114.0552612, 22.5246139]]]]}}, {"type": "Feature", "id": "way/1055055408", "properties": {"tags": {"addr:housenumber": "100", "addr:place": "皇岗新村一期", "building": "apartments"}, "heightStatus": "unknown", "source": "OpenStreetMap", "license": "ODbL-1.0"}, "geometry": {"type": "MultiPolygon", "coordinates": [[[[114.0552318, 22.5247637], [114.0552362, 22.5246859], [114.0552944, 22.5246887], [114.055295, 22.5246785], [114.0553291, 22.5246801], [114.0553237, 22.5247769], [114.0552652, 22.5247741], [114.0552657, 22.5247654], [114.0552318, 22.5247637]]]]}}, {"type": "Feature", "id": "way/1055055409", "properties": {"tags": {"addr:housenumber": "68", "addr:place": "皇岗新村一期", "building": "apartments"}, "heightStatus": "unknown", "source": "OpenStreetMap", "license": "ODbL-1.0"}, "geometry": {"type": "MultiPolygon", "coordinates": [[[[114.0556635, 22.5247848], [114.0556678, 22.524707], [114.055726, 22.5247097], [114.0557266, 22.5246995], [114.0557608, 22.5247012], [114.0557553, 22.5247979], [114.0556969, 22.5247951], [114.0556974, 22.5247864], [114.0556635, 22.5247848]]]]}}, {"type": "Feature", "id": "way/1055055410", "properties": {"tags": {"addr:housenumber": "66", "addr:place": "皇岗新村一期", "building": "apartments"}, "heightStatus": "unknown", "source": "OpenStreetMap", "license": "ODbL-1.0"}, "geometry": {"type": "MultiPolygon", "coordinates": [[[[114.0556928, 22.524635], [114.0556972, 22.5245572], [114.0557554, 22.52456], [114.055756, 22.5245497], [114.0557902, 22.5245514], [114.0557847, 22.5246481], [114.0557263, 22.5246453], [114.0557267, 22.5246366], [114.0556928, 22.524635]]]]}}, {"type": "Feature", "id": "way/1055055411", "properties": {"tags": {"addr:housenumber": "94", "addr:place": "皇岗新村一期", "building": "apartments"}, "heightStatus": "unknown", "source": "OpenStreetMap", "license": "ODbL-1.0"}, "geometry": {"type": "MultiPolygon", "coordinates": [[[[114.0555189, 22.5244697], [114.0555233, 22.5243919], [114.0555815, 22.5243947], [114.0555821, 22.5243845], [114.0556162, 22.5243861], [114.0556108, 22.5244829], [114.0555523, 22.5244801], [114.0555528, 22.5244713], [114.0555189, 22.5244697]]]]}}, {"type": "Feature", "id": "way/1055055412", "properties": {"tags": {"addr:housenumber": "64", "addr:place": "皇岗新村一期", "building": "apartments"}, "heightStatus": "unknown", "source": "OpenStreetMap", "license": "ODbL-1.0"}, "geometry": {"type": "MultiPolygon", "coordinates": [[[[114.0557346, 22.5244799], [114.0557389, 22.5244021], [114.0557972, 22.5244049], [114.0557977, 22.5243947], [114.0558319, 22.5243963], [114.0558264, 22.5244931], [114.055768, 22.5244903], [114.0557685, 22.5244815], [114.0557346, 22.5244799]]]]}}, {"type": "Feature", "id": "way/1055055413", "properties": {"tags": {"addr:housenumber": "90", "addr:place": "皇岗新村一期", "building": "apartments"}, "heightStatus": "unknown", "source": "OpenStreetMap", "license": "ODbL-1.0"}, "geometry": {"type": "MultiPolygon", "coordinates": [[[[114.0554478, 22.5247745], [114.0554521, 22.5246967], [114.0555104, 22.5246995], [114.0555109, 22.5246893], [114.0555451, 22.5246909], [114.0555396, 22.5247877], [114.0554812, 22.5247849], [114.0554817, 22.5247762], [114.0554478, 22.5247745]]]]}}, {"type": "Feature", "id": "way/1055055414", "properties": {"tags": {"addr:housenumber": "102", "addr:place": "皇岗新村一期", "building": "apartments"}, "heightStatus": "unknown", "source": "OpenStreetMap", "license": "ODbL-1.0"}, "geometry": {"type": "MultiPolygon", "coordinates": [[[[114.0552416, 22.5249616], [114.0552434, 22.5248647], [114.0552776, 22.5248653], [114.0552774, 22.5248755], [114.0553357, 22.5248764], [114.0553343, 22.5249543], [114.0553003, 22.5249538], [114.0553002, 22.5249625], [114.0552416, 22.5249616]]]]}}, {"type": "Feature", "id": "way/1055055415", "properties": {"tags": {"addr:housenumber": "87", "addr:place": "皇岗新村一期", "building": "apartments"}, "heightStatus": "unknown", "source": "OpenStreetMap", "license": "ODbL-1.0"}, "geometry": {"type": "MultiPolygon", "coordinates": [[[[114.0554579, 22.5249655], [114.0554597, 22.5248686], [114.0554939, 22.5248692], [114.0554937, 22.5248794], [114.055552, 22.5248803], [114.0555505, 22.5249582], [114.0555166, 22.5249577], [114.0555164, 22.5249664], [114.0554579, 22.5249655]]]]}}, {"type": "Feature", "id": "way/1055055416", "properties": {"tags": {"addr:housenumber": "69", "addr:place": "皇岗新村一期", "building": "apartments"}, "heightStatus": "unknown", "source": "OpenStreetMap", "license": "ODbL-1.0"}, "geometry": {"type": "MultiPolygon", "coordinates": [[[[114.0556738, 22.5249688], [114.0556756, 22.524872], [114.0557098, 22.5248725], [114.0557096, 22.5248827], [114.0557679, 22.5248837], [114.0557664, 22.5249616], [114.0557325, 22.524961], [114.0557323, 22.5249698], [114.0556738, 22.5249688]]]]}}, {"type": "Feature", "id": "way/1055055417", "properties": {"tags": {"addr:housenumber": "105", "addr:place": "皇岗新村一期", "building": "apartments"}, "heightStatus": "unknown", "source": "OpenStreetMap", "license": "ODbL-1.0"}, "geometry": {"type": "MultiPolygon", "coordinates": [[[[114.0552912, 22.5252639], [114.0552931, 22.525167], [114.0553272, 22.5251675], [114.055327, 22.5251778], [114.0553853, 22.5251787], [114.0553839, 22.5252566], [114.0553499, 22.5252561], [114.0553498, 22.5252648], [114.0552912, 22.5252639]]]]}}, {"type": "Feature", "id": "way/1055055418", "properties": {"tags": {"addr:housenumber": "103", "addr:place": "皇岗新村一期", "building": "apartments"}, "heightStatus": "unknown", "source": "OpenStreetMap", "license": "ODbL-1.0"}, "geometry": {"type": "MultiPolygon", "coordinates": [[[[114.0552591, 22.5251177], [114.0552609, 22.5250208], [114.055295, 22.5250213], [114.0552949, 22.5250316], [114.0553532, 22.5250325], [114.0553517, 22.5251104], [114.0553177, 22.5251099], [114.0553176, 22.5251186], [114.0552591, 22.5251177]]]]}}, {"type": "Feature", "id": "way/1055055419", "properties": {"tags": {"addr:housenumber": "107", "addr:place": "皇岗新村一期", "building": "apartments"}, "heightStatus": "unknown", "source": "OpenStreetMap", "license": "ODbL-1.0"}, "geometry": {"type": "MultiPolygon", "coordinates": [[[[114.0553328, 22.5254311], [114.0553346, 22.5253342], [114.0553688, 22.5253348], [114.0553686, 22.525345], [114.0554269, 22.5253459], [114.0554255, 22.5254238], [114.0553915, 22.5254233], [114.0553913, 22.525432], [114.0553328, 22.5254311]]]]}}, {"type": "Feature", "id": "way/1055055420", "properties": {"tags": {"addr:housenumber": "82", "addr:place": "皇岗新村一期", "building": "apartments"}, "heightStatus": "unknown", "source": "OpenStreetMap", "license": "ODbL-1.0"}, "geometry": {"type": "MultiPolygon", "coordinates": [[[[114.0555491, 22.525435], [114.0555509, 22.5253381], [114.0555851, 22.5253387], [114.0555849, 22.5253489], [114.0556432, 22.5253498], [114.0556417, 22.5254277], [114.0556078, 22.5254272], [114.0556076, 22.5254359], [114.0555491, 22.525435]]]]}}, {"type": "Feature", "id": "way/1055055421", "properties": {"tags": {"addr:housenumber": "75", "addr:place": "皇岗新村一期", "building": "apartments"}, "heightStatus": "unknown", "source": "OpenStreetMap", "license": "ODbL-1.0"}, "geometry": {"type": "MultiPolygon", "coordinates": [[[[114.055765, 22.5254383], [114.0557668, 22.5253415], [114.055801, 22.525342], [114.0558008, 22.5253522], [114.0558591, 22.5253532], [114.0558576, 22.5254311], [114.0558237, 22.5254305], [114.0558235, 22.5254393], [114.055765, 22.5254383]]]]}}, {"type": "Feature", "id": "way/1055055422", "properties": {"tags": {"addr:housenumber": "83", "addr:place": "皇岗新村一期", "building": "apartments"}, "heightStatus": "unknown", "source": "OpenStreetMap", "license": "ODbL-1.0"}, "geometry": {"type": "MultiPolygon", "coordinates": [[[[114.0555075, 22.5252678], [114.0555093, 22.5251709], [114.0555435, 22.5251714], [114.0555433, 22.5251817], [114.0556016, 22.5251826], [114.0556001, 22.5252605], [114.0555662, 22.52526], [114.055566, 22.5252687], [114.0555075, 22.5252678]]]]}}, {"type": "Feature", "id": "way/1055055423", "properties": {"tags": {"addr:housenumber": "85", "addr:place": "皇岗新村一期", "building": "apartments"}, "heightStatus": "unknown", "source": "OpenStreetMap", "license": "ODbL-1.0"}, "geometry": {"type": "MultiPolygon", "coordinates": [[[[114.0554753, 22.5251216], [114.0554771, 22.5250247], [114.0555113, 22.5250253], [114.0555111, 22.5250355], [114.0555694, 22.5250364], [114.0555679, 22.5251143], [114.055534, 22.5251138], [114.0555338, 22.5251225], [114.0554753, 22.5251216]]]]}}, {"type": "Feature", "id": "way/1055055424", "properties": {"tags": {"addr:housenumber": "71", "addr:place": "皇岗新村一期", "building": "apartments"}, "heightStatus": "unknown", "source": "OpenStreetMap", "license": "ODbL-1.0"}, "geometry": {"type": "MultiPolygon", "coordinates": [[[[114.0556912, 22.5251249], [114.055693, 22.525028], [114.0557272, 22.5250286], [114.055727, 22.5250388], [114.0557853, 22.5250398], [114.0557839, 22.5251177], [114.0557499, 22.5251171], [114.0557498, 22.5251259], [114.0556912, 22.5251249]]]]}}, {"type": "Feature", "id": "way/1055055425", "properties": {"tags": {"addr:housenumber": "73", "addr:place": "皇岗新村一期", "building": "apartments"}, "heightStatus": "unknown", "source": "OpenStreetMap", "license": "ODbL-1.0"}, "geometry": {"type": "MultiPolygon", "coordinates": [[[[114.0557234, 22.5252711], [114.0557252, 22.5251742], [114.0557594, 22.5251748], [114.0557592, 22.525185], [114.0558175, 22.5251859], [114.055816, 22.5252638], [114.0557821, 22.5252633], [114.0557819, 22.525272], [114.0557234, 22.5252711]]]]}}, {"type": "Feature", "id": "way/1055055426", "properties": {"tags": {"addr:housenumber": "77", "addr:place": "皇岗新村一期", "building": "apartments"}, "heightStatus": "unknown", "source": "OpenStreetMap", "license": "ODbL-1.0"}, "geometry": {"type": "MultiPolygon", "coordinates": [[[[114.0557534, 22.5255958], [114.0557553, 22.5254989], [114.0557894, 22.5254995], [114.0557892, 22.5255097], [114.0558475, 22.5255106], [114.0558461, 22.5255885], [114.0558121, 22.525588], [114.055812, 22.5255967], [114.0557534, 22.5255958]]]]}}, {"type": "Feature", "id": "way/1055055427", "properties": {"tags": {"addr:housenumber": "79", "addr:place": "皇岗新村一期", "building": "apartments"}, "heightStatus": "unknown", "source": "OpenStreetMap", "license": "ODbL-1.0"}, "geometry": {"type": "MultiPolygon", "coordinates": [[[[114.0555375, 22.5255925], [114.0555393, 22.5254956], [114.0555735, 22.5254961], [114.0555733, 22.5255064], [114.0556316, 22.5255073], [114.0556301, 22.5255852], [114.0555962, 22.5255847], [114.055596, 22.5255934], [114.0555375, 22.5255925]]]]}}, {"type": "Feature", "id": "way/1055055428", "properties": {"tags": {"addr:housenumber": "109", "addr:place": "皇岗新村一期", "building": "apartments"}, "heightStatus": "unknown", "source": "OpenStreetMap", "license": "ODbL-1.0"}, "geometry": {"type": "MultiPolygon", "coordinates": [[[[114.0553213, 22.5255886], [114.0553231, 22.5254917], [114.0553573, 22.5254922], [114.0553571, 22.5255025], [114.0554154, 22.5255034], [114.0554139, 22.5255813], [114.05538, 22.5255807], [114.0553798, 22.5255895], [114.0553213, 22.5255886]]]]}}, {"type": "Feature", "id": "way/1055055429", "properties": {"tags": {"addr:housenumber": "47", "addr:place": "皇岗新村一期", "building": "apartments"}, "heightStatus": "unknown", "source": "OpenStreetMap", "license": "ODbL-1.0"}, "geometry": {"type": "MultiPolygon", "coordinates": [[[[114.0559697, 22.5255997], [114.0559715, 22.5255028], [114.0560057, 22.5255034], [114.0560055, 22.5255136], [114.0560638, 22.5255145], [114.0560623, 22.5255925], [114.0560284, 22.5255919], [114.0560282, 22.5256007], [114.0559697, 22.5255997]]]]}}, {"type": "Feature", "id": "way/1055055430", "properties": {"tags": {"addr:housenumber": "49", "addr:place": "皇岗新村一期", "building": "apartments"}, "heightStatus": "unknown", "source": "OpenStreetMap", "license": "ODbL-1.0"}, "geometry": {"type": "MultiPolygon", "coordinates": [[[[114.0560733, 22.5254446], [114.0560751, 22.5253478], [114.0561093, 22.5253483], [114.0561091, 22.5253585], [114.0561674, 22.5253595], [114.0561659, 22.5254374], [114.056132, 22.5254368], [114.0561318, 22.5254456], [114.0560733, 22.5254446]]]]}}, {"type": "Feature", "id": "way/1055055431", "properties": {"tags": {"addr:housenumber": "42", "addr:place": "皇岗新村一期", "building": "apartments"}, "heightStatus": "unknown", "source": "OpenStreetMap", "license": "ODbL-1.0"}, "geometry": {"type": "MultiPolygon", "coordinates": [[[[114.0561612, 22.5252374], [114.0561626, 22.5251595], [114.0562209, 22.5251604], [114.0562211, 22.5251502], [114.0562553, 22.5251507], [114.0562535, 22.5252476], [114.0561949, 22.5252467], [114.0561951, 22.5252379], [114.0561612, 22.5252374]]]]}}, {"type": "Feature", "id": "way/1055055432", "properties": {"tags": {"addr:housenumber": "96", "addr:place": "皇岗新村一期", "building": "apartments"}, "heightStatus": "unknown", "source": "OpenStreetMap", "license": "ODbL-1.0"}, "geometry": {"type": "MultiPolygon", "coordinates": [[[[114.0553029, 22.5244589], [114.0553073, 22.5243811], [114.0553655, 22.5243839], [114.0553661, 22.5243737], [114.0554002, 22.5243753], [114.0553948, 22.5244721], [114.0553363, 22.5244693], [114.0553368, 22.5244605], [114.0553029, 22.5244589]]]]}}, {"type": "Feature", "id": "way/1055055433", "properties": {"tags": {"addr:housenumber": "120", "addr:place": "皇岗新村一期", "building": "apartments"}, "heightStatus": "unknown", "source": "OpenStreetMap", "license": "ODbL-1.0"}, "geometry": {"type": "MultiPolygon", "coordinates": [[[[114.055109, 22.5244664], [114.0551144, 22.5243696], [114.0551486, 22.5243713], [114.055148, 22.5243815], [114.0552062, 22.5243843], [114.0552018, 22.5244621], [114.0551679, 22.5244605], [114.0551675, 22.5244692], [114.055109, 22.5244664]]]]}}, {"type": "Feature", "id": "way/1055055434", "properties": {"tags": {"addr:housenumber": "157", "addr:place": "皇岗新村一期", "building": "apartments"}, "heightStatus": "unknown", "source": "OpenStreetMap", "license": "ODbL-1.0"}, "geometry": {"type": "MultiPolygon", "coordinates": [[[[114.0543832, 22.5247395], [114.0543887, 22.5246427], [114.0544228, 22.5246444], [114.0544222, 22.5246546], [114.0544805, 22.5246574], [114.0544761, 22.5247352], [114.0544422, 22.5247336], [114.0544417, 22.5247423], [114.0543832, 22.5247395]]]]}}, {"type": "Feature", "id": "way/1055055435", "properties": {"tags": {"addr:housenumber": "156", "addr:place": "皇岗新村一期", "building": "apartments"}, "heightStatus": "unknown", "source": "OpenStreetMap", "license": "ODbL-1.0"}, "geometry": {"type": "MultiPolygon", "coordinates": [[[[114.0544144, 22.5245888], [114.0544199, 22.5244921], [114.054454, 22.5244937], [114.0544534, 22.5245039], [114.0545116, 22.5245067], [114.0545073, 22.5245845], [114.0544734, 22.5245829], [114.0544729, 22.5245917], [114.0544144, 22.5245888]]]]}}, {"type": "Feature", "id": "way/1055055436", "properties": {"tags": {"addr:housenumber": "150", "addr:place": "皇岗新村一期", "building": "apartments"}, "heightStatus": "unknown", "source": "OpenStreetMap", "license": "ODbL-1.0"}, "geometry": {"type": "MultiPolygon", "coordinates": [[[[114.0546304, 22.5245997], [114.0546358, 22.5245029], [114.05467, 22.5245045], [114.0546694, 22.5245148], [114.0547276, 22.5245175], [114.0547232, 22.5245954], [114.0546893, 22.5245937], [114.0546889, 22.5246025], [114.0546304, 22.5245997]]]]}}, {"type": "Feature", "id": "way/1055055437", "properties": {"tags": {"addr:housenumber": "127", "addr:place": "皇岗新村一期", "building": "apartments"}, "heightStatus": "unknown", "source": "OpenStreetMap", "license": "ODbL-1.0"}, "geometry": {"type": "MultiPolygon", "coordinates": [[[[114.0548149, 22.5247605], [114.0548203, 22.5246638], [114.0548544, 22.5246654], [114.0548539, 22.5246756], [114.0549121, 22.5246784], [114.0549077, 22.5247562], [114.0548738, 22.5247546], [114.0548733, 22.5247633], [114.0548149, 22.5247605]]]]}}, {"type": "Feature", "id": "way/1055055438", "properties": {"tags": {"addr:housenumber": "124", "addr:place": "皇岗新村一期", "building": "apartments"}, "heightStatus": "unknown", "source": "OpenStreetMap", "license": "ODbL-1.0"}, "geometry": {"type": "MultiPolygon", "coordinates": [[[[114.0548461, 22.5246099], [114.0548515, 22.5245131], [114.0548856, 22.5245148], [114.0548851, 22.524525], [114.0549433, 22.5245278], [114.0549389, 22.5246056], [114.054905, 22.5246039], [114.0549045, 22.5246127], [114.0548461, 22.5246099]]]]}}, {"type": "Feature", "id": "way/1055055439", "properties": {"tags": {"addr:housenumber": "146", "addr:place": "皇岗新村一期", "building": "apartments"}, "heightStatus": "unknown", "source": "OpenStreetMap", "license": "ODbL-1.0"}, "geometry": {"type": "MultiPolygon", "coordinates": [[[[114.0545115, 22.5249153], [114.0545169, 22.5248185], [114.0545511, 22.5248202], [114.0545505, 22.5248304], [114.0546087, 22.5248332], [114.0546043, 22.524911], [114.0545704, 22.5249094], [114.0545699, 22.5249181], [114.0545115, 22.5249153]]]]}}, {"type": "Feature", "id": "way/1055055440", "properties": {"tags": {"addr:housenumber": "160", "addr:place": "皇岗新村一期", "building": "apartments"}, "heightStatus": "unknown", "source": "OpenStreetMap", "license": "ODbL-1.0"}, "geometry": {"type": "MultiPolygon", "coordinates": [[[[114.0542955, 22.5249045], [114.054301, 22.5248077], [114.0543351, 22.5248094], [114.0543345, 22.5248196], [114.0543927, 22.5248224], [114.0543884, 22.5249002], [114.0543545, 22.5248986], [114.054354, 22.5249073], [114.0542955, 22.5249045]]]]}}, {"type": "Feature", "id": "way/1055055441", "properties": {"tags": {"addr:housenumber": "128", "addr:place": "皇岗新村一期", "building": "apartments"}, "heightStatus": "unknown", "source": "OpenStreetMap", "license": "ODbL-1.0"}, "geometry": {"type": "MultiPolygon", "coordinates": [[[[114.0547272, 22.5249255], [114.0547326, 22.5248288], [114.0547667, 22.5248304], [114.0547662, 22.5248406], [114.0548244, 22.5248434], [114.05482, 22.5249212], [114.0547861, 22.5249196], [114.0547856, 22.5249283], [114.0547272, 22.5249255]]]]}}, {"type": "Feature", "id": "way/1055055442", "properties": {"tags": {"addr:housenumber": "117", "addr:place": "皇岗新村一期", "building": "apartments"}, "heightStatus": "unknown", "source": "OpenStreetMap", "license": "ODbL-1.0"}, "geometry": {"type": "MultiPolygon", "coordinates": [[[[114.0550308, 22.5247713], [114.0550363, 22.5246746], [114.0550704, 22.5246762], [114.0550698, 22.5246864], [114.0551281, 22.5246892], [114.0551237, 22.524767], [114.0550898, 22.5247654], [114.0550893, 22.5247741], [114.0550308, 22.5247713]]]]}}, {"type": "Feature", "id": "way/1055055443", "properties": {"tags": {"addr:housenumber": "147", "addr:place": "皇岗新村一期", "building": "apartments"}, "heightStatus": "unknown", "source": "OpenStreetMap", "license": "ODbL-1.0"}, "geometry": {"type": "MultiPolygon", "coordinates": [[[[114.0545992, 22.5247503], [114.0546046, 22.5246535], [114.0546388, 22.5246552], [114.0546382, 22.5246654], [114.0546964, 22.5246682], [114.0546921, 22.524746], [114.0546582, 22.5247444], [114.0546577, 22.5247531], [114.0545992, 22.5247503]]]]}}, {"type": "Feature", "id": "way/1055055444", "properties": {"tags": {"addr:housenumber": "92", "addr:place": "皇岗新村一期", "building": "apartments"}, "heightStatus": "unknown", "source": "OpenStreetMap", "license": "ODbL-1.0"}, "geometry": {"type": "MultiPolygon", "coordinates": [[[[114.0554772, 22.5246247], [114.0554815, 22.5245469], [114.0555398, 22.5245497], [114.0555403, 22.5245395], [114.0555745, 22.5245411], [114.055569, 22.5246379], [114.0555106, 22.5246351], [114.0555111, 22.5246264], [114.0554772, 22.5246247]]]]}}, {"type": "Feature", "id": "way/1055055445", "properties": {"tags": {"addr:housenumber": "118", "addr:place": "皇岗新村一期", "building": "apartments"}, "heightStatus": "unknown", "source": "OpenStreetMap", "license": "ODbL-1.0"}, "geometry": {"type": "MultiPolygon", "coordinates": [[[[114.055062, 22.5246207], [114.0550675, 22.5245239], [114.0551016, 22.5245256], [114.055101, 22.5245358], [114.0551593, 22.5245386], [114.0551549, 22.5246164], [114.055121, 22.5246148], [114.0551205, 22.5246235], [114.055062, 22.5246207]]]]}}, {"type": "Feature", "id": "way/1064264061", "properties": {"tags": {"addr:housename": "云顶翠峰", "addr:housename:zh": "云顶翠峰", "building": "apartments", "building:levels": "31", "name": "2栋", "name:zh": "2栋"}, "heightStatus": "levels_only_unverified", "source": "OpenStreetMap", "license": "ODbL-1.0"}, "geometry": {"type": "MultiPolygon", "coordinates": [[[[114.0553351, 22.5192667], [114.0554497, 22.5192937], [114.0554786, 22.5191892], [114.0556335, 22.5192258], [114.0556046, 22.5193302], [114.055711, 22.5193553], [114.0556913, 22.5194265], [114.0555849, 22.5194014], [114.055556, 22.5195058], [114.0554011, 22.5194693], [114.05543, 22.5193648], [114.0553354, 22.5193425], [114.0553351, 22.5192667]]]]}}, {"type": "Feature", "id": "way/1137533078", "properties": {"tags": {"building": "train_station", "building:levels": "0", "building:levels:underground": "2", "layer": "-1", "location": "underground", "name": "福田口岸站", "wikidata": "Q2288286", "wikimedia_commons": "Category:Futian Checkpoint Station", "wikipedia": "zh:福田口岸站"}, "heightStatus": "levels_only_unverified", "source": "OpenStreetMap", "license": "ODbL-1.0"}, "geometry": {"type": "MultiPolygon", "coordinates": [[[[114.0596143, 22.5179429], [114.0596621, 22.5178885], [114.0599282, 22.5180868], [114.0611324, 22.51681], [114.0609054, 22.516652], [114.0608771, 22.516675], [114.0607307, 22.5165647], [114.060946, 22.5163208], [114.0610925, 22.5164312], [114.0610643, 22.516463], [114.0613784, 22.5167432], [114.0615866, 22.5168976], [114.0621208, 22.5173392], [114.0621606, 22.5172982], [114.0625127, 22.5175894], [114.0624846, 22.5176184], [114.0626853, 22.5177843], [114.0632432, 22.5172085], [114.063861, 22.5177192], [114.0645643, 22.517768], [114.0644661, 22.5178473], [114.0638005, 22.5178029], [114.0633229, 22.5174059], [114.063246, 22.5173435], [114.0628383, 22.5177724], [114.0631765, 22.5180466], [114.063227, 22.5179934], [114.063455, 22.5181784], [114.0634098, 22.5182255], [114.0635437, 22.5183351], [114.0634794, 22.5184022], [114.0632746, 22.5182346], [114.0632628, 22.5182469], [114.0633794, 22.5183423], [114.0631475, 22.5185864], [114.0630733, 22.5185262], [114.0627209, 22.5192006], [114.0627695, 22.519219], [114.0627173, 22.5193559], [114.0626729, 22.5193394], [114.0626446, 22.5193632], [114.0619451, 22.5199819], [114.0619709, 22.5200066], [114.0616791, 22.520271], [114.0616441, 22.5202382], [114.0618674, 22.5200359], [114.061817, 22.5199884], [114.0625778, 22.5193167], [114.0625454, 22.5192936], [114.0626218, 22.5191582], [114.0626579, 22.5191729], [114.0630219, 22.5184559], [114.0627648, 22.518244], [114.0628245, 22.5181822], [114.061663, 22.5172246], [114.0616134, 22.517276], [114.06115, 22.5168938], [114.0599832, 22.518131], [114.0600631, 22.5181894], [114.0600153, 22.5182439], [114.0596143, 22.5179429]]]]}}, {"type": "Feature", "id": "way/1252773746", "properties": {"tags": {"building": "school"}, "heightStatus": "unknown", "source": "OpenStreetMap", "license": "ODbL-1.0"}, "geometry": {"type": "MultiPolygon", "coordinates": [[[[114.0636928, 22.5225438], [114.0637986, 22.5224658], [114.0637359, 22.5223932], [114.063799, 22.5223467], [114.0639108, 22.5224762], [114.0637419, 22.5226006], [114.0636928, 22.5225438]]]]}}, {"type": "Feature", "id": "way/1269310462", "properties": {"tags": {"addr:housenumber": "28", "addr:street": "福民路", "air_conditioning": "yes", "brand": "IntercityHotel", "building": "yes", "check_date": "2024-04-01", "internet_access": "yes", "internet_access:fee": "no", "name": "深圳福田皇岗城际酒店", "name:en": "Intercity Shenzhen Futian Huanggang", "phone": "+86 755 8379 6888", "tourism": "hotel", "was:name": "深圳皇轩酒店", "was:name:en": "Asta Hotel", "wheelchair": "yes"}, "heightStatus": "unknown", "source": "OpenStreetMap", "license": "ODbL-1.0"}, "geometry": {"type": "MultiPolygon", "coordinates": [[[[114.0550075, 22.5263767], [114.055009, 22.5260783], [114.0563373, 22.5260866], [114.0563297, 22.5262726], [114.0562922, 22.5263254], [114.0562486, 22.5263337], [114.056208, 22.526317], [114.056163, 22.5262865], [114.055918, 22.5262809], [114.0558399, 22.5263753], [114.0550075, 22.5263767]]]]}}, {"type": "Feature", "id": "way/1333009585", "properties": {"tags": {"addr:housename": "骏皇名居", "addr:housename:en": "Junhuang Mingju", "addr:housename:zh": "骏皇名居", "building": "apartments", "building:levels": "34", "name": "1栋", "name:en": "Block 1", "name:zh": "1栋"}, "heightStatus": "levels_only_unverified", "source": "OpenStreetMap", "license": "ODbL-1.0"}, "geometry": {"type": "MultiPolygon", "coordinates": [[[[114.0582544, 22.5183544], [114.0583169, 22.5183387], [114.0582983, 22.5182756], [114.0583171, 22.5182709], [114.0583104, 22.5182483], [114.0584292, 22.5182185], [114.0584358, 22.518241], [114.0584546, 22.5182363], [114.0584655, 22.5182735], [114.0585061, 22.518295], [114.0585464, 22.5182849], [114.0585515, 22.5183022], [114.0585759, 22.5182961], [114.0586082, 22.5184058], [114.0585838, 22.5184119], [114.0585889, 22.5184292], [114.0585206, 22.5184464], [114.0585376, 22.5185041], [114.0584525, 22.5185255], [114.0584242, 22.5184296], [114.0583814, 22.518407], [114.0582776, 22.5184331], [114.0582544, 22.5183544]]]]}}, {"type": "Feature", "id": "way/1333009586", "properties": {"tags": {"addr:housename": "骏皇名居", "addr:housename:en": "Junhuang Mingju", "addr:housename:zh": "骏皇名居", "building": "apartments", "building:levels": "34", "name": "2栋", "name:en": "Block 2", "name:zh": "2栋"}, "heightStatus": "levels_only_unverified", "source": "OpenStreetMap", "license": "ODbL-1.0"}, "geometry": {"type": "MultiPolygon", "coordinates": [[[[114.0577162, 22.5187665], [114.0577829, 22.5187432], [114.057775, 22.5187239], [114.0577932, 22.5187176], [114.0577858, 22.5186994], [114.0578784, 22.5186671], [114.0578858, 22.5186852], [114.057904, 22.5186789], [114.0579108, 22.5186957], [114.05798, 22.5187245], [114.0579981, 22.5187181], [114.058005, 22.5187349], [114.0580246, 22.5187281], [114.0580597, 22.5188136], [114.05804, 22.5188204], [114.0580469, 22.5188372], [114.0580261, 22.5188445], [114.0580513, 22.5189061], [114.0579791, 22.5189314], [114.0579627, 22.5188914], [114.0579449, 22.5189278], [114.057769, 22.5188544], [114.0577868, 22.518818], [114.0577435, 22.5188332], [114.0577162, 22.5187665]]]]}}, {"type": "Feature", "id": "way/1333009587", "properties": {"tags": {"addr:housename": "骏皇名居", "addr:housename:en": "Junhuang Mingju", "addr:housename:zh": "骏皇名居", "building": "apartments", "building:levels": "34", "name": "3栋", "name:en": "Block 3", "name:zh": "3栋"}, "heightStatus": "levels_only_unverified", "source": "OpenStreetMap", "license": "ODbL-1.0"}, "geometry": {"type": "MultiPolygon", "coordinates": [[[[114.0581727, 22.5189471], [114.0582395, 22.518924], [114.0582317, 22.5189048], [114.0582499, 22.5188985], [114.0582425, 22.5188803], [114.0583352, 22.5188483], [114.0583426, 22.5188664], [114.0583608, 22.5188601], [114.0583676, 22.518877], [114.0584366, 22.518906], [114.0584548, 22.5188997], [114.0584616, 22.5189165], [114.0584813, 22.5189097], [114.058516, 22.5189954], [114.0584963, 22.5190022], [114.0585031, 22.519019], [114.0584823, 22.5190262], [114.0585072, 22.5190879], [114.0584349, 22.5191129], [114.0584187, 22.5190728], [114.0584008, 22.5191092], [114.0582252, 22.5190353], [114.0582431, 22.5189989], [114.0581997, 22.5190139], [114.0581727, 22.5189471]]]]}}, {"type": "Feature", "id": "way/1333009588", "properties": {"tags": {"addr:housename": "金港豪庭", "addr:housename:zh": "金港豪庭", "building": "apartments", "building:levels": "32", "name": "E座", "name:zh": "E座"}, "heightStatus": "levels_only_unverified", "source": "OpenStreetMap", "license": "ODbL-1.0"}, "geometry": {"type": "MultiPolygon", "coordinates": [[[[114.0600022, 22.5214685], [114.0600691, 22.5214317], [114.0600436, 22.5213922], [114.06011, 22.5213397], [114.0601431, 22.521391], [114.0602099, 22.5213542], [114.0602966, 22.5214888], [114.0602298, 22.5215255], [114.0602611, 22.5215741], [114.0601871, 22.5216148], [114.0601558, 22.5215662], [114.0600889, 22.521603], [114.0600022, 22.5214685]]]]}}, {"type": "Feature", "id": "way/1333028490", "properties": {"tags": {"addr:housename": "凯悦绿城", "building": "apartments", "name": "A栋", "name:zh": "A栋"}, "heightStatus": "unknown", "source": "OpenStreetMap", "license": "ODbL-1.0"}, "geometry": {"type": "MultiPolygon", "coordinates": [[[[114.0566817, 22.5201135], [114.0566825, 22.520008], [114.0569533, 22.5200097], [114.0569526, 22.5201152], [114.0566817, 22.5201135]]]]}}, {"type": "Feature", "id": "way/1333028491", "properties": {"tags": {"addr:housename": "凯悦绿城", "building": "apartments", "name": "B栋", "name:zh": "B栋"}, "heightStatus": "unknown", "source": "OpenStreetMap", "license": "ODbL-1.0"}, "geometry": {"type": "MultiPolygon", "coordinates": [[[[114.0566661, 22.5205598], [114.0566681, 22.5204339], [114.056751, 22.520435], [114.0567522, 22.5203579], [114.0568766, 22.5203595], [114.0568756, 22.5204286], [114.0569521, 22.5204296], [114.0569501, 22.5205653], [114.0568374, 22.5205639], [114.0568384, 22.5205021], [114.0567637, 22.5205011], [114.0567628, 22.5205611], [114.0566661, 22.5205598]]]]}}, {"type": "Feature", "id": "way/1333028492", "properties": {"tags": {"addr:housename": "云顶翠峰", "addr:housename:zh": "云顶翠峰", "building": "apartments", "building:levels": "31", "name": "5栋", "name:zh": "5栋"}, "heightStatus": "levels_only_unverified", "source": "OpenStreetMap", "license": "ODbL-1.0"}, "geometry": {"type": "MultiPolygon", "coordinates": [[[[114.0559717, 22.5203636], [114.0560281, 22.5202269], [114.0561482, 22.5202692], [114.0561887, 22.5201709], [114.0562849, 22.5202048], [114.0561539, 22.5205224], [114.0560578, 22.5204886], [114.0560919, 22.5204058], [114.0559717, 22.5203636]]]]}}, {"type": "Feature", "id": "way/1333028493", "properties": {"tags": {"addr:housename": "云顶翠峰", "addr:housename:zh": "云顶翠峰", "building": "apartments", "building:levels": "31", "name": "4栋", "name:zh": "4栋"}, "heightStatus": "levels_only_unverified", "source": "OpenStreetMap", "license": "ODbL-1.0"}, "geometry": {"type": "MultiPolygon", "coordinates": [[[[114.0559785, 22.5198376], [114.0561014, 22.5198026], [114.0560673, 22.5197003], [114.056126, 22.5196688], [114.0561311, 22.5196842], [114.0561662, 22.5196742], [114.0562745, 22.5199991], [114.0561762, 22.520027], [114.056148, 22.5199424], [114.0560251, 22.5199774], [114.0559785, 22.5198376]]]]}}, {"type": "Feature", "id": "way/1333028494", "properties": {"tags": {"addr:housename": "云顶翠峰", "addr:housename:zh": "云顶翠峰", "building": "apartments", "building:levels": "31", "name": "3栋", "name:zh": "3栋"}, "heightStatus": "levels_only_unverified", "source": "OpenStreetMap", "license": "ODbL-1.0"}, "geometry": {"type": "MultiPolygon", "coordinates": [[[[114.0557858, 22.519597], [114.0558795, 22.5195156], [114.0558139, 22.5194511], [114.0558889, 22.519386], [114.0561408, 22.5196338], [114.056114, 22.519657], [114.056126, 22.5196688], [114.0560673, 22.5197003], [114.0559879, 22.5196222], [114.0558942, 22.5197036], [114.0557858, 22.519597]]]]}}, {"type": "Feature", "id": "way/1338561346", "properties": {"tags": {"building": "train_station", "building:levels": "0", "building:levels:underground": "2", "layer": "-1", "location": "underground", "name": "皇岗村站", "name:en": "Huanggangcun Station", "name:zh": "皇岗村站", "start_date": "2016-10-28", "wikidata": "Q27685097", "wikipedia": "zh:皇岗村站"}, "heightStatus": "levels_only_unverified", "source": "OpenStreetMap", "license": "ODbL-1.0"}, "geometry": {"type": "MultiPolygon", "coordinates": [[[[114.0529463, 22.5260302], [114.0529468, 22.5259802], [114.053313, 22.5259833], [114.053315, 22.52578], [114.0537543, 22.5257838], [114.0537554, 22.5256731], [114.0533427, 22.5256696], [114.0533433, 22.5256189], [114.053917, 22.5256239], [114.0539164, 22.525685], [114.0538244, 22.5256842], [114.0538234, 22.5257841], [114.0548858, 22.5257932], [114.0548865, 22.5257244], [114.0548549, 22.5257241], [114.0548556, 22.525652], [114.0550549, 22.5256537], [114.0550535, 22.5257979], [114.0551895, 22.5257991], [114.0551908, 22.5256663], [114.0553785, 22.5256679], [114.0553771, 22.5258041], [114.0555585, 22.5258057], [114.0555591, 22.5257399], [114.0554465, 22.5257389], [114.0554471, 22.5256796], [114.0559347, 22.5256838], [114.0559342, 22.5257354], [114.0556298, 22.5257328], [114.0556291, 22.5258097], [114.0560117, 22.525813], [114.0560098, 22.5259953], [114.0559436, 22.5259947], [114.0559432, 22.5260314], [114.0562553, 22.5260341], [114.0562547, 22.52609], [114.0557493, 22.5260856], [114.0557499, 22.5260229], [114.0558737, 22.5260239], [114.0558741, 22.5259877], [114.0547591, 22.5259781], [114.054759, 22.5259905], [114.0552077, 22.5259943], [114.0552073, 22.5260332], [114.0547102, 22.5260289], [114.0547107, 22.5259771], [114.0533788, 22.5259657], [114.0533781, 22.5260339], [114.0529463, 22.5260302]]]]}}, {"type": "Feature", "id": "way/1341482393", "properties": {"tags": {"building": "roof", "layer": "1"}, "heightStatus": "unknown", "source": "OpenStreetMap", "license": "ODbL-1.0"}, "geometry": {"type": "MultiPolygon", "coordinates": [[[[114.0625312, 22.524645], [114.0625656, 22.5244567], [114.0626342, 22.5244649], [114.062666, 22.5243199], [114.0627003, 22.5243007], [114.0627345, 22.5243158], [114.0627422, 22.5243447], [114.0627143, 22.5244972], [114.0627499, 22.5245581], [114.062767, 22.5245921], [114.062761, 22.5246505], [114.0627345, 22.5247766], [114.062711, 22.5247935], [114.062685, 22.5247943], [114.0626562, 22.5247793], [114.0626539, 22.5247534], [114.0626714, 22.5246662], [114.0625312, 22.524645]]]]}}, {"type": "Feature", "id": "way/1424632143", "properties": {"tags": {"building": "commercial", "building:levels": "2", "height": "10", "name": "时代广场", "shop": "mall"}, "heightStatus": "height_tag_unverified", "source": "OpenStreetMap", "license": "ODbL-1.0"}, "geometry": {"type": "MultiPolygon", "coordinates": [[[[114.0609414, 22.5225737], [114.060979, 22.5224341], [114.0610748, 22.5220777], [114.0610973, 22.5220829], [114.0611178, 22.5220066], [114.0611376, 22.5219819], [114.0611626, 22.5219617], [114.0611917, 22.5219469], [114.0612235, 22.5219382], [114.0612567, 22.5219359], [114.0612896, 22.5219402], [114.0613207, 22.5219508], [114.0613487, 22.5219674], [114.0616791, 22.5222184], [114.0617511, 22.5223262], [114.0617183, 22.5224482], [114.0614342, 22.522383], [114.0614089, 22.5224771], [114.0613043, 22.5224531], [114.0612527, 22.5226452], [114.0609414, 22.5225737]]]]}}, {"type": "Feature", "id": "way/1429996032", "properties": {"tags": {"addr:housename": "江南名苑", "addr:housename:en": "Jiangnan Mingyuan", "addr:housename:zh": "江南名苑", "building": "apartments", "building:levels": "18", "name": "B栋", "name:zh": "B栋"}, "heightStatus": "levels_only_unverified", "source": "OpenStreetMap", "license": "ODbL-1.0"}, "geometry": {"type": "MultiPolygon", "coordinates": [[[[114.0561144, 22.518263], [114.0561652, 22.5182177], [114.0561352, 22.518189], [114.0561297, 22.5181786], [114.0561319, 22.5181673], [114.0561408, 22.5181593], [114.0561532, 22.5181577], [114.0561642, 22.5181631], [114.0561775, 22.5181758], [114.0562067, 22.5181497], [114.0561886, 22.5180813], [114.0563374, 22.5180476], [114.0563556, 22.518116], [114.0563945, 22.5181266], [114.0563999, 22.5181097], [114.056407, 22.5181002], [114.0564188, 22.5180963], [114.0564307, 22.5180996], [114.0564383, 22.5181088], [114.0564387, 22.5181203], [114.0564264, 22.5181586], [114.0564941, 22.518177], [114.0564648, 22.5182689], [114.0563847, 22.518247], [114.0562465, 22.5182783], [114.0561864, 22.5183319], [114.0561144, 22.518263]]]]}}, {"type": "Feature", "id": "way/1429996033", "properties": {"tags": {"addr:housename": "江南名苑", "addr:housename:en": "Jiangnan Mingyuan", "addr:housename:zh": "江南名苑", "building": "apartments", "building:levels": "18", "name": "A栋", "name:zh": "A栋"}, "heightStatus": "levels_only_unverified", "source": "OpenStreetMap", "license": "ODbL-1.0"}, "geometry": {"type": "MultiPolygon", "coordinates": [[[[114.0564648, 22.5182689], [114.0564941, 22.518177], [114.0565618, 22.5181955], [114.0565741, 22.5181573], [114.0565811, 22.5181477], [114.0565929, 22.5181439], [114.0566049, 22.5181472], [114.0566125, 22.5181563], [114.0566128, 22.5181678], [114.0566074, 22.5181848], [114.0566464, 22.5181954], [114.0567018, 22.5181471], [114.0568069, 22.5182501], [114.0567515, 22.5182984], [114.0567607, 22.518335], [114.0567792, 22.518331], [114.0567917, 22.518332], [114.0568011, 22.5183395], [114.056804, 22.5183508], [114.0567991, 22.5183614], [114.0567884, 22.5183674], [114.0567463, 22.5183764], [114.0567623, 22.5184399], [114.0566613, 22.5184615], [114.0566424, 22.5183864], [114.0565449, 22.5182907], [114.0564648, 22.5182689]]]]}}, {"type": "Feature", "id": "way/1430001471", "properties": {"tags": {"addr:housename": "福民大厦", "addr:housename:en": "Fumin Building", "addr:housename:zh": "福民大厦", "building": "apartments", "building:levels": "30", "layer": "1", "name": "B座", "name:en": "Block B", "name:zh": "B座"}, "heightStatus": "levels_only_unverified", "source": "OpenStreetMap", "license": "ODbL-1.0"}, "geometry": {"type": "MultiPolygon", "coordinates": [[[[114.0636835, 22.5252452], [114.0636864, 22.5250883], [114.0638029, 22.5250902], [114.063804, 22.5250313], [114.0639622, 22.5250338], [114.0639612, 22.5250923], [114.0640775, 22.5250942], [114.0640751, 22.5252511], [114.0639577, 22.5252492], [114.0639566, 22.5253081], [114.0637984, 22.5253056], [114.0637995, 22.525247], [114.0636835, 22.5252452]]]]}}, {"type": "Feature", "id": "way/1430001472", "properties": {"tags": {"addr:housename": "福民大厦", "addr:housename:en": "Fumin Building", "addr:housename:zh": "福民大厦", "building": "apartments", "building:levels": "30", "layer": "1", "name": "A座", "name:en": "Block A", "name:zh": "A座"}, "heightStatus": "levels_only_unverified", "source": "OpenStreetMap", "license": "ODbL-1.0"}, "geometry": {"type": "MultiPolygon", "coordinates": [[[[114.0636741, 22.52568], [114.063677, 22.5255231], [114.0637944, 22.525525], [114.0637955, 22.5254661], [114.0639537, 22.5254686], [114.0639526, 22.5255272], [114.0640686, 22.525529], [114.0640662, 22.5256859], [114.0639492, 22.525684], [114.0639481, 22.5257429], [114.0637899, 22.5257404], [114.0637909, 22.5256818], [114.0636741, 22.52568]]]]}}, {"type": "Feature", "id": "way/1430001477", "properties": {"tags": {"addr:housename": "福民新村", "addr:housename:en": "Fumin Xincun", "addr:housename:zh": "福民新村", "building": "apartments", "name": "14栋", "name:zh": "14栋"}, "heightStatus": "unknown", "source": "OpenStreetMap", "license": "ODbL-1.0"}, "geometry": {"type": "MultiPolygon", "coordinates": [[[[114.0635532, 22.526596], [114.0635539, 22.52656], [114.0636084, 22.5265609], [114.0636091, 22.5265276], [114.0636307, 22.5265279], [114.0636312, 22.5265013], [114.0635934, 22.5265007], [114.0635939, 22.5264691], [114.0636034, 22.5264692], [114.0636041, 22.526432], [114.0637533, 22.5264344], [114.0637526, 22.5264716], [114.0637621, 22.5264718], [114.0637615, 22.5265034], [114.0637236, 22.5265027], [114.0637231, 22.5265294], [114.0637448, 22.5265298], [114.0637441, 22.526563], [114.0637987, 22.5265639], [114.063798, 22.5265999], [114.063784, 22.5265996], [114.0637836, 22.5266215], [114.0637278, 22.5266206], [114.0637281, 22.5266054], [114.0636229, 22.5266037], [114.0636226, 22.5266189], [114.0635668, 22.526618], [114.0635672, 22.5265962], [114.0635532, 22.526596]]]]}}, {"type": "Feature", "id": "way/1430001478", "properties": {"tags": {"addr:housename": "福民新村", "addr:housename:en": "Fumin Xincun", "addr:housename:zh": "福民新村", "building": "apartments", "name": "13栋", "name:zh": "13栋"}, "heightStatus": "unknown", "source": "OpenStreetMap", "license": "ODbL-1.0"}, "geometry": {"type": "MultiPolygon", "coordinates": [[[[114.0634969, 22.5262144], [114.0634976, 22.5261784], [114.0635521, 22.5261793], [114.0635527, 22.526146], [114.0635744, 22.5261464], [114.0635749, 22.5261197], [114.063537, 22.5261191], [114.0635376, 22.5260875], [114.063547, 22.5260877], [114.0635477, 22.5260505], [114.063697, 22.5260529], [114.0636963, 22.5260901], [114.0637057, 22.5260902], [114.0637051, 22.5261218], [114.0636673, 22.5261212], [114.0636668, 22.5261479], [114.0636884, 22.5261482], [114.0636878, 22.5261815], [114.0637424, 22.5261824], [114.0637417, 22.5262183], [114.0637277, 22.5262181], [114.0637273, 22.52624], [114.0636715, 22.5262391], [114.0636717, 22.5262238], [114.0635666, 22.5262221], [114.0635663, 22.5262374], [114.0635105, 22.5262365], [114.0635109, 22.5262146], [114.0634969, 22.5262144]]]]}}, {"type": "Feature", "id": "way/1430001490", "properties": {"tags": {"addr:housename": "福民新村", "addr:housename:en": "Fumin Xincun", "addr:housename:zh": "福民新村", "building": "apartments", "name": "15栋", "name:zh": "15栋"}, "heightStatus": "unknown", "source": "OpenStreetMap", "license": "ODbL-1.0"}, "geometry": {"type": "MultiPolygon", "coordinates": [[[[114.0634859, 22.5268469], [114.0634872, 22.5267799], [114.063985, 22.5267878], [114.0639838, 22.5268548], [114.0639643, 22.5268545], [114.0639639, 22.5268754], [114.0638369, 22.5268734], [114.0638373, 22.5268525], [114.0637984, 22.5268519], [114.063798, 22.5268728], [114.0636709, 22.5268707], [114.0636713, 22.5268498], [114.0636324, 22.5268492], [114.063632, 22.5268701], [114.063505, 22.5268681], [114.0635054, 22.5268472], [114.0634859, 22.5268469]]]]}}, {"type": "Feature", "id": "way/1430001495", "properties": {"tags": {"addr:housename": "福民新村", "addr:housename:en": "Fumin Xincun", "addr:housename:zh": "福民新村", "building": "apartments", "name": "37栋", "name:zh": "37栋"}, "heightStatus": "unknown", "source": "OpenStreetMap", "license": "ODbL-1.0"}, "geometry": {"type": "MultiPolygon", "coordinates": [[[[114.0629863, 22.5227108], [114.0630011, 22.5227054], [114.0629865, 22.5226716], [114.0630134, 22.5226617], [114.0630093, 22.5226521], [114.0630853, 22.5226243], [114.0630894, 22.5226339], [114.0631163, 22.522624], [114.0631309, 22.5226579], [114.0631456, 22.5226525], [114.0631726, 22.5227156], [114.0630134, 22.5227739], [114.0629863, 22.5227108]]]]}}, {"type": "Feature", "id": "way/1430001496", "properties": {"tags": {"addr:housename": "福民新村", "addr:housename:en": "Fumin Xincun", "addr:housename:zh": "福民新村", "building": "apartments", "name": "36栋", "name:zh": "36栋"}, "heightStatus": "unknown", "source": "OpenStreetMap", "license": "ODbL-1.0"}, "geometry": {"type": "MultiPolygon", "coordinates": [[[[114.063084, 22.5229497], [114.0630987, 22.5229443], [114.0630842, 22.5229104], [114.0631111, 22.5229006], [114.0631069, 22.5228909], [114.0631829, 22.5228631], [114.0631871, 22.5228727], [114.063214, 22.5228629], [114.0632285, 22.5228968], [114.063258, 22.522886], [114.0632434, 22.5228521], [114.0632703, 22.5228423], [114.0632662, 22.5228326], [114.0633422, 22.5228048], [114.0633463, 22.5228144], [114.0633732, 22.5228046], [114.0633878, 22.5228385], [114.0634172, 22.5228277], [114.0634027, 22.5227938], [114.0634296, 22.522784], [114.0634255, 22.5227743], [114.0635015, 22.5227465], [114.0635056, 22.5227561], [114.0635325, 22.5227463], [114.0635471, 22.5227802], [114.0635618, 22.5227748], [114.0635888, 22.5228378], [114.063111, 22.5230127], [114.063084, 22.5229497]]]]}}, {"type": "Feature", "id": "way/1430001497", "properties": {"tags": {"addr:housename": "福民新村", "addr:housename:en": "Fumin Xincun", "addr:housename:zh": "福民新村", "building": "apartments", "name": "38栋", "name:zh": "38栋"}, "heightStatus": "unknown", "source": "OpenStreetMap", "license": "ODbL-1.0"}, "geometry": {"type": "MultiPolygon", "coordinates": [[[[114.062988, 22.5224819], [114.0630093, 22.5223804], [114.0635461, 22.5224768], [114.0635247, 22.5225783], [114.062988, 22.5224819]]]]}}, {"type": "Feature", "id": "way/1430001498", "properties": {"tags": {"addr:housename": "福民新村", "addr:housename:en": "Fumin Xincun", "addr:housename:zh": "福民新村", "building": "apartments", "name": "39栋", "name:zh": "39栋"}, "heightStatus": "unknown", "source": "OpenStreetMap", "license": "ODbL-1.0"}, "geometry": {"type": "MultiPolygon", "coordinates": [[[[114.0630389, 22.522227], [114.0630603, 22.5221255], [114.063597, 22.5222218], [114.0635757, 22.5223233], [114.0630389, 22.522227]]]]}}, {"type": "Feature", "id": "way/1430001499", "properties": {"tags": {"addr:housename": "福民新村", "addr:housename:en": "Fumin Xincun", "addr:housename:zh": "福民新村", "building": "apartments", "name": "35栋", "name:zh": "35栋"}, "heightStatus": "unknown", "source": "OpenStreetMap", "license": "ODbL-1.0"}, "geometry": {"type": "MultiPolygon", "coordinates": [[[[114.0631817, 22.5231346], [114.0636394, 22.522967], [114.0636843, 22.5230715], [114.0632265, 22.5232391], [114.0631817, 22.5231346]]]]}}, {"type": "Feature", "id": "way/1430001500", "properties": {"tags": {"addr:housename": "福民新村", "addr:housename:en": "Fumin Xincun", "addr:housename:zh": "福民新村", "building": "apartments", "name": "33栋", "name:zh": "33栋"}, "heightStatus": "unknown", "source": "OpenStreetMap", "license": "ODbL-1.0"}, "geometry": {"type": "MultiPolygon", "coordinates": [[[[114.0633375, 22.5236365], [114.0633747, 22.5236261], [114.0633711, 22.523615], [114.0634627, 22.5235894], [114.0634663, 22.5236005], [114.0635407, 22.5235797], [114.0635371, 22.5235686], [114.0636287, 22.523543], [114.0636323, 22.523554], [114.0637068, 22.5235332], [114.0637031, 22.5235221], [114.0637947, 22.5234965], [114.0637983, 22.5235076], [114.0638355, 22.5234972], [114.0638588, 22.5235679], [114.0638401, 22.5235731], [114.063843, 22.523582], [114.0637143, 22.523618], [114.0637113, 22.5236092], [114.0636741, 22.5236196], [114.063677, 22.5236284], [114.0635482, 22.5236645], [114.0635453, 22.5236556], [114.0635081, 22.523666], [114.063511, 22.5236749], [114.0633822, 22.5237109], [114.0633793, 22.5237021], [114.0633607, 22.5237073], [114.0633375, 22.5236365]]]]}}, {"type": "Feature", "id": "way/1430001501", "properties": {"tags": {"addr:housename": "福民新村", "addr:housename:en": "Fumin Xincun", "addr:housename:zh": "福民新村", "building": "apartments", "name": "34栋", "name:zh": "34栋"}, "heightStatus": "unknown", "source": "OpenStreetMap", "license": "ODbL-1.0"}, "geometry": {"type": "MultiPolygon", "coordinates": [[[[114.0632665, 22.5233911], [114.0633027, 22.5233778], [114.0632981, 22.5233671], [114.063387, 22.5233345], [114.0633916, 22.5233453], [114.0634639, 22.5233188], [114.0634593, 22.5233081], [114.0635483, 22.5232755], [114.0635529, 22.5232862], [114.0636252, 22.5232598], [114.0636206, 22.523249], [114.0637095, 22.5232165], [114.0637142, 22.5232272], [114.0637503, 22.523214], [114.0637798, 22.5232827], [114.0637617, 22.5232893], [114.0637654, 22.5232979], [114.0636403, 22.5233437], [114.0636366, 22.5233351], [114.0636005, 22.5233484], [114.0636041, 22.523357], [114.063479, 22.5234028], [114.0634754, 22.5233942], [114.0634392, 22.5234074], [114.0634429, 22.523416], [114.0633178, 22.5234618], [114.0633141, 22.5234532], [114.063296, 22.5234598], [114.0632665, 22.5233911]]]]}}, {"type": "Feature", "id": "way/1430001502", "properties": {"tags": {"addr:housename": "福民新村", "addr:housename:en": "Fumin Xincun", "addr:housename:zh": "福民新村", "building": "apartments", "name": "32栋", "name:zh": "32栋"}, "heightStatus": "unknown", "source": "OpenStreetMap", "license": "ODbL-1.0"}, "geometry": {"type": "MultiPolygon", "coordinates": [[[[114.0634386, 22.5238885], [114.063477, 22.5238826], [114.0634731, 22.5238612], [114.0635814, 22.5238446], [114.0635853, 22.523866], [114.0636237, 22.5238601], [114.0636356, 22.5239262], [114.0634505, 22.5239546], [114.0634386, 22.5238885]]]]}}, {"type": "Feature", "id": "way/1430001503", "properties": {"tags": {"addr:housename": "福民新村", "addr:housename:en": "Fumin Xincun", "addr:housename:zh": "福民新村", "building": "apartments", "name": "31栋", "name:zh": "31栋"}, "heightStatus": "unknown", "source": "OpenStreetMap", "license": "ODbL-1.0"}, "geometry": {"type": "MultiPolygon", "coordinates": [[[[114.0634794, 22.5241401], [114.063518, 22.5241361], [114.0635154, 22.5241145], [114.0636245, 22.5241031], [114.0636272, 22.5241247], [114.0637045, 22.5241166], [114.0637018, 22.524095], [114.0638109, 22.5240836], [114.0638136, 22.5241052], [114.0638909, 22.5240971], [114.0638882, 22.5240755], [114.0639974, 22.5240641], [114.064, 22.5240856], [114.0640387, 22.5240816], [114.0640468, 22.5241482], [114.0634875, 22.5242067], [114.0634794, 22.5241401]]]]}}, {"type": "Feature", "id": "way/1430001504", "properties": {"tags": {"addr:housename": "福民新村", "addr:housename:en": "Fumin Xincun", "addr:housename:zh": "福民新村", "building": "apartments", "name": "30栋", "name:zh": "30栋"}, "heightStatus": "unknown", "source": "OpenStreetMap", "license": "ODbL-1.0"}, "geometry": {"type": "MultiPolygon", "coordinates": [[[[114.0635079, 22.5243895], [114.0635467, 22.5243865], [114.0635448, 22.5243649], [114.0636542, 22.5243565], [114.0636561, 22.5243781], [114.0637337, 22.5243722], [114.0637317, 22.5243506], [114.0638412, 22.5243422], [114.0638431, 22.5243638], [114.0639207, 22.5243578], [114.0639187, 22.5243362], [114.0640282, 22.5243278], [114.0640301, 22.5243494], [114.0640689, 22.5243464], [114.0640749, 22.5244132], [114.063514, 22.5244563], [114.0635079, 22.5243895]]]]}}, {"type": "Feature", "id": "way/1430001505", "properties": {"tags": {"addr:housename": "福民新村", "addr:housename:en": "Fumin Xincun", "addr:housename:zh": "福民新村", "building": "apartments", "name": "29栋", "name:zh": "29栋"}, "heightStatus": "unknown", "source": "OpenStreetMap", "license": "ODbL-1.0"}, "geometry": {"type": "MultiPolygon", "coordinates": [[[[114.0635382, 22.5246385], [114.0635771, 22.5246383], [114.063577, 22.5246166], [114.0636868, 22.5246161], [114.0636869, 22.5246378], [114.0637647, 22.5246375], [114.0637646, 22.5246158], [114.0638744, 22.5246154], [114.0638745, 22.5246371], [114.0639523, 22.5246367], [114.0639522, 22.524615], [114.064062, 22.5246146], [114.0640621, 22.5246363], [114.064101, 22.5246361], [114.0641014, 22.5247031], [114.0635385, 22.5247055], [114.0635382, 22.5246385]]]]}}, {"type": "Feature", "id": "way/1430129380", "properties": {"tags": {"addr:housenumber": "113", "addr:place": "皇岗新村一期", "building": "apartments"}, "heightStatus": "unknown", "source": "OpenStreetMap", "license": "ODbL-1.0"}, "geometry": {"type": "MultiPolygon", "coordinates": [[[[114.055005, 22.5251815], [114.0551377, 22.5251652], [114.0551561, 22.5252931], [114.0550235, 22.5253094], [114.055005, 22.5251815]]]]}}, {"type": "Feature", "id": "way/1430129381", "properties": {"tags": {"addr:housenumber": "114", "addr:place": "皇岗新村一期", "building": "apartments"}, "heightStatus": "unknown", "source": "OpenStreetMap", "license": "ODbL-1.0"}, "geometry": {"type": "MultiPolygon", "coordinates": [[[[114.0549875, 22.5250579], [114.0551202, 22.5250419], [114.0551355, 22.5251499], [114.0550028, 22.5251659], [114.0549875, 22.5250579]]]]}}, {"type": "Feature", "id": "way/1430129382", "properties": {"tags": {"addr:housenumber": "138", "addr:place": "皇岗新村一期", "building": "apartments"}, "heightStatus": "unknown", "source": "OpenStreetMap", "license": "ODbL-1.0"}, "geometry": {"type": "MultiPolygon", "coordinates": [[[[114.0547342, 22.5252165], [114.0548637, 22.5252005], [114.0548821, 22.5253284], [114.0547526, 22.5253443], [114.0547342, 22.5252165]]]]}}, {"type": "Feature", "id": "way/1430129383", "properties": {"tags": {"addr:housenumber": "143", "addr:place": "皇岗新村一期", "building": "apartments"}, "heightStatus": "unknown", "source": "OpenStreetMap", "license": "ODbL-1.0"}, "geometry": {"type": "MultiPolygon", "coordinates": [[[[114.0547192, 22.5251113], [114.0548488, 22.5250956], [114.0548615, 22.5251852], [114.0547319, 22.5252009], [114.0547192, 22.5251113]]]]}}, {"type": "Feature", "id": "way/1430129384", "properties": {"tags": {"building": "apartments"}, "heightStatus": "unknown", "source": "OpenStreetMap", "license": "ODbL-1.0"}, "geometry": {"type": "MultiPolygon", "coordinates": [[[[114.0548586, 22.5250745], [114.0549735, 22.5250606], [114.0549888, 22.5251687], [114.0548739, 22.5251826], [114.0548586, 22.5250745]]]]}}, {"type": "Feature", "id": "way/1430129385", "properties": {"tags": {"addr:housenumber": "137", "addr:place": "皇岗新村一期", "building": "apartments"}, "heightStatus": "unknown", "source": "OpenStreetMap", "license": "ODbL-1.0"}, "geometry": {"type": "MultiPolygon", "coordinates": [[[[114.0548761, 22.5251981], [114.054991, 22.525184], [114.0550094, 22.5253119], [114.0548945, 22.525326], [114.0548761, 22.5251981]]]]}}, {"type": "Feature", "id": "way/1430129386", "properties": {"tags": {"addr:housenumber": "112", "addr:place": "皇岗新村一期", "building": "apartments"}, "heightStatus": "unknown", "source": "OpenStreetMap", "license": "ODbL-1.0"}, "geometry": {"type": "MultiPolygon", "coordinates": [[[[114.055013, 22.5253313], [114.0551457, 22.5253152], [114.055161, 22.5254232], [114.0550283, 22.5254393], [114.055013, 22.5253313]]]]}}, {"type": "Feature", "id": "way/1430129387", "properties": {"tags": {"addr:housenumber": "136", "addr:place": "皇岗新村一期", "building": "apartments"}, "heightStatus": "unknown", "source": "OpenStreetMap", "license": "ODbL-1.0"}, "geometry": {"type": "MultiPolygon", "coordinates": [[[[114.0547421, 22.5253662], [114.0548717, 22.5253506], [114.054887, 22.5254586], [114.0547574, 22.5254743], [114.0547421, 22.5253662]]]]}}, {"type": "Feature", "id": "way/1430129388", "properties": {"tags": {"addr:housenumber": "133", "addr:place": "皇岗新村一期", "building": "apartments"}, "heightStatus": "unknown", "source": "OpenStreetMap", "license": "ODbL-1.0"}, "geometry": {"type": "MultiPolygon", "coordinates": [[[[114.0548841, 22.5253479], [114.054999, 22.525334], [114.0550143, 22.525442], [114.0548994, 22.5254559], [114.0548841, 22.5253479]]]]}}, {"type": "Feature", "id": "way/1430129389", "properties": {"tags": {"addr:housenumber": "111", "addr:place": "皇岗新村一期", "building": "apartments"}, "heightStatus": "unknown", "source": "OpenStreetMap", "license": "ODbL-1.0"}, "geometry": {"type": "MultiPolygon", "coordinates": [[[[114.0550315, 22.5254589], [114.0551642, 22.5254429], [114.0551795, 22.5255509], [114.0550469, 22.5255669], [114.0550315, 22.5254589]]]]}}, {"type": "Feature", "id": "way/1430129390", "properties": {"tags": {"addr:housenumber": "135", "addr:place": "皇岗新村一期", "building": "apartments"}, "heightStatus": "unknown", "source": "OpenStreetMap", "license": "ODbL-1.0"}, "geometry": {"type": "MultiPolygon", "coordinates": [[[[114.0549026, 22.5254755], [114.0550175, 22.5254616], [114.0550329, 22.5255697], [114.0549179, 22.5255836], [114.0549026, 22.5254755]]]]}}, {"type": "Feature", "id": "way/1430129391", "properties": {"tags": {"addr:housename": "承翰·湾尚国际庭玺", "addr:housename:zh": "承翰·湾尚国际庭玺", "building": "commercial", "building:levels": "37", "name": "C座", "name:zh": "C座"}, "heightStatus": "levels_only_unverified", "source": "OpenStreetMap", "license": "ODbL-1.0"}, "geometry": {"type": "MultiPolygon", "coordinates": [[[[114.0581414, 22.520493], [114.0582823, 22.5202313], [114.0586402, 22.5203958], [114.0584992, 22.5206575], [114.0581414, 22.520493]]]]}}, {"type": "Feature", "id": "way/1430129392", "properties": {"tags": {"addr:housename": "承翰·湾尚国际庭玺", "addr:housename:zh": "承翰·湾尚国际庭玺", "building": "apartments", "building:levels": "41", "name": "A座", "name:zh": "A座"}, "heightStatus": "levels_only_unverified", "source": "OpenStreetMap", "license": "ODbL-1.0"}, "geometry": {"type": "MultiPolygon", "coordinates": [[[[114.0566722, 22.5197189], [114.0567117, 22.519628], [114.0566928, 22.519621], [114.0567344, 22.5195251], [114.0571889, 22.5196936], [114.0571042, 22.5198885], [114.0569981, 22.5198492], [114.0570411, 22.5197501], [114.0568252, 22.5196701], [114.0567946, 22.5197405], [114.0567576, 22.5197268], [114.0567487, 22.5197472], [114.0566722, 22.5197189]]]]}}, {"type": "Feature", "id": "way/1430129393", "properties": {"tags": {"addr:housename": "承翰·湾尚国际庭玺", "addr:housename:zh": "承翰·湾尚国际庭玺", "building": "apartments", "building:levels": "41", "name": "B座", "name:zh": "B座"}, "heightStatus": "levels_only_unverified", "source": "OpenStreetMap", "license": "ODbL-1.0"}, "geometry": {"type": "MultiPolygon", "coordinates": [[[[114.0574676, 22.5199679], [114.0575174, 22.5198755], [114.05791, 22.5200559], [114.0577759, 22.5203048], [114.0576517, 22.5202477], [114.057736, 22.5200913], [114.0576238, 22.5200397], [114.0575945, 22.5200941], [114.0575163, 22.5200581], [114.0575456, 22.5200038], [114.0574676, 22.5199679]]]]}}, {"type": "Feature", "id": "way/1430129396", "properties": {"tags": {"addr:housename": "金港豪庭", "addr:housename:zh": "金港豪庭", "building": "apartments", "building:levels": "32", "name": "A座", "name:zh": "A座"}, "heightStatus": "levels_only_unverified", "source": "OpenStreetMap", "license": "ODbL-1.0"}, "geometry": {"type": "MultiPolygon", "coordinates": [[[[114.0590032, 22.521223], [114.0590047, 22.521064], [114.0591019, 22.5210648], [114.0591023, 22.5210217], [114.0592421, 22.5210228], [114.0592416, 22.5210659], [114.059304, 22.5210664], [114.0593032, 22.521146], [114.0593025, 22.5212254], [114.0592401, 22.5212249], [114.0592394, 22.5212976], [114.0590997, 22.5212964], [114.0591004, 22.5212238], [114.0590032, 22.521223]]]]}}, {"type": "Feature", "id": "way/1430129397", "properties": {"tags": {"addr:housename": "金港豪庭", "addr:housename:zh": "金港豪庭", "building": "apartments", "building:levels": "32", "name": "B座", "name:zh": "B座"}, "heightStatus": "levels_only_unverified", "source": "OpenStreetMap", "license": "ODbL-1.0"}, "geometry": {"type": "MultiPolygon", "coordinates": [[[[114.0593032, 22.521146], [114.059304, 22.5210664], [114.0593652, 22.5210669], [114.0593659, 22.5209951], [114.0595354, 22.5209965], [114.0595347, 22.5210683], [114.0595993, 22.5210688], [114.0595837, 22.5211483], [114.059534, 22.5211479], [114.0595333, 22.5212197], [114.0593638, 22.5212184], [114.0593645, 22.5211465], [114.0593032, 22.521146]]]]}}, {"type": "Feature", "id": "way/1430129398", "properties": {"tags": {"addr:housename": "金港豪庭", "addr:housename:zh": "金港豪庭", "building": "apartments", "building:levels": "32", "name": "D座", "name:zh": "D座"}, "heightStatus": "levels_only_unverified", "source": "OpenStreetMap", "license": "ODbL-1.0"}, "geometry": {"type": "MultiPolygon", "coordinates": [[[[114.0598251, 22.5213183], [114.0598748, 22.5212629], [114.0598364, 22.5212336], [114.05988, 22.5211636], [114.0599297, 22.5212017], [114.0599794, 22.5211464], [114.0601099, 22.5212463], [114.0600602, 22.5213016], [114.06011, 22.5213397], [114.0600436, 22.5213922], [114.0600053, 22.5213629], [114.0599556, 22.5214182], [114.0598251, 22.5213183]]]]}}, {"type": "Feature", "id": "way/1430129399", "properties": {"tags": {"addr:housename": "金港豪庭", "addr:housename:zh": "金港豪庭", "building": "apartments", "building:levels": "32", "name": "C座", "name:zh": "C座"}, "heightStatus": "levels_only_unverified", "source": "OpenStreetMap", "license": "ODbL-1.0"}, "geometry": {"type": "MultiPolygon", "coordinates": [[[[114.0595837, 22.5211483], [114.0595993, 22.5210688], [114.0596601, 22.5210893], [114.0596868, 22.5210218], [114.059846, 22.5210756], [114.0598193, 22.5211431], [114.05988, 22.5211636], [114.0598364, 22.5212336], [114.0597897, 22.5212178], [114.059763, 22.5212853], [114.0596038, 22.5212316], [114.0596305, 22.5211641], [114.0595837, 22.5211483]]]]}}, {"type": "Feature", "id": "way/1430129401", "properties": {"tags": {"addr:housename": "水围新家园", "addr:housename:zh": "水围新家园", "building": "apartments", "building:levels": "17", "name": "B栋", "name:zh": "B栋"}, "heightStatus": "levels_only_unverified", "source": "OpenStreetMap", "license": "ODbL-1.0"}, "geometry": {"type": "MultiPolygon", "coordinates": [[[[114.0580923, 22.524342], [114.0580934, 22.5242776], [114.0581566, 22.5242785], [114.0581569, 22.5242599], [114.058118, 22.5242594], [114.058119, 22.5242017], [114.0582802, 22.524204], [114.0582792, 22.5242617], [114.0582403, 22.5242611], [114.0582401, 22.5242749], [114.0582764, 22.5243094], [114.0582913, 22.5243097], [114.0582919, 22.5242737], [114.0583724, 22.5242749], [114.0583711, 22.5243494], [114.0583372, 22.5243489], [114.0583369, 22.5243666], [114.0584096, 22.5243676], [114.0584087, 22.5244244], [114.0581995, 22.5244213], [114.0582009, 22.5243435], [114.0580923, 22.524342]]]]}}, {"type": "Feature", "id": "way/1430129402", "properties": {"tags": {"addr:housename": "水围新家园", "addr:housename:zh": "水围新家园", "building": "apartments", "building:levels": "17", "name": "A栋", "name:zh": "A栋"}, "heightStatus": "levels_only_unverified", "source": "OpenStreetMap", "license": "ODbL-1.0"}, "geometry": {"type": "MultiPolygon", "coordinates": [[[[114.057722, 22.5244139], [114.0577245, 22.524265], [114.057787, 22.5242659], [114.0577864, 22.5243018], [114.0578013, 22.524302], [114.0578387, 22.5242685], [114.0578389, 22.5242548], [114.0578, 22.5242542], [114.057801, 22.5241965], [114.0579622, 22.5241988], [114.0579612, 22.5242565], [114.0579224, 22.524256], [114.057922, 22.5242746], [114.0579852, 22.5242755], [114.0579841, 22.5243399], [114.0578756, 22.5243383], [114.0578741, 22.5244301], [114.0578044, 22.5244291], [114.0578053, 22.5243792], [114.0577851, 22.5243789], [114.0577845, 22.5244148], [114.057722, 22.5244139]]]]}}, {"type": "Feature", "id": "way/1430129403", "properties": {"tags": {"addr:housename": "水围新家园", "addr:housename:zh": "水围新家园", "building": "apartments", "building:levels": "21", "name": "C栋", "name:zh": "C栋"}, "heightStatus": "levels_only_unverified", "source": "OpenStreetMap", "license": "ODbL-1.0"}, "geometry": {"type": "MultiPolygon", "coordinates": [[[[114.0580734, 22.5239366], [114.0580745, 22.5238722], [114.0582115, 22.5238742], [114.0582118, 22.5238556], [114.0581729, 22.523855], [114.0581739, 22.5237973], [114.0583351, 22.5237996], [114.0583341, 22.5238573], [114.0582952, 22.5238568], [114.058295, 22.5238705], [114.0583312, 22.5239051], [114.0583461, 22.5239053], [114.0583467, 22.5238694], [114.0584092, 22.5238703], [114.0584067, 22.5240192], [114.0583442, 22.5240183], [114.0583448, 22.5239823], [114.0583247, 22.5239821], [114.0583238, 22.524032], [114.0582542, 22.524031], [114.0582557, 22.5239392], [114.0580734, 22.5239366]]]]}}, {"type": "Feature", "id": "way/1430129404", "properties": {"tags": {"addr:housename": "水围新家园", "addr:housename:zh": "水围新家园", "building": "apartments", "building:levels": "21", "name": "D栋", "name:zh": "D栋"}, "heightStatus": "levels_only_unverified", "source": "OpenStreetMap", "license": "ODbL-1.0"}, "geometry": {"type": "MultiPolygon", "coordinates": [[[[114.0577374, 22.5240095], [114.0577399, 22.5238606], [114.0578024, 22.5238615], [114.0578018, 22.5238975], [114.0578167, 22.5238977], [114.0578541, 22.5238642], [114.0578543, 22.5238504], [114.0578154, 22.5238499], [114.0578164, 22.5237921], [114.0579776, 22.5237945], [114.0579766, 22.5238522], [114.0579377, 22.5238516], [114.0579374, 22.5238702], [114.0580745, 22.5238722], [114.0580734, 22.5239366], [114.057891, 22.5239339], [114.0578895, 22.5240258], [114.0578198, 22.5240248], [114.0578206, 22.5239748], [114.0578005, 22.5239745], [114.0577999, 22.5240104], [114.0577374, 22.5240095]]]]}}, {"type": "Feature", "id": "way/1430129405", "properties": {"tags": {"building": "commercial", "name": "趣坊二期", "name:zh": "趣坊二期", "shop": "mall"}, "heightStatus": "unknown", "source": "OpenStreetMap", "license": "ODbL-1.0"}, "geometry": {"type": "MultiPolygon", "coordinates": [[[[114.0591504, 22.524921], [114.0593813, 22.524046], [114.0593912, 22.5240086], [114.0594501, 22.5237855], [114.05946, 22.5237481], [114.0595901, 22.5237774], [114.0597623, 22.5238162], [114.0594527, 22.5249891], [114.0591504, 22.524921]]]]}}, {"type": "Feature", "id": "way/1430129406", "properties": {"tags": {"addr:housename": "银庄大厦", "addr:housename:zh": "银庄大厦", "building": "apartments", "building:levels": "28", "layer": "1", "name": "银河阁", "name:zh": "银河阁"}, "heightStatus": "levels_only_unverified", "source": "OpenStreetMap", "license": "ODbL-1.0"}, "geometry": {"type": "MultiPolygon", "coordinates": [[[[114.0590781, 22.5247586], [114.0590863, 22.5247273], [114.0591922, 22.5247511], [114.0591978, 22.5247299], [114.0590919, 22.5247061], [114.0591002, 22.5246747], [114.0591272, 22.5246808], [114.0591327, 22.52466], [114.059161, 22.5246664], [114.0592268, 22.5246295], [114.0592367, 22.5245921], [114.0593668, 22.5246214], [114.0593569, 22.5246588], [114.0593969, 22.5247196], [114.0594252, 22.5247259], [114.0594198, 22.5247467], [114.0594467, 22.5247528], [114.0594385, 22.5247841], [114.0593326, 22.5247603], [114.059327, 22.5247815], [114.0594329, 22.5248054], [114.0594246, 22.5248367], [114.0593976, 22.5248306], [114.0593921, 22.5248514], [114.0593638, 22.524845], [114.059298, 22.5248819], [114.0592881, 22.5249193], [114.059158, 22.52489], [114.0591679, 22.5248526], [114.0591279, 22.5247919], [114.0590996, 22.5247855], [114.059105, 22.5247647], [114.0590781, 22.5247586]]]]}}, {"type": "Feature", "id": "way/1430129407", "properties": {"tags": {"addr:housename": "银庄大厦", "addr:housename:zh": "银庄大厦", "building": "apartments", "building:levels": "32", "layer": "1", "name": "银月阁", "name:zh": "银月阁"}, "heightStatus": "levels_only_unverified", "source": "OpenStreetMap", "license": "ODbL-1.0"}, "geometry": {"type": "MultiPolygon", "coordinates": [[[[114.0591892, 22.5243436], [114.0591975, 22.5243123], [114.0593033, 22.5243361], [114.0593089, 22.5243149], [114.0592031, 22.524291], [114.0592113, 22.5242597], [114.0592383, 22.5242658], [114.0592438, 22.524245], [114.0592721, 22.5242514], [114.0593379, 22.5242144], [114.0593478, 22.5241771], [114.0594779, 22.5242064], [114.059468, 22.5242437], [114.059508, 22.5243045], [114.0595364, 22.5243109], [114.0595309, 22.5243317], [114.0595579, 22.5243377], [114.0595496, 22.5243691], [114.0594437, 22.5243452], [114.0594381, 22.5243665], [114.059544, 22.5243903], [114.0595357, 22.5244216], [114.0595087, 22.5244156], [114.0595033, 22.5244363], [114.0594749, 22.52443], [114.0594091, 22.5244669], [114.0593993, 22.5245043], [114.0592692, 22.524475], [114.059279, 22.5244376], [114.059239, 22.5243768], [114.0592107, 22.5243704], [114.0592162, 22.5243497], [114.0591892, 22.5243436]]]]}}, {"type": "Feature", "id": "way/1430129408", "properties": {"tags": {"addr:housename": "银庄大厦", "addr:housename:zh": "银庄大厦", "building": "apartments", "building:levels": "32", "layer": "1", "name": "银星阁", "name:zh": "银星阁"}, "heightStatus": "levels_only_unverified", "source": "OpenStreetMap", "license": "ODbL-1.0"}, "geometry": {"type": "MultiPolygon", "coordinates": [[[[114.0593013, 22.5239146], [114.0593096, 22.5238833], [114.0594155, 22.5239072], [114.0594211, 22.5238859], [114.0593152, 22.5238621], [114.0593235, 22.5238307], [114.0593505, 22.5238368], [114.059356, 22.523816], [114.0593843, 22.5238224], [114.0594501, 22.5237855], [114.05946, 22.5237481], [114.0595901, 22.5237774], [114.0595802, 22.5238148], [114.0596202, 22.5238756], [114.0596485, 22.5238819], [114.059643, 22.5239027], [114.05967, 22.5239088], [114.0596618, 22.5239401], [114.0595559, 22.5239163], [114.0595503, 22.5239375], [114.0596562, 22.5239614], [114.0596479, 22.5239927], [114.0596209, 22.5239866], [114.0596154, 22.5240074], [114.0595871, 22.524001], [114.0595213, 22.5240379], [114.0595114, 22.5240753], [114.0593813, 22.524046], [114.0593912, 22.5240086], [114.0593512, 22.5239479], [114.0593229, 22.5239415], [114.0593283, 22.5239207], [114.0593013, 22.5239146]]]]}}, {"type": "Feature", "id": "way/1430129414", "properties": {"tags": {"addr:housenumber": "41", "addr:place": "皇岗新村一期", "building": "apartments"}, "heightStatus": "unknown", "source": "OpenStreetMap", "license": "ODbL-1.0"}, "geometry": {"type": "MultiPolygon", "coordinates": [[[[114.0562535, 22.5252476], [114.0562553, 22.5251507], [114.0562894, 22.5251513], [114.0562893, 22.5251615], [114.0563475, 22.5251624], [114.0563461, 22.5252403], [114.0563121, 22.5252398], [114.056312, 22.5252485], [114.0562535, 22.5252476]]]]}}, {"type": "Feature", "id": "way/1430129415", "properties": {"tags": {"addr:housenumber": "48", "addr:place": "皇岗新村一期", "building": "apartments"}, "heightStatus": "unknown", "source": "OpenStreetMap", "license": "ODbL-1.0"}, "geometry": {"type": "MultiPolygon", "coordinates": [[[[114.055981, 22.5254344], [114.0559824, 22.5253565], [114.0560407, 22.5253574], [114.0560409, 22.5253472], [114.0560751, 22.5253478], [114.0560733, 22.5254446], [114.0560147, 22.5254437], [114.0560149, 22.525435], [114.055981, 22.5254344]]]]}}, {"type": "Feature", "id": "way/1430129418", "properties": {"tags": {"addr:housenumber": "88", "addr:place": "皇岗新村一期", "building": "apartments"}, "heightStatus": "unknown", "source": "OpenStreetMap", "license": "ODbL-1.0"}, "geometry": {"type": "MultiPolygon", "coordinates": [[[[114.0553656, 22.5249553], [114.055367, 22.5248774], [114.0554253, 22.5248783], [114.0554255, 22.5248681], [114.0554597, 22.5248686], [114.0554579, 22.5249655], [114.0553993, 22.5249646], [114.0553995, 22.5249558], [114.0553656, 22.5249553]]]]}}, {"type": "Feature", "id": "way/1430129419", "properties": {"tags": {"addr:housenumber": "101", "addr:place": "皇岗新村一期", "building": "apartments"}, "heightStatus": "unknown", "source": "OpenStreetMap", "license": "ODbL-1.0"}, "geometry": {"type": "MultiPolygon", "coordinates": [[[[114.0551493, 22.5249514], [114.0551508, 22.5248735], [114.0552091, 22.5248744], [114.0552093, 22.5248642], [114.0552434, 22.5248647], [114.0552416, 22.5249616], [114.0551831, 22.5249607], [114.0551833, 22.5249519], [114.0551493, 22.5249514]]]]}}, {"type": "Feature", "id": "way/1430129420", "properties": {"tags": {"addr:housenumber": "70", "addr:place": "皇岗新村一期", "building": "apartments"}, "heightStatus": "unknown", "source": "OpenStreetMap", "license": "ODbL-1.0"}, "geometry": {"type": "MultiPolygon", "coordinates": [[[[114.0555815, 22.5249586], [114.055583, 22.5248807], [114.0556412, 22.5248817], [114.0556414, 22.5248714], [114.0556756, 22.524872], [114.0556738, 22.5249688], [114.0556153, 22.5249679], [114.0556154, 22.5249592], [114.0555815, 22.5249586]]]]}}, {"type": "Feature", "id": "way/1430129421", "properties": {"tags": {"addr:housenumber": "86", "addr:place": "皇岗新村一期", "building": "apartments"}, "heightStatus": "unknown", "source": "OpenStreetMap", "license": "ODbL-1.0"}, "geometry": {"type": "MultiPolygon", "coordinates": [[[[114.055383, 22.5251114], [114.0553845, 22.5250335], [114.0554428, 22.5250344], [114.0554429, 22.5250242], [114.0554771, 22.5250247], [114.0554753, 22.5251216], [114.0554168, 22.5251207], [114.0554169, 22.5251119], [114.055383, 22.5251114]]]]}}, {"type": "Feature", "id": "way/1430129422", "properties": {"tags": {"addr:housenumber": "104", "addr:place": "皇岗新村一期", "building": "apartments"}, "heightStatus": "unknown", "source": "OpenStreetMap", "license": "ODbL-1.0"}, "geometry": {"type": "MultiPolygon", "coordinates": [[[[114.0551668, 22.5251075], [114.0551682, 22.5250296], [114.0552265, 22.5250305], [114.0552267, 22.5250203], [114.0552609, 22.5250208], [114.0552591, 22.5251177], [114.0552005, 22.5251167], [114.0552007, 22.525108], [114.0551668, 22.5251075]]]]}}, {"type": "Feature", "id": "way/1430129423", "properties": {"tags": {"addr:housenumber": "72", "addr:place": "皇岗新村一期", "building": "apartments"}, "heightStatus": "unknown", "source": "OpenStreetMap", "license": "ODbL-1.0"}, "geometry": {"type": "MultiPolygon", "coordinates": [[[[114.0555989, 22.5251147], [114.0556004, 22.5250368], [114.0556587, 22.5250377], [114.0556589, 22.5250275], [114.055693, 22.525028], [114.0556912, 22.5251249], [114.0556327, 22.525124], [114.0556329, 22.5251153], [114.0555989, 22.5251147]]]]}}, {"type": "Feature", "id": "way/1430129424", "properties": {"tags": {"addr:housenumber": "84", "addr:place": "皇岗新村一期", "building": "apartments"}, "heightStatus": "unknown", "source": "OpenStreetMap", "license": "ODbL-1.0"}, "geometry": {"type": "MultiPolygon", "coordinates": [[[[114.0554152, 22.5252576], [114.0554166, 22.5251796], [114.0554749, 22.5251806], [114.0554751, 22.5251703], [114.0555093, 22.5251709], [114.0555075, 22.5252678], [114.055449, 22.5252668], [114.0554491, 22.5252581], [114.0554152, 22.5252576]]]]}}, {"type": "Feature", "id": "way/1430129425", "properties": {"tags": {"addr:housenumber": "106", "addr:place": "皇岗新村一期", "building": "apartments"}, "heightStatus": "unknown", "source": "OpenStreetMap", "license": "ODbL-1.0"}, "geometry": {"type": "MultiPolygon", "coordinates": [[[[114.0551989, 22.5252536], [114.0552004, 22.5251757], [114.0552587, 22.5251767], [114.0552589, 22.5251664], [114.0552931, 22.525167], [114.0552912, 22.5252639], [114.0552327, 22.5252629], [114.0552329, 22.5252542], [114.0551989, 22.5252536]]]]}}, {"type": "Feature", "id": "way/1430129426", "properties": {"tags": {"addr:housenumber": "74", "addr:place": "皇岗新村一期", "building": "apartments"}, "heightStatus": "unknown", "source": "OpenStreetMap", "license": "ODbL-1.0"}, "geometry": {"type": "MultiPolygon", "coordinates": [[[[114.0556311, 22.5252609], [114.0556326, 22.525183], [114.0556909, 22.5251839], [114.0556911, 22.5251737], [114.0557252, 22.5251742], [114.0557234, 22.5252711], [114.0556649, 22.5252702], [114.0556651, 22.5252614], [114.0556311, 22.5252609]]]]}}, {"type": "Feature", "id": "way/1430129427", "properties": {"tags": {"addr:housenumber": "81", "addr:place": "皇岗新村一期", "building": "apartments"}, "heightStatus": "unknown", "source": "OpenStreetMap", "license": "ODbL-1.0"}, "geometry": {"type": "MultiPolygon", "coordinates": [[[[114.0554568, 22.5254248], [114.0554582, 22.5253469], [114.0555165, 22.5253478], [114.0555167, 22.5253376], [114.0555509, 22.5253381], [114.0555491, 22.525435], [114.0554905, 22.5254341], [114.0554907, 22.5254253], [114.0554568, 22.5254248]]]]}}, {"type": "Feature", "id": "way/1430129428", "properties": {"tags": {"addr:housenumber": "108", "addr:place": "皇岗新村一期", "building": "apartments"}, "heightStatus": "unknown", "source": "OpenStreetMap", "license": "ODbL-1.0"}, "geometry": {"type": "MultiPolygon", "coordinates": [[[[114.0552405, 22.5254209], [114.055242, 22.525343], [114.0553003, 22.5253439], [114.0553005, 22.5253337], [114.0553346, 22.5253342], [114.0553328, 22.5254311], [114.0552743, 22.5254302], [114.0552745, 22.5254214], [114.0552405, 22.5254209]]]]}}, {"type": "Feature", "id": "way/1430129429", "properties": {"tags": {"addr:housenumber": "76", "addr:place": "皇岗新村一期", "building": "apartments"}, "heightStatus": "unknown", "source": "OpenStreetMap", "license": "ODbL-1.0"}, "geometry": {"type": "MultiPolygon", "coordinates": [[[[114.0556727, 22.5254281], [114.0556741, 22.5253502], [114.0557324, 22.5253512], [114.0557326, 22.5253409], [114.0557668, 22.5253415], [114.055765, 22.5254383], [114.0557065, 22.5254374], [114.0557066, 22.5254287], [114.0556727, 22.5254281]]]]}}, {"type": "Feature", "id": "way/1430129430", "properties": {"tags": {"addr:housenumber": "80", "addr:place": "皇岗新村一期", "building": "apartments"}, "heightStatus": "unknown", "source": "OpenStreetMap", "license": "ODbL-1.0"}, "geometry": {"type": "MultiPolygon", "coordinates": [[[[114.0554452, 22.5255822], [114.0554467, 22.5255043], [114.055505, 22.5255053], [114.0555052, 22.525495], [114.0555393, 22.5254956], [114.0555375, 22.5255925], [114.055479, 22.5255915], [114.0554791, 22.5255828], [114.0554452, 22.5255822]]]]}}, {"type": "Feature", "id": "way/1430129431", "properties": {"tags": {"addr:housenumber": "110", "addr:place": "皇岗新村一期", "building": "apartments"}, "heightStatus": "unknown", "source": "OpenStreetMap", "license": "ODbL-1.0"}, "geometry": {"type": "MultiPolygon", "coordinates": [[[[114.055229, 22.5255783], [114.0552304, 22.5255004], [114.0552887, 22.5255014], [114.0552889, 22.5254911], [114.0553231, 22.5254917], [114.0553213, 22.5255886], [114.0552627, 22.5255876], [114.0552629, 22.5255789], [114.055229, 22.5255783]]]]}}, {"type": "Feature", "id": "way/1430129432", "properties": {"tags": {"addr:housenumber": "78", "addr:place": "皇岗新村一期", "building": "apartments"}, "heightStatus": "unknown", "source": "OpenStreetMap", "license": "ODbL-1.0"}, "geometry": {"type": "MultiPolygon", "coordinates": [[[[114.0556611, 22.5255856], [114.0556626, 22.5255077], [114.0557209, 22.5255086], [114.0557211, 22.5254984], [114.0557553, 22.5254989], [114.0557534, 22.5255958], [114.0556949, 22.5255949], [114.0556951, 22.5255861], [114.0556611, 22.5255856]]]]}}, {"type": "Feature", "id": "way/1430129433", "properties": {"tags": {"addr:housenumber": "46", "addr:place": "皇岗新村一期", "building": "apartments"}, "heightStatus": "unknown", "source": "OpenStreetMap", "license": "ODbL-1.0"}, "geometry": {"type": "MultiPolygon", "coordinates": [[[[114.0558774, 22.5255895], [114.0558788, 22.5255116], [114.0559371, 22.5255125], [114.0559373, 22.5255023], [114.0559715, 22.5255028], [114.0559697, 22.5255997], [114.0559112, 22.5255988], [114.0559113, 22.52559], [114.0558774, 22.5255895]]]]}}, {"type": "Feature", "id": "way/1430129434", "properties": {"tags": {"addr:housenumber": "63", "addr:place": "皇岗新村一期", "building": "apartments"}, "heightStatus": "unknown", "source": "OpenStreetMap", "license": "ODbL-1.0"}, "geometry": {"type": "MultiPolygon", "coordinates": [[[[114.0558264, 22.5244931], [114.0558319, 22.5243963], [114.055866, 22.524398], [114.0558654, 22.5244082], [114.0559237, 22.524411], [114.0559193, 22.5244888], [114.0558854, 22.5244872], [114.0558849, 22.5244959], [114.0558264, 22.5244931]]]]}}, {"type": "Feature", "id": "way/1430129435", "properties": {"tags": {"addr:housenumber": "62", "addr:place": "皇岗新村一期", "building": "apartments"}, "heightStatus": "unknown", "source": "OpenStreetMap", "license": "ODbL-1.0"}, "geometry": {"type": "MultiPolygon", "coordinates": [[[[114.0559505, 22.5244907], [114.0559549, 22.5244129], [114.0560131, 22.5244157], [114.0560137, 22.5244055], [114.0560478, 22.5244071], [114.0560424, 22.5245039], [114.055984, 22.5245011], [114.0559844, 22.5244924], [114.0559505, 22.5244907]]]]}}, {"type": "Feature", "id": "way/1430129436", "properties": {"tags": {"addr:housenumber": "95", "addr:place": "皇岗新村一期", "building": "apartments"}, "heightStatus": "unknown", "source": "OpenStreetMap", "license": "ODbL-1.0"}, "geometry": {"type": "MultiPolygon", "coordinates": [[[[114.0553948, 22.5244721], [114.0554002, 22.5243753], [114.0554344, 22.5243769], [114.0554338, 22.5243871], [114.055492, 22.5243899], [114.0554876, 22.5244677], [114.0554537, 22.5244661], [114.0554533, 22.5244749], [114.0553948, 22.5244721]]]]}}, {"type": "Feature", "id": "way/1430129437", "properties": {"tags": {"addr:housenumber": "93", "addr:place": "皇岗新村一期", "building": "apartments"}, "heightStatus": "unknown", "source": "OpenStreetMap", "license": "ODbL-1.0"}, "geometry": {"type": "MultiPolygon", "coordinates": [[[[114.0556108, 22.5244829], [114.0556162, 22.5243861], [114.0556503, 22.5243877], [114.0556498, 22.524398], [114.055708, 22.5244007], [114.0557036, 22.5244786], [114.0556697, 22.5244769], [114.0556692, 22.5244857], [114.0556108, 22.5244829]]]]}}, {"type": "Feature", "id": "way/1430129438", "properties": {"tags": {"addr:housenumber": "61", "addr:place": "皇岗新村一期", "building": "apartments"}, "heightStatus": "unknown", "source": "OpenStreetMap", "license": "ODbL-1.0"}, "geometry": {"type": "MultiPolygon", "coordinates": [[[[114.0560424, 22.5245039], [114.0560478, 22.5244071], [114.056082, 22.5244088], [114.0560814, 22.524419], [114.0561396, 22.5244218], [114.0561353, 22.5244996], [114.0561014, 22.524498], [114.0561009, 22.5245067], [114.0560424, 22.5245039]]]]}}, {"type": "Feature", "id": "way/1430129439", "properties": {"tags": {"addr:housenumber": "65", "addr:place": "皇岗新村一期", "building": "apartments"}, "heightStatus": "unknown", "source": "OpenStreetMap", "license": "ODbL-1.0"}, "geometry": {"type": "MultiPolygon", "coordinates": [[[[114.0557847, 22.5246481], [114.0557902, 22.5245514], [114.0558243, 22.524553], [114.0558237, 22.5245632], [114.0558819, 22.524566], [114.0558776, 22.5246438], [114.0558437, 22.5246422], [114.0558432, 22.5246509], [114.0557847, 22.5246481]]]]}}, {"type": "Feature", "id": "way/1430129440", "properties": {"tags": {"addr:housenumber": "60", "addr:place": "皇岗新村一期", "building": "apartments"}, "heightStatus": "unknown", "source": "OpenStreetMap", "license": "ODbL-1.0"}, "geometry": {"type": "MultiPolygon", "coordinates": [[[[114.0559088, 22.5246458], [114.0559132, 22.524568], [114.0559714, 22.5245708], [114.055972, 22.5245605], [114.0560061, 22.5245622], [114.0560007, 22.5246589], [114.0559422, 22.5246561], [114.0559427, 22.5246474], [114.0559088, 22.5246458]]]]}}, {"type": "Feature", "id": "way/1430129441", "properties": {"tags": {"addr:housenumber": "98", "addr:place": "皇岗新村一期", "building": "apartments"}, "heightStatus": "unknown", "source": "OpenStreetMap", "license": "ODbL-1.0"}, "geometry": {"type": "MultiPolygon", "coordinates": [[[[114.0553531, 22.5246271], [114.0553585, 22.5245303], [114.0553926, 22.524532], [114.0553921, 22.5245422], [114.0554503, 22.524545], [114.0554459, 22.5246228], [114.055412, 22.5246212], [114.0554115, 22.5246299], [114.0553531, 22.5246271]]]]}}, {"type": "Feature", "id": "way/1430129442", "properties": {"tags": {"addr:housenumber": "91", "addr:place": "皇岗新村一期", "building": "apartments"}, "heightStatus": "unknown", "source": "OpenStreetMap", "license": "ODbL-1.0"}, "geometry": {"type": "MultiPolygon", "coordinates": [[[[114.055569, 22.5246379], [114.0555745, 22.5245411], [114.0556086, 22.5245428], [114.055608, 22.524553], [114.0556663, 22.5245558], [114.0556619, 22.5246336], [114.055628, 22.524632], [114.0556275, 22.5246407], [114.055569, 22.5246379]]]]}}, {"type": "Feature", "id": "way/1430129443", "properties": {"tags": {"addr:housenumber": "59", "addr:place": "皇岗新村一期", "building": "apartments"}, "heightStatus": "unknown", "source": "OpenStreetMap", "license": "ODbL-1.0"}, "geometry": {"type": "MultiPolygon", "coordinates": [[[[114.0560007, 22.5246589], [114.0560061, 22.5245622], [114.0560403, 22.5245638], [114.0560397, 22.524574], [114.0560979, 22.5245768], [114.0560935, 22.5246546], [114.0560596, 22.524653], [114.0560591, 22.5246617], [114.0560007, 22.5246589]]]]}}, {"type": "Feature", "id": "way/1430129444", "properties": {"tags": {"addr:housenumber": "67", "addr:place": "皇岗新村一期", "building": "apartments"}, "heightStatus": "unknown", "source": "OpenStreetMap", "license": "ODbL-1.0"}, "geometry": {"type": "MultiPolygon", "coordinates": [[[[114.0557553, 22.5247979], [114.0557608, 22.5247012], [114.0557949, 22.5247028], [114.0557943, 22.524713], [114.0558525, 22.5247158], [114.0558482, 22.5247936], [114.0558143, 22.524792], [114.0558138, 22.5248007], [114.0557553, 22.5247979]]]]}}, {"type": "Feature", "id": "way/1430129445", "properties": {"tags": {"addr:housenumber": "57", "addr:place": "皇岗新村一期", "building": "apartments"}, "heightStatus": "unknown", "source": "OpenStreetMap", "license": "ODbL-1.0"}, "geometry": {"type": "MultiPolygon", "coordinates": [[[[114.0558794, 22.5247956], [114.0558838, 22.5247178], [114.055942, 22.5247205], [114.0559426, 22.5247103], [114.0559767, 22.524712], [114.0559713, 22.5248087], [114.0559128, 22.5248059], [114.0559133, 22.5247972], [114.0558794, 22.5247956]]]]}}, {"type": "Feature", "id": "way/1430129446", "properties": {"tags": {"addr:housenumber": "99", "addr:place": "皇岗新村一期", "building": "apartments"}, "heightStatus": "unknown", "source": "OpenStreetMap", "license": "ODbL-1.0"}, "geometry": {"type": "MultiPolygon", "coordinates": [[[[114.0553237, 22.5247769], [114.0553291, 22.5246801], [114.0553632, 22.5246818], [114.0553627, 22.524692], [114.0554209, 22.5246948], [114.0554165, 22.5247726], [114.0553826, 22.524771], [114.0553821, 22.5247797], [114.0553237, 22.5247769]]]]}}, {"type": "Feature", "id": "way/1430129447", "properties": {"tags": {"addr:housenumber": "89", "addr:place": "皇岗新村一期", "building": "apartments"}, "heightStatus": "unknown", "source": "OpenStreetMap", "license": "ODbL-1.0"}, "geometry": {"type": "MultiPolygon", "coordinates": [[[[114.0555396, 22.5247877], [114.0555451, 22.5246909], [114.0555792, 22.5246926], [114.0555786, 22.5247028], [114.0556369, 22.5247056], [114.0556325, 22.5247834], [114.0555986, 22.5247818], [114.0555981, 22.5247905], [114.0555396, 22.5247877]]]]}}, {"type": "Feature", "id": "way/1430129448", "properties": {"tags": {"addr:housenumber": "58", "addr:place": "皇岗新村一期", "building": "apartments"}, "heightStatus": "unknown", "source": "OpenStreetMap", "license": "ODbL-1.0"}, "geometry": {"type": "MultiPolygon", "coordinates": [[[[114.0559713, 22.5248087], [114.0559767, 22.524712], [114.0560109, 22.5247136], [114.0560103, 22.5247238], [114.0560685, 22.5247266], [114.0560641, 22.5248044], [114.0560302, 22.5248028], [114.0560297, 22.5248115], [114.0559713, 22.5248087]]]]}}, {"type": "Feature", "id": "way/1430129450", "properties": {"tags": {"addr:housenumber": "188", "addr:place": "皇岗新村一期", "building": "apartments"}, "heightStatus": "unknown", "source": "OpenStreetMap", "license": "ODbL-1.0"}, "geometry": {"type": "MultiPolygon", "coordinates": [[[[114.0542366, 22.5244153], [114.0542409, 22.5243375], [114.0542992, 22.5243403], [114.0542997, 22.5243301], [114.0543339, 22.5243317], [114.0543284, 22.5244285], [114.05427, 22.5244257], [114.0542705, 22.5244169], [114.0542366, 22.5244153]]]]}}, {"type": "Feature", "id": "way/1430129451", "properties": {"tags": {"addr:housenumber": "171", "addr:place": "皇岗新村一期", "building": "apartments"}, "heightStatus": "unknown", "source": "OpenStreetMap", "license": "ODbL-1.0"}, "geometry": {"type": "MultiPolygon", "coordinates": [[[[114.0541584, 22.5247202], [114.0541628, 22.5246424], [114.054221, 22.5246452], [114.0542216, 22.524635], [114.0542557, 22.5246366], [114.0542503, 22.5247334], [114.0541918, 22.5247306], [114.0541923, 22.5247219], [114.0541584, 22.5247202]]]]}}, {"type": "Feature", "id": "way/1430129452", "properties": {"tags": {"addr:housenumber": "170", "addr:place": "皇岗新村一期", "building": "apartments"}, "heightStatus": "unknown", "source": "OpenStreetMap", "license": "ODbL-1.0"}, "geometry": {"type": "MultiPolygon", "coordinates": [[[[114.0541896, 22.5245696], [114.054194, 22.5244918], [114.0542522, 22.5244946], [114.0542528, 22.5244844], [114.0542869, 22.524486], [114.0542815, 22.5245828], [114.054223, 22.52458], [114.0542235, 22.5245712], [114.0541896, 22.5245696]]]]}}, {"type": "Feature", "id": "way/1430129454", "properties": {"tags": {"addr:housenumber": "152", "addr:place": "皇岗新村一期", "building": "apartments"}, "heightStatus": "unknown", "source": "OpenStreetMap", "license": "ODbL-1.0"}, "geometry": {"type": "MultiPolygon", "coordinates": [[[[114.0546773, 22.5244454], [114.0546828, 22.5243486], [114.0547169, 22.5243502], [114.0547163, 22.5243605], [114.0547746, 22.5243632], [114.0547702, 22.5244411], [114.0547363, 22.5244394], [114.0547358, 22.5244482], [114.0546773, 22.5244454]]]]}}, {"type": "Feature", "id": "way/1430129455", "properties": {"tags": {"addr:housenumber": "122", "addr:place": "皇岗新村一期", "building": "apartments"}, "heightStatus": "unknown", "source": "OpenStreetMap", "license": "ODbL-1.0"}, "geometry": {"type": "MultiPolygon", "coordinates": [[[[114.054893, 22.5244556], [114.0548985, 22.5243588], [114.0549326, 22.5243605], [114.054932, 22.5243707], [114.0549902, 22.5243735], [114.0549859, 22.5244513], [114.054952, 22.5244497], [114.0549515, 22.5244584], [114.054893, 22.5244556]]]]}}, {"type": "Feature", "id": "way/1430129456", "properties": {"tags": {"addr:housenumber": "153", "addr:place": "皇岗新村一期", "building": "apartments"}, "heightStatus": "unknown", "source": "OpenStreetMap", "license": "ODbL-1.0"}, "geometry": {"type": "MultiPolygon", "coordinates": [[[[114.0544614, 22.5244346], [114.0544668, 22.5243378], [114.054501, 22.5243394], [114.0545004, 22.5243496], [114.0545586, 22.5243524], [114.0545542, 22.5244302], [114.0545203, 22.5244286], [114.0545198, 22.5244374], [114.0544614, 22.5244346]]]]}}, {"type": "Feature", "id": "way/1430129457", "properties": {"tags": {"addr:housenumber": "151", "addr:place": "皇岗新村一期", "building": "apartments"}, "heightStatus": "unknown", "source": "OpenStreetMap", "license": "ODbL-1.0"}, "geometry": {"type": "MultiPolygon", "coordinates": [[[[114.0545855, 22.5244322], [114.0545899, 22.5243544], [114.0546481, 22.5243572], [114.0546487, 22.524347], [114.0546828, 22.5243486], [114.0546773, 22.5244454], [114.0546189, 22.5244426], [114.0546194, 22.5244338], [114.0545855, 22.5244322]]]]}}, {"type": "Feature", "id": "way/1430129458", "properties": {"tags": {"addr:housenumber": "154", "addr:place": "皇岗新村一期", "building": "apartments"}, "heightStatus": "unknown", "source": "OpenStreetMap", "license": "ODbL-1.0"}, "geometry": {"type": "MultiPolygon", "coordinates": [[[[114.0543695, 22.5244214], [114.0543739, 22.5243436], [114.0544321, 22.5243464], [114.0544327, 22.5243362], [114.0544668, 22.5243378], [114.0544614, 22.5244346], [114.0544029, 22.5244318], [114.0544034, 22.524423], [114.0543695, 22.5244214]]]]}}, {"type": "Feature", "id": "way/1430129459", "properties": {"tags": {"addr:housenumber": "123", "addr:place": "皇岗新村一期", "building": "apartments"}, "heightStatus": "unknown", "source": "OpenStreetMap", "license": "ODbL-1.0"}, "geometry": {"type": "MultiPolygon", "coordinates": [[[[114.0548012, 22.5244424], [114.0548055, 22.5243646], [114.0548638, 22.5243674], [114.0548643, 22.5243572], [114.0548985, 22.5243588], [114.054893, 22.5244556], [114.0548346, 22.5244528], [114.0548351, 22.524444], [114.0548012, 22.5244424]]]]}}, {"type": "Feature", "id": "way/1430129460", "properties": {"tags": {"addr:housenumber": "121", "addr:place": "皇岗新村一期", "building": "apartments"}, "heightStatus": "unknown", "source": "OpenStreetMap", "license": "ODbL-1.0"}, "geometry": {"type": "MultiPolygon", "coordinates": [[[[114.0550171, 22.5244532], [114.0550215, 22.5243754], [114.0550797, 22.5243782], [114.0550803, 22.524368], [114.0551144, 22.5243696], [114.055109, 22.5244664], [114.0550505, 22.5244636], [114.055051, 22.5244549], [114.0550171, 22.5244532]]]]}}, {"type": "Feature", "id": "way/1430129461", "properties": {"tags": {"addr:housenumber": "145", "addr:place": "皇岗新村一期", "building": "apartments"}, "heightStatus": "unknown", "source": "OpenStreetMap", "license": "ODbL-1.0"}, "geometry": {"type": "MultiPolygon", "coordinates": [[[[114.0544196, 22.5249021], [114.054424, 22.5248243], [114.0544822, 22.5248271], [114.0544828, 22.5248169], [114.0545169, 22.5248185], [114.0545115, 22.5249153], [114.054453, 22.5249125], [114.0544535, 22.5249038], [114.0544196, 22.5249021]]]]}}, {"type": "Feature", "id": "way/1430129462", "properties": {"tags": {"addr:housenumber": "159", "addr:place": "皇岗新村一期", "building": "apartments"}, "heightStatus": "unknown", "source": "OpenStreetMap", "license": "ODbL-1.0"}, "geometry": {"type": "MultiPolygon", "coordinates": [[[[114.0542036, 22.5248913], [114.054208, 22.5248135], [114.0542662, 22.5248163], [114.0542668, 22.5248061], [114.054301, 22.5248077], [114.0542955, 22.5249045], [114.0542371, 22.5249017], [114.0542375, 22.524893], [114.0542036, 22.5248913]]]]}}, {"type": "Feature", "id": "way/1430129463", "properties": {"tags": {"addr:housenumber": "129", "addr:place": "皇岗新村一期", "building": "apartments"}, "heightStatus": "unknown", "source": "OpenStreetMap", "license": "ODbL-1.0"}, "geometry": {"type": "MultiPolygon", "coordinates": [[[[114.0546353, 22.5249124], [114.0546397, 22.5248346], [114.0546979, 22.5248374], [114.0546985, 22.5248271], [114.0547326, 22.5248288], [114.0547272, 22.5249255], [114.0546687, 22.5249227], [114.0546692, 22.524914], [114.0546353, 22.5249124]]]]}}, {"type": "Feature", "id": "way/1430129464", "properties": {"tags": {"addr:housenumber": "148", "addr:place": "皇岗新村一期", "building": "apartments"}, "heightStatus": "unknown", "source": "OpenStreetMap", "license": "ODbL-1.0"}, "geometry": {"type": "MultiPolygon", "coordinates": [[[[114.0545073, 22.5247372], [114.0545117, 22.5246593], [114.0545699, 22.5246621], [114.0545705, 22.5246519], [114.0546046, 22.5246535], [114.0545992, 22.5247503], [114.0545407, 22.5247475], [114.0545412, 22.5247388], [114.0545073, 22.5247372]]]]}}, {"type": "Feature", "id": "way/1430129465", "properties": {"tags": {"addr:housenumber": "158", "addr:place": "皇岗新村一期", "building": "apartments"}, "heightStatus": "unknown", "source": "OpenStreetMap", "license": "ODbL-1.0"}, "geometry": {"type": "MultiPolygon", "coordinates": [[[[114.0542914, 22.5247263], [114.0542957, 22.5246485], [114.054354, 22.5246513], [114.0543545, 22.5246411], [114.0543887, 22.5246427], [114.0543832, 22.5247395], [114.0543248, 22.5247367], [114.0543253, 22.524728], [114.0542914, 22.5247263]]]]}}, {"type": "Feature", "id": "way/1430129466", "properties": {"tags": {"addr:housenumber": "126", "addr:place": "皇岗新村一期", "building": "apartments"}, "heightStatus": "unknown", "source": "OpenStreetMap", "license": "ODbL-1.0"}, "geometry": {"type": "MultiPolygon", "coordinates": [[[[114.054723, 22.5247474], [114.0547274, 22.5246696], [114.0547856, 22.5246724], [114.0547862, 22.5246621], [114.0548203, 22.5246638], [114.0548149, 22.5247605], [114.0547564, 22.5247577], [114.0547569, 22.524749], [114.054723, 22.5247474]]]]}}, {"type": "Feature", "id": "way/1430129467", "properties": {"tags": {"addr:housenumber": "116", "addr:place": "皇岗新村一期", "building": "apartments"}, "heightStatus": "unknown", "source": "OpenStreetMap", "license": "ODbL-1.0"}, "geometry": {"type": "MultiPolygon", "coordinates": [[[[114.054939, 22.5247582], [114.0549433, 22.5246804], [114.0550016, 22.5246832], [114.0550021, 22.5246729], [114.0550363, 22.5246746], [114.0550308, 22.5247713], [114.0549724, 22.5247685], [114.0549729, 22.5247598], [114.054939, 22.5247582]]]]}}, {"type": "Feature", "id": "way/1430129468", "properties": {"tags": {"addr:housenumber": "125", "addr:place": "皇岗新村一期", "building": "apartments"}, "heightStatus": "unknown", "source": "OpenStreetMap", "license": "ODbL-1.0"}, "geometry": {"type": "MultiPolygon", "coordinates": [[[[114.0547542, 22.5245967], [114.0547586, 22.5245189], [114.0548168, 22.5245217], [114.0548174, 22.5245115], [114.0548515, 22.5245131], [114.0548461, 22.5246099], [114.0547876, 22.5246071], [114.0547881, 22.5245983], [114.0547542, 22.5245967]]]]}}, {"type": "Feature", "id": "way/1430129469", "properties": {"tags": {"addr:housenumber": "119", "addr:place": "皇岗新村一期", "building": "apartments"}, "heightStatus": "unknown", "source": "OpenStreetMap", "license": "ODbL-1.0"}, "geometry": {"type": "MultiPolygon", "coordinates": [[[[114.0549702, 22.5246075], [114.0549745, 22.5245297], [114.0550328, 22.5245325], [114.0550333, 22.5245223], [114.0550675, 22.5245239], [114.055062, 22.5246207], [114.0550036, 22.5246179], [114.0550041, 22.5246092], [114.0549702, 22.5246075]]]]}}, {"type": "Feature", "id": "way/1430129470", "properties": {"tags": {"addr:housenumber": "149", "addr:place": "皇岗新村一期", "building": "apartments"}, "heightStatus": "unknown", "source": "OpenStreetMap", "license": "ODbL-1.0"}, "geometry": {"type": "MultiPolygon", "coordinates": [[[[114.0545385, 22.5245865], [114.0545429, 22.5245087], [114.0546011, 22.5245115], [114.0546017, 22.5245013], [114.0546358, 22.5245029], [114.0546304, 22.5245997], [114.0545719, 22.5245969], [114.0545724, 22.5245881], [114.0545385, 22.5245865]]]]}}, {"type": "Feature", "id": "way/1430129471", "properties": {"tags": {"addr:housenumber": "155", "addr:place": "皇岗新村一期", "building": "apartments"}, "heightStatus": "unknown", "source": "OpenStreetMap", "license": "ODbL-1.0"}, "geometry": {"type": "MultiPolygon", "coordinates": [[[[114.0543226, 22.5245757], [114.0543269, 22.5244979], [114.0543852, 22.5245007], [114.0543857, 22.5244904], [114.0544199, 22.5244921], [114.0544144, 22.5245888], [114.054356, 22.524586], [114.0543565, 22.5245773], [114.0543226, 22.5245757]]]]}}, {"type": "Feature", "id": "way/1430129475", "properties": {"tags": {"building": "kindergarten"}, "heightStatus": "unknown", "source": "OpenStreetMap", "license": "ODbL-1.0"}, "geometry": {"type": "MultiPolygon", "coordinates": [[[[114.0543957, 22.524009], [114.0543987, 22.5238096], [114.0544992, 22.5238109], [114.0544983, 22.5238742], [114.0546334, 22.5238759], [114.054638, 22.5238558], [114.0546506, 22.5238388], [114.0546693, 22.5238276], [114.0546912, 22.5238239], [114.054713, 22.5238282], [114.0547314, 22.5238399], [114.0547435, 22.5238571], [114.0547475, 22.5238774], [114.054804, 22.5238781], [114.0548007, 22.5240971], [114.0545752, 22.5240942], [114.0545757, 22.5240589], [114.0544841, 22.5240577], [114.0544848, 22.5240101], [114.0543957, 22.524009]]]]}}, {"type": "Feature", "id": "way/1430129476", "properties": {"tags": {"addr:housename": "皇庭彩园", "addr:housename:zh": "皇庭彩园", "building": "apartments", "building:levels": "33", "name": "3栋", "name:zh": "3栋"}, "heightStatus": "levels_only_unverified", "source": "OpenStreetMap", "license": "ODbL-1.0"}, "geometry": {"type": "MultiPolygon", "coordinates": [[[[114.0560162, 22.5241153], [114.0560641, 22.5240727], [114.0560719, 22.5240802], [114.0560918, 22.5240625], [114.0561159, 22.5240856], [114.0561301, 22.524073], [114.0561308, 22.5240356], [114.0561172, 22.5240225], [114.0560922, 22.5240448], [114.056073, 22.5240264], [114.0560649, 22.5240336], [114.0560188, 22.5239894], [114.0560656, 22.5239477], [114.0560942, 22.5239751], [114.056114, 22.5239574], [114.0561047, 22.5239485], [114.0561275, 22.5239282], [114.0561517, 22.5239514], [114.0561441, 22.5239582], [114.05615, 22.5239638], [114.0561796, 22.5239922], [114.0561446, 22.5240234], [114.0562329, 22.5240249], [114.0562027, 22.523996], [114.0562163, 22.523984], [114.0562077, 22.5239757], [114.0562201, 22.5239648], [114.056207, 22.5239523], [114.0562444, 22.5239191], [114.0562695, 22.5239432], [114.0562612, 22.5239505], [114.056291, 22.5239791], [114.0562993, 22.5239717], [114.0563284, 22.5239998], [114.0562745, 22.5240476], [114.0562578, 22.5240315], [114.0562484, 22.5240398], [114.0562477, 22.5240729], [114.0562567, 22.5240816], [114.0562742, 22.524066], [114.0563261, 22.5241157], [114.0562958, 22.5241427], [114.0562878, 22.524135], [114.0562569, 22.5241626], [114.0562648, 22.5241702], [114.0562388, 22.5241934], [114.0562028, 22.5241589], [114.0562163, 22.5241469], [114.0562045, 22.5241355], [114.0562133, 22.5241276], [114.0562003, 22.5241151], [114.0562316, 22.5240872], [114.0561433, 22.5240857], [114.056177, 22.5241181], [114.0561463, 22.5241454], [114.0561402, 22.5241508], [114.0561475, 22.5241579], [114.0561224, 22.5241802], [114.0561004, 22.5241592], [114.0561101, 22.5241505], [114.0560909, 22.5241322], [114.0560613, 22.5241585], [114.0560162, 22.5241153]]]]}}, {"type": "Feature", "id": "way/1430129477", "properties": {"tags": {"addr:housename": "皇庭彩园", "addr:housename:zh": "皇庭彩园", "building": "apartments", "building:levels": "33", "name": "2栋", "name:zh": "2栋"}, "heightStatus": "levels_only_unverified", "source": "OpenStreetMap", "license": "ODbL-1.0"}, "geometry": {"type": "MultiPolygon", "coordinates": [[[[114.0560208, 22.5237054], [114.0560578, 22.5236724], [114.0560774, 22.5236912], [114.056089, 22.5236809], [114.0561013, 22.5236927], [114.0561143, 22.5236812], [114.0561152, 22.5236354], [114.0561041, 22.5236453], [114.0560912, 22.523633], [114.0560794, 22.5236435], [114.0560432, 22.5236088], [114.056124, 22.5235369], [114.0561602, 22.5235716], [114.0561506, 22.5235802], [114.0561634, 22.5235925], [114.0561356, 22.5236172], [114.056232, 22.5236189], [114.0562053, 22.5235932], [114.0562186, 22.5235814], [114.0562093, 22.5235725], [114.0562469, 22.5235391], [114.0563247, 22.5236137], [114.0562871, 22.5236471], [114.0562758, 22.5236362], [114.0562624, 22.5236481], [114.0562517, 22.5236377], [114.0562507, 22.5236836], [114.0562632, 22.5236956], [114.056276, 22.5236842], [114.0562872, 22.5236949], [114.0563075, 22.5236768], [114.0563432, 22.523711], [114.0562964, 22.5237527], [114.0562678, 22.5237253], [114.0562479, 22.523743], [114.0562573, 22.5237519], [114.0562345, 22.5237722], [114.0562102, 22.523749], [114.0562178, 22.5237422], [114.0561996, 22.5237247], [114.0562209, 22.5237057], [114.0562067, 22.5236921], [114.0561579, 22.5236913], [114.0561432, 22.5237044], [114.0561637, 22.5237241], [114.0561448, 22.523741], [114.0561521, 22.523748], [114.0561269, 22.5237704], [114.0561049, 22.5237493], [114.0561146, 22.5237406], [114.0560955, 22.5237223], [114.0560659, 22.5237487], [114.0560208, 22.5237054]]]]}}, {"type": "Feature", "id": "way/1430129478", "properties": {"tags": {"addr:housename": "皇庭彩园", "addr:housename:zh": "皇庭彩园", "building": "apartments", "building:levels": "33", "name": "1栋", "name:zh": "1栋"}, "heightStatus": "levels_only_unverified", "source": "OpenStreetMap", "license": "ODbL-1.0"}, "geometry": {"type": "MultiPolygon", "coordinates": [[[[114.0560249, 22.523187], [114.0561273, 22.5230959], [114.0561357, 22.5231039], [114.0561542, 22.5230874], [114.056175, 22.5231074], [114.0561565, 22.5231239], [114.056167, 22.5231339], [114.0561445, 22.5231539], [114.056165, 22.5231736], [114.0561428, 22.5231933], [114.0562358, 22.523195], [114.0562145, 22.5231745], [114.0562358, 22.5231555], [114.0562141, 22.5231347], [114.056225, 22.5231251], [114.0562071, 22.5231079], [114.0562287, 22.5230887], [114.0562466, 22.5231058], [114.0562552, 22.5230981], [114.0563539, 22.5231927], [114.0562903, 22.5232492], [114.0563474, 22.523304], [114.0563111, 22.5233362], [114.0563031, 22.5233286], [114.0562722, 22.5233561], [114.0562802, 22.5233638], [114.0562541, 22.523387], [114.0562182, 22.5233525], [114.0562317, 22.5233404], [114.0562198, 22.5233291], [114.0562287, 22.5233212], [114.0562156, 22.5233087], [114.0562629, 22.5232666], [114.0561128, 22.523264], [114.0561583, 22.5233077], [114.0561448, 22.5233197], [114.0561533, 22.5233279], [114.056141, 22.5233389], [114.056154, 22.5233514], [114.0561167, 22.5233846], [114.0560916, 22.5233605], [114.0560998, 22.5233531], [114.05607, 22.5233245], [114.0560618, 22.5233319], [114.0560268, 22.5232984], [114.0560861, 22.5232457], [114.0560249, 22.523187]]]]}}, {"type": "Feature", "id": "way/1430129479", "properties": {"tags": {"building": "apartments"}, "heightStatus": "unknown", "source": "OpenStreetMap", "license": "ODbL-1.0"}, "geometry": {"type": "MultiPolygon", "coordinates": [[[[114.0554396, 22.5239436], [114.0554404, 22.5238495], [114.0555837, 22.5238505], [114.0555843, 22.5237791], [114.0557282, 22.5237801], [114.0557289, 22.5237049], [114.0558746, 22.5237059], [114.0558738, 22.5238], [114.0557293, 22.523799], [114.0557287, 22.5238741], [114.0555854, 22.5238731], [114.0555848, 22.5239446], [114.0554396, 22.5239436]]]]}}, {"type": "Feature", "id": "way/1430129480", "properties": {"tags": {"building": "apartments"}, "heightStatus": "unknown", "source": "OpenStreetMap", "license": "ODbL-1.0"}, "geometry": {"type": "MultiPolygon", "coordinates": [[[[114.055486, 22.5242015], [114.0554895, 22.5241088], [114.0559214, 22.5241225], [114.0559179, 22.5242152], [114.055486, 22.5242015]]]]}}, {"type": "Feature", "id": "way/1430129481", "properties": {"tags": {"building": "apartments"}, "heightStatus": "unknown", "source": "OpenStreetMap", "license": "ODbL-1.0"}, "geometry": {"type": "MultiPolygon", "coordinates": [[[[114.0549876, 22.524158], [114.0549911, 22.5240636], [114.0551347, 22.5240681], [114.0551336, 22.5240976], [114.0554231, 22.5241067], [114.0554197, 22.5241994], [114.0551302, 22.5241902], [114.0551312, 22.5241626], [114.0549876, 22.524158]]]]}}, {"type": "Feature", "id": "way/1430129482", "properties": {"tags": {"building": "apartments"}, "heightStatus": "unknown", "source": "OpenStreetMap", "license": "ODbL-1.0"}, "geometry": {"type": "MultiPolygon", "coordinates": [[[[114.0554414, 22.5233927], [114.0554425, 22.5232987], [114.0555878, 22.5233001], [114.055587, 22.5233716], [114.0557302, 22.5233731], [114.0557293, 22.5234482], [114.0558738, 22.5234497], [114.0558727, 22.5235437], [114.055727, 22.5235423], [114.0557279, 22.5234671], [114.0555839, 22.5234657], [114.0555847, 22.5233942], [114.0554414, 22.5233927]]]]}}, {"type": "Feature", "id": "way/1430129483", "properties": {"tags": {"building": "apartments"}, "heightStatus": "unknown", "source": "OpenStreetMap", "license": "ODbL-1.0"}, "geometry": {"type": "MultiPolygon", "coordinates": [[[[114.0554738, 22.5231357], [114.0554748, 22.5230429], [114.0559069, 22.5230466], [114.055906, 22.5231393], [114.0554738, 22.5231357]]]]}}, {"type": "Feature", "id": "way/1430129484", "properties": {"tags": {"building": "apartments"}, "heightStatus": "unknown", "source": "OpenStreetMap", "license": "ODbL-1.0"}, "geometry": {"type": "MultiPolygon", "coordinates": [[[[114.0549738, 22.5231608], [114.0549747, 22.5230663], [114.0551184, 22.5230675], [114.0551187, 22.5230399], [114.0554084, 22.5230424], [114.0554075, 22.5231351], [114.0551178, 22.5231326], [114.0551175, 22.5231621], [114.0549738, 22.5231608]]]]}}, {"type": "Feature", "id": "way/1430129486", "properties": {"tags": {"building": "apartments"}, "heightStatus": "unknown", "source": "OpenStreetMap", "license": "ODbL-1.0"}, "geometry": {"type": "MultiPolygon", "coordinates": [[[[114.0543115, 22.5236042], [114.0543129, 22.5234606], [114.0544164, 22.5234614], [114.0544155, 22.5235624], [114.0548533, 22.5235659], [114.0548524, 22.5236587], [114.0544146, 22.5236551], [114.0544151, 22.523605], [114.0543115, 22.5236042]]]]}}, {"type": "Feature", "id": "way/1430129487", "properties": {"tags": {"building": "apartments"}, "heightStatus": "unknown", "source": "OpenStreetMap", "license": "ODbL-1.0"}, "geometry": {"type": "MultiPolygon", "coordinates": [[[[114.0541675, 22.5232702], [114.0541688, 22.5231266], [114.0542723, 22.5231274], [114.0542714, 22.5232284], [114.0545613, 22.5232307], [114.0545609, 22.5232817], [114.0548508, 22.523284], [114.0548499, 22.5233767], [114.0545599, 22.5233744], [114.0545604, 22.5233234], [114.0542705, 22.5233211], [114.054271, 22.523271], [114.0541675, 22.5232702]]]]}}, {"type": "Feature", "id": "way/1430129488", "properties": {"tags": {"building": "apartments"}, "heightStatus": "unknown", "source": "OpenStreetMap", "license": "ODbL-1.0"}, "geometry": {"type": "MultiPolygon", "coordinates": [[[[114.0545687, 22.5231161], [114.0545696, 22.5230234], [114.0548593, 22.5230259], [114.0548584, 22.5231186], [114.0545687, 22.5231161]]]]}}, {"type": "Feature", "id": "way/1430129514", "properties": {"tags": {"building": "apartments"}, "heightStatus": "unknown", "source": "OpenStreetMap", "license": "ODbL-1.0"}, "geometry": {"type": "MultiPolygon", "coordinates": [[[[114.0554861, 22.5227881], [114.05549, 22.522596], [114.0556084, 22.522598], [114.0556046, 22.5227901], [114.0554861, 22.5227881]]]]}}, {"type": "Feature", "id": "way/1430129516", "properties": {"tags": {"addr:housename": "晨晖家园", "addr:housename:zh": "晨晖家园", "building": "apartments", "building:levels": "18", "name": "1栋", "name:zh": "1栋"}, "heightStatus": "levels_only_unverified", "source": "OpenStreetMap", "license": "ODbL-1.0"}, "geometry": {"type": "MultiPolygon", "coordinates": [[[[114.0556863, 22.5227478], [114.0557414, 22.5226996], [114.0557071, 22.5226662], [114.0557841, 22.5225989], [114.0558444, 22.5226578], [114.0558459, 22.5225829], [114.0559889, 22.5225854], [114.0559866, 22.5227009], [114.0559543, 22.5227003], [114.0559525, 22.5227887], [114.0558637, 22.5227872], [114.0558649, 22.5227269], [114.0558238, 22.5227262], [114.0557395, 22.5227998], [114.0556863, 22.5227478]]]]}}, {"type": "Feature", "id": "way/1430129517", "properties": {"tags": {"addr:housename": "晨晖家园", "addr:housename:zh": "晨晖家园", "building": "apartments", "building:levels": "18", "name": "2栋", "name:zh": "2栋"}, "heightStatus": "levels_only_unverified", "source": "OpenStreetMap", "license": "ODbL-1.0"}, "geometry": {"type": "MultiPolygon", "coordinates": [[[[114.0559866, 22.5227009], [114.0559889, 22.5225854], [114.056132, 22.5225879], [114.0561305, 22.5226627], [114.0561931, 22.522606], [114.0562673, 22.5226758], [114.0562317, 22.5227081], [114.0562849, 22.5227581], [114.0562296, 22.5228082], [114.0561483, 22.5227318], [114.0561072, 22.5227311], [114.056106, 22.5227914], [114.0560172, 22.5227898], [114.0560189, 22.5227014], [114.0559866, 22.5227009]]]]}}, {"type": "Feature", "id": "relation/19607159", "properties": {"tags": {"building": "school"}, "heightStatus": "unknown", "source": "OpenStreetMap", "license": "ODbL-1.0"}, "geometry": {"type": "MultiPolygon", "coordinates": [[[[114.0547441, 22.5223709], [114.0547493, 22.5222921], [114.0547618, 22.5222139], [114.0547814, 22.522137], [114.0548081, 22.5220619], [114.0548417, 22.5219892], [114.0548932, 22.5219901], [114.054893, 22.5220011], [114.0552837, 22.5220078], [114.0552854, 22.521926], [114.055693, 22.521933], [114.0556887, 22.5221428], [114.0553607, 22.5221372], [114.0553577, 22.5222882], [114.0555854, 22.5222921], [114.0555836, 22.5223807], [114.0553559, 22.5223768], [114.055355, 22.5224234], [114.0548846, 22.5224153], [114.0548777, 22.5227556], [114.0548262, 22.5227547], [114.0547957, 22.5226811], [114.0547721, 22.5226054], [114.0547555, 22.5225281], [114.0547462, 22.5224497], [114.0547441, 22.5223709]], [[114.054887, 22.5222986], [114.0553187, 22.5223061], [114.0553228, 22.5221048], [114.054891, 22.5220974], [114.054887, 22.5222986]]]]}}, {"type": "Feature", "id": "way/1430129527", "properties": {"tags": {"addr:housename": "云顶翠峰", "addr:housename:zh": "云顶翠峰", "building": "apartments", "building:levels": "33", "name": "B座", "name:zh": "B座"}, "heightStatus": "levels_only_unverified", "source": "OpenStreetMap", "license": "ODbL-1.0"}, "geometry": {"type": "MultiPolygon", "coordinates": [[[[114.054259, 22.5220178], [114.0542674, 22.5219093], [114.0543479, 22.5219145], [114.0543513, 22.5218698], [114.0544358, 22.5218752], [114.0544324, 22.5219202], [114.0545112, 22.5219253], [114.0545048, 22.5220102], [114.0544795, 22.5220086], [114.0544777, 22.5220322], [114.054424, 22.5220287], [114.0544216, 22.522059], [114.0543372, 22.5220535], [114.0543395, 22.522023], [114.054259, 22.5220178]]]]}}, {"type": "Feature", "id": "way/1430129528", "properties": {"tags": {"addr:housename": "云顶翠峰", "addr:housename:zh": "云顶翠峰", "building": "apartments", "building:levels": "33", "name": "D座", "name:zh": "D座"}, "heightStatus": "levels_only_unverified", "source": "OpenStreetMap", "license": "ODbL-1.0"}, "geometry": {"type": "MultiPolygon", "coordinates": [[[[114.0546542, 22.5214403], [114.0547255, 22.521373], [114.0547934, 22.5214344], [114.0548061, 22.5214223], [114.0549294, 22.5215338], [114.0548484, 22.5216103], [114.0548274, 22.5215913], [114.0547734, 22.5216423], [114.0546705, 22.5215494], [114.0547215, 22.5215012], [114.0546542, 22.5214403]]]]}}, {"type": "Feature", "id": "way/1430129529", "properties": {"tags": {"addr:housename": "云顶翠峰", "addr:housename:zh": "云顶翠峰", "building": "apartments", "building:levels": "33", "name": "C座", "name:zh": "C座"}, "heightStatus": "levels_only_unverified", "source": "OpenStreetMap", "license": "ODbL-1.0"}, "geometry": {"type": "MultiPolygon", "coordinates": [[[[114.0544808, 22.521604], [114.0545522, 22.5215366], [114.0546195, 22.5215975], [114.0546705, 22.5215494], [114.0547734, 22.5216423], [114.0547193, 22.5216933], [114.0547403, 22.5217123], [114.0546592, 22.5217888], [114.054536, 22.5216774], [114.0545487, 22.5216653], [114.0544808, 22.521604]]]]}}, {"type": "Feature", "id": "way/1430129530", "properties": {"tags": {"addr:housename": "云顶翠峰", "addr:housename:zh": "云顶翠峰", "building": "apartments", "name": "8栋", "name:zh": "8栋"}, "heightStatus": "unknown", "source": "OpenStreetMap", "license": "ODbL-1.0"}, "geometry": {"type": "MultiPolygon", "coordinates": [[[[114.0553686, 22.5212059], [114.0553702, 22.5210391], [114.05572, 22.5210419], [114.0557184, 22.5212088], [114.0553686, 22.5212059]]]]}}, {"type": "Feature", "id": "way/1430129531", "properties": {"tags": {"addr:housename": "云顶翠峰", "addr:housename:zh": "云顶翠峰", "building": "apartments", "building:levels": "31", "name": "7栋", "name:zh": "7栋"}, "heightStatus": "levels_only_unverified", "source": "OpenStreetMap", "license": "ODbL-1.0"}, "geometry": {"type": "MultiPolygon", "coordinates": [[[[114.0557179, 22.5212699], [114.0557184, 22.5212088], [114.05572, 22.5210419], [114.0557205, 22.5209886], [114.055872, 22.5209898], [114.0558715, 22.5210431], [114.0560027, 22.5210442], [114.0560024, 22.5210729], [114.0560013, 22.5211859], [114.0560011, 22.5212111], [114.05587, 22.52121], [114.0558694, 22.5212711], [114.0557179, 22.5212699]]]]}}, {"type": "Feature", "id": "way/1430129532", "properties": {"tags": {"addr:housename": "云顶翠峰", "addr:housename:zh": "云顶翠峰", "building": "apartments", "building:levels": "31", "name": "6栋", "name:zh": "6栋"}, "heightStatus": "levels_only_unverified", "source": "OpenStreetMap", "license": "ODbL-1.0"}, "geometry": {"type": "MultiPolygon", "coordinates": [[[[114.0560013, 22.5211859], [114.0560024, 22.5210729], [114.0560576, 22.521043], [114.0560084, 22.5209655], [114.056121, 22.5209045], [114.0561702, 22.520982], [114.0562756, 22.5209249], [114.0563287, 22.5210086], [114.0562233, 22.5210657], [114.0562725, 22.5211432], [114.05616, 22.5212041], [114.0561108, 22.5211267], [114.0560013, 22.5211859]]]]}}, {"type": "Feature", "id": "way/1430129533", "properties": {"tags": {"addr:housename": "云顶翠峰", "addr:housename:zh": "云顶翠峰", "building": "apartments", "building:levels": "31", "name": "10栋", "name:zh": "10栋"}, "heightStatus": "levels_only_unverified", "source": "OpenStreetMap", "license": "ODbL-1.0"}, "geometry": {"type": "MultiPolygon", "coordinates": [[[[114.0547292, 22.5211147], [114.0547515, 22.52102], [114.0548178, 22.5210333], [114.0548385, 22.5209455], [114.054966, 22.5209712], [114.0549453, 22.521059], [114.055087, 22.5210875], [114.0550861, 22.5211866], [114.0549229, 22.5211538], [114.0549022, 22.5212415], [114.0547747, 22.5212159], [114.0547954, 22.5211281], [114.0547292, 22.5211147]]]]}}, {"type": "Feature", "id": "way/1430129534", "properties": {"tags": {"addr:housename": "云顶翠峰", "addr:housename:zh": "云顶翠峰", "building": "apartments", "building:levels": "31", "name": "9栋", "name:zh": "9栋"}, "heightStatus": "levels_only_unverified", "source": "OpenStreetMap", "license": "ODbL-1.0"}, "geometry": {"type": "MultiPolygon", "coordinates": [[[[114.0550859, 22.5212037], [114.0550861, 22.5211866], [114.055087, 22.5210875], [114.0550875, 22.5210368], [114.0552187, 22.5210379], [114.0552192, 22.5209846], [114.0553707, 22.5209858], [114.0553702, 22.5210391], [114.0553686, 22.5212059], [114.055368, 22.5212671], [114.0552165, 22.5212659], [114.0552171, 22.5212047], [114.0550859, 22.5212037]]]]}}, {"type": "Feature", "id": "way/1430129536", "properties": {"tags": {"addr:housename": "云顶翠峰", "addr:housename:zh": "云顶翠峰", "building": "apartments", "building:levels": "31", "name": "1栋", "name:zh": "1栋"}, "heightStatus": "levels_only_unverified", "source": "OpenStreetMap", "license": "ODbL-1.0"}, "geometry": {"type": "MultiPolygon", "coordinates": [[[[114.05496, 22.5193577], [114.0550662, 22.5193319], [114.0550461, 22.5192611], [114.0550365, 22.5192277], [114.0551912, 22.5191901], [114.0552208, 22.5192944], [114.0553351, 22.5192667], [114.0553354, 22.5193425], [114.055241, 22.5193654], [114.0552707, 22.5194697], [114.055116, 22.5195072], [114.0550864, 22.5194029], [114.0549802, 22.5194287], [114.05496, 22.5193577]]]]}}, {"type": "Feature", "id": "way/1430200534", "properties": {"tags": {"building": "apartments", "building:levels": "23"}, "heightStatus": "levels_only_unverified", "source": "OpenStreetMap", "license": "ODbL-1.0"}, "geometry": {"type": "MultiPolygon", "coordinates": [[[[114.0619549, 22.5212266], [114.0621936, 22.5209552], [114.0623921, 22.5211042], [114.0621534, 22.5213755], [114.0619549, 22.5212266]]]]}}, {"type": "Feature", "id": "way/1430200536", "properties": {"tags": {"addr:housename": "福涛东园", "addr:housename:zh": "福涛东园", "building": "apartments", "building:levels": "11", "name": "7栋", "name:zh": "7栋"}, "heightStatus": "levels_only_unverified", "source": "OpenStreetMap", "license": "ODbL-1.0"}, "geometry": {"type": "MultiPolygon", "coordinates": [[[[114.0606065, 22.5245349], [114.0606226, 22.5244744], [114.0608522, 22.5245264], [114.0608362, 22.5245868], [114.060809, 22.5245807], [114.0608046, 22.5245974], [114.0607857, 22.5245932], [114.060781, 22.5246109], [114.0607286, 22.524599], [114.0607229, 22.5246076], [114.0607128, 22.5246114], [114.0607023, 22.524609], [114.0606952, 22.5246013], [114.0606944, 22.5245913], [114.0606422, 22.5245795], [114.0606469, 22.5245618], [114.0606256, 22.524557], [114.06063, 22.5245402], [114.0606065, 22.5245349]]]]}}, {"type": "Feature", "id": "way/1430200537", "properties": {"tags": {"addr:housename": "福涛东园", "addr:housename:zh": "福涛东园", "building": "apartments", "building:levels": "11", "name": "8栋", "name:zh": "8栋"}, "heightStatus": "levels_only_unverified", "source": "OpenStreetMap", "license": "ODbL-1.0"}, "geometry": {"type": "MultiPolygon", "coordinates": [[[[114.0608362, 22.5245868], [114.0608522, 22.5245264], [114.0610972, 22.5245818], [114.0610813, 22.5246422], [114.0610423, 22.5246334], [114.0610379, 22.5246502], [114.0610166, 22.5246454], [114.0610119, 22.524663], [114.0609597, 22.5246512], [114.060954, 22.5246598], [114.0609439, 22.5246636], [114.0609333, 22.5246612], [114.0609263, 22.5246535], [114.0609255, 22.5246435], [114.0608731, 22.5246317], [114.0608778, 22.524614], [114.0608589, 22.5246097], [114.0608634, 22.5245929], [114.0608362, 22.5245868]]]]}}, {"type": "Feature", "id": "way/1430200538", "properties": {"tags": {"addr:housename": "福涛东园", "addr:housename:zh": "福涛东园", "building": "apartments", "building:levels": "11", "name": "6栋", "name:zh": "6栋"}, "heightStatus": "levels_only_unverified", "source": "OpenStreetMap", "license": "ODbL-1.0"}, "geometry": {"type": "MultiPolygon", "coordinates": [[[[114.0604395, 22.5244928], [114.0604847, 22.5243232], [114.060502, 22.5243271], [114.0605636, 22.5243411], [114.0605335, 22.5244541], [114.0606226, 22.5244744], [114.0606065, 22.5245349], [114.060596, 22.5245741], [114.0605068, 22.5245538], [114.060512, 22.5245346], [114.0604789, 22.5245271], [114.0604852, 22.5245032], [114.0604395, 22.5244928]]]]}}, {"type": "Feature", "id": "way/1430200539", "properties": {"tags": {"addr:housename": "福涛东园", "addr:housename:zh": "福涛东园", "building": "apartments", "building:levels": "11", "name": "5栋", "name:zh": "5栋"}, "heightStatus": "levels_only_unverified", "source": "OpenStreetMap", "license": "ODbL-1.0"}, "geometry": {"type": "MultiPolygon", "coordinates": [[[[114.060502, 22.5243271], [114.0605527, 22.5241357], [114.0606141, 22.5241496], [114.0606094, 22.524167], [114.060692, 22.5241857], [114.0606506, 22.5243422], [114.060568, 22.5243236], [114.0605636, 22.5243411], [114.060502, 22.5243271]]]]}}, {"type": "Feature", "id": "way/1430200540", "properties": {"tags": {"addr:housename": "福涛东园", "addr:housename:zh": "福涛东园", "building": "apartments", "building:levels": "11", "name": "4栋", "name:zh": "4栋"}, "heightStatus": "levels_only_unverified", "source": "OpenStreetMap", "license": "ODbL-1.0"}, "geometry": {"type": "MultiPolygon", "coordinates": [[[[114.0605353, 22.5241318], [114.0605802, 22.5239621], [114.0606258, 22.5239724], [114.0606321, 22.5239485], [114.0606653, 22.523956], [114.060644, 22.5240367], [114.0606141, 22.5241496], [114.0605527, 22.5241357], [114.0605353, 22.5241318]]]]}}, {"type": "Feature", "id": "way/1430200541", "properties": {"tags": {"addr:housename": "福涛东园", "addr:housename:zh": "福涛东园", "building": "apartments", "building:levels": "11", "name": "3栋", "name:zh": "3栋"}, "heightStatus": "levels_only_unverified", "source": "OpenStreetMap", "license": "ODbL-1.0"}, "geometry": {"type": "MultiPolygon", "coordinates": [[[[114.060644, 22.5240367], [114.0606653, 22.523956], [114.0606705, 22.5239367], [114.0607588, 22.5239566], [114.0607428, 22.524017], [114.0607373, 22.5240378], [114.0607081, 22.5240312], [114.0607031, 22.52405], [114.060644, 22.5240367]]]]}}, {"type": "Feature", "id": "way/1430200542", "properties": {"tags": {"addr:housename": "福涛东园", "addr:housename:zh": "福涛东园", "building": "apartments", "building:levels": "11", "name": "2栋", "name:zh": "2栋"}, "heightStatus": "levels_only_unverified", "source": "OpenStreetMap", "license": "ODbL-1.0"}, "geometry": {"type": "MultiPolygon", "coordinates": [[[[114.0607428, 22.524017], [114.0607588, 22.5239566], [114.0609882, 22.5240085], [114.0609722, 22.5240688], [114.060945, 22.5240627], [114.0609406, 22.5240795], [114.0609217, 22.5240752], [114.060917, 22.5240929], [114.0608647, 22.5240811], [114.0608589, 22.5240896], [114.0608489, 22.5240934], [114.0608383, 22.524091], [114.0608313, 22.5240834], [114.0608304, 22.5240733], [114.0607782, 22.5240615], [114.0607829, 22.5240438], [114.0607616, 22.524039], [114.0607661, 22.5240222], [114.0607428, 22.524017]]]]}}, {"type": "Feature", "id": "way/1430200543", "properties": {"tags": {"addr:housename": "福涛东园", "addr:housename:zh": "福涛东园", "building": "apartments", "building:levels": "11", "name": "1栋", "name:zh": "1栋"}, "heightStatus": "levels_only_unverified", "source": "OpenStreetMap", "license": "ODbL-1.0"}, "geometry": {"type": "MultiPolygon", "coordinates": [[[[114.0609722, 22.5240688], [114.0609882, 22.5240085], [114.0612333, 22.5240638], [114.0612173, 22.5241242], [114.0611783, 22.5241154], [114.0611739, 22.5241322], [114.0611526, 22.5241274], [114.0611479, 22.5241451], [114.0610957, 22.5241333], [114.06109, 22.5241418], [114.0610799, 22.5241456], [114.0610693, 22.5241432], [114.0610623, 22.5241356], [114.0610615, 22.5241255], [114.0610091, 22.5241137], [114.0610138, 22.524096], [114.0609949, 22.5240918], [114.0609994, 22.524075], [114.0609722, 22.5240688]]]]}}, {"type": "Feature", "id": "way/1430200544", "properties": {"tags": {"addr:housename": "福雅园", "addr:housename:zh": "福雅园", "building": "apartments", "building:levels": "15", "name": "福兴阁", "name:zh": "福兴阁"}, "heightStatus": "levels_only_unverified", "source": "OpenStreetMap", "license": "ODbL-1.0"}, "geometry": {"type": "MultiPolygon", "coordinates": [[[[114.0612656, 22.5250887], [114.0612876, 22.5249916], [114.0614209, 22.5250175], [114.0614268, 22.5249914], [114.0615705, 22.5250193], [114.0615646, 22.5250453], [114.0616979, 22.5250712], [114.0616868, 22.5251196], [114.0616758, 22.5251682], [114.0612656, 22.5250887]]]]}}, {"type": "Feature", "id": "way/1430200545", "properties": {"tags": {"addr:housename": "福雅园", "addr:housename:zh": "福雅园", "building": "apartments", "building:levels": "15", "name": "福临阁", "name:zh": "福临阁"}, "heightStatus": "levels_only_unverified", "source": "OpenStreetMap", "license": "ODbL-1.0"}, "geometry": {"type": "MultiPolygon", "coordinates": [[[[114.061629, 22.5253741], [114.0616758, 22.5251682], [114.0616868, 22.5251196], [114.0617482, 22.5251315], [114.0617442, 22.5251491], [114.0617859, 22.5251572], [114.0617361, 22.5253765], [114.0616943, 22.5253684], [114.0616903, 22.525386], [114.061629, 22.5253741]]]]}}, {"type": "Feature", "id": "way/1430200546", "properties": {"tags": {"addr:housename": "绿茵阁", "addr:housename:zh": "绿茵阁", "building": "apartments", "building:levels": "18", "name": "2栋", "name:zh": "2栋"}, "heightStatus": "levels_only_unverified", "source": "OpenStreetMap", "license": "ODbL-1.0"}, "geometry": {"type": "MultiPolygon", "coordinates": [[[[114.0614518, 22.5242318], [114.0614785, 22.5241332], [114.0614993, 22.524138], [114.061504, 22.5241206], [114.0615756, 22.5241371], [114.0616384, 22.5241024], [114.0616437, 22.5240828], [114.0618027, 22.5241196], [114.0617974, 22.5241391], [114.061835, 22.5241971], [114.0619066, 22.5242137], [114.0619019, 22.5242311], [114.0619227, 22.5242359], [114.0618959, 22.5243345], [114.0618751, 22.5243297], [114.0618704, 22.5243471], [114.0617988, 22.5243306], [114.0617361, 22.5243653], [114.0617308, 22.5243849], [114.0615718, 22.5243481], [114.0615771, 22.5243286], [114.0615394, 22.5242706], [114.0614679, 22.524254], [114.0614726, 22.5242366], [114.0614518, 22.5242318]]]]}}, {"type": "Feature", "id": "way/1430200547", "properties": {"tags": {"addr:housename": "绿茵阁", "addr:housename:zh": "绿茵阁", "building": "apartments", "building:levels": "18", "name": "1栋", "name:zh": "1栋"}, "heightStatus": "levels_only_unverified", "source": "OpenStreetMap", "license": "ODbL-1.0"}, "geometry": {"type": "MultiPolygon", "coordinates": [[[[114.0613167, 22.524728], [114.061372, 22.5245243], [114.0618378, 22.524632], [114.0617826, 22.5248358], [114.0613167, 22.524728]]]]}}, {"type": "Feature", "id": "way/1430200552", "properties": {"tags": {"addr:housename": "福民佳园", "addr:housename:zh": "福民佳园", "building": "apartments", "building:levels": "32", "name": "2栋", "name:zh": "2栋"}, "heightStatus": "levels_only_unverified", "source": "OpenStreetMap", "license": "ODbL-1.0"}, "geometry": {"type": "MultiPolygon", "coordinates": [[[[114.0602367, 22.5253382], [114.0602481, 22.5252991], [114.0602655, 22.5253034], [114.0602878, 22.5252267], [114.0603329, 22.5252379], [114.0603272, 22.5252577], [114.0603507, 22.5252635], [114.0603402, 22.5252996], [114.0603748, 22.5253082], [114.0603823, 22.5252824], [114.0604087, 22.525289], [114.0604189, 22.5252541], [114.0604678, 22.5252662], [114.0604326, 22.5253869], [114.060539, 22.5255575], [114.0607326, 22.5255596], [114.0607316, 22.5256358], [114.0606794, 22.5256352], [114.0606791, 22.5256585], [114.0607157, 22.5256589], [114.0607153, 22.5256938], [114.0606918, 22.5256935], [114.0606914, 22.5257274], [114.060533, 22.5257258], [114.0605334, 22.525691], [114.0604519, 22.5256901], [114.0604324, 22.5257004], [114.0603527, 22.5255725], [114.0603844, 22.5255556], [114.0603734, 22.5255378], [114.0604106, 22.525518], [114.0603837, 22.5254749], [114.0602965, 22.5255213], [114.0602758, 22.5254881], [114.0602923, 22.5254793], [114.0602657, 22.5254365], [114.0602947, 22.5254211], [114.0602781, 22.5253945], [114.060294, 22.5253861], [114.0603031, 22.5253547], [114.0602367, 22.5253382]]]]}}, {"type": "Feature", "id": "way/1430200553", "properties": {"tags": {"addr:housename": "福民佳园", "addr:housename:zh": "福民佳园", "building": "apartments", "building:levels": "32", "name": "1栋", "name:zh": "1栋"}, "heightStatus": "levels_only_unverified", "source": "OpenStreetMap", "license": "ODbL-1.0"}, "geometry": {"type": "MultiPolygon", "coordinates": [[[[114.0603565, 22.5249349], [114.0603769, 22.524865], [114.0604392, 22.5248805], [114.0604321, 22.5249047], [114.0604939, 22.5249201], [114.0605075, 22.5248736], [114.0604128, 22.52485], [114.0604362, 22.5247695], [114.060954, 22.5248983], [114.0609306, 22.5249788], [114.0608359, 22.5249553], [114.0608223, 22.5250017], [114.0608841, 22.5250171], [114.0608912, 22.5249929], [114.0609535, 22.5250084], [114.0609331, 22.5250783], [114.0608422, 22.5250557], [114.0608358, 22.5250776], [114.0606901, 22.5250414], [114.0607224, 22.5249306], [114.060619, 22.5249049], [114.0605867, 22.5250156], [114.060441, 22.5249794], [114.0604474, 22.5249575], [114.0603565, 22.5249349]]]]}}, {"type": "Feature", "id": "way/1430200554", "properties": {"tags": {"building": "yes"}, "heightStatus": "unknown", "source": "OpenStreetMap", "license": "ODbL-1.0"}, "geometry": {"type": "MultiPolygon", "coordinates": [[[[114.0606456, 22.5237599], [114.0607317, 22.5234552], [114.0612587, 22.523462], [114.0612613, 22.5232963], [114.0610642, 22.5232488], [114.0610919, 22.5231508], [114.0613612, 22.5232157], [114.061356, 22.5235582], [114.0608141, 22.5235512], [114.0607812, 22.5236677], [114.0608501, 22.5236843], [114.0608414, 22.5237148], [114.0613445, 22.5238361], [114.0613201, 22.5239225], [114.0606456, 22.5237599]]]]}}, {"type": "Feature", "id": "way/1430200555", "properties": {"tags": {"building": "yes"}, "heightStatus": "unknown", "source": "OpenStreetMap", "license": "ODbL-1.0"}, "geometry": {"type": "MultiPolygon", "coordinates": [[[[114.0607687, 22.5233243], [114.0608756, 22.5229458], [114.0611095, 22.5230021], [114.0610839, 22.5230929], [114.0609525, 22.5230613], [114.0608712, 22.523349], [114.0607687, 22.5233243]]]]}}, {"type": "Feature", "id": "way/1430200556", "properties": {"tags": {"addr:housename": "宣嘉华庭", "addr:housename:en": "Xuanjia Court", "addr:housename:zh": "宣嘉华庭", "building": "apartments", "building:levels": "31", "name": "C栋", "name:en": "Block C", "name:zh": "C栋"}, "heightStatus": "levels_only_unverified", "source": "OpenStreetMap", "license": "ODbL-1.0"}, "geometry": {"type": "MultiPolygon", "coordinates": [[[[114.0617407, 22.5232205], [114.0617658, 22.5231269], [114.0618224, 22.5231399], [114.0618463, 22.5230511], [114.061903, 22.5230641], [114.061939, 22.5230571], [114.0619758, 22.5230572], [114.0620117, 22.5230645], [114.0620492, 22.5230809], [114.0620815, 22.523105], [114.0621381, 22.523118], [114.0621142, 22.5232068], [114.0621708, 22.5232198], [114.0621457, 22.5233134], [114.0620513, 22.5232917], [114.062036, 22.5233484], [114.0618198, 22.5232988], [114.061835, 22.5232421], [114.0617407, 22.5232205]]]]}}, {"type": "Feature", "id": "way/1430200557", "properties": {"tags": {"addr:housename": "宣嘉华庭", "addr:housename:en": "Xuanjia Court", "addr:housename:zh": "宣嘉华庭", "building": "apartments", "building:levels": "31", "name": "B栋", "name:en": "Block B", "name:zh": "B栋"}, "heightStatus": "levels_only_unverified", "source": "OpenStreetMap", "license": "ODbL-1.0"}, "geometry": {"type": "MultiPolygon", "coordinates": [[[[114.0616887, 22.5227625], [114.0617246, 22.5226291], [114.061819, 22.5226507], [114.0618424, 22.5225637], [114.0618613, 22.522568], [114.0618665, 22.5225486], [114.0619303, 22.5225633], [114.0619213, 22.5225969], [114.061959, 22.5226056], [114.0619863, 22.522617], [114.0620098, 22.5226342], [114.0620283, 22.522656], [114.0620405, 22.5226813], [114.0620459, 22.5227085], [114.0620442, 22.5227362], [114.0620348, 22.5227711], [114.0620608, 22.522777], [114.0620429, 22.5228437], [114.0619485, 22.5228221], [114.0619251, 22.5229092], [114.0619062, 22.5229048], [114.061901, 22.5229242], [114.0617734, 22.5228949], [114.0617786, 22.5228755], [114.0617597, 22.5228712], [114.0617831, 22.5227841], [114.0616887, 22.5227625]]]]}}, {"type": "Feature", "id": "way/1430200558", "properties": {"tags": {"addr:housename": "宣嘉华庭", "addr:housename:en": "Xuanjia Court", "addr:housename:zh": "宣嘉华庭", "building": "apartments", "building:levels": "31", "layer": "1", "name": "A栋", "name:en": "Block A", "name:zh": "A栋"}, "heightStatus": "levels_only_unverified", "source": "OpenStreetMap", "license": "ODbL-1.0"}, "geometry": {"type": "MultiPolygon", "coordinates": [[[[114.0612725, 22.5226697], [114.0613084, 22.5225364], [114.0614028, 22.522558], [114.0614262, 22.5224709], [114.0614451, 22.5224753], [114.0614503, 22.5224559], [114.0615779, 22.5224852], [114.0615726, 22.5225045], [114.0615915, 22.5225089], [114.0615681, 22.522596], [114.0616625, 22.5226176], [114.0616266, 22.522751], [114.0615322, 22.5227293], [114.0615088, 22.5228164], [114.0614899, 22.5228121], [114.0614847, 22.5228315], [114.0613571, 22.5228022], [114.0613623, 22.5227828], [114.0613435, 22.5227785], [114.0613669, 22.5226914], [114.0612725, 22.5226697]]]]}}, {"type": "Feature", "id": "way/1430200560", "properties": {"tags": {"building": "yes"}, "heightStatus": "unknown", "source": "OpenStreetMap", "license": "ODbL-1.0"}, "geometry": {"type": "MultiPolygon", "coordinates": [[[[114.062462, 22.5257253], [114.0624668, 22.52524], [114.062661, 22.5252417], [114.0626562, 22.5257269], [114.062462, 22.5257253]]]]}}, {"type": "Feature", "id": "way/1431060054", "properties": {"tags": {"addr:housename": "嘉福花园", "addr:housename:en": "Jiafu Garden", "addr:housename:zh": "嘉福花园", "building": "apartments", "building:levels": "16", "name": "嘉华阁", "name:en": "Jiahua Court", "name:zh": "嘉华阁"}, "heightStatus": "levels_only_unverified", "source": "OpenStreetMap", "license": "ODbL-1.0"}, "geometry": {"type": "MultiPolygon", "coordinates": [[[[114.0601401, 22.5200426], [114.0603061, 22.5198192], [114.060401, 22.5198794], [114.0603385, 22.5199636], [114.0603858, 22.5199936], [114.0603521, 22.520039], [114.0604547, 22.5201041], [114.0604884, 22.5200586], [114.0605357, 22.5200886], [114.0605982, 22.5200044], [114.0606932, 22.5200647], [114.0605273, 22.520288], [114.0601401, 22.5200426]]]]}}, {"type": "Feature", "id": "way/1431060055", "properties": {"tags": {"addr:housename": "嘉福花园", "addr:housename:en": "Jiafu Garden", "addr:housename:zh": "嘉福花园", "building": "apartments", "building:levels": "12", "name": "嘉文阁", "name:en": "Jiawen Court", "name:zh": "嘉文阁"}, "heightStatus": "levels_only_unverified", "source": "OpenStreetMap", "license": "ODbL-1.0"}, "geometry": {"type": "MultiPolygon", "coordinates": [[[[114.0606685, 22.5199337], [114.0609734, 22.5196363], [114.0610414, 22.5196958], [114.061021, 22.5197156], [114.0610739, 22.5197619], [114.0609621, 22.5198709], [114.0609092, 22.5198247], [114.0608686, 22.5198643], [114.0609215, 22.5199105], [114.0608097, 22.5200196], [114.0607568, 22.5199733], [114.0607365, 22.5199931], [114.0606685, 22.5199337]]]]}}, {"type": "Feature", "id": "way/1431060056", "properties": {"tags": {"addr:housename": "嘉福花园", "addr:housename:en": "Jiafu Garden", "addr:housename:zh": "嘉福花园", "building": "apartments", "building:levels": "12", "name": "嘉豪阁", "name:en": "Jiahao Court", "name:zh": "嘉豪阁"}, "heightStatus": "levels_only_unverified", "source": "OpenStreetMap", "license": "ODbL-1.0"}, "geometry": {"type": "MultiPolygon", "coordinates": [[[[114.0604381, 22.5197035], [114.0605499, 22.5195944], [114.0606028, 22.5196407], [114.0606434, 22.519601], [114.0605906, 22.5195548], [114.0607024, 22.5194457], [114.0607552, 22.519492], [114.0607756, 22.5194722], [114.0608436, 22.5195317], [114.0605387, 22.519829], [114.0604707, 22.5197695], [114.060491, 22.5197497], [114.0604381, 22.5197035]]]]}}, {"type": "Feature", "id": "way/1431060057", "properties": {"tags": {"addr:housename": "嘉福花园", "addr:housename:en": "Jiafu Garden", "addr:housename:zh": "嘉福花园", "building": "apartments", "building:levels": "12", "name": "嘉贤阁", "name:en": "Jiaxian Court", "name:zh": "嘉贤阁"}, "heightStatus": "levels_only_unverified", "source": "OpenStreetMap", "license": "ODbL-1.0"}, "geometry": {"type": "MultiPolygon", "coordinates": [[[[114.0607776, 22.5193627], [114.060928, 22.5192161], [114.0610072, 22.5192854], [114.0610258, 22.5192672], [114.0610573, 22.5192948], [114.0610387, 22.519313], [114.061081, 22.5193501], [114.061051, 22.5193794], [114.0610792, 22.5194041], [114.0611093, 22.5193748], [114.0611517, 22.5194118], [114.0611703, 22.5193936], [114.0612387, 22.5194534], [114.06122, 22.5194716], [114.0612624, 22.5195087], [114.0612323, 22.519538], [114.0612464, 22.5195504], [114.0611996, 22.519596], [114.0611432, 22.5195466], [114.061127, 22.5195624], [114.0610586, 22.5195025], [114.0610748, 22.5194868], [114.0609618, 22.5193879], [114.0609457, 22.5194037], [114.0609097, 22.5193722], [114.0608523, 22.5194281], [114.0607776, 22.5193627]]]]}}, {"type": "Feature", "id": "way/1431060058", "properties": {"tags": {"addr:housename": "银泰苑", "addr:housename:en": "Yintai Garden", "addr:housename:zh": "银泰苑", "building": "apartments", "building:levels": "12", "name": "2栋", "name:en": "Block 2", "name:zh": "2栋"}, "heightStatus": "levels_only_unverified", "source": "OpenStreetMap", "license": "ODbL-1.0"}, "geometry": {"type": "MultiPolygon", "coordinates": [[[[114.0591051, 22.5190059], [114.0591526, 22.5189232], [114.059187, 22.5189401], [114.0592142, 22.5188926], [114.059197, 22.5188842], [114.0592235, 22.518838], [114.0593655, 22.5189076], [114.0592643, 22.5190839], [114.0591051, 22.5190059]]]]}}, {"type": "Feature", "id": "way/1431060059", "properties": {"tags": {"addr:housename": "银泰苑", "addr:housename:en": "Yintai Garden", "addr:housename:zh": "银泰苑", "building": "apartments", "building:levels": "18", "name": "1栋", "name:en": "Block 1", "name:zh": "1栋"}, "heightStatus": "levels_only_unverified", "source": "OpenStreetMap", "license": "ODbL-1.0"}, "geometry": {"type": "MultiPolygon", "coordinates": [[[[114.0586538, 22.5192162], [114.0586914, 22.5191507], [114.0587756, 22.519192], [114.0587949, 22.5191583], [114.0587107, 22.519117], [114.0587483, 22.5190516], [114.05884, 22.5190965], [114.0588581, 22.5190649], [114.059044, 22.5191559], [114.0590258, 22.5191875], [114.0591175, 22.5192325], [114.0590799, 22.5192979], [114.0589957, 22.5192567], [114.0589763, 22.5192903], [114.0590605, 22.5193316], [114.0590229, 22.5193971], [114.0589313, 22.5193522], [114.0589131, 22.5193838], [114.0587273, 22.5192927], [114.0587454, 22.5192611], [114.0586538, 22.5192162]]]]}}, {"type": "Feature", "id": "way/1431060060", "properties": {"tags": {"addr:housename": "银泰苑", "addr:housename:en": "Yintai Garden", "addr:housename:zh": "银泰苑", "building": "apartments", "building:levels": "12", "name": "3栋", "name:en": "Block 3", "name:zh": "3栋"}, "heightStatus": "levels_only_unverified", "source": "OpenStreetMap", "license": "ODbL-1.0"}, "geometry": {"type": "MultiPolygon", "coordinates": [[[[114.0592509, 22.5186752], [114.0592984, 22.5185925], [114.0593499, 22.5186178], [114.0593756, 22.518573], [114.0593241, 22.5185478], [114.0593716, 22.5184651], [114.0595951, 22.5185746], [114.0595476, 22.5186573], [114.059496, 22.518632], [114.0594703, 22.5186768], [114.0595219, 22.5187021], [114.0594744, 22.5187847], [114.0592509, 22.5186752]]]]}}, {"type": "Feature", "id": "way/1431060061", "properties": {"tags": {"addr:housename": "银泰苑", "addr:housename:en": "Yintai Garden", "addr:housename:zh": "银泰苑", "building": "apartments", "building:levels": "12", "name": "6栋", "name:en": "Block 6", "name:zh": "6栋"}, "heightStatus": "levels_only_unverified", "source": "OpenStreetMap", "license": "ODbL-1.0"}, "geometry": {"type": "MultiPolygon", "coordinates": [[[[114.0588816, 22.5188964], [114.0589291, 22.5188137], [114.0589635, 22.5188305], [114.0589907, 22.5187831], [114.0589735, 22.5187747], [114.059, 22.5187285], [114.0591892, 22.5188212], [114.0591627, 22.5188674], [114.0591455, 22.518859], [114.0591182, 22.5189064], [114.0591526, 22.5189232], [114.0591051, 22.5190059], [114.0588816, 22.5188964]]]]}}, {"type": "Feature", "id": "way/1431060062", "properties": {"tags": {"addr:housename": "银泰苑", "addr:housename:en": "Yintai Garden", "addr:housename:zh": "银泰苑", "building": "apartments", "building:levels": "12", "name": "4栋", "name:en": "Block 4", "name:zh": "4栋"}, "heightStatus": "levels_only_unverified", "source": "OpenStreetMap", "license": "ODbL-1.0"}, "geometry": {"type": "MultiPolygon", "coordinates": [[[[114.0594603, 22.5183518], [114.0595078, 22.5182691], [114.0595422, 22.5182859], [114.0595694, 22.5182385], [114.0595522, 22.5182301], [114.0595787, 22.5181839], [114.0597679, 22.5182766], [114.0597413, 22.5183227], [114.0597242, 22.5183143], [114.0596969, 22.5183618], [114.0597313, 22.5183786], [114.0596838, 22.5184613], [114.0594603, 22.5183518]]]]}}, {"type": "Feature", "id": "way/1431060063", "properties": {"tags": {"addr:housename": "银泰苑", "addr:housename:en": "Yintai Garden", "addr:housename:zh": "银泰苑", "building": "apartments", "building:levels": "12", "name": "5栋", "name:en": "Block 5", "name:zh": "5栋"}, "heightStatus": "levels_only_unverified", "source": "OpenStreetMap", "license": "ODbL-1.0"}, "geometry": {"type": "MultiPolygon", "coordinates": [[[[114.0592368, 22.5182422], [114.0592843, 22.5181596], [114.0593187, 22.5181764], [114.0593459, 22.518129], [114.0593287, 22.5181206], [114.0593552, 22.5180744], [114.0595444, 22.5181671], [114.0595179, 22.5182132], [114.0595007, 22.5182048], [114.0594734, 22.5182522], [114.0595078, 22.5182691], [114.0594603, 22.5183518], [114.0592368, 22.5182422]]]]}}, {"type": "Feature", "id": "way/1431060064", "properties": {"tags": {"addr:housename": "南光·名仕苑", "addr:housename:en": "Nanguang Ming Shi Garden", "addr:housename:zh": "南光·名仕苑", "building": "apartments", "building:levels": "25", "name": "9栋", "name:en": "Block 9", "name:zh": "9栋"}, "heightStatus": "levels_only_unverified", "source": "OpenStreetMap", "license": "ODbL-1.0"}, "geometry": {"type": "MultiPolygon", "coordinates": [[[[114.0591811, 22.5194668], [114.0592534, 22.5193423], [114.059322, 22.5193763], [114.0593447, 22.5193371], [114.0594944, 22.5194112], [114.0594716, 22.5194504], [114.0595394, 22.519484], [114.0595486, 22.5194681], [114.0596125, 22.5194998], [114.0595218, 22.519656], [114.0594579, 22.5196243], [114.0594671, 22.5196085], [114.0593993, 22.5195749], [114.0593822, 22.5196044], [114.0592326, 22.5195302], [114.0592497, 22.5195008], [114.0591811, 22.5194668]]]]}}, {"type": "Feature", "id": "way/1431060065", "properties": {"tags": {"addr:housename": "南光·名仕苑", "addr:housename:en": "Nanguang Ming Shi Garden", "addr:housename:zh": "南光·名仕苑", "building": "apartments", "building:levels": "9", "name": "1栋", "name:en": "Block 1", "name:zh": "1栋"}, "heightStatus": "levels_only_unverified", "source": "OpenStreetMap", "license": "ODbL-1.0"}, "geometry": {"type": "MultiPolygon", "coordinates": [[[[114.0600231, 22.5186415], [114.0601068, 22.5185527], [114.0604259, 22.5188092], [114.0603423, 22.518898], [114.0602983, 22.5188626], [114.0603176, 22.5188421], [114.0602646, 22.5187996], [114.0602453, 22.5188201], [114.0601949, 22.5187796], [114.0602306, 22.5187416], [114.0602062, 22.518722], [114.0601705, 22.51876], [114.0601201, 22.5187194], [114.0601394, 22.5186989], [114.0600864, 22.5186564], [114.0600671, 22.5186769], [114.0600231, 22.5186415]]]]}}, {"type": "Feature", "id": "way/1431060066", "properties": {"tags": {"addr:housename": "南光·名仕苑", "addr:housename:en": "Nanguang Ming Shi Garden", "addr:housename:zh": "南光·名仕苑", "building": "apartments", "building:levels": "9", "name": "5栋", "name:en": "Block 5", "name:zh": "5栋"}, "heightStatus": "levels_only_unverified", "source": "OpenStreetMap", "license": "ODbL-1.0"}, "geometry": {"type": "MultiPolygon", "coordinates": [[[[114.0597372, 22.519129], [114.0597918, 22.5190499], [114.0600285, 22.5191891], [114.0599739, 22.5192682], [114.0597372, 22.519129]]]]}}, {"type": "Feature", "id": "way/1431060067", "properties": {"tags": {"addr:housename": "南光·名仕苑", "addr:housename:en": "Nanguang Ming Shi Garden", "addr:housename:zh": "南光·名仕苑", "building": "apartments", "building:levels": "9", "name": "7栋", "name:en": "Block 7", "name:zh": "7栋"}, "heightStatus": "levels_only_unverified", "source": "OpenStreetMap", "license": "ODbL-1.0"}, "geometry": {"type": "MultiPolygon", "coordinates": [[[[114.0595666, 22.5193153], [114.0596211, 22.5192362], [114.0598282, 22.5193581], [114.0597736, 22.5194372], [114.0595666, 22.5193153]]]]}}, {"type": "Feature", "id": "way/1431060068", "properties": {"tags": {"addr:housename": "南光·名仕苑", "addr:housename:en": "Nanguang Ming Shi Garden", "addr:housename:zh": "南光·名仕苑", "building": "apartments", "building:levels": "9", "name": "8栋", "name:en": "Block 8", "name:zh": "8栋"}, "heightStatus": "levels_only_unverified", "source": "OpenStreetMap", "license": "ODbL-1.0"}, "geometry": {"type": "MultiPolygon", "coordinates": [[[[114.0593315, 22.5191485], [114.0594, 22.5190492], [114.0595784, 22.5191542], [114.0595392, 22.5192111], [114.0595255, 22.5192031], [114.0594963, 22.5192455], [114.0594399, 22.5192123], [114.0594557, 22.5191894], [114.0593965, 22.5191546], [114.0593807, 22.5191775], [114.0593315, 22.5191485]]]]}}, {"type": "Feature", "id": "way/1431060069", "properties": {"tags": {"addr:housename": "南光·名仕苑", "addr:housename:en": "Nanguang Ming Shi Garden", "addr:housename:zh": "南光·名仕苑", "building": "apartments", "building:levels": "9", "name": "3栋", "name:en": "Block 3", "name:zh": "3栋"}, "heightStatus": "levels_only_unverified", "source": "OpenStreetMap", "license": "ODbL-1.0"}, "geometry": {"type": "MultiPolygon", "coordinates": [[[[114.0599631, 22.5189467], [114.0600316, 22.5188474], [114.06021, 22.5189524], [114.0601707, 22.5190093], [114.0601571, 22.5190012], [114.0601278, 22.5190437], [114.0600715, 22.5190105], [114.0600873, 22.5189876], [114.0600281, 22.5189528], [114.0600123, 22.5189757], [114.0599631, 22.5189467]]]]}}, {"type": "Feature", "id": "way/1431060070", "properties": {"tags": {"addr:housename": "南光·名仕苑", "addr:housename:en": "Nanguang Ming Shi Garden", "addr:housename:zh": "南光·名仕苑", "building": "apartments", "building:levels": "9", "name": "2栋", "name:en": "Block 2", "name:zh": "2栋"}, "heightStatus": "levels_only_unverified", "source": "OpenStreetMap", "license": "ODbL-1.0"}, "geometry": {"type": "MultiPolygon", "coordinates": [[[[114.05979, 22.5184731], [114.0598585, 22.5183738], [114.0600369, 22.5184788], [114.0599976, 22.5185357], [114.059984, 22.5185277], [114.0599548, 22.5185701], [114.0598984, 22.5185369], [114.0599142, 22.518514], [114.059855, 22.5184792], [114.0598392, 22.5185021], [114.05979, 22.5184731]]]]}}, {"type": "Feature", "id": "way/1431060071", "properties": {"tags": {"addr:housename": "南光·名仕苑", "addr:housename:en": "Nanguang Ming Shi Garden", "addr:housename:zh": "南光·名仕苑", "building": "apartments", "building:levels": "9", "name": "4栋", "name:en": "Block 4", "name:zh": "4栋"}, "heightStatus": "levels_only_unverified", "source": "OpenStreetMap", "license": "ODbL-1.0"}, "geometry": {"type": "MultiPolygon", "coordinates": [[[[114.0596304, 22.5186949], [114.0596989, 22.5185956], [114.0598773, 22.5187006], [114.0598381, 22.5187574], [114.0598244, 22.5187494], [114.0597952, 22.5187919], [114.0597388, 22.5187587], [114.0597546, 22.5187358], [114.0596954, 22.5187009], [114.0596796, 22.5187238], [114.0596304, 22.5186949]]]]}}, {"type": "Feature", "id": "way/1431060072", "properties": {"tags": {"addr:housename": "南光·名仕苑", "addr:housename:en": "Nanguang Ming Shi Garden", "addr:housename:zh": "南光·名仕苑", "building": "apartments", "building:levels": "9", "name": "6栋", "name:en": "Block 6", "name:zh": "6栋"}, "heightStatus": "levels_only_unverified", "source": "OpenStreetMap", "license": "ODbL-1.0"}, "geometry": {"type": "MultiPolygon", "coordinates": [[[[114.0594705, 22.5189242], [114.059539, 22.5188249], [114.0597174, 22.5189299], [114.0596782, 22.5189867], [114.0596645, 22.5189787], [114.0596353, 22.5190211], [114.0595789, 22.5189879], [114.0595947, 22.518965], [114.0595355, 22.5189302], [114.0595197, 22.5189531], [114.0594705, 22.5189242]]]]}}, {"type": "Feature", "id": "way/1431060073", "properties": {"tags": {"addr:housename": "新桂花村", "addr:housename:en": "Xinguihua Estate", "addr:housename:zh": "新桂花村", "building": "apartments", "name": "3号楼", "name:en": "Block 3", "name:zh": "3号楼"}, "heightStatus": "unknown", "source": "OpenStreetMap", "license": "ODbL-1.0"}, "geometry": {"type": "MultiPolygon", "coordinates": [[[[114.0600958, 22.5193607], [114.0601212, 22.5193013], [114.0601315, 22.519305], [114.0601639, 22.5192292], [114.0602733, 22.519269], [114.0602408, 22.5193449], [114.0602511, 22.5193486], [114.0602413, 22.5193716], [114.060251, 22.5193751], [114.0602834, 22.5192992], [114.0603927, 22.5193391], [114.0603603, 22.519415], [114.0603706, 22.5194187], [114.0603584, 22.5194479], [114.0603687, 22.5194516], [114.0604011, 22.5193757], [114.0605105, 22.5194156], [114.0604781, 22.5194915], [114.0604883, 22.5194952], [114.0604629, 22.5195547], [114.0604267, 22.5195415], [114.0604305, 22.5195326], [114.060373, 22.5195116], [114.0603692, 22.5195205], [114.060333, 22.5195073], [114.0603452, 22.5194782], [114.060309, 22.519465], [114.0603128, 22.5194561], [114.0602553, 22.5194351], [114.0602515, 22.519444], [114.0602153, 22.5194308], [114.0602251, 22.5194079], [114.0601895, 22.5193949], [114.0601933, 22.519386], [114.0601358, 22.519365], [114.060132, 22.5193739], [114.0600958, 22.5193607]]]]}}, {"type": "Feature", "id": "way/1431060074", "properties": {"tags": {"addr:housename": "新桂花村", "addr:housename:en": "Xinguihua Estate", "addr:housename:zh": "新桂花村", "building": "apartments", "name": "1号楼", "name:en": "Block 1", "name:zh": "1号楼"}, "heightStatus": "unknown", "source": "OpenStreetMap", "license": "ODbL-1.0"}, "geometry": {"type": "MultiPolygon", "coordinates": [[[[114.0596598, 22.5197271], [114.0596787, 22.519677], [114.0596891, 22.5196804], [114.0596993, 22.5196534], [114.0597256, 22.5196618], [114.0597318, 22.5196456], [114.0598038, 22.5196688], [114.0597976, 22.5196851], [114.0598237, 22.5196935], [114.0598025, 22.5197496], [114.0598234, 22.5197563], [114.0598336, 22.5197292], [114.0598599, 22.5197377], [114.059866, 22.5197215], [114.0599381, 22.5197447], [114.0599319, 22.5197609], [114.059958, 22.5197693], [114.0599368, 22.5198254], [114.0599571, 22.5198329], [114.0599673, 22.5198058], [114.0599937, 22.5198143], [114.0599998, 22.5197981], [114.0600718, 22.5198213], [114.0600657, 22.5198375], [114.0600918, 22.5198459], [114.0600816, 22.519873], [114.0600922, 22.5198764], [114.0600733, 22.5199265], [114.0599278, 22.5198796], [114.0599391, 22.5198497], [114.059794, 22.519803], [114.059805, 22.5197739], [114.0596598, 22.5197271]]]]}}, {"type": "Feature", "id": "way/1431060075", "properties": {"tags": {"addr:housename": "新桂花村", "addr:housename:en": "Xinguihua Estate", "addr:housename:zh": "新桂花村", "building": "apartments", "name": "2号楼", "name:en": "Block 2", "name:zh": "2号楼"}, "heightStatus": "unknown", "source": "OpenStreetMap", "license": "ODbL-1.0"}, "geometry": {"type": "MultiPolygon", "coordinates": [[[[114.0598637, 22.5195308], [114.0598826, 22.5194807], [114.059893, 22.5194841], [114.0599032, 22.519457], [114.0599295, 22.5194655], [114.0599357, 22.5194493], [114.0600077, 22.5194725], [114.0600015, 22.5194887], [114.0600276, 22.5194971], [114.0600064, 22.5195532], [114.0600273, 22.5195599], [114.0600375, 22.5195329], [114.0600638, 22.5195414], [114.0600699, 22.5195251], [114.060142, 22.5195484], [114.0601358, 22.5195646], [114.0601619, 22.519573], [114.0601407, 22.5196291], [114.060161, 22.5196365], [114.0601712, 22.5196095], [114.0601976, 22.519618], [114.0602037, 22.5196017], [114.0602757, 22.5196249], [114.0602696, 22.5196412], [114.0602957, 22.5196496], [114.0602855, 22.5196766], [114.0602961, 22.5196801], [114.0602772, 22.5197301], [114.0601317, 22.5196833], [114.060143, 22.5196534], [114.0599979, 22.5196067], [114.0600089, 22.5195776], [114.0598637, 22.5195308]]]]}}, {"type": "Feature", "id": "way/1431113774", "properties": {"tags": {"addr:housename": "嘉意台", "addr:housename:en": "Jiayi Terrace", "addr:housename:zh": "嘉意台", "building": "apartments", "layer": "1", "name": "中座", "name:en": "Central Block", "name:zh": "中座"}, "heightStatus": "unknown", "source": "OpenStreetMap", "license": "ODbL-1.0"}, "geometry": {"type": "MultiPolygon", "coordinates": [[[[114.0596199, 22.5230048], [114.059637, 22.5229413], [114.059689, 22.5229532], [114.0596999, 22.5229129], [114.0596478, 22.522901], [114.0596677, 22.5228269], [114.0600064, 22.5229046], [114.0599865, 22.5229787], [114.0599345, 22.5229667], [114.0599236, 22.523007], [114.0599757, 22.523019], [114.0599586, 22.5230825], [114.0598139, 22.5230493], [114.059831, 22.5229856], [114.0597817, 22.5229743], [114.0597646, 22.523038], [114.0596199, 22.5230048]]]]}}, {"type": "Feature", "id": "way/1431113775", "properties": {"tags": {"addr:housename": "嘉意台", "addr:housename:en": "Jiayi Terrace", "addr:housename:zh": "嘉意台", "building": "apartments", "layer": "1", "name": "北座", "name:en": "North Block", "name:zh": "北座"}, "heightStatus": "unknown", "source": "OpenStreetMap", "license": "ODbL-1.0"}, "geometry": {"type": "MultiPolygon", "coordinates": [[[[114.0595225, 22.5233707], [114.0595396, 22.5233072], [114.0595916, 22.5233191], [114.0596025, 22.5232788], [114.0595504, 22.5232669], [114.0595703, 22.5231928], [114.059909, 22.5232705], [114.0598891, 22.5233446], [114.0598371, 22.5233326], [114.0598262, 22.523373], [114.0598783, 22.5233849], [114.0598612, 22.5234484], [114.0597165, 22.5234152], [114.0597336, 22.5233516], [114.0596843, 22.5233403], [114.0596672, 22.5234039], [114.0595225, 22.5233707]]]]}}, {"type": "Feature", "id": "way/1431113776", "properties": {"tags": {"addr:housename": "嘉意台", "addr:housename:en": "Jiayi Terrace", "addr:housename:zh": "嘉意台", "building": "apartments", "layer": "1", "name": "南座", "name:en": "South Block", "name:zh": "南座"}, "heightStatus": "unknown", "source": "OpenStreetMap", "license": "ODbL-1.0"}, "geometry": {"type": "MultiPolygon", "coordinates": [[[[114.0597173, 22.5226453], [114.0597372, 22.5225713], [114.0597892, 22.5225832], [114.0598001, 22.5225429], [114.059748, 22.522531], [114.0597651, 22.5224674], [114.0599098, 22.5225006], [114.0598927, 22.5225643], [114.059942, 22.5225756], [114.0599591, 22.5225119], [114.0601038, 22.5225451], [114.0600867, 22.5226087], [114.0600347, 22.5225967], [114.0600238, 22.5226371], [114.0600759, 22.522649], [114.060056, 22.522723], [114.0597173, 22.5226453]]]]}}, {"type": "Feature", "id": "relation/19621055", "properties": {"tags": {"building": "school"}, "heightStatus": "unknown", "source": "OpenStreetMap", "license": "ODbL-1.0"}, "geometry": {"type": "MultiPolygon", "coordinates": [[[[114.0588637, 22.5230365], [114.0589156, 22.522839], [114.0591035, 22.5228812], [114.0591437, 22.5227281], [114.0590636, 22.5227102], [114.0590863, 22.5226239], [114.0590344, 22.5226123], [114.0591026, 22.5223533], [114.0592324, 22.5223824], [114.0591643, 22.5226414], [114.0595613, 22.5227306], [114.0594629, 22.5231047], [114.0591085, 22.5230252], [114.059092, 22.5230877], [114.0588637, 22.5230365]], [[114.0591629, 22.5229541], [114.0593998, 22.5230073], [114.0594549, 22.522798], [114.059218, 22.5227448], [114.0591629, 22.5229541]]]]}}, {"type": "Feature", "id": "way/1431113782", "properties": {"tags": {"addr:housename": "御庭园", "addr:housename:en": "Yutingyuan", "addr:housename:zh": "御庭园", "building": "apartments", "name": "嘉华庭", "name:en": "Jiahua Court", "name:zh": "嘉华庭"}, "heightStatus": "unknown", "source": "OpenStreetMap", "license": "ODbL-1.0"}, "geometry": {"type": "MultiPolygon", "coordinates": [[[[114.0596822, 22.5222436], [114.0596915, 22.5221806], [114.059914, 22.5222085], [114.0599047, 22.5222712], [114.0598468, 22.522264], [114.0598438, 22.5222848], [114.0598823, 22.5222897], [114.0598743, 22.5223443], [114.0596905, 22.5223213], [114.0596985, 22.5222668], [114.059737, 22.5222716], [114.0597401, 22.5222509], [114.0596822, 22.5222436]]]]}}, {"type": "Feature", "id": "way/1431113783", "properties": {"tags": {"addr:housename": "御庭园", "addr:housename:en": "Yutingyuan", "addr:housename:zh": "御庭园", "building": "apartments", "name": "景华庭", "name:en": "Jinghua Court", "name:zh": "景华庭"}, "heightStatus": "unknown", "source": "OpenStreetMap", "license": "ODbL-1.0"}, "geometry": {"type": "MultiPolygon", "coordinates": [[[[114.0597335, 22.5218947], [114.0597427, 22.5218317], [114.0598006, 22.5218389], [114.0598036, 22.5218182], [114.0597651, 22.5218134], [114.0597731, 22.5217589], [114.0599569, 22.5217819], [114.0599489, 22.5218365], [114.0599103, 22.5218317], [114.0599072, 22.5218526], [114.0599652, 22.5218598], [114.059956, 22.5219225], [114.0597335, 22.5218947]]]]}}, {"type": "Feature", "id": "way/1431113784", "properties": {"tags": {"addr:housename": "御庭园", "addr:housename:en": "Yutingyuan", "addr:housename:zh": "御庭园", "building": "apartments", "name": "风华庭", "name:en": "Fenghua Court", "name:zh": "风华庭"}, "heightStatus": "unknown", "source": "OpenStreetMap", "license": "ODbL-1.0"}, "geometry": {"type": "MultiPolygon", "coordinates": [[[[114.059935, 22.5220655], [114.059956, 22.5219225], [114.0599652, 22.5218598], [114.0600333, 22.5218684], [114.0600254, 22.521922], [114.0600479, 22.5219248], [114.0600531, 22.5218892], [114.0601123, 22.5218966], [114.0600873, 22.5220664], [114.0600284, 22.522059], [114.0600336, 22.5220234], [114.0600112, 22.5220206], [114.0600033, 22.5220741], [114.059935, 22.5220655]]]]}}, {"type": "Feature", "id": "way/1431113785", "properties": {"tags": {"addr:housename": "御庭园", "addr:housename:en": "Yutingyuan", "addr:housename:zh": "御庭园", "building": "apartments", "name": "逸华庭", "name:en": "Yihua Court", "name:zh": "逸华庭"}, "heightStatus": "unknown", "source": "OpenStreetMap", "license": "ODbL-1.0"}, "geometry": {"type": "MultiPolygon", "coordinates": [[[[114.0599047, 22.5222712], [114.059914, 22.5222085], [114.059935, 22.5220655], [114.0600033, 22.5220741], [114.0599955, 22.5221276], [114.0600179, 22.5221304], [114.0600231, 22.5220948], [114.0600821, 22.5221022], [114.0600571, 22.522272], [114.059998, 22.5222646], [114.0600032, 22.5222289], [114.0599807, 22.5222261], [114.0599729, 22.5222797], [114.0599047, 22.5222712]]]]}}, {"type": "Feature", "id": "relation/19621058", "properties": {"tags": {"building": "school", "building:levels": "7"}, "heightStatus": "levels_only_unverified", "source": "OpenStreetMap", "license": "ODbL-1.0"}, "geometry": {"type": "MultiPolygon", "coordinates": [[[[114.0569613, 22.5210425], [114.0569626, 22.5209608], [114.0575415, 22.5209685], [114.0575439, 22.5208096], [114.0576251, 22.5208107], [114.0576214, 22.5210512], [114.0576171, 22.5213278], [114.0571608, 22.5213218], [114.0571583, 22.5214881], [114.0573072, 22.52149], [114.057306, 22.5215647], [114.0569695, 22.5215603], [114.0569752, 22.5211963], [114.0571328, 22.5211983], [114.0571352, 22.5210448], [114.0569613, 22.5210425]], [[114.0571621, 22.5212414], [114.0572404, 22.5212424], [114.0572409, 22.5212106], [114.0573196, 22.5212116], [114.0573191, 22.5212435], [114.0575371, 22.5212464], [114.0575402, 22.5210502], [114.0571651, 22.5210452], [114.0571621, 22.5212414]]]]}}, {"type": "Feature", "id": "way/1431113792", "properties": {"tags": {"building": "school"}, "heightStatus": "unknown", "source": "OpenStreetMap", "license": "ODbL-1.0"}, "geometry": {"type": "MultiPolygon", "coordinates": [[[[114.0565871, 22.5215538], [114.0565894, 22.521404], [114.0569218, 22.5214084], [114.0569195, 22.5215583], [114.0565871, 22.5215538]]]]}}, {"type": "Feature", "id": "way/1431113793", "properties": {"tags": {"building": "apartments"}, "heightStatus": "unknown", "source": "OpenStreetMap", "license": "ODbL-1.0"}, "geometry": {"type": "MultiPolygon", "coordinates": [[[[114.0570031, 22.5217282], [114.0570035, 22.5216533], [114.057023, 22.5216534], [114.057023, 22.5216452], [114.0571005, 22.5216455], [114.0571005, 22.5216538], [114.0571199, 22.5216538], [114.0571195, 22.5217287], [114.0570907, 22.5217286], [114.0570907, 22.5217376], [114.0570319, 22.5217373], [114.057032, 22.5217283], [114.0570031, 22.5217282]]]]}}, {"type": "Feature", "id": "way/1431113794", "properties": {"tags": {"building": "apartments"}, "heightStatus": "unknown", "source": "OpenStreetMap", "license": "ODbL-1.0"}, "geometry": {"type": "MultiPolygon", "coordinates": [[[[114.0567371, 22.5217268], [114.0567375, 22.5216519], [114.056757, 22.521652], [114.056757, 22.5216438], [114.0568345, 22.5216441], [114.0568345, 22.5216524], [114.0568539, 22.5216525], [114.0568535, 22.5217273], [114.0568247, 22.5217272], [114.0568246, 22.5217362], [114.0567659, 22.5217359], [114.0567659, 22.5217269], [114.0567371, 22.5217268]]]]}}, {"type": "Feature", "id": "way/1431113795", "properties": {"tags": {"building": "apartments"}, "heightStatus": "unknown", "source": "OpenStreetMap", "license": "ODbL-1.0"}, "geometry": {"type": "MultiPolygon", "coordinates": [[[[114.0571359, 22.5217288], [114.0571363, 22.5216539], [114.0571557, 22.521654], [114.0571558, 22.5216458], [114.0572333, 22.5216461], [114.0572333, 22.5216544], [114.0572527, 22.5216544], [114.0572523, 22.5217293], [114.0572235, 22.5217292], [114.0572234, 22.5217382], [114.0571647, 22.5217379], [114.0571647, 22.5217289], [114.0571359, 22.5217288]]]]}}, {"type": "Feature", "id": "way/1431113796", "properties": {"tags": {"building": "apartments"}, "heightStatus": "unknown", "source": "OpenStreetMap", "license": "ODbL-1.0"}, "geometry": {"type": "MultiPolygon", "coordinates": [[[[114.0566043, 22.5217262], [114.0566047, 22.5216513], [114.0566242, 22.5216514], [114.0566242, 22.5216432], [114.0567017, 22.5216435], [114.0567017, 22.5216518], [114.0567212, 22.5216519], [114.0567208, 22.5217267], [114.0566919, 22.5217266], [114.0566919, 22.5217356], [114.0566331, 22.5217353], [114.0566332, 22.5217263], [114.0566043, 22.5217262]]]]}}, {"type": "Feature", "id": "way/1431113797", "properties": {"tags": {"building": "apartments"}, "heightStatus": "unknown", "source": "OpenStreetMap", "license": "ODbL-1.0"}, "geometry": {"type": "MultiPolygon", "coordinates": [[[[114.0568699, 22.5217274], [114.0568703, 22.5216525], [114.0568897, 22.5216526], [114.0568898, 22.5216444], [114.0569673, 22.5216447], [114.0569672, 22.521653], [114.0569867, 22.5216531], [114.0569863, 22.5217279], [114.0569575, 22.5217278], [114.0569574, 22.5217368], [114.0568987, 22.5217365], [114.0568987, 22.5217275], [114.0568699, 22.5217274]]]]}}, {"type": "Feature", "id": "way/1431113798", "properties": {"tags": {"building": "apartments"}, "heightStatus": "unknown", "source": "OpenStreetMap", "license": "ODbL-1.0"}, "geometry": {"type": "MultiPolygon", "coordinates": [[[[114.057135, 22.5219539], [114.0571354, 22.521879], [114.0571548, 22.5218791], [114.0571549, 22.5218708], [114.0572074, 22.5218711], [114.0572069, 22.5219631], [114.0571638, 22.521963], [114.0571638, 22.521954], [114.057135, 22.5219539]]]]}}, {"type": "Feature", "id": "way/1431113799", "properties": {"tags": {"building": "apartments"}, "heightStatus": "unknown", "source": "OpenStreetMap", "license": "ODbL-1.0"}, "geometry": {"type": "MultiPolygon", "coordinates": [[[[114.0571355, 22.5218413], [114.0571359, 22.5217664], [114.0571553, 22.5217665], [114.0571553, 22.5217583], [114.0572329, 22.5217586], [114.0572328, 22.5217669], [114.0572523, 22.521767], [114.0572519, 22.5218418], [114.057223, 22.5218417], [114.057223, 22.5218507], [114.0571642, 22.5218504], [114.0571643, 22.5218414], [114.0571355, 22.5218413]]]]}}, {"type": "Feature", "id": "way/1431113800", "properties": {"tags": {"building": "apartments"}, "heightStatus": "unknown", "source": "OpenStreetMap", "license": "ODbL-1.0"}, "geometry": {"type": "MultiPolygon", "coordinates": [[[[114.057772, 22.5211202], [114.0578083, 22.5210231], [114.0578966, 22.5210513], [114.0578603, 22.5211484], [114.057772, 22.5211202]]]]}}, {"type": "Feature", "id": "way/1431113801", "properties": {"tags": {"building": "apartments"}, "heightStatus": "unknown", "source": "OpenStreetMap", "license": "ODbL-1.0"}, "geometry": {"type": "MultiPolygon", "coordinates": [[[[114.0578155, 22.5210037], [114.0578518, 22.5209066], [114.0579401, 22.5209348], [114.0579038, 22.5210319], [114.0578155, 22.5210037]]]]}}, {"type": "Feature", "id": "way/1431113802", "properties": {"tags": {"building": "apartments"}, "heightStatus": "unknown", "source": "OpenStreetMap", "license": "ODbL-1.0"}, "geometry": {"type": "MultiPolygon", "coordinates": [[[[114.058256, 22.5212748], [114.0582923, 22.5211777], [114.0583806, 22.5212058], [114.0583442, 22.521303], [114.058256, 22.5212748]]]]}}, {"type": "Feature", "id": "way/1431113803", "properties": {"tags": {"building": "apartments"}, "heightStatus": "unknown", "source": "OpenStreetMap", "license": "ODbL-1.0"}, "geometry": {"type": "MultiPolygon", "coordinates": [[[[114.0582121, 22.5213916], [114.0582485, 22.5212945], [114.0583367, 22.5213226], [114.0583004, 22.5214198], [114.0582121, 22.5213916]]]]}}, {"type": "Feature", "id": "way/1431113804", "properties": {"tags": {"building": "apartments"}, "heightStatus": "unknown", "source": "OpenStreetMap", "license": "ODbL-1.0"}, "geometry": {"type": "MultiPolygon", "coordinates": [[[[114.0582649, 22.5215393], [114.0583012, 22.5214421], [114.0583895, 22.5214703], [114.0583532, 22.5215674], [114.0582649, 22.5215393]]]]}}, {"type": "Feature", "id": "way/1431113805", "properties": {"tags": {"building": "apartments"}, "heightStatus": "unknown", "source": "OpenStreetMap", "license": "ODbL-1.0"}, "geometry": {"type": "MultiPolygon", "coordinates": [[[[114.0581682, 22.5215084], [114.0582045, 22.5214113], [114.0582928, 22.5214394], [114.0582564, 22.5215366], [114.0581682, 22.5215084]]]]}}, {"type": "Feature", "id": "way/1431113806", "properties": {"tags": {"building": "apartments"}, "heightStatus": "unknown", "source": "OpenStreetMap", "license": "ODbL-1.0"}, "geometry": {"type": "MultiPolygon", "coordinates": [[[[114.0580714, 22.5214774], [114.0581077, 22.5213803], [114.058196, 22.5214085], [114.0581597, 22.5215056], [114.0580714, 22.5214774]]]]}}, {"type": "Feature", "id": "way/1431113807", "properties": {"tags": {"building": "apartments"}, "heightStatus": "unknown", "source": "OpenStreetMap", "license": "ODbL-1.0"}, "geometry": {"type": "MultiPolygon", "coordinates": [[[[114.0580186, 22.5213298], [114.0580549, 22.5212326], [114.0581432, 22.5212608], [114.0581069, 22.5213579], [114.0580186, 22.5213298]]]]}}, {"type": "Feature", "id": "way/1431113808", "properties": {"tags": {"building": "apartments"}, "heightStatus": "unknown", "source": "OpenStreetMap", "license": "ODbL-1.0"}, "geometry": {"type": "MultiPolygon", "coordinates": [[[[114.0579219, 22.5212989], [114.0579582, 22.5212018], [114.0580465, 22.5212299], [114.0580101, 22.5213271], [114.0579219, 22.5212989]]]]}}, {"type": "Feature", "id": "way/1431113809", "properties": {"tags": {"building": "apartments"}, "heightStatus": "unknown", "source": "OpenStreetMap", "license": "ODbL-1.0"}, "geometry": {"type": "MultiPolygon", "coordinates": [[[[114.0578251, 22.521268], [114.0578615, 22.5211709], [114.0579497, 22.5211991], [114.0579134, 22.5212962], [114.0578251, 22.521268]]]]}}, {"type": "Feature", "id": "way/1431113810", "properties": {"tags": {"building": "apartments"}, "heightStatus": "unknown", "source": "OpenStreetMap", "license": "ODbL-1.0"}, "geometry": {"type": "MultiPolygon", "coordinates": [[[[114.0581152, 22.5213606], [114.0581515, 22.5212635], [114.0582398, 22.5212917], [114.0582035, 22.5213888], [114.0581152, 22.5213606]]]]}}, {"type": "Feature", "id": "way/1431113811", "properties": {"tags": {"building": "apartments"}, "heightStatus": "unknown", "source": "OpenStreetMap", "license": "ODbL-1.0"}, "geometry": {"type": "MultiPolygon", "coordinates": [[[[114.0579747, 22.5214466], [114.058011, 22.5213494], [114.0580992, 22.5213776], [114.0580629, 22.5214747], [114.0579747, 22.5214466]]]]}}, {"type": "Feature", "id": "way/1431113812", "properties": {"tags": {"building": "apartments"}, "heightStatus": "unknown", "source": "OpenStreetMap", "license": "ODbL-1.0"}, "geometry": {"type": "MultiPolygon", "coordinates": [[[[114.0578779, 22.5214157], [114.0579142, 22.5213186], [114.0580025, 22.5213467], [114.0579662, 22.5214439], [114.0578779, 22.5214157]]]]}}, {"type": "Feature", "id": "way/1431113813", "properties": {"tags": {"building": "apartments"}, "heightStatus": "unknown", "source": "OpenStreetMap", "license": "ODbL-1.0"}, "geometry": {"type": "MultiPolygon", "coordinates": [[[[114.0577812, 22.5213848], [114.0578175, 22.5212877], [114.0579058, 22.5213159], [114.0578694, 22.521413], [114.0577812, 22.5213848]]]]}}, {"type": "Feature", "id": "way/1431113814", "properties": {"tags": {"building": "apartments"}, "heightStatus": "unknown", "source": "OpenStreetMap", "license": "ODbL-1.0"}, "geometry": {"type": "MultiPolygon", "coordinates": [[[[114.0581592, 22.5212438], [114.0581955, 22.5211467], [114.0582838, 22.5211749], [114.0582474, 22.521272], [114.0581592, 22.5212438]]]]}}, {"type": "Feature", "id": "way/1431113815", "properties": {"tags": {"building": "apartments"}, "heightStatus": "unknown", "source": "OpenStreetMap", "license": "ODbL-1.0"}, "geometry": {"type": "MultiPolygon", "coordinates": [[[[114.0580624, 22.521213], [114.0580988, 22.5211158], [114.058187, 22.521144], [114.0581507, 22.5212411], [114.0580624, 22.521213]]]]}}, {"type": "Feature", "id": "way/1431113816", "properties": {"tags": {"building": "apartments"}, "heightStatus": "unknown", "source": "OpenStreetMap", "license": "ODbL-1.0"}, "geometry": {"type": "MultiPolygon", "coordinates": [[[[114.0579657, 22.5211821], [114.058002, 22.521085], [114.0580903, 22.5211131], [114.058054, 22.5212103], [114.0579657, 22.5211821]]]]}}, {"type": "Feature", "id": "way/1431113817", "properties": {"tags": {"building": "apartments"}, "heightStatus": "unknown", "source": "OpenStreetMap", "license": "ODbL-1.0"}, "geometry": {"type": "MultiPolygon", "coordinates": [[[[114.057869, 22.5211512], [114.0579053, 22.5210541], [114.0579935, 22.5210823], [114.0579572, 22.5211794], [114.057869, 22.5211512]]]]}}, {"type": "Feature", "id": "way/1431113818", "properties": {"tags": {"building": "apartments"}, "heightStatus": "unknown", "source": "OpenStreetMap", "license": "ODbL-1.0"}, "geometry": {"type": "MultiPolygon", "coordinates": [[[[114.0582027, 22.5211273], [114.058239, 22.5210302], [114.0583273, 22.5210584], [114.0582909, 22.5211555], [114.0582027, 22.5211273]]]]}}, {"type": "Feature", "id": "way/1431113819", "properties": {"tags": {"building": "apartments"}, "heightStatus": "unknown", "source": "OpenStreetMap", "license": "ODbL-1.0"}, "geometry": {"type": "MultiPolygon", "coordinates": [[[[114.0581059, 22.5210964], [114.0581423, 22.5209993], [114.0582305, 22.5210275], [114.0581942, 22.5211246], [114.0581059, 22.5210964]]]]}}, {"type": "Feature", "id": "way/1431113820", "properties": {"tags": {"building": "apartments"}, "heightStatus": "unknown", "source": "OpenStreetMap", "license": "ODbL-1.0"}, "geometry": {"type": "MultiPolygon", "coordinates": [[[[114.0580092, 22.5210655], [114.0580455, 22.5209684], [114.0581338, 22.5209966], [114.0580975, 22.5210937], [114.0580092, 22.5210655]]]]}}, {"type": "Feature", "id": "way/1431113821", "properties": {"tags": {"building": "apartments"}, "heightStatus": "unknown", "source": "OpenStreetMap", "license": "ODbL-1.0"}, "geometry": {"type": "MultiPolygon", "coordinates": [[[[114.0579124, 22.5210347], [114.0579488, 22.5209376], [114.058037, 22.5209657], [114.0580007, 22.5210628], [114.0579124, 22.5210347]]]]}}, {"type": "Feature", "id": "way/1431113822", "properties": {"tags": {"building": "apartments"}, "heightStatus": "unknown", "source": "OpenStreetMap", "license": "ODbL-1.0"}, "geometry": {"type": "MultiPolygon", "coordinates": [[[[114.0587814, 22.5220211], [114.0588748, 22.5220183], [114.0588784, 22.522121], [114.0587851, 22.5221238], [114.0587814, 22.5220211]]]]}}, {"type": "Feature", "id": "way/1431113823", "properties": {"tags": {"building": "apartments"}, "heightStatus": "unknown", "source": "OpenStreetMap", "license": "ODbL-1.0"}, "geometry": {"type": "MultiPolygon", "coordinates": [[[[114.0587857, 22.5221447], [114.058879, 22.5221419], [114.0588827, 22.5222446], [114.0587893, 22.5222474], [114.0587857, 22.5221447]]]]}}, {"type": "Feature", "id": "way/1431113824", "properties": {"tags": {"building": "apartments"}, "heightStatus": "unknown", "source": "OpenStreetMap", "license": "ODbL-1.0"}, "geometry": {"type": "MultiPolygon", "coordinates": [[[[114.0586834, 22.5221478], [114.0587767, 22.522145], [114.0587804, 22.5222477], [114.058687, 22.5222505], [114.0586834, 22.5221478]]]]}}, {"type": "Feature", "id": "way/1431113825", "properties": {"tags": {"building": "apartments"}, "heightStatus": "unknown", "source": "OpenStreetMap", "license": "ODbL-1.0"}, "geometry": {"type": "MultiPolygon", "coordinates": [[[[114.0585811, 22.5221509], [114.0586744, 22.5221481], [114.0586781, 22.5222508], [114.0585847, 22.5222536], [114.0585811, 22.5221509]]]]}}, {"type": "Feature", "id": "way/1431113826", "properties": {"tags": {"building": "apartments"}, "heightStatus": "unknown", "source": "OpenStreetMap", "license": "ODbL-1.0"}, "geometry": {"type": "MultiPolygon", "coordinates": [[[[114.0584788, 22.522154], [114.0585721, 22.5221512], [114.0585758, 22.5222538], [114.0584824, 22.5222567], [114.0584788, 22.522154]]]]}}, {"type": "Feature", "id": "way/1431113827", "properties": {"tags": {"building": "apartments"}, "heightStatus": "unknown", "source": "OpenStreetMap", "license": "ODbL-1.0"}, "geometry": {"type": "MultiPolygon", "coordinates": [[[[114.058747, 22.5210349], [114.0588403, 22.5210321], [114.0588439, 22.5211348], [114.0587506, 22.5211376], [114.058747, 22.5210349]]]]}}, {"type": "Feature", "id": "way/1431113828", "properties": {"tags": {"building": "apartments"}, "heightStatus": "unknown", "source": "OpenStreetMap", "license": "ODbL-1.0"}, "geometry": {"type": "MultiPolygon", "coordinates": [[[[114.0586447, 22.521038], [114.058738, 22.5210352], [114.0587416, 22.5211379], [114.0586483, 22.5211407], [114.0586447, 22.521038]]]]}}, {"type": "Feature", "id": "way/1431113829", "properties": {"tags": {"building": "apartments"}, "heightStatus": "unknown", "source": "OpenStreetMap", "license": "ODbL-1.0"}, "geometry": {"type": "MultiPolygon", "coordinates": [[[[114.0585424, 22.5210411], [114.0586357, 22.5210383], [114.0586393, 22.521141], [114.058546, 22.5211438], [114.0585424, 22.5210411]]]]}}, {"type": "Feature", "id": "way/1431113830", "properties": {"tags": {"building": "apartments"}, "heightStatus": "unknown", "source": "OpenStreetMap", "license": "ODbL-1.0"}, "geometry": {"type": "MultiPolygon", "coordinates": [[[[114.0584401, 22.5210442], [114.0585334, 22.5210414], [114.058537, 22.5211441], [114.0584437, 22.5211469], [114.0584401, 22.5210442]]]]}}, {"type": "Feature", "id": "way/1431113831", "properties": {"tags": {"building": "apartments"}, "heightStatus": "unknown", "source": "OpenStreetMap", "license": "ODbL-1.0"}, "geometry": {"type": "MultiPolygon", "coordinates": [[[[114.0587513, 22.5211575], [114.0588446, 22.5211547], [114.0588483, 22.5212574], [114.0587549, 22.5212602], [114.0587513, 22.5211575]]]]}}, {"type": "Feature", "id": "way/1431113832", "properties": {"tags": {"building": "apartments"}, "heightStatus": "unknown", "source": "OpenStreetMap", "license": "ODbL-1.0"}, "geometry": {"type": "MultiPolygon", "coordinates": [[[[114.058649, 22.5211606], [114.0587423, 22.5211578], [114.058746, 22.5212605], [114.0586526, 22.5212633], [114.058649, 22.5211606]]]]}}, {"type": "Feature", "id": "way/1431113833", "properties": {"tags": {"building": "apartments"}, "heightStatus": "unknown", "source": "OpenStreetMap", "license": "ODbL-1.0"}, "geometry": {"type": "MultiPolygon", "coordinates": [[[[114.0585467, 22.5211637], [114.05864, 22.5211609], [114.0586437, 22.5212636], [114.0585503, 22.5212664], [114.0585467, 22.5211637]]]]}}, {"type": "Feature", "id": "way/1431113834", "properties": {"tags": {"building": "apartments"}, "heightStatus": "unknown", "source": "OpenStreetMap", "license": "ODbL-1.0"}, "geometry": {"type": "MultiPolygon", "coordinates": [[[[114.0584444, 22.5211668], [114.0585377, 22.521164], [114.0585414, 22.5212667], [114.058448, 22.5212695], [114.0584444, 22.5211668]]]]}}, {"type": "Feature", "id": "way/1431113835", "properties": {"tags": {"building": "apartments"}, "heightStatus": "unknown", "source": "OpenStreetMap", "license": "ODbL-1.0"}, "geometry": {"type": "MultiPolygon", "coordinates": [[[[114.0587555, 22.5212811], [114.0588489, 22.5212783], [114.0588525, 22.5213809], [114.0587592, 22.5213838], [114.0587555, 22.5212811]]]]}}, {"type": "Feature", "id": "way/1431113836", "properties": {"tags": {"building": "apartments"}, "heightStatus": "unknown", "source": "OpenStreetMap", "license": "ODbL-1.0"}, "geometry": {"type": "MultiPolygon", "coordinates": [[[[114.0586532, 22.5212842], [114.0587466, 22.5212813], [114.0587502, 22.521384], [114.0586569, 22.5213869], [114.0586532, 22.5212842]]]]}}, {"type": "Feature", "id": "way/1431113837", "properties": {"tags": {"building": "apartments"}, "heightStatus": "unknown", "source": "OpenStreetMap", "license": "ODbL-1.0"}, "geometry": {"type": "MultiPolygon", "coordinates": [[[[114.0585509, 22.5212873], [114.0586443, 22.5212844], [114.0586479, 22.5213871], [114.0585546, 22.52139], [114.0585509, 22.5212873]]]]}}, {"type": "Feature", "id": "way/1431113838", "properties": {"tags": {"building": "apartments"}, "heightStatus": "unknown", "source": "OpenStreetMap", "license": "ODbL-1.0"}, "geometry": {"type": "MultiPolygon", "coordinates": [[[[114.0584486, 22.5212904], [114.058542, 22.5212875], [114.0585456, 22.5213902], [114.0584523, 22.5213931], [114.0584486, 22.5212904]]]]}}, {"type": "Feature", "id": "way/1431113839", "properties": {"tags": {"building": "apartments"}, "heightStatus": "unknown", "source": "OpenStreetMap", "license": "ODbL-1.0"}, "geometry": {"type": "MultiPolygon", "coordinates": [[[[114.0587603, 22.5214035], [114.0588536, 22.5214007], [114.0588573, 22.5215034], [114.0587639, 22.5215062], [114.0587603, 22.5214035]]]]}}, {"type": "Feature", "id": "way/1431113840", "properties": {"tags": {"building": "apartments"}, "heightStatus": "unknown", "source": "OpenStreetMap", "license": "ODbL-1.0"}, "geometry": {"type": "MultiPolygon", "coordinates": [[[[114.058658, 22.5214066], [114.0587513, 22.5214038], [114.058755, 22.5215065], [114.0586616, 22.5215093], [114.058658, 22.5214066]]]]}}, {"type": "Feature", "id": "way/1431113841", "properties": {"tags": {"building": "apartments"}, "heightStatus": "unknown", "source": "OpenStreetMap", "license": "ODbL-1.0"}, "geometry": {"type": "MultiPolygon", "coordinates": [[[[114.0585557, 22.5214097], [114.058649, 22.5214069], [114.0586527, 22.5215096], [114.0585593, 22.5215124], [114.0585557, 22.5214097]]]]}}, {"type": "Feature", "id": "way/1431113842", "properties": {"tags": {"building": "apartments"}, "heightStatus": "unknown", "source": "OpenStreetMap", "license": "ODbL-1.0"}, "geometry": {"type": "MultiPolygon", "coordinates": [[[[114.0584534, 22.5214128], [114.0585467, 22.52141], [114.0585504, 22.5215127], [114.058457, 22.5215155], [114.0584534, 22.5214128]]]]}}, {"type": "Feature", "id": "way/1431113843", "properties": {"tags": {"building": "apartments"}, "heightStatus": "unknown", "source": "OpenStreetMap", "license": "ODbL-1.0"}, "geometry": {"type": "MultiPolygon", "coordinates": [[[[114.0587646, 22.5215271], [114.0588579, 22.5215243], [114.0588615, 22.521627], [114.0587682, 22.5216298], [114.0587646, 22.5215271]]]]}}, {"type": "Feature", "id": "way/1431113844", "properties": {"tags": {"building": "apartments"}, "heightStatus": "unknown", "source": "OpenStreetMap", "license": "ODbL-1.0"}, "geometry": {"type": "MultiPolygon", "coordinates": [[[[114.0586623, 22.5215302], [114.0587556, 22.5215274], [114.0587592, 22.5216301], [114.0586659, 22.5216329], [114.0586623, 22.5215302]]]]}}, {"type": "Feature", "id": "way/1431113845", "properties": {"tags": {"building": "apartments"}, "heightStatus": "unknown", "source": "OpenStreetMap", "license": "ODbL-1.0"}, "geometry": {"type": "MultiPolygon", "coordinates": [[[[114.05856, 22.5215333], [114.0586533, 22.5215305], [114.0586569, 22.5216332], [114.0585636, 22.521636], [114.05856, 22.5215333]]]]}}, {"type": "Feature", "id": "way/1431113846", "properties": {"tags": {"building": "apartments"}, "heightStatus": "unknown", "source": "OpenStreetMap", "license": "ODbL-1.0"}, "geometry": {"type": "MultiPolygon", "coordinates": [[[[114.0584577, 22.5215364], [114.058551, 22.5215336], [114.0585546, 22.5216363], [114.0584613, 22.5216391], [114.0584577, 22.5215364]]]]}}, {"type": "Feature", "id": "way/1431113847", "properties": {"tags": {"building": "apartments"}, "heightStatus": "unknown", "source": "OpenStreetMap", "license": "ODbL-1.0"}, "geometry": {"type": "MultiPolygon", "coordinates": [[[[114.0587686, 22.5216508], [114.0588619, 22.521648], [114.0588656, 22.5217507], [114.0587722, 22.5217535], [114.0587686, 22.5216508]]]]}}, {"type": "Feature", "id": "way/1431113848", "properties": {"tags": {"building": "apartments"}, "heightStatus": "unknown", "source": "OpenStreetMap", "license": "ODbL-1.0"}, "geometry": {"type": "MultiPolygon", "coordinates": [[[[114.0586663, 22.5216539], [114.0587596, 22.5216511], [114.0587633, 22.5217538], [114.0586699, 22.5217566], [114.0586663, 22.5216539]]]]}}, {"type": "Feature", "id": "way/1431113849", "properties": {"tags": {"building": "apartments"}, "heightStatus": "unknown", "source": "OpenStreetMap", "license": "ODbL-1.0"}, "geometry": {"type": "MultiPolygon", "coordinates": [[[[114.058564, 22.521657], [114.0586573, 22.5216542], [114.058661, 22.5217568], [114.0585676, 22.5217597], [114.058564, 22.521657]]]]}}, {"type": "Feature", "id": "way/1431113850", "properties": {"tags": {"building": "apartments"}, "heightStatus": "unknown", "source": "OpenStreetMap", "license": "ODbL-1.0"}, "geometry": {"type": "MultiPolygon", "coordinates": [[[[114.0584617, 22.5216601], [114.058555, 22.5216572], [114.0585587, 22.5217599], [114.0584653, 22.5217628], [114.0584617, 22.5216601]]]]}}, {"type": "Feature", "id": "way/1431113851", "properties": {"tags": {"building": "apartments"}, "heightStatus": "unknown", "source": "OpenStreetMap", "license": "ODbL-1.0"}, "geometry": {"type": "MultiPolygon", "coordinates": [[[[114.0587729, 22.5217743], [114.0588662, 22.5217715], [114.0588698, 22.5218742], [114.0587765, 22.521877], [114.0587729, 22.5217743]]]]}}, {"type": "Feature", "id": "way/1431113852", "properties": {"tags": {"building": "apartments"}, "heightStatus": "unknown", "source": "OpenStreetMap", "license": "ODbL-1.0"}, "geometry": {"type": "MultiPolygon", "coordinates": [[[[114.0586706, 22.5217774], [114.0587639, 22.5217746], [114.0587675, 22.5218773], [114.0586742, 22.5218801], [114.0586706, 22.5217774]]]]}}, {"type": "Feature", "id": "way/1431113853", "properties": {"tags": {"building": "apartments"}, "heightStatus": "unknown", "source": "OpenStreetMap", "license": "ODbL-1.0"}, "geometry": {"type": "MultiPolygon", "coordinates": [[[[114.0585683, 22.5217805], [114.0586616, 22.5217777], [114.0586652, 22.5218804], [114.0585719, 22.5218832], [114.0585683, 22.5217805]]]]}}, {"type": "Feature", "id": "way/1431113854", "properties": {"tags": {"building": "apartments"}, "heightStatus": "unknown", "source": "OpenStreetMap", "license": "ODbL-1.0"}, "geometry": {"type": "MultiPolygon", "coordinates": [[[[114.058466, 22.5217836], [114.0585593, 22.5217808], [114.0585629, 22.5218835], [114.0584696, 22.5218863], [114.058466, 22.5217836]]]]}}, {"type": "Feature", "id": "way/1431113855", "properties": {"tags": {"building": "apartments"}, "heightStatus": "unknown", "source": "OpenStreetMap", "license": "ODbL-1.0"}, "geometry": {"type": "MultiPolygon", "coordinates": [[[[114.0586793, 22.5220242], [114.0587726, 22.5220214], [114.0587762, 22.5221241], [114.0586829, 22.5221269], [114.0586793, 22.5220242]]]]}}, {"type": "Feature", "id": "way/1431113856", "properties": {"tags": {"building": "apartments"}, "heightStatus": "unknown", "source": "OpenStreetMap", "license": "ODbL-1.0"}, "geometry": {"type": "MultiPolygon", "coordinates": [[[[114.058577, 22.5220273], [114.0586703, 22.5220245], [114.0586739, 22.5221272], [114.0585806, 22.52213], [114.058577, 22.5220273]]]]}}, {"type": "Feature", "id": "way/1431113857", "properties": {"tags": {"building": "apartments"}, "heightStatus": "unknown", "source": "OpenStreetMap", "license": "ODbL-1.0"}, "geometry": {"type": "MultiPolygon", "coordinates": [[[[114.0584747, 22.5220304], [114.058568, 22.5220276], [114.0585716, 22.5221302], [114.0584783, 22.5221331], [114.0584747, 22.5220304]]]]}}, {"type": "Feature", "id": "way/1431113858", "properties": {"tags": {"building": "apartments"}, "heightStatus": "unknown", "source": "OpenStreetMap", "license": "ODbL-1.0"}, "geometry": {"type": "MultiPolygon", "coordinates": [[[[114.0587773, 22.5218975], [114.0588707, 22.5218947], [114.0588743, 22.5219974], [114.058781, 22.5220002], [114.0587773, 22.5218975]]]]}}, {"type": "Feature", "id": "way/1431113859", "properties": {"tags": {"building": "apartments"}, "heightStatus": "unknown", "source": "OpenStreetMap", "license": "ODbL-1.0"}, "geometry": {"type": "MultiPolygon", "coordinates": [[[[114.058675, 22.5219006], [114.0587684, 22.5218978], [114.058772, 22.5220005], [114.0586787, 22.5220033], [114.058675, 22.5219006]]]]}}, {"type": "Feature", "id": "way/1431113860", "properties": {"tags": {"building": "apartments"}, "heightStatus": "unknown", "source": "OpenStreetMap", "license": "ODbL-1.0"}, "geometry": {"type": "MultiPolygon", "coordinates": [[[[114.0585727, 22.5219037], [114.0586661, 22.5219009], [114.0586697, 22.5220036], [114.0585764, 22.5220064], [114.0585727, 22.5219037]]]]}}, {"type": "Feature", "id": "way/1431113861", "properties": {"tags": {"building": "apartments"}, "heightStatus": "unknown", "source": "OpenStreetMap", "license": "ODbL-1.0"}, "geometry": {"type": "MultiPolygon", "coordinates": [[[[114.0584704, 22.5219068], [114.0585638, 22.521904], [114.0585674, 22.5220067], [114.0584741, 22.5220095], [114.0584704, 22.5219068]]]]}}, {"type": "Feature", "id": "way/1431200348", "properties": {"tags": {"building": "yes"}, "heightStatus": "unknown", "source": "OpenStreetMap", "license": "ODbL-1.0"}, "geometry": {"type": "MultiPolygon", "coordinates": [[[[114.06234, 22.5217101], [114.062408, 22.5216536], [114.0626685, 22.5219213], [114.0626005, 22.5219778], [114.06234, 22.5217101]]]]}}, {"type": "Feature", "id": "way/1431200350", "properties": {"tags": {"building": "yes"}, "heightStatus": "unknown", "source": "OpenStreetMap", "license": "ODbL-1.0"}, "geometry": {"type": "MultiPolygon", "coordinates": [[[[114.0622468, 22.5215506], [114.0624261, 22.5213334], [114.0625189, 22.521344], [114.0625342, 22.5213772], [114.0627408, 22.5214005], [114.0627295, 22.5214857], [114.0624284, 22.5214516], [114.06231, 22.5215951], [114.0622468, 22.5215506]]]]}}, {"type": "Feature", "id": "way/1431200369", "properties": {"tags": {"building": "apartments", "building:levels": "13"}, "heightStatus": "levels_only_unverified", "source": "OpenStreetMap", "license": "ODbL-1.0"}, "geometry": {"type": "MultiPolygon", "coordinates": [[[[114.0636537, 22.5197409], [114.0637063, 22.5196996], [114.0637315, 22.519727], [114.0638179, 22.5196592], [114.0639202, 22.5197704], [114.0638337, 22.5198382], [114.0638589, 22.5198656], [114.0638063, 22.5199069], [114.0636537, 22.5197409]]]]}}]}