{"type": "FeatureCollection", "features": [{"type": "Feature", "id": "way/345408499", "properties": {"tags": {"building": "residential"}, "heightStatus": "unknown", "source": "OpenStreetMap", "license": "ODbL-1.0"}, "geometry": {"type": "MultiPolygon", "coordinates": [[[[114.0713721, 22.5471245], [114.071378, 22.5469602], [114.0715021, 22.546964], [114.0714962, 22.5471283], [114.0713721, 22.5471245]]]]}}, {"type": "Feature", "id": "way/345408500", "properties": {"tags": {"building": "residential"}, "heightStatus": "unknown", "source": "OpenStreetMap", "license": "ODbL-1.0"}, "geometry": {"type": "MultiPolygon", "coordinates": [[[[114.0712244, 22.5471242], [114.0712299, 22.5469499], [114.0713601, 22.5469534], [114.0713546, 22.5471277], [114.0712244, 22.5471242]]]]}}, {"type": "Feature", "id": "way/345408501", "properties": {"tags": {"building": "residential"}, "heightStatus": "unknown", "source": "OpenStreetMap", "license": "ODbL-1.0"}, "geometry": {"type": "MultiPolygon", "coordinates": [[[[114.0713735, 22.5473317], [114.0713809, 22.5471635], [114.0715022, 22.5471681], [114.0714948, 22.5473362], [114.0713735, 22.5473317]]]]}}, {"type": "Feature", "id": "way/345408502", "properties": {"tags": {"building": "residential"}, "heightStatus": "unknown", "source": "OpenStreetMap", "license": "ODbL-1.0"}, "geometry": {"type": "MultiPolygon", "coordinates": [[[[114.0713725, 22.5469321], [114.0713771, 22.546762], [114.0715011, 22.5467649], [114.0714965, 22.5469349], [114.0713725, 22.5469321]]]]}}, {"type": "Feature", "id": "way/345408503", "properties": {"tags": {"building": "residential"}, "heightStatus": "unknown", "source": "OpenStreetMap", "license": "ODbL-1.0"}, "geometry": {"type": "MultiPolygon", "coordinates": [[[[114.0712263, 22.5469319], [114.0712298, 22.5467626], [114.0713638, 22.546765], [114.0713603, 22.5469343], [114.0712263, 22.5469319]]]]}}, {"type": "Feature", "id": "way/345413028", "properties": {"tags": {"building": "apartments"}, "heightStatus": "unknown", "source": "OpenStreetMap", "license": "ODbL-1.0"}, "geometry": {"type": "MultiPolygon", "coordinates": [[[[114.0705994, 22.546299], [114.0706011, 22.5462164], [114.0706571, 22.5462174], [114.0706575, 22.5461956], [114.0707324, 22.546197], [114.0707302, 22.5463013], [114.0705994, 22.546299]]]]}}, {"type": "Feature", "id": "way/345413029", "properties": {"tags": {"building": "apartments"}, "heightStatus": "unknown", "source": "OpenStreetMap", "license": "ODbL-1.0"}, "geometry": {"type": "MultiPolygon", "coordinates": [[[[114.0706081, 22.5461944], [114.0706104, 22.5461071], [114.0707344, 22.5461099], [114.0707324, 22.546197], [114.0706575, 22.5461956], [114.0706081, 22.5461944]]]]}}, {"type": "Feature", "id": "way/351762274", "properties": {"tags": {"building": "yes"}, "heightStatus": "unknown", "source": "OpenStreetMap", "license": "ODbL-1.0"}, "geometry": {"type": "MultiPolygon", "coordinates": [[[[114.0645265, 22.5450768], [114.064528, 22.5449943], [114.0649475, 22.5450011], [114.064946, 22.5450837], [114.0645265, 22.5450768]]]]}}, {"type": "Feature", "id": "way/351762276", "properties": {"tags": {"building": "yes"}, "heightStatus": "unknown", "source": "OpenStreetMap", "license": "ODbL-1.0"}, "geometry": {"type": "MultiPolygon", "coordinates": [[[[114.0639284, 22.5453083], [114.0639301, 22.5452191], [114.0643518, 22.5452258], [114.0643501, 22.545315], [114.0639284, 22.5453083]]]]}}, {"type": "Feature", "id": "way/351762279", "properties": {"tags": {"building": "yes"}, "heightStatus": "unknown", "source": "OpenStreetMap", "license": "ODbL-1.0"}, "geometry": {"type": "MultiPolygon", "coordinates": [[[[114.0644933, 22.5452953], [114.0644949, 22.5452139], [114.0649333, 22.545221], [114.0649318, 22.5453025], [114.0644933, 22.5452953]]]]}}, {"type": "Feature", "id": "way/351762302", "properties": {"tags": {"building": "yes"}, "heightStatus": "unknown", "source": "OpenStreetMap", "license": "ODbL-1.0"}, "geometry": {"type": "MultiPolygon", "coordinates": [[[[114.0639352, 22.5450416], [114.0639368, 22.544954], [114.064379, 22.5449612], [114.0643773, 22.5450488], [114.0639352, 22.5450416]]]]}}, {"type": "Feature", "id": "way/356888152", "properties": {"tags": {"building": "apartments"}, "heightStatus": "unknown", "source": "OpenStreetMap", "license": "ODbL-1.0"}, "geometry": {"type": "MultiPolygon", "coordinates": [[[[114.0704491, 22.5467217], [114.0704501, 22.546546], [114.0705837, 22.5465467], [114.0705826, 22.5467224], [114.0704491, 22.5467217]]]]}}, {"type": "Feature", "id": "way/356888153", "properties": {"tags": {"building": "apartments"}, "heightStatus": "unknown", "source": "OpenStreetMap", "license": "ODbL-1.0"}, "geometry": {"type": "MultiPolygon", "coordinates": [[[[114.071085, 22.5463056], [114.0710861, 22.5461181], [114.0712085, 22.5461187], [114.0712074, 22.5463062], [114.071085, 22.5463056]]]]}}, {"type": "Feature", "id": "way/356888154", "properties": {"tags": {"building": "yes", "building:levels": "7", "name": "1栋"}, "heightStatus": "levels_only_unverified", "source": "OpenStreetMap", "license": "ODbL-1.0"}, "geometry": {"type": "MultiPolygon", "coordinates": [[[[114.0707837, 22.5475329], [114.0707845, 22.5474137], [114.0714996, 22.5474173], [114.0714989, 22.5475366], [114.0707837, 22.5475329]]]]}}, {"type": "Feature", "id": "way/356888156", "properties": {"tags": {"building": "apartments"}, "heightStatus": "unknown", "source": "OpenStreetMap", "license": "ODbL-1.0"}, "geometry": {"type": "MultiPolygon", "coordinates": [[[[114.0710656, 22.5467225], [114.0710667, 22.5465436], [114.0712037, 22.5465443], [114.0712026, 22.5467232], [114.0710656, 22.5467225]]]]}}, {"type": "Feature", "id": "way/356888157", "properties": {"tags": {"building": "apartments"}, "heightStatus": "unknown", "source": "OpenStreetMap", "license": "ODbL-1.0"}, "geometry": {"type": "MultiPolygon", "coordinates": [[[[114.0707706, 22.5467186], [114.0707717, 22.5465413], [114.0709061, 22.546542], [114.070905, 22.5467192], [114.0707706, 22.5467186]]]]}}, {"type": "Feature", "id": "way/356888158", "properties": {"tags": {"building": "apartments"}, "heightStatus": "unknown", "source": "OpenStreetMap", "license": "ODbL-1.0"}, "geometry": {"type": "MultiPolygon", "coordinates": [[[[114.0707745, 22.5463044], [114.0707757, 22.5461125], [114.0709078, 22.5461131], [114.0709067, 22.5463051], [114.0707745, 22.5463044]]]]}}, {"type": "Feature", "id": "way/356888159", "properties": {"tags": {"building": "apartments"}, "heightStatus": "unknown", "source": "OpenStreetMap", "license": "ODbL-1.0"}, "geometry": {"type": "MultiPolygon", "coordinates": [[[[114.0710662, 22.5469256], [114.0710673, 22.5467412], [114.0712008, 22.5467419], [114.0711997, 22.5469263], [114.0710662, 22.5469256]]]]}}, {"type": "Feature", "id": "way/356888163", "properties": {"tags": {"building": "apartments"}, "heightStatus": "unknown", "source": "OpenStreetMap", "license": "ODbL-1.0"}, "geometry": {"type": "MultiPolygon", "coordinates": [[[[114.0709241, 22.5465119], [114.0709252, 22.546337], [114.0710476, 22.5463376], [114.0710465, 22.5465125], [114.0709241, 22.5465119]]]]}}, {"type": "Feature", "id": "way/356888164", "properties": {"tags": {"building": "apartments"}, "heightStatus": "unknown", "source": "OpenStreetMap", "license": "ODbL-1.0"}, "geometry": {"type": "MultiPolygon", "coordinates": [[[[114.0709158, 22.5469211], [114.0709169, 22.5467424], [114.0710468, 22.546743], [114.0710457, 22.5469218], [114.0709158, 22.5469211]]]]}}, {"type": "Feature", "id": "way/356888165", "properties": {"tags": {"building": "yes", "name": "9"}, "heightStatus": "unknown", "source": "OpenStreetMap", "license": "ODbL-1.0"}, "geometry": {"type": "MultiPolygon", "coordinates": [[[[114.0697717, 22.5468447], [114.0702219, 22.5468431], [114.0702223, 22.5469295], [114.0697721, 22.5469311], [114.0697717, 22.5468447]]]]}}, {"type": "Feature", "id": "way/356888166", "properties": {"tags": {"building": "apartments"}, "heightStatus": "unknown", "source": "OpenStreetMap", "license": "ODbL-1.0"}, "geometry": {"type": "MultiPolygon", "coordinates": [[[[114.0702922, 22.5463041], [114.0702935, 22.546088], [114.0704354, 22.5460887], [114.0704341, 22.5463049], [114.0702922, 22.5463041]]]]}}, {"type": "Feature", "id": "way/356888167", "properties": {"tags": {"building": "yes", "name": "4栋"}, "heightStatus": "unknown", "source": "OpenStreetMap", "license": "ODbL-1.0"}, "geometry": {"type": "MultiPolygon", "coordinates": [[[[114.0703173, 22.5477399], [114.070318, 22.5476157], [114.0707223, 22.5476178], [114.0707215, 22.547742], [114.0703173, 22.5477399]]]]}}, {"type": "Feature", "id": "way/356888168", "properties": {"tags": {"building": "apartments"}, "heightStatus": "unknown", "source": "OpenStreetMap", "license": "ODbL-1.0"}, "geometry": {"type": "MultiPolygon", "coordinates": [[[[114.0702995, 22.5469267], [114.0703006, 22.5467494], [114.0704299, 22.5467501], [114.0704288, 22.5469274], [114.0702995, 22.5469267]]]]}}, {"type": "Feature", "id": "way/356888169", "properties": {"tags": {"building": "apartments"}, "heightStatus": "unknown", "source": "OpenStreetMap", "license": "ODbL-1.0"}, "geometry": {"type": "MultiPolygon", "coordinates": [[[[114.0705957, 22.5469245], [114.0705967, 22.5467479], [114.0707363, 22.5467486], [114.0707353, 22.5469252], [114.0705957, 22.5469245]]]]}}, {"type": "Feature", "id": "way/356888170", "properties": {"tags": {"building": "apartments"}, "heightStatus": "unknown", "source": "OpenStreetMap", "license": "ODbL-1.0"}, "geometry": {"type": "MultiPolygon", "coordinates": [[[[114.0705986, 22.5473342], [114.0705996, 22.5471609], [114.0707298, 22.5471616], [114.0707287, 22.5473349], [114.0705986, 22.5473342]]]]}}, {"type": "Feature", "id": "way/356888171", "properties": {"tags": {"building": "apartments"}, "heightStatus": "unknown", "source": "OpenStreetMap", "license": "ODbL-1.0"}, "geometry": {"type": "MultiPolygon", "coordinates": [[[[114.0702956, 22.5460729], [114.0702967, 22.5458924], [114.0704328, 22.5458931], [114.0704318, 22.5460736], [114.0702956, 22.5460729]]]]}}, {"type": "Feature", "id": "way/356888175", "properties": {"tags": {"building": "apartments"}, "heightStatus": "unknown", "source": "OpenStreetMap", "license": "ODbL-1.0"}, "geometry": {"type": "MultiPolygon", "coordinates": [[[[114.0709167, 22.5473366], [114.0709177, 22.5471617], [114.0710436, 22.5471624], [114.0710425, 22.5473373], [114.0709167, 22.5473366]]]]}}, {"type": "Feature", "id": "way/356888179", "properties": {"tags": {"building": "apartments"}, "heightStatus": "unknown", "source": "OpenStreetMap", "license": "ODbL-1.0"}, "geometry": {"type": "MultiPolygon", "coordinates": [[[[114.0707641, 22.5471284], [114.0707652, 22.5469517], [114.0709017, 22.5469524], [114.0709007, 22.5471291], [114.0707641, 22.5471284]]]]}}, {"type": "Feature", "id": "way/356888180", "properties": {"tags": {"building": "apartments"}, "heightStatus": "unknown", "source": "OpenStreetMap", "license": "ODbL-1.0"}, "geometry": {"type": "MultiPolygon", "coordinates": [[[[114.0712317, 22.5463123], [114.0712329, 22.5461147], [114.0713517, 22.5461153], [114.0713505, 22.5463129], [114.0712317, 22.5463123]]]]}}, {"type": "Feature", "id": "way/356888181", "properties": {"tags": {"building": "yes", "building:levels": "7", "name": "3栋"}, "heightStatus": "levels_only_unverified", "source": "OpenStreetMap", "license": "ODbL-1.0"}, "geometry": {"type": "MultiPolygon", "coordinates": [[[[114.0703336, 22.5475273], [114.0703344, 22.547393], [114.0707494, 22.5473951], [114.0707486, 22.5475295], [114.0703336, 22.5475273]]]]}}, {"type": "Feature", "id": "way/356888182", "properties": {"tags": {"building": "apartments"}, "heightStatus": "unknown", "source": "OpenStreetMap", "license": "ODbL-1.0"}, "geometry": {"type": "MultiPolygon", "coordinates": [[[[114.0709207, 22.5467186], [114.0709217, 22.5465429], [114.0710519, 22.5465435], [114.0710508, 22.5467192], [114.0709207, 22.5467186]]]]}}, {"type": "Feature", "id": "way/356888183", "properties": {"tags": {"building": "apartments"}, "heightStatus": "unknown", "source": "OpenStreetMap", "license": "ODbL-1.0"}, "geometry": {"type": "MultiPolygon", "coordinates": [[[[114.0709176, 22.5471292], [114.0709187, 22.5469524], [114.0710484, 22.5469531], [114.0710473, 22.5471298], [114.0709176, 22.5471292]]]]}}, {"type": "Feature", "id": "way/356888184", "properties": {"tags": {"building": "apartments"}, "heightStatus": "unknown", "source": "OpenStreetMap", "license": "ODbL-1.0"}, "geometry": {"type": "MultiPolygon", "coordinates": [[[[114.0710634, 22.5471268], [114.0710644, 22.5469548], [114.071201, 22.5469555], [114.0711999, 22.5471275], [114.0710634, 22.5471268]]]]}}, {"type": "Feature", "id": "way/356888185", "properties": {"tags": {"building": "apartments"}, "heightStatus": "unknown", "source": "OpenStreetMap", "license": "ODbL-1.0"}, "geometry": {"type": "MultiPolygon", "coordinates": [[[[114.0705965, 22.5467201], [114.0705976, 22.5465444], [114.0707346, 22.5465451], [114.0707335, 22.5467208], [114.0705965, 22.5467201]]]]}}, {"type": "Feature", "id": "way/356888186", "properties": {"tags": {"building": "apartments"}, "heightStatus": "unknown", "source": "OpenStreetMap", "license": "ODbL-1.0"}, "geometry": {"type": "MultiPolygon", "coordinates": [[[[114.0705952, 22.5471284], [114.0705963, 22.5469532], [114.0707328, 22.5469539], [114.0707317, 22.5471291], [114.0705952, 22.5471284]]]]}}, {"type": "Feature", "id": "way/356888187", "properties": {"tags": {"building": "yes"}, "heightStatus": "unknown", "source": "OpenStreetMap", "license": "ODbL-1.0"}, "geometry": {"type": "MultiPolygon", "coordinates": [[[[114.0698515, 22.545929], [114.0702411, 22.5459277], [114.0702414, 22.5460015], [114.0698518, 22.5460029], [114.0698515, 22.545929]]]]}}, {"type": "Feature", "id": "way/356888188", "properties": {"tags": {"building": "apartments"}, "heightStatus": "unknown", "source": "OpenStreetMap", "license": "ODbL-1.0"}, "geometry": {"type": "MultiPolygon", "coordinates": [[[[114.0709309, 22.5463056], [114.0709321, 22.5461091], [114.0710582, 22.5461097], [114.071057, 22.5463062], [114.0709309, 22.5463056]]]]}}, {"type": "Feature", "id": "way/356888190", "properties": {"tags": {"building": "apartments"}, "heightStatus": "unknown", "source": "OpenStreetMap", "license": "ODbL-1.0"}, "geometry": {"type": "MultiPolygon", "coordinates": [[[[114.071216, 22.5473374], [114.071217, 22.5471625], [114.0713506, 22.5471632], [114.0713495, 22.5473381], [114.071216, 22.5473374]]]]}}, {"type": "Feature", "id": "way/356888192", "properties": {"tags": {"building": "apartments"}, "heightStatus": "unknown", "source": "OpenStreetMap", "license": "ODbL-1.0"}, "geometry": {"type": "MultiPolygon", "coordinates": [[[[114.0712148, 22.5467225], [114.0712159, 22.546546], [114.0713503, 22.5465467], [114.0713492, 22.5467232], [114.0712148, 22.5467225]]]]}}, {"type": "Feature", "id": "way/356888197", "properties": {"tags": {"building": "yes", "building:levels": "7", "name": "2栋"}, "heightStatus": "levels_only_unverified", "source": "OpenStreetMap", "license": "ODbL-1.0"}, "geometry": {"type": "MultiPolygon", "coordinates": [[[[114.0707216, 22.5477381], [114.0707223, 22.5476178], [114.0715003, 22.5476218], [114.0714996, 22.5477421], [114.0707216, 22.5477381]]]]}}, {"type": "Feature", "id": "way/356888198", "properties": {"tags": {"building": "apartments"}, "heightStatus": "unknown", "source": "OpenStreetMap", "license": "ODbL-1.0"}, "geometry": {"type": "MultiPolygon", "coordinates": [[[[114.0713699, 22.5463141], [114.0713711, 22.5461125], [114.071496, 22.5461131], [114.0714948, 22.5463147], [114.0713699, 22.5463141]]]]}}, {"type": "Feature", "id": "way/356888200", "properties": {"tags": {"building": "apartments"}, "heightStatus": "unknown", "source": "OpenStreetMap", "license": "ODbL-1.0"}, "geometry": {"type": "MultiPolygon", "coordinates": [[[[114.0704479, 22.547131], [114.0704489, 22.5469522], [114.0705799, 22.5469528], [114.0705789, 22.5471317], [114.0704479, 22.547131]]]]}}, {"type": "Feature", "id": "way/356888201", "properties": {"tags": {"building": "apartments"}, "heightStatus": "unknown", "source": "OpenStreetMap", "license": "ODbL-1.0"}, "geometry": {"type": "MultiPolygon", "coordinates": [[[[114.0713666, 22.5467249], [114.0713676, 22.5465484], [114.0714978, 22.5465491], [114.0714967, 22.5467256], [114.0713666, 22.5467249]]]]}}, {"type": "Feature", "id": "way/356888202", "properties": {"tags": {"building": "apartments"}, "heightStatus": "unknown", "source": "OpenStreetMap", "license": "ODbL-1.0"}, "geometry": {"type": "MultiPolygon", "coordinates": [[[[114.0704491, 22.5463026], [114.0704504, 22.5460896], [114.070582, 22.5460903], [114.0705808, 22.5463032], [114.0704491, 22.5463026]]]]}}, {"type": "Feature", "id": "way/356888203", "properties": {"tags": {"building": "apartments"}, "heightStatus": "unknown", "source": "OpenStreetMap", "license": "ODbL-1.0"}, "geometry": {"type": "MultiPolygon", "coordinates": [[[[114.0707732, 22.5465119], [114.0707743, 22.5463338], [114.0709078, 22.5463345], [114.0709067, 22.5465125], [114.0707732, 22.5465119]]]]}}, {"type": "Feature", "id": "way/356888204", "properties": {"tags": {"building": "apartments"}, "heightStatus": "unknown", "source": "OpenStreetMap", "license": "ODbL-1.0"}, "geometry": {"type": "MultiPolygon", "coordinates": [[[[114.0706043, 22.5465127], [114.0706053, 22.5463386], [114.0707295, 22.5463392], [114.0707284, 22.5465133], [114.0706043, 22.5465127]]]]}}, {"type": "Feature", "id": "way/356888205", "properties": {"tags": {"building": "apartments"}, "heightStatus": "unknown", "source": "OpenStreetMap", "license": "ODbL-1.0"}, "geometry": {"type": "MultiPolygon", "coordinates": [[[[114.0713723, 22.546519], [114.0713734, 22.5463425], [114.0714972, 22.5463432], [114.0714962, 22.5465197], [114.0713723, 22.546519]]]]}}, {"type": "Feature", "id": "way/356888206", "properties": {"tags": {"building": "apartments"}, "heightStatus": "unknown", "source": "OpenStreetMap", "license": "ODbL-1.0"}, "geometry": {"type": "MultiPolygon", "coordinates": [[[[114.0710647, 22.5465182], [114.0710658, 22.5463377], [114.0712028, 22.5463384], [114.0712017, 22.5465189], [114.0710647, 22.5465182]]]]}}, {"type": "Feature", "id": "way/356888207", "properties": {"tags": {"building": "yes", "name": "7"}, "heightStatus": "unknown", "source": "OpenStreetMap", "license": "ODbL-1.0"}, "geometry": {"type": "MultiPolygon", "coordinates": [[[[114.069914, 22.5464128], [114.0702548, 22.5464116], [114.0702552, 22.5465094], [114.0699144, 22.5465106], [114.069914, 22.5464128]]]]}}, {"type": "Feature", "id": "way/356888208", "properties": {"tags": {"building": "apartments"}, "heightStatus": "unknown", "source": "OpenStreetMap", "license": "ODbL-1.0"}, "geometry": {"type": "MultiPolygon", "coordinates": [[[[114.0712294, 22.5465173], [114.0712304, 22.5463398], [114.0713516, 22.5463404], [114.0713505, 22.5465179], [114.0712294, 22.5465173]]]]}}, {"type": "Feature", "id": "way/356888209", "properties": {"tags": {"building": "apartments"}, "heightStatus": "unknown", "source": "OpenStreetMap", "license": "ODbL-1.0"}, "geometry": {"type": "MultiPolygon", "coordinates": [[[[114.0707683, 22.5473327], [114.0707694, 22.5471601], [114.070897, 22.5471608], [114.0708959, 22.5473333], [114.0707683, 22.5473327]]]]}}, {"type": "Feature", "id": "way/356888210", "properties": {"tags": {"building": "apartments"}, "heightStatus": "unknown", "source": "OpenStreetMap", "license": "ODbL-1.0"}, "geometry": {"type": "MultiPolygon", "coordinates": [[[[114.0703036, 22.5473409], [114.0703047, 22.5471566], [114.0704285, 22.5471572], [114.0704274, 22.5473415], [114.0703036, 22.5473409]]]]}}, {"type": "Feature", "id": "way/356888211", "properties": {"tags": {"building": "apartments"}, "heightStatus": "unknown", "source": "OpenStreetMap", "license": "ODbL-1.0"}, "geometry": {"type": "MultiPolygon", "coordinates": [[[[114.0704451, 22.5473366], [114.0704461, 22.5471593], [114.0705823, 22.54716], [114.0705812, 22.5473373], [114.0704451, 22.5473366]]]]}}, {"type": "Feature", "id": "way/356888212", "properties": {"tags": {"building": "apartments"}, "heightStatus": "unknown", "source": "OpenStreetMap", "license": "ODbL-1.0"}, "geometry": {"type": "MultiPolygon", "coordinates": [[[[114.0704491, 22.5460721], [114.0704502, 22.5458964], [114.0705829, 22.5458971], [114.0705818, 22.5460728], [114.0704491, 22.5460721]]]]}}, {"type": "Feature", "id": "way/356888213", "properties": {"tags": {"building": "apartments"}, "heightStatus": "unknown", "source": "OpenStreetMap", "license": "ODbL-1.0"}, "geometry": {"type": "MultiPolygon", "coordinates": [[[[114.0704525, 22.5465134], [114.0704535, 22.5463385], [114.0705837, 22.5463392], [114.0705826, 22.5465141], [114.0704525, 22.5465134]]]]}}, {"type": "Feature", "id": "way/356888214", "properties": {"tags": {"building": "apartments"}, "heightStatus": "unknown", "source": "OpenStreetMap", "license": "ODbL-1.0"}, "geometry": {"type": "MultiPolygon", "coordinates": [[[[114.0704465, 22.5469222], [114.0704475, 22.5467468], [114.0705811, 22.5467475], [114.07058, 22.5469229], [114.0704465, 22.5469222]]]]}}, {"type": "Feature", "id": "way/356888215", "properties": {"tags": {"building": "yes"}, "heightStatus": "unknown", "source": "OpenStreetMap", "license": "ODbL-1.0"}, "geometry": {"type": "MultiPolygon", "coordinates": [[[[114.0697776, 22.5461755], [114.0702265, 22.546174], [114.070227, 22.5462951], [114.0697781, 22.5462967], [114.0697776, 22.5461755]]]]}}, {"type": "Feature", "id": "way/356888216", "properties": {"tags": {"building": "yes"}, "heightStatus": "unknown", "source": "OpenStreetMap", "license": "ODbL-1.0"}, "geometry": {"type": "MultiPolygon", "coordinates": [[[[114.0698233, 22.5460692], [114.0702197, 22.5460678], [114.0702199, 22.5461163], [114.0698235, 22.5461177], [114.0698233, 22.5460692]]]]}}, {"type": "Feature", "id": "way/356888217", "properties": {"tags": {"building": "apartments"}, "heightStatus": "unknown", "source": "OpenStreetMap", "license": "ODbL-1.0"}, "geometry": {"type": "MultiPolygon", "coordinates": [[[[114.0707654, 22.5469222], [114.0707665, 22.5467423], [114.0709025, 22.546743], [114.0709014, 22.5469229], [114.0707654, 22.5469222]]]]}}, {"type": "Feature", "id": "way/356888218", "properties": {"tags": {"building": "yes", "name": "8"}, "heightStatus": "unknown", "source": "OpenStreetMap", "license": "ODbL-1.0"}, "geometry": {"type": "MultiPolygon", "coordinates": [[[[114.0697768, 22.5466191], [114.0702463, 22.5466175], [114.0702467, 22.5467172], [114.0697772, 22.5467188], [114.0697768, 22.5466191]]]]}}, {"type": "Feature", "id": "way/356888220", "properties": {"tags": {"building": "apartments"}, "heightStatus": "unknown", "source": "OpenStreetMap", "license": "ODbL-1.0"}, "geometry": {"type": "MultiPolygon", "coordinates": [[[[114.0710607, 22.5473374], [114.0710618, 22.5471633], [114.0711911, 22.547164], [114.07119, 22.5473381], [114.0710607, 22.5473374]]]]}}, {"type": "Feature", "id": "way/356888221", "properties": {"tags": {"building": "apartments"}, "heightStatus": "unknown", "source": "OpenStreetMap", "license": "ODbL-1.0"}, "geometry": {"type": "MultiPolygon", "coordinates": [[[[114.0702987, 22.5471302], [114.0702997, 22.5469569], [114.070429, 22.5469576], [114.070428, 22.5471309], [114.0702987, 22.5471302]]]]}}, {"type": "Feature", "id": "way/356888223", "properties": {"tags": {"building": "yes", "name": "11"}, "heightStatus": "unknown", "source": "OpenStreetMap", "license": "ODbL-1.0"}, "geometry": {"type": "MultiPolygon", "coordinates": [[[[114.069793, 22.5477417], [114.069794, 22.547502], [114.0699436, 22.5475025], [114.069944, 22.5474159], [114.070254, 22.547417], [114.0702526, 22.5477433], [114.069793, 22.5477417]]]]}}, {"type": "Feature", "id": "way/356888224", "properties": {"tags": {"building": "yes", "name": "10"}, "heightStatus": "unknown", "source": "OpenStreetMap", "license": "ODbL-1.0"}, "geometry": {"type": "MultiPolygon", "coordinates": [[[[114.0697921, 22.5473279], [114.0697931, 22.5470882], [114.0699427, 22.5470887], [114.069943, 22.5470021], [114.070253, 22.5470032], [114.0702517, 22.5473295], [114.0697921, 22.5473279]]]]}}, {"type": "Feature", "id": "way/604205270", "properties": {"tags": {"building": "yes", "building:levels": "1", "height": "2.5"}, "heightStatus": "height_tag_unverified", "source": "OpenStreetMap", "license": "ODbL-1.0"}, "geometry": {"type": "MultiPolygon", "coordinates": [[[[114.0702101, 22.5504827], [114.0702698, 22.5504827], [114.0702698, 22.5505645], [114.0702101, 22.5505645], [114.0702101, 22.5504827]]]]}}, {"type": "Feature", "id": "way/604205272", "properties": {"tags": {"building": "warehouse", "building:levels": "1", "height": "3"}, "heightStatus": "height_tag_unverified", "source": "OpenStreetMap", "license": "ODbL-1.0"}, "geometry": {"type": "MultiPolygon", "coordinates": [[[[114.068691, 22.550058], [114.0687983, 22.55002], [114.0688137, 22.5500572], [114.0688293, 22.5500949], [114.0687221, 22.5501328], [114.068691, 22.550058]]]]}}, {"type": "Feature", "id": "way/604205274", "properties": {"tags": {"access": "yes", "amenity": "toilets", "building": "yes", "changing_table": "yes", "drinking_water": "no", "fee": "no", "female": "yes", "male": "yes", "wheelchair": "yes"}, "heightStatus": "unknown", "source": "OpenStreetMap", "license": "ODbL-1.0"}, "geometry": {"type": "MultiPolygon", "coordinates": [[[[114.0691359, 22.5491528], [114.0691587, 22.549129], [114.0691979, 22.5491135], [114.0692572, 22.5491376], [114.0692646, 22.5491875], [114.0692321, 22.5492079], [114.0692019, 22.549237], [114.0691382, 22.5492098], [114.0691359, 22.5491528]]]]}}, {"type": "Feature", "id": "way/604205282", "properties": {"tags": {"building": "yes", "building:levels": "3", "layer": "2"}, "heightStatus": "levels_only_unverified", "source": "OpenStreetMap", "license": "ODbL-1.0"}, "geometry": {"type": "MultiPolygon", "coordinates": [[[[114.069783, 22.5485753], [114.0697883, 22.5484715], [114.0699748, 22.5484802], [114.0699794, 22.5485753], [114.069783, 22.5485753]]]]}}, {"type": "Feature", "id": "way/1180506352", "properties": {"tags": {"building": "residential", "name": "4栋", "name:en": "Tower 4", "name:zh": "4栋"}, "heightStatus": "unknown", "source": "OpenStreetMap", "license": "ODbL-1.0"}, "geometry": {"type": "MultiPolygon", "coordinates": [[[[114.0706367, 22.5453783], [114.0706681, 22.5453266], [114.0706883, 22.5453371], [114.0707298, 22.5452687], [114.0707096, 22.5452582], [114.070742, 22.5452048], [114.0708339, 22.5452523], [114.0708018, 22.5453052], [114.0708712, 22.5453412], [114.0708787, 22.5452989], [114.0708714, 22.5452978], [114.0708796, 22.5452515], [114.0709644, 22.5452642], [114.0709564, 22.5453099], [114.0709599, 22.5453104], [114.07095, 22.5453671], [114.070894, 22.5454529], [114.0708513, 22.5454868], [114.0708423, 22.5454771], [114.0708045, 22.545507], [114.0707485, 22.5454468], [114.0707871, 22.5454162], [114.0707994, 22.5454295], [114.0708255, 22.5454088], [114.0707596, 22.5453747], [114.0707286, 22.5454258], [114.0706367, 22.5453783]]]]}}, {"type": "Feature", "id": "way/1180506353", "properties": {"tags": {"building": "residential", "name": "5栋", "name:en": "Tower 5", "name:zh": "5栋"}, "heightStatus": "unknown", "source": "OpenStreetMap", "license": "ODbL-1.0"}, "geometry": {"type": "MultiPolygon", "coordinates": [[[[114.0703859, 22.5454799], [114.0704448, 22.5454565], [114.0704539, 22.5454763], [114.0705319, 22.5454454], [114.0705228, 22.5454257], [114.0705838, 22.5454015], [114.0706253, 22.5454909], [114.0705649, 22.5455148], [114.0705963, 22.5455824], [114.0706301, 22.545553], [114.0706251, 22.5455481], [114.0706621, 22.5455159], [114.070721, 22.5455737], [114.0706845, 22.5456055], [114.0706869, 22.5456079], [114.0706417, 22.5456472], [114.0705407, 22.5456838], [114.0704845, 22.5456866], [114.0704837, 22.5456739], [114.070434, 22.5456764], [114.0704294, 22.5455971], [114.0704801, 22.5455946], [114.0704811, 22.545612], [114.0705154, 22.5456102], [114.0704857, 22.5455462], [114.0704273, 22.5455692], [114.0703859, 22.5454799]]]]}}, {"type": "Feature", "id": "way/1180506354", "properties": {"tags": {"building": "residential", "name": "7栋", "name:en": "Tower 7", "name:zh": "7栋"}, "heightStatus": "unknown", "source": "OpenStreetMap", "license": "ODbL-1.0"}, "geometry": {"type": "MultiPolygon", "coordinates": [[[[114.0698807, 22.5456768], [114.0698816, 22.545606], [114.0699386, 22.5456066], [114.0699394, 22.5455446], [114.0698823, 22.545544], [114.0698832, 22.5454732], [114.0699116, 22.5454735], [114.0699118, 22.5454564], [114.0700542, 22.545458], [114.0700539, 22.545475], [114.0700741, 22.5454752], [114.0700732, 22.5455461], [114.0700235, 22.5455455], [114.0700227, 22.5456075], [114.0700725, 22.5456081], [114.0700716, 22.5456789], [114.0700514, 22.5456787], [114.0700512, 22.5456957], [114.0699089, 22.5456941], [114.0699091, 22.5456771], [114.0698807, 22.5456768]]]]}}, {"type": "Feature", "id": "way/1180506355", "properties": {"tags": {"building": "residential", "name": "6栋", "name:en": "Tower 6", "name:zh": "6栋"}, "heightStatus": "unknown", "source": "OpenStreetMap", "license": "ODbL-1.0"}, "geometry": {"type": "MultiPolygon", "coordinates": [[[[114.0701055, 22.5456832], [114.0701064, 22.5456124], [114.0701634, 22.545613], [114.0701642, 22.545551], [114.0701071, 22.5455504], [114.070108, 22.5454796], [114.0701364, 22.5454799], [114.0701366, 22.5454628], [114.070279, 22.5454644], [114.0702787, 22.5454814], [114.0702989, 22.5454816], [114.070298, 22.5455525], [114.0702483, 22.5455519], [114.0702475, 22.5456139], [114.0702973, 22.5456145], [114.0702964, 22.5456853], [114.0702762, 22.5456851], [114.070276, 22.5457021], [114.0701336, 22.5457005], [114.0701339, 22.5456835], [114.0701055, 22.5456832]]]]}}, {"type": "Feature", "id": "relation/15962015", "properties": {"tags": {"building": "school"}, "heightStatus": "unknown", "source": "OpenStreetMap", "license": "ODbL-1.0"}, "geometry": {"type": "MultiPolygon", "coordinates": [[[[114.0687034, 22.5456529], [114.0687195, 22.5449852], [114.0689287, 22.5449896], [114.0689366, 22.5446612], [114.0696792, 22.5446765], [114.0696686, 22.5451153], [114.0691527, 22.5451047], [114.0691392, 22.5456619], [114.0687034, 22.5456529]], [[114.0688347, 22.5455437], [114.0690214, 22.5455476], [114.0690322, 22.5451022], [114.0688455, 22.5450983], [114.0688347, 22.5455437]], [[114.069028, 22.5449916], [114.0695472, 22.5450024], [114.069553, 22.5447647], [114.0690337, 22.5447539], [114.069028, 22.5449916]]]]}}, {"type": "Feature", "id": "way/1274818929", "properties": {"tags": {"building": "apartments"}, "heightStatus": "unknown", "source": "OpenStreetMap", "license": "ODbL-1.0"}, "geometry": {"type": "MultiPolygon", "coordinates": [[[[114.0715351, 22.5450017], [114.0715629, 22.5449312], [114.0716145, 22.5449486], [114.0716492, 22.5448606], [114.0716987, 22.5448772], [114.0716936, 22.54489], [114.0717231, 22.5449], [114.0716868, 22.5449923], [114.0717981, 22.5450297], [114.071832, 22.5449439], [114.0718645, 22.5449549], [114.0718693, 22.5449427], [114.0719091, 22.544956], [114.0718746, 22.5450434], [114.0719104, 22.5450554], [114.0719177, 22.5450368], [114.0719453, 22.5450461], [114.071913, 22.545128], [114.0718552, 22.5451085], [114.0718481, 22.5451167], [114.0715944, 22.5450313], [114.0715978, 22.5450227], [114.0715351, 22.5450017]]]]}}, {"type": "Feature", "id": "way/1274818930", "properties": {"tags": {"building": "apartments"}, "heightStatus": "unknown", "source": "OpenStreetMap", "license": "ODbL-1.0"}, "geometry": {"type": "MultiPolygon", "coordinates": [[[[114.0721078, 22.5451689], [114.0721213, 22.5451325], [114.0721527, 22.5451424], [114.0721605, 22.5451212], [114.0721786, 22.5451269], [114.072198, 22.5450744], [114.0721455, 22.5450578], [114.0721647, 22.545006], [114.0721953, 22.5450157], [114.0722028, 22.5449954], [114.0722312, 22.5450044], [114.0722253, 22.5450204], [114.0722478, 22.5450275], [114.07226, 22.5449944], [114.072296, 22.5450057], [114.0722917, 22.5450174], [114.0723337, 22.5450306], [114.0723127, 22.5450873], [114.0722872, 22.5450793], [114.0722804, 22.5450979], [114.0722446, 22.5450867], [114.0722296, 22.5451274], [114.0722919, 22.545147], [114.0722666, 22.5452155], [114.0722319, 22.5452046], [114.0722275, 22.5452165], [114.0721818, 22.5452021], [114.0721883, 22.5451845], [114.072182, 22.5451825], [114.0721756, 22.5452], [114.0721422, 22.5451895], [114.0721454, 22.5451808], [114.0721078, 22.5451689]]]]}}, {"type": "Feature", "id": "way/1274818931", "properties": {"tags": {"building": "apartments"}, "heightStatus": "unknown", "source": "OpenStreetMap", "license": "ODbL-1.0"}, "geometry": {"type": "MultiPolygon", "coordinates": [[[[114.0715829, 22.5474666], [114.0715841, 22.5474273], [114.0715964, 22.5474277], [114.0715972, 22.5474002], [114.0717818, 22.5474048], [114.071781, 22.5474342], [114.071809, 22.5474349], [114.0718099, 22.547403], [114.0719687, 22.547407], [114.0719677, 22.5474415], [114.072001, 22.5474424], [114.0720018, 22.5474145], [114.0721554, 22.5474183], [114.0721545, 22.5474494], [114.0721691, 22.5474498], [114.0721683, 22.5474766], [114.07211, 22.5474751], [114.0721096, 22.5474902], [114.0720904, 22.5474897], [114.0720901, 22.547501], [114.0720572, 22.5475002], [114.0720574, 22.547491], [114.0720385, 22.5474905], [114.0720391, 22.5474737], [114.0719168, 22.5474705], [114.0719165, 22.5474819], [114.0719021, 22.5474815], [114.0719018, 22.5474918], [114.0718727, 22.5474911], [114.071873, 22.5474816], [114.0718548, 22.5474811], [114.0718551, 22.5474692], [114.0717336, 22.547466], [114.071733, 22.547486], [114.0717113, 22.5474854], [114.071711, 22.5474944], [114.0716734, 22.5474934], [114.0716736, 22.5474857], [114.0716528, 22.5474852], [114.0716533, 22.5474684], [114.0715829, 22.5474666]]]]}}, {"type": "Feature", "id": "way/1274818932", "properties": {"tags": {"building": "apartments"}, "heightStatus": "unknown", "source": "OpenStreetMap", "license": "ODbL-1.0"}, "geometry": {"type": "MultiPolygon", "coordinates": [[[[114.0715875, 22.5472432], [114.0715887, 22.547204], [114.071601, 22.5472043], [114.0716018, 22.5471768], [114.0717864, 22.5471815], [114.0717856, 22.5472109], [114.0718136, 22.5472116], [114.0718145, 22.5471796], [114.0719733, 22.5471836], [114.0719723, 22.5472182], [114.0720056, 22.547219], [114.0720064, 22.5471911], [114.07216, 22.5471949], [114.0721591, 22.547226], [114.0721737, 22.5472264], [114.0721729, 22.5472532], [114.0721146, 22.5472518], [114.0721142, 22.5472668], [114.072095, 22.5472663], [114.0720947, 22.5472777], [114.0720618, 22.5472768], [114.0720621, 22.5472676], [114.0720432, 22.5472671], [114.0720437, 22.5472503], [114.0719214, 22.5472471], [114.0719211, 22.5472585], [114.0719067, 22.5472582], [114.0719064, 22.5472685], [114.0718773, 22.5472677], [114.0718776, 22.5472582], [114.0718594, 22.5472578], [114.0718598, 22.5472459], [114.0717382, 22.5472426], [114.0717376, 22.5472626], [114.0717159, 22.5472621], [114.0717156, 22.547271], [114.071678, 22.54727], [114.0716782, 22.5472624], [114.0716574, 22.5472618], [114.0716579, 22.547245], [114.0715875, 22.5472432]]]]}}, {"type": "Feature", "id": "way/1274818933", "properties": {"tags": {"building": "apartments"}, "heightStatus": "unknown", "source": "OpenStreetMap", "license": "ODbL-1.0"}, "geometry": {"type": "MultiPolygon", "coordinates": [[[[114.0715691, 22.5476757], [114.0715702, 22.5476365], [114.0715825, 22.5476368], [114.0715833, 22.5476093], [114.071768, 22.547614], [114.0717671, 22.5476434], [114.0717951, 22.5476441], [114.0717961, 22.5476122], [114.0719548, 22.5476161], [114.0719538, 22.5476507], [114.0719871, 22.5476515], [114.0719879, 22.5476236], [114.0721415, 22.5476275], [114.0721406, 22.5476586], [114.0721552, 22.5476589], [114.0721544, 22.5476857], [114.0720962, 22.5476843], [114.0720957, 22.5476993], [114.0720765, 22.5476988], [114.0720762, 22.5477102], [114.0720433, 22.5477093], [114.0720436, 22.5477002], [114.0720247, 22.5476997], [114.0720252, 22.5476828], [114.0719029, 22.5476797], [114.0719026, 22.5476911], [114.0718882, 22.5476907], [114.0718879, 22.547701], [114.0718588, 22.5477002], [114.0718591, 22.5476908], [114.0718409, 22.5476903], [114.0718413, 22.5476784], [114.0717197, 22.5476751], [114.0717191, 22.5476952], [114.0716974, 22.5476946], [114.0716972, 22.5477035], [114.0716595, 22.5477025], [114.0716598, 22.5476949], [114.0716389, 22.5476943], [114.0716394, 22.5476775], [114.0715691, 22.5476757]]]]}}, {"type": "Feature", "id": "way/1274818934", "properties": {"tags": {"building": "apartments"}, "heightStatus": "unknown", "source": "OpenStreetMap", "license": "ODbL-1.0"}, "geometry": {"type": "MultiPolygon", "coordinates": [[[[114.0715834, 22.5470381], [114.0715845, 22.5469988], [114.0715968, 22.5469992], [114.0715976, 22.5469717], [114.0717823, 22.5469763], [114.0717814, 22.5470057], [114.0718094, 22.5470064], [114.0718104, 22.5469745], [114.0719691, 22.5469785], [114.0719681, 22.547013], [114.0720014, 22.5470139], [114.0720022, 22.546986], [114.0721558, 22.5469898], [114.0721549, 22.5470209], [114.0721695, 22.5470213], [114.0721687, 22.5470481], [114.0721105, 22.5470466], [114.07211, 22.5470617], [114.0720908, 22.5470612], [114.0720905, 22.5470725], [114.0720576, 22.5470717], [114.0720579, 22.5470625], [114.072039, 22.547062], [114.0720395, 22.5470452], [114.0719172, 22.547042], [114.0719169, 22.5470534], [114.0719025, 22.547053], [114.0719022, 22.5470633], [114.0718731, 22.5470626], [114.0718734, 22.5470531], [114.0718552, 22.5470526], [114.0718556, 22.5470407], [114.071734, 22.5470375], [114.0717334, 22.5470575], [114.0717117, 22.5470569], [114.0717115, 22.5470659], [114.0716738, 22.5470649], [114.0716741, 22.5470572], [114.0716532, 22.5470567], [114.0716537, 22.5470399], [114.0715834, 22.5470381]]]]}}, {"type": "Feature", "id": "way/1274818935", "properties": {"tags": {"building": "apartments"}, "heightStatus": "unknown", "source": "OpenStreetMap", "license": "ODbL-1.0"}, "geometry": {"type": "MultiPolygon", "coordinates": [[[[114.0715972, 22.5468289], [114.0715984, 22.5467897], [114.0716107, 22.54679], [114.0716115, 22.5467625], [114.0717961, 22.5467672], [114.0717953, 22.5467966], [114.0718233, 22.5467973], [114.0718242, 22.5467654], [114.071983, 22.5467693], [114.071982, 22.5468039], [114.0720153, 22.5468047], [114.0720161, 22.5467768], [114.0721697, 22.5467807], [114.0721688, 22.5468118], [114.0721834, 22.5468121], [114.0721826, 22.5468389], [114.0721243, 22.5468375], [114.0721239, 22.5468525], [114.0721047, 22.5468521], [114.0721044, 22.5468634], [114.0720715, 22.5468625], [114.0720717, 22.5468534], [114.0720528, 22.5468529], [114.0720534, 22.546836], [114.0719311, 22.5468329], [114.0719308, 22.5468443], [114.0719164, 22.5468439], [114.0719161, 22.5468542], [114.071887, 22.5468534], [114.0718873, 22.546844], [114.0718691, 22.5468435], [114.0718695, 22.5468316], [114.0717479, 22.5468283], [114.0717473, 22.5468484], [114.0717256, 22.5468478], [114.0717253, 22.5468567], [114.0716877, 22.5468557], [114.0716879, 22.5468481], [114.0716671, 22.5468475], [114.0716676, 22.5468307], [114.0715972, 22.5468289]]]]}}, {"type": "Feature", "id": "way/1274818936", "properties": {"tags": {"building": "apartments"}, "heightStatus": "unknown", "source": "OpenStreetMap", "license": "ODbL-1.0"}, "geometry": {"type": "MultiPolygon", "coordinates": [[[[114.0716018, 22.5466055], [114.071603, 22.5465663], [114.0716153, 22.5465666], [114.0716161, 22.5465391], [114.0718007, 22.5465438], [114.0717999, 22.5465732], [114.0718279, 22.5465739], [114.0718288, 22.546542], [114.0719876, 22.546546], [114.0719866, 22.5465805], [114.0720199, 22.5465813], [114.0720207, 22.5465535], [114.0721743, 22.5465573], [114.0721734, 22.5465884], [114.072188, 22.5465887], [114.0721872, 22.5466156], [114.0721289, 22.5466141], [114.0721285, 22.5466292], [114.0721093, 22.5466287], [114.072109, 22.54664], [114.0720761, 22.5466392], [114.0720764, 22.54663], [114.0720575, 22.5466295], [114.072058, 22.5466126], [114.0719357, 22.5466095], [114.0719354, 22.5466209], [114.071921, 22.5466205], [114.0719207, 22.5466308], [114.0718916, 22.54663], [114.0718919, 22.5466206], [114.0718737, 22.5466201], [114.0718741, 22.5466082], [114.0717525, 22.5466049], [114.0717519, 22.546625], [114.0717302, 22.5466244], [114.0717299, 22.5466333], [114.0716923, 22.5466323], [114.0716925, 22.5466247], [114.0716717, 22.5466242], [114.0716722, 22.5466074], [114.0716018, 22.5466055]]]]}}, {"type": "Feature", "id": "way/1274818937", "properties": {"tags": {"building": "apartments"}, "heightStatus": "unknown", "source": "OpenStreetMap", "license": "ODbL-1.0"}, "geometry": {"type": "MultiPolygon", "coordinates": [[[[114.0716009, 22.5464364], [114.0716028, 22.5463581], [114.0721867, 22.5463703], [114.0721848, 22.5464487], [114.0716009, 22.5464364]]]]}}, {"type": "Feature", "id": "way/1274818938", "properties": {"tags": {"building": "apartments"}, "heightStatus": "unknown", "source": "OpenStreetMap", "license": "ODbL-1.0"}, "geometry": {"type": "MultiPolygon", "coordinates": [[[[114.071588, 22.5461887], [114.0715911, 22.5460615], [114.0716013, 22.5460617], [114.0716021, 22.5460305], [114.0716447, 22.5460315], [114.0716451, 22.5460176], [114.0717331, 22.5460197], [114.0717295, 22.5460267], [114.0717769, 22.5460475], [114.0717531, 22.5460937], [114.0716823, 22.546093], [114.0716821, 22.5461166], [114.0716967, 22.5461167], [114.0716963, 22.546145], [114.0716815, 22.5461449], [114.0716813, 22.5461635], [114.0717346, 22.5461642], [114.0717339, 22.5462153], [114.0717036, 22.5462149], [114.0717034, 22.5462311], [114.07165, 22.5462303], [114.0716503, 22.5462173], [114.0716018, 22.5462165], [114.0716024, 22.546189], [114.071588, 22.5461887]]]]}}, {"type": "Feature", "id": "way/1274818939", "properties": {"tags": {"building": "apartments"}, "heightStatus": "unknown", "source": "OpenStreetMap", "license": "ODbL-1.0"}, "geometry": {"type": "MultiPolygon", "coordinates": [[[[114.0717575, 22.5461517], [114.0717942, 22.546063], [114.0719337, 22.5461195], [114.0719305, 22.5461264], [114.0719546, 22.5461361], [114.0719597, 22.5461251], [114.0720074, 22.5461442], [114.0719852, 22.5461915], [114.072027, 22.5461917], [114.0720272, 22.546162], [114.0720621, 22.5461622], [114.0720621, 22.5461509], [114.0720967, 22.5461511], [114.0720966, 22.5461618], [114.0721264, 22.546162], [114.0721265, 22.5461498], [114.0721641, 22.54615], [114.0721641, 22.5461586], [114.0721909, 22.5461587], [114.0721903, 22.5462414], [114.0721614, 22.5462412], [114.0721612, 22.546258], [114.072057, 22.5462575], [114.0720571, 22.5462403], [114.0719713, 22.5462399], [114.0719055, 22.5462142], [114.0718994, 22.5462276], [114.0718572, 22.5462111], [114.0718624, 22.5462], [114.0718377, 22.5461903], [114.0718321, 22.5462026], [114.0717928, 22.5461903], [114.0717973, 22.5461777], [114.0717751, 22.546168], [114.071775, 22.5461561], [114.0717575, 22.5461517]]]]}}, {"type": "Feature", "id": "way/1274818941", "properties": {"tags": {"building": "office", "building:levels": "30", "layer": "2", "name": "中座", "name:zh": "中座"}, "heightStatus": "levels_only_unverified", "source": "OpenStreetMap", "license": "ODbL-1.0"}, "geometry": {"type": "MultiPolygon", "coordinates": [[[[114.0638128, 22.5470877], [114.0638202, 22.5468784], [114.064059, 22.5468856], [114.0640516, 22.5470949], [114.0638128, 22.5470877]]]]}}, {"type": "Feature", "id": "way/1274818942", "properties": {"tags": {"building": "apartments", "building:levels": "30", "layer": "2", "name": "东座", "name:zh": "东座"}, "heightStatus": "levels_only_unverified", "source": "OpenStreetMap", "license": "ODbL-1.0"}, "geometry": {"type": "MultiPolygon", "coordinates": [[[[114.0641782, 22.54702], [114.06418, 22.5469019], [114.0642258, 22.5469025], [114.064227, 22.5468235], [114.0642584, 22.5468239], [114.0642587, 22.5468029], [114.0643297, 22.5468039], [114.0643295, 22.5468199], [114.0643687, 22.5468204], [114.0643674, 22.5469065], [114.0644066, 22.546907], [114.0644048, 22.5470203], [114.0643651, 22.5470198], [114.0643637, 22.5471083], [114.0643368, 22.5471079], [114.0643366, 22.5471248], [114.0642446, 22.5471236], [114.0642449, 22.5471029], [114.0642205, 22.5471026], [114.0642217, 22.5470206], [114.0641782, 22.54702]]]]}}, {"type": "Feature", "id": "way/1274818943", "properties": {"tags": {"building": "retail", "building:levels": "2", "layer": "1"}, "heightStatus": "levels_only_unverified", "source": "OpenStreetMap", "license": "ODbL-1.0"}, "geometry": {"type": "MultiPolygon", "coordinates": [[[[114.0633758, 22.5471366], [114.0633791, 22.5468102], [114.0644569, 22.5468196], [114.0644536, 22.5471458], [114.0633758, 22.5471366]]]]}}, {"type": "Feature", "id": "way/1274818947", "properties": {"tags": {"addr:housename": "橄榄鹏苑", "addr:housename:zh": "橄榄鹏苑", "building": "apartments", "building:levels": "24", "name": "B栋", "name:zh": "B栋"}, "heightStatus": "levels_only_unverified", "source": "OpenStreetMap", "license": "ODbL-1.0"}, "geometry": {"type": "MultiPolygon", "coordinates": [[[[114.063875, 22.5458413], [114.0640085, 22.5457223], [114.0639211, 22.5456387], [114.0639626, 22.5456043], [114.063952, 22.5455927], [114.0639926, 22.5455589], [114.0640813, 22.54564], [114.0641104, 22.5456648], [114.0641412, 22.5456349], [114.0641301, 22.5456246], [114.0642203, 22.5455423], [114.0643175, 22.545633], [114.0642186, 22.5457233], [114.0642948, 22.5457944], [114.0642825, 22.5458057], [114.0643447, 22.5458585], [114.0642278, 22.5459603], [114.0641296, 22.5458578], [114.0641531, 22.5458379], [114.0641339, 22.5458194], [114.0640953, 22.5458152], [114.0640752, 22.545833], [114.0640989, 22.5458556], [114.0639907, 22.5459521], [114.063875, 22.5458413]]]]}}, {"type": "Feature", "id": "way/1274818950", "properties": {"tags": {"addr:housename": "橄榄鹏苑", "addr:housename:zh": "橄榄鹏苑", "building": "apartments", "building:levels": "24", "name": "C栋", "name:zh": "C栋"}, "heightStatus": "levels_only_unverified", "source": "OpenStreetMap", "license": "ODbL-1.0"}, "geometry": {"type": "MultiPolygon", "coordinates": [[[[114.0640762, 22.5464383], [114.0641812, 22.5463389], [114.0641689, 22.5463279], [114.0643008, 22.5462031], [114.0643344, 22.5462037], [114.0643343, 22.5462231], [114.0644029, 22.5462233], [114.0644029, 22.5462031], [114.0644459, 22.5462032], [114.0644457, 22.5463003], [114.0643631, 22.5463003], [114.0644576, 22.5463855], [114.064446, 22.5463965], [114.0644402, 22.5463913], [114.0644281, 22.5464027], [114.0644425, 22.5464156], [114.0644169, 22.5464398], [114.0643895, 22.5464151], [114.0643702, 22.5464334], [114.0643952, 22.5464559], [114.0643872, 22.5464634], [114.0644057, 22.5464801], [114.0643641, 22.5465194], [114.0643191, 22.5464789], [114.0642226, 22.5465702], [114.0640762, 22.5464383]]]]}}, {"type": "Feature", "id": "way/1274818952", "properties": {"tags": {"building": "construction"}, "heightStatus": "unknown", "source": "OpenStreetMap", "license": "ODbL-1.0"}, "geometry": {"type": "MultiPolygon", "coordinates": [[[[114.0648115, 22.5457323], [114.0648143, 22.5455334], [114.064878, 22.5454108], [114.0651841, 22.5454176], [114.0651788, 22.5456216], [114.0651169, 22.545736], [114.0648115, 22.5457323]]]]}}, {"type": "Feature", "id": "way/1274818953", "properties": {"tags": {"building": "construction"}, "heightStatus": "unknown", "source": "OpenStreetMap", "license": "ODbL-1.0"}, "geometry": {"type": "MultiPolygon", "coordinates": [[[[114.0655483, 22.5458287], [114.0655496, 22.5457084], [114.0659499, 22.5457121], [114.0659513, 22.5455824], [114.0659261, 22.5455822], [114.065927, 22.5455004], [114.0660893, 22.5455019], [114.0660856, 22.5458365], [114.065969, 22.5458354], [114.0659693, 22.5458098], [114.0658395, 22.5458086], [114.0658393, 22.5458333], [114.0656773, 22.5458319], [114.0656775, 22.5458085], [114.0656274, 22.545808], [114.0656272, 22.5458294], [114.0655483, 22.5458287]]]]}}, {"type": "Feature", "id": "way/1276338220", "properties": {"tags": {"addr:housename": "莲花二村", "addr:housename:zh": "莲花二村", "building": "apartments", "building:levels": "8", "name": "33栋", "name:zh": "33栋"}, "heightStatus": "levels_only_unverified", "source": "OpenStreetMap", "license": "ODbL-1.0"}, "geometry": {"type": "MultiPolygon", "coordinates": [[[[114.0642305, 22.5531015], [114.0643089, 22.5530544], [114.0642948, 22.5530371], [114.0643136, 22.5530235], [114.064315, 22.5529727], [114.0643934, 22.5529783], [114.0643921, 22.5530197], [114.0644102, 22.553029], [114.0643914, 22.5530538], [114.0644678, 22.5531071], [114.0644236, 22.5531758], [114.0643525, 22.5531386], [114.0642714, 22.5531696], [114.0642305, 22.5531015]]]]}}, {"type": "Feature", "id": "way/1276338221", "properties": {"tags": {"addr:housename": "莲花二村", "addr:housename:zh": "莲花二村", "building": "apartments", "building:levels": "8", "name": "34栋", "name:zh": "34栋"}, "heightStatus": "levels_only_unverified", "source": "OpenStreetMap", "license": "ODbL-1.0"}, "geometry": {"type": "MultiPolygon", "coordinates": [[[[114.0644481, 22.5529012], [114.0645266, 22.5528541], [114.0645125, 22.5528368], [114.0645313, 22.5528232], [114.0645326, 22.5527724], [114.0646111, 22.552778], [114.0646097, 22.5528194], [114.0646278, 22.5528287], [114.0646091, 22.5528535], [114.0646855, 22.5529068], [114.0646412, 22.5529755], [114.0645702, 22.5529383], [114.064489, 22.5529693], [114.0644481, 22.5529012]]]]}}, {"type": "Feature", "id": "way/1276338222", "properties": {"tags": {"addr:housename": "莲花二村", "addr:housename:zh": "莲花二村", "building": "apartments", "building:levels": "8", "name": "36栋", "name:zh": "36栋"}, "heightStatus": "levels_only_unverified", "source": "OpenStreetMap", "license": "ODbL-1.0"}, "geometry": {"type": "MultiPolygon", "coordinates": [[[[114.0646838, 22.5526945], [114.0647623, 22.5526475], [114.0647482, 22.5526301], [114.064767, 22.5526165], [114.0647683, 22.5525657], [114.0648468, 22.5525713], [114.0648454, 22.5526128], [114.0648635, 22.5526221], [114.0648447, 22.5526468], [114.0649212, 22.5527001], [114.0648769, 22.5527688], [114.0648058, 22.5527317], [114.0647247, 22.5527627], [114.0646838, 22.5526945]]]]}}, {"type": "Feature", "id": "way/1276338223", "properties": {"tags": {"addr:housename": "莲花二村", "addr:housename:zh": "莲花二村", "building": "apartments", "building:levels": "8", "name": "31栋", "name:zh": "31栋"}, "heightStatus": "levels_only_unverified", "source": "OpenStreetMap", "license": "ODbL-1.0"}, "geometry": {"type": "MultiPolygon", "coordinates": [[[[114.0644088, 22.5534111], [114.0644873, 22.5533641], [114.0644732, 22.5533467], [114.064492, 22.5533331], [114.0644933, 22.5532823], [114.0645718, 22.5532879], [114.0645704, 22.5533294], [114.0645885, 22.5533387], [114.0645698, 22.5533634], [114.0646462, 22.5534167], [114.0646019, 22.5534854], [114.0645309, 22.5534483], [114.0644497, 22.5534792], [114.0644088, 22.5534111]]]]}}, {"type": "Feature", "id": "way/1276338224", "properties": {"tags": {"addr:housename": "莲花二村", "addr:housename:zh": "莲花二村", "building": "apartments", "building:levels": "8", "name": "32栋", "name:zh": "32栋"}, "heightStatus": "levels_only_unverified", "source": "OpenStreetMap", "license": "ODbL-1.0"}, "geometry": {"type": "MultiPolygon", "coordinates": [[[[114.0646426, 22.5531761], [114.064721, 22.5531291], [114.064707, 22.5531117], [114.0647257, 22.5530981], [114.0647271, 22.5530473], [114.0648055, 22.5530529], [114.0648042, 22.5530944], [114.0648223, 22.5531037], [114.0648035, 22.5531285], [114.06488, 22.5531817], [114.0648357, 22.5532505], [114.0647646, 22.5532133], [114.0646835, 22.5532443], [114.0646426, 22.5531761]]]]}}, {"type": "Feature", "id": "way/1276338225", "properties": {"tags": {"addr:housename": "莲花二村", "addr:housename:zh": "莲花二村", "building": "apartments", "building:levels": "8", "name": "35栋", "name:zh": "35栋"}, "heightStatus": "levels_only_unverified", "source": "OpenStreetMap", "license": "ODbL-1.0"}, "geometry": {"type": "MultiPolygon", "coordinates": [[[[114.0648903, 22.5529447], [114.0649688, 22.5528977], [114.0649547, 22.5528803], [114.0649735, 22.5528667], [114.0649748, 22.5528159], [114.0650533, 22.5528215], [114.0650519, 22.552863], [114.06507, 22.5528723], [114.0650513, 22.552897], [114.0651277, 22.5529503], [114.0650835, 22.553019], [114.0650124, 22.5529819], [114.0649312, 22.5530128], [114.0648903, 22.5529447]]]]}}, {"type": "Feature", "id": "way/1276338226", "properties": {"tags": {"addr:housename": "莲花二村", "addr:housename:zh": "莲花二村", "building": "apartments", "building:levels": "8", "name": "30栋", "name:zh": "30栋"}, "heightStatus": "levels_only_unverified", "source": "OpenStreetMap", "license": "ODbL-1.0"}, "geometry": {"type": "MultiPolygon", "coordinates": [[[[114.0643948, 22.5537497], [114.0644733, 22.5537026], [114.0644592, 22.5536853], [114.064478, 22.5536717], [114.0644793, 22.5536209], [114.0645578, 22.5536264], [114.0645564, 22.5536679], [114.0645745, 22.5536772], [114.0645558, 22.553702], [114.0646322, 22.5537553], [114.0645879, 22.553824], [114.0645169, 22.5537868], [114.0644357, 22.5538178], [114.0643948, 22.5537497]]]]}}, {"type": "Feature", "id": "relation/17518319", "properties": {"tags": {"building": "school"}, "heightStatus": "unknown", "source": "OpenStreetMap", "license": "ODbL-1.0"}, "geometry": {"type": "MultiPolygon", "coordinates": [[[[114.0635561, 22.5539866], [114.063575, 22.5533219], [114.0635982, 22.5533224], [114.0635933, 22.553493], [114.0636528, 22.5534944], [114.0636521, 22.5535214], [114.0638872, 22.5535271], [114.0638864, 22.5535564], [114.0640756, 22.553561], [114.0640783, 22.5534657], [114.0641337, 22.5534671], [114.064168, 22.5533838], [114.0642333, 22.5533855], [114.0642251, 22.5536533], [114.064104, 22.5536502], [114.0641023, 22.5536952], [114.0641422, 22.5537199], [114.0641443, 22.5537453], [114.0642168, 22.5537471], [114.0642091, 22.554002], [114.0641426, 22.5540002], [114.0641423, 22.554012], [114.0636167, 22.5539989], [114.0636171, 22.5539881], [114.0635561, 22.5539866]], [[114.063607, 22.5538721], [114.063645, 22.5538725], [114.0636446, 22.5539056], [114.0640129, 22.5539099], [114.0640152, 22.5537408], [114.0640557, 22.5537413], [114.0640569, 22.5536514], [114.0638653, 22.5536493], [114.0638657, 22.5536218], [114.0636103, 22.5536189], [114.063607, 22.5538721]]]]}}, {"type": "Feature", "id": "way/1276338234", "properties": {"tags": {"addr:housename": "莲花二村", "addr:housename:zh": "莲花二村", "building": "apartments", "building:levels": "8", "name": "23栋", "name:zh": "23栋"}, "heightStatus": "levels_only_unverified", "source": "OpenStreetMap", "license": "ODbL-1.0"}, "geometry": {"type": "MultiPolygon", "coordinates": [[[[114.0670431, 22.5515262], [114.0671164, 22.5514725], [114.0671006, 22.5514564], [114.0671178, 22.5514412], [114.0671139, 22.5513906], [114.0671926, 22.5513892], [114.0671956, 22.5514306], [114.0672145, 22.5514383], [114.0671984, 22.5514646], [114.06728, 22.5515108], [114.0672431, 22.5515832], [114.0671685, 22.5515525], [114.0670909, 22.5515904], [114.0670431, 22.5515262]]]]}}, {"type": "Feature", "id": "way/1276338235", "properties": {"tags": {"addr:housename": "莲花二村", "addr:housename:zh": "莲花二村", "building": "apartments", "building:levels": "8", "name": "22栋", "name:zh": "22栋"}, "heightStatus": "levels_only_unverified", "source": "OpenStreetMap", "license": "ODbL-1.0"}, "geometry": {"type": "MultiPolygon", "coordinates": [[[[114.0667381, 22.5515461], [114.0668113, 22.5514924], [114.0667955, 22.5514764], [114.0668128, 22.5514611], [114.0668089, 22.5514105], [114.0668876, 22.5514091], [114.0668905, 22.5514505], [114.0669095, 22.5514582], [114.0668934, 22.5514845], [114.066975, 22.5515308], [114.066938, 22.5516031], [114.0668634, 22.5515724], [114.0667859, 22.5516103], [114.0667381, 22.5515461]]]]}}, {"type": "Feature", "id": "way/1276338236", "properties": {"tags": {"addr:housename": "莲花二村", "addr:housename:zh": "莲花二村", "building": "apartments", "building:levels": "8", "name": "21栋", "name:zh": "21栋"}, "heightStatus": "levels_only_unverified", "source": "OpenStreetMap", "license": "ODbL-1.0"}, "geometry": {"type": "MultiPolygon", "coordinates": [[[[114.0664306, 22.5515711], [114.0665039, 22.5515174], [114.0664881, 22.5515013], [114.0665053, 22.5514861], [114.0665014, 22.5514355], [114.0665801, 22.5514341], [114.066583, 22.5514755], [114.066602, 22.5514832], [114.0665859, 22.5515095], [114.0666675, 22.5515557], [114.0666306, 22.5516281], [114.066556, 22.5515973], [114.0664784, 22.5516353], [114.0664306, 22.5515711]]]]}}, {"type": "Feature", "id": "way/1276338237", "properties": {"tags": {"addr:housename": "莲花二村", "addr:housename:zh": "莲花二村", "building": "apartments", "building:levels": "8", "name": "20栋", "name:zh": "20栋"}, "heightStatus": "levels_only_unverified", "source": "OpenStreetMap", "license": "ODbL-1.0"}, "geometry": {"type": "MultiPolygon", "coordinates": [[[[114.0661227, 22.5515994], [114.0661959, 22.5515456], [114.0661801, 22.5515296], [114.0661974, 22.5515144], [114.0661935, 22.5514637], [114.0662721, 22.5514623], [114.0662751, 22.5515038], [114.0662941, 22.5515114], [114.0662779, 22.5515377], [114.0663595, 22.551584], [114.0663226, 22.5516563], [114.066248, 22.5516256], [114.0661704, 22.5516636], [114.0661227, 22.5515994]]]]}}, {"type": "Feature", "id": "way/1276338238", "properties": {"tags": {"addr:housename": "莲花二村", "addr:housename:zh": "莲花二村", "building": "apartments", "building:levels": "8", "name": "18栋", "name:zh": "18栋"}, "heightStatus": "levels_only_unverified", "source": "OpenStreetMap", "license": "ODbL-1.0"}, "geometry": {"type": "MultiPolygon", "coordinates": [[[[114.0659326, 22.5519849], [114.0660058, 22.5519311], [114.06599, 22.5519151], [114.0660073, 22.5518999], [114.0660034, 22.5518492], [114.066082, 22.5518478], [114.066085, 22.5518893], [114.066104, 22.5518969], [114.0660878, 22.5519232], [114.0661694, 22.5519695], [114.0661325, 22.5520418], [114.0660579, 22.5520111], [114.0659803, 22.5520491], [114.0659326, 22.5519849]]]]}}, {"type": "Feature", "id": "way/1276338239", "properties": {"tags": {"addr:housename": "莲花二村", "addr:housename:zh": "莲花二村", "building": "apartments", "building:levels": "8", "name": "19栋", "name:zh": "19栋"}, "heightStatus": "levels_only_unverified", "source": "OpenStreetMap", "license": "ODbL-1.0"}, "geometry": {"type": "MultiPolygon", "coordinates": [[[[114.066223, 22.5519275], [114.0662963, 22.5518737], [114.0662804, 22.5518577], [114.0662977, 22.5518425], [114.0662938, 22.5517918], [114.0663725, 22.5517905], [114.0663754, 22.5518319], [114.0663944, 22.5518395], [114.0663783, 22.5518659], [114.0664599, 22.5519121], [114.066423, 22.5519845], [114.0663484, 22.5519537], [114.0662708, 22.5519917], [114.066223, 22.5519275]]]]}}, {"type": "Feature", "id": "way/1276338240", "properties": {"tags": {"addr:housename": "莲花二村", "addr:housename:zh": "莲花二村", "building": "apartments", "building:levels": "8", "name": "17栋", "name:zh": "17栋"}, "heightStatus": "levels_only_unverified", "source": "OpenStreetMap", "license": "ODbL-1.0"}, "geometry": {"type": "MultiPolygon", "coordinates": [[[[114.0657495, 22.552286], [114.0658227, 22.5522322], [114.0658069, 22.5522162], [114.0658242, 22.552201], [114.0658203, 22.5521503], [114.065899, 22.552149], [114.0659019, 22.5521904], [114.0659209, 22.552198], [114.0659048, 22.5522243], [114.0659864, 22.5522706], [114.0659494, 22.5523429], [114.0658748, 22.5523122], [114.0657973, 22.5523502], [114.0657495, 22.552286]]]]}}, {"type": "Feature", "id": "way/1276338242", "properties": {"tags": {"addr:housename": "莲花二村", "addr:housename:zh": "莲花二村", "building": "apartments", "building:levels": "8", "name": "13栋", "name:zh": "13栋"}, "heightStatus": "levels_only_unverified", "source": "OpenStreetMap", "license": "ODbL-1.0"}, "geometry": {"type": "MultiPolygon", "coordinates": [[[[114.0661518, 22.5522355], [114.0661525, 22.5520919], [114.0661969, 22.5520921], [114.0661967, 22.5521329], [114.0662273, 22.552133], [114.0662272, 22.5521593], [114.0662641, 22.5521595], [114.0662639, 22.5521954], [114.066281, 22.5521955], [114.0662808, 22.5522249], [114.0663205, 22.5522251], [114.0663203, 22.5522584], [114.066356, 22.5522586], [114.0663557, 22.5522931], [114.0663944, 22.5522933], [114.0663943, 22.5523179], [114.0664141, 22.552318], [114.0664139, 22.5523431], [114.066453, 22.5523434], [114.0664526, 22.552385], [114.0664829, 22.5523852], [114.0664826, 22.5524136], [114.0665236, 22.5524139], [114.0665232, 22.5524468], [114.0665522, 22.552447], [114.0665515, 22.5525124], [114.0665237, 22.5525121], [114.0665236, 22.5525202], [114.066477, 22.5525197], [114.0664775, 22.5524801], [114.0664061, 22.5524794], [114.0664072, 22.5523952], [114.0663499, 22.5523946], [114.0663504, 22.5523521], [114.0663257, 22.5523519], [114.0663257, 22.5523583], [114.0662722, 22.552358], [114.0662729, 22.5522688], [114.0662151, 22.5522685], [114.0662155, 22.5522236], [114.0661957, 22.5522235], [114.0661956, 22.5522357], [114.0661518, 22.5522355]]]]}}, {"type": "Feature", "id": "way/1276338243", "properties": {"tags": {"addr:housename": "莲花二村", "addr:housename:zh": "莲花二村", "building": "apartments", "building:levels": "8", "name": "12栋", "name:zh": "12栋"}, "heightStatus": "levels_only_unverified", "source": "OpenStreetMap", "license": "ODbL-1.0"}, "geometry": {"type": "MultiPolygon", "coordinates": [[[[114.0660345, 22.5524431], [114.0660353, 22.5522995], [114.0660796, 22.5522997], [114.0660794, 22.5523405], [114.06611, 22.5523406], [114.0661099, 22.5523669], [114.0661468, 22.5523671], [114.0661466, 22.552403], [114.0661637, 22.552403], [114.0661635, 22.5524325], [114.0662033, 22.5524327], [114.0662031, 22.5524659], [114.0662387, 22.5524661], [114.0662385, 22.5525006], [114.0662772, 22.5525009], [114.066277, 22.5525255], [114.0662968, 22.5525256], [114.0662966, 22.5525507], [114.0663357, 22.552551], [114.0663354, 22.5525925], [114.0663656, 22.5525928], [114.0663654, 22.5526211], [114.0664063, 22.5526215], [114.066406, 22.5526544], [114.0664349, 22.5526546], [114.0664342, 22.5527199], [114.0664065, 22.5527197], [114.0664064, 22.5527278], [114.0663597, 22.5527273], [114.0663602, 22.5526877], [114.0662889, 22.552687], [114.0662899, 22.5526028], [114.0662327, 22.5526022], [114.0662332, 22.5525597], [114.0662085, 22.5525595], [114.0662084, 22.5525659], [114.0661549, 22.5525655], [114.0661556, 22.5524764], [114.0660979, 22.5524761], [114.0660982, 22.5524312], [114.0660784, 22.5524311], [114.0660783, 22.5524433], [114.0660345, 22.5524431]]]]}}, {"type": "Feature", "id": "way/1276338244", "properties": {"tags": {"building": "apartments"}, "heightStatus": "unknown", "source": "OpenStreetMap", "license": "ODbL-1.0"}, "geometry": {"type": "MultiPolygon", "coordinates": [[[[114.0656486, 22.5526259], [114.0658405, 22.5524567], [114.0660251, 22.5526185], [114.0660059, 22.5526404], [114.0660338, 22.5526652], [114.0659802, 22.552711], [114.0659449, 22.5526791], [114.0659548, 22.5526702], [114.0659365, 22.5526528], [114.0658873, 22.5526977], [114.0658351, 22.5526478], [114.0657808, 22.5526974], [114.0657398, 22.5526666], [114.0657186, 22.5526889], [114.0656486, 22.5526259]]]]}}, {"type": "Feature", "id": "way/1276338250", "properties": {"tags": {"addr:housename": "莲花二村", "addr:housename:zh": "莲花二村", "building": "apartments", "building:levels": "8", "name": "5栋", "name:zh": "5栋"}, "heightStatus": "levels_only_unverified", "source": "OpenStreetMap", "license": "ODbL-1.0"}, "geometry": {"type": "MultiPolygon", "coordinates": [[[[114.0666382, 22.5539375], [114.0666392, 22.5538576], [114.066663, 22.5538578], [114.0666634, 22.5538298], [114.0667053, 22.5538302], [114.0667054, 22.553819], [114.0667771, 22.5538198], [114.066777, 22.5538287], [114.0668132, 22.553829], [114.0668127, 22.5538709], [114.0668388, 22.5538711], [114.0668393, 22.5538317], [114.0668768, 22.553832], [114.0668768, 22.5538264], [114.0669417, 22.5538271], [114.0669416, 22.5538358], [114.0669762, 22.5538362], [114.0669756, 22.553883], [114.0670159, 22.5538834], [114.0670165, 22.553837], [114.0670488, 22.5538374], [114.0670489, 22.5538273], [114.0671222, 22.5538281], [114.0671221, 22.5538357], [114.0671498, 22.5538361], [114.0671493, 22.5538737], [114.0671752, 22.553874], [114.0671743, 22.5539424], [114.0671099, 22.5539417], [114.0671102, 22.5539194], [114.0670509, 22.5539187], [114.0670506, 22.5539411], [114.0669411, 22.5539398], [114.0669414, 22.5539207], [114.0668783, 22.55392], [114.066878, 22.5539386], [114.0667661, 22.5539374], [114.0667664, 22.5539194], [114.0667159, 22.5539189], [114.0667157, 22.5539383], [114.0666382, 22.5539375]]]]}}, {"type": "Feature", "id": "way/1276338251", "properties": {"tags": {"addr:housename": "莲花二村", "addr:housename:zh": "莲花二村", "building": "apartments", "building:levels": "8", "name": "11栋", "name:zh": "11栋"}, "heightStatus": "levels_only_unverified", "source": "OpenStreetMap", "license": "ODbL-1.0"}, "geometry": {"type": "MultiPolygon", "coordinates": [[[[114.0666531, 22.5531583], [114.066654, 22.5530784], [114.0666779, 22.5530786], [114.0666782, 22.5530506], [114.0667201, 22.553051], [114.0667203, 22.5530398], [114.066792, 22.5530405], [114.0667919, 22.5530494], [114.066828, 22.5530498], [114.0668275, 22.5530916], [114.0668537, 22.5530919], [114.0668541, 22.5530524], [114.0668916, 22.5530528], [114.0668917, 22.5530472], [114.0669566, 22.5530479], [114.0669565, 22.5530566], [114.066991, 22.553057], [114.0669904, 22.5531038], [114.0670307, 22.5531042], [114.0670313, 22.5530578], [114.0670636, 22.5530582], [114.0670638, 22.553048], [114.0671371, 22.5530489], [114.067137, 22.5530565], [114.0671646, 22.5530568], [114.0671641, 22.5530945], [114.0671901, 22.5530948], [114.0671891, 22.5531632], [114.0671248, 22.5531625], [114.0671251, 22.5531402], [114.0670657, 22.5531395], [114.0670654, 22.5531618], [114.066956, 22.5531606], [114.0669562, 22.5531414], [114.0668931, 22.5531407], [114.0668929, 22.5531594], [114.066781, 22.5531582], [114.0667812, 22.5531402], [114.0667308, 22.5531397], [114.0667306, 22.5531591], [114.0666531, 22.5531583]]]]}}, {"type": "Feature", "id": "way/1276338252", "properties": {"tags": {"addr:housename": "莲花二村", "addr:housename:zh": "莲花二村", "building": "apartments", "building:levels": "8", "name": "9栋", "name:zh": "9栋"}, "heightStatus": "levels_only_unverified", "source": "OpenStreetMap", "license": "ODbL-1.0"}, "geometry": {"type": "MultiPolygon", "coordinates": [[[[114.0659486, 22.5534681], [114.0659776, 22.5534678], [114.0659772, 22.5534349], [114.0660181, 22.5534345], [114.0660178, 22.5534061], [114.066048, 22.5534058], [114.0660476, 22.5533643], [114.0660867, 22.5533639], [114.0660864, 22.5533389], [114.0661062, 22.5533387], [114.066106, 22.5533141], [114.0661447, 22.5533138], [114.0661444, 22.5532792], [114.06618, 22.553279], [114.0661798, 22.5532458], [114.0662195, 22.5532455], [114.0662192, 22.553216], [114.0662363, 22.5532159], [114.0662361, 22.55318], [114.0662729, 22.5531797], [114.0662727, 22.5531535], [114.0663101, 22.5531536], [114.0663098, 22.553132], [114.0663501, 22.5531317], [114.0663485, 22.5532558], [114.0663047, 22.5532561], [114.0663046, 22.5532439], [114.0662848, 22.553244], [114.0662826, 22.5533], [114.0662148, 22.5533011], [114.0662143, 22.5533785], [114.0661749, 22.553379], [114.0661749, 22.5533725], [114.0661501, 22.5533728], [114.0661507, 22.5534153], [114.0660935, 22.553416], [114.0660947, 22.5535002], [114.0660234, 22.5535011], [114.066024, 22.5535406], [114.0659773, 22.5535412], [114.0659772, 22.5535331], [114.0659495, 22.5535334], [114.0659486, 22.5534681]]]]}}, {"type": "Feature", "id": "way/1276338253", "properties": {"tags": {"addr:housename": "莲花二村", "addr:housename:zh": "莲花二村", "building": "apartments", "building:levels": "8", "name": "7栋", "name:zh": "7栋"}, "heightStatus": "levels_only_unverified", "source": "OpenStreetMap", "license": "ODbL-1.0"}, "geometry": {"type": "MultiPolygon", "coordinates": [[[[114.0660318, 22.5537296], [114.0660607, 22.5537293], [114.0660603, 22.5536964], [114.0661013, 22.553696], [114.0661009, 22.5536676], [114.0661312, 22.5536673], [114.0661307, 22.5536258], [114.0661699, 22.5536254], [114.0661696, 22.5536003], [114.0661894, 22.5536002], [114.0661892, 22.5535755], [114.0662279, 22.5535752], [114.0662276, 22.5535407], [114.0662632, 22.5535405], [114.0662629, 22.5535072], [114.0663026, 22.553507], [114.0663024, 22.5534775], [114.0663195, 22.5534774], [114.0663192, 22.5534415], [114.0663561, 22.5534412], [114.0663559, 22.5534149], [114.0663933, 22.5534151], [114.0663929, 22.5533935], [114.0664333, 22.5533932], [114.0664317, 22.5535173], [114.0663879, 22.5535175], [114.0663878, 22.5535054], [114.066368, 22.5535055], [114.0663657, 22.5535615], [114.0662979, 22.5535626], [114.0662975, 22.55364], [114.0662581, 22.5536404], [114.066258, 22.553634], [114.0662333, 22.5536343], [114.0662339, 22.5536768], [114.0661767, 22.5536775], [114.0661779, 22.5537617], [114.0661066, 22.5537626], [114.0661072, 22.5538021], [114.0660605, 22.5538027], [114.0660604, 22.5537946], [114.0660326, 22.5537949], [114.0660318, 22.5537296]]]]}}, {"type": "Feature", "id": "way/1276338254", "properties": {"tags": {"addr:housename": "莲花二村", "addr:housename:zh": "莲花二村", "building": "apartments", "building:levels": "8", "name": "27栋", "name:zh": "27栋"}, "heightStatus": "levels_only_unverified", "source": "OpenStreetMap", "license": "ODbL-1.0"}, "geometry": {"type": "MultiPolygon", "coordinates": [[[[114.0649145, 22.5533664], [114.0649153, 22.5532229], [114.0649597, 22.5532231], [114.0649595, 22.5532638], [114.0649901, 22.553264], [114.06499, 22.5532902], [114.0650268, 22.5532904], [114.0650266, 22.5533263], [114.0650438, 22.5533264], [114.0650436, 22.5533559], [114.0650833, 22.5533561], [114.0650831, 22.5533893], [114.0651187, 22.5533895], [114.0651185, 22.553424], [114.0651572, 22.5534242], [114.065157, 22.5534488], [114.0651769, 22.553449], [114.0651767, 22.553474], [114.0652158, 22.5534743], [114.0652154, 22.5535159], [114.0652457, 22.5535161], [114.0652454, 22.5535445], [114.0652863, 22.5535448], [114.065286, 22.5535777], [114.065315, 22.553578], [114.0653143, 22.5536433], [114.0652865, 22.553643], [114.0652864, 22.5536511], [114.0652398, 22.5536506], [114.0652402, 22.5536111], [114.0651689, 22.5536103], [114.0651699, 22.5535261], [114.0651127, 22.5535255], [114.0651132, 22.5534831], [114.0650885, 22.5534828], [114.0650884, 22.5534893], [114.0650349, 22.5534889], [114.0650356, 22.5533998], [114.0649779, 22.5533994], [114.0649782, 22.5533546], [114.0649584, 22.5533544], [114.0649584, 22.5533666], [114.0649145, 22.5533664]]]]}}, {"type": "Feature", "id": "way/1276338255", "properties": {"tags": {"addr:housename": "莲花二村", "addr:housename:zh": "莲花二村", "building": "apartments", "building:levels": "8", "name": "28栋", "name:zh": "28栋"}, "heightStatus": "levels_only_unverified", "source": "OpenStreetMap", "license": "ODbL-1.0"}, "geometry": {"type": "MultiPolygon", "coordinates": [[[[114.065121, 22.553217], [114.0651217, 22.5530735], [114.0651661, 22.5530737], [114.0651659, 22.5531144], [114.0651965, 22.5531146], [114.0651964, 22.5531409], [114.0652333, 22.553141], [114.0652331, 22.5531769], [114.0652502, 22.553177], [114.06525, 22.5532065], [114.0652897, 22.5532067], [114.0652895, 22.5532399], [114.0653252, 22.5532401], [114.0653249, 22.5532746], [114.0653637, 22.5532748], [114.0653635, 22.5532995], [114.0653833, 22.5532996], [114.0653831, 22.5533247], [114.0654222, 22.5533249], [114.0654218, 22.5533665], [114.0654521, 22.5533667], [114.0654518, 22.5533951], [114.0654928, 22.5533954], [114.0654924, 22.5534283], [114.0655214, 22.5534286], [114.0655207, 22.5534939], [114.0654929, 22.5534936], [114.0654928, 22.5535017], [114.0654462, 22.5535012], [114.0654467, 22.5534617], [114.0653754, 22.553461], [114.0653764, 22.5533767], [114.0653191, 22.5533762], [114.0653196, 22.5533337], [114.0652949, 22.5533334], [114.0652949, 22.5533399], [114.0652414, 22.5533395], [114.0652421, 22.5532504], [114.0651843, 22.55325], [114.0651847, 22.5532052], [114.0651649, 22.5532051], [114.0651648, 22.5532172], [114.065121, 22.553217]]]]}}, {"type": "Feature", "id": "way/1276338256", "properties": {"tags": {"addr:housename": "莲花二村", "addr:housename:zh": "莲花二村", "building": "apartments", "building:levels": "8", "name": "15栋", "name:zh": "15栋"}, "heightStatus": "levels_only_unverified", "source": "OpenStreetMap", "license": "ODbL-1.0"}, "geometry": {"type": "MultiPolygon", "coordinates": [[[[114.0666625, 22.5520571], [114.0666863, 22.5520553], [114.0666838, 22.5520274], [114.0667256, 22.5520242], [114.0667246, 22.5520131], [114.0667961, 22.5520076], [114.0667968, 22.5520165], [114.0668328, 22.5520138], [114.0668366, 22.5520555], [114.0668626, 22.5520535], [114.0668591, 22.5520142], [114.0668965, 22.5520113], [114.066896, 22.5520057], [114.0669607, 22.5520009], [114.0669614, 22.5520095], [114.0669959, 22.5520069], [114.067, 22.5520536], [114.0670401, 22.5520506], [114.0670361, 22.5520043], [114.0670683, 22.5520019], [114.0670674, 22.5519918], [114.0671405, 22.5519864], [114.0671411, 22.551994], [114.0671687, 22.5519919], [114.067172, 22.5520295], [114.0671978, 22.5520275], [114.0672038, 22.5520958], [114.0671397, 22.5521005], [114.0671377, 22.5520783], [114.0670785, 22.5520827], [114.0670805, 22.552105], [114.0669714, 22.5521132], [114.0669697, 22.552094], [114.0669068, 22.5520988], [114.0669085, 22.5521173], [114.0667969, 22.5521257], [114.0667953, 22.5521078], [114.0667451, 22.5521116], [114.0667468, 22.5521309], [114.0666696, 22.5521368], [114.0666625, 22.5520571]]]]}}, {"type": "Feature", "id": "way/1276338257", "properties": {"tags": {"addr:housename": "莲花二村", "addr:housename:zh": "莲花二村", "building": "apartments", "building:levels": "8", "name": "14栋", "name:zh": "14栋"}, "heightStatus": "levels_only_unverified", "source": "OpenStreetMap", "license": "ODbL-1.0"}, "geometry": {"type": "MultiPolygon", "coordinates": [[[[114.0666929, 22.5522975], [114.0667386, 22.5522941], [114.0667378, 22.5522855], [114.066827, 22.5522788], [114.0668276, 22.5522862], [114.0668996, 22.5522809], [114.066899, 22.5522748], [114.0669892, 22.5522683], [114.0669902, 22.5522795], [114.0670613, 22.5522744], [114.0670605, 22.5522651], [114.0671525, 22.5522586], [114.0671531, 22.5522653], [114.0671907, 22.5522627], [114.0671981, 22.5523554], [114.0671454, 22.5523589], [114.067145, 22.5523537], [114.0670792, 22.5523581], [114.0670796, 22.5523631], [114.0669835, 22.5523695], [114.066983, 22.5523638], [114.0669162, 22.5523683], [114.0669167, 22.5523748], [114.066802, 22.5523828], [114.0668015, 22.5523768], [114.0667648, 22.5523794], [114.0667653, 22.552385], [114.066701, 22.5523898], [114.0666929, 22.5522975]]]]}}, {"type": "Feature", "id": "way/1276338259", "properties": {"tags": {"addr:housename": "莲花二村", "addr:housename:zh": "莲花二村", "building": "apartments", "building:levels": "8", "name": "38栋", "name:zh": "38栋"}, "heightStatus": "levels_only_unverified", "source": "OpenStreetMap", "license": "ODbL-1.0"}, "geometry": {"type": "MultiPolygon", "coordinates": [[[[114.0638249, 22.5525883], [114.0638538, 22.552588], [114.0638534, 22.5525551], [114.0638943, 22.5525547], [114.063894, 22.5525263], [114.0639243, 22.552526], [114.0639238, 22.5524845], [114.0639629, 22.5524841], [114.0639627, 22.552459], [114.0639825, 22.5524589], [114.0639822, 22.5524343], [114.0640209, 22.552434], [114.0640206, 22.5523994], [114.0640563, 22.5523992], [114.064056, 22.552366], [114.0640957, 22.5523657], [114.0640955, 22.5523362], [114.0641126, 22.5523361], [114.0641123, 22.5523002], [114.0641492, 22.5522999], [114.064149, 22.5522737], [114.0641863, 22.5522738], [114.064186, 22.5522522], [114.0642264, 22.5522519], [114.0642248, 22.552376], [114.064181, 22.5523763], [114.0641808, 22.5523641], [114.064161, 22.5523642], [114.0641588, 22.5524202], [114.064091, 22.5524213], [114.0640906, 22.5524987], [114.0640512, 22.5524992], [114.0640511, 22.5524927], [114.0640264, 22.552493], [114.064027, 22.5525355], [114.0639698, 22.5525362], [114.063971, 22.5526204], [114.0638997, 22.5526213], [114.0639002, 22.5526608], [114.0638536, 22.5526614], [114.0638535, 22.5526533], [114.0638257, 22.5526536], [114.0638249, 22.5525883]]]]}}, {"type": "Feature", "id": "way/1276338260", "properties": {"tags": {"addr:housename": "莲花二村", "addr:housename:zh": "莲花二村", "building": "apartments", "building:levels": "8", "name": "37栋", "name:zh": "37栋"}, "heightStatus": "levels_only_unverified", "source": "OpenStreetMap", "license": "ODbL-1.0"}, "geometry": {"type": "MultiPolygon", "coordinates": [[[[114.0640609, 22.5527209], [114.0640898, 22.5527205], [114.0640894, 22.5526876], [114.0641304, 22.5526872], [114.06413, 22.5526589], [114.0641603, 22.5526586], [114.0641598, 22.552617], [114.064199, 22.5526167], [114.0641987, 22.5525916], [114.0642185, 22.5525914], [114.0642183, 22.5525668], [114.064257, 22.5525665], [114.0642567, 22.552532], [114.0642923, 22.5525317], [114.064292, 22.5524985], [114.0643317, 22.5524982], [114.0643315, 22.5524687], [114.0643486, 22.5524686], [114.0643483, 22.5524327], [114.0643852, 22.5524325], [114.064385, 22.5524062], [114.0644224, 22.5524063], [114.064422, 22.5523847], [114.0644624, 22.5523845], [114.0644608, 22.5525085], [114.064417, 22.5525088], [114.0644169, 22.5524966], [114.0643971, 22.5524968], [114.0643948, 22.5525527], [114.064327, 22.5525539], [114.0643266, 22.5526312], [114.0642872, 22.5526317], [114.0642871, 22.5526253], [114.0642624, 22.5526255], [114.064263, 22.552668], [114.0642058, 22.5526687], [114.064207, 22.5527529], [114.0641357, 22.5527538], [114.0641363, 22.5527934], [114.0640896, 22.5527939], [114.0640895, 22.5527859], [114.0640617, 22.5527862], [114.0640609, 22.5527209]]]]}}, {"type": "Feature", "id": "way/1276338262", "properties": {"tags": {"addr:housename": "莲花二村", "addr:housename:zh": "莲花二村", "building": "apartments", "building:levels": "8", "name": "43栋", "name:ja": "43棟", "name:zh": "43栋"}, "heightStatus": "levels_only_unverified", "source": "OpenStreetMap", "license": "ODbL-1.0"}, "geometry": {"type": "MultiPolygon", "coordinates": [[[[114.0637717, 22.5519306], [114.0637955, 22.5519288], [114.0637929, 22.5519009], [114.0638347, 22.5518976], [114.0638336, 22.5518864], [114.0639051, 22.5518808], [114.0639059, 22.5518897], [114.0639419, 22.5518868], [114.0639458, 22.5519285], [114.0639718, 22.5519265], [114.0639682, 22.5518872], [114.0640056, 22.5518842], [114.064005, 22.5518787], [114.0640697, 22.5518736], [114.0640705, 22.5518823], [114.0641049, 22.5518796], [114.0641092, 22.5519263], [114.0641493, 22.5519231], [114.0641451, 22.5518769], [114.0641773, 22.5518744], [114.0641764, 22.5518643], [114.0642495, 22.5518587], [114.0642502, 22.5518663], [114.0642777, 22.5518642], [114.0642811, 22.5519017], [114.064307, 22.5518997], [114.0643131, 22.5519679], [114.064249, 22.5519728], [114.064247, 22.5519506], [114.0641878, 22.5519552], [114.0641898, 22.5519774], [114.0640808, 22.5519859], [114.0640791, 22.5519668], [114.0640162, 22.5519716], [114.0640178, 22.5519902], [114.0639063, 22.5519989], [114.0639047, 22.551981], [114.0638544, 22.5519849], [114.0638562, 22.5520042], [114.063779, 22.5520103], [114.0637717, 22.5519306]]]]}}, {"type": "Feature", "id": "way/1276338264", "properties": {"tags": {"addr:housename": "莲花二村", "addr:housename:zh": "莲花二村", "building": "apartments", "building:levels": "8", "name": "10栋", "name:zh": "10栋"}, "heightStatus": "levels_only_unverified", "source": "OpenStreetMap", "license": "ODbL-1.0"}, "geometry": {"type": "MultiPolygon", "coordinates": [[[[114.0663952, 22.5531485], [114.0663958, 22.5530716], [114.0664219, 22.5530718], [114.0664221, 22.5530395], [114.0664589, 22.5530397], [114.066459, 22.5530303], [114.0665271, 22.5530308], [114.066527, 22.5530408], [114.066564, 22.553041], [114.0665637, 22.5530773], [114.066586, 22.5530775], [114.0665854, 22.5531497], [114.0665146, 22.5531492], [114.0665148, 22.5531291], [114.0664618, 22.5531287], [114.0664617, 22.5531489], [114.0663952, 22.5531485]]]]}}, {"type": "Feature", "id": "way/1276338265", "properties": {"tags": {"addr:housename": "莲花二村", "addr:housename:zh": "莲花二村", "building": "apartments", "building:levels": "8", "name": "26栋", "name:zh": "26栋"}, "heightStatus": "levels_only_unverified", "source": "OpenStreetMap", "license": "ODbL-1.0"}, "geometry": {"type": "MultiPolygon", "coordinates": [[[[114.0647139, 22.5538481], [114.0647148, 22.553793], [114.0647466, 22.5537934], [114.0647467, 22.5537847], [114.064819, 22.5537856], [114.0648189, 22.5537937], [114.0648793, 22.5537945], [114.0648794, 22.5537861], [114.0649537, 22.553787], [114.0649536, 22.5537946], [114.0650134, 22.5537952], [114.0650135, 22.5537895], [114.065084, 22.5537902], [114.0650839, 22.5537968], [114.065148, 22.5537974], [114.0651481, 22.5537901], [114.0652174, 22.5537908], [114.0652173, 22.5537977], [114.0652745, 22.5537982], [114.0652746, 22.5537918], [114.0653493, 22.5537924], [114.0653492, 22.5538], [114.065383, 22.5538003], [114.0653824, 22.5538631], [114.0653713, 22.5538721], [114.0653704, 22.5539076], [114.0653437, 22.5539071], [114.065344, 22.5538951], [114.0652838, 22.5538939], [114.0652836, 22.5539043], [114.0652084, 22.5539028], [114.0652086, 22.5538922], [114.0651533, 22.5538911], [114.065153, 22.553903], [114.065055, 22.5539011], [114.0650552, 22.5538908], [114.0650273, 22.5538903], [114.0650271, 22.5539013], [114.064923, 22.5538994], [114.0649233, 22.553887], [114.0648864, 22.5538863], [114.0648861, 22.5538987], [114.0647933, 22.5538972], [114.0647935, 22.5538867], [114.0647602, 22.5538861], [114.0647599, 22.5538976], [114.0647253, 22.5538971], [114.0647262, 22.5538483], [114.0647139, 22.5538481]]]]}}, {"type": "Feature", "id": "way/1276338267", "properties": {"tags": {"addr:housename": "莲花二村", "addr:housename:zh": "莲花二村", "building": "apartments", "building:levels": "8", "name": "44栋", "name:ja": "44棟", "name:zh": "44栋"}, "heightStatus": "levels_only_unverified", "source": "OpenStreetMap", "license": "ODbL-1.0"}, "geometry": {"type": "MultiPolygon", "coordinates": [[[[114.0637007, 22.5516417], [114.0638099, 22.5516353], [114.0638129, 22.551679], [114.0638385, 22.5516775], [114.0638353, 22.5516314], [114.0639455, 22.5516249], [114.0639484, 22.5516681], [114.0639744, 22.5516665], [114.0639712, 22.5516191], [114.064089, 22.5516121], [114.0640917, 22.5516515], [114.0641051, 22.5516507], [114.0641024, 22.5516118], [114.0642149, 22.5516052], [114.0642227, 22.5517183], [114.0642098, 22.5517191], [114.0642089, 22.5517066], [114.0641748, 22.5517086], [114.0641761, 22.5517277], [114.0641093, 22.5517316], [114.0641085, 22.5517205], [114.0640737, 22.5517225], [114.0640747, 22.5517363], [114.0639739, 22.5517421], [114.0639732, 22.5517313], [114.0639351, 22.5517335], [114.063936, 22.5517469], [114.0638358, 22.5517527], [114.063835, 22.5517406], [114.0638012, 22.5517425], [114.0638022, 22.5517579], [114.0637552, 22.5517606], [114.0637543, 22.5517485], [114.0637082, 22.5517512], [114.0637007, 22.5516417]]]]}}, {"type": "Feature", "id": "way/1276338269", "properties": {"tags": {"building": "commercial", "building:levels": "17", "layer": "2", "name": "莲花大厦西座"}, "heightStatus": "levels_only_unverified", "source": "OpenStreetMap", "license": "ODbL-1.0"}, "geometry": {"type": "MultiPolygon", "coordinates": [[[[114.0644356, 22.5516643], [114.0648464, 22.5516312], [114.0648582, 22.5517564], [114.0644474, 22.5517895], [114.0644356, 22.5516643]]]]}}, {"type": "Feature", "id": "way/1276338270", "properties": {"tags": {"building": "commercial", "building:levels": "17", "layer": "2", "name": "莲花大厦东座"}, "heightStatus": "levels_only_unverified", "source": "OpenStreetMap", "license": "ODbL-1.0"}, "geometry": {"type": "MultiPolygon", "coordinates": [[[[114.0648619, 22.5516301], [114.0652199, 22.5515994], [114.0652322, 22.551722], [114.0648742, 22.5517528], [114.0648619, 22.5516301]]]]}}, {"type": "Feature", "id": "way/1276338271", "properties": {"tags": {"area": "yes", "building": "commercial", "building:levels": "17", "layer": "2", "name": "莲花大厦北座"}, "heightStatus": "levels_only_unverified", "source": "OpenStreetMap", "license": "ODbL-1.0"}, "geometry": {"type": "MultiPolygon", "coordinates": [[[[114.0651533, 22.5520286], [114.0651679, 22.5520277], [114.0651663, 22.5520053], [114.0652392, 22.5520008], [114.0652342, 22.5519308], [114.0653761, 22.5519221], [114.065381, 22.5519905], [114.0654682, 22.5519852], [114.0654715, 22.5520314], [114.0654035, 22.5520355], [114.0654053, 22.5520607], [114.0654675, 22.5520569], [114.0654719, 22.5521188], [114.0654158, 22.5521222], [114.0654147, 22.5521077], [114.0653742, 22.5521102], [114.0653733, 22.5520982], [114.065228, 22.5521072], [114.0652301, 22.5521362], [114.0651674, 22.55214], [114.0651649, 22.5521059], [114.0651829, 22.5521048], [114.0651807, 22.5520746], [114.0652236, 22.5520719], [114.0652218, 22.5520464], [114.0651548, 22.5520505], [114.0651533, 22.5520286]]]]}}, {"type": "Feature", "id": "way/1276338272", "properties": {"tags": {"building": "retail", "building:levels": "3", "layer": "1"}, "heightStatus": "levels_only_unverified", "source": "OpenStreetMap", "license": "ODbL-1.0"}, "geometry": {"type": "MultiPolygon", "coordinates": [[[[114.0644246, 22.5516231], [114.0654384, 22.5515694], [114.0654809, 22.5521261], [114.0651589, 22.5521477], [114.0651231, 22.5517844], [114.0644425, 22.5518239], [114.0644246, 22.5516231]]]]}}, {"type": "Feature", "id": "way/1276338273", "properties": {"tags": {"building": "roof", "layer": "1"}, "heightStatus": "unknown", "source": "OpenStreetMap", "license": "ODbL-1.0"}, "geometry": {"type": "MultiPolygon", "coordinates": [[[[114.0650773, 22.5526816], [114.0654162, 22.5523762], [114.0655834, 22.5525344], [114.0652446, 22.5528399], [114.0650773, 22.5526816]]]]}}, {"type": "Feature", "id": "way/1276338274", "properties": {"tags": {"addr:housename": "莲花二村", "addr:housename:zh": "莲花二村", "building": "apartments", "building:levels": "8", "name": "6栋", "name:zh": "6栋"}, "heightStatus": "levels_only_unverified", "source": "OpenStreetMap", "license": "ODbL-1.0"}, "geometry": {"type": "MultiPolygon", "coordinates": [[[[114.0664699, 22.5536748], [114.0664709, 22.5535944], [114.0664948, 22.5535946], [114.0664951, 22.5535667], [114.0665371, 22.5535671], [114.0665372, 22.5535559], [114.0666093, 22.5535567], [114.0666092, 22.5535656], [114.0666452, 22.5535659], [114.0666448, 22.5536078], [114.0666707, 22.553608], [114.0666711, 22.5535686], [114.0667086, 22.553569], [114.0667087, 22.5535634], [114.0667739, 22.553564], [114.0667738, 22.5535726], [114.0668085, 22.5535729], [114.066808, 22.5536197], [114.0668474, 22.55362], [114.0668478, 22.5535735], [114.0668801, 22.5535738], [114.0668802, 22.5535636], [114.0669551, 22.5535643], [114.066955, 22.5535719], [114.0669828, 22.5535722], [114.0669824, 22.5536097], [114.0670127, 22.55361], [114.0670131, 22.5535752], [114.0670492, 22.5535755], [114.0670492, 22.5535711], [114.0671116, 22.5535718], [114.0671115, 22.5535788], [114.0671513, 22.5535793], [114.0671508, 22.5536146], [114.0671737, 22.5536148], [114.0671728, 22.5536823], [114.0671063, 22.5536815], [114.0671066, 22.5536605], [114.0670458, 22.5536598], [114.0670455, 22.5536806], [114.0669413, 22.5536793], [114.0669416, 22.553657], [114.0668835, 22.5536563], [114.0668832, 22.5536787], [114.0667725, 22.5536774], [114.0667728, 22.5536582], [114.0667108, 22.5536575], [114.0667105, 22.5536761], [114.0665977, 22.5536749], [114.0665979, 22.5536569], [114.0665483, 22.5536563], [114.0665481, 22.5536757], [114.0664699, 22.5536748]]]]}}, {"type": "Feature", "id": "way/1276338275", "properties": {"tags": {"addr:housename": "莲花二村", "addr:housename:zh": "莲花二村", "building": "apartments", "building:levels": "8", "name": "16栋", "name:zh": "16栋"}, "heightStatus": "levels_only_unverified", "source": "OpenStreetMap", "license": "ODbL-1.0"}, "geometry": {"type": "MultiPolygon", "coordinates": [[[[114.066493, 22.5518069], [114.0665167, 22.551805], [114.066514, 22.5517771], [114.0665558, 22.5517736], [114.0665547, 22.5517625], [114.0666265, 22.5517565], [114.0666273, 22.5517654], [114.0666633, 22.5517624], [114.0666674, 22.5518041], [114.0666932, 22.5518019], [114.0666894, 22.5517626], [114.0667267, 22.5517595], [114.0667261, 22.5517539], [114.0667911, 22.5517484], [114.066792, 22.5517571], [114.0668264, 22.5517541], [114.0668311, 22.5518007], [114.0668703, 22.5517973], [114.0668657, 22.551751], [114.0668978, 22.5517483], [114.0668968, 22.5517382], [114.0669714, 22.5517319], [114.0669722, 22.5517395], [114.0669998, 22.5517371], [114.0670035, 22.5517745], [114.0670337, 22.5517719], [114.0670303, 22.5517373], [114.0670662, 22.5517343], [114.0670658, 22.5517299], [114.0671279, 22.5517247], [114.0671286, 22.5517318], [114.0671682, 22.5517285], [114.0671716, 22.5517636], [114.0671944, 22.5517618], [114.0672009, 22.551829], [114.0671346, 22.5518344], [114.0671326, 22.5518135], [114.0670721, 22.5518185], [114.0670741, 22.5518391], [114.0669702, 22.5518476], [114.066968, 22.5518254], [114.0669102, 22.5518301], [114.0669123, 22.5518524], [114.0668021, 22.5518614], [114.0668003, 22.5518423], [114.0667385, 22.5518474], [114.0667403, 22.5518659], [114.0666279, 22.5518752], [114.0666261, 22.5518573], [114.0665767, 22.5518613], [114.0665786, 22.5518806], [114.0665007, 22.5518871], [114.066493, 22.5518069]]]]}}, {"type": "Feature", "id": "way/1276338276", "properties": {"tags": {"addr:housename": "莲花二村", "addr:housename:zh": "莲花二村", "building": "apartments", "building:levels": "8", "name": "8栋", "name:zh": "8栋"}, "heightStatus": "levels_only_unverified", "source": "OpenStreetMap", "license": "ODbL-1.0"}, "geometry": {"type": "MultiPolygon", "coordinates": [[[[114.0665273, 22.5534277], [114.0665283, 22.5533332], [114.0665666, 22.5533336], [114.0665667, 22.5533271], [114.0666628, 22.553328], [114.0666627, 22.5533337], [114.0667281, 22.5533344], [114.0667281, 22.553328], [114.0668226, 22.5533289], [114.0668225, 22.5533382], [114.0669218, 22.5533392], [114.0669219, 22.5533318], [114.0669874, 22.5533325], [114.0669873, 22.5533402], [114.0670543, 22.5533408], [114.0670544, 22.5533339], [114.067152, 22.5533348], [114.067152, 22.5533392], [114.0671866, 22.5533395], [114.0671855, 22.553434], [114.0665273, 22.5534277]]]]}}, {"type": "Feature", "id": "way/1276338279", "properties": {"tags": {"building": "apartments", "building:levels": "31", "layer": "2", "name": "现代苑西座"}, "heightStatus": "levels_only_unverified", "source": "OpenStreetMap", "license": "ODbL-1.0"}, "geometry": {"type": "MultiPolygon", "coordinates": [[[[114.0649959, 22.5500661], [114.065044, 22.5500626], [114.0650401, 22.5500172], [114.0651018, 22.5500127], [114.0651053, 22.5500535], [114.065123, 22.5500522], [114.0651194, 22.5500098], [114.0651996, 22.550004], [114.0652028, 22.5500418], [114.0652379, 22.5500393], [114.0652432, 22.5501006], [114.0652117, 22.5501029], [114.0652129, 22.5501168], [114.0652437, 22.5501146], [114.0652465, 22.5501471], [114.0652094, 22.5501499], [114.0652135, 22.5501979], [114.065051, 22.5502099], [114.0650474, 22.5501683], [114.0650048, 22.5501714], [114.0650019, 22.5501372], [114.0650387, 22.5501345], [114.0650366, 22.55011], [114.0649999, 22.5501126], [114.0649959, 22.5500661]]]]}}, {"type": "Feature", "id": "way/1276338280", "properties": {"tags": {"building": "apartments", "building:levels": "31", "layer": "2", "name": "现代苑东座"}, "heightStatus": "levels_only_unverified", "source": "OpenStreetMap", "license": "ODbL-1.0"}, "geometry": {"type": "MultiPolygon", "coordinates": [[[[114.0652586, 22.5500422], [114.0653067, 22.5500386], [114.0653028, 22.5499933], [114.0653645, 22.5499888], [114.065368, 22.5500296], [114.0653857, 22.5500283], [114.0653821, 22.5499859], [114.0654622, 22.54998], [114.0654655, 22.5500179], [114.0655006, 22.5500154], [114.0655058, 22.5500767], [114.0654744, 22.550079], [114.0654756, 22.5500929], [114.0655064, 22.5500907], [114.0655092, 22.5501232], [114.065472, 22.5501259], [114.0654762, 22.550174], [114.0653136, 22.550186], [114.06531, 22.5501444], [114.0652675, 22.5501475], [114.0652646, 22.5501133], [114.0653014, 22.5501106], [114.0652993, 22.550086], [114.0652626, 22.5500887], [114.0652586, 22.5500422]]]]}}, {"type": "Feature", "id": "way/1276338281", "properties": {"tags": {"building": "retail", "building:levels": "2", "layer": "1"}, "heightStatus": "levels_only_unverified", "source": "OpenStreetMap", "license": "ODbL-1.0"}, "geometry": {"type": "MultiPolygon", "coordinates": [[[[114.0649727, 22.5500038], [114.0655196, 22.5499662], [114.0655788, 22.5507014], [114.0655056, 22.5507064], [114.0653164, 22.5508957], [114.0651296, 22.5507364], [114.0650324, 22.5507431], [114.0649727, 22.5500038]]]]}}, {"type": "Feature", "id": "way/1413298867", "properties": {"tags": {"building": "yes"}, "heightStatus": "unknown", "source": "OpenStreetMap", "license": "ODbL-1.0"}, "geometry": {"type": "MultiPolygon", "coordinates": [[[[114.0705658, 22.5484676], [114.0705663, 22.5484384], [114.0706264, 22.5484391], [114.0706259, 22.5484684], [114.0705658, 22.5484676]]]]}}, {"type": "Feature", "id": "way/1429635139", "properties": {"tags": {"addr:housename": "集福居", "addr:housename:zh": "集福居", "building": "apartments", "building:levels": "7", "name": "3栋", "name:zh": "3栋"}, "heightStatus": "levels_only_unverified", "source": "OpenStreetMap", "license": "ODbL-1.0"}, "geometry": {"type": "MultiPolygon", "coordinates": [[[[114.0644372, 22.5498272], [114.0644388, 22.5497557], [114.0644971, 22.5497568], [114.0644979, 22.5497229], [114.0644784, 22.5497226], [114.0644799, 22.5496579], [114.0646316, 22.5496608], [114.0646302, 22.5497255], [114.0646107, 22.5497251], [114.06461, 22.549759], [114.0646783, 22.54976], [114.0646791, 22.5497262], [114.0647919, 22.5497283], [114.0647912, 22.5497622], [114.0648495, 22.5497633], [114.0648479, 22.5498348], [114.0644372, 22.5498272]]]]}}, {"type": "Feature", "id": "way/1429635140", "properties": {"tags": {"addr:housename": "集福居", "addr:housename:zh": "集福居", "building": "apartments", "building:levels": "7", "name": "2栋", "name:zh": "2栋"}, "heightStatus": "levels_only_unverified", "source": "OpenStreetMap", "license": "ODbL-1.0"}, "geometry": {"type": "MultiPolygon", "coordinates": [[[[114.0646363, 22.5501854], [114.0646379, 22.5501139], [114.0646768, 22.5501146], [114.0646782, 22.5500527], [114.0646403, 22.550052], [114.0646419, 22.5499805], [114.0648714, 22.5499849], [114.0648698, 22.5500564], [114.06483, 22.5500556], [114.0648286, 22.5501175], [114.0648675, 22.5501183], [114.0648659, 22.5501898], [114.0646363, 22.5501854]]]]}}, {"type": "Feature", "id": "way/1429635141", "properties": {"tags": {"addr:housename": "集福居", "addr:housename:zh": "集福居", "building": "apartments", "building:levels": "7", "name": "1栋", "name:zh": "1栋"}, "heightStatus": "levels_only_unverified", "source": "OpenStreetMap", "license": "ODbL-1.0"}, "geometry": {"type": "MultiPolygon", "coordinates": [[[[114.0646324, 22.5505402], [114.0646341, 22.5504687], [114.064673, 22.5504695], [114.0646743, 22.5504075], [114.0646364, 22.5504068], [114.064638, 22.5503353], [114.0648676, 22.5503397], [114.0648659, 22.5504112], [114.0648261, 22.5504105], [114.0648247, 22.5504724], [114.0648636, 22.5504731], [114.064862, 22.5505446], [114.0646324, 22.5505402]]]]}}, {"type": "Feature", "id": "relation/19599450", "properties": {"tags": {"building": "school"}, "heightStatus": "unknown", "source": "OpenStreetMap", "license": "ODbL-1.0"}, "geometry": {"type": "MultiPolygon", "coordinates": [[[[114.0637305, 22.5496671], [114.0637336, 22.5495288], [114.0640683, 22.5495352], [114.0640729, 22.5493316], [114.0637591, 22.5493256], [114.0637609, 22.5492465], [114.064232, 22.5492555], [114.0642325, 22.5492325], [114.0644739, 22.5492371], [114.0644734, 22.5492601], [114.0644913, 22.5492604], [114.0644893, 22.549349], [114.0644851, 22.5493594], [114.0644777, 22.5493681], [114.0644679, 22.5493744], [114.0644564, 22.5493776], [114.0644527, 22.5495411], [114.0644358, 22.5495407], [114.0644286, 22.5495573], [114.0644163, 22.5495712], [114.0644002, 22.5495811], [114.0643816, 22.549586], [114.0643445, 22.5495853], [114.0643439, 22.5496121], [114.0641391, 22.5496082], [114.0641342, 22.5496262], [114.0641214, 22.5496405], [114.0641031, 22.5496482], [114.064083, 22.5496478], [114.0640651, 22.5496394], [114.0640529, 22.5496247], [114.0640489, 22.5496065], [114.0639703, 22.549605], [114.0639688, 22.5496717], [114.0637305, 22.5496671]], [[114.0641382, 22.5494838], [114.0643514, 22.5494879], [114.0643546, 22.5493456], [114.0641414, 22.5493416], [114.0641382, 22.5494838]]]]}}, {"type": "Feature", "id": "way/1429635147", "properties": {"tags": {"addr:housename": "福莲花园", "addr:housename:zh": "福莲花园", "building": "apartments", "building:levels": "9", "name": "23栋", "name:zh": "23栋"}, "heightStatus": "levels_only_unverified", "source": "OpenStreetMap", "license": "ODbL-1.0"}, "geometry": {"type": "MultiPolygon", "coordinates": [[[[114.0642316, 22.547903], [114.0642318, 22.5478273], [114.0642992, 22.5478275], [114.0642993, 22.5478062], [114.0642867, 22.5478061], [114.0642869, 22.5477718], [114.064271, 22.5477718], [114.0642711, 22.547733], [114.0643285, 22.5477332], [114.0643284, 22.5477623], [114.064376, 22.5477625], [114.0643761, 22.5477333], [114.0644335, 22.5477335], [114.0644334, 22.5477723], [114.0644175, 22.5477722], [114.0644174, 22.5478065], [114.0644048, 22.5478065], [114.0644048, 22.5478278], [114.0644721, 22.547828], [114.0644719, 22.5479038], [114.0644245, 22.5479036], [114.0644246, 22.5478888], [114.064279, 22.5478883], [114.0642789, 22.5479032], [114.0642316, 22.547903]]]]}}, {"type": "Feature", "id": "way/1429635148", "properties": {"tags": {"addr:housename": "福莲花园", "addr:housename:zh": "福莲花园", "building": "apartments", "building:levels": "9", "name": "22栋", "name:zh": "22栋"}, "heightStatus": "levels_only_unverified", "source": "OpenStreetMap", "license": "ODbL-1.0"}, "geometry": {"type": "MultiPolygon", "coordinates": [[[[114.063856, 22.547901], [114.0638563, 22.5478252], [114.0639237, 22.5478254], [114.0639238, 22.5478041], [114.0639112, 22.5478041], [114.0639113, 22.5477697], [114.0638954, 22.5477697], [114.0638956, 22.5477309], [114.063953, 22.5477311], [114.0639529, 22.5477603], [114.0640005, 22.5477604], [114.0640006, 22.5477312], [114.064058, 22.5477314], [114.0640579, 22.5477702], [114.064042, 22.5477701], [114.0640419, 22.5478045], [114.0640293, 22.5478044], [114.0640292, 22.5478258], [114.0640966, 22.547826], [114.0640963, 22.5479017], [114.064049, 22.5479015], [114.064049, 22.5478867], [114.0639034, 22.5478862], [114.0639034, 22.5479011], [114.063856, 22.547901]]]]}}, {"type": "Feature", "id": "way/1429635151", "properties": {"tags": {"addr:housename": "福莲花园", "addr:housename:zh": "福莲花园", "building": "apartments", "building:levels": "6", "name": "10栋", "name:zh": "10栋"}, "heightStatus": "levels_only_unverified", "source": "OpenStreetMap", "license": "ODbL-1.0"}, "geometry": {"type": "MultiPolygon", "coordinates": [[[[114.0643286, 22.5490822], [114.0643613, 22.5489514], [114.0646959, 22.5490228], [114.0646632, 22.5491536], [114.0643286, 22.5490822]]]]}}, {"type": "Feature", "id": "way/1429635152", "properties": {"tags": {"addr:housename": "福莲花园", "addr:housename:zh": "福莲花园", "building": "apartments", "building:levels": "6", "name": "11栋", "name:zh": "11栋"}, "heightStatus": "levels_only_unverified", "source": "OpenStreetMap", "license": "ODbL-1.0"}, "geometry": {"type": "MultiPolygon", "coordinates": [[[[114.0638212, 22.5489728], [114.063854, 22.548842], [114.0643165, 22.5489407], [114.0642838, 22.5490715], [114.0638212, 22.5489728]]]]}}, {"type": "Feature", "id": "way/1429635154", "properties": {"tags": {"addr:housename": "福莲花园", "addr:housename:zh": "福莲花园", "building": "apartments", "building:levels": "6", "name": "18栋", "name:zh": "18栋"}, "heightStatus": "levels_only_unverified", "source": "OpenStreetMap", "license": "ODbL-1.0"}, "geometry": {"type": "MultiPolygon", "coordinates": [[[[114.0638904, 22.5482196], [114.0639231, 22.5480888], [114.0644901, 22.5482098], [114.0644574, 22.5483405], [114.0638904, 22.5482196]]]]}}, {"type": "Feature", "id": "way/1429635155", "properties": {"tags": {"addr:housename": "福莲花园", "addr:housename:zh": "福莲花园", "building": "apartments", "building:levels": "6", "name": "15栋", "name:zh": "15栋"}, "heightStatus": "levels_only_unverified", "source": "OpenStreetMap", "license": "ODbL-1.0"}, "geometry": {"type": "MultiPolygon", "coordinates": [[[[114.0644978, 22.5487615], [114.0645305, 22.5486307], [114.0648651, 22.5487021], [114.0648324, 22.5488329], [114.0644978, 22.5487615]]]]}}, {"type": "Feature", "id": "way/1429635156", "properties": {"tags": {"addr:housename": "福莲花园", "addr:housename:zh": "福莲花园", "building": "apartments", "building:levels": "6", "name": "14栋", "name:zh": "14栋"}, "heightStatus": "levels_only_unverified", "source": "OpenStreetMap", "license": "ODbL-1.0"}, "geometry": {"type": "MultiPolygon", "coordinates": [[[[114.0638978, 22.5486326], [114.0639305, 22.5485018], [114.064393, 22.5486005], [114.0643603, 22.5487313], [114.0638978, 22.5486326]]]]}}, {"type": "Feature", "id": "way/1429635157", "properties": {"tags": {"addr:housename": "福莲花园", "addr:housename:zh": "福莲花园", "building": "apartments", "building:levels": "6", "name": "17栋", "name:zh": "17栋"}, "heightStatus": "levels_only_unverified", "source": "OpenStreetMap", "license": "ODbL-1.0"}, "geometry": {"type": "MultiPolygon", "coordinates": [[[[114.0646617, 22.5481318], [114.0646945, 22.548001], [114.065157, 22.5480997], [114.0651242, 22.5482305], [114.0646617, 22.5481318]]]]}}, {"type": "Feature", "id": "way/1429635158", "properties": {"tags": {"addr:housename": "福莲花园", "addr:housename:zh": "福莲花园", "building": "apartments", "building:levels": "6", "name": "16栋", "name:zh": "16栋"}, "heightStatus": "levels_only_unverified", "source": "OpenStreetMap", "license": "ODbL-1.0"}, "geometry": {"type": "MultiPolygon", "coordinates": [[[[114.0645792, 22.5484648], [114.0646119, 22.548334], [114.0650744, 22.5484327], [114.0650417, 22.5485635], [114.0645792, 22.5484648]]]]}}, {"type": "Feature", "id": "way/1429635160", "properties": {"tags": {"addr:housename": "福莲花园", "addr:housename:zh": "福莲花园", "building": "apartments", "building:levels": "9", "name": "2栋", "name:zh": "2栋"}, "heightStatus": "levels_only_unverified", "source": "OpenStreetMap", "license": "ODbL-1.0"}, "geometry": {"type": "MultiPolygon", "coordinates": [[[[114.0639177, 22.5509265], [114.0639385, 22.5509209], [114.0639233, 22.5508721], [114.0641597, 22.5508094], [114.0643805, 22.5507508], [114.0643956, 22.5507997], [114.0644164, 22.5507942], [114.0644331, 22.5508477], [114.0643793, 22.550862], [114.0643746, 22.5508469], [114.0639835, 22.5509506], [114.0639882, 22.5509657], [114.0639344, 22.55098], [114.0639177, 22.5509265]]]]}}, {"type": "Feature", "id": "way/1429635161", "properties": {"tags": {"addr:housename": "福莲花园", "addr:housename:zh": "福莲花园", "building": "apartments", "building:levels": "9", "name": "3栋", "name:zh": "3栋"}, "heightStatus": "levels_only_unverified", "source": "OpenStreetMap", "license": "ODbL-1.0"}, "geometry": {"type": "MultiPolygon", "coordinates": [[[[114.0645111, 22.5508216], [114.0645114, 22.5507597], [114.0645306, 22.5507598], [114.0645308, 22.5507185], [114.0648352, 22.5507198], [114.064835, 22.5507616], [114.0648547, 22.5507616], [114.0648544, 22.5508231], [114.0645111, 22.5508216]]]]}}, {"type": "Feature", "id": "way/1429635162", "properties": {"tags": {"addr:housename": "福莲花园", "addr:housename:zh": "福莲花园", "building": "apartments", "building:levels": "9", "name": "5栋", "name:zh": "5栋"}, "heightStatus": "levels_only_unverified", "source": "OpenStreetMap", "license": "ODbL-1.0"}, "geometry": {"type": "MultiPolygon", "coordinates": [[[[114.0639791, 22.5506106], [114.0639983, 22.5506058], [114.0639863, 22.5505652], [114.0644428, 22.5504505], [114.0644545, 22.5504901], [114.0644728, 22.5504855], [114.0644905, 22.5505455], [114.0639965, 22.5506697], [114.0639791, 22.5506106]]]]}}, {"type": "Feature", "id": "way/1429635166", "properties": {"tags": {"addr:housename": "福莲花园", "addr:housename:zh": "福莲花园", "building": "apartments", "building:levels": "9", "name": "7栋", "name:zh": "7栋"}, "heightStatus": "levels_only_unverified", "source": "OpenStreetMap", "license": "ODbL-1.0"}, "geometry": {"type": "MultiPolygon", "coordinates": [[[[114.0637971, 22.5502286], [114.063816, 22.550224], [114.0638044, 22.5501837], [114.0644361, 22.5500284], [114.0644476, 22.5500684], [114.0644663, 22.5500639], [114.0644835, 22.5501236], [114.0638142, 22.5502881], [114.0637971, 22.5502286]]]]}}, {"type": "Feature", "id": "way/1429635167", "properties": {"tags": {"addr:housename": "福莲花园", "addr:housename:zh": "福莲花园", "building": "apartments", "building:levels": "9", "name": "9栋", "name:zh": "9栋"}, "heightStatus": "levels_only_unverified", "source": "OpenStreetMap", "license": "ODbL-1.0"}, "geometry": {"type": "MultiPolygon", "coordinates": [[[[114.0637082, 22.5499605], [114.063727, 22.5499559], [114.0637155, 22.5499157], [114.0643189, 22.5497688], [114.0643304, 22.549809], [114.0643492, 22.5498044], [114.0643662, 22.5498641], [114.0637252, 22.5500201], [114.0637082, 22.5499605]]]]}}, {"type": "Feature", "id": "way/1429635168", "properties": {"tags": {"building": "commercial"}, "heightStatus": "unknown", "source": "OpenStreetMap", "license": "ODbL-1.0"}, "geometry": {"type": "MultiPolygon", "coordinates": [[[[114.0646354, 22.5478658], [114.0646363, 22.5477848], [114.0646514, 22.5477676], [114.0646697, 22.5477533], [114.0646907, 22.5477425], [114.0647134, 22.5477355], [114.0647136, 22.5477225], [114.0653216, 22.5477286], [114.065321, 22.5477829], [114.0656456, 22.5477862], [114.0656462, 22.5477319], [114.0660558, 22.547736], [114.0660549, 22.5478111], [114.0660321, 22.5478108], [114.0660314, 22.5478686], [114.0660004, 22.5478682], [114.0659998, 22.5479143], [114.0659548, 22.5479139], [114.0659535, 22.5480238], [114.065545, 22.5480197], [114.065546, 22.5479301], [114.0653197, 22.5479278], [114.0652912, 22.5479496], [114.0652587, 22.547966], [114.0652234, 22.5479763], [114.0651867, 22.5479802], [114.0651498, 22.5479774], [114.0646354, 22.5478658]]]]}}, {"type": "Feature", "id": "way/1429635171", "properties": {"tags": {"building": "apartments", "building:levels": "27"}, "heightStatus": "levels_only_unverified", "source": "OpenStreetMap", "license": "ODbL-1.0"}, "geometry": {"type": "MultiPolygon", "coordinates": [[[[114.0653859, 22.5484232], [114.0653865, 22.5482525], [114.065456, 22.5482527], [114.0654562, 22.5481808], [114.0656929, 22.5481814], [114.0656927, 22.5482533], [114.0657622, 22.5482535], [114.0657617, 22.5484242], [114.0656922, 22.548424], [114.0656919, 22.5484959], [114.0654553, 22.5484953], [114.0654555, 22.5484234], [114.0653859, 22.5484232]]]]}}, {"type": "Feature", "id": "way/1429635172", "properties": {"tags": {"addr:housename": "长福花园", "addr:housename:zh": "长福花园", "building": "apartments", "building:levels": "8", "name": "10栋", "name:zh": "10栋"}, "heightStatus": "levels_only_unverified", "source": "OpenStreetMap", "license": "ODbL-1.0"}, "geometry": {"type": "MultiPolygon", "coordinates": [[[[114.0669775, 22.5502623], [114.0670219, 22.5502589], [114.0670205, 22.5502437], [114.0671414, 22.5502345], [114.0671428, 22.5502497], [114.0671871, 22.5502463], [114.0671907, 22.5502858], [114.0671672, 22.5502876], [114.0671707, 22.5503271], [114.0671044, 22.5503322], [114.0671009, 22.5502926], [114.0670709, 22.5502949], [114.0670744, 22.5503345], [114.0670081, 22.5503396], [114.0670046, 22.5503], [114.0669811, 22.5503018], [114.0669775, 22.5502623]]]]}}, {"type": "Feature", "id": "way/1429635173", "properties": {"tags": {"addr:housename": "长福花园", "addr:housename:zh": "长福花园", "building": "apartments", "building:levels": "8", "name": "9栋", "name:zh": "9栋"}, "heightStatus": "levels_only_unverified", "source": "OpenStreetMap", "license": "ODbL-1.0"}, "geometry": {"type": "MultiPolygon", "coordinates": [[[[114.067066, 22.5506207], [114.0670895, 22.5506189], [114.067086, 22.5505794], [114.0671523, 22.5505743], [114.0671558, 22.5506138], [114.0671858, 22.5506115], [114.0671823, 22.550572], [114.0672486, 22.5505669], [114.0672521, 22.5506064], [114.0672756, 22.5506046], [114.0672792, 22.5506441], [114.0672348, 22.5506475], [114.0672362, 22.5506627], [114.0671153, 22.550672], [114.0671139, 22.5506568], [114.0670696, 22.5506602], [114.067066, 22.5506207]]]]}}, {"type": "Feature", "id": "way/1429635174", "properties": {"tags": {"addr:housename": "长福花园", "addr:housename:zh": "长福花园", "building": "apartments", "building:levels": "8", "name": "2栋", "name:zh": "2栋"}, "heightStatus": "levels_only_unverified", "source": "OpenStreetMap", "license": "ODbL-1.0"}, "geometry": {"type": "MultiPolygon", "coordinates": [[[[114.0657577, 22.5501699], [114.0661137, 22.5501411], [114.0661203, 22.5502111], [114.0660777, 22.5502145], [114.0660797, 22.5502353], [114.0660339, 22.550239], [114.0660307, 22.5502056], [114.0660025, 22.5502079], [114.0660064, 22.5502488], [114.0658836, 22.5502587], [114.0658797, 22.5502178], [114.0658515, 22.5502201], [114.0658546, 22.5502535], [114.0658089, 22.5502572], [114.0658069, 22.5502364], [114.0657643, 22.5502398], [114.0657577, 22.5501699]]]]}}, {"type": "Feature", "id": "way/1429635175", "properties": {"tags": {"addr:housename": "长福花园", "addr:housename:zh": "长福花园", "building": "apartments", "building:levels": "8", "name": "1栋", "name:zh": "1栋"}, "heightStatus": "levels_only_unverified", "source": "OpenStreetMap", "license": "ODbL-1.0"}, "geometry": {"type": "MultiPolygon", "coordinates": [[[[114.0657958, 22.550536], [114.0658384, 22.5505325], [114.0658364, 22.5505117], [114.0658822, 22.5505081], [114.0658854, 22.5505415], [114.0659136, 22.5505392], [114.0659097, 22.5504982], [114.0660325, 22.5504883], [114.0660364, 22.5505293], [114.0660646, 22.550527], [114.0660615, 22.5504936], [114.0661072, 22.5504899], [114.0661092, 22.5505107], [114.0661518, 22.5505072], [114.0661584, 22.5505772], [114.0658024, 22.5506059], [114.0657958, 22.550536]]]]}}, {"type": "Feature", "id": "way/1429635176", "properties": {"tags": {"addr:housename": "长福花园", "addr:housename:zh": "长福花园", "building": "apartments", "building:levels": "8", "name": "3栋", "name:zh": "3栋"}, "heightStatus": "levels_only_unverified", "source": "OpenStreetMap", "license": "ODbL-1.0"}, "geometry": {"type": "MultiPolygon", "coordinates": [[[[114.0657334, 22.5498233], [114.065774, 22.5498111], [114.065767, 22.5497912], [114.0658107, 22.5497781], [114.065822, 22.54981], [114.0658489, 22.5498019], [114.0658352, 22.5497628], [114.0659523, 22.5497275], [114.0659661, 22.5497666], [114.0659931, 22.5497585], [114.0659818, 22.5497266], [114.0660255, 22.5497135], [114.0660325, 22.5497333], [114.0660732, 22.5497211], [114.0660967, 22.5497878], [114.0657569, 22.5498901], [114.0657334, 22.5498233]]]]}}, {"type": "Feature", "id": "way/1429635177", "properties": {"tags": {"addr:housename": "长福花园", "addr:housename:zh": "长福花园", "building": "apartments", "building:levels": "8", "name": "8栋", "name:zh": "8栋"}, "heightStatus": "levels_only_unverified", "source": "OpenStreetMap", "license": "ODbL-1.0"}, "geometry": {"type": "MultiPolygon", "coordinates": [[[[114.0663086, 22.549314], [114.0663095, 22.5492715], [114.0663541, 22.5492723], [114.0663544, 22.5492585], [114.0667541, 22.5492656], [114.0667538, 22.5492794], [114.0667984, 22.5492801], [114.0667976, 22.5493227], [114.0667759, 22.5493223], [114.066775, 22.549364], [114.0667049, 22.5493627], [114.0667058, 22.549321], [114.0666759, 22.5493204], [114.066675, 22.5493623], [114.0665666, 22.5493604], [114.0665674, 22.5493187], [114.0665387, 22.5493182], [114.0665379, 22.5493599], [114.0664294, 22.549358], [114.0664303, 22.5493161], [114.0664004, 22.5493156], [114.0663995, 22.5493574], [114.0663294, 22.5493561], [114.0663303, 22.5493144], [114.0663086, 22.549314]]]]}}, {"type": "Feature", "id": "way/1429635178", "properties": {"tags": {"addr:housename": "长福花园", "addr:housename:zh": "长福花园", "building": "apartments", "building:levels": "8", "name": "4栋", "name:zh": "4栋"}, "heightStatus": "levels_only_unverified", "source": "OpenStreetMap", "license": "ODbL-1.0"}, "geometry": {"type": "MultiPolygon", "coordinates": [[[[114.0656108, 22.5494826], [114.0656533, 22.5494699], [114.0656487, 22.5494567], [114.0660287, 22.5493424], [114.0660334, 22.5493555], [114.0660758, 22.5493427], [114.0660901, 22.5493831], [114.0660695, 22.5493893], [114.0660835, 22.549429], [114.0660168, 22.5494491], [114.0660028, 22.5494094], [114.0659743, 22.5494179], [114.0659884, 22.5494577], [114.0658853, 22.5494887], [114.0658713, 22.5494491], [114.065844, 22.5494573], [114.065858, 22.549497], [114.0657549, 22.549528], [114.0657408, 22.5494882], [114.0657124, 22.5494967], [114.0657264, 22.5495365], [114.0656597, 22.5495565], [114.0656457, 22.5495169], [114.0656251, 22.5495231], [114.0656108, 22.5494826]]]]}}, {"type": "Feature", "id": "way/1429635179", "properties": {"tags": {"addr:housename": "长福花园", "addr:housename:zh": "长福花园", "building": "apartments", "building:levels": "8", "name": "6栋", "name:zh": "6栋"}, "heightStatus": "levels_only_unverified", "source": "OpenStreetMap", "license": "ODbL-1.0"}, "geometry": {"type": "MultiPolygon", "coordinates": [[[[114.0663523, 22.5502075], [114.0663598, 22.5501655], [114.0664039, 22.5501722], [114.0664063, 22.5501586], [114.0668007, 22.5502188], [114.0667982, 22.5502325], [114.0668423, 22.5502392], [114.0668348, 22.5502811], [114.0668134, 22.5502779], [114.066806, 22.550319], [114.0667368, 22.5503085], [114.0667442, 22.5502672], [114.0667147, 22.5502627], [114.0667073, 22.550304], [114.0666003, 22.5502877], [114.0666077, 22.5502465], [114.0665794, 22.5502422], [114.066572, 22.5502834], [114.066465, 22.550267], [114.0664724, 22.5502257], [114.0664429, 22.5502212], [114.0664355, 22.5502625], [114.0663663, 22.5502519], [114.0663737, 22.5502107], [114.0663523, 22.5502075]]]]}}, {"type": "Feature", "id": "way/1429635180", "properties": {"tags": {"addr:housename": "长福花园", "addr:housename:zh": "长福花园", "building": "apartments", "building:levels": "8", "name": "5栋", "name:zh": "5栋"}, "heightStatus": "levels_only_unverified", "source": "OpenStreetMap", "license": "ODbL-1.0"}, "geometry": {"type": "MultiPolygon", "coordinates": [[[[114.0664248, 22.5505942], [114.0664323, 22.5505523], [114.0664537, 22.5505556], [114.0664611, 22.5505144], [114.0665303, 22.550525], [114.0665229, 22.5505662], [114.0665524, 22.5505707], [114.0665598, 22.5505294], [114.0666668, 22.5505457], [114.0666594, 22.5505869], [114.0666878, 22.5505912], [114.0666951, 22.5505501], [114.0668021, 22.5505664], [114.0667947, 22.5506077], [114.0668242, 22.5506122], [114.0668316, 22.550571], [114.0669008, 22.5505815], [114.0668934, 22.5506227], [114.0669148, 22.550626], [114.0669073, 22.5506679], [114.0668633, 22.5506612], [114.0668608, 22.5506748], [114.0664665, 22.5506146], [114.0664689, 22.550601], [114.0664248, 22.5505942]]]]}}, {"type": "Feature", "id": "way/1429635181", "properties": {"tags": {"addr:housename": "长福花园", "addr:housename:zh": "长福花园", "building": "apartments", "building:levels": "8", "name": "7栋", "name:zh": "7栋"}, "heightStatus": "levels_only_unverified", "source": "OpenStreetMap", "license": "ODbL-1.0"}, "geometry": {"type": "MultiPolygon", "coordinates": [[[[114.0663573, 22.5496795], [114.0663582, 22.549637], [114.0663799, 22.5496373], [114.0663807, 22.5495956], [114.0664508, 22.5495969], [114.06645, 22.5496386], [114.0664799, 22.5496392], [114.0664808, 22.5495973], [114.0665892, 22.5495992], [114.0665883, 22.5496409], [114.066617, 22.5496415], [114.0666179, 22.5495997], [114.0667263, 22.5496016], [114.0667254, 22.5496435], [114.0667553, 22.549644], [114.0667562, 22.5496023], [114.0668263, 22.5496035], [114.0668255, 22.5496452], [114.0668472, 22.5496456], [114.0668463, 22.5496881], [114.0668016, 22.5496873], [114.0668013, 22.5497011], [114.0664017, 22.5496941], [114.066402, 22.5496803], [114.0663573, 22.5496795]]]]}}, {"type": "Feature", "id": "way/1429635183", "properties": {"tags": {"addr:housename": "长福花园", "addr:housename:zh": "长福花园", "building": "apartments", "building:levels": "8", "name": "11栋", "name:zh": "11栋"}, "heightStatus": "levels_only_unverified", "source": "OpenStreetMap", "license": "ODbL-1.0"}, "geometry": {"type": "MultiPolygon", "coordinates": [[[[114.066981, 22.5500579], [114.0669812, 22.5499822], [114.0670486, 22.5499824], [114.0670487, 22.5499611], [114.0670361, 22.549961], [114.0670363, 22.5499267], [114.0670204, 22.5499267], [114.0670205, 22.5498879], [114.0670779, 22.5498881], [114.0670778, 22.5499173], [114.0671254, 22.5499174], [114.0671255, 22.5498882], [114.0671829, 22.5498884], [114.0671828, 22.5499272], [114.0671669, 22.5499271], [114.0671668, 22.5499614], [114.0671542, 22.5499614], [114.0671542, 22.5499827], [114.0672215, 22.5499829], [114.0672213, 22.5500587], [114.0671739, 22.5500585], [114.067174, 22.5500437], [114.0670284, 22.5500432], [114.0670283, 22.5500581], [114.066981, 22.5500579]]]]}}, {"type": "Feature", "id": "way/1429635184", "properties": {"tags": {"addr:housename": "长福花园", "addr:housename:zh": "长福花园", "building": "apartments", "building:levels": "8", "name": "12栋", "name:zh": "12栋"}, "heightStatus": "levels_only_unverified", "source": "OpenStreetMap", "license": "ODbL-1.0"}, "geometry": {"type": "MultiPolygon", "coordinates": [[[[114.0669877, 22.5497424], [114.066988, 22.5496666], [114.0670554, 22.5496668], [114.0670555, 22.5496455], [114.0670429, 22.5496455], [114.067043, 22.5496111], [114.0670272, 22.5496111], [114.0670273, 22.5495723], [114.0670847, 22.5495725], [114.0670846, 22.5496017], [114.0671322, 22.5496018], [114.0671323, 22.5495726], [114.0671897, 22.5495728], [114.0671896, 22.5496116], [114.0671737, 22.5496115], [114.0671736, 22.5496459], [114.067161, 22.5496458], [114.0671609, 22.5496672], [114.0672283, 22.5496674], [114.067228, 22.5497431], [114.0671807, 22.5497429], [114.0671807, 22.5497281], [114.0670351, 22.5497276], [114.0670351, 22.5497425], [114.0669877, 22.5497424]]]]}}, {"type": "Feature", "id": "way/1429635185", "properties": {"tags": {"addr:housename": "长福花园", "addr:housename:zh": "长福花园", "building": "apartments", "building:levels": "8", "name": "13栋", "name:zh": "13栋"}, "heightStatus": "levels_only_unverified", "source": "OpenStreetMap", "license": "ODbL-1.0"}, "geometry": {"type": "MultiPolygon", "coordinates": [[[[114.0669317, 22.5494093], [114.0669319, 22.5493335], [114.0669993, 22.5493337], [114.0669994, 22.5493124], [114.0669868, 22.5493124], [114.066987, 22.549278], [114.0669711, 22.549278], [114.0669712, 22.5492392], [114.0670286, 22.5492394], [114.0670285, 22.5492686], [114.0670761, 22.5492687], [114.0670762, 22.5492396], [114.0671336, 22.5492397], [114.0671335, 22.5492785], [114.0671176, 22.5492784], [114.0671175, 22.5493128], [114.0671049, 22.5493127], [114.0671049, 22.5493341], [114.0671723, 22.5493343], [114.067172, 22.54941], [114.0671246, 22.5494098], [114.0671247, 22.549395], [114.0669791, 22.5493945], [114.066979, 22.5494094], [114.0669317, 22.5494093]]]]}}, {"type": "Feature", "id": "way/1429635186", "properties": {"tags": {"building": "kindergarten"}, "heightStatus": "unknown", "source": "OpenStreetMap", "license": "ODbL-1.0"}, "geometry": {"type": "MultiPolygon", "coordinates": [[[[114.065398, 22.5489313], [114.0656724, 22.548837], [114.0657241, 22.5489652], [114.0655968, 22.549009], [114.0656587, 22.5491623], [114.065962, 22.549058], [114.0659434, 22.5490119], [114.0660625, 22.548971], [114.0661322, 22.5491439], [114.0655628, 22.5493398], [114.065398, 22.5489313]]]]}}, {"type": "Feature", "id": "way/1429635187", "properties": {"tags": {"addr:housename": "振业花园", "addr:housename:zh": "振业花园", "building": "apartments", "building:levels": "8", "name": "3栋", "name:zh": "3栋"}, "heightStatus": "levels_only_unverified", "source": "OpenStreetMap", "license": "ODbL-1.0"}, "geometry": {"type": "MultiPolygon", "coordinates": [[[[114.0660171, 22.5485499], [114.0660547, 22.5484779], [114.0660763, 22.5484875], [114.0660895, 22.5484624], [114.0661209, 22.5484764], [114.0661262, 22.5484664], [114.0661711, 22.5484867], [114.0661658, 22.5484966], [114.0661971, 22.5485109], [114.0661837, 22.5485359], [114.0662268, 22.5485555], [114.0662401, 22.5485305], [114.0662714, 22.5485447], [114.0662767, 22.5485348], [114.0663215, 22.5485554], [114.0663161, 22.5485653], [114.0663473, 22.5485798], [114.0663337, 22.5486047], [114.0663766, 22.5486246], [114.0663902, 22.5485997], [114.0664214, 22.5486141], [114.0664268, 22.5486042], [114.0664714, 22.5486251], [114.0664659, 22.548635], [114.0664969, 22.5486497], [114.0664831, 22.5486746], [114.0665045, 22.5486847], [114.066465, 22.5487558], [114.0664126, 22.548731], [114.0664221, 22.5487139], [114.0663782, 22.5486934], [114.0663689, 22.5487105], [114.0662636, 22.5486617], [114.066273, 22.5486445], [114.066229, 22.5486243], [114.0662198, 22.5486415], [114.0661141, 22.5485934], [114.0661233, 22.5485762], [114.0660792, 22.5485562], [114.0660701, 22.5485736], [114.0660171, 22.5485499]]]]}}, {"type": "Feature", "id": "way/1429635188", "properties": {"tags": {"addr:housename": "振业花园", "addr:housename:zh": "振业花园", "building": "apartments", "building:levels": "8", "name": "1栋", "name:zh": "1栋"}, "heightStatus": "levels_only_unverified", "source": "OpenStreetMap", "license": "ODbL-1.0"}, "geometry": {"type": "MultiPolygon", "coordinates": [[[[114.0657679, 22.5487377], [114.0658056, 22.5486656], [114.0658272, 22.5486753], [114.0658404, 22.5486501], [114.0658718, 22.5486642], [114.065877, 22.5486542], [114.0659219, 22.5486744], [114.0659166, 22.5486844], [114.0659479, 22.5486986], [114.0659346, 22.5487237], [114.0659776, 22.5487433], [114.065991, 22.5487182], [114.0660223, 22.5487325], [114.0660276, 22.5487225], [114.0660724, 22.5487431], [114.066067, 22.548753], [114.0660982, 22.5487675], [114.0660846, 22.5487925], [114.0661275, 22.5488124], [114.066141, 22.5487874], [114.0661722, 22.5488019], [114.0661776, 22.548792], [114.0662222, 22.5488129], [114.0662167, 22.5488228], [114.0662478, 22.5488375], [114.066234, 22.5488623], [114.0662767, 22.5488825], [114.0662905, 22.5488577], [114.0663216, 22.5488724], [114.066327, 22.5488625], [114.0663715, 22.5488837], [114.0663659, 22.5488936], [114.0663968, 22.5489085], [114.0663828, 22.5489332], [114.0664041, 22.5489435], [114.066364, 22.5490144], [114.0663118, 22.5489892], [114.0663214, 22.5489722], [114.0662778, 22.5489513], [114.0662683, 22.5489684], [114.0661634, 22.5489188], [114.0661729, 22.5489017], [114.0661291, 22.5488811], [114.0661197, 22.5488983], [114.0660145, 22.5488494], [114.0660239, 22.5488323], [114.0659798, 22.548812], [114.0659706, 22.5488293], [114.065865, 22.5487812], [114.0658742, 22.5487639], [114.06583, 22.548744], [114.0658209, 22.5487613], [114.0657679, 22.5487377]]]]}}, {"type": "Feature", "id": "way/1429635189", "properties": {"tags": {"addr:housename": "振业花园", "addr:housename:zh": "振业花园", "building": "apartments", "building:levels": "8", "name": "9栋", "name:zh": "9栋"}, "heightStatus": "levels_only_unverified", "source": "OpenStreetMap", "license": "ODbL-1.0"}, "geometry": {"type": "MultiPolygon", "coordinates": [[[[114.0671271, 22.5479205], [114.0671274, 22.5478448], [114.0671948, 22.547845], [114.0671948, 22.5478237], [114.0671823, 22.5478236], [114.0671824, 22.5477893], [114.0671665, 22.5477892], [114.0671667, 22.5477505], [114.0672241, 22.5477507], [114.067224, 22.5477798], [114.0672716, 22.54778], [114.0672717, 22.5477508], [114.0673291, 22.547751], [114.0673289, 22.5477897], [114.0673131, 22.5477897], [114.0673129, 22.547824], [114.0673004, 22.547824], [114.0673003, 22.5478453], [114.0673677, 22.5478455], [114.0673674, 22.5479212], [114.0673201, 22.5479211], [114.0673201, 22.5479062], [114.0671745, 22.5479058], [114.0671745, 22.5479207], [114.0671271, 22.5479205]]]]}}, {"type": "Feature", "id": "way/1429635190", "properties": {"tags": {"addr:housename": "振业花园", "addr:housename:zh": "振业花园", "building": "apartments", "building:levels": "8", "name": "6栋", "name:zh": "6栋"}, "heightStatus": "levels_only_unverified", "source": "OpenStreetMap", "license": "ODbL-1.0"}, "geometry": {"type": "MultiPolygon", "coordinates": [[[[114.0663941, 22.5478497], [114.0663943, 22.5477697], [114.0664183, 22.5477698], [114.0664184, 22.5477419], [114.0664533, 22.547742], [114.0664534, 22.5477309], [114.0665034, 22.5477312], [114.0665033, 22.5477423], [114.0665382, 22.5477426], [114.0665378, 22.5477706], [114.0665858, 22.5477711], [114.0665861, 22.5477431], [114.066621, 22.5477435], [114.0666212, 22.5477324], [114.0666712, 22.5477331], [114.066671, 22.5477442], [114.0667058, 22.5477448], [114.0667053, 22.5477727], [114.0667533, 22.5477736], [114.0667538, 22.5477456], [114.0667887, 22.5477462], [114.066789, 22.5477352], [114.0668389, 22.5477362], [114.0668386, 22.5477473], [114.0668735, 22.5477482], [114.0668727, 22.5477761], [114.0669207, 22.5477773], [114.0669215, 22.5477493], [114.0669564, 22.5477502], [114.0669567, 22.5477391], [114.0670067, 22.5477405], [114.0670063, 22.5477516], [114.0670412, 22.5477527], [114.0670401, 22.5477806], [114.0670641, 22.5477814], [114.0670611, 22.5478613], [114.0670022, 22.5478595], [114.067003, 22.5478402], [114.0669538, 22.5478388], [114.0669533, 22.5478581], [114.0668355, 22.5478552], [114.0668361, 22.5478359], [114.0667869, 22.5478349], [114.0667865, 22.5478541], [114.0666687, 22.5478521], [114.0666691, 22.5478328], [114.06662, 22.5478322], [114.0666197, 22.5478514], [114.066502, 22.5478502], [114.0665022, 22.5478309], [114.066453, 22.5478306], [114.066453, 22.5478499], [114.0663941, 22.5478497]]]]}}, {"type": "Feature", "id": "way/1429635191", "properties": {"tags": {"addr:housename": "振业花园", "addr:housename:zh": "振业花园", "building": "apartments", "building:levels": "8", "name": "5栋", "name:zh": "5栋"}, "heightStatus": "levels_only_unverified", "source": "OpenStreetMap", "license": "ODbL-1.0"}, "geometry": {"type": "MultiPolygon", "coordinates": [[[[114.0662394, 22.548103], [114.0662396, 22.548023], [114.0662636, 22.5480231], [114.0662637, 22.5479952], [114.0662986, 22.5479953], [114.0662987, 22.5479842], [114.0663487, 22.5479845], [114.0663486, 22.5479956], [114.0663835, 22.547996], [114.0663831, 22.5480239], [114.0664311, 22.5480244], [114.0664314, 22.5479965], [114.0664663, 22.5479968], [114.0664665, 22.5479857], [114.0665165, 22.5479864], [114.0665163, 22.5479975], [114.0665511, 22.5479981], [114.0665506, 22.5480261], [114.0665986, 22.5480269], [114.0665991, 22.547999], [114.066634, 22.5479996], [114.0666343, 22.5479885], [114.0666842, 22.5479896], [114.0666839, 22.5480006], [114.0667188, 22.5480015], [114.066718, 22.5480294], [114.066766, 22.5480306], [114.0667668, 22.5480027], [114.0668017, 22.5480036], [114.066802, 22.5479925], [114.066852, 22.5479939], [114.0668516, 22.548005], [114.0668865, 22.5480061], [114.0668854, 22.548034], [114.0669094, 22.5480348], [114.0669064, 22.5481147], [114.0668475, 22.5481128], [114.0668483, 22.5480936], [114.0667991, 22.5480922], [114.0667986, 22.5481114], [114.0666808, 22.5481085], [114.0666814, 22.5480893], [114.0666322, 22.5480882], [114.0666318, 22.5481075], [114.066514, 22.5481054], [114.0665144, 22.5480862], [114.0664653, 22.5480855], [114.066465, 22.5481047], [114.0663473, 22.5481035], [114.0663475, 22.5480843], [114.0662983, 22.548084], [114.0662983, 22.5481032], [114.0662394, 22.548103]]]]}}, {"type": "Feature", "id": "way/1429635192", "properties": {"tags": {"addr:housename": "振业花园", "addr:housename:zh": "振业花园", "building": "apartments", "building:levels": "8", "name": "8栋", "name:zh": "8栋"}, "heightStatus": "levels_only_unverified", "source": "OpenStreetMap", "license": "ODbL-1.0"}, "geometry": {"type": "MultiPolygon", "coordinates": [[[[114.0669753, 22.548228], [114.0669756, 22.5481523], [114.067043, 22.5481525], [114.0670431, 22.5481311], [114.0670305, 22.5481311], [114.0670306, 22.5480968], [114.0670147, 22.5480967], [114.0670149, 22.548058], [114.0670723, 22.5480581], [114.0670722, 22.5480873], [114.0671198, 22.5480875], [114.0671199, 22.5480583], [114.0671773, 22.5480585], [114.0671772, 22.5480972], [114.0671613, 22.5480972], [114.0671612, 22.5481315], [114.0671486, 22.5481315], [114.0671485, 22.5481528], [114.0672159, 22.548153], [114.0672156, 22.5482287], [114.0671683, 22.5482286], [114.0671683, 22.5482137], [114.0670227, 22.5482133], [114.0670227, 22.5482281], [114.0669753, 22.548228]]]]}}, {"type": "Feature", "id": "way/1429635193", "properties": {"tags": {"addr:housename": "振业花园", "addr:housename:zh": "振业花园", "building": "apartments", "building:levels": "8", "name": "7栋", "name:zh": "7栋"}, "heightStatus": "levels_only_unverified", "source": "OpenStreetMap", "license": "ODbL-1.0"}, "geometry": {"type": "MultiPolygon", "coordinates": [[[[114.0669682, 22.5485464], [114.0669685, 22.5484707], [114.0670358, 22.5484709], [114.0670359, 22.5484496], [114.0670234, 22.5484495], [114.0670235, 22.5484152], [114.0670076, 22.5484151], [114.0670077, 22.5483764], [114.0670652, 22.5483766], [114.0670651, 22.5484057], [114.0671126, 22.5484059], [114.0671127, 22.5483767], [114.0671702, 22.5483769], [114.06717, 22.5484156], [114.0671541, 22.5484156], [114.067154, 22.5484499], [114.0671415, 22.5484499], [114.0671414, 22.5484712], [114.0672088, 22.5484714], [114.0672085, 22.5485471], [114.0671611, 22.548547], [114.0671612, 22.5485321], [114.0670156, 22.5485317], [114.0670155, 22.5485466], [114.0669682, 22.5485464]]]]}}, {"type": "Feature", "id": "way/1429635194", "properties": {"tags": {"addr:housename": "振业花园", "addr:housename:zh": "振业花园", "building": "apartments", "building:levels": "8", "name": "2栋", "name:zh": "2栋"}, "heightStatus": "levels_only_unverified", "source": "OpenStreetMap", "license": "ODbL-1.0"}, "geometry": {"type": "MultiPolygon", "coordinates": [[[[114.0665305, 22.5490666], [114.0665308, 22.5489866], [114.0665548, 22.5489867], [114.0665549, 22.5489588], [114.0665898, 22.5489589], [114.0665899, 22.5489478], [114.0666399, 22.5489481], [114.0666397, 22.5489592], [114.0666746, 22.5489596], [114.0666743, 22.5489875], [114.0667223, 22.548988], [114.0667226, 22.5489601], [114.0667575, 22.5489604], [114.0667577, 22.5489493], [114.0668077, 22.54895], [114.0668074, 22.5489611], [114.0668423, 22.5489617], [114.0668418, 22.5489896], [114.0668897, 22.5489905], [114.0668903, 22.5489626], [114.0669252, 22.5489632], [114.0669254, 22.5489521], [114.0669754, 22.5489531], [114.0669751, 22.5489642], [114.06701, 22.5489651], [114.0670092, 22.548993], [114.0670572, 22.5489942], [114.067058, 22.5489663], [114.0670929, 22.5489671], [114.0670932, 22.548956], [114.0671432, 22.5489574], [114.0671428, 22.5489685], [114.0671776, 22.5489697], [114.0671766, 22.5489976], [114.0672006, 22.5489983], [114.0671976, 22.5490783], [114.0671387, 22.5490764], [114.0671394, 22.5490571], [114.0670903, 22.5490558], [114.0670897, 22.549075], [114.066972, 22.5490721], [114.0669725, 22.5490528], [114.0669234, 22.5490518], [114.066923, 22.549071], [114.0668052, 22.549069], [114.0668056, 22.5490498], [114.0667565, 22.5490491], [114.0667562, 22.5490683], [114.0666384, 22.5490671], [114.0666387, 22.5490479], [114.0665895, 22.5490475], [114.0665894, 22.5490668], [114.0665305, 22.5490666]]]]}}, {"type": "Feature", "id": "way/1429635195", "properties": {"tags": {"addr:housename": "振业花园", "addr:housename:zh": "振业花园", "building": "apartments", "building:levels": "8", "name": "4栋", "name:zh": "4栋"}, "heightStatus": "levels_only_unverified", "source": "OpenStreetMap", "license": "ODbL-1.0"}, "geometry": {"type": "MultiPolygon", "coordinates": [[[[114.0665965, 22.5488016], [114.0665968, 22.5487216], [114.0666208, 22.5487217], [114.0666209, 22.5486938], [114.0666558, 22.5486939], [114.0666558, 22.5486828], [114.0667058, 22.5486831], [114.0667057, 22.5486942], [114.0667406, 22.5486946], [114.0667403, 22.5487225], [114.0667883, 22.548723], [114.0667886, 22.5486951], [114.0668235, 22.5486954], [114.0668236, 22.5486843], [114.0668736, 22.548685], [114.0668734, 22.5486961], [114.0669083, 22.5486967], [114.0669077, 22.5487247], [114.0669557, 22.5487255], [114.0669563, 22.5486976], [114.0669912, 22.5486982], [114.0669914, 22.5486871], [114.0670414, 22.5486881], [114.0670411, 22.5486992], [114.067076, 22.5487001], [114.0670752, 22.548728], [114.0671231, 22.5487292], [114.0671239, 22.5487013], [114.0671588, 22.5487021], [114.0671592, 22.5486911], [114.0672091, 22.5486925], [114.0672087, 22.5487036], [114.0672436, 22.5487047], [114.0672426, 22.5487326], [114.0672665, 22.5487333], [114.0672636, 22.5488133], [114.0672047, 22.5488114], [114.0672054, 22.5487922], [114.0671563, 22.5487908], [114.0671557, 22.54881], [114.067038, 22.5488071], [114.0670385, 22.5487879], [114.0669894, 22.5487868], [114.066989, 22.5488061], [114.0668712, 22.548804], [114.0668716, 22.5487848], [114.0668224, 22.5487841], [114.0668222, 22.5488033], [114.0667044, 22.5488021], [114.0667046, 22.5487829], [114.0666555, 22.5487826], [114.0666554, 22.5488018], [114.0665965, 22.5488016]]]]}}, {"type": "Feature", "id": "way/1429635737", "properties": {"tags": {"building": "commercial", "building:levels": "25", "name": "国际人才大厦", "name:zh": "国际人才大厦"}, "heightStatus": "levels_only_unverified", "source": "OpenStreetMap", "license": "ODbL-1.0"}, "geometry": {"type": "MultiPolygon", "coordinates": [[[[114.0656823, 22.5469445], [114.0657201, 22.5469284], [114.0657605, 22.5469191], [114.065802, 22.546917], [114.0658433, 22.546922], [114.0658829, 22.546934], [114.0659193, 22.5469526], [114.0659514, 22.5469771], [114.0659779, 22.5470067], [114.0659981, 22.5470403], [114.0660111, 22.5470769], [114.0660165, 22.547115], [114.0660141, 22.5471534], [114.0660041, 22.5471907], [114.0659867, 22.5472256], [114.0656823, 22.5469445]]]]}}, {"type": "Feature", "id": "way/1429635740", "properties": {"tags": {"addr:housename": "海连大厦", "addr:housename:zh": "海连大厦", "building": "apartments", "building:levels": "32", "name": "2栋", "name:zh": "2栋"}, "heightStatus": "levels_only_unverified", "source": "OpenStreetMap", "license": "ODbL-1.0"}, "geometry": {"type": "MultiPolygon", "coordinates": [[[[114.0646869, 22.5471266], [114.0646879, 22.5470651], [114.0647115, 22.5470655], [114.0647121, 22.5470302], [114.0647967, 22.5470313], [114.0647978, 22.5469666], [114.0648293, 22.5469671], [114.0648297, 22.5469429], [114.0648595, 22.5469433], [114.0648584, 22.5470077], [114.064894, 22.5470082], [114.064895, 22.5469438], [114.0649249, 22.5469443], [114.0649245, 22.5469685], [114.0649559, 22.5469689], [114.0649549, 22.5470337], [114.0650394, 22.5470348], [114.0650389, 22.5470708], [114.0650624, 22.5470711], [114.0650614, 22.5471326], [114.0650378, 22.5471323], [114.0650372, 22.5471682], [114.0649526, 22.547167], [114.0649517, 22.5472252], [114.0649322, 22.547225], [114.064932, 22.5472331], [114.0648128, 22.5472315], [114.0648129, 22.5472232], [114.0647935, 22.547223], [114.0647944, 22.5471646], [114.0647099, 22.5471635], [114.0647105, 22.5471269], [114.0646869, 22.5471266]]]]}}, {"type": "Feature", "id": "way/1429635741", "properties": {"tags": {"addr:housename": "海连大厦", "addr:housename:zh": "海连大厦", "building": "apartments", "building:levels": "32", "name": "1栋", "name:zh": "1栋"}, "heightStatus": "levels_only_unverified", "source": "OpenStreetMap", "license": "ODbL-1.0"}, "geometry": {"type": "MultiPolygon", "coordinates": [[[[114.0651262, 22.5471317], [114.0651272, 22.5470703], [114.0651447, 22.5470705], [114.0651453, 22.5470346], [114.0652168, 22.5470356], [114.0652179, 22.5469709], [114.0652494, 22.5469713], [114.0652498, 22.5469472], [114.0652796, 22.5469476], [114.0652786, 22.547012], [114.0653141, 22.5470124], [114.0653152, 22.5469481], [114.065345, 22.5469485], [114.0653446, 22.5469727], [114.065376, 22.5469731], [114.065375, 22.5470379], [114.0654595, 22.5470391], [114.065459, 22.5470757], [114.0654825, 22.547076], [114.0654815, 22.5471375], [114.0654579, 22.5471371], [114.0654573, 22.5471724], [114.0653727, 22.5471713], [114.0653718, 22.5472295], [114.0653523, 22.5472292], [114.0653521, 22.5472374], [114.0652329, 22.5472358], [114.065233, 22.5472275], [114.0652136, 22.5472272], [114.0652145, 22.5471689], [114.0651431, 22.5471679], [114.0651436, 22.547132], [114.0651262, 22.5471317]]]]}}, {"type": "Feature", "id": "way/1431520292", "properties": {"tags": {"building": "yes"}, "heightStatus": "unknown", "source": "OpenStreetMap", "license": "ODbL-1.0"}, "geometry": {"type": "MultiPolygon", "coordinates": [[[[114.0725623, 22.5536709], [114.0725862, 22.5534433], [114.0727325, 22.5534564], [114.0727252, 22.5535262], [114.0726334, 22.5535179], [114.0726168, 22.5536758], [114.0725623, 22.5536709]]]]}}]}