{"type": "FeatureCollection", "features": [{"type": "Feature", "id": "way/273652218", "properties": {"tags": {"building": "yes"}, "heightStatus": "unknown", "source": "OpenStreetMap", "license": "ODbL-1.0"}, "geometry": {"type": "MultiPolygon", "coordinates": [[[[114.0740063, 22.5285421], [114.0748195, 22.5282739], [114.0748572, 22.5283712], [114.0740439, 22.5286395], [114.0740063, 22.5285421]]]]}}, {"type": "Feature", "id": "way/345487040", "properties": {"tags": {"building": "yes", "government": "transportation", "name": "广东省深圳航道局", "office": "government"}, "heightStatus": "unknown", "source": "OpenStreetMap", "license": "ODbL-1.0"}, "geometry": {"type": "MultiPolygon", "coordinates": [[[[114.0818602, 22.5326628], [114.0818726, 22.53256], [114.0819978, 22.5325729], [114.0820043, 22.532519], [114.0820108, 22.5324651], [114.0821111, 22.5324755], [114.0820901, 22.5326495], [114.0820346, 22.5326808], [114.0818602, 22.5326628]]]]}}, {"type": "Feature", "id": "way/345487041", "properties": {"tags": {"building": "industrial"}, "heightStatus": "unknown", "source": "OpenStreetMap", "license": "ODbL-1.0"}, "geometry": {"type": "MultiPolygon", "coordinates": [[[[114.0807394, 22.5324135], [114.0808304, 22.5321136], [114.0808581, 22.5321208], [114.0808667, 22.5320926], [114.0809372, 22.5321108], [114.0815938, 22.5322809], [114.0816494, 22.5322953], [114.0816427, 22.5323175], [114.0816734, 22.5323255], [114.0815809, 22.5326299], [114.0815495, 22.5326217], [114.0815428, 22.5326437], [114.0807525, 22.5324386], [114.0807586, 22.5324184], [114.0807394, 22.5324135]]]]}}, {"type": "Feature", "id": "way/402630372", "properties": {"tags": {"building": "residential"}, "heightStatus": "unknown", "source": "OpenStreetMap", "license": "ODbL-1.0"}, "geometry": {"type": "MultiPolygon", "coordinates": [[[[114.079259, 22.5348734], [114.079381, 22.5348226], [114.0794387, 22.5349341], [114.0793153, 22.5349886], [114.079259, 22.5348734]]]]}}, {"type": "Feature", "id": "way/402630373", "properties": {"tags": {"building": "residential"}, "heightStatus": "unknown", "source": "OpenStreetMap", "license": "ODbL-1.0"}, "geometry": {"type": "MultiPolygon", "coordinates": [[[[114.079318, 22.5350121], [114.0794496, 22.5349568], [114.0795017, 22.5350629], [114.0793744, 22.5351192], [114.079318, 22.5350121]]]]}}, {"type": "Feature", "id": "way/402630374", "properties": {"tags": {"building": "residential"}, "heightStatus": "unknown", "source": "OpenStreetMap", "license": "ODbL-1.0"}, "geometry": {"type": "MultiPolygon", "coordinates": [[[[114.0791752, 22.5347268], [114.0793073, 22.5346743], [114.0793663, 22.5347944], [114.0792388, 22.5348493], [114.0791752, 22.5347268]]]]}}, {"type": "Feature", "id": "way/700830269", "properties": {"tags": {"addr:housename": "皇岗口岸生活区", "addr:housename:zh": "皇岗口岸生活区", "building": "apartments", "name": "4栋", "name:zh": "4栋"}, "heightStatus": "unknown", "source": "OpenStreetMap", "license": "ODbL-1.0"}, "geometry": {"type": "MultiPolygon", "coordinates": [[[[114.0742875, 22.531088], [114.0742887, 22.5309902], [114.0746583, 22.5309941], [114.0746574, 22.5310657], [114.0746571, 22.5310919], [114.0742875, 22.531088]]]]}}, {"type": "Feature", "id": "way/700830270", "properties": {"tags": {"addr:housename": "皇岗海关生活区", "addr:housename:zh": "皇岗海关生活区", "building": "yes"}, "heightStatus": "unknown", "source": "OpenStreetMap", "license": "ODbL-1.0"}, "geometry": {"type": "MultiPolygon", "coordinates": [[[[114.0738916, 22.5305378], [114.0738932, 22.5304541], [114.0741994, 22.530459], [114.0741978, 22.5305427], [114.0738916, 22.5305378]]]]}}, {"type": "Feature", "id": "way/700830274", "properties": {"tags": {"addr:housename": "皇岗口岸生活区", "addr:housename:zh": "皇岗口岸生活区", "building": "apartments", "name": "8栋", "name:zh": "8栋"}, "heightStatus": "unknown", "source": "OpenStreetMap", "license": "ODbL-1.0"}, "geometry": {"type": "MultiPolygon", "coordinates": [[[[114.0736763, 22.5308048], [114.0736778, 22.530721], [114.0741548, 22.5307287], [114.0741532, 22.5308124], [114.0736763, 22.5308048]]]]}}, {"type": "Feature", "id": "way/700830275", "properties": {"tags": {"addr:housename": "皇岗口岸生活区", "addr:housename:zh": "皇岗口岸生活区", "building": "apartments", "name": "7栋", "name:zh": "7栋"}, "heightStatus": "unknown", "source": "OpenStreetMap", "license": "ODbL-1.0"}, "geometry": {"type": "MultiPolygon", "coordinates": [[[[114.0736738, 22.5310544], [114.0736754, 22.5309706], [114.0741523, 22.5309782], [114.0741507, 22.531062], [114.0736738, 22.5310544]]]]}}, {"type": "Feature", "id": "way/700830276", "properties": {"tags": {"addr:housename": "皇岗口岸生活区", "addr:housename:zh": "皇岗口岸生活区", "building": "apartments", "name": "6栋", "name:zh": "6栋"}, "heightStatus": "unknown", "source": "OpenStreetMap", "license": "ODbL-1.0"}, "geometry": {"type": "MultiPolygon", "coordinates": [[[[114.0736642, 22.5313254], [114.0736658, 22.5312416], [114.0741427, 22.5312492], [114.0741412, 22.531333], [114.0736642, 22.5313254]]]]}}, {"type": "Feature", "id": "way/700830277", "properties": {"tags": {"addr:housename": "皇岗口岸生活区", "addr:housename:zh": "皇岗口岸生活区", "building": "apartments", "name": "5栋", "name:zh": "5栋"}, "heightStatus": "unknown", "source": "OpenStreetMap", "license": "ODbL-1.0"}, "geometry": {"type": "MultiPolygon", "coordinates": [[[[114.0742076, 22.5313457], [114.0742089, 22.5312468], [114.0746551, 22.5312516], [114.0746539, 22.5313505], [114.0742076, 22.5313457]]]]}}, {"type": "Feature", "id": "way/778406380", "properties": {"tags": {"addr:city": "深圳市", "addr:district": "福田区", "addr:housename": "皇岗口岸生活区内", "addr:province": "广东省", "addr:street": "滨河大道", "alt_name": "深圳国际旅行卫生保健中心", "alt_name:en": "Shenzhen International Travel Healthcare Center;Shenzhen Kouan Hospital", "alt_name:zh": "深圳国际旅行卫生保健中心", "amenity": "hospital", "building": "yes", "emergency": "no", "healthcare": "hospital", "name": "深圳口岸医院", "name:en": "Shenzhen Port Hospital", "name:zh": "深圳口岸医院", "operator": "深圳国际旅行卫生保健中心", "operator:type": "public", "phone": "+85 755 83774007;+86 755 8377 4013;+86 755 8377 4098", "website": "http://www.szkah.com/"}, "heightStatus": "unknown", "source": "OpenStreetMap", "license": "ODbL-1.0"}, "geometry": {"type": "MultiPolygon", "coordinates": [[[[114.0742609, 22.5308422], [114.0742625, 22.530719], [114.0747996, 22.530725], [114.074798, 22.5308483], [114.0742609, 22.5308422]]]]}}, {"type": "Feature", "id": "way/778406381", "properties": {"tags": {"building": "yes"}, "heightStatus": "unknown", "source": "OpenStreetMap", "license": "ODbL-1.0"}, "geometry": {"type": "MultiPolygon", "coordinates": [[[[114.0746561, 22.5311745], [114.0746571, 22.5310919], [114.0746574, 22.5310657], [114.0747946, 22.5310672], [114.0747932, 22.531176], [114.0746561, 22.5311745]]]]}}, {"type": "Feature", "id": "way/778406382", "properties": {"tags": {"building": "yes"}, "heightStatus": "unknown", "source": "OpenStreetMap", "license": "ODbL-1.0"}, "geometry": {"type": "MultiPolygon", "coordinates": [[[[114.0746533, 22.5313937], [114.0746539, 22.5313505], [114.0746551, 22.5312516], [114.0747923, 22.531253], [114.0747905, 22.5313951], [114.0746533, 22.5313937]]]]}}, {"type": "Feature", "id": "way/778406383", "properties": {"tags": {"building": "yes"}, "heightStatus": "unknown", "source": "OpenStreetMap", "license": "ODbL-1.0"}, "geometry": {"type": "MultiPolygon", "coordinates": [[[[114.0746574, 22.5310657], [114.0746583, 22.5309941], [114.07466, 22.5308624], [114.0747972, 22.5308638], [114.0747946, 22.5310672], [114.0746574, 22.5310657]]]]}}, {"type": "Feature", "id": "way/778406384", "properties": {"tags": {"building": "yes"}, "heightStatus": "unknown", "source": "OpenStreetMap", "license": "ODbL-1.0"}, "geometry": {"type": "MultiPolygon", "coordinates": [[[[114.0746551, 22.5312516], [114.0746561, 22.5311745], [114.0747932, 22.531176], [114.0747923, 22.531253], [114.0746551, 22.5312516]]]]}}, {"type": "Feature", "id": "way/923057930", "properties": {"tags": {"building": "yes"}, "heightStatus": "unknown", "source": "OpenStreetMap", "license": "ODbL-1.0"}, "geometry": {"type": "MultiPolygon", "coordinates": [[[[114.0812572, 22.5331281], [114.0816201, 22.5331281], [114.0816201, 22.5331918], [114.0816911, 22.5331918], [114.0816911, 22.5332673], [114.0812572, 22.5332672], [114.0812572, 22.5331281]]]]}}, {"type": "Feature", "id": "way/923057931", "properties": {"tags": {"building": "yes"}, "heightStatus": "unknown", "source": "OpenStreetMap", "license": "ODbL-1.0"}, "geometry": {"type": "MultiPolygon", "coordinates": [[[[114.0816201, 22.5331281], [114.0816303, 22.5328664], [114.0817704, 22.5328837], [114.0817331, 22.5331921], [114.0816911, 22.5331918], [114.0816201, 22.5331918], [114.0816201, 22.5331281]]]]}}, {"type": "Feature", "id": "way/923057932", "properties": {"tags": {"building": "transportation"}, "heightStatus": "unknown", "source": "OpenStreetMap", "license": "ODbL-1.0"}, "geometry": {"type": "MultiPolygon", "coordinates": [[[[114.0817841, 22.5331541], [114.0818156, 22.5329215], [114.0818991, 22.5329312], [114.0818675, 22.5331637], [114.0817841, 22.5331541]]]]}}, {"type": "Feature", "id": "way/1265298852", "properties": {"tags": {"building": "yes"}, "heightStatus": "unknown", "source": "OpenStreetMap", "license": "ODbL-1.0"}, "geometry": {"type": "MultiPolygon", "coordinates": [[[[114.0771327, 22.5304905], [114.0773219, 22.5303653], [114.0772808, 22.5303123], [114.0773512, 22.5302657], [114.0775897, 22.5305728], [114.0775083, 22.5306267], [114.0774254, 22.5305199], [114.0772472, 22.530638], [114.0771327, 22.5304905]]]]}}, {"type": "Feature", "id": "way/1265298853", "properties": {"tags": {"addr:housename": "景福大厦", "addr:housename:zh": "景福大厦", "building": "apartments", "building:levels": "28", "name": "3栋", "name:zh": "3栋"}, "heightStatus": "levels_only_unverified", "source": "OpenStreetMap", "license": "ODbL-1.0"}, "geometry": {"type": "MultiPolygon", "coordinates": [[[[114.0774325, 22.5337537], [114.0774754, 22.5336363], [114.0775015, 22.5336444], [114.0775703, 22.533613], [114.0775791, 22.5335889], [114.0777062, 22.5336286], [114.0776974, 22.5336527], [114.0777314, 22.5337162], [114.0777575, 22.5337243], [114.0777145, 22.5338417], [114.0776885, 22.5338336], [114.0776197, 22.533865], [114.0776109, 22.5338891], [114.0774838, 22.5338494], [114.0774926, 22.5338254], [114.0774586, 22.5337618], [114.0774325, 22.5337537]]]]}}, {"type": "Feature", "id": "way/1265298854", "properties": {"tags": {"addr:housename": "景福大厦", "addr:housename:zh": "景福大厦", "building": "apartments", "building:levels": "28", "name": "2栋", "name:zh": "2栋"}, "heightStatus": "levels_only_unverified", "source": "OpenStreetMap", "license": "ODbL-1.0"}, "geometry": {"type": "MultiPolygon", "coordinates": [[[[114.0776216, 22.5341241], [114.0776645, 22.5340067], [114.0776906, 22.5340148], [114.0777594, 22.5339834], [114.0777682, 22.5339593], [114.0778953, 22.533999], [114.0778865, 22.5340231], [114.0779205, 22.5340866], [114.0779466, 22.5340947], [114.0779036, 22.5342121], [114.0778776, 22.534204], [114.0778088, 22.5342354], [114.0778, 22.5342595], [114.0776729, 22.5342198], [114.0776817, 22.5341957], [114.0776476, 22.5341322], [114.0776216, 22.5341241]]]]}}, {"type": "Feature", "id": "way/1265298855", "properties": {"tags": {"addr:housename": "景福大厦", "addr:housename:zh": "景福大厦", "building": "apartments", "building:levels": "28", "name": "1栋", "name:zh": "1栋"}, "heightStatus": "levels_only_unverified", "source": "OpenStreetMap", "license": "ODbL-1.0"}, "geometry": {"type": "MultiPolygon", "coordinates": [[[[114.0778251, 22.5345023], [114.077868, 22.5343849], [114.0778941, 22.534393], [114.0779628, 22.5343616], [114.0779717, 22.5343375], [114.0780988, 22.5343772], [114.07809, 22.5344012], [114.078124, 22.5344647], [114.0781501, 22.5344729], [114.0781071, 22.5345903], [114.078081, 22.5345822], [114.0780123, 22.5346136], [114.0780035, 22.5346377], [114.0778764, 22.534598], [114.0778852, 22.5345739], [114.0778511, 22.5345104], [114.0778251, 22.5345023]]]]}}, {"type": "Feature", "id": "way/1340485069", "properties": {"tags": {"building": "train_station", "building:levels": "0", "building:levels:underground": "2", "layer": "-1", "location": "underground", "name": "赤尾站", "name:en": "Chiwei Station", "name:zh": "赤尾站", "public_transport": "station", "start_date": "2016-10-28", "wikidata": "Q27825801", "wikipedia": "zh:赤尾站"}, "heightStatus": "levels_only_unverified", "source": "OpenStreetMap", "license": "ODbL-1.0"}, "geometry": {"type": "MultiPolygon", "coordinates": [[[[114.0777791, 22.5334442], [114.0778295, 22.5334214], [114.0779804, 22.5337227], [114.0781817, 22.5337948], [114.0782132, 22.5337821], [114.0778939, 22.5332022], [114.0778784, 22.5332115], [114.0777974, 22.5330932], [114.078017, 22.5329682], [114.0780419, 22.5329069], [114.0782215, 22.5328236], [114.0784118, 22.5331816], [114.0783648, 22.5332031], [114.0783061, 22.5330935], [114.0781273, 22.5331751], [114.0783757, 22.5336392], [114.0785688, 22.533551], [114.0784613, 22.5333503], [114.0785216, 22.5333228], [114.0787107, 22.5336761], [114.0786759, 22.533692], [114.0786569, 22.5336565], [114.0785404, 22.5337097], [114.078537, 22.5337034], [114.0784816, 22.5337287], [114.0784927, 22.5337496], [114.0784446, 22.5337716], [114.0787184, 22.5342831], [114.0788824, 22.5342082], [114.0791189, 22.5346499], [114.0791237, 22.5346477], [114.0793287, 22.5350307], [114.0792677, 22.5350586], [114.0790942, 22.5347346], [114.079014, 22.5347712], [114.0790205, 22.5347834], [114.0787846, 22.5348911], [114.0787199, 22.5347702], [114.0787392, 22.5347614], [114.0787049, 22.5346972], [114.0785221, 22.5347807], [114.0786563, 22.5350314], [114.0785947, 22.5350595], [114.0784279, 22.534748], [114.0786678, 22.5346385], [114.0782321, 22.5338197], [114.0781819, 22.5338381], [114.077936, 22.5337473], [114.0777791, 22.5334442]]]]}}, {"type": "Feature", "id": "way/1381690197", "properties": {"tags": {"area": "yes", "barrier": "border_control", "building": "yes", "foot": "yes", "motor_vehicle": "no", "name": "赤尾耕作口（已停用）"}, "heightStatus": "unknown", "source": "OpenStreetMap", "license": "ODbL-1.0"}, "geometry": {"type": "MultiPolygon", "coordinates": [[[[114.0820991, 22.5322718], [114.0821157, 22.5322074], [114.0823154, 22.5322571], [114.0822969, 22.5323268], [114.0820991, 22.5322718]]]]}}, {"type": "Feature", "id": "way/1430205680", "properties": {"tags": {"building": "apartments"}, "heightStatus": "unknown", "source": "OpenStreetMap", "license": "ODbL-1.0"}, "geometry": {"type": "MultiPolygon", "coordinates": [[[[114.0743166, 22.5338687], [114.0744377, 22.5337838], [114.074509, 22.5338706], [114.0743879, 22.5339555], [114.0743166, 22.5338687]]]]}}, {"type": "Feature", "id": "way/1430205681", "properties": {"tags": {"building": "apartments"}, "heightStatus": "unknown", "source": "OpenStreetMap", "license": "ODbL-1.0"}, "geometry": {"type": "MultiPolygon", "coordinates": [[[[114.0744034, 22.5339744], [114.0745245, 22.5338895], [114.0745958, 22.5339762], [114.0744747, 22.5340611], [114.0744034, 22.5339744]]]]}}, {"type": "Feature", "id": "way/1430205682", "properties": {"tags": {"building": "apartments"}, "heightStatus": "unknown", "source": "OpenStreetMap", "license": "ODbL-1.0"}, "geometry": {"type": "MultiPolygon", "coordinates": [[[[114.0748537, 22.5334924], [114.0749748, 22.5334075], [114.0750461, 22.5334942], [114.074925, 22.5335791], [114.0748537, 22.5334924]]]]}}, {"type": "Feature", "id": "way/1430205683", "properties": {"tags": {"building": "apartments"}, "heightStatus": "unknown", "source": "OpenStreetMap", "license": "ODbL-1.0"}, "geometry": {"type": "MultiPolygon", "coordinates": [[[[114.0740485, 22.5340581], [114.0741697, 22.5339732], [114.074241, 22.5340599], [114.0741198, 22.5341448], [114.0740485, 22.5340581]]]]}}, {"type": "Feature", "id": "way/1430205684", "properties": {"tags": {"building": "apartments"}, "heightStatus": "unknown", "source": "OpenStreetMap", "license": "ODbL-1.0"}, "geometry": {"type": "MultiPolygon", "coordinates": [[[[114.0741353, 22.5341637], [114.0742565, 22.5340788], [114.0743278, 22.5341656], [114.0742066, 22.5342505], [114.0741353, 22.5341637]]]]}}, {"type": "Feature", "id": "way/1430205685", "properties": {"tags": {"building": "apartments"}, "heightStatus": "unknown", "source": "OpenStreetMap", "license": "ODbL-1.0"}, "geometry": {"type": "MultiPolygon", "coordinates": [[[[114.0747197, 22.5335875], [114.0748408, 22.5335026], [114.0749121, 22.5335894], [114.074791, 22.5336743], [114.0747197, 22.5335875]]]]}}, {"type": "Feature", "id": "way/1430205686", "properties": {"tags": {"building": "apartments"}, "heightStatus": "unknown", "source": "OpenStreetMap", "license": "ODbL-1.0"}, "geometry": {"type": "MultiPolygon", "coordinates": [[[[114.0748065, 22.5336932], [114.0749276, 22.5336083], [114.0749989, 22.533695], [114.0748778, 22.5337799], [114.0748065, 22.5336932]]]]}}, {"type": "Feature", "id": "way/1430205687", "properties": {"tags": {"building": "apartments"}, "heightStatus": "unknown", "source": "OpenStreetMap", "license": "ODbL-1.0"}, "geometry": {"type": "MultiPolygon", "coordinates": [[[[114.0739074, 22.5341541], [114.0740285, 22.5340692], [114.0740998, 22.5341559], [114.0739787, 22.5342408], [114.0739074, 22.5341541]]]]}}, {"type": "Feature", "id": "way/1430205688", "properties": {"tags": {"building": "apartments"}, "heightStatus": "unknown", "source": "OpenStreetMap", "license": "ODbL-1.0"}, "geometry": {"type": "MultiPolygon", "coordinates": [[[[114.0739942, 22.5342597], [114.0741153, 22.5341748], [114.0741866, 22.5342616], [114.0740655, 22.5343465], [114.0739942, 22.5342597]]]]}}, {"type": "Feature", "id": "way/1430205689", "properties": {"tags": {"building": "apartments"}, "heightStatus": "unknown", "source": "OpenStreetMap", "license": "ODbL-1.0"}, "geometry": {"type": "MultiPolygon", "coordinates": [[[[114.0741826, 22.5339639], [114.0743037, 22.533879], [114.074375, 22.5339657], [114.0742539, 22.5340506], [114.0741826, 22.5339639]]]]}}, {"type": "Feature", "id": "way/1430205690", "properties": {"tags": {"building": "apartments"}, "heightStatus": "unknown", "source": "OpenStreetMap", "license": "ODbL-1.0"}, "geometry": {"type": "MultiPolygon", "coordinates": [[[[114.0742694, 22.5340695], [114.0743905, 22.5339846], [114.0744618, 22.5340714], [114.0743407, 22.5341563], [114.0742694, 22.5340695]]]]}}, {"type": "Feature", "id": "way/1430205691", "properties": {"tags": {"building": "apartments"}, "heightStatus": "unknown", "source": "OpenStreetMap", "license": "ODbL-1.0"}, "geometry": {"type": "MultiPolygon", "coordinates": [[[[114.0736393, 22.5343434], [114.0737604, 22.5342585], [114.0738317, 22.5343453], [114.0737106, 22.5344302], [114.0736393, 22.5343434]]]]}}, {"type": "Feature", "id": "way/1430205692", "properties": {"tags": {"building": "apartments"}, "heightStatus": "unknown", "source": "OpenStreetMap", "license": "ODbL-1.0"}, "geometry": {"type": "MultiPolygon", "coordinates": [[[[114.0737261, 22.5344491], [114.0738473, 22.5343642], [114.0739186, 22.5344509], [114.0737974, 22.5345358], [114.0737261, 22.5344491]]]]}}, {"type": "Feature", "id": "way/1430205693", "properties": {"tags": {"building": "apartments"}, "heightStatus": "unknown", "source": "OpenStreetMap", "license": "ODbL-1.0"}, "geometry": {"type": "MultiPolygon", "coordinates": [[[[114.0749405, 22.533598], [114.0750616, 22.5335131], [114.0751329, 22.5335999], [114.0750118, 22.5336848], [114.0749405, 22.533598]]]]}}, {"type": "Feature", "id": "way/1430205694", "properties": {"tags": {"building": "apartments"}, "heightStatus": "unknown", "source": "OpenStreetMap", "license": "ODbL-1.0"}, "geometry": {"type": "MultiPolygon", "coordinates": [[[[114.0745857, 22.5336817], [114.0747068, 22.5335968], [114.0747781, 22.5336836], [114.0746569, 22.5337685], [114.0745857, 22.5336817]]]]}}, {"type": "Feature", "id": "way/1430205695", "properties": {"tags": {"building": "apartments"}, "heightStatus": "unknown", "source": "OpenStreetMap", "license": "ODbL-1.0"}, "geometry": {"type": "MultiPolygon", "coordinates": [[[[114.0737734, 22.5342492], [114.0738945, 22.5341643], [114.0739658, 22.5342511], [114.0738447, 22.534336], [114.0737734, 22.5342492]]]]}}, {"type": "Feature", "id": "way/1430205696", "properties": {"tags": {"building": "apartments"}, "heightStatus": "unknown", "source": "OpenStreetMap", "license": "ODbL-1.0"}, "geometry": {"type": "MultiPolygon", "coordinates": [[[[114.0746725, 22.5337874], [114.0747936, 22.5337025], [114.0748649, 22.5337892], [114.0747438, 22.5338741], [114.0746725, 22.5337874]]]]}}, {"type": "Feature", "id": "way/1430205697", "properties": {"tags": {"building": "apartments"}, "heightStatus": "unknown", "source": "OpenStreetMap", "license": "ODbL-1.0"}, "geometry": {"type": "MultiPolygon", "coordinates": [[[[114.0738602, 22.5343549], [114.0739813, 22.53427], [114.0740526, 22.5343567], [114.0739315, 22.5344416], [114.0738602, 22.5343549]]]]}}, {"type": "Feature", "id": "way/1430205698", "properties": {"tags": {"building": "apartments"}, "heightStatus": "unknown", "source": "OpenStreetMap", "license": "ODbL-1.0"}, "geometry": {"type": "MultiPolygon", "coordinates": [[[[114.0744507, 22.5337745], [114.0745718, 22.5336896], [114.0746431, 22.5337764], [114.074522, 22.5338613], [114.0744507, 22.5337745]]]]}}, {"type": "Feature", "id": "way/1430205699", "properties": {"tags": {"building": "apartments"}, "heightStatus": "unknown", "source": "OpenStreetMap", "license": "ODbL-1.0"}, "geometry": {"type": "MultiPolygon", "coordinates": [[[[114.0745375, 22.5338802], [114.0746586, 22.5337953], [114.0747299, 22.533882], [114.0746088, 22.5339669], [114.0745375, 22.5338802]]]]}}, {"type": "Feature", "id": "way/1430205700", "properties": {"tags": {"building": "apartments"}, "heightStatus": "unknown", "source": "OpenStreetMap", "license": "ODbL-1.0"}, "geometry": {"type": "MultiPolygon", "coordinates": [[[[114.0744318, 22.5347914], [114.0745529, 22.5347065], [114.0746242, 22.5347932], [114.0745031, 22.5348782], [114.0744318, 22.5347914]]]]}}, {"type": "Feature", "id": "way/1430205701", "properties": {"tags": {"building": "apartments"}, "heightStatus": "unknown", "source": "OpenStreetMap", "license": "ODbL-1.0"}, "geometry": {"type": "MultiPolygon", "coordinates": [[[[114.0740845, 22.5343688], [114.0742057, 22.5342839], [114.0742769, 22.5343707], [114.0741558, 22.5344556], [114.0740845, 22.5343688]]]]}}, {"type": "Feature", "id": "way/1430205702", "properties": {"tags": {"building": "apartments"}, "heightStatus": "unknown", "source": "OpenStreetMap", "license": "ODbL-1.0"}, "geometry": {"type": "MultiPolygon", "coordinates": [[[[114.0741713, 22.5344745], [114.0742925, 22.5343896], [114.0743638, 22.5344763], [114.0742426, 22.5345612], [114.0741713, 22.5344745]]]]}}, {"type": "Feature", "id": "way/1430205703", "properties": {"tags": {"building": "apartments"}, "heightStatus": "unknown", "source": "OpenStreetMap", "license": "ODbL-1.0"}, "geometry": {"type": "MultiPolygon", "coordinates": [[[[114.0742582, 22.5345801], [114.0743793, 22.5344952], [114.0744506, 22.534582], [114.0743295, 22.5346669], [114.0742582, 22.5345801]]]]}}, {"type": "Feature", "id": "way/1430205704", "properties": {"tags": {"building": "apartments"}, "heightStatus": "unknown", "source": "OpenStreetMap", "license": "ODbL-1.0"}, "geometry": {"type": "MultiPolygon", "coordinates": [[[[114.0738165, 22.5345582], [114.0739376, 22.5344733], [114.0740089, 22.53456], [114.0738878, 22.5346449], [114.0738165, 22.5345582]]]]}}, {"type": "Feature", "id": "way/1430205705", "properties": {"tags": {"building": "apartments"}, "heightStatus": "unknown", "source": "OpenStreetMap", "license": "ODbL-1.0"}, "geometry": {"type": "MultiPolygon", "coordinates": [[[[114.0739033, 22.5346638], [114.0740244, 22.5345789], [114.0740957, 22.5346657], [114.0739746, 22.5347506], [114.0739033, 22.5346638]]]]}}, {"type": "Feature", "id": "way/1430205706", "properties": {"tags": {"building": "apartments"}, "heightStatus": "unknown", "source": "OpenStreetMap", "license": "ODbL-1.0"}, "geometry": {"type": "MultiPolygon", "coordinates": [[[[114.0739901, 22.5347695], [114.0741112, 22.5346846], [114.0741825, 22.5347713], [114.0740614, 22.5348562], [114.0739901, 22.5347695]]]]}}, {"type": "Feature", "id": "way/1430205707", "properties": {"tags": {"building": "apartments"}, "heightStatus": "unknown", "source": "OpenStreetMap", "license": "ODbL-1.0"}, "geometry": {"type": "MultiPolygon", "coordinates": [[[[114.0740769, 22.5348751], [114.074198, 22.5347902], [114.0742693, 22.534877], [114.0741482, 22.5349619], [114.0740769, 22.5348751]]]]}}, {"type": "Feature", "id": "way/1430205708", "properties": {"tags": {"building": "apartments"}, "heightStatus": "unknown", "source": "OpenStreetMap", "license": "ODbL-1.0"}, "geometry": {"type": "MultiPolygon", "coordinates": [[[[114.0741637, 22.5349808], [114.0742848, 22.5348958], [114.0743561, 22.5349826], [114.074235, 22.5350675], [114.0741637, 22.5349808]]]]}}, {"type": "Feature", "id": "way/1430205709", "properties": {"tags": {"building": "apartments"}, "heightStatus": "unknown", "source": "OpenStreetMap", "license": "ODbL-1.0"}, "geometry": {"type": "MultiPolygon", "coordinates": [[[[114.0739505, 22.534464], [114.0740716, 22.5343791], [114.0741429, 22.5344658], [114.0740218, 22.5345507], [114.0739505, 22.534464]]]]}}, {"type": "Feature", "id": "way/1430205710", "properties": {"tags": {"building": "apartments"}, "heightStatus": "unknown", "source": "OpenStreetMap", "license": "ODbL-1.0"}, "geometry": {"type": "MultiPolygon", "coordinates": [[[[114.0740373, 22.5345696], [114.0741585, 22.5344847], [114.0742298, 22.5345715], [114.0741086, 22.5346564], [114.0740373, 22.5345696]]]]}}, {"type": "Feature", "id": "way/1430205711", "properties": {"tags": {"building": "apartments"}, "heightStatus": "unknown", "source": "OpenStreetMap", "license": "ODbL-1.0"}, "geometry": {"type": "MultiPolygon", "coordinates": [[[[114.0741242, 22.5346753], [114.0742453, 22.5345904], [114.0743166, 22.5346771], [114.0741954, 22.534762], [114.0741242, 22.5346753]]]]}}, {"type": "Feature", "id": "way/1430205712", "properties": {"tags": {"building": "apartments"}, "heightStatus": "unknown", "source": "OpenStreetMap", "license": "ODbL-1.0"}, "geometry": {"type": "MultiPolygon", "coordinates": [[[[114.074211, 22.5347809], [114.0743321, 22.534696], [114.0744034, 22.5347828], [114.0742823, 22.5348677], [114.074211, 22.5347809]]]]}}, {"type": "Feature", "id": "way/1430205713", "properties": {"tags": {"building": "apartments"}, "heightStatus": "unknown", "source": "OpenStreetMap", "license": "ODbL-1.0"}, "geometry": {"type": "MultiPolygon", "coordinates": [[[[114.0742978, 22.5348866], [114.0744189, 22.5348016], [114.0744902, 22.5348884], [114.0743691, 22.5349733], [114.0742978, 22.5348866]]]]}}, {"type": "Feature", "id": "way/1430205714", "properties": {"tags": {"building": "apartments"}, "heightStatus": "unknown", "source": "OpenStreetMap", "license": "ODbL-1.0"}, "geometry": {"type": "MultiPolygon", "coordinates": [[[[114.074345, 22.5346857], [114.0744661, 22.5346008], [114.0745374, 22.5346876], [114.0744163, 22.5347725], [114.074345, 22.5346857]]]]}}, {"type": "Feature", "id": "way/1430205715", "properties": {"tags": {"building": "apartments"}, "heightStatus": "unknown", "source": "OpenStreetMap", "license": "ODbL-1.0"}, "geometry": {"type": "MultiPolygon", "coordinates": [[[[114.0750309, 22.5337071], [114.075152, 22.5336222], [114.0752233, 22.533709], [114.0751022, 22.5337939], [114.0750309, 22.5337071]]]]}}, {"type": "Feature", "id": "way/1430205716", "properties": {"tags": {"building": "apartments"}, "heightStatus": "unknown", "source": "OpenStreetMap", "license": "ODbL-1.0"}, "geometry": {"type": "MultiPolygon", "coordinates": [[[[114.0753781, 22.5341297], [114.0754992, 22.5340448], [114.0755705, 22.5341316], [114.0754494, 22.5342165], [114.0753781, 22.5341297]]]]}}, {"type": "Feature", "id": "way/1430205717", "properties": {"tags": {"building": "apartments"}, "heightStatus": "unknown", "source": "OpenStreetMap", "license": "ODbL-1.0"}, "geometry": {"type": "MultiPolygon", "coordinates": [[[[114.0752441, 22.5342249], [114.0753652, 22.53414], [114.0754365, 22.5342267], [114.0753154, 22.5343116], [114.0752441, 22.5342249]]]]}}, {"type": "Feature", "id": "way/1430205718", "properties": {"tags": {"building": "apartments"}, "heightStatus": "unknown", "source": "OpenStreetMap", "license": "ODbL-1.0"}, "geometry": {"type": "MultiPolygon", "coordinates": [[[[114.0744861, 22.5345898], [114.0746072, 22.5345049], [114.0746785, 22.5345916], [114.0745574, 22.5346765], [114.0744861, 22.5345898]]]]}}, {"type": "Feature", "id": "way/1430205719", "properties": {"tags": {"building": "apartments"}, "heightStatus": "unknown", "source": "OpenStreetMap", "license": "ODbL-1.0"}, "geometry": {"type": "MultiPolygon", "coordinates": [[[[114.0745729, 22.5346954], [114.074694, 22.5346105], [114.0747653, 22.5346973], [114.0746442, 22.5347822], [114.0745729, 22.5346954]]]]}}, {"type": "Feature", "id": "way/1430205720", "properties": {"tags": {"building": "apartments"}, "heightStatus": "unknown", "source": "OpenStreetMap", "license": "ODbL-1.0"}, "geometry": {"type": "MultiPolygon", "coordinates": [[[[114.0748969, 22.5338023], [114.075018, 22.5337174], [114.0750893, 22.5338042], [114.0749681, 22.5338891], [114.0748969, 22.5338023]]]]}}, {"type": "Feature", "id": "way/1430205721", "properties": {"tags": {"building": "apartments"}, "heightStatus": "unknown", "source": "OpenStreetMap", "license": "ODbL-1.0"}, "geometry": {"type": "MultiPolygon", "coordinates": [[[[114.0750232, 22.5342134], [114.0751443, 22.5341285], [114.0752156, 22.5342153], [114.0750945, 22.5343002], [114.0750232, 22.5342134]]]]}}, {"type": "Feature", "id": "way/1430205722", "properties": {"tags": {"building": "apartments"}, "heightStatus": "unknown", "source": "OpenStreetMap", "license": "ODbL-1.0"}, "geometry": {"type": "MultiPolygon", "coordinates": [[[[114.0749837, 22.5339079], [114.0751048, 22.533823], [114.0751761, 22.5339098], [114.075055, 22.5339947], [114.0749837, 22.5339079]]]]}}, {"type": "Feature", "id": "way/1430205723", "properties": {"tags": {"building": "apartments"}, "heightStatus": "unknown", "source": "OpenStreetMap", "license": "ODbL-1.0"}, "geometry": {"type": "MultiPolygon", "coordinates": [[[[114.07511, 22.5343191], [114.0752311, 22.5342342], [114.0753024, 22.5343209], [114.0751813, 22.5344058], [114.07511, 22.5343191]]]]}}, {"type": "Feature", "id": "way/1430205724", "properties": {"tags": {"building": "apartments"}, "heightStatus": "unknown", "source": "OpenStreetMap", "license": "ODbL-1.0"}, "geometry": {"type": "MultiPolygon", "coordinates": [[[[114.0750705, 22.5340136], [114.0751916, 22.5339287], [114.0752629, 22.5340154], [114.0751418, 22.5341004], [114.0750705, 22.5340136]]]]}}, {"type": "Feature", "id": "way/1430205725", "properties": {"tags": {"building": "apartments"}, "heightStatus": "unknown", "source": "OpenStreetMap", "license": "ODbL-1.0"}, "geometry": {"type": "MultiPolygon", "coordinates": [[[[114.0751573, 22.5341192], [114.0752784, 22.5340343], [114.0753497, 22.5341211], [114.0752286, 22.534206], [114.0751573, 22.5341192]]]]}}, {"type": "Feature", "id": "way/1430205726", "properties": {"tags": {"building": "apartments"}, "heightStatus": "unknown", "source": "OpenStreetMap", "license": "ODbL-1.0"}, "geometry": {"type": "MultiPolygon", "coordinates": [[[[114.0752913, 22.5340241], [114.0754124, 22.5339392], [114.0754837, 22.5340259], [114.0753626, 22.5341108], [114.0752913, 22.5340241]]]]}}, {"type": "Feature", "id": "way/1430205727", "properties": {"tags": {"building": "apartments"}, "heightStatus": "unknown", "source": "OpenStreetMap", "license": "ODbL-1.0"}, "geometry": {"type": "MultiPolygon", "coordinates": [[[[114.0743597, 22.5341786], [114.0744809, 22.5340937], [114.0745522, 22.5341805], [114.074431, 22.5342654], [114.0743597, 22.5341786]]]]}}, {"type": "Feature", "id": "way/1430205728", "properties": {"tags": {"building": "apartments"}, "heightStatus": "unknown", "source": "OpenStreetMap", "license": "ODbL-1.0"}, "geometry": {"type": "MultiPolygon", "coordinates": [[[[114.0744465, 22.5342843], [114.0745677, 22.5341994], [114.074639, 22.5342861], [114.0745178, 22.534371], [114.0744465, 22.5342843]]]]}}, {"type": "Feature", "id": "way/1430205729", "properties": {"tags": {"building": "apartments"}, "heightStatus": "unknown", "source": "OpenStreetMap", "license": "ODbL-1.0"}, "geometry": {"type": "MultiPolygon", "coordinates": [[[[114.0745334, 22.5343899], [114.0746545, 22.534305], [114.0747258, 22.5343918], [114.0746047, 22.5344767], [114.0745334, 22.5343899]]]]}}, {"type": "Feature", "id": "way/1430205730", "properties": {"tags": {"building": "apartments"}, "heightStatus": "unknown", "source": "OpenStreetMap", "license": "ODbL-1.0"}, "geometry": {"type": "MultiPolygon", "coordinates": [[[[114.0746202, 22.5344956], [114.0747413, 22.5344107], [114.0748126, 22.5344974], [114.0746915, 22.5345823], [114.0746202, 22.5344956]]]]}}, {"type": "Feature", "id": "way/1430205731", "properties": {"tags": {"building": "apartments"}, "heightStatus": "unknown", "source": "OpenStreetMap", "license": "ODbL-1.0"}, "geometry": {"type": "MultiPolygon", "coordinates": [[[[114.074707, 22.5346012], [114.0748281, 22.5345163], [114.0748994, 22.5346031], [114.0747783, 22.534688], [114.074707, 22.5346012]]]]}}, {"type": "Feature", "id": "way/1430205732", "properties": {"tags": {"building": "apartments"}, "heightStatus": "unknown", "source": "OpenStreetMap", "license": "ODbL-1.0"}, "geometry": {"type": "MultiPolygon", "coordinates": [[[[114.0751177, 22.5338128], [114.0752388, 22.5337279], [114.0753101, 22.5338146], [114.075189, 22.5338995], [114.0751177, 22.5338128]]]]}}, {"type": "Feature", "id": "way/1430205733", "properties": {"tags": {"building": "apartments"}, "heightStatus": "unknown", "source": "OpenStreetMap", "license": "ODbL-1.0"}, "geometry": {"type": "MultiPolygon", "coordinates": [[[[114.0752045, 22.5339184], [114.0753256, 22.5338335], [114.0753969, 22.5339203], [114.0752758, 22.5340052], [114.0752045, 22.5339184]]]]}}, {"type": "Feature", "id": "way/1430205734", "properties": {"tags": {"building": "apartments"}, "heightStatus": "unknown", "source": "OpenStreetMap", "license": "ODbL-1.0"}, "geometry": {"type": "MultiPolygon", "coordinates": [[[[114.0747628, 22.5338965], [114.0748839, 22.5338116], [114.0749552, 22.5338984], [114.0748341, 22.5339833], [114.0747628, 22.5338965]]]]}}, {"type": "Feature", "id": "way/1430205735", "properties": {"tags": {"building": "apartments"}, "heightStatus": "unknown", "source": "OpenStreetMap", "license": "ODbL-1.0"}, "geometry": {"type": "MultiPolygon", "coordinates": [[[[114.0748496, 22.5340021], [114.0749707, 22.5339172], [114.075042, 22.534004], [114.0749209, 22.5340889], [114.0748496, 22.5340021]]]]}}, {"type": "Feature", "id": "way/1430205736", "properties": {"tags": {"building": "apartments"}, "heightStatus": "unknown", "source": "OpenStreetMap", "license": "ODbL-1.0"}, "geometry": {"type": "MultiPolygon", "coordinates": [[[[114.0746278, 22.5339893], [114.0747489, 22.5339044], [114.0748202, 22.5339911], [114.0746991, 22.534076], [114.0746278, 22.5339893]]]]}}, {"type": "Feature", "id": "way/1430205737", "properties": {"tags": {"building": "apartments"}, "heightStatus": "unknown", "source": "OpenStreetMap", "license": "ODbL-1.0"}, "geometry": {"type": "MultiPolygon", "coordinates": [[[[114.0749364, 22.5341078], [114.0750575, 22.5340229], [114.0751288, 22.5341096], [114.0750077, 22.5341946], [114.0749364, 22.5341078]]]]}}, {"type": "Feature", "id": "way/1430205738", "properties": {"tags": {"building": "apartments"}, "heightStatus": "unknown", "source": "OpenStreetMap", "license": "ODbL-1.0"}, "geometry": {"type": "MultiPolygon", "coordinates": [[[[114.0747542, 22.5344004], [114.0748753, 22.5343155], [114.0749466, 22.5344023], [114.0748255, 22.5344872], [114.0747542, 22.5344004]]]]}}, {"type": "Feature", "id": "way/1430205739", "properties": {"tags": {"building": "apartments"}, "heightStatus": "unknown", "source": "OpenStreetMap", "license": "ODbL-1.0"}, "geometry": {"type": "MultiPolygon", "coordinates": [[[[114.0747146, 22.5340949], [114.0748357, 22.53401], [114.074907, 22.5340968], [114.0747859, 22.5341817], [114.0747146, 22.5340949]]]]}}, {"type": "Feature", "id": "way/1430205740", "properties": {"tags": {"building": "apartments"}, "heightStatus": "unknown", "source": "OpenStreetMap", "license": "ODbL-1.0"}, "geometry": {"type": "MultiPolygon", "coordinates": [[[[114.074841, 22.5345061], [114.0749621, 22.5344211], [114.0750334, 22.5345079], [114.0749123, 22.5345928], [114.074841, 22.5345061]]]]}}, {"type": "Feature", "id": "way/1430205741", "properties": {"tags": {"building": "apartments"}, "heightStatus": "unknown", "source": "OpenStreetMap", "license": "ODbL-1.0"}, "geometry": {"type": "MultiPolygon", "coordinates": [[[[114.0748014, 22.5342006], [114.0749225, 22.5341157], [114.0749938, 22.5342024], [114.0748727, 22.5342873], [114.0748014, 22.5342006]]]]}}, {"type": "Feature", "id": "way/1430205742", "properties": {"tags": {"building": "apartments"}, "heightStatus": "unknown", "source": "OpenStreetMap", "license": "ODbL-1.0"}, "geometry": {"type": "MultiPolygon", "coordinates": [[[[114.0748882, 22.5343062], [114.0750094, 22.5342213], [114.0750806, 22.5343081], [114.0749595, 22.534393], [114.0748882, 22.5343062]]]]}}, {"type": "Feature", "id": "way/1430205743", "properties": {"tags": {"building": "apartments"}, "heightStatus": "unknown", "source": "OpenStreetMap", "license": "ODbL-1.0"}, "geometry": {"type": "MultiPolygon", "coordinates": [[[[114.074975, 22.5344118], [114.0750962, 22.5343269], [114.0751675, 22.5344137], [114.0750463, 22.5344986], [114.074975, 22.5344118]]]]}}, {"type": "Feature", "id": "way/1430205744", "properties": {"tags": {"building": "apartments"}, "heightStatus": "unknown", "source": "OpenStreetMap", "license": "ODbL-1.0"}, "geometry": {"type": "MultiPolygon", "coordinates": [[[[114.0744937, 22.5340835], [114.0746149, 22.5339986], [114.0746862, 22.5340853], [114.074565, 22.5341702], [114.0744937, 22.5340835]]]]}}, {"type": "Feature", "id": "way/1430205745", "properties": {"tags": {"building": "apartments"}, "heightStatus": "unknown", "source": "OpenStreetMap", "license": "ODbL-1.0"}, "geometry": {"type": "MultiPolygon", "coordinates": [[[[114.0745806, 22.5341891], [114.0747017, 22.5341042], [114.074773, 22.534191], [114.0746518, 22.5342759], [114.0745806, 22.5341891]]]]}}, {"type": "Feature", "id": "way/1430205746", "properties": {"tags": {"building": "apartments"}, "heightStatus": "unknown", "source": "OpenStreetMap", "license": "ODbL-1.0"}, "geometry": {"type": "MultiPolygon", "coordinates": [[[[114.0746674, 22.5342948], [114.0747885, 22.5342099], [114.0748598, 22.5342966], [114.0747387, 22.5343815], [114.0746674, 22.5342948]]]]}}, {"type": "Feature", "id": "way/1430205747", "properties": {"tags": {"building": "apartments"}, "heightStatus": "unknown", "source": "OpenStreetMap", "license": "ODbL-1.0"}, "geometry": {"type": "MultiPolygon", "coordinates": [[[[114.0742257, 22.5342728], [114.0743468, 22.5341879], [114.0744181, 22.5342747], [114.074297, 22.5343596], [114.0742257, 22.5342728]]]]}}, {"type": "Feature", "id": "way/1430205748", "properties": {"tags": {"building": "apartments"}, "heightStatus": "unknown", "source": "OpenStreetMap", "license": "ODbL-1.0"}, "geometry": {"type": "MultiPolygon", "coordinates": [[[[114.0743125, 22.5343785], [114.0744336, 22.5342936], [114.0745049, 22.5343803], [114.0743838, 22.5344652], [114.0743125, 22.5343785]]]]}}, {"type": "Feature", "id": "way/1430205749", "properties": {"tags": {"building": "apartments"}, "heightStatus": "unknown", "source": "OpenStreetMap", "license": "ODbL-1.0"}, "geometry": {"type": "MultiPolygon", "coordinates": [[[[114.0743993, 22.5344841], [114.0745204, 22.5343992], [114.0745917, 22.534486], [114.0744706, 22.5345709], [114.0743993, 22.5344841]]]]}}, {"type": "Feature", "id": "way/1430205750", "properties": {"tags": {"building": "apartments"}, "heightStatus": "unknown", "source": "OpenStreetMap", "license": "ODbL-1.0"}, "geometry": {"type": "MultiPolygon", "coordinates": [[[[114.0763211, 22.5326741], [114.0763905, 22.5326191], [114.0764674, 22.5327017], [114.076398, 22.5327567], [114.0763211, 22.5326741]]]]}}, {"type": "Feature", "id": "way/1430205751", "properties": {"tags": {"building": "apartments"}, "heightStatus": "unknown", "source": "OpenStreetMap", "license": "ODbL-1.0"}, "geometry": {"type": "MultiPolygon", "coordinates": [[[[114.0767089, 22.5330906], [114.0767803, 22.5330333], [114.0768576, 22.5331154], [114.0767862, 22.5331727], [114.0767089, 22.5330906]]]]}}, {"type": "Feature", "id": "way/1430205752", "properties": {"tags": {"building": "apartments"}, "heightStatus": "unknown", "source": "OpenStreetMap", "license": "ODbL-1.0"}, "geometry": {"type": "MultiPolygon", "coordinates": [[[[114.0766152, 22.5329892], [114.0766858, 22.5329333], [114.0767625, 22.533016], [114.076692, 22.5330719], [114.0766152, 22.5329892]]]]}}, {"type": "Feature", "id": "way/1430205753", "properties": {"tags": {"building": "apartments"}, "heightStatus": "unknown", "source": "OpenStreetMap", "license": "ODbL-1.0"}, "geometry": {"type": "MultiPolygon", "coordinates": [[[[114.0765215, 22.5328885], [114.0765923, 22.5328328], [114.0766691, 22.5329154], [114.0765983, 22.5329711], [114.0765215, 22.5328885]]]]}}, {"type": "Feature", "id": "way/1430205754", "properties": {"tags": {"building": "apartments"}, "heightStatus": "unknown", "source": "OpenStreetMap", "license": "ODbL-1.0"}, "geometry": {"type": "MultiPolygon", "coordinates": [[[[114.076428, 22.5327879], [114.0764987, 22.5327322], [114.0765756, 22.5328148], [114.0765048, 22.5328705], [114.076428, 22.5327879]]]]}}, {"type": "Feature", "id": "way/1430205755", "properties": {"tags": {"building": "apartments"}, "heightStatus": "unknown", "source": "OpenStreetMap", "license": "ODbL-1.0"}, "geometry": {"type": "MultiPolygon", "coordinates": [[[[114.0771623, 22.5327286], [114.0772381, 22.5326684], [114.0773149, 22.532751], [114.0772391, 22.5328112], [114.0771623, 22.5327286]]]]}}, {"type": "Feature", "id": "way/1430205756", "properties": {"tags": {"building": "apartments"}, "heightStatus": "unknown", "source": "OpenStreetMap", "license": "ODbL-1.0"}, "geometry": {"type": "MultiPolygon", "coordinates": [[[[114.0767734, 22.5323136], [114.0768215, 22.5322755], [114.0768983, 22.5323581], [114.0768502, 22.5323962], [114.0767734, 22.5323136]]]]}}, {"type": "Feature", "id": "way/1430205757", "properties": {"tags": {"building": "apartments"}, "heightStatus": "unknown", "source": "OpenStreetMap", "license": "ODbL-1.0"}, "geometry": {"type": "MultiPolygon", "coordinates": [[[[114.0765182, 22.5325176], [114.0766335, 22.5324261], [114.0767104, 22.5325087], [114.076595, 22.5326002], [114.0765182, 22.5325176]]]]}}, {"type": "Feature", "id": "way/1430205758", "properties": {"tags": {"building": "apartments"}, "heightStatus": "unknown", "source": "OpenStreetMap", "license": "ODbL-1.0"}, "geometry": {"type": "MultiPolygon", "coordinates": [[[[114.0766858, 22.5329333], [114.0768012, 22.5328419], [114.076878, 22.5329246], [114.0767625, 22.533016], [114.0766858, 22.5329333]]]]}}, {"type": "Feature", "id": "way/1430205759", "properties": {"tags": {"building": "apartments"}, "heightStatus": "unknown", "source": "OpenStreetMap", "license": "ODbL-1.0"}, "geometry": {"type": "MultiPolygon", "coordinates": [[[[114.0766264, 22.5326307], [114.0767417, 22.5325392], [114.0768186, 22.5326218], [114.0767032, 22.5327133], [114.0766264, 22.5326307]]]]}}, {"type": "Feature", "id": "way/1430205760", "properties": {"tags": {"building": "apartments"}, "heightStatus": "unknown", "source": "OpenStreetMap", "license": "ODbL-1.0"}, "geometry": {"type": "MultiPolygon", "coordinates": [[[[114.0767803, 22.5330333], [114.0768939, 22.5329421], [114.0769712, 22.5330242], [114.0768576, 22.5331154], [114.0767803, 22.5330333]]]]}}, {"type": "Feature", "id": "way/1430205761", "properties": {"tags": {"building": "apartments"}, "heightStatus": "unknown", "source": "OpenStreetMap", "license": "ODbL-1.0"}, "geometry": {"type": "MultiPolygon", "coordinates": [[[[114.0767199, 22.5327313], [114.0768353, 22.5326398], [114.0769121, 22.5327224], [114.0767968, 22.5328139], [114.0767199, 22.5327313]]]]}}, {"type": "Feature", "id": "way/1430205762", "properties": {"tags": {"building": "apartments"}, "heightStatus": "unknown", "source": "OpenStreetMap", "license": "ODbL-1.0"}, "geometry": {"type": "MultiPolygon", "coordinates": [[[[114.0768135, 22.5328319], [114.0769288, 22.5327404], [114.0770057, 22.532823], [114.0768903, 22.5329145], [114.0768135, 22.5328319]]]]}}, {"type": "Feature", "id": "way/1430205763", "properties": {"tags": {"building": "apartments"}, "heightStatus": "unknown", "source": "OpenStreetMap", "license": "ODbL-1.0"}, "geometry": {"type": "MultiPolygon", "coordinates": [[[[114.076907, 22.5329325], [114.0770224, 22.532841], [114.0770992, 22.5329237], [114.0769839, 22.5330152], [114.076907, 22.5329325]]]]}}, {"type": "Feature", "id": "way/1430205764", "properties": {"tags": {"building": "apartments"}, "heightStatus": "unknown", "source": "OpenStreetMap", "license": "ODbL-1.0"}, "geometry": {"type": "MultiPolygon", "coordinates": [[[[114.076941, 22.5327295], [114.0770564, 22.532638], [114.0771332, 22.5327206], [114.0770179, 22.5328121], [114.076941, 22.5327295]]]]}}, {"type": "Feature", "id": "way/1430205765", "properties": {"tags": {"building": "apartments"}, "heightStatus": "unknown", "source": "OpenStreetMap", "license": "ODbL-1.0"}, "geometry": {"type": "MultiPolygon", "coordinates": [[[[114.0768816, 22.5324267], [114.0769575, 22.5323666], [114.0770343, 22.5324492], [114.0769584, 22.5325094], [114.0768816, 22.5324267]]]]}}, {"type": "Feature", "id": "way/1430205766", "properties": {"tags": {"building": "apartments"}, "heightStatus": "unknown", "source": "OpenStreetMap", "license": "ODbL-1.0"}, "geometry": {"type": "MultiPolygon", "coordinates": [[[[114.0770346, 22.5328301], [114.0771499, 22.5327386], [114.0772268, 22.5328212], [114.0771114, 22.5329127], [114.0770346, 22.5328301]]]]}}, {"type": "Feature", "id": "way/1430205767", "properties": {"tags": {"building": "apartments"}, "heightStatus": "unknown", "source": "OpenStreetMap", "license": "ODbL-1.0"}, "geometry": {"type": "MultiPolygon", "coordinates": [[[[114.0769752, 22.5325273], [114.077051, 22.5324672], [114.0771278, 22.5325498], [114.077052, 22.53261], [114.0769752, 22.5325273]]]]}}, {"type": "Feature", "id": "way/1430205768", "properties": {"tags": {"building": "apartments"}, "heightStatus": "unknown", "source": "OpenStreetMap", "license": "ODbL-1.0"}, "geometry": {"type": "MultiPolygon", "coordinates": [[[[114.0770687, 22.532628], [114.0771446, 22.5325678], [114.0772214, 22.5326504], [114.0771455, 22.5327106], [114.0770687, 22.532628]]]]}}, {"type": "Feature", "id": "way/1430205769", "properties": {"tags": {"building": "apartments"}, "heightStatus": "unknown", "source": "OpenStreetMap", "license": "ODbL-1.0"}, "geometry": {"type": "MultiPolygon", "coordinates": [[[[114.0766457, 22.5324151], [114.0767611, 22.5323236], [114.0768379, 22.5324062], [114.0767226, 22.5324977], [114.0766457, 22.5324151]]]]}}, {"type": "Feature", "id": "way/1430205770", "properties": {"tags": {"building": "apartments"}, "heightStatus": "unknown", "source": "OpenStreetMap", "license": "ODbL-1.0"}, "geometry": {"type": "MultiPolygon", "coordinates": [[[[114.0767539, 22.5325282], [114.0768693, 22.5324367], [114.0769461, 22.5325194], [114.0768308, 22.5326109], [114.0767539, 22.5325282]]]]}}, {"type": "Feature", "id": "way/1430205771", "properties": {"tags": {"building": "apartments"}, "heightStatus": "unknown", "source": "OpenStreetMap", "license": "ODbL-1.0"}, "geometry": {"type": "MultiPolygon", "coordinates": [[[[114.0768475, 22.5326288], [114.0769628, 22.5325373], [114.0770397, 22.53262], [114.0769243, 22.5327115], [114.0768475, 22.5326288]]]]}}, {"type": "Feature", "id": "way/1430205772", "properties": {"tags": {"building": "apartments"}, "heightStatus": "unknown", "source": "OpenStreetMap", "license": "ODbL-1.0"}, "geometry": {"type": "MultiPolygon", "coordinates": [[[[114.0763905, 22.5326191], [114.0765059, 22.5325276], [114.0765827, 22.5326102], [114.0764674, 22.5327017], [114.0763905, 22.5326191]]]]}}, {"type": "Feature", "id": "way/1430205773", "properties": {"tags": {"building": "apartments"}, "heightStatus": "unknown", "source": "OpenStreetMap", "license": "ODbL-1.0"}, "geometry": {"type": "MultiPolygon", "coordinates": [[[[114.0764987, 22.5327322], [114.0766141, 22.5326407], [114.0766909, 22.5327233], [114.0765756, 22.5328148], [114.0764987, 22.5327322]]]]}}, {"type": "Feature", "id": "way/1430205774", "properties": {"tags": {"building": "apartments"}, "heightStatus": "unknown", "source": "OpenStreetMap", "license": "ODbL-1.0"}, "geometry": {"type": "MultiPolygon", "coordinates": [[[[114.0765923, 22.5328328], [114.0767076, 22.5327413], [114.0767845, 22.5328239], [114.0766691, 22.5329154], [114.0765923, 22.5328328]]]]}}, {"type": "Feature", "id": "way/1430205775", "properties": {"tags": {"building": "apartments"}, "heightStatus": "unknown", "source": "OpenStreetMap", "license": "ODbL-1.0"}, "geometry": {"type": "MultiPolygon", "coordinates": [[[[114.0761964, 22.5327931], [114.0763117, 22.5327016], [114.0763886, 22.5327842], [114.0762732, 22.5328757], [114.0761964, 22.5327931]]]]}}, {"type": "Feature", "id": "way/1430205776", "properties": {"tags": {"building": "apartments"}, "heightStatus": "unknown", "source": "OpenStreetMap", "license": "ODbL-1.0"}, "geometry": {"type": "MultiPolygon", "coordinates": [[[[114.0759412, 22.532997], [114.0760565, 22.5329055], [114.0761333, 22.5329882], [114.076018, 22.5330797], [114.0759412, 22.532997]]]]}}, {"type": "Feature", "id": "way/1430205777", "properties": {"tags": {"building": "apartments"}, "heightStatus": "unknown", "source": "OpenStreetMap", "license": "ODbL-1.0"}, "geometry": {"type": "MultiPolygon", "coordinates": [[[[114.0760941, 22.5334004], [114.0762095, 22.5333089], [114.0762863, 22.5333915], [114.076171, 22.533483], [114.0760941, 22.5334004]]]]}}, {"type": "Feature", "id": "way/1430205778", "properties": {"tags": {"building": "apartments"}, "heightStatus": "unknown", "source": "OpenStreetMap", "license": "ODbL-1.0"}, "geometry": {"type": "MultiPolygon", "coordinates": [[[[114.0760347, 22.5330976], [114.0761501, 22.5330061], [114.0762269, 22.5330888], [114.0761115, 22.5331803], [114.0760347, 22.5330976]]]]}}, {"type": "Feature", "id": "way/1430205779", "properties": {"tags": {"building": "apartments"}, "heightStatus": "unknown", "source": "OpenStreetMap", "license": "ODbL-1.0"}, "geometry": {"type": "MultiPolygon", "coordinates": [[[[114.0761877, 22.533501], [114.076303, 22.5334095], [114.0763799, 22.5334921], [114.0762645, 22.5335836], [114.0761877, 22.533501]]]]}}, {"type": "Feature", "id": "way/1430205780", "properties": {"tags": {"building": "apartments"}, "heightStatus": "unknown", "source": "OpenStreetMap", "license": "ODbL-1.0"}, "geometry": {"type": "MultiPolygon", "coordinates": [[[[114.0761283, 22.5331983], [114.0762436, 22.5331068], [114.0763204, 22.5331894], [114.0762051, 22.5332809], [114.0761283, 22.5331983]]]]}}, {"type": "Feature", "id": "way/1430205781", "properties": {"tags": {"building": "apartments"}, "heightStatus": "unknown", "source": "OpenStreetMap", "license": "ODbL-1.0"}, "geometry": {"type": "MultiPolygon", "coordinates": [[[[114.0762218, 22.5332989], [114.0763372, 22.5332074], [114.076414, 22.53329], [114.0762986, 22.5333815], [114.0762218, 22.5332989]]]]}}, {"type": "Feature", "id": "way/1430205782", "properties": {"tags": {"building": "apartments"}, "heightStatus": "unknown", "source": "OpenStreetMap", "license": "ODbL-1.0"}, "geometry": {"type": "MultiPolygon", "coordinates": [[[[114.0763154, 22.5333995], [114.0764307, 22.533308], [114.0765075, 22.5333906], [114.0763922, 22.5334821], [114.0763154, 22.5333995]]]]}}, {"type": "Feature", "id": "way/1430205783", "properties": {"tags": {"building": "apartments"}, "heightStatus": "unknown", "source": "OpenStreetMap", "license": "ODbL-1.0"}, "geometry": {"type": "MultiPolygon", "coordinates": [[[[114.0763494, 22.5331964], [114.0764647, 22.5331049], [114.0765415, 22.5331876], [114.0764262, 22.5332791], [114.0763494, 22.5331964]]]]}}, {"type": "Feature", "id": "way/1430205784", "properties": {"tags": {"building": "apartments"}, "heightStatus": "unknown", "source": "OpenStreetMap", "license": "ODbL-1.0"}, "geometry": {"type": "MultiPolygon", "coordinates": [[[[114.0762899, 22.5328937], [114.0764053, 22.5328022], [114.0764821, 22.5328848], [114.0763668, 22.5329763], [114.0762899, 22.5328937]]]]}}, {"type": "Feature", "id": "way/1430205785", "properties": {"tags": {"building": "apartments"}, "heightStatus": "unknown", "source": "OpenStreetMap", "license": "ODbL-1.0"}, "geometry": {"type": "MultiPolygon", "coordinates": [[[[114.0764429, 22.533297], [114.0765583, 22.5332055], [114.0766351, 22.5332882], [114.0765197, 22.5333797], [114.0764429, 22.533297]]]]}}, {"type": "Feature", "id": "way/1430205786", "properties": {"tags": {"building": "apartments"}, "heightStatus": "unknown", "source": "OpenStreetMap", "license": "ODbL-1.0"}, "geometry": {"type": "MultiPolygon", "coordinates": [[[[114.0763835, 22.5329943], [114.0764988, 22.5329028], [114.0765757, 22.5329854], [114.0764603, 22.5330769], [114.0763835, 22.5329943]]]]}}, {"type": "Feature", "id": "way/1430205787", "properties": {"tags": {"building": "apartments"}, "heightStatus": "unknown", "source": "OpenStreetMap", "license": "ODbL-1.0"}, "geometry": {"type": "MultiPolygon", "coordinates": [[[[114.076477, 22.5330949], [114.0765924, 22.5330034], [114.0766692, 22.5330861], [114.0765539, 22.5331776], [114.076477, 22.5330949]]]]}}, {"type": "Feature", "id": "way/1430205788", "properties": {"tags": {"building": "apartments"}, "heightStatus": "unknown", "source": "OpenStreetMap", "license": "ODbL-1.0"}, "geometry": {"type": "MultiPolygon", "coordinates": [[[[114.0765706, 22.5331955], [114.0766859, 22.533104], [114.0767628, 22.5331867], [114.0766474, 22.5332782], [114.0765706, 22.5331955]]]]}}, {"type": "Feature", "id": "way/1430205789", "properties": {"tags": {"building": "apartments"}, "heightStatus": "unknown", "source": "OpenStreetMap", "license": "ODbL-1.0"}, "geometry": {"type": "MultiPolygon", "coordinates": [[[[114.0760687, 22.5328946], [114.0761841, 22.5328031], [114.0762609, 22.5328857], [114.0761455, 22.5329772], [114.0760687, 22.5328946]]]]}}, {"type": "Feature", "id": "way/1430205790", "properties": {"tags": {"building": "apartments"}, "heightStatus": "unknown", "source": "OpenStreetMap", "license": "ODbL-1.0"}, "geometry": {"type": "MultiPolygon", "coordinates": [[[[114.0761623, 22.5329952], [114.0762776, 22.5329037], [114.0763544, 22.5329863], [114.0762391, 22.5330778], [114.0761623, 22.5329952]]]]}}, {"type": "Feature", "id": "way/1430205791", "properties": {"tags": {"building": "apartments"}, "heightStatus": "unknown", "source": "OpenStreetMap", "license": "ODbL-1.0"}, "geometry": {"type": "MultiPolygon", "coordinates": [[[[114.0762558, 22.5330958], [114.0763712, 22.5330043], [114.076448, 22.5330869], [114.0763326, 22.5331784], [114.0762558, 22.5330958]]]]}}, {"type": "Feature", "id": "way/1430205792", "properties": {"tags": {"building": "apartments"}, "heightStatus": "unknown", "source": "OpenStreetMap", "license": "ODbL-1.0"}, "geometry": {"type": "MultiPolygon", "coordinates": [[[[114.0758135, 22.5330985], [114.0759288, 22.533007], [114.0760057, 22.5330897], [114.0758903, 22.5331812], [114.0758135, 22.5330985]]]]}}, {"type": "Feature", "id": "way/1430205793", "properties": {"tags": {"building": "apartments"}, "heightStatus": "unknown", "source": "OpenStreetMap", "license": "ODbL-1.0"}, "geometry": {"type": "MultiPolygon", "coordinates": [[[[114.075907, 22.5331991], [114.0760224, 22.5331076], [114.0760992, 22.5331903], [114.0759839, 22.5332818], [114.075907, 22.5331991]]]]}}, {"type": "Feature", "id": "way/1430205794", "properties": {"tags": {"building": "apartments"}, "heightStatus": "unknown", "source": "OpenStreetMap", "license": "ODbL-1.0"}, "geometry": {"type": "MultiPolygon", "coordinates": [[[[114.0760006, 22.5332998], [114.0761159, 22.5332083], [114.0761928, 22.5332909], [114.0760774, 22.5333824], [114.0760006, 22.5332998]]]]}}, {"type": "Feature", "id": "way/1430205795", "properties": {"tags": {"building": "apartments"}, "heightStatus": "unknown", "source": "OpenStreetMap", "license": "ODbL-1.0"}, "geometry": {"type": "MultiPolygon", "coordinates": [[[[114.0756848, 22.5331987], [114.0758002, 22.5331072], [114.075877, 22.5331898], [114.0757616, 22.5332813], [114.0756848, 22.5331987]]]]}}, {"type": "Feature", "id": "way/1430205796", "properties": {"tags": {"building": "apartments"}, "heightStatus": "unknown", "source": "OpenStreetMap", "license": "ODbL-1.0"}, "geometry": {"type": "MultiPolygon", "coordinates": [[[[114.0758378, 22.533602], [114.0759531, 22.5335105], [114.07603, 22.5335931], [114.0759146, 22.5336846], [114.0758378, 22.533602]]]]}}, {"type": "Feature", "id": "way/1430205797", "properties": {"tags": {"building": "apartments"}, "heightStatus": "unknown", "source": "OpenStreetMap", "license": "ODbL-1.0"}, "geometry": {"type": "MultiPolygon", "coordinates": [[[[114.0757784, 22.5332993], [114.0758937, 22.5332078], [114.0759705, 22.5332904], [114.0758552, 22.5333819], [114.0757784, 22.5332993]]]]}}, {"type": "Feature", "id": "way/1430205798", "properties": {"tags": {"building": "apartments"}, "heightStatus": "unknown", "source": "OpenStreetMap", "license": "ODbL-1.0"}, "geometry": {"type": "MultiPolygon", "coordinates": [[[[114.0759313, 22.5337026], [114.0760467, 22.5336111], [114.0761235, 22.5336938], [114.0760082, 22.5337853], [114.0759313, 22.5337026]]]]}}, {"type": "Feature", "id": "way/1430205799", "properties": {"tags": {"building": "apartments"}, "heightStatus": "unknown", "source": "OpenStreetMap", "license": "ODbL-1.0"}, "geometry": {"type": "MultiPolygon", "coordinates": [[[[114.0758719, 22.5333999], [114.0759873, 22.5333084], [114.0760641, 22.533391], [114.0759487, 22.5334825], [114.0758719, 22.5333999]]]]}}, {"type": "Feature", "id": "way/1430205800", "properties": {"tags": {"building": "apartments"}, "heightStatus": "unknown", "source": "OpenStreetMap", "license": "ODbL-1.0"}, "geometry": {"type": "MultiPolygon", "coordinates": [[[[114.0759655, 22.5335005], [114.0760808, 22.533409], [114.0761576, 22.5334916], [114.0760423, 22.5335831], [114.0759655, 22.5335005]]]]}}, {"type": "Feature", "id": "way/1430205801", "properties": {"tags": {"building": "apartments"}, "heightStatus": "unknown", "source": "OpenStreetMap", "license": "ODbL-1.0"}, "geometry": {"type": "MultiPolygon", "coordinates": [[[[114.076059, 22.5336011], [114.0761744, 22.5335096], [114.0762512, 22.5335923], [114.0761358, 22.5336838], [114.076059, 22.5336011]]]]}}, {"type": "Feature", "id": "way/1430205802", "properties": {"tags": {"building": "apartments"}, "heightStatus": "unknown", "source": "OpenStreetMap", "license": "ODbL-1.0"}, "geometry": {"type": "MultiPolygon", "coordinates": [[[[114.0755571, 22.5333002], [114.0756725, 22.5332087], [114.0757493, 22.5332913], [114.075634, 22.5333828], [114.0755571, 22.5333002]]]]}}, {"type": "Feature", "id": "way/1430205803", "properties": {"tags": {"building": "apartments"}, "heightStatus": "unknown", "source": "OpenStreetMap", "license": "ODbL-1.0"}, "geometry": {"type": "MultiPolygon", "coordinates": [[[[114.0756507, 22.5334008], [114.075766, 22.5333093], [114.0758429, 22.5333919], [114.0757275, 22.5334834], [114.0756507, 22.5334008]]]]}}, {"type": "Feature", "id": "way/1430205804", "properties": {"tags": {"building": "apartments"}, "heightStatus": "unknown", "source": "OpenStreetMap", "license": "ODbL-1.0"}, "geometry": {"type": "MultiPolygon", "coordinates": [[[[114.0757442, 22.5335014], [114.0758596, 22.5334099], [114.0759364, 22.5334925], [114.0758211, 22.533584], [114.0757442, 22.5335014]]]]}}, {"type": "Feature", "id": "way/1430205805", "properties": {"tags": {"building": "apartments"}, "heightStatus": "unknown", "source": "OpenStreetMap", "license": "ODbL-1.0"}, "geometry": {"type": "MultiPolygon", "coordinates": [[[[114.0754296, 22.5334026], [114.0755449, 22.5333111], [114.0756218, 22.5333937], [114.0755064, 22.5334852], [114.0754296, 22.5334026]]]]}}, {"type": "Feature", "id": "way/1430205806", "properties": {"tags": {"building": "apartments"}, "heightStatus": "unknown", "source": "OpenStreetMap", "license": "ODbL-1.0"}, "geometry": {"type": "MultiPolygon", "coordinates": [[[[114.0755231, 22.5335032], [114.0756385, 22.5334117], [114.0757153, 22.5334944], [114.0756, 22.5335859], [114.0755231, 22.5335032]]]]}}, {"type": "Feature", "id": "way/1430205807", "properties": {"tags": {"building": "apartments"}, "heightStatus": "unknown", "source": "OpenStreetMap", "license": "ODbL-1.0"}, "geometry": {"type": "MultiPolygon", "coordinates": [[[[114.0756167, 22.5336038], [114.075732, 22.5335123], [114.0758089, 22.533595], [114.0756935, 22.5336865], [114.0756167, 22.5336038]]]]}}, {"type": "Feature", "id": "way/1430205808", "properties": {"tags": {"building": "apartments"}, "heightStatus": "unknown", "source": "OpenStreetMap", "license": "ODbL-1.0"}, "geometry": {"type": "MultiPolygon", "coordinates": [[[[114.0757102, 22.5337045], [114.0758256, 22.533613], [114.0759024, 22.5336956], [114.0757871, 22.5337871], [114.0757102, 22.5337045]]]]}}, {"type": "Feature", "id": "way/1430205809", "properties": {"tags": {"building": "apartments"}, "heightStatus": "unknown", "source": "OpenStreetMap", "license": "ODbL-1.0"}, "geometry": {"type": "MultiPolygon", "coordinates": [[[[114.0758038, 22.5338051], [114.0759191, 22.5337136], [114.075996, 22.5337962], [114.0758806, 22.5338877], [114.0758038, 22.5338051]]]]}}, {"type": "Feature", "id": "way/1430205810", "properties": {"tags": {"building": "apartments"}, "heightStatus": "unknown", "source": "OpenStreetMap", "license": "ODbL-1.0"}, "geometry": {"type": "MultiPolygon", "coordinates": [[[[114.0753019, 22.5335041], [114.0754173, 22.5334126], [114.0754941, 22.5334952], [114.0753788, 22.5335867], [114.0753019, 22.5335041]]]]}}, {"type": "Feature", "id": "way/1430205811", "properties": {"tags": {"building": "apartments"}, "heightStatus": "unknown", "source": "OpenStreetMap", "license": "ODbL-1.0"}, "geometry": {"type": "MultiPolygon", "coordinates": [[[[114.0753955, 22.5336047], [114.0755108, 22.5335132], [114.0755877, 22.5335959], [114.0754723, 22.5336874], [114.0753955, 22.5336047]]]]}}, {"type": "Feature", "id": "way/1430205812", "properties": {"tags": {"building": "apartments"}, "heightStatus": "unknown", "source": "OpenStreetMap", "license": "ODbL-1.0"}, "geometry": {"type": "MultiPolygon", "coordinates": [[[[114.075489, 22.5337053], [114.0756044, 22.5336138], [114.0756812, 22.5336965], [114.0755659, 22.533788], [114.075489, 22.5337053]]]]}}, {"type": "Feature", "id": "way/1430205813", "properties": {"tags": {"building": "apartments"}, "heightStatus": "unknown", "source": "OpenStreetMap", "license": "ODbL-1.0"}, "geometry": {"type": "MultiPolygon", "coordinates": [[[[114.0755826, 22.533806], [114.0756979, 22.5337145], [114.0757748, 22.5337971], [114.0756594, 22.5338886], [114.0755826, 22.533806]]]]}}, {"type": "Feature", "id": "way/1430205814", "properties": {"tags": {"building": "apartments"}, "heightStatus": "unknown", "source": "OpenStreetMap", "license": "ODbL-1.0"}, "geometry": {"type": "MultiPolygon", "coordinates": [[[[114.0756761, 22.5339066], [114.0757915, 22.5338151], [114.0758683, 22.5338977], [114.075753, 22.5339892], [114.0756761, 22.5339066]]]]}}, {"type": "Feature", "id": "way/1430205819", "properties": {"tags": {"addr:housename": "福滨新村", "addr:housename:zh": "福滨新村", "building": "apartments", "building:levels": "8", "name": "18栋", "name:zh": "18栋"}, "heightStatus": "levels_only_unverified", "source": "OpenStreetMap", "license": "ODbL-1.0"}, "geometry": {"type": "MultiPolygon", "coordinates": [[[[114.0737807, 22.5324236], [114.0737809, 22.5323381], [114.0742647, 22.5323388], [114.0742647, 22.5323568], [114.074431, 22.5323571], [114.074431, 22.5323781], [114.0745973, 22.5323784], [114.0745971, 22.5324648], [114.0744309, 22.5324646], [114.0744309, 22.5324436], [114.0742646, 22.5324433], [114.0742646, 22.5324243], [114.0737807, 22.5324236]]]]}}, {"type": "Feature", "id": "way/1430205821", "properties": {"tags": {"addr:housename": "福滨新村", "addr:housename:zh": "福滨新村", "building": "apartments", "building:levels": "8", "name": "16栋", "name:zh": "16栋"}, "heightStatus": "levels_only_unverified", "source": "OpenStreetMap", "license": "ODbL-1.0"}, "geometry": {"type": "MultiPolygon", "coordinates": [[[[114.0739345, 22.5329957], [114.0739346, 22.5329103], [114.0742752, 22.5329108], [114.0742753, 22.5328918], [114.0744416, 22.532892], [114.0744416, 22.532871], [114.0746079, 22.5328712], [114.0746078, 22.5329577], [114.0744415, 22.5329575], [114.0744414, 22.5329785], [114.0742751, 22.5329782], [114.0742751, 22.5329962], [114.0739345, 22.5329957]]]]}}, {"type": "Feature", "id": "way/1430205822", "properties": {"tags": {"addr:housename": "福滨新村", "addr:housename:zh": "福滨新村", "building": "apartments", "building:levels": "8", "name": "17栋", "name:zh": "17栋"}, "heightStatus": "levels_only_unverified", "source": "OpenStreetMap", "license": "ODbL-1.0"}, "geometry": {"type": "MultiPolygon", "coordinates": [[[[114.0739358, 22.532676], [114.0739359, 22.5325906], [114.0742766, 22.5325911], [114.0742765, 22.5326091], [114.0744428, 22.5326094], [114.0744428, 22.5326304], [114.0746091, 22.5326306], [114.074609, 22.5327171], [114.0744427, 22.5327168], [114.0744427, 22.5326958], [114.0742764, 22.5326956], [114.0742764, 22.5326765], [114.0739358, 22.532676]]]]}}, {"type": "Feature", "id": "way/1430205824", "properties": {"tags": {"addr:housename": "福滨新村", "addr:housename:zh": "福滨新村", "building": "apartments", "building:levels": "8", "name": "14栋", "name:zh": "14栋"}, "heightStatus": "levels_only_unverified", "source": "OpenStreetMap", "license": "ODbL-1.0"}, "geometry": {"type": "MultiPolygon", "coordinates": [[[[114.0738236, 22.5334622], [114.0738243, 22.5333758], [114.0739904, 22.533377], [114.0739902, 22.5333989], [114.0743185, 22.5334013], [114.0743187, 22.5333812], [114.0744852, 22.5333824], [114.0744844, 22.5334688], [114.0743185, 22.5334676], [114.0743183, 22.5334877], [114.0739901, 22.5334854], [114.0739903, 22.5334634], [114.0738236, 22.5334622]]]]}}, {"type": "Feature", "id": "way/1430205825", "properties": {"tags": {"addr:housename": "福滨新村", "addr:housename:zh": "福滨新村", "building": "apartments", "building:levels": "8", "name": "13栋", "name:zh": "13栋"}, "heightStatus": "levels_only_unverified", "source": "OpenStreetMap", "license": "ODbL-1.0"}, "geometry": {"type": "MultiPolygon", "coordinates": [[[[114.0738219, 22.5337222], [114.073822, 22.5336376], [114.0742383, 22.5336382], [114.0742384, 22.533585], [114.0743993, 22.5335852], [114.0743991, 22.5336782], [114.0742382, 22.533678], [114.0742381, 22.5337228], [114.0738219, 22.5337222]]]]}}, {"type": "Feature", "id": "way/1430205829", "properties": {"tags": {"addr:housename": "福滨新村", "addr:housename:zh": "福滨新村", "building": "apartments", "building:levels": "8", "name": "15栋", "name:zh": "15栋"}, "heightStatus": "levels_only_unverified", "source": "OpenStreetMap", "license": "ODbL-1.0"}, "geometry": {"type": "MultiPolygon", "coordinates": [[[[114.0737761, 22.5332173], [114.0737762, 22.5331308], [114.0739425, 22.533131], [114.0739425, 22.5331521], [114.0744414, 22.5331528], [114.0744414, 22.5331318], [114.0746077, 22.533132], [114.0746075, 22.5332185], [114.0744412, 22.5332183], [114.0744412, 22.5332393], [114.0739424, 22.5332385], [114.0739424, 22.5332175], [114.0737761, 22.5332173]]]]}}, {"type": "Feature", "id": "way/1430205830", "properties": {"tags": {"addr:housename": "皇福苑", "addr:housename:zh": "皇福苑", "building": "apartments", "name": "A栋", "name:zh": "A栋"}, "heightStatus": "unknown", "source": "OpenStreetMap", "license": "ODbL-1.0"}, "geometry": {"type": "MultiPolygon", "coordinates": [[[[114.0750175, 22.5312574], [114.0750191, 22.5312108], [114.0751163, 22.5312135], [114.0751171, 22.5311894], [114.0750782, 22.5311883], [114.075081, 22.5311061], [114.0752753, 22.5311116], [114.0752726, 22.5311938], [114.0752337, 22.5311927], [114.0752329, 22.5312168], [114.0753301, 22.5312196], [114.0753285, 22.5312662], [114.0753091, 22.5312656], [114.0753083, 22.5312899], [114.0750362, 22.5312822], [114.075037, 22.5312579], [114.0750175, 22.5312574]]]]}}, {"type": "Feature", "id": "way/1430205831", "properties": {"tags": {"addr:housename": "皇福苑", "addr:housename:zh": "皇福苑", "building": "apartments", "name": "B栋", "name:zh": "B栋"}, "heightStatus": "unknown", "source": "OpenStreetMap", "license": "ODbL-1.0"}, "geometry": {"type": "MultiPolygon", "coordinates": [[[[114.0750112, 22.5308749], [114.0750127, 22.5308283], [114.0751099, 22.530831], [114.0751107, 22.5308069], [114.0750719, 22.5308058], [114.0750746, 22.5307236], [114.0752689, 22.5307291], [114.0752662, 22.5308113], [114.0752273, 22.5308102], [114.0752265, 22.5308343], [114.0753237, 22.5308371], [114.0753222, 22.5308837], [114.0753027, 22.5308831], [114.0753019, 22.5309074], [114.0750298, 22.5308997], [114.0750306, 22.5308754], [114.0750112, 22.5308749]]]]}}, {"type": "Feature", "id": "way/1430205832", "properties": {"tags": {"addr:housename": "皇福苑", "addr:housename:zh": "皇福苑", "building": "apartments", "name": "C栋", "name:zh": "C栋"}, "heightStatus": "unknown", "source": "OpenStreetMap", "license": "ODbL-1.0"}, "geometry": {"type": "MultiPolygon", "coordinates": [[[[114.0753222, 22.5308837], [114.0753237, 22.5308371], [114.0754209, 22.5308399], [114.0754217, 22.5308157], [114.0753829, 22.5308146], [114.0753856, 22.5307324], [114.0755799, 22.5307379], [114.0755772, 22.5308201], [114.0755383, 22.530819], [114.0755375, 22.5308432], [114.0756347, 22.5308459], [114.0756332, 22.5308925], [114.0756137, 22.530892], [114.0756129, 22.5309162], [114.0753408, 22.5309085], [114.0753416, 22.5308842], [114.0753222, 22.5308837]]]]}}, {"type": "Feature", "id": "way/1430205834", "properties": {"tags": {"addr:housename": "皇岗边检生活区", "addr:housename:zh": "皇岗边检生活区", "building": "apartments", "name": "26栋", "name:zh": "26栋"}, "heightStatus": "unknown", "source": "OpenStreetMap", "license": "ODbL-1.0"}, "geometry": {"type": "MultiPolygon", "coordinates": [[[[114.0753895, 22.5304512], [114.0753905, 22.5303613], [114.0757093, 22.5303643], [114.0757099, 22.530312], [114.0758459, 22.5303132], [114.0758446, 22.5304319], [114.0757086, 22.5304306], [114.0757083, 22.5304542], [114.0753895, 22.5304512]]]]}}, {"type": "Feature", "id": "way/1430205835", "properties": {"tags": {"addr:housename": "皇岗边检生活区", "addr:housename:zh": "皇岗边检生活区", "building": "apartments", "name": "18栋", "name:zh": "18栋"}, "heightStatus": "unknown", "source": "OpenStreetMap", "license": "ODbL-1.0"}, "geometry": {"type": "MultiPolygon", "coordinates": [[[[114.0754277, 22.5292009], [114.0754294, 22.5291089], [114.0755775, 22.5291113], [114.0755783, 22.529067], [114.0757643, 22.52907], [114.0757652, 22.529026], [114.0758774, 22.5290278], [114.0758753, 22.5291393], [114.0757631, 22.5291375], [114.0757625, 22.5291659], [114.0755765, 22.5291629], [114.0755758, 22.5292033], [114.0754277, 22.5292009]]]]}}, {"type": "Feature", "id": "way/1430205836", "properties": {"tags": {"addr:housename": "皇岗边检生活区", "addr:housename:zh": "皇岗边检生活区", "building": "apartments", "name": "15栋", "name:zh": "15栋"}, "heightStatus": "unknown", "source": "OpenStreetMap", "license": "ODbL-1.0"}, "geometry": {"type": "MultiPolygon", "coordinates": [[[[114.0754166, 22.5299758], [114.0754176, 22.5298838], [114.0755355, 22.5298849], [114.075536, 22.5298416], [114.0756799, 22.5298429], [114.0756805, 22.529794], [114.0760063, 22.5297971], [114.0760053, 22.5298867], [114.0756788, 22.5298837], [114.0756781, 22.5299462], [114.0755348, 22.5299449], [114.0755345, 22.5299769], [114.0754166, 22.5299758]]]]}}, {"type": "Feature", "id": "way/1430205837", "properties": {"tags": {"addr:housename": "皇岗边检生活区", "addr:housename:zh": "皇岗边检生活区", "building": "apartments", "name": "14栋", "name:zh": "14栋"}, "heightStatus": "unknown", "source": "OpenStreetMap", "license": "ODbL-1.0"}, "geometry": {"type": "MultiPolygon", "coordinates": [[[[114.0754113, 22.5302378], [114.0754123, 22.5301458], [114.0755561, 22.5301472], [114.0755566, 22.5301039], [114.0757005, 22.5301052], [114.075701, 22.5300622], [114.0758431, 22.5300635], [114.0758422, 22.5301473], [114.0756994, 22.530146], [114.0756989, 22.530189], [114.0755556, 22.5301877], [114.0755551, 22.5302392], [114.0754113, 22.5302378]]]]}}, {"type": "Feature", "id": "way/1430205838", "properties": {"tags": {"addr:housename": "皇岗海关生活区", "addr:housename:zh": "皇岗海关生活区", "building": "apartments", "name": "25栋", "name:zh": "25栋"}, "heightStatus": "unknown", "source": "OpenStreetMap", "license": "ODbL-1.0"}, "geometry": {"type": "MultiPolygon", "coordinates": [[[[114.07437, 22.5293979], [114.0743715, 22.5293166], [114.0746855, 22.5293216], [114.0746839, 22.5294029], [114.0747282, 22.5294036], [114.0747256, 22.5295426], [114.0746294, 22.5295411], [114.074632, 22.5294021], [114.07437, 22.5293979]]]]}}, {"type": "Feature", "id": "way/1430205839", "properties": {"tags": {"addr:housename": "皇岗海关生活区", "addr:housename:zh": "皇岗海关生活区", "building": "apartments", "name": "24栋", "name:zh": "24栋"}, "heightStatus": "unknown", "source": "OpenStreetMap", "license": "ODbL-1.0"}, "geometry": {"type": "MultiPolygon", "coordinates": [[[[114.0743534, 22.5297317], [114.0743549, 22.5296503], [114.0747308, 22.5296563], [114.0747293, 22.5297376], [114.0743534, 22.5297317]]]]}}, {"type": "Feature", "id": "way/1430205840", "properties": {"tags": {"addr:housename": "皇岗海关生活区", "addr:housename:zh": "皇岗海关生活区", "building": "apartments", "name": "23栋", "name:zh": "23栋"}, "heightStatus": "unknown", "source": "OpenStreetMap", "license": "ODbL-1.0"}, "geometry": {"type": "MultiPolygon", "coordinates": [[[[114.0743524, 22.5299533], [114.074354, 22.5298719], [114.0747299, 22.5298779], [114.0747283, 22.5299593], [114.0743524, 22.5299533]]]]}}, {"type": "Feature", "id": "way/1430205841", "properties": {"tags": {"addr:housename": "皇岗边检生活区", "addr:housename:zh": "皇岗边检生活区", "building": "apartments", "name": "19栋", "name:zh": "19栋"}, "heightStatus": "unknown", "source": "OpenStreetMap", "license": "ODbL-1.0"}, "geometry": {"type": "MultiPolygon", "coordinates": [[[[114.0747789, 22.5300935], [114.0747806, 22.5300015], [114.0749287, 22.5300039], [114.0749296, 22.5299597], [114.0751156, 22.5299626], [114.0751164, 22.5299186], [114.0753093, 22.5299217], [114.0753078, 22.5300055], [114.0751148, 22.5300024], [114.075114, 22.5300464], [114.074928, 22.5300434], [114.074927, 22.5300959], [114.0747789, 22.5300935]]]]}}, {"type": "Feature", "id": "way/1430205842", "properties": {"tags": {"addr:housename": "皇岗边检生活区", "addr:housename:zh": "皇岗边检生活区", "building": "apartments", "name": "20栋", "name:zh": "20栋"}, "heightStatus": "unknown", "source": "OpenStreetMap", "license": "ODbL-1.0"}, "geometry": {"type": "MultiPolygon", "coordinates": [[[[114.0747833, 22.5298616], [114.074785, 22.5297696], [114.0749331, 22.529772], [114.0749339, 22.5297277], [114.0751199, 22.5297307], [114.0751208, 22.5296867], [114.0753137, 22.5296898], [114.0753121, 22.5297736], [114.0751192, 22.5297705], [114.0751184, 22.5298145], [114.0749323, 22.5298115], [114.0749314, 22.529864], [114.0747833, 22.5298616]]]]}}, {"type": "Feature", "id": "way/1430205843", "properties": {"tags": {"addr:housename": "皇岗边检生活区", "addr:housename:zh": "皇岗边检生活区", "building": "apartments", "name": "22栋", "name:zh": "22栋"}, "heightStatus": "unknown", "source": "OpenStreetMap", "license": "ODbL-1.0"}, "geometry": {"type": "MultiPolygon", "coordinates": [[[[114.0747899, 22.5293892], [114.0747916, 22.5292972], [114.0749398, 22.5292996], [114.0749406, 22.5292554], [114.0751266, 22.5292583], [114.0751274, 22.5292144], [114.0753203, 22.5292174], [114.0753188, 22.5293012], [114.0751259, 22.5292981], [114.075125, 22.5293421], [114.074939, 22.5293392], [114.074938, 22.5293916], [114.0747899, 22.5293892]]]]}}, {"type": "Feature", "id": "way/1430205844", "properties": {"tags": {"addr:housename": "皇岗边检生活区", "addr:housename:zh": "皇岗边检生活区", "building": "apartments", "name": "21栋", "name:zh": "21栋"}, "heightStatus": "unknown", "source": "OpenStreetMap", "license": "ODbL-1.0"}, "geometry": {"type": "MultiPolygon", "coordinates": [[[[114.0747856, 22.5296211], [114.0747873, 22.5295292], [114.0749354, 22.5295315], [114.0749362, 22.5294873], [114.0751223, 22.5294903], [114.0751231, 22.5294463], [114.075316, 22.5294494], [114.0753144, 22.5295331], [114.0751215, 22.5295301], [114.0751207, 22.5295741], [114.0749347, 22.5295711], [114.0749337, 22.5296235], [114.0747856, 22.5296211]]]]}}, {"type": "Feature", "id": "way/1430205845", "properties": {"tags": {"addr:housename": "皇岗海关生活区", "addr:housename:zh": "皇岗海关生活区", "building": "apartments", "name": "30栋", "name:zh": "30栋"}, "heightStatus": "unknown", "source": "OpenStreetMap", "license": "ODbL-1.0"}, "geometry": {"type": "MultiPolygon", "coordinates": [[[[114.073752, 22.529694], [114.0737535, 22.5296102], [114.0739103, 22.5296127], [114.0739111, 22.5295687], [114.0740678, 22.5295712], [114.0740687, 22.5295274], [114.0742255, 22.5295299], [114.0742239, 22.5296137], [114.0740671, 22.5296112], [114.0740663, 22.5296551], [114.0739096, 22.5296526], [114.0739087, 22.5296965], [114.073752, 22.529694]]]]}}, {"type": "Feature", "id": "way/1430205846", "properties": {"tags": {"addr:housename": "皇岗海关生活区", "addr:housename:zh": "皇岗海关生活区", "building": "apartments", "name": "29栋", "name:zh": "29栋"}, "heightStatus": "unknown", "source": "OpenStreetMap", "license": "ODbL-1.0"}, "geometry": {"type": "MultiPolygon", "coordinates": [[[[114.0737536, 22.5299246], [114.0737552, 22.5298408], [114.0739119, 22.5298433], [114.0739127, 22.5297993], [114.0740695, 22.5298018], [114.0740703, 22.529758], [114.0742271, 22.5297605], [114.0742255, 22.5298443], [114.0740688, 22.5298418], [114.074068, 22.5298857], [114.0739112, 22.5298832], [114.0739104, 22.5299271], [114.0737536, 22.5299246]]]]}}, {"type": "Feature", "id": "way/1430304102", "properties": {"tags": {"building": "construction", "construction": "apartments"}, "heightStatus": "unknown", "source": "OpenStreetMap", "license": "ODbL-1.0"}, "geometry": {"type": "MultiPolygon", "coordinates": [[[[114.082373, 22.5358787], [114.0824427, 22.5358283], [114.0823872, 22.5357627], [114.0825319, 22.5356582], [114.0826639, 22.5358141], [114.0825516, 22.5358952], [114.082606, 22.5359595], [114.0826473, 22.5359297], [114.0826286, 22.5359075], [114.0826996, 22.5358563], [114.0828429, 22.5360256], [114.0827592, 22.536086], [114.0827018, 22.5360182], [114.0826719, 22.5360398], [114.0827317, 22.5361105], [114.0826309, 22.5361833], [114.082373, 22.5358787]]]]}}, {"type": "Feature", "id": "way/1430304106", "properties": {"tags": {"building": "construction", "construction": "apartments", "height": "156"}, "heightStatus": "height_tag_unverified", "source": "OpenStreetMap", "license": "ODbL-1.0"}, "geometry": {"type": "MultiPolygon", "coordinates": [[[[114.0828145, 22.5351652], [114.0829585, 22.5351635], [114.0829598, 22.5352593], [114.0830231, 22.5352586], [114.0830243, 22.5353453], [114.082961, 22.535346], [114.0829639, 22.5355549], [114.0828198, 22.5355566], [114.0828145, 22.5351652]]]]}}, {"type": "Feature", "id": "way/1430304109", "properties": {"tags": {"building": "construction", "construction": "apartments", "height": "156"}, "heightStatus": "height_tag_unverified", "source": "OpenStreetMap", "license": "ODbL-1.0"}, "geometry": {"type": "MultiPolygon", "coordinates": [[[[114.0830231, 22.5352586], [114.0830863, 22.5352579], [114.083085, 22.535162], [114.0832291, 22.5351603], [114.0832344, 22.5355517], [114.0830904, 22.5355534], [114.0830875, 22.5353446], [114.0830243, 22.5353453], [114.0830231, 22.5352586]]]]}}, {"type": "Feature", "id": "way/1430304117", "properties": {"tags": {"building": "construction", "building:levels": "41", "construction": "apartments", "height": "129"}, "heightStatus": "height_tag_unverified", "source": "OpenStreetMap", "license": "ODbL-1.0"}, "geometry": {"type": "MultiPolygon", "coordinates": [[[[114.0827136, 22.5331935], [114.0827502, 22.5331733], [114.0827401, 22.5331576], [114.0828107, 22.5331188], [114.0828262, 22.5330621], [114.0827894, 22.5330824], [114.0827756, 22.5330611], [114.0827597, 22.5330698], [114.0827271, 22.5330193], [114.0828131, 22.532972], [114.0828518, 22.5330322], [114.0828691, 22.5330226], [114.0828471, 22.5329885], [114.0828668, 22.5329777], [114.0828517, 22.5329543], [114.0828891, 22.5329337], [114.0829262, 22.5329913], [114.0829468, 22.5329799], [114.0829874, 22.5330429], [114.0829668, 22.5330542], [114.0829932, 22.5330952], [114.0829362, 22.5331266], [114.0829097, 22.5330856], [114.0828952, 22.5331386], [114.0829613, 22.5332412], [114.0828954, 22.5332774], [114.0828414, 22.5331937], [114.0827471, 22.5332456], [114.0827136, 22.5331935]]]]}}, {"type": "Feature", "id": "way/1430304128", "properties": {"tags": {"building": "construction", "building:levels": "58", "construction": "apartments", "height": "180"}, "heightStatus": "height_tag_unverified", "source": "OpenStreetMap", "license": "ODbL-1.0"}, "geometry": {"type": "MultiPolygon", "coordinates": [[[[114.083082, 22.5341738], [114.0831181, 22.5341528], [114.0831076, 22.5341373], [114.0831771, 22.5340969], [114.0831911, 22.5340399], [114.0831548, 22.534061], [114.0831405, 22.53404], [114.0831248, 22.5340491], [114.0830909, 22.5339994], [114.0831756, 22.5339501], [114.0832159, 22.5340094], [114.0832329, 22.5339995], [114.08321, 22.5339659], [114.0832294, 22.5339546], [114.0832137, 22.5339315], [114.0832505, 22.5339101], [114.0832891, 22.5339668], [114.0833094, 22.533955], [114.0833517, 22.534017], [114.0833314, 22.5340288], [114.0833589, 22.5340692], [114.0833027, 22.5341019], [114.0832752, 22.5340614], [114.0832621, 22.5341148], [114.0833442, 22.5342353], [114.0832793, 22.5342731], [114.0832098, 22.5341711], [114.083117, 22.5342251], [114.083082, 22.5341738]]]]}}, {"type": "Feature", "id": "way/1430304129", "properties": {"tags": {"building": "construction", "building:levels": "58", "construction": "apartments", "height": "180"}, "heightStatus": "height_tag_unverified", "source": "OpenStreetMap", "license": "ODbL-1.0"}, "geometry": {"type": "MultiPolygon", "coordinates": [[[[114.0826171, 22.5340442], [114.0826532, 22.5340231], [114.0826427, 22.5340077], [114.0827121, 22.5339673], [114.0827262, 22.5339102], [114.0826899, 22.5339313], [114.0826756, 22.5339103], [114.0826599, 22.5339195], [114.082626, 22.5338697], [114.0827106, 22.5338205], [114.082751, 22.5338797], [114.082768, 22.5338698], [114.0827451, 22.5338362], [114.0827645, 22.5338249], [114.0827488, 22.5338018], [114.0827856, 22.5337804], [114.0828242, 22.5338371], [114.0828445, 22.5338253], [114.0828868, 22.5338873], [114.0828665, 22.5338991], [114.082894, 22.5339395], [114.0828378, 22.5339722], [114.0828103, 22.5339318], [114.0827972, 22.5339851], [114.082866, 22.5340862], [114.0828011, 22.5341239], [114.0827449, 22.5340415], [114.0826521, 22.5340955], [114.0826171, 22.5340442]]]]}}, {"type": "Feature", "id": "way/1430314583", "properties": {"tags": {"addr:housenumber": "174", "addr:place": "贝底田坊", "building": "apartments"}, "heightStatus": "unknown", "source": "OpenStreetMap", "license": "ODbL-1.0"}, "geometry": {"type": "MultiPolygon", "coordinates": [[[[114.0767807, 22.5358923], [114.0769318, 22.5357724], [114.0770086, 22.535855], [114.0768575, 22.5359749], [114.0767807, 22.5358923]]]]}}, {"type": "Feature", "id": "way/1430314584", "properties": {"tags": {"addr:housenumber": "175", "addr:place": "贝底田坊", "building": "apartments"}, "heightStatus": "unknown", "source": "OpenStreetMap", "license": "ODbL-1.0"}, "geometry": {"type": "MultiPolygon", "coordinates": [[[[114.0766532, 22.5359947], [114.0767685, 22.5359032], [114.0768453, 22.5359859], [114.07673, 22.5360774], [114.0766532, 22.5359947]]]]}}, {"type": "Feature", "id": "way/1430314703", "properties": {"tags": {"addr:housenumber": "173", "addr:place": "贝底田坊", "building": "apartments"}, "heightStatus": "unknown", "source": "OpenStreetMap", "license": "ODbL-1.0"}, "geometry": {"type": "MultiPolygon", "coordinates": [[[[114.0768774, 22.535996], [114.0770285, 22.5358762], [114.0771053, 22.5359588], [114.0769542, 22.5360786], [114.0768774, 22.535996]]]]}}, {"type": "Feature", "id": "way/1430314735", "properties": {"tags": {"addr:housename": "福民楼", "addr:housename:zh": "福民楼", "building": "apartments", "name": "F栋", "name:zh": "F栋"}, "heightStatus": "unknown", "source": "OpenStreetMap", "license": "ODbL-1.0"}, "geometry": {"type": "MultiPolygon", "coordinates": [[[[114.0760033, 22.5356309], [114.0760332, 22.5356079], [114.07605, 22.5356264], [114.0760869, 22.5355979], [114.0760701, 22.5355793], [114.0761, 22.5355563], [114.0761662, 22.5356296], [114.076226, 22.5355835], [114.0761597, 22.5355102], [114.0761895, 22.5354872], [114.0762063, 22.5355058], [114.0762433, 22.5354773], [114.0762265, 22.5354587], [114.0762563, 22.5354356], [114.0763226, 22.5355089], [114.0763823, 22.5354628], [114.076316, 22.5353896], [114.0763459, 22.5353665], [114.0763627, 22.5353851], [114.0763996, 22.5353566], [114.0763828, 22.535338], [114.0764127, 22.535315], [114.076479, 22.5353882], [114.0765088, 22.5353652], [114.0765613, 22.5354232], [114.0760922, 22.5357852], [114.0760397, 22.5357272], [114.0760696, 22.5357041], [114.0760033, 22.5356309]]]]}}, {"type": "Feature", "id": "way/1430314736", "properties": {"tags": {"addr:housename": "福民楼", "addr:housename:zh": "福民楼", "building": "apartments", "name": "D栋", "name:zh": "D栋"}, "heightStatus": "unknown", "source": "OpenStreetMap", "license": "ODbL-1.0"}, "geometry": {"type": "MultiPolygon", "coordinates": [[[[114.0756007, 22.5351903], [114.0756306, 22.5351673], [114.0756474, 22.5351858], [114.0756843, 22.5351573], [114.0756675, 22.5351387], [114.0756974, 22.5351157], [114.0757636, 22.535189], [114.0758234, 22.5351429], [114.0757571, 22.5350696], [114.0757869, 22.5350466], [114.0758037, 22.5350652], [114.0758407, 22.5350366], [114.0758239, 22.5350181], [114.0758537, 22.534995], [114.07592, 22.5350683], [114.0759797, 22.5350222], [114.0759134, 22.534949], [114.0759433, 22.5349259], [114.0759601, 22.5349445], [114.075997, 22.534916], [114.0759802, 22.5348974], [114.0760101, 22.5348744], [114.0760764, 22.5349476], [114.0761062, 22.5349246], [114.0761587, 22.5349826], [114.0756896, 22.5353446], [114.0756371, 22.5352866], [114.075667, 22.5352635], [114.0756007, 22.5351903]]]]}}, {"type": "Feature", "id": "way/1430314737", "properties": {"tags": {"addr:housename": "福民楼", "addr:housename:zh": "福民楼", "building": "apartments", "name": "E栋", "name:zh": "E栋"}, "heightStatus": "unknown", "source": "OpenStreetMap", "license": "ODbL-1.0"}, "geometry": {"type": "MultiPolygon", "coordinates": [[[[114.0758059, 22.5354112], [114.0758358, 22.5353882], [114.0758526, 22.5354067], [114.0758895, 22.5353782], [114.0758727, 22.5353596], [114.0759026, 22.5353366], [114.0759688, 22.5354099], [114.0760285, 22.5353638], [114.0759623, 22.5352905], [114.0759921, 22.5352675], [114.0760089, 22.5352861], [114.0760459, 22.5352576], [114.0760291, 22.535239], [114.0760589, 22.5352159], [114.0761252, 22.5352892], [114.0761849, 22.5352431], [114.0761186, 22.5351699], [114.0761485, 22.5351468], [114.0761653, 22.5351654], [114.0762022, 22.5351369], [114.0761854, 22.5351183], [114.0762153, 22.5350953], [114.0762816, 22.5351685], [114.0763114, 22.5351455], [114.0763639, 22.5352035], [114.0758948, 22.5355655], [114.0758423, 22.5355075], [114.0758722, 22.5354844], [114.0758059, 22.5354112]]]]}}, {"type": "Feature", "id": "way/1430314738", "properties": {"tags": {"addr:housename": "福民楼", "addr:housename:zh": "福民楼", "building": "apartments", "name": "A栋", "name:zh": "A栋"}, "heightStatus": "unknown", "source": "OpenStreetMap", "license": "ODbL-1.0"}, "geometry": {"type": "MultiPolygon", "coordinates": [[[[114.075108, 22.5346608], [114.0755426, 22.5343254], [114.0755998, 22.5343887], [114.0751652, 22.5347241], [114.075108, 22.5346608]]]]}}, {"type": "Feature", "id": "way/1430314739", "properties": {"tags": {"addr:housename": "福民楼", "addr:housename:zh": "福民楼", "building": "apartments", "name": "B栋", "name:zh": "B栋"}, "heightStatus": "unknown", "source": "OpenStreetMap", "license": "ODbL-1.0"}, "geometry": {"type": "MultiPolygon", "coordinates": [[[[114.0753105, 22.5348282], [114.0757452, 22.5344928], [114.0758024, 22.534556], [114.0753677, 22.5348914], [114.0753105, 22.5348282]]]]}}, {"type": "Feature", "id": "way/1430314740", "properties": {"tags": {"addr:housename": "福民楼", "addr:housename:zh": "福民楼", "building": "apartments", "name": "C栋", "name:zh": "C栋"}, "heightStatus": "unknown", "source": "OpenStreetMap", "license": "ODbL-1.0"}, "geometry": {"type": "MultiPolygon", "coordinates": [[[[114.0754442, 22.5350301], [114.0758599, 22.5347092], [114.0759172, 22.5347725], [114.0755014, 22.5350933], [114.0754442, 22.5350301]]]]}}, {"type": "Feature", "id": "way/1430314743", "properties": {"tags": {"building": "yes"}, "heightStatus": "unknown", "source": "OpenStreetMap", "license": "ODbL-1.0"}, "geometry": {"type": "MultiPolygon", "coordinates": [[[[114.0772701, 22.5329386], [114.0773828, 22.5328521], [114.0776336, 22.5333203], [114.0776217, 22.5333295], [114.0775692, 22.5332711], [114.0774664, 22.5331568], [114.0774139, 22.5330984], [114.0773226, 22.5329969], [114.0772701, 22.5329386]]]]}}, {"type": "Feature", "id": "way/1430314744", "properties": {"tags": {"addr:housename": "福群楼", "addr:housename:zh": "福群楼", "building": "apartments", "name": "13栋", "name:zh": "13栋"}, "heightStatus": "unknown", "source": "OpenStreetMap", "license": "ODbL-1.0"}, "geometry": {"type": "MultiPolygon", "coordinates": [[[[114.0760667, 22.5338504], [114.0761862, 22.5337605], [114.0763539, 22.5339505], [114.0762345, 22.5340404], [114.0760667, 22.5338504]]]]}}, {"type": "Feature", "id": "way/1430314745", "properties": {"tags": {"addr:housename": "福群楼", "addr:housename:zh": "福群楼", "building": "apartments", "name": "12栋", "name:zh": "12栋"}, "heightStatus": "unknown", "source": "OpenStreetMap", "license": "ODbL-1.0"}, "geometry": {"type": "MultiPolygon", "coordinates": [[[[114.0763686, 22.5341049], [114.0764383, 22.5340523], [114.0767991, 22.5344611], [114.0767293, 22.5345136], [114.0763686, 22.5341049]]]]}}, {"type": "Feature", "id": "way/1430314746", "properties": {"tags": {"addr:housename": "福群楼", "addr:housename:zh": "福群楼", "building": "apartments", "name": "11栋", "name:zh": "11栋"}, "heightStatus": "unknown", "source": "OpenStreetMap", "license": "ODbL-1.0"}, "geometry": {"type": "MultiPolygon", "coordinates": [[[[114.0768854, 22.5343577], [114.0769886, 22.5342685], [114.077008, 22.5342877], [114.0771109, 22.5341989], [114.0771283, 22.5342161], [114.0772307, 22.5341277], [114.0772804, 22.5341768], [114.0771772, 22.534266], [114.0771597, 22.5342488], [114.0770574, 22.5343372], [114.077038, 22.5343181], [114.0769351, 22.5344069], [114.0768854, 22.5343577]]]]}}, {"type": "Feature", "id": "way/1430314747", "properties": {"tags": {"addr:housename": "福群楼", "addr:housename:zh": "福群楼", "building": "apartments", "name": "10栋", "name:zh": "10栋"}, "heightStatus": "unknown", "source": "OpenStreetMap", "license": "ODbL-1.0"}, "geometry": {"type": "MultiPolygon", "coordinates": [[[[114.0767226, 22.534199], [114.0768259, 22.5341098], [114.0768453, 22.534129], [114.0769481, 22.5340402], [114.0769655, 22.5340574], [114.0770679, 22.5339689], [114.0771177, 22.5340181], [114.0770144, 22.5341073], [114.076997, 22.5340901], [114.0768946, 22.5341785], [114.0768752, 22.5341593], [114.0767724, 22.5342481], [114.0767226, 22.534199]]]]}}, {"type": "Feature", "id": "way/1430314748", "properties": {"tags": {"addr:housename": "福群楼", "addr:housename:zh": "福群楼", "building": "apartments", "name": "6栋", "name:zh": "6栋"}, "heightStatus": "unknown", "source": "OpenStreetMap", "license": "ODbL-1.0"}, "geometry": {"type": "MultiPolygon", "coordinates": [[[[114.0772485, 22.5335171], [114.0775692, 22.5332711], [114.0776217, 22.5333295], [114.077301, 22.5335755], [114.0772485, 22.5335171]]]]}}, {"type": "Feature", "id": "way/1430314749", "properties": {"tags": {"addr:housename": "福群楼", "addr:housename:zh": "福群楼", "building": "apartments", "name": "5栋", "name:zh": "5栋"}, "heightStatus": "unknown", "source": "OpenStreetMap", "license": "ODbL-1.0"}, "geometry": {"type": "MultiPolygon", "coordinates": [[[[114.0770942, 22.5333437], [114.0774139, 22.5330984], [114.0774664, 22.5331568], [114.0771468, 22.5334021], [114.0770942, 22.5333437]]]]}}, {"type": "Feature", "id": "way/1430314750", "properties": {"tags": {"addr:housename": "福群楼", "addr:housename:zh": "福群楼", "building": "apartments", "name": "1栋", "name:zh": "1栋"}, "heightStatus": "unknown", "source": "OpenStreetMap", "license": "ODbL-1.0"}, "geometry": {"type": "MultiPolygon", "coordinates": [[[[114.0769527, 22.5331821], [114.0772701, 22.5329386], [114.0773226, 22.5329969], [114.0770053, 22.5332405], [114.0769527, 22.5331821]]]]}}, {"type": "Feature", "id": "way/1430314751", "properties": {"tags": {"addr:housename": "福群楼", "addr:housename:zh": "福群楼", "building": "apartments", "name": "2栋", "name:zh": "2栋"}, "heightStatus": "unknown", "source": "OpenStreetMap", "license": "ODbL-1.0"}, "geometry": {"type": "MultiPolygon", "coordinates": [[[[114.0766982, 22.5333965], [114.0767221, 22.5333781], [114.0767172, 22.5333727], [114.0767533, 22.5333448], [114.0767839, 22.5333788], [114.076798, 22.5333679], [114.0767779, 22.5333457], [114.0768204, 22.533313], [114.0768287, 22.5333222], [114.076851, 22.5333051], [114.0769019, 22.5333615], [114.0768792, 22.533379], [114.0768696, 22.5333683], [114.0768361, 22.5333941], [114.0768682, 22.5334297], [114.0769017, 22.5334039], [114.0769168, 22.5334206], [114.0769402, 22.5334025], [114.0769806, 22.5334472], [114.0769567, 22.5334656], [114.0769616, 22.5334711], [114.0769254, 22.5334989], [114.0768948, 22.533465], [114.0768807, 22.5334758], [114.0769008, 22.5334981], [114.0768584, 22.5335307], [114.07685, 22.5335215], [114.0768278, 22.5335387], [114.0767769, 22.5334822], [114.0767995, 22.5334648], [114.0768091, 22.5334754], [114.0768284, 22.5334606], [114.0767963, 22.533425], [114.076777, 22.5334398], [114.076762, 22.5334231], [114.0767385, 22.5334412], [114.0766982, 22.5333965]]]]}}, {"type": "Feature", "id": "way/1430314752", "properties": {"tags": {"addr:housename": "福群楼", "addr:housename:zh": "福群楼", "building": "apartments", "name": "9栋", "name:zh": "9栋"}, "heightStatus": "unknown", "source": "OpenStreetMap", "license": "ODbL-1.0"}, "geometry": {"type": "MultiPolygon", "coordinates": [[[[114.0765188, 22.5339648], [114.0765427, 22.5339464], [114.0765378, 22.533941], [114.0765739, 22.5339132], [114.0766045, 22.5339471], [114.0766186, 22.5339362], [114.0765986, 22.533914], [114.076641, 22.5338813], [114.0766493, 22.5338905], [114.0766716, 22.5338734], [114.0767225, 22.5339298], [114.0766998, 22.5339473], [114.0766902, 22.5339367], [114.0766567, 22.5339625], [114.0766888, 22.5339981], [114.0767224, 22.5339723], [114.0767374, 22.5339889], [114.0767609, 22.5339709], [114.0768012, 22.5340156], [114.0767773, 22.534034], [114.0767822, 22.5340394], [114.0767461, 22.5340672], [114.0767155, 22.5340333], [114.0767014, 22.5340442], [114.0767214, 22.5340664], [114.076679, 22.5340991], [114.0766707, 22.5340899], [114.0766484, 22.534107], [114.0765975, 22.5340506], [114.0766202, 22.5340331], [114.0766298, 22.5340438], [114.076649, 22.5340289], [114.0766169, 22.5339933], [114.0765977, 22.5340081], [114.0765826, 22.5339915], [114.0765591, 22.5340095], [114.0765188, 22.5339648]]]]}}, {"type": "Feature", "id": "way/1430314753", "properties": {"tags": {"addr:housename": "福群楼", "addr:housename:zh": "福群楼", "building": "apartments", "name": "4栋", "name:zh": "4栋"}, "heightStatus": "unknown", "source": "OpenStreetMap", "license": "ODbL-1.0"}, "geometry": {"type": "MultiPolygon", "coordinates": [[[[114.0762835, 22.5337262], [114.0763074, 22.5337078], [114.0763025, 22.5337023], [114.0763387, 22.5336745], [114.0763693, 22.5337084], [114.0763834, 22.5336976], [114.0763633, 22.5336753], [114.0764057, 22.5336427], [114.0764141, 22.5336519], [114.0764363, 22.5336347], [114.0764872, 22.5336912], [114.0764645, 22.5337086], [114.076455, 22.533698], [114.0764214, 22.5337238], [114.0764536, 22.5337594], [114.0764871, 22.5337336], [114.0765021, 22.5337503], [114.0765256, 22.5337322], [114.0765659, 22.5337769], [114.076542, 22.5337953], [114.0765469, 22.5338007], [114.0765108, 22.5338286], [114.0764802, 22.5337946], [114.0764661, 22.5338055], [114.0764862, 22.5338277], [114.0764437, 22.5338604], [114.0764354, 22.5338512], [114.0764131, 22.5338683], [114.0763622, 22.5338119], [114.0763849, 22.5337944], [114.0763945, 22.5338051], [114.0764138, 22.5337903], [114.0763816, 22.5337546], [114.0763624, 22.5337695], [114.0763473, 22.5337528], [114.0763239, 22.5337709], [114.0762835, 22.5337262]]]]}}, {"type": "Feature", "id": "way/1430314754", "properties": {"tags": {"addr:housename": "福群楼", "addr:housename:zh": "福群楼", "building": "apartments", "name": "3栋", "name:zh": "3栋"}, "heightStatus": "unknown", "source": "OpenStreetMap", "license": "ODbL-1.0"}, "geometry": {"type": "MultiPolygon", "coordinates": [[[[114.0765177, 22.5336076], [114.0765416, 22.5335892], [114.0765367, 22.5335837], [114.0765728, 22.5335559], [114.0766034, 22.5335898], [114.0766175, 22.533579], [114.0765974, 22.5335567], [114.0766399, 22.533524], [114.0766482, 22.5335333], [114.0766705, 22.5335161], [114.0767214, 22.5335726], [114.0766987, 22.53359], [114.0766891, 22.5335794], [114.0766556, 22.5336052], [114.0766877, 22.5336408], [114.0767212, 22.533615], [114.0767363, 22.5336317], [114.0767597, 22.5336136], [114.0768001, 22.5336583], [114.0767762, 22.5336767], [114.0767811, 22.5336821], [114.0767449, 22.53371], [114.0767143, 22.533676], [114.0767002, 22.5336869], [114.0767203, 22.5337091], [114.0766779, 22.5337418], [114.0766695, 22.5337326], [114.0766473, 22.5337497], [114.0765964, 22.5336933], [114.076619, 22.5336758], [114.0766286, 22.5336865], [114.0766479, 22.5336717], [114.0766158, 22.533636], [114.0765965, 22.5336509], [114.0765815, 22.5336342], [114.076558, 22.5336523], [114.0765177, 22.5336076]]]]}}, {"type": "Feature", "id": "way/1430314755", "properties": {"tags": {"addr:housename": "福群楼", "addr:housename:zh": "福群楼", "building": "apartments", "name": "7栋", "name:zh": "7栋"}, "heightStatus": "unknown", "source": "OpenStreetMap", "license": "ODbL-1.0"}, "geometry": {"type": "MultiPolygon", "coordinates": [[[[114.0769349, 22.5336331], [114.0769588, 22.5336147], [114.0769539, 22.5336093], [114.0769901, 22.5335815], [114.0770207, 22.5336154], [114.0770348, 22.5336045], [114.0770147, 22.5335823], [114.0770572, 22.5335496], [114.0770655, 22.5335588], [114.0770877, 22.5335417], [114.0771386, 22.5335981], [114.077116, 22.5336156], [114.0771064, 22.533605], [114.0770729, 22.5336308], [114.077105, 22.5336664], [114.0771385, 22.5336406], [114.0771535, 22.5336573], [114.077177, 22.5336392], [114.0772173, 22.5336839], [114.0771934, 22.5337023], [114.0771984, 22.5337077], [114.0771622, 22.5337355], [114.0771316, 22.5337016], [114.0771175, 22.5337125], [114.0771376, 22.5337347], [114.0770951, 22.5337674], [114.0770868, 22.5337582], [114.0770646, 22.5337753], [114.0770136, 22.5337189], [114.0770363, 22.5337014], [114.0770459, 22.5337121], [114.0770652, 22.5336972], [114.0770331, 22.5336616], [114.0770138, 22.5336764], [114.0769988, 22.5336598], [114.0769753, 22.5336778], [114.0769349, 22.5336331]]]]}}, {"type": "Feature", "id": "way/1430314756", "properties": {"tags": {"addr:housename": "福群楼", "addr:housename:zh": "福群楼", "building": "apartments", "name": "8栋", "name:zh": "8栋"}, "heightStatus": "unknown", "source": "OpenStreetMap", "license": "ODbL-1.0"}, "geometry": {"type": "MultiPolygon", "coordinates": [[[[114.0767542, 22.5338293], [114.0767781, 22.5338109], [114.0767732, 22.5338055], [114.0768094, 22.5337777], [114.07684, 22.5338116], [114.0768541, 22.5338007], [114.076834, 22.5337785], [114.0768764, 22.5337458], [114.0768848, 22.533755], [114.076907, 22.5337379], [114.0769579, 22.5337943], [114.0769352, 22.5338118], [114.0769257, 22.5338012], [114.0768922, 22.533827], [114.0769243, 22.5338626], [114.0769578, 22.5338368], [114.0769728, 22.5338534], [114.0769963, 22.5338354], [114.0770366, 22.5338801], [114.0770127, 22.5338985], [114.0770176, 22.5339039], [114.0769815, 22.5339317], [114.0769509, 22.5338978], [114.0769368, 22.5339087], [114.0769569, 22.5339309], [114.0769144, 22.5339636], [114.0769061, 22.5339544], [114.0768838, 22.5339715], [114.0768329, 22.5339151], [114.0768556, 22.5338976], [114.0768652, 22.5339083], [114.0768845, 22.5338934], [114.0768524, 22.5338578], [114.0768331, 22.5338726], [114.076818, 22.533856], [114.0767946, 22.533874], [114.0767542, 22.5338293]]]]}}, {"type": "Feature", "id": "way/1430314759", "properties": {"tags": {"addr:housename": "汇港名苑", "addr:housename:zh": "汇港名苑", "building": "apartments", "building:levels": "32", "name": "南2栋", "name:zh": "南2栋"}, "heightStatus": "levels_only_unverified", "source": "OpenStreetMap", "license": "ODbL-1.0"}, "geometry": {"type": "MultiPolygon", "coordinates": [[[[114.0783492, 22.5322263], [114.0784647, 22.5322], [114.0784665, 22.5321657], [114.0785554, 22.5321696], [114.0785537, 22.5322039], [114.078666, 22.5322402], [114.0786352, 22.5323215], [114.078577, 22.5323083], [114.0785757, 22.532334], [114.0785923, 22.5323347], [114.0785905, 22.5323692], [114.078574, 22.5323685], [114.0785724, 22.5323998], [114.0785437, 22.5323985], [114.0785423, 22.5324255], [114.0784533, 22.5324216], [114.0784547, 22.5323946], [114.07843, 22.5323936], [114.0784316, 22.5323622], [114.0784161, 22.5323616], [114.0784179, 22.5323271], [114.0784334, 22.5323277], [114.0784347, 22.5323014], [114.0783715, 22.5323099], [114.0783492, 22.5322263]]]]}}, {"type": "Feature", "id": "way/1430314760", "properties": {"tags": {"addr:housename": "汇港名苑", "addr:housename:zh": "汇港名苑", "building": "apartments", "building:levels": "32", "name": "南3栋", "name:zh": "南3栋"}, "heightStatus": "levels_only_unverified", "source": "OpenStreetMap", "license": "ODbL-1.0"}, "geometry": {"type": "MultiPolygon", "coordinates": [[[[114.0780582, 22.5323594], [114.0781525, 22.5322963], [114.0781406, 22.5322811], [114.0782262, 22.5322238], [114.0782466, 22.5322497], [114.0783492, 22.5322263], [114.0783715, 22.5323099], [114.0783221, 22.5323212], [114.0783252, 22.5323326], [114.0782893, 22.5323407], [114.0783073, 22.5323638], [114.0783213, 22.5323544], [114.078339, 22.532377], [114.0783251, 22.5323864], [114.0783458, 22.5324128], [114.0783237, 22.5324276], [114.0783462, 22.5324562], [114.0782894, 22.5324943], [114.0782669, 22.5324656], [114.0782354, 22.5324867], [114.0782146, 22.5324603], [114.078202, 22.5324687], [114.0781843, 22.5324462], [114.0781969, 22.5324377], [114.0781785, 22.5324142], [114.0781278, 22.5324481], [114.0780582, 22.5323594]]]]}}, {"type": "Feature", "id": "way/1430314761", "properties": {"tags": {"addr:housename": "汇港名苑", "addr:housename:zh": "汇港名苑", "building": "apartments", "building:levels": "32", "name": "南1栋", "name:zh": "南1栋"}, "heightStatus": "levels_only_unverified", "source": "OpenStreetMap", "license": "ODbL-1.0"}, "geometry": {"type": "MultiPolygon", "coordinates": [[[[114.0786352, 22.5323215], [114.078666, 22.5322402], [114.0787658, 22.5322724], [114.0787887, 22.5322484], [114.0788681, 22.532313], [114.0788547, 22.5323271], [114.0789421, 22.5323981], [114.0788637, 22.5324803], [114.0788167, 22.5324421], [114.078796, 22.5324639], [114.0788077, 22.5324734], [114.0787877, 22.5324944], [114.078776, 22.5324848], [114.0787526, 22.5325093], [114.0787234, 22.5324856], [114.0786981, 22.5325122], [114.0786454, 22.5324693], [114.0786707, 22.5324428], [114.0786503, 22.5324261], [114.0786736, 22.5324016], [114.0786607, 22.5323911], [114.0786807, 22.5323702], [114.0786936, 22.5323807], [114.0787139, 22.5323593], [114.078679, 22.532348], [114.0786832, 22.532337], [114.0786352, 22.5323215]]]]}}, {"type": "Feature", "id": "way/1430314762", "properties": {"tags": {"addr:housename": "汇港名苑", "addr:housename:zh": "汇港名苑", "building": "apartments", "building:levels": "32", "name": "北1栋", "name:zh": "北1栋"}, "heightStatus": "levels_only_unverified", "source": "OpenStreetMap", "license": "ODbL-1.0"}, "geometry": {"type": "MultiPolygon", "coordinates": [[[[114.078694, 22.5334166], [114.0787944, 22.5332862], [114.0788142, 22.5332992], [114.0788659, 22.5332321], [114.0789412, 22.5332816], [114.0789699, 22.5332442], [114.0790569, 22.5333014], [114.0790281, 22.5333387], [114.0791232, 22.5334012], [114.0789711, 22.5335987], [114.078876, 22.5335362], [114.0788472, 22.5335736], [114.0787603, 22.5335164], [114.0787891, 22.5334791], [114.078694, 22.5334166]]]]}}, {"type": "Feature", "id": "way/1430314763", "properties": {"tags": {"addr:housename": "汇港名苑", "addr:housename:zh": "汇港名苑", "building": "apartments", "building:levels": "32", "name": "北2栋", "name:zh": "北2栋"}, "heightStatus": "levels_only_unverified", "source": "OpenStreetMap", "license": "ODbL-1.0"}, "geometry": {"type": "MultiPolygon", "coordinates": [[[[114.0785338, 22.5330986], [114.0786342, 22.5329682], [114.078654, 22.5329812], [114.0787057, 22.5329142], [114.078781, 22.5329636], [114.0788098, 22.5329263], [114.0788967, 22.5329834], [114.0788679, 22.5330208], [114.078963, 22.5330833], [114.078811, 22.5332807], [114.0787159, 22.5332182], [114.0786871, 22.5332556], [114.0786001, 22.5331985], [114.0786289, 22.5331611], [114.0785338, 22.5330986]]]]}}, {"type": "Feature", "id": "way/1430314764", "properties": {"tags": {"addr:housename": "汇港名苑", "addr:housename:zh": "汇港名苑", "building": "apartments", "building:levels": "32", "name": "北3栋", "name:zh": "北3栋"}, "heightStatus": "levels_only_unverified", "source": "OpenStreetMap", "license": "ODbL-1.0"}, "geometry": {"type": "MultiPolygon", "coordinates": [[[[114.0783775, 22.532776], [114.0785296, 22.5325785], [114.0786247, 22.532641], [114.0786535, 22.5326036], [114.0787404, 22.5326608], [114.0787116, 22.5326982], [114.0788067, 22.5327607], [114.0786547, 22.5329581], [114.0785596, 22.5328956], [114.0785308, 22.532933], [114.0784438, 22.5328759], [114.0784726, 22.5328385], [114.0783775, 22.532776]]]]}}]}