{"type": "FeatureCollection", "features": [{"type": "Feature", "id": "way/171607604", "properties": {"tags": {"building": "yes"}, "heightStatus": "unknown", "source": "OpenStreetMap", "license": "ODbL-1.0"}, "geometry": {"type": "MultiPolygon", "coordinates": [[[[114.0882066, 22.5507681], [114.0884188, 22.5507684], [114.0884802, 22.5507607], [114.0884932, 22.550806], [114.0887986, 22.5508035], [114.088812, 22.5507472], [114.0888806, 22.5507514], [114.0888932, 22.5508127], [114.0888932, 22.550887], [114.0887913, 22.5508845], [114.0887913, 22.5508969], [114.0884292, 22.5508945], [114.0884239, 22.5509143], [114.088212, 22.5509143], [114.0882066, 22.5507681]]]]}}, {"type": "Feature", "id": "way/171607605", "properties": {"tags": {"building": "yes"}, "heightStatus": "unknown", "source": "OpenStreetMap", "license": "ODbL-1.0"}, "geometry": {"type": "MultiPolygon", "coordinates": [[[[114.0890676, 22.5514171], [114.0890703, 22.5511149], [114.0894672, 22.5511124], [114.0894619, 22.5514196], [114.0890676, 22.5514171]]]]}}, {"type": "Feature", "id": "way/171607606", "properties": {"tags": {"building": "yes"}, "heightStatus": "unknown", "source": "OpenStreetMap", "license": "ODbL-1.0"}, "geometry": {"type": "MultiPolygon", "coordinates": [[[[114.0883029, 22.5507616], [114.0883038, 22.5505283], [114.0883304, 22.550528], [114.0883273, 22.5507632], [114.0883029, 22.5507616]]]]}}, {"type": "Feature", "id": "way/171607607", "properties": {"tags": {"building": "yes"}, "heightStatus": "unknown", "source": "OpenStreetMap", "license": "ODbL-1.0"}, "geometry": {"type": "MultiPolygon", "coordinates": [[[[114.0880054, 22.5510802], [114.088102, 22.5510852], [114.0880966, 22.5511868], [114.0881261, 22.5512115], [114.0884051, 22.5512289], [114.0884104, 22.5512908], [114.0883836, 22.5513205], [114.0880886, 22.5513106], [114.0880886, 22.551266], [114.088051, 22.5512264], [114.0880054, 22.5511768], [114.0880054, 22.5510802]]]]}}, {"type": "Feature", "id": "way/171607608", "properties": {"tags": {"building": "yes"}, "heightStatus": "unknown", "source": "OpenStreetMap", "license": "ODbL-1.0"}, "geometry": {"type": "MultiPolygon", "coordinates": [[[[114.0879759, 22.5510703], [114.0879974, 22.550622], [114.0880001, 22.5505823], [114.0880081, 22.5504362], [114.0888262, 22.5504535], [114.0888155, 22.5505105], [114.0888557, 22.5505155], [114.0888503, 22.5506022], [114.088499, 22.5506022], [114.0884453, 22.5505997], [114.0884453, 22.5505303], [114.0880939, 22.5505229], [114.0880913, 22.5506294], [114.0882915, 22.5506353], [114.0882907, 22.5507616], [114.0880871, 22.5507564], [114.0880805, 22.5509762], [114.0881047, 22.5509812], [114.0881315, 22.5509663], [114.0881422, 22.5509415], [114.0882303, 22.5509441], [114.08822, 22.5509935], [114.0882039, 22.5510257], [114.0881717, 22.5510555], [114.0881503, 22.5510679], [114.0881261, 22.5510753], [114.0880993, 22.5510778], [114.0880939, 22.5510505], [114.0880671, 22.5510505], [114.0880698, 22.5510728], [114.0879759, 22.5510703]]]]}}, {"type": "Feature", "id": "way/171607609", "properties": {"tags": {"building": "yes"}, "heightStatus": "unknown", "source": "OpenStreetMap", "license": "ODbL-1.0"}, "geometry": {"type": "MultiPolygon", "coordinates": [[[[114.0884892, 22.5508031], [114.0884936, 22.5506145], [114.0885211, 22.5506126], [114.0885151, 22.5508003], [114.0884892, 22.5508031]]]]}}, {"type": "Feature", "id": "way/171607612", "properties": {"tags": {"building": "yes"}, "heightStatus": "unknown", "source": "OpenStreetMap", "license": "ODbL-1.0"}, "geometry": {"type": "MultiPolygon", "coordinates": [[[[114.0879629, 22.5512588], [114.0880027, 22.5512239], [114.088051, 22.5512264], [114.0880886, 22.551266], [114.0880886, 22.5513106], [114.0880537, 22.5513428], [114.0879974, 22.5513428], [114.0879679, 22.5513156], [114.0879629, 22.5512588]]]]}}, {"type": "Feature", "id": "way/319513725", "properties": {"tags": {"building": "apartments", "building:levels": "5"}, "heightStatus": "levels_only_unverified", "source": "OpenStreetMap", "license": "ODbL-1.0"}, "geometry": {"type": "MultiPolygon", "coordinates": [[[[114.0854588, 22.5529436], [114.0854614, 22.5528457], [114.0856785, 22.5528506], [114.0856759, 22.5529485], [114.0854588, 22.5529436]]]]}}, {"type": "Feature", "id": "way/328943262", "properties": {"tags": {"building": "school", "building:levels": "5"}, "heightStatus": "levels_only_unverified", "source": "OpenStreetMap", "license": "ODbL-1.0"}, "geometry": {"type": "MultiPolygon", "coordinates": [[[[114.0843054, 22.5523497], [114.084307, 22.5522347], [114.0843477, 22.5522351], [114.0843483, 22.5521926], [114.084499, 22.5521943], [114.0845, 22.5521183], [114.0848336, 22.5521216], [114.0851622, 22.5521248], [114.0851594, 22.5523297], [114.0848305, 22.5523259], [114.0848313, 22.5522666], [114.0847966, 22.5522661], [114.0847972, 22.5522284], [114.0845634, 22.5522257], [114.0845611, 22.5524019], [114.0848528, 22.5524051], [114.0848517, 22.5524856], [114.0849308, 22.5524865], [114.084932, 22.5523937], [114.0851586, 22.5523963], [114.085156, 22.5525989], [114.0848442, 22.5525955], [114.0848445, 22.5525735], [114.084809, 22.5525731], [114.0848099, 22.5525104], [114.0845166, 22.5525071], [114.0845174, 22.5524456], [114.0843512, 22.5524437], [114.0843525, 22.5523502], [114.0843054, 22.5523497]]]]}}, {"type": "Feature", "id": "way/330740641", "properties": {"tags": {"amenity": "restaurant", "building": "yes", "building:levels": "2"}, "heightStatus": "levels_only_unverified", "source": "OpenStreetMap", "license": "ODbL-1.0"}, "geometry": {"type": "MultiPolygon", "coordinates": [[[[114.0854184, 22.5529433], [114.0854588, 22.5529436], [114.0856759, 22.5529485], [114.0856853, 22.5531105], [114.0854188, 22.5529803], [114.0854184, 22.5529433]]]]}}, {"type": "Feature", "id": "way/332399384", "properties": {"tags": {"amenity": "theatre", "building": "yes", "building:levels": "6", "building:min_level": "5", "building:part": "yes"}, "heightStatus": "levels_only_unverified", "source": "OpenStreetMap", "license": "ODbL-1.0"}, "geometry": {"type": "MultiPolygon", "coordinates": [[[[114.0847966, 22.5522661], [114.0847972, 22.5522284], [114.0847975, 22.5522048], [114.0848325, 22.5522052], [114.0848336, 22.5521216], [114.0851622, 22.5521248], [114.0851594, 22.5523297], [114.0848305, 22.5523259], [114.0848313, 22.5522666], [114.0847966, 22.5522661]]]]}}, {"type": "Feature", "id": "way/351752965", "properties": {"tags": {"building": "yes", "fixme": "building=yes added in lieu of any valid tags; verification needed"}, "heightStatus": "unknown", "source": "OpenStreetMap", "license": "ODbL-1.0"}, "geometry": {"type": "MultiPolygon", "coordinates": [[[[114.0841176, 22.5511264], [114.0841264, 22.5502689], [114.0842437, 22.55027], [114.0842431, 22.5503214], [114.0842555, 22.5503215], [114.0842558, 22.5502885], [114.0843891, 22.5502895], [114.0843887, 22.550328], [114.084411, 22.5503282], [114.0844113, 22.5502951], [114.0845472, 22.5502961], [114.0845468, 22.5503388], [114.0845641, 22.5503389], [114.0845644, 22.5502985], [114.0847043, 22.5502996], [114.0847039, 22.5503422], [114.0847205, 22.5503423], [114.0847209, 22.5502998], [114.0848514, 22.5503007], [114.0848511, 22.5503401], [114.0848669, 22.5503402], [114.0848665, 22.5503798], [114.0842325, 22.5503754], [114.0842308, 22.5505912], [114.0842421, 22.5505913], [114.0842424, 22.5505551], [114.0843828, 22.5505561], [114.0843824, 22.5505976], [114.0843938, 22.5505976], [114.0843941, 22.5505562], [114.0845469, 22.5505572], [114.0845465, 22.5506008], [114.0845612, 22.5506008], [114.0845615, 22.5505582], [114.0846932, 22.5505591], [114.0846928, 22.5506026], [114.084706, 22.5506027], [114.0847064, 22.5505612], [114.0848414, 22.5505622], [114.0848411, 22.5506016], [114.0848578, 22.5506017], [114.0848575, 22.5506392], [114.0842279, 22.5506345], [114.0842257, 22.5508805], [114.0842476, 22.5508807], [114.0842482, 22.5508249], [114.0843565, 22.5508258], [114.0843561, 22.55086], [114.0845161, 22.5508613], [114.0845165, 22.5508205], [114.0846801, 22.5508218], [114.0846798, 22.5508605], [114.0846993, 22.5508607], [114.0846997, 22.5508214], [114.0848425, 22.5508227], [114.0848417, 22.5509085], [114.0845545, 22.550906], [114.0845543, 22.5509309], [114.0842146, 22.5509279], [114.0842126, 22.5511272], [114.0841176, 22.5511264]]]]}}, {"type": "Feature", "id": "way/351752980", "properties": {"tags": {"building": "yes"}, "heightStatus": "unknown", "source": "OpenStreetMap", "license": "ODbL-1.0"}, "geometry": {"type": "MultiPolygon", "coordinates": [[[[114.0897654, 22.5500484], [114.0897656, 22.5499772], [114.0897976, 22.5499773], [114.0897976, 22.5499667], [114.0898754, 22.5499669], [114.0898754, 22.5499769], [114.0899093, 22.549977], [114.089909, 22.5500541], [114.0898845, 22.550054], [114.0898848, 22.5500487], [114.0897654, 22.5500484]]]]}}, {"type": "Feature", "id": "way/351752982", "properties": {"tags": {"building": "yes"}, "heightStatus": "unknown", "source": "OpenStreetMap", "license": "ODbL-1.0"}, "geometry": {"type": "MultiPolygon", "coordinates": [[[[114.0886429, 22.5461185], [114.0886431, 22.5460597], [114.0886609, 22.5460598], [114.088661, 22.5460344], [114.08917, 22.5460358], [114.0891698, 22.5461098], [114.0888562, 22.5461089], [114.0888562, 22.5461135], [114.088665, 22.546113], [114.088665, 22.5461194], [114.0886429, 22.5461185]]]]}}, {"type": "Feature", "id": "way/351752988", "properties": {"tags": {"building": "commercial", "name": "恒邦商业中心"}, "heightStatus": "unknown", "source": "OpenStreetMap", "license": "ODbL-1.0"}, "geometry": {"type": "MultiPolygon", "coordinates": [[[[114.0848756, 22.5457059], [114.0850866, 22.5456791], [114.0854019, 22.5457168], [114.0853827, 22.5458062], [114.0851271, 22.5457637], [114.0848842, 22.5457881], [114.0848756, 22.5457059]]]]}}, {"type": "Feature", "id": "way/351752990", "properties": {"tags": {"building": "apartments", "name": "B栋", "name:en": "Block B", "name:zh": "B栋"}, "heightStatus": "unknown", "source": "OpenStreetMap", "license": "ODbL-1.0"}, "geometry": {"type": "MultiPolygon", "coordinates": [[[[114.0855172, 22.5461715], [114.0855177, 22.5459738], [114.0860372, 22.5459749], [114.0860368, 22.5461725], [114.0855172, 22.5461715]]]]}}, {"type": "Feature", "id": "way/351752997", "properties": {"tags": {"building": "yes"}, "heightStatus": "unknown", "source": "OpenStreetMap", "license": "ODbL-1.0"}, "geometry": {"type": "MultiPolygon", "coordinates": [[[[114.0873162, 22.5459025], [114.0873178, 22.5458096], [114.0877474, 22.5458159], [114.0877399, 22.5462528], [114.0875386, 22.5462549], [114.0875401, 22.5461645], [114.0875893, 22.5461552], [114.0875925, 22.5459668], [114.0876551, 22.5459627], [114.0876533, 22.5459075], [114.0873162, 22.5459025]]]]}}, {"type": "Feature", "id": "way/351753007", "properties": {"tags": {"building": "yes"}, "heightStatus": "unknown", "source": "OpenStreetMap", "license": "ODbL-1.0"}, "geometry": {"type": "MultiPolygon", "coordinates": [[[[114.083367, 22.5455719], [114.0833704, 22.545009], [114.0835473, 22.5450116], [114.0835496, 22.5450232], [114.0837216, 22.5450257], [114.083917, 22.5450435], [114.0839415, 22.545068], [114.0839183, 22.5456191], [114.0839082, 22.5456281], [114.0837512, 22.5456258], [114.0837519, 22.5455844], [114.083367, 22.5455719]]]]}}, {"type": "Feature", "id": "way/351753008", "properties": {"tags": {"building": "yes"}, "heightStatus": "unknown", "source": "OpenStreetMap", "license": "ODbL-1.0"}, "geometry": {"type": "MultiPolygon", "coordinates": [[[[114.0889884, 22.549822], [114.0889908, 22.5496842], [114.0891588, 22.5496867], [114.0891608, 22.5495699], [114.0890117, 22.5495677], [114.0890128, 22.5495032], [114.0894716, 22.5495099], [114.0894704, 22.5495761], [114.089293, 22.5495735], [114.0892945, 22.5495945], [114.0893134, 22.549593], [114.0893093, 22.5498319], [114.0889884, 22.549822]]]]}}, {"type": "Feature", "id": "way/351753015", "properties": {"tags": {"building": "yes", "name": "深圳市社会科学院", "office": "research"}, "heightStatus": "unknown", "source": "OpenStreetMap", "license": "ODbL-1.0"}, "geometry": {"type": "MultiPolygon", "coordinates": [[[[114.0901814, 22.548323], [114.0901886, 22.5480294], [114.090361, 22.548033], [114.0903631, 22.5479502], [114.0905493, 22.5479541], [114.0905453, 22.5481183], [114.0906256, 22.54812], [114.0906207, 22.5483196], [114.0904576, 22.5483162], [114.090456, 22.5483809], [114.0902585, 22.5483767], [114.0902598, 22.5483246], [114.0901814, 22.548323]]]]}}, {"type": "Feature", "id": "way/351753017", "properties": {"tags": {"building": "yes"}, "heightStatus": "unknown", "source": "OpenStreetMap", "license": "ODbL-1.0"}, "geometry": {"type": "MultiPolygon", "coordinates": [[[[114.0892403, 22.5461856], [114.0892406, 22.5460844], [114.0899191, 22.5460862], [114.0899187, 22.5461907], [114.0896817, 22.5461901], [114.0896818, 22.5461467], [114.0896696, 22.5461467], [114.0896694, 22.5461879], [114.0894834, 22.5461874], [114.0894835, 22.5461514], [114.0894716, 22.5461514], [114.0894715, 22.5461891], [114.0892403, 22.5461856]]]]}}, {"type": "Feature", "id": "way/351753020", "properties": {"tags": {"building": "yes", "name": "阁林网苑"}, "heightStatus": "unknown", "source": "OpenStreetMap", "license": "ODbL-1.0"}, "geometry": {"type": "MultiPolygon", "coordinates": [[[[114.0879673, 22.5498504], [114.087972, 22.5495782], [114.0879757, 22.5493615], [114.0880551, 22.5492904], [114.0884682, 22.5492965], [114.0884654, 22.5494594], [114.0881566, 22.5494549], [114.0881664, 22.5494699], [114.0882847, 22.5494716], [114.0882839, 22.5495161], [114.0884643, 22.5495187], [114.0884465, 22.5498574], [114.0879673, 22.5498504]]]]}}, {"type": "Feature", "id": "way/351753022", "properties": {"tags": {"building": "yes"}, "heightStatus": "unknown", "source": "OpenStreetMap", "license": "ODbL-1.0"}, "geometry": {"type": "MultiPolygon", "coordinates": [[[[114.0863732, 22.5458435], [114.0863777, 22.5455797], [114.0867235, 22.5455863], [114.0867971, 22.5455873], [114.0867924, 22.5458589], [114.0867122, 22.5458578], [114.0867135, 22.5458778], [114.0864395, 22.5458738], [114.0864383, 22.5458445], [114.0863732, 22.5458435]]]]}}, {"type": "Feature", "id": "way/351753025", "properties": {"tags": {"building": "yes", "name": "深圳市居台办", "office": "government"}, "heightStatus": "unknown", "source": "OpenStreetMap", "license": "ODbL-1.0"}, "geometry": {"type": "MultiPolygon", "coordinates": [[[[114.0896639, 22.5491463], [114.0896652, 22.5489833], [114.0900421, 22.5489859], [114.0900426, 22.5489144], [114.090197, 22.5489155], [114.0901964, 22.5489905], [114.0905734, 22.5489931], [114.0905748, 22.5488214], [114.0904137, 22.5488203], [114.0904143, 22.5487435], [114.0907184, 22.5487456], [114.0907151, 22.5491534], [114.0896639, 22.5491463]]]]}}, {"type": "Feature", "id": "way/351753030", "properties": {"tags": {"building": "residential", "name": "105栋", "name:en": "Block 105", "name:zh": "105栋"}, "heightStatus": "unknown", "source": "OpenStreetMap", "license": "ODbL-1.0"}, "geometry": {"type": "MultiPolygon", "coordinates": [[[[114.0848699, 22.5460179], [114.0848713, 22.5459369], [114.0850736, 22.5459154], [114.0851806, 22.5459055], [114.085397, 22.5459362], [114.0853769, 22.5460176], [114.0851809, 22.5459995], [114.0848699, 22.5460179]]]]}}, {"type": "Feature", "id": "way/351753039", "properties": {"tags": {"building": "yes", "name": "明通手机配件城", "name:en": "Mingtong Mobile Accessories City", "name:zh": "明通手机配件城"}, "heightStatus": "unknown", "source": "OpenStreetMap", "license": "ODbL-1.0"}, "geometry": {"type": "MultiPolygon", "coordinates": [[[[114.0829672, 22.547344], [114.0829691, 22.5472351], [114.0830461, 22.547234], [114.0830466, 22.5472074], [114.0831187, 22.5472084], [114.0831132, 22.5472483], [114.0837677, 22.5472579], [114.0837731, 22.5472247], [114.0838765, 22.5472262], [114.0838874, 22.5472952], [114.083884, 22.5474908], [114.0829843, 22.5474665], [114.0829864, 22.5473443], [114.0829672, 22.547344]]]]}}, {"type": "Feature", "id": "way/351753042", "properties": {"tags": {"building": "apartments", "name": "工艺大厦", "name:en": "Gongyi Building", "name:zh": "工艺大厦"}, "heightStatus": "unknown", "source": "OpenStreetMap", "license": "ODbL-1.0"}, "geometry": {"type": "MultiPolygon", "coordinates": [[[[114.0861164, 22.5467036], [114.0861247, 22.5462188], [114.0866149, 22.5462259], [114.0866333, 22.5462082], [114.0866354, 22.5461684], [114.0867885, 22.5461706], [114.0867883, 22.546186], [114.0868078, 22.5461863], [114.086814, 22.5463922], [114.0862976, 22.5463764], [114.0862949, 22.5465371], [114.0868018, 22.5465368], [114.0867988, 22.5467143], [114.0861164, 22.5467036]]]]}}, {"type": "Feature", "id": "way/351753048", "properties": {"tags": {"building": "yes"}, "heightStatus": "unknown", "source": "OpenStreetMap", "license": "ODbL-1.0"}, "geometry": {"type": "MultiPolygon", "coordinates": [[[[114.086267, 22.5501725], [114.0862679, 22.5501158], [114.0866096, 22.5501092], [114.0866074, 22.5502327], [114.0865382, 22.5502317], [114.0865391, 22.5501794], [114.0865217, 22.5501835], [114.086521, 22.5502227], [114.0864707, 22.5502249], [114.0864699, 22.5501798], [114.0864146, 22.5501906], [114.0863658, 22.5501928], [114.0863044, 22.5501919], [114.086267, 22.5501725]]]]}}, {"type": "Feature", "id": "way/351753053", "properties": {"tags": {"addr:city": "Shenzhen", "addr:district": "Futian", "addr:housenumber": "52", "addr:postcode": "518031", "addr:province": "Guangdong", "addr:street": "Huafabei Road", "building": "apartments", "building:levels": "25", "layer": "1", "name": "桑达雅苑", "name:en": "Sangdayayuan", "name:zh": "桑达雅苑"}, "heightStatus": "levels_only_unverified", "source": "OpenStreetMap", "license": "ODbL-1.0"}, "geometry": {"type": "MultiPolygon", "coordinates": [[[[114.0842337, 22.5481998], [114.0842363, 22.5480492], [114.0842555, 22.5480419], [114.0842723, 22.548012], [114.0844702, 22.5480476], [114.0846085, 22.5480697], [114.084617, 22.5480522], [114.0846824, 22.5480457], [114.0846817, 22.5480858], [114.0847208, 22.5484983], [114.0843254, 22.5485654], [114.0842988, 22.5485298], [114.0842526, 22.5485241], [114.0842579, 22.5482203], [114.0842337, 22.5481998]]]]}}, {"type": "Feature", "id": "way/351753056", "properties": {"tags": {"building": "yes"}, "heightStatus": "unknown", "source": "OpenStreetMap", "license": "ODbL-1.0"}, "geometry": {"type": "MultiPolygon", "coordinates": [[[[114.0862744, 22.5495415], [114.0862775, 22.5493633], [114.0868331, 22.5493715], [114.08683, 22.5495534], [114.086749, 22.5495522], [114.0867481, 22.5496045], [114.0866888, 22.5496036], [114.0866893, 22.5495712], [114.0866732, 22.549571], [114.0866735, 22.5495535], [114.0865683, 22.549552], [114.0865676, 22.5495919], [114.0864732, 22.5495905], [114.086474, 22.5495444], [114.0862744, 22.5495415]]]]}}, {"type": "Feature", "id": "way/351753058", "properties": {"tags": {"building": "yes"}, "heightStatus": "unknown", "source": "OpenStreetMap", "license": "ODbL-1.0"}, "geometry": {"type": "MultiPolygon", "coordinates": [[[[114.0895518, 22.5500327], [114.089552, 22.549968], [114.0895812, 22.5499681], [114.0895813, 22.5499576], [114.0896036, 22.5499576], [114.0896037, 22.5499542], [114.0896573, 22.5499543], [114.0896572, 22.5499726], [114.0896875, 22.5499727], [114.0896873, 22.5500331], [114.089636, 22.550033], [114.0896359, 22.5500564], [114.0896061, 22.5500563], [114.0896062, 22.5500317], [114.0895518, 22.5500327]]]]}}, {"type": "Feature", "id": "way/351753059", "properties": {"tags": {"building": "yes"}, "heightStatus": "unknown", "source": "OpenStreetMap", "license": "ODbL-1.0"}, "geometry": {"type": "MultiPolygon", "coordinates": [[[[114.0832989, 22.5499555], [114.0833007, 22.5498522], [114.0833523, 22.5498314], [114.0833485, 22.549784], [114.0833275, 22.549788], [114.0833307, 22.5495964], [114.0833433, 22.549545], [114.0833323, 22.5495082], [114.0833381, 22.5494394], [114.0833403, 22.5493103], [114.0839136, 22.5493187], [114.0839011, 22.5499867], [114.0833171, 22.5499859], [114.0833151, 22.5499643], [114.0832989, 22.5499555]]]]}}, {"type": "Feature", "id": "way/351753062", "properties": {"tags": {"building": "yes"}, "heightStatus": "unknown", "source": "OpenStreetMap", "license": "ODbL-1.0"}, "geometry": {"type": "MultiPolygon", "coordinates": [[[[114.0866585, 22.5502879], [114.0866608, 22.5501513], [114.087084, 22.5501575], [114.0870832, 22.5502084], [114.0870643, 22.5502081], [114.0870621, 22.5502415], [114.0870307, 22.5502367], [114.0870288, 22.5502584], [114.0868935, 22.5502564], [114.086893, 22.5502855], [114.0868222, 22.5502845], [114.0868213, 22.5502423], [114.086804, 22.5502464], [114.0867969, 22.5502885], [114.0866585, 22.5502879]]]]}}, {"type": "Feature", "id": "way/351753064", "properties": {"tags": {"building": "yes"}, "heightStatus": "unknown", "source": "OpenStreetMap", "license": "ODbL-1.0"}, "geometry": {"type": "MultiPolygon", "coordinates": [[[[114.0897637, 22.545741], [114.0897645, 22.5456579], [114.0898857, 22.545659], [114.0898861, 22.5456248], [114.0898647, 22.5456246], [114.0898649, 22.5456064], [114.0898406, 22.5456061], [114.0898414, 22.5455305], [114.0900747, 22.5455327], [114.0900737, 22.5456268], [114.0900185, 22.5456263], [114.0900181, 22.5456677], [114.0901386, 22.5456688], [114.0901378, 22.5457471], [114.0900144, 22.545746], [114.0900141, 22.54578], [114.0900437, 22.5457803], [114.0900432, 22.5458194], [114.0898471, 22.5458176], [114.0898476, 22.5457722], [114.0898775, 22.5457725], [114.0898779, 22.545742], [114.0897637, 22.545741]]]]}}, {"type": "Feature", "id": "way/351753068", "properties": {"tags": {"building": "yes"}, "heightStatus": "unknown", "source": "OpenStreetMap", "license": "ODbL-1.0"}, "geometry": {"type": "MultiPolygon", "coordinates": [[[[114.0869396, 22.5514502], [114.0869464, 22.5511642], [114.0869672, 22.5511663], [114.0869766, 22.5513879], [114.0869974, 22.5513865], [114.0869988, 22.5513063], [114.0870216, 22.5512979], [114.0870337, 22.5512545], [114.0870959, 22.5512589], [114.0871545, 22.5512545], [114.0871689, 22.5512966], [114.0874181, 22.5513002], [114.0874267, 22.5513492], [114.0874492, 22.5513617], [114.0874475, 22.5514576], [114.0869396, 22.5514502]]]]}}, {"type": "Feature", "id": "way/351753073", "properties": {"tags": {"building": "yes"}, "heightStatus": "unknown", "source": "OpenStreetMap", "license": "ODbL-1.0"}, "geometry": {"type": "MultiPolygon", "coordinates": [[[[114.0833436, 22.5503961], [114.0833452, 22.550295], [114.0837899, 22.550301], [114.0837923, 22.5501451], [114.0833513, 22.5501392], [114.0833528, 22.5500442], [114.0838985, 22.5500515], [114.0838885, 22.5506894], [114.0833639, 22.5506824], [114.083366, 22.5505537], [114.0837894, 22.5505594], [114.0837918, 22.5504021], [114.0833436, 22.5503961]]]]}}, {"type": "Feature", "id": "way/351753078", "properties": {"tags": {"building": "yes"}, "heightStatus": "unknown", "source": "OpenStreetMap", "license": "ODbL-1.0"}, "geometry": {"type": "MultiPolygon", "coordinates": [[[[114.0854862, 22.5470105], [114.0854882, 22.5469374], [114.0857629, 22.5469439], [114.0857609, 22.5470169], [114.0854862, 22.5470105]]]]}}, {"type": "Feature", "id": "way/351753081", "properties": {"tags": {"building": "yes", "building:levels": "6", "layer": "1", "name": "华发大厦", "name:en": "Huafa Building", "name:zh": "华发大厦"}, "heightStatus": "levels_only_unverified", "source": "OpenStreetMap", "license": "ODbL-1.0"}, "geometry": {"type": "MultiPolygon", "coordinates": [[[[114.0841008, 22.5489129], [114.0841052, 22.5486568], [114.0842384, 22.5486587], [114.0842381, 22.5486788], [114.0847628, 22.5486865], [114.0847717, 22.5486414], [114.0848045, 22.5486343], [114.0848349, 22.5482882], [114.085539, 22.5482985], [114.0855359, 22.5484793], [114.0855086, 22.5484864], [114.0854822, 22.5489155], [114.0855064, 22.5489309], [114.0854974, 22.5489835], [114.085464, 22.5490257], [114.0841781, 22.5490069], [114.0841008, 22.5489129]]]]}}, {"type": "Feature", "id": "way/351753082", "properties": {"tags": {"addr:city": "Shenzhen", "addr:district": "Futian", "addr:housenumber": "64", "addr:postcode": "518031", "addr:province": "Guangdong", "addr:street": "Zhenhua Road", "building": "commercial", "building:levels": "26", "name": "桑达大厦", "name:en": "Sangda Building", "name:zh": "桑达大厦"}, "heightStatus": "levels_only_unverified", "source": "OpenStreetMap", "license": "ODbL-1.0"}, "geometry": {"type": "MultiPolygon", "coordinates": [[[[114.0842054, 22.5477676], [114.0842092, 22.5475479], [114.0842457, 22.5475296], [114.0842444, 22.5474731], [114.0842264, 22.5474686], [114.0842303, 22.5472384], [114.0844342, 22.5472414], [114.0844408, 22.5472583], [114.0845178, 22.5472573], [114.0845227, 22.5472364], [114.0847311, 22.5472395], [114.0847269, 22.5474885], [114.084643, 22.5474873], [114.084642, 22.5475479], [114.0847168, 22.5475469], [114.0847131, 22.5477625], [114.0842054, 22.5477676]]]]}}, {"type": "Feature", "id": "way/351753084", "properties": {"tags": {"building": "yes", "name": "航天立业大厦"}, "heightStatus": "unknown", "source": "OpenStreetMap", "license": "ODbL-1.0"}, "geometry": {"type": "MultiPolygon", "coordinates": [[[[114.0894112, 22.5470128], [114.0894118, 22.5468282], [114.0894195, 22.5468282], [114.0894199, 22.546721], [114.0894828, 22.5467212], [114.0894829, 22.5466955], [114.0897347, 22.5466962], [114.0897346, 22.5467149], [114.0898275, 22.5467152], [114.0898272, 22.5468105], [114.0898156, 22.5468105], [114.0898149, 22.5470148], [114.0897299, 22.5470146], [114.0897299, 22.5470326], [114.0894773, 22.547032], [114.0894785, 22.547013], [114.0894112, 22.5470128]]]]}}, {"type": "Feature", "id": "way/351753085", "properties": {"tags": {"building": "yes"}, "heightStatus": "unknown", "source": "OpenStreetMap", "license": "ODbL-1.0"}, "geometry": {"type": "MultiPolygon", "coordinates": [[[[114.0855568, 22.5456159], [114.0860415, 22.5456125], [114.086043, 22.5455785], [114.0861665, 22.5455749], [114.0862402, 22.5456003], [114.086208, 22.5456372], [114.0862041, 22.5457083], [114.0861919, 22.5458711], [114.0855685, 22.5458854], [114.0855568, 22.5456159]]]]}}, {"type": "Feature", "id": "way/351753086", "properties": {"tags": {"building": "yes"}, "heightStatus": "unknown", "source": "OpenStreetMap", "license": "ODbL-1.0"}, "geometry": {"type": "MultiPolygon", "coordinates": [[[[114.0862385, 22.5512098], [114.0862429, 22.5509533], [114.0866064, 22.5509586], [114.0866042, 22.5510836], [114.0863023, 22.5510799], [114.0863001, 22.5512072], [114.0868155, 22.5512147], [114.0868138, 22.5513158], [114.0867792, 22.5513467], [114.0866376, 22.5513447], [114.0866436, 22.5513256], [114.0865417, 22.5513241], [114.0865394, 22.5513485], [114.0863204, 22.5513452], [114.0863188, 22.5513243], [114.0862737, 22.5513114], [114.0862755, 22.5512103], [114.0862385, 22.5512098]]]]}}, {"type": "Feature", "id": "way/351753087", "properties": {"tags": {"building": "yes"}, "heightStatus": "unknown", "source": "OpenStreetMap", "license": "ODbL-1.0"}, "geometry": {"type": "MultiPolygon", "coordinates": [[[[114.0900348, 22.5501056], [114.0900371, 22.5499744], [114.090335, 22.5499788], [114.0903357, 22.5499372], [114.0903808, 22.5499378], [114.0904006, 22.5497941], [114.0902308, 22.5497916], [114.0902332, 22.549654], [114.0904618, 22.5496573], [114.0904639, 22.5495389], [114.0900377, 22.5495327], [114.0900412, 22.5493279], [114.0905783, 22.5493358], [114.0906291, 22.5494037], [114.0905971, 22.5500562], [114.0905313, 22.550052], [114.0905268, 22.5501128], [114.0900348, 22.5501056]]]]}}, {"type": "Feature", "id": "way/351753088", "properties": {"tags": {"building": "yes"}, "heightStatus": "unknown", "source": "OpenStreetMap", "license": "ODbL-1.0"}, "geometry": {"type": "MultiPolygon", "coordinates": [[[[114.0891243, 22.548728], [114.0891252, 22.5486765], [114.0891613, 22.548676], [114.0891724, 22.5486651], [114.0895417, 22.5486705], [114.0895437, 22.5486816], [114.0895718, 22.5487022], [114.0895708, 22.5487587], [114.089541, 22.5487734], [114.0895104, 22.548773], [114.0894777, 22.5488023], [114.0894618, 22.5488046], [114.0894124, 22.5487574], [114.0892135, 22.5487545], [114.0892045, 22.5487675], [114.089151, 22.5487667], [114.0891516, 22.5487294], [114.0891243, 22.548728]]]]}}, {"type": "Feature", "id": "way/351753095", "properties": {"tags": {"building": "yes"}, "heightStatus": "unknown", "source": "OpenStreetMap", "license": "ODbL-1.0"}, "geometry": {"type": "MultiPolygon", "coordinates": [[[[114.0871704, 22.5502688], [114.0871739, 22.5502236], [114.0876388, 22.5502304], [114.0876379, 22.5502857], [114.0876185, 22.5503055], [114.0876316, 22.5503333], [114.0876287, 22.5505015], [114.0875849, 22.550521], [114.087584, 22.5505737], [114.0876381, 22.5505921], [114.0876188, 22.5507626], [114.0874204, 22.5507597], [114.0874223, 22.5506467], [114.0873706, 22.5506459], [114.0873744, 22.5504275], [114.08741, 22.5504104], [114.0874112, 22.5503401], [114.0872046, 22.5503371], [114.0871867, 22.550274], [114.0871704, 22.5502688]]]]}}, {"type": "Feature", "id": "way/351753101", "properties": {"tags": {"building": "yes"}, "heightStatus": "unknown", "source": "OpenStreetMap", "license": "ODbL-1.0"}, "geometry": {"type": "MultiPolygon", "coordinates": [[[[114.0898904, 22.5503381], [114.0898908, 22.5502292], [114.0898905, 22.5501967], [114.0900044, 22.550197], [114.0900044, 22.5502105], [114.0901316, 22.5502109], [114.0901316, 22.5501959], [114.0902511, 22.5501963], [114.090251, 22.5502248], [114.0902434, 22.5502248], [114.0902431, 22.5503134], [114.0902493, 22.5503134], [114.0902492, 22.5503429], [114.0901613, 22.5503427], [114.0901613, 22.5503355], [114.0901026, 22.5503353], [114.0901025, 22.5503668], [114.0900296, 22.5503666], [114.0900297, 22.5503385], [114.0898904, 22.5503381]]]]}}, {"type": "Feature", "id": "way/351753109", "properties": {"tags": {"building": "yes"}, "heightStatus": "unknown", "source": "OpenStreetMap", "license": "ODbL-1.0"}, "geometry": {"type": "MultiPolygon", "coordinates": [[[[114.0895452, 22.5501922], [114.0895526, 22.5501922], [114.0895528, 22.5501403], [114.0897002, 22.5501407], [114.0897003, 22.5501311], [114.0897813, 22.5501313], [114.0897813, 22.5501356], [114.0899298, 22.550136], [114.0899297, 22.5501715], [114.089919, 22.5501715], [114.0899189, 22.550187], [114.0897094, 22.5501865], [114.0897094, 22.5501778], [114.0896961, 22.5501777], [114.0896961, 22.5501843], [114.0896923, 22.550184], [114.0896923, 22.5502031], [114.0896822, 22.5502031], [114.0896822, 22.5501992], [114.0895452, 22.5501988], [114.0895452, 22.5501922]]]]}}, {"type": "Feature", "id": "way/351753111", "properties": {"tags": {"building": "yes"}, "heightStatus": "unknown", "source": "OpenStreetMap", "license": "ODbL-1.0"}, "geometry": {"type": "MultiPolygon", "coordinates": [[[[114.0842357, 22.5450995], [114.0842397, 22.5449248], [114.0843629, 22.5449272], [114.0843726, 22.5449638], [114.0843976, 22.5449641], [114.084398, 22.5449374], [114.0844468, 22.544938], [114.08447, 22.5449172], [114.08455, 22.5449184], [114.084572, 22.5449677], [114.08461, 22.5449675], [114.0846097, 22.5449246], [114.0847347, 22.544924], [114.0847406, 22.5449461], [114.084785, 22.544947], [114.0847823, 22.5450619], [114.0844084, 22.5450546], [114.0844089, 22.5450323], [114.0843075, 22.5450303], [114.0843059, 22.5451009], [114.0842357, 22.5450995]]]]}}, {"type": "Feature", "id": "way/351753115", "properties": {"tags": {"addr:city": "Shenzhen", "addr:district": "Futian", "addr:housenumber": "117", "addr:postcode": "518031", "addr:province": "Guangdong", "addr:street": "Zhenhua Road", "building": "commercial", "building:levels": "8"}, "heightStatus": "levels_only_unverified", "source": "OpenStreetMap", "license": "ODbL-1.0"}, "geometry": {"type": "MultiPolygon", "coordinates": [[[[114.0833408, 22.547005], [114.0833429, 22.5468823], [114.0836775, 22.5468872], [114.0836782, 22.5468433], [114.0837924, 22.546845], [114.0837927, 22.5468274], [114.0838985, 22.546829], [114.0839032, 22.546829], [114.0839043, 22.5467664], [114.0833764, 22.5467587], [114.0833812, 22.5464798], [114.0838877, 22.5464872], [114.0838874, 22.5465048], [114.0839361, 22.5465055], [114.0839371, 22.5464495], [114.0839526, 22.5464497], [114.0839427, 22.5470262], [114.0839175, 22.5470401], [114.0838402, 22.547039], [114.0838405, 22.5470214], [114.0836098, 22.547018], [114.0833408, 22.547005]]]]}}, {"type": "Feature", "id": "way/351753116", "properties": {"tags": {"building": "school"}, "heightStatus": "unknown", "source": "OpenStreetMap", "license": "ODbL-1.0"}, "geometry": {"type": "MultiPolygon", "coordinates": [[[[114.0887651, 22.5458699], [114.0887696, 22.5455495], [114.0889377, 22.5455515], [114.0889355, 22.5457067], [114.0889696, 22.5457071], [114.0889686, 22.5457782], [114.0895165, 22.5457848], [114.089517, 22.545753], [114.0894705, 22.5457525], [114.0894758, 22.5454944], [114.0895662, 22.5454955], [114.089566, 22.5456776], [114.089612, 22.5456782], [114.089611, 22.5457521], [114.0895681, 22.5457516], [114.0895661, 22.5458932], [114.0892562, 22.5458895], [114.0892571, 22.5458241], [114.0891846, 22.5458232], [114.0891839, 22.5458749], [114.0887651, 22.5458699]]]]}}, {"type": "Feature", "id": "way/351753120", "properties": {"tags": {"building": "apartments"}, "heightStatus": "unknown", "source": "OpenStreetMap", "license": "ODbL-1.0"}, "geometry": {"type": "MultiPolygon", "coordinates": [[[[114.0880468, 22.5459835], [114.0880471, 22.5459109], [114.0880515, 22.5459109], [114.0880519, 22.5457705], [114.0880747, 22.5457706], [114.0880744, 22.5458686], [114.0881201, 22.5458688], [114.0881202, 22.5458477], [114.0881773, 22.5458479], [114.0881772, 22.5458737], [114.0882608, 22.5458739], [114.0882607, 22.5458978], [114.0882551, 22.5458977], [114.0882548, 22.5459878], [114.0882149, 22.5459877], [114.088215, 22.5459717], [114.0881847, 22.5459716], [114.0881846, 22.5459829], [114.0881119, 22.5459827], [114.0881119, 22.5459679], [114.0880806, 22.5459665], [114.0880806, 22.5459835], [114.0880468, 22.5459835]]]]}}, {"type": "Feature", "id": "way/351753130", "properties": {"tags": {"building": "yes"}, "heightStatus": "unknown", "source": "OpenStreetMap", "license": "ODbL-1.0"}, "geometry": {"type": "MultiPolygon", "coordinates": [[[[114.0883069, 22.5456922], [114.0883071, 22.5456297], [114.0884682, 22.5456314], [114.0884682, 22.5456359], [114.0886065, 22.5456363], [114.0886063, 22.5456962], [114.0885735, 22.5456961], [114.0885734, 22.5457293], [114.0885286, 22.5457292], [114.0885287, 22.5457151], [114.0885015, 22.545715], [114.0885014, 22.5457318], [114.0884517, 22.5457316], [114.0884518, 22.5456978], [114.088432, 22.5456977], [114.0884319, 22.5457318], [114.0883913, 22.5457317], [114.0883913, 22.5457161], [114.0883634, 22.545716], [114.0883634, 22.5457311], [114.0883484, 22.545731], [114.0883485, 22.5457237], [114.0883217, 22.5457236], [114.0883218, 22.5456922], [114.0883069, 22.5456922]]]]}}, {"type": "Feature", "id": "way/351753132", "properties": {"tags": {"building": "commercial", "name": "工会大厦"}, "heightStatus": "unknown", "source": "OpenStreetMap", "license": "ODbL-1.0"}, "geometry": {"type": "MultiPolygon", "coordinates": [[[[114.0903239, 22.5461275], [114.0903305, 22.5461275], [114.0903304, 22.5460158], [114.0905898, 22.5460157], [114.0905898, 22.5460259], [114.0907163, 22.5460258], [114.0907163, 22.5460343], [114.0907291, 22.5460343], [114.0907291, 22.5460163], [114.0908615, 22.5460161], [114.0908865, 22.5460161], [114.0908869, 22.5462039], [114.0908796, 22.546204], [114.0908801, 22.5464341], [114.0908994, 22.5464785], [114.0908976, 22.5465406], [114.0908796, 22.5465797], [114.0908796, 22.5466204], [114.090732, 22.5466205], [114.0907318, 22.5461516], [114.0904617, 22.5461517], [114.0904617, 22.5461445], [114.0903239, 22.5461446], [114.0903239, 22.5461275]]]]}}, {"type": "Feature", "id": "way/351753134", "properties": {"tags": {"building": "yes"}, "heightStatus": "unknown", "source": "OpenStreetMap", "license": "ODbL-1.0"}, "geometry": {"type": "MultiPolygon", "coordinates": [[[[114.0903073, 22.547552], [114.0903095, 22.5474209], [114.0906512, 22.5474258], [114.0906526, 22.5473426], [114.0907749, 22.5473443], [114.0907739, 22.5474036], [114.0908853, 22.5474052], [114.0908793, 22.5477609], [114.0905999, 22.5477569], [114.0906014, 22.5476688], [114.0906466, 22.5476695], [114.090646, 22.547707], [114.0907393, 22.5477084], [114.0907418, 22.5475583], [114.0903073, 22.547552]]]]}}, {"type": "Feature", "id": "way/351753136", "properties": {"tags": {"building": "yes"}, "heightStatus": "unknown", "source": "OpenStreetMap", "license": "ODbL-1.0"}, "geometry": {"type": "MultiPolygon", "coordinates": [[[[114.0902685, 22.5470088], [114.0902688, 22.5469305], [114.0903408, 22.5469307], [114.0903409, 22.5469222], [114.0904927, 22.5469227], [114.0904926, 22.5469339], [114.0906212, 22.5469342], [114.0906213, 22.5468966], [114.0906843, 22.5468968], [114.0906844, 22.5468692], [114.0906235, 22.546869], [114.0906236, 22.54684], [114.0905239, 22.5468397], [114.0905242, 22.54676], [114.0905321, 22.5467601], [114.0905322, 22.5467319], [114.0908292, 22.5467327], [114.0908286, 22.5469097], [114.0908401, 22.5469097], [114.0908396, 22.5470425], [114.0907557, 22.5470423], [114.0907556, 22.5470567], [114.0903627, 22.5470557], [114.0903687, 22.5470091], [114.0902685, 22.5470088]]]]}}, {"type": "Feature", "id": "way/351753140", "properties": {"tags": {"building": "yes"}, "heightStatus": "unknown", "source": "OpenStreetMap", "license": "ODbL-1.0"}, "geometry": {"type": "MultiPolygon", "coordinates": [[[[114.0894498, 22.5465218], [114.0894499, 22.5465023], [114.0894556, 22.5465023], [114.0894558, 22.5464143], [114.0895555, 22.5464146], [114.0895554, 22.5464185], [114.089907, 22.5464195], [114.0899068, 22.5464853], [114.0898992, 22.5464853], [114.0898991, 22.5465201], [114.089829, 22.5465199], [114.089829, 22.546532], [114.0897415, 22.5465317], [114.0897415, 22.5465218], [114.089684, 22.5465217], [114.0896841, 22.5464943], [114.0896911, 22.5464943], [114.0896912, 22.5464711], [114.0896762, 22.5464711], [114.0896761, 22.5464949], [114.089669, 22.5464949], [114.0896689, 22.5465227], [114.0896103, 22.5465225], [114.0896103, 22.5465332], [114.089513, 22.546533], [114.0895128, 22.546522], [114.0894498, 22.5465218]]]]}}, {"type": "Feature", "id": "way/351753142", "properties": {"tags": {"building": "commercial", "name": "中国电子工程设计院"}, "heightStatus": "unknown", "source": "OpenStreetMap", "license": "ODbL-1.0"}, "geometry": {"type": "MultiPolygon", "coordinates": [[[[114.0842405, 22.5452679], [114.0842557, 22.5452543], [114.0843124, 22.5453083], [114.0843802, 22.5452368], [114.0843761, 22.5452105], [114.0844002, 22.5451998], [114.0844134, 22.5452165], [114.0844393, 22.545192], [114.0846576, 22.5451952], [114.0846587, 22.5452146], [114.0847335, 22.5452157], [114.0847315, 22.5453317], [114.0847594, 22.5453597], [114.0848506, 22.5453611], [114.0848528, 22.545234], [114.0852735, 22.5452354], [114.085274, 22.5451546], [114.0853029, 22.5451551], [114.0853053, 22.5451967], [114.0854107, 22.545193], [114.0854109, 22.5453043], [114.0854046, 22.5453323], [114.0853875, 22.5453578], [114.0853556, 22.5453982], [114.0853157, 22.5454212], [114.084851, 22.5454584], [114.0848501, 22.5454164], [114.0847644, 22.5454164], [114.0847604, 22.5454973], [114.084241, 22.5454927], [114.0842405, 22.5452679]]]]}}, {"type": "Feature", "id": "way/351753144", "properties": {"tags": {"building": "yes"}, "heightStatus": "unknown", "source": "OpenStreetMap", "license": "ODbL-1.0"}, "geometry": {"type": "MultiPolygon", "coordinates": [[[[114.0899663, 22.5461255], [114.0899664, 22.5460894], [114.0899933, 22.5460894], [114.0899932, 22.5460949], [114.0900529, 22.5460942], [114.090053, 22.5460888], [114.0901194, 22.546089], [114.0901194, 22.5460932], [114.0901791, 22.5460934], [114.0901791, 22.546089], [114.0902084, 22.5460891], [114.0902083, 22.5461155], [114.0902037, 22.5461155], [114.0902036, 22.546128], [114.0901915, 22.546128], [114.0901914, 22.5461589], [114.0901477, 22.5461588], [114.0901477, 22.5461791], [114.0901137, 22.546179], [114.0901137, 22.5461679], [114.0900525, 22.5461677], [114.0900524, 22.5461801], [114.0900203, 22.54618], [114.0900203, 22.5461599], [114.0899726, 22.5461598], [114.0899727, 22.5461316], [114.0899806, 22.5461317], [114.0899806, 22.5461256], [114.0899663, 22.5461255]]]]}}, {"type": "Feature", "id": "way/351753145", "properties": {"tags": {"building": "yes"}, "heightStatus": "unknown", "source": "OpenStreetMap", "license": "ODbL-1.0"}, "geometry": {"type": "MultiPolygon", "coordinates": [[[[114.0899657, 22.546308], [114.0899658, 22.5462718], [114.0899927, 22.5462719], [114.0899926, 22.5462774], [114.0900524, 22.5462766], [114.0900524, 22.5462713], [114.0901189, 22.5462714], [114.0901188, 22.5462757], [114.0901785, 22.5462759], [114.0901786, 22.5462715], [114.0902078, 22.5462716], [114.0902077, 22.546298], [114.0902031, 22.5462979], [114.090203, 22.5463105], [114.0901909, 22.5463104], [114.0901908, 22.5463414], [114.0901471, 22.5463413], [114.0901471, 22.5463615], [114.0901131, 22.5463614], [114.0901132, 22.5463504], [114.0900519, 22.5463502], [114.0900518, 22.5463626], [114.0900197, 22.5463625], [114.0900198, 22.5463424], [114.089972, 22.5463422], [114.0899721, 22.5463141], [114.08998, 22.5463141], [114.08998, 22.546308], [114.0899657, 22.546308]]]]}}, {"type": "Feature", "id": "way/351753147", "properties": {"tags": {"building": "yes"}, "heightStatus": "unknown", "source": "OpenStreetMap", "license": "ODbL-1.0"}, "geometry": {"type": "MultiPolygon", "coordinates": [[[[114.089961, 22.5464917], [114.0899611, 22.5464457], [114.089995, 22.5464458], [114.089995, 22.5464517], [114.0899876, 22.5464517], [114.0899876, 22.5464572], [114.0900215, 22.5464573], [114.0900215, 22.5464477], [114.0900735, 22.5464479], [114.0900735, 22.546453], [114.0901414, 22.5464532], [114.0901414, 22.5464625], [114.090168, 22.5464626], [114.090168, 22.5464517], [114.0901978, 22.5464517], [114.0901976, 22.5464978], [114.0901873, 22.5464978], [114.0901872, 22.5465291], [114.0901397, 22.5465289], [114.0901396, 22.5465468], [114.0901117, 22.5465467], [114.0901117, 22.5465378], [114.0900488, 22.5465377], [114.0900487, 22.5465472], [114.0900214, 22.5465471], [114.0900214, 22.5465284], [114.0899891, 22.5465283], [114.0899891, 22.5465234], [114.0899663, 22.5465233], [114.0899664, 22.5464918], [114.089961, 22.5464917]]]]}}, {"type": "Feature", "id": "way/351753160", "properties": {"tags": {"building": "yes"}, "heightStatus": "unknown", "source": "OpenStreetMap", "license": "ODbL-1.0"}, "geometry": {"type": "MultiPolygon", "coordinates": [[[[114.0895606, 22.5503181], [114.0895608, 22.5502354], [114.0896653, 22.5502357], [114.0896652, 22.5502888], [114.0896978, 22.5502889], [114.089698, 22.5502187], [114.0897085, 22.5502187], [114.0897086, 22.5502005], [114.0897575, 22.5502007], [114.0897575, 22.550205], [114.0898155, 22.5502052], [114.0898151, 22.5503055], [114.0896939, 22.5503052], [114.0896939, 22.5503228], [114.0896882, 22.5503228], [114.0896881, 22.5503616], [114.089717, 22.5503616], [114.0897169, 22.5503741], [114.0897587, 22.5503742], [114.0897586, 22.5504074], [114.0897911, 22.5504075], [114.0897896, 22.5504498], [114.0897091, 22.5504496], [114.089709, 22.5504564], [114.08957, 22.5504561], [114.0895701, 22.5504184], [114.0895814, 22.5504185], [114.0895815, 22.5503777], [114.0895964, 22.5503777], [114.0895964, 22.5503554], [114.089644, 22.5503555], [114.0896441, 22.5503099], [114.0895916, 22.5503097], [114.0895916, 22.5503182], [114.0895606, 22.5503181]]]]}}, {"type": "Feature", "id": "way/351753162", "properties": {"tags": {"building": "apartments"}, "heightStatus": "unknown", "source": "OpenStreetMap", "license": "ODbL-1.0"}, "geometry": {"type": "MultiPolygon", "coordinates": [[[[114.0882916, 22.5452231], [114.0882919, 22.5451445], [114.0883396, 22.5451446], [114.0883397, 22.5451219], [114.0883585, 22.545122], [114.0883584, 22.5451284], [114.0884154, 22.5451285], [114.0884153, 22.5451442], [114.0884661, 22.5451444], [114.0884662, 22.5451231], [114.0885472, 22.5451234], [114.0885471, 22.5451455], [114.0885971, 22.5451456], [114.0885969, 22.5452042], [114.0885857, 22.5452042], [114.0885857, 22.5452151], [114.0885767, 22.5452151], [114.0885765, 22.5452477], [114.0885557, 22.5452477], [114.0885556, 22.5452609], [114.088517, 22.5452607], [114.088517, 22.5452469], [114.0884932, 22.5452468], [114.0884932, 22.5452349], [114.088469, 22.5452348], [114.088469, 22.5452461], [114.0884028, 22.545246], [114.0884028, 22.5452339], [114.0883793, 22.5452339], [114.0883793, 22.5452452], [114.088354, 22.5452451], [114.0883539, 22.545259], [114.08832, 22.5452589], [114.0883209, 22.545244], [114.0883016, 22.545244], [114.0883017, 22.5452231], [114.0882916, 22.5452231]]]]}}, {"type": "Feature", "id": "way/351753166", "properties": {"tags": {"building": "yes"}, "heightStatus": "unknown", "source": "OpenStreetMap", "license": "ODbL-1.0"}, "geometry": {"type": "MultiPolygon", "coordinates": [[[[114.089219, 22.549431], [114.0892204, 22.5493501], [114.089448, 22.5493534], [114.0894466, 22.5494344], [114.089219, 22.549431]]]]}}, {"type": "Feature", "id": "way/351753168", "properties": {"tags": {"building": "yes"}, "heightStatus": "unknown", "source": "OpenStreetMap", "license": "ODbL-1.0"}, "geometry": {"type": "MultiPolygon", "coordinates": [[[[114.084943, 22.5497807], [114.0849445, 22.5496968], [114.0853989, 22.5497034], [114.0853975, 22.5497873], [114.084943, 22.5497807]]]]}}, {"type": "Feature", "id": "way/351753172", "properties": {"tags": {"building": "residential"}, "heightStatus": "unknown", "source": "OpenStreetMap", "license": "ODbL-1.0"}, "geometry": {"type": "MultiPolygon", "coordinates": [[[[114.0849701, 22.5482097], [114.0849716, 22.5480891], [114.0855262, 22.5480948], [114.0855248, 22.5482153], [114.0849701, 22.5482097]]]]}}, {"type": "Feature", "id": "way/351753179", "properties": {"tags": {"building": "yes"}, "heightStatus": "unknown", "source": "OpenStreetMap", "license": "ODbL-1.0"}, "geometry": {"type": "MultiPolygon", "coordinates": [[[[114.0850396, 22.5511655], [114.0850412, 22.5510695], [114.0851821, 22.5510715], [114.0851805, 22.5511676], [114.0850396, 22.5511655]]]]}}, {"type": "Feature", "id": "way/351753187", "properties": {"tags": {"building": "yes"}, "heightStatus": "unknown", "source": "OpenStreetMap", "license": "ODbL-1.0"}, "geometry": {"type": "MultiPolygon", "coordinates": [[[[114.0895678, 22.5494951], [114.0895696, 22.5493923], [114.0900101, 22.5493987], [114.0900084, 22.5495016], [114.0895678, 22.5494951]]]]}}, {"type": "Feature", "id": "way/351753194", "properties": {"tags": {"building": "yes"}, "heightStatus": "unknown", "source": "OpenStreetMap", "license": "ODbL-1.0"}, "geometry": {"type": "MultiPolygon", "coordinates": [[[[114.084667, 22.5511663], [114.0846686, 22.5510702], [114.0848062, 22.5510722], [114.0848045, 22.5511683], [114.084667, 22.5511663]]]]}}, {"type": "Feature", "id": "way/351753198", "properties": {"tags": {"building": "yes"}, "heightStatus": "unknown", "source": "OpenStreetMap", "license": "ODbL-1.0"}, "geometry": {"type": "MultiPolygon", "coordinates": [[[[114.0883031, 22.5465241], [114.088304, 22.5464697], [114.0883784, 22.5464708], [114.0883775, 22.5465252], [114.0883031, 22.5465241]]]]}}, {"type": "Feature", "id": "way/351753203", "properties": {"tags": {"building": "yes"}, "heightStatus": "unknown", "source": "OpenStreetMap", "license": "ODbL-1.0"}, "geometry": {"type": "MultiPolygon", "coordinates": [[[[114.0895692, 22.5507547], [114.0895708, 22.5506626], [114.0897883, 22.5506658], [114.0897867, 22.5507579], [114.0895692, 22.5507547]]]]}}, {"type": "Feature", "id": "way/351753205", "properties": {"tags": {"building": "yes"}, "heightStatus": "unknown", "source": "OpenStreetMap", "license": "ODbL-1.0"}, "geometry": {"type": "MultiPolygon", "coordinates": [[[[114.0859107, 22.5510605], [114.0859131, 22.5509226], [114.0860624, 22.5509248], [114.08606, 22.5510627], [114.0859107, 22.5510605]]]]}}, {"type": "Feature", "id": "way/351753208", "properties": {"tags": {"building": "yes"}, "heightStatus": "unknown", "source": "OpenStreetMap", "license": "ODbL-1.0"}, "geometry": {"type": "MultiPolygon", "coordinates": [[[[114.0900105, 22.5469573], [114.0900123, 22.5468542], [114.0901983, 22.5468569], [114.0901966, 22.54696], [114.0900105, 22.5469573]]]]}}, {"type": "Feature", "id": "way/351753210", "properties": {"tags": {"building": "residential", "name": "103栋", "name:en": "Block 103", "name:zh": "103栋"}, "heightStatus": "unknown", "source": "OpenStreetMap", "license": "ODbL-1.0"}, "geometry": {"type": "MultiPolygon", "coordinates": [[[[114.0847912, 22.5464656], [114.0847925, 22.5463897], [114.085364, 22.5463981], [114.0853628, 22.5464647], [114.0847912, 22.5464656]]]]}}, {"type": "Feature", "id": "way/351753212", "properties": {"tags": {"building": "yes"}, "heightStatus": "unknown", "source": "OpenStreetMap", "license": "ODbL-1.0"}, "geometry": {"type": "MultiPolygon", "coordinates": [[[[114.0850476, 22.5508929], [114.0850492, 22.5507999], [114.0851935, 22.550802], [114.0851919, 22.550895], [114.0850476, 22.5508929]]]]}}, {"type": "Feature", "id": "way/351753213", "properties": {"tags": {"building": "yes"}, "heightStatus": "unknown", "source": "OpenStreetMap", "license": "ODbL-1.0"}, "geometry": {"type": "MultiPolygon", "coordinates": [[[[114.0863645, 22.5452961], [114.0863684, 22.5450651], [114.0868986, 22.5450728], [114.0868951, 22.5452806], [114.0863645, 22.5452961]]]]}}, {"type": "Feature", "id": "way/351753215", "properties": {"tags": {"building": "yes"}, "heightStatus": "unknown", "source": "OpenStreetMap", "license": "ODbL-1.0"}, "geometry": {"type": "MultiPolygon", "coordinates": [[[[114.0890176, 22.5502225], [114.089019, 22.5501407], [114.0893231, 22.5501452], [114.0893217, 22.550227], [114.0890176, 22.5502225]]]]}}, {"type": "Feature", "id": "way/351753217", "properties": {"tags": {"building": "yes"}, "heightStatus": "unknown", "source": "OpenStreetMap", "license": "ODbL-1.0"}, "geometry": {"type": "MultiPolygon", "coordinates": [[[[114.086987, 22.5512189], [114.086988, 22.5511649], [114.087071, 22.5511661], [114.0870739, 22.5512184], [114.086987, 22.5512189]]]]}}, {"type": "Feature", "id": "way/351753224", "properties": {"tags": {"building": "yes"}, "heightStatus": "unknown", "source": "OpenStreetMap", "license": "ODbL-1.0"}, "geometry": {"type": "MultiPolygon", "coordinates": [[[[114.0869309, 22.5511083], [114.0869326, 22.5510123], [114.0870365, 22.5510138], [114.0870349, 22.5511098], [114.0869309, 22.5511083]]]]}}, {"type": "Feature", "id": "way/351753227", "properties": {"tags": {"building": "yes"}, "heightStatus": "unknown", "source": "OpenStreetMap", "license": "ODbL-1.0"}, "geometry": {"type": "MultiPolygon", "coordinates": [[[[114.0853224, 22.5509186], [114.0853244, 22.5508008], [114.0854519, 22.5508027], [114.0854499, 22.5509205], [114.0853224, 22.5509186]]]]}}, {"type": "Feature", "id": "way/351753230", "properties": {"tags": {"building": "yes", "name": "明通数码城", "name:en": "Mingtong Digital City", "name:zh": "明通数码城"}, "heightStatus": "unknown", "source": "OpenStreetMap", "license": "ODbL-1.0"}, "geometry": {"type": "MultiPolygon", "coordinates": [[[[114.0829555, 22.5478862], [114.08296, 22.547624], [114.0838719, 22.5476373], [114.0838674, 22.5479017], [114.0829555, 22.5478862]]]]}}, {"type": "Feature", "id": "way/351753233", "properties": {"tags": {"building": "yes"}, "heightStatus": "unknown", "source": "OpenStreetMap", "license": "ODbL-1.0"}, "geometry": {"type": "MultiPolygon", "coordinates": [[[[114.0856444, 22.5509295], [114.0856463, 22.5508179], [114.0857671, 22.5508197], [114.0857652, 22.5509313], [114.0856444, 22.5509295]]]]}}, {"type": "Feature", "id": "way/351753238", "properties": {"tags": {"building": "yes"}, "heightStatus": "unknown", "source": "OpenStreetMap", "license": "ODbL-1.0"}, "geometry": {"type": "MultiPolygon", "coordinates": [[[[114.0875551, 22.5514784], [114.0875622, 22.5509248], [114.0877321, 22.5509267], [114.0877249, 22.5514803], [114.0875551, 22.5514784]]]]}}, {"type": "Feature", "id": "way/351753241", "properties": {"tags": {"building": "yes"}, "heightStatus": "unknown", "source": "OpenStreetMap", "license": "ODbL-1.0"}, "geometry": {"type": "MultiPolygon", "coordinates": [[[[114.0855203, 22.5509277], [114.0855222, 22.550813], [114.0856464, 22.5508148], [114.0856444, 22.5509295], [114.0855203, 22.5509277]]]]}}, {"type": "Feature", "id": "way/351753247", "properties": {"tags": {"building": "yes"}, "heightStatus": "unknown", "source": "OpenStreetMap", "license": "ODbL-1.0"}, "geometry": {"type": "MultiPolygon", "coordinates": [[[[114.08455, 22.5511367], [114.0845514, 22.5510561], [114.0846688, 22.5510578], [114.0846674, 22.5511384], [114.08455, 22.5511367]]]]}}, {"type": "Feature", "id": "way/351753253", "properties": {"tags": {"building": "yes"}, "heightStatus": "unknown", "source": "OpenStreetMap", "license": "ODbL-1.0"}, "geometry": {"type": "MultiPolygon", "coordinates": [[[[114.086579, 22.5482124], [114.0865824, 22.5480141], [114.0866885, 22.5480156], [114.086685, 22.5482165], [114.086579, 22.5482124]]]]}}, {"type": "Feature", "id": "way/351753267", "properties": {"tags": {"building": "yes", "building:levels": "24", "name": "富怡雅居"}, "heightStatus": "levels_only_unverified", "source": "OpenStreetMap", "license": "ODbL-1.0"}, "geometry": {"type": "MultiPolygon", "coordinates": [[[[114.0887115, 22.5470314], [114.0887135, 22.5468515], [114.0892665, 22.5468612], [114.0892644, 22.5470369], [114.0887115, 22.5470314]]]]}}, {"type": "Feature", "id": "way/351753270", "properties": {"tags": {"building": "yes"}, "heightStatus": "unknown", "source": "OpenStreetMap", "license": "ODbL-1.0"}, "geometry": {"type": "MultiPolygon", "coordinates": [[[[114.0841195, 22.5500742], [114.0841285, 22.549549], [114.084231, 22.5495505], [114.084222, 22.5500757], [114.0841195, 22.5500742]]]]}}, {"type": "Feature", "id": "way/351753273", "properties": {"tags": {"building": "yes"}, "heightStatus": "unknown", "source": "OpenStreetMap", "license": "ODbL-1.0"}, "geometry": {"type": "MultiPolygon", "coordinates": [[[[114.0853787, 22.5507454], [114.08538, 22.5506734], [114.0855099, 22.5506753], [114.0855087, 22.5507473], [114.0853787, 22.5507454]]]]}}, {"type": "Feature", "id": "way/351753285", "properties": {"tags": {"building": "yes"}, "heightStatus": "unknown", "source": "OpenStreetMap", "license": "ODbL-1.0"}, "geometry": {"type": "MultiPolygon", "coordinates": [[[[114.0855697, 22.5511733], [114.0855712, 22.5510896], [114.0857188, 22.5510918], [114.0857174, 22.5511755], [114.0855697, 22.5511733]]]]}}, {"type": "Feature", "id": "way/351753288", "properties": {"tags": {"building": "yes"}, "heightStatus": "unknown", "source": "OpenStreetMap", "license": "ODbL-1.0"}, "geometry": {"type": "MultiPolygon", "coordinates": [[[[114.0855132, 22.5497932], [114.0855147, 22.5497066], [114.0860801, 22.5497149], [114.0860787, 22.5498015], [114.0855132, 22.5497932]]]]}}, {"type": "Feature", "id": "way/351753289", "properties": {"tags": {"building": "yes"}, "heightStatus": "unknown", "source": "OpenStreetMap", "license": "ODbL-1.0"}, "geometry": {"type": "MultiPolygon", "coordinates": [[[[114.0848726, 22.5450661], [114.0848742, 22.5449707], [114.0854044, 22.5449784], [114.0854028, 22.5450739], [114.0848726, 22.5450661]]]]}}, {"type": "Feature", "id": "way/351753290", "properties": {"tags": {"building": "yes"}, "heightStatus": "unknown", "source": "OpenStreetMap", "license": "ODbL-1.0"}, "geometry": {"type": "MultiPolygon", "coordinates": [[[[114.0849287, 22.5500536], [114.0849303, 22.5499648], [114.0857002, 22.549976], [114.0856987, 22.5500649], [114.0849287, 22.5500536]]]]}}, {"type": "Feature", "id": "way/351753291", "properties": {"tags": {"building": "yes"}, "heightStatus": "unknown", "source": "OpenStreetMap", "license": "ODbL-1.0"}, "geometry": {"type": "MultiPolygon", "coordinates": [[[[114.0851919, 22.550895], [114.0851936, 22.5507927], [114.0853044, 22.5507943], [114.0853026, 22.5508966], [114.0851919, 22.550895]]]]}}, {"type": "Feature", "id": "way/351753293", "properties": {"tags": {"building": "yes"}, "heightStatus": "unknown", "source": "OpenStreetMap", "license": "ODbL-1.0"}, "geometry": {"type": "MultiPolygon", "coordinates": [[[[114.0854322, 22.5511713], [114.0854339, 22.5510721], [114.0855714, 22.5510741], [114.0855697, 22.5511733], [114.0854322, 22.5511713]]]]}}, {"type": "Feature", "id": "way/351753299", "properties": {"tags": {"building": "yes"}, "heightStatus": "unknown", "source": "OpenStreetMap", "license": "ODbL-1.0"}, "geometry": {"type": "MultiPolygon", "coordinates": [[[[114.0868582, 22.549979], [114.0868601, 22.5498671], [114.0870322, 22.5498696], [114.0870303, 22.5499815], [114.0868582, 22.549979]]]]}}, {"type": "Feature", "id": "way/351753306", "properties": {"tags": {"building": "yes"}, "heightStatus": "unknown", "source": "OpenStreetMap", "license": "ODbL-1.0"}, "geometry": {"type": "MultiPolygon", "coordinates": [[[[114.0853147, 22.5511696], [114.0853166, 22.5510611], [114.085434, 22.5510628], [114.0854322, 22.5511713], [114.0853147, 22.5511696]]]]}}, {"type": "Feature", "id": "way/351753313", "properties": {"tags": {"building": "yes"}, "heightStatus": "unknown", "source": "OpenStreetMap", "license": "ODbL-1.0"}, "geometry": {"type": "MultiPolygon", "coordinates": [[[[114.0861203, 22.546086], [114.0861218, 22.5459953], [114.0868168, 22.5460055], [114.0868153, 22.5460962], [114.0861203, 22.546086]]]]}}, {"type": "Feature", "id": "way/351753321", "properties": {"tags": {"building": "yes"}, "heightStatus": "unknown", "source": "OpenStreetMap", "license": "ODbL-1.0"}, "geometry": {"type": "MultiPolygon", "coordinates": [[[[114.0851805, 22.5511676], [114.085182, 22.5510777], [114.0853163, 22.5510797], [114.0853147, 22.5511696], [114.0851805, 22.5511676]]]]}}, {"type": "Feature", "id": "way/351753323", "properties": {"tags": {"building": "yes"}, "heightStatus": "unknown", "source": "OpenStreetMap", "license": "ODbL-1.0"}, "geometry": {"type": "MultiPolygon", "coordinates": [[[[114.0885607, 22.549611], [114.0885621, 22.5495295], [114.0888809, 22.5495342], [114.0888796, 22.5496138], [114.0885607, 22.549611]]]]}}, {"type": "Feature", "id": "way/351753325", "properties": {"tags": {"building": "yes"}, "heightStatus": "unknown", "source": "OpenStreetMap", "license": "ODbL-1.0"}, "geometry": {"type": "MultiPolygon", "coordinates": [[[[114.0833329, 22.5460123], [114.0833375, 22.545745], [114.0839007, 22.5457533], [114.0838962, 22.5460205], [114.0833329, 22.5460123]]]]}}, {"type": "Feature", "id": "way/351753329", "properties": {"tags": {"building": "yes"}, "heightStatus": "unknown", "source": "OpenStreetMap", "license": "ODbL-1.0"}, "geometry": {"type": "MultiPolygon", "coordinates": [[[[114.0902671, 22.5468224], [114.0902673, 22.5467418], [114.0904471, 22.5467423], [114.0904468, 22.5468229], [114.0902671, 22.5468224]]]]}}, {"type": "Feature", "id": "way/351753330", "properties": {"tags": {"building": "apartments", "name": "A栋", "name:en": "Block A", "name:zh": "A栋"}, "heightStatus": "unknown", "source": "OpenStreetMap", "license": "ODbL-1.0"}, "geometry": {"type": "MultiPolygon", "coordinates": [[[[114.085517, 22.5465385], [114.0855221, 22.5463531], [114.0860328, 22.5463649], [114.0860277, 22.5465504], [114.085517, 22.5465385]]]]}}, {"type": "Feature", "id": "way/351753340", "properties": {"tags": {"building": "yes"}, "heightStatus": "unknown", "source": "OpenStreetMap", "license": "ODbL-1.0"}, "geometry": {"type": "MultiPolygon", "coordinates": [[[[114.0849335, 22.5508912], [114.0849353, 22.5507858], [114.0850494, 22.5507875], [114.0850476, 22.5508929], [114.0849335, 22.5508912]]]]}}, {"type": "Feature", "id": "way/351753343", "properties": {"tags": {"building": "yes"}, "heightStatus": "unknown", "source": "OpenStreetMap", "license": "ODbL-1.0"}, "geometry": {"type": "MultiPolygon", "coordinates": [[[[114.0859099, 22.5509117], [114.0859118, 22.5508017], [114.0860309, 22.5508034], [114.086029, 22.5509134], [114.0859099, 22.5509117]]]]}}, {"type": "Feature", "id": "way/351753346", "properties": {"tags": {"building": "yes"}, "heightStatus": "unknown", "source": "OpenStreetMap", "license": "ODbL-1.0"}, "geometry": {"type": "MultiPolygon", "coordinates": [[[[114.0868988, 22.5466274], [114.0868995, 22.5465142], [114.0869243, 22.5465143], [114.0869244, 22.5464969], [114.0869585, 22.546497], [114.0869578, 22.5466276], [114.0868988, 22.5466274]]]]}}, {"type": "Feature", "id": "way/351753348", "properties": {"tags": {"building": "yes"}, "heightStatus": "unknown", "source": "OpenStreetMap", "license": "ODbL-1.0"}, "geometry": {"type": "MultiPolygon", "coordinates": [[[[114.0896065, 22.5496158], [114.0896077, 22.5495438], [114.0899099, 22.5495482], [114.0899086, 22.5496203], [114.0896065, 22.5496158]]]]}}, {"type": "Feature", "id": "way/351753352", "properties": {"tags": {"building": "yes"}, "heightStatus": "unknown", "source": "OpenStreetMap", "license": "ODbL-1.0"}, "geometry": {"type": "MultiPolygon", "coordinates": [[[[114.0844287, 22.5511628], [114.0844306, 22.5510512], [114.0845514, 22.551053], [114.0845495, 22.5511646], [114.0844287, 22.5511628]]]]}}, {"type": "Feature", "id": "way/351753353", "properties": {"tags": {"building": "yes", "building:levels": "8"}, "heightStatus": "levels_only_unverified", "source": "OpenStreetMap", "license": "ODbL-1.0"}, "geometry": {"type": "MultiPolygon", "coordinates": [[[[114.083325, 22.5463201], [114.0833297, 22.5460504], [114.0838981, 22.5460588], [114.0838935, 22.5463284], [114.083325, 22.5463201]]]]}}, {"type": "Feature", "id": "way/351753355", "properties": {"tags": {"building": "yes"}, "heightStatus": "unknown", "source": "OpenStreetMap", "license": "ODbL-1.0"}, "geometry": {"type": "MultiPolygon", "coordinates": [[[[114.0857656, 22.5509096], [114.0857672, 22.5508135], [114.0859115, 22.5508156], [114.0859099, 22.5509117], [114.0857656, 22.5509096]]]]}}, {"type": "Feature", "id": "way/351753356", "properties": {"tags": {"building": "yes"}, "heightStatus": "unknown", "source": "OpenStreetMap", "license": "ODbL-1.0"}, "geometry": {"type": "MultiPolygon", "coordinates": [[[[114.0888755, 22.5502251], [114.0888775, 22.5501062], [114.0890062, 22.5501081], [114.0890041, 22.550227], [114.0888755, 22.5502251]]]]}}, {"type": "Feature", "id": "way/351753358", "properties": {"tags": {"building": "yes"}, "heightStatus": "unknown", "source": "OpenStreetMap", "license": "ODbL-1.0"}, "geometry": {"type": "MultiPolygon", "coordinates": [[[[114.0893351, 22.5502256], [114.0893365, 22.5501407], [114.0895237, 22.5501435], [114.0895222, 22.5502284], [114.0893351, 22.5502256]]]]}}, {"type": "Feature", "id": "way/351753359", "properties": {"tags": {"building": "yes"}, "heightStatus": "unknown", "source": "OpenStreetMap", "license": "ODbL-1.0"}, "geometry": {"type": "MultiPolygon", "coordinates": [[[[114.0880842, 22.5487469], [114.0880861, 22.5483997], [114.088788, 22.5484031], [114.0887861, 22.5487503], [114.0880842, 22.5487469]]]]}}, {"type": "Feature", "id": "way/351753360", "properties": {"tags": {"building": "yes"}, "heightStatus": "unknown", "source": "OpenStreetMap", "license": "ODbL-1.0"}, "geometry": {"type": "MultiPolygon", "coordinates": [[[[114.087043, 22.5455068], [114.0870439, 22.5454527], [114.0873159, 22.5454567], [114.087315, 22.5455108], [114.087043, 22.5455068]]]]}}, {"type": "Feature", "id": "way/351753363", "properties": {"tags": {"building": "yes"}, "heightStatus": "unknown", "source": "OpenStreetMap", "license": "ODbL-1.0"}, "geometry": {"type": "MultiPolygon", "coordinates": [[[[114.0849255, 22.5511639], [114.0849273, 22.5510585], [114.0850414, 22.5510602], [114.0850396, 22.5511655], [114.0849255, 22.5511639]]]]}}, {"type": "Feature", "id": "way/351753366", "properties": {"tags": {"building": "yes"}, "heightStatus": "unknown", "source": "OpenStreetMap", "license": "ODbL-1.0"}, "geometry": {"type": "MultiPolygon", "coordinates": [[[[114.0845195, 22.549445], [114.0845208, 22.5493718], [114.0860914, 22.5493948], [114.0860902, 22.549468], [114.0845195, 22.549445]]]]}}, {"type": "Feature", "id": "way/351753368", "properties": {"tags": {"building": "yes"}, "heightStatus": "unknown", "source": "OpenStreetMap", "license": "ODbL-1.0"}, "geometry": {"type": "MultiPolygon", "coordinates": [[[[114.0886373, 22.5494823], [114.0886411, 22.5493911], [114.0889222, 22.549401], [114.0889184, 22.5494922], [114.0886373, 22.5494823]]]]}}, {"type": "Feature", "id": "way/351753373", "properties": {"tags": {"building": "yes"}, "heightStatus": "unknown", "source": "OpenStreetMap", "license": "ODbL-1.0"}, "geometry": {"type": "MultiPolygon", "coordinates": [[[[114.0849412, 22.5506402], [114.0849431, 22.5505287], [114.0854028, 22.5505354], [114.0854009, 22.550647], [114.0849412, 22.5506402]]]]}}, {"type": "Feature", "id": "way/351753377", "properties": {"tags": {"building": "yes"}, "heightStatus": "unknown", "source": "OpenStreetMap", "license": "ODbL-1.0"}, "geometry": {"type": "MultiPolygon", "coordinates": [[[[114.0890004, 22.5494182], [114.0890027, 22.5492874], [114.0890452, 22.5492881], [114.0890429, 22.5494188], [114.0890004, 22.5494182]]]]}}, {"type": "Feature", "id": "way/351753384", "properties": {"tags": {"building": "yes"}, "heightStatus": "unknown", "source": "OpenStreetMap", "license": "ODbL-1.0"}, "geometry": {"type": "MultiPolygon", "coordinates": [[[[114.0855924, 22.5506343], [114.085594, 22.5505444], [114.086047, 22.550551], [114.0860454, 22.5506409], [114.0855924, 22.5506343]]]]}}, {"type": "Feature", "id": "way/351753385", "properties": {"tags": {"building": "yes"}, "heightStatus": "unknown", "source": "OpenStreetMap", "license": "ODbL-1.0"}, "geometry": {"type": "MultiPolygon", "coordinates": [[[[114.0862877, 22.5499467], [114.0862902, 22.5498403], [114.0868114, 22.5498505], [114.086809, 22.549957], [114.0862877, 22.5499467]]]]}}, {"type": "Feature", "id": "way/351753388", "properties": {"tags": {"building": "yes"}, "heightStatus": "unknown", "source": "OpenStreetMap", "license": "ODbL-1.0"}, "geometry": {"type": "MultiPolygon", "coordinates": [[[[114.088555, 22.5498295], [114.0885564, 22.5497443], [114.0888712, 22.5497489], [114.0888699, 22.5498285], [114.088555, 22.5498295]]]]}}, {"type": "Feature", "id": "way/351753389", "properties": {"tags": {"building": "yes"}, "heightStatus": "unknown", "source": "OpenStreetMap", "license": "ODbL-1.0"}, "geometry": {"type": "MultiPolygon", "coordinates": [[[[114.0898111, 22.5507546], [114.0898125, 22.5506709], [114.0900028, 22.5506737], [114.0900014, 22.5507574], [114.0898111, 22.5507546]]]]}}, {"type": "Feature", "id": "way/351753391", "properties": {"tags": {"building": "yes"}, "heightStatus": "unknown", "source": "OpenStreetMap", "license": "ODbL-1.0"}, "geometry": {"type": "MultiPolygon", "coordinates": [[[[114.0902565, 22.5464546], [114.0902652, 22.5464546], [114.0902651, 22.5464121], [114.0903251, 22.5464121], [114.0903251, 22.5464039], [114.0903839, 22.5464038], [114.090384, 22.5464482], [114.0903754, 22.5464482], [114.0903753, 22.5464826], [114.0904238, 22.5464826], [114.0904239, 22.5464611], [114.0905164, 22.5464612], [114.0905164, 22.5464801], [114.0905598, 22.5464802], [114.0905598, 22.5464673], [114.0906194, 22.5464674], [114.0906194, 22.5464894], [114.0907009, 22.5464895], [114.0907008, 22.5465751], [114.0906266, 22.546575], [114.0906266, 22.5465902], [114.0905842, 22.5465902], [114.0905842, 22.546572], [114.0905608, 22.546572], [114.0905607, 22.546589], [114.0905193, 22.546589], [114.0905193, 22.5465706], [114.0904926, 22.5465706], [114.0904926, 22.546584], [114.09045, 22.546584], [114.09045, 22.5465706], [114.0904242, 22.5465706], [114.0904242, 22.5465851], [114.0903818, 22.5465851], [114.0903818, 22.5465699], [114.0903568, 22.5465699], [114.0903568, 22.5465855], [114.0902766, 22.5465856], [114.0902765, 22.5465013], [114.0902565, 22.5465013], [114.0902565, 22.5464546]]]]}}, {"type": "Feature", "id": "way/351753393", "properties": {"tags": {"building": "apartments"}, "heightStatus": "unknown", "source": "OpenStreetMap", "license": "ODbL-1.0"}, "geometry": {"type": "MultiPolygon", "coordinates": [[[[114.0880541, 22.5456069], [114.0880542, 22.5455737], [114.0880607, 22.5455737], [114.0880612, 22.5454288], [114.0881895, 22.5454225], [114.0881896, 22.5454017], [114.0883937, 22.5454023], [114.0883937, 22.5454212], [114.0884373, 22.5454213], [114.0884372, 22.5454364], [114.0884936, 22.5454365], [114.0884936, 22.5454211], [114.0885689, 22.5454213], [114.0885689, 22.5454361], [114.0886169, 22.5454362], [114.0886167, 22.5454983], [114.0886051, 22.5454983], [114.088605, 22.5455316], [114.0885841, 22.5455315], [114.0885841, 22.5455434], [114.0885488, 22.5455433], [114.0885488, 22.5455307], [114.0885229, 22.5455307], [114.0885229, 22.5455022], [114.0884956, 22.5455021], [114.0884955, 22.5455294], [114.0884278, 22.5455292], [114.0884279, 22.5455036], [114.0884011, 22.5455035], [114.088401, 22.5455342], [114.0883804, 22.5455341], [114.0883804, 22.5455477], [114.0883506, 22.5455476], [114.0883507, 22.5455317], [114.0883302, 22.5455317], [114.0883304, 22.5454873], [114.0882658, 22.5454871], [114.0882656, 22.5455512], [114.0882322, 22.5455511], [114.0882323, 22.5455113], [114.0882025, 22.5455112], [114.0882023, 22.5455562], [114.0881328, 22.545556], [114.0881326, 22.5456071], [114.0880541, 22.5456069]]]]}}, {"type": "Feature", "id": "way/351753396", "properties": {"tags": {"building": "yes"}, "heightStatus": "unknown", "source": "OpenStreetMap", "license": "ODbL-1.0"}, "geometry": {"type": "MultiPolygon", "coordinates": [[[[114.0902781, 22.5456497], [114.0902814, 22.5455353], [114.0904962, 22.5455359], [114.0905287, 22.5455482], [114.0905294, 22.5456504], [114.0902781, 22.5456497]]]]}}, {"type": "Feature", "id": "way/351753397", "properties": {"tags": {"building": "yes"}, "heightStatus": "unknown", "source": "OpenStreetMap", "license": "ODbL-1.0"}, "geometry": {"type": "MultiPolygon", "coordinates": [[[[114.0869969, 22.5452682], [114.0870024, 22.5449475], [114.0878443, 22.5449597], [114.0878402, 22.5451997], [114.0877704, 22.5452795], [114.0869969, 22.5452682]]]]}}, {"type": "Feature", "id": "way/351753399", "properties": {"tags": {"building": "yes"}, "heightStatus": "unknown", "source": "OpenStreetMap", "license": "ODbL-1.0"}, "geometry": {"type": "MultiPolygon", "coordinates": [[[[114.0868732, 22.5469655], [114.0868782, 22.5466762], [114.0877277, 22.5466886], [114.0877244, 22.5468803], [114.0876642, 22.5469698], [114.0868732, 22.5469655]]]]}}, {"type": "Feature", "id": "way/351753404", "properties": {"tags": {"building": "yes"}, "heightStatus": "unknown", "source": "OpenStreetMap", "license": "ODbL-1.0"}, "geometry": {"type": "MultiPolygon", "coordinates": [[[[114.0869189, 22.5475182], [114.0869219, 22.5473394], [114.0875932, 22.5473492], [114.0875902, 22.5475253], [114.0870578, 22.5475175], [114.0869189, 22.5475182]]]]}}, {"type": "Feature", "id": "way/351753408", "properties": {"tags": {"building": "apartments"}, "heightStatus": "unknown", "source": "OpenStreetMap", "license": "ODbL-1.0"}, "geometry": {"type": "MultiPolygon", "coordinates": [[[[114.0880185, 22.544936], [114.0880187, 22.544889], [114.0880326, 22.544889], [114.0880327, 22.5448631], [114.0885535, 22.5448646], [114.0885547, 22.5449771], [114.0885386, 22.544977], [114.0885386, 22.5449724], [114.0885214, 22.5449724], [114.0885214, 22.5449577], [114.0884955, 22.5449576], [114.0884954, 22.5449739], [114.0884662, 22.5449738], [114.0884663, 22.544958], [114.0884421, 22.5449579], [114.088442, 22.5449751], [114.0883641, 22.5449749], [114.0883642, 22.5449584], [114.0883373, 22.5449583], [114.0883372, 22.5449768], [114.0883112, 22.5449768], [114.0883113, 22.5449581], [114.0882868, 22.5449581], [114.0882867, 22.5449755], [114.0882104, 22.5449753], [114.0882104, 22.5449586], [114.0881888, 22.5449586], [114.0881888, 22.5449746], [114.0881593, 22.5449746], [114.0881594, 22.5449585], [114.0881314, 22.5449584], [114.0881313, 22.5450059], [114.0882207, 22.5450062], [114.0882203, 22.5451449], [114.0882451, 22.545145], [114.0882449, 22.5452109], [114.0882397, 22.5452109], [114.0882396, 22.5452358], [114.0882198, 22.5452357], [114.0882198, 22.5452292], [114.0882046, 22.5452292], [114.0882046, 22.5452096], [114.0881379, 22.5452094], [114.0881377, 22.5452592], [114.0881073, 22.5452592], [114.0881073, 22.545252], [114.088032, 22.5452518], [114.0880321, 22.5452165], [114.0880424, 22.5452165], [114.0880432, 22.544974], [114.0880335, 22.544974], [114.0880335, 22.5449602], [114.0880397, 22.5449602], [114.0880397, 22.5449448], [114.0880233, 22.5449447], [114.0880234, 22.5449361], [114.0880185, 22.544936]]]]}}, {"type": "Feature", "id": "way/351753410", "properties": {"tags": {"building": "residential", "name": "102栋", "name:en": "Block 102", "name:zh": "102栋"}, "heightStatus": "unknown", "source": "OpenStreetMap", "license": "ODbL-1.0"}, "geometry": {"type": "MultiPolygon", "coordinates": [[[[114.0847928, 22.5467047], [114.084794, 22.5466323], [114.0853102, 22.5466399], [114.0853164, 22.546627], [114.0853485, 22.5466275], [114.0853471, 22.546709], [114.0847928, 22.5467047]]]]}}, {"type": "Feature", "id": "way/351753412", "properties": {"tags": {"building": "yes"}, "heightStatus": "unknown", "source": "OpenStreetMap", "license": "ODbL-1.0"}, "geometry": {"type": "MultiPolygon", "coordinates": [[[[114.0841172, 22.5495274], [114.0841219, 22.549254], [114.0841619, 22.5492331], [114.0841598, 22.5493558], [114.084486, 22.5493605], [114.0844832, 22.5495241], [114.0841172, 22.5495274]]]]}}, {"type": "Feature", "id": "way/351753419", "properties": {"tags": {"building": "yes"}, "heightStatus": "unknown", "source": "OpenStreetMap", "license": "ODbL-1.0"}, "geometry": {"type": "MultiPolygon", "coordinates": [[[[114.0872959, 22.5461908], [114.087299, 22.5460125], [114.0874159, 22.5460142], [114.0874118, 22.546097], [114.0875395, 22.5460989], [114.0875378, 22.5462018], [114.0872959, 22.5461908]]]]}}, {"type": "Feature", "id": "way/351753428", "properties": {"tags": {"building": "yes"}, "heightStatus": "unknown", "source": "OpenStreetMap", "license": "ODbL-1.0"}, "geometry": {"type": "MultiPolygon", "coordinates": [[[[114.0885435, 22.5500415], [114.0885449, 22.5499596], [114.0885884, 22.5499567], [114.0885996, 22.5499639], [114.0888601, 22.5499677], [114.0888588, 22.5500461], [114.0885435, 22.5500415]]]]}}, {"type": "Feature", "id": "way/351753433", "properties": {"tags": {"building": "yes"}, "heightStatus": "unknown", "source": "OpenStreetMap", "license": "ODbL-1.0"}, "geometry": {"type": "MultiPolygon", "coordinates": [[[[114.089836, 22.5502073], [114.0898867, 22.5502089], [114.0898865, 22.5502548], [114.0898425, 22.5502547], [114.0898426, 22.5502312], [114.089836, 22.5502312], [114.089836, 22.5502073]]]]}}, {"type": "Feature", "id": "way/351753437", "properties": {"tags": {"building": "commercial", "name": "东方建富时尚广场"}, "heightStatus": "unknown", "source": "OpenStreetMap", "license": "ODbL-1.0"}, "geometry": {"type": "MultiPolygon", "coordinates": [[[[114.084779, 22.5469565], [114.0847812, 22.5468254], [114.0848462, 22.5468241], [114.0848507, 22.5468464], [114.0853391, 22.5468535], [114.0853371, 22.5469691], [114.084779, 22.5469565]]]]}}, {"type": "Feature", "id": "way/351753442", "properties": {"tags": {"building": "yes", "layer": "1", "name": "建艺大厦"}, "heightStatus": "unknown", "source": "OpenStreetMap", "license": "ODbL-1.0"}, "geometry": {"type": "MultiPolygon", "coordinates": [[[[114.0880683, 22.5489972], [114.0880705, 22.5488717], [114.0887393, 22.5488815], [114.0887357, 22.5490899], [114.0880997, 22.549068], [114.0881005, 22.5490203], [114.0880683, 22.5489972]]]]}}, {"type": "Feature", "id": "way/351753444", "properties": {"tags": {"building": "yes"}, "heightStatus": "unknown", "source": "OpenStreetMap", "license": "ODbL-1.0"}, "geometry": {"type": "MultiPolygon", "coordinates": [[[[114.086993, 22.5466642], [114.0869983, 22.5463426], [114.0876563, 22.5463519], [114.087651, 22.5466735], [114.086993, 22.5466642]]]]}}, {"type": "Feature", "id": "way/351753446", "properties": {"tags": {"building": "apartments"}, "heightStatus": "unknown", "source": "OpenStreetMap", "license": "ODbL-1.0"}, "geometry": {"type": "MultiPolygon", "coordinates": [[[[114.0883009, 22.546079], [114.0883012, 22.5459833], [114.0883366, 22.5459835], [114.0883365, 22.5459962], [114.0883657, 22.5459963], [114.0883657, 22.5459846], [114.088399, 22.5459847], [114.088399, 22.5459959], [114.0884294, 22.545996], [114.0884294, 22.5459854], [114.0884824, 22.5459856], [114.0884825, 22.5459564], [114.0884758, 22.5459564], [114.0884759, 22.5459126], [114.0884305, 22.5459125], [114.0884305, 22.5459015], [114.0883992, 22.5459014], [114.0883992, 22.5459114], [114.088381, 22.5459114], [114.088381, 22.5459157], [114.0883668, 22.5459157], [114.0883668, 22.5459027], [114.0883363, 22.5459026], [114.0883362, 22.5459111], [114.0883034, 22.545911], [114.0883034, 22.5458982], [114.0883095, 22.5458982], [114.0883096, 22.5458845], [114.0883028, 22.5458845], [114.088303, 22.5458102], [114.0883412, 22.5458103], [114.0883411, 22.5458259], [114.0884016, 22.545826], [114.0884016, 22.5458106], [114.0884416, 22.5458107], [114.0884416, 22.5458257], [114.0884857, 22.5458258], [114.0884858, 22.5458112], [114.0885215, 22.5458113], [114.0885214, 22.5458288], [114.0885093, 22.5458288], [114.0885092, 22.5458636], [114.0885194, 22.5458636], [114.0885193, 22.5458933], [114.0885129, 22.5458933], [114.0885129, 22.5459034], [114.0884988, 22.5459033], [114.0884985, 22.546006], [114.0885676, 22.5460062], [114.0885674, 22.5460625], [114.0885162, 22.5460624], [114.0885161, 22.5460796], [114.0884944, 22.5460796], [114.0884944, 22.5460744], [114.088435, 22.5460742], [114.088435, 22.5460868], [114.0883929, 22.5460866], [114.0883929, 22.546072], [114.0883356, 22.5460719], [114.0883356, 22.5460791], [114.0883009, 22.546079]]]]}}, {"type": "Feature", "id": "way/351753448", "properties": {"tags": {"building": "yes"}, "heightStatus": "unknown", "source": "OpenStreetMap", "license": "ODbL-1.0"}, "geometry": {"type": "MultiPolygon", "coordinates": [[[[114.0865453, 22.5506771], [114.0865468, 22.5505917], [114.0868961, 22.5505968], [114.0869184, 22.5506146], [114.0869087, 22.5507418], [114.086786, 22.55074], [114.0867851, 22.5506806], [114.0865453, 22.5506771]]]]}}, {"type": "Feature", "id": "way/351753451", "properties": {"tags": {"building": "yes"}, "heightStatus": "unknown", "source": "OpenStreetMap", "license": "ODbL-1.0"}, "geometry": {"type": "MultiPolygon", "coordinates": [[[[114.0890073, 22.5500618], [114.089009, 22.5499673], [114.0890735, 22.5499683], [114.0890864, 22.5499496], [114.0893932, 22.549954], [114.0894321, 22.5499793], [114.0894305, 22.5500709], [114.0890073, 22.5500618]]]]}}, {"type": "Feature", "id": "way/351753453", "properties": {"tags": {"building": "yes"}, "heightStatus": "unknown", "source": "OpenStreetMap", "license": "ODbL-1.0"}, "geometry": {"type": "MultiPolygon", "coordinates": [[[[114.0841423, 22.5513303], [114.0841436, 22.5512567], [114.084153, 22.5512504], [114.084274, 22.5512522], [114.0842722, 22.5513596], [114.0841526, 22.5513561], [114.0841516, 22.5513362], [114.0841423, 22.5513303]]]]}}, {"type": "Feature", "id": "way/351753458", "properties": {"tags": {"building": "yes"}, "heightStatus": "unknown", "source": "OpenStreetMap", "license": "ODbL-1.0"}, "geometry": {"type": "MultiPolygon", "coordinates": [[[[114.0834256, 22.5490431], [114.0834358, 22.5483891], [114.0838083, 22.5483975], [114.0838277, 22.5483838], [114.0839354, 22.548384], [114.0839244, 22.5490032], [114.0838698, 22.5490583], [114.0834256, 22.5490431]]]]}}, {"type": "Feature", "id": "way/351753464", "properties": {"tags": {"building": "apartments"}, "heightStatus": "unknown", "source": "OpenStreetMap", "license": "ODbL-1.0"}, "geometry": {"type": "MultiPolygon", "coordinates": [[[[114.0880352, 22.5464407], [114.0880359, 22.5462293], [114.0880418, 22.5462293], [114.0880421, 22.5461589], [114.0884809, 22.5461601], [114.0884809, 22.5461671], [114.0885453, 22.5461672], [114.0885457, 22.5462157], [114.0885411, 22.5462157], [114.0885411, 22.5462204], [114.0885351, 22.5462203], [114.0885351, 22.5462382], [114.0885022, 22.5462381], [114.0885022, 22.54625], [114.088439, 22.5462498], [114.088439, 22.5462415], [114.0883842, 22.5462414], [114.0883842, 22.546234], [114.0883489, 22.5462339], [114.0883489, 22.5462465], [114.0883186, 22.5462464], [114.0883186, 22.5462396], [114.0882642, 22.5462395], [114.0882642, 22.5462329], [114.0881996, 22.5462327], [114.0881996, 22.5462412], [114.0881072, 22.546241], [114.0881072, 22.5462356], [114.0880775, 22.5462356], [114.0880771, 22.5463484], [114.0880969, 22.5463484], [114.0880969, 22.5463581], [114.0881846, 22.5463584], [114.0881846, 22.5463502], [114.0882141, 22.5463503], [114.0882141, 22.5463561], [114.0882504, 22.5463562], [114.0882504, 22.5463662], [114.0883443, 22.5463665], [114.0883443, 22.5463556], [114.0884087, 22.5463558], [114.0884086, 22.5463665], [114.0885067, 22.5463668], [114.0885068, 22.5463557], [114.0885226, 22.5463558], [114.0885226, 22.546353], [114.0885339, 22.546353], [114.0885336, 22.5464452], [114.0885058, 22.5464451], [114.0885059, 22.5464367], [114.088473, 22.5464366], [114.088473, 22.5464441], [114.0884439, 22.546444], [114.0884439, 22.5464362], [114.0884107, 22.5464361], [114.0884107, 22.5464457], [114.0883766, 22.5464456], [114.0883766, 22.5464488], [114.0883431, 22.5464487], [114.0883432, 22.5464391], [114.0883091, 22.546439], [114.0883091, 22.5464482], [114.0882842, 22.5464482], [114.0882842, 22.546438], [114.0882513, 22.5464379], [114.0882513, 22.5464474], [114.0881871, 22.5464472], [114.0881871, 22.5464377], [114.0881505, 22.5464376], [114.0881505, 22.5464473], [114.0881222, 22.5464472], [114.0881222, 22.5464381], [114.0880977, 22.546438], [114.0880976, 22.5464486], [114.0880778, 22.5464486], [114.0880778, 22.5464408], [114.0880352, 22.5464407]]]]}}, {"type": "Feature", "id": "way/351753470", "properties": {"tags": {"building": "yes"}, "heightStatus": "unknown", "source": "OpenStreetMap", "license": "ODbL-1.0"}, "geometry": {"type": "MultiPolygon", "coordinates": [[[[114.0863134, 22.5508042], [114.0863166, 22.5506594], [114.0863982, 22.5506609], [114.0863961, 22.5507572], [114.0864212, 22.5507577], [114.0864201, 22.5508062], [114.0863134, 22.5508042]]]]}}, {"type": "Feature", "id": "way/351753475", "properties": {"tags": {"building": "yes"}, "heightStatus": "unknown", "source": "OpenStreetMap", "license": "ODbL-1.0"}, "geometry": {"type": "MultiPolygon", "coordinates": [[[[114.0868951, 22.5482283], [114.0868983, 22.5480384], [114.087603, 22.5480487], [114.0876024, 22.5480819], [114.087671, 22.5480829], [114.0876694, 22.5481763], [114.0876008, 22.5481753], [114.0875998, 22.5482386], [114.0868951, 22.5482283]]]]}}, {"type": "Feature", "id": "way/351753476", "properties": {"tags": {"building": "apartments"}, "heightStatus": "unknown", "source": "OpenStreetMap", "license": "ODbL-1.0"}, "geometry": {"type": "MultiPolygon", "coordinates": [[[[114.0855198, 22.546713], [114.0855218, 22.5465925], [114.0860221, 22.5465998], [114.08602, 22.5467228], [114.0859139, 22.5467213], [114.0859136, 22.5467413], [114.0855819, 22.5467365], [114.0855823, 22.5467139], [114.0855198, 22.546713]]]]}}, {"type": "Feature", "id": "way/351753480", "properties": {"tags": {"building": "yes"}, "heightStatus": "unknown", "source": "OpenStreetMap", "license": "ODbL-1.0"}, "geometry": {"type": "MultiPolygon", "coordinates": [[[[114.0899951, 22.546727], [114.0899954, 22.546627], [114.0900298, 22.5466271], [114.0900297, 22.5466378], [114.0901511, 22.5466381], [114.0901512, 22.5466293], [114.0901855, 22.5466294], [114.0901852, 22.5467275], [114.0899951, 22.546727]]]]}}, {"type": "Feature", "id": "way/351753482", "properties": {"tags": {"building": "yes"}, "heightStatus": "unknown", "source": "OpenStreetMap", "license": "ODbL-1.0"}, "geometry": {"type": "MultiPolygon", "coordinates": [[[[114.0882436, 22.5450946], [114.0882438, 22.5450185], [114.0884945, 22.5450192], [114.0884945, 22.5450251], [114.0885327, 22.5450252], [114.0885325, 22.5450992], [114.0883871, 22.5450988], [114.0883867, 22.545095], [114.0882436, 22.5450946]]]]}}, {"type": "Feature", "id": "way/351753485", "properties": {"tags": {"building": "yes"}, "heightStatus": "unknown", "source": "OpenStreetMap", "license": "ODbL-1.0"}, "geometry": {"type": "MultiPolygon", "coordinates": [[[[114.0905425, 22.5456035], [114.0905428, 22.545528], [114.09074, 22.5455285], [114.0907401, 22.5455082], [114.0908018, 22.5455084], [114.0908017, 22.5455287], [114.0909455, 22.5455291], [114.0909453, 22.5456071], [114.0908212, 22.5456068], [114.0908209, 22.5456491], [114.0907025, 22.5456467], [114.0907049, 22.5456048], [114.0905425, 22.5456035]]]]}}, {"type": "Feature", "id": "way/351753487", "properties": {"tags": {"building": "yes"}, "heightStatus": "unknown", "source": "OpenStreetMap", "license": "ODbL-1.0"}, "geometry": {"type": "MultiPolygon", "coordinates": [[[[114.0873185, 22.5457101], [114.0873212, 22.5455534], [114.0873767, 22.5455542], [114.0873934, 22.5455274], [114.0875305, 22.5455294], [114.0875506, 22.5454995], [114.0877854, 22.545503], [114.087782, 22.5457018], [114.0873185, 22.5457101]]]]}}, {"type": "Feature", "id": "way/351753489", "properties": {"tags": {"building": "yes"}, "heightStatus": "unknown", "source": "OpenStreetMap", "license": "ODbL-1.0"}, "geometry": {"type": "MultiPolygon", "coordinates": [[[[114.085749, 22.5482106], [114.085751, 22.5480352], [114.0864324, 22.5480418], [114.0864322, 22.5480624], [114.0864586, 22.5480627], [114.0864576, 22.5481537], [114.0864292, 22.5481534], [114.0864285, 22.5482172], [114.085749, 22.5482106]]]]}}, {"type": "Feature", "id": "way/351753491", "properties": {"tags": {"building": "yes"}, "heightStatus": "unknown", "source": "OpenStreetMap", "license": "ODbL-1.0"}, "geometry": {"type": "MultiPolygon", "coordinates": [[[[114.0893124, 22.5482888], [114.0893143, 22.5482088], [114.0897101, 22.5482168], [114.0897087, 22.5482773], [114.089665, 22.5482764], [114.0896638, 22.5483279], [114.0894678, 22.5483239], [114.0894686, 22.5482919], [114.0893124, 22.5482888]]]]}}, {"type": "Feature", "id": "way/351753492", "properties": {"tags": {"building": "yes"}, "heightStatus": "unknown", "source": "OpenStreetMap", "license": "ODbL-1.0"}, "geometry": {"type": "MultiPolygon", "coordinates": [[[[114.0886413, 22.5458881], [114.0886456, 22.5458881], [114.0886458, 22.5458254], [114.0886974, 22.5458255], [114.0886972, 22.5458878], [114.0886906, 22.5458878], [114.0886905, 22.5459101], [114.0886434, 22.54591], [114.0886413, 22.5458881]]]]}}, {"type": "Feature", "id": "way/351753496", "properties": {"tags": {"building": "residential", "building:levels": "8", "name": "109栋", "name:en": "Block 109", "name:zh": "109栋"}, "heightStatus": "levels_only_unverified", "source": "OpenStreetMap", "license": "ODbL-1.0"}, "geometry": {"type": "MultiPolygon", "coordinates": [[[[114.0842302, 22.5461502], [114.0844672, 22.5461207], [114.0846806, 22.5461448], [114.0846657, 22.5462347], [114.0844663, 22.5462159], [114.0842497, 22.5462419], [114.0842302, 22.5461502]]]]}}, {"type": "Feature", "id": "way/351753499", "properties": {"tags": {"building": "yes", "building:levels": "22", "government": "survay", "name": "深圳市勘察测绘院", "office": "government"}, "heightStatus": "levels_only_unverified", "source": "OpenStreetMap", "license": "ODbL-1.0"}, "geometry": {"type": "MultiPolygon", "coordinates": [[[[114.09008, 22.5506583], [114.0900835, 22.5504517], [114.0902664, 22.5504543], [114.0903312, 22.5503964], [114.0903341, 22.5502286], [114.0905516, 22.5502451], [114.0905447, 22.5506473], [114.0905201, 22.5506781], [114.09008, 22.5506583]]]]}}, {"type": "Feature", "id": "way/351753501", "properties": {"tags": {"building": "residential", "name": "107栋", "name:en": "Block 107", "name:zh": "107栋"}, "heightStatus": "unknown", "source": "OpenStreetMap", "license": "ODbL-1.0"}, "geometry": {"type": "MultiPolygon", "coordinates": [[[[114.0842113, 22.5456791], [114.0844813, 22.545652], [114.0846922, 22.5457017], [114.0846788, 22.545786], [114.0844677, 22.5457451], [114.0844268, 22.5457445], [114.0844267, 22.5457533], [114.0842338, 22.545775], [114.0842113, 22.5456791]]]]}}, {"type": "Feature", "id": "way/351753503", "properties": {"tags": {"building": "yes"}, "heightStatus": "unknown", "source": "OpenStreetMap", "license": "ODbL-1.0"}, "geometry": {"type": "MultiPolygon", "coordinates": [[[[114.0879425, 22.5502431], [114.0879472, 22.5499691], [114.0880675, 22.5499708], [114.0880666, 22.5500245], [114.0884857, 22.5500307], [114.0884838, 22.5501381], [114.0880908, 22.5501323], [114.0880809, 22.5502452], [114.0879425, 22.5502431]]]]}}, {"type": "Feature", "id": "way/351753504", "properties": {"tags": {"addr:city": "Shenzhen", "addr:district": "Futian", "addr:housenumber": "111", "addr:postcode": "518031", "addr:province": "Guangdong", "addr:street": "Zhenhua Road", "building": "commercial", "building:levels": "31", "name": "中电迪富大厦", "name:en": "Zhongdiandifu Building", "name:zh": "中电迪富大厦"}, "heightStatus": "levels_only_unverified", "source": "OpenStreetMap", "license": "ODbL-1.0"}, "geometry": {"type": "MultiPolygon", "coordinates": [[[[114.0842322, 22.5469446], [114.0842344, 22.5468278], [114.0842757, 22.5468285], [114.0842819, 22.5464919], [114.0846892, 22.5464983], [114.08468, 22.5469974], [114.0842691, 22.5469909], [114.0842699, 22.5469452], [114.0842322, 22.5469446]]]]}}, {"type": "Feature", "id": "way/351753505", "properties": {"tags": {"building": "yes"}, "heightStatus": "unknown", "source": "OpenStreetMap", "license": "ODbL-1.0"}, "geometry": {"type": "MultiPolygon", "coordinates": [[[[114.0869638, 22.5509735], [114.0869748, 22.5505909], [114.0870086, 22.5506019], [114.0870052, 22.5507201], [114.0870835, 22.550722], [114.0870869, 22.5506021], [114.087102, 22.5506024], [114.0870913, 22.5509766], [114.0869638, 22.5509735]]]]}}, {"type": "Feature", "id": "way/351753509", "properties": {"tags": {"building": "yes"}, "heightStatus": "unknown", "source": "OpenStreetMap", "license": "ODbL-1.0"}, "geometry": {"type": "MultiPolygon", "coordinates": [[[[114.0880284, 22.5460719], [114.0880285, 22.5460131], [114.0881112, 22.5460143], [114.0881109, 22.5460826], [114.0881063, 22.5460826], [114.0881062, 22.5460982], [114.0880356, 22.546098], [114.0880356, 22.5460719], [114.0880284, 22.5460719]]]]}}, {"type": "Feature", "id": "way/351753510", "properties": {"tags": {"building": "yes"}, "heightStatus": "unknown", "source": "OpenStreetMap", "license": "ODbL-1.0"}, "geometry": {"type": "MultiPolygon", "coordinates": [[[[114.0880509, 22.5457649], [114.0880533, 22.54567], [114.0882226, 22.5456705], [114.0882223, 22.545765], [114.0881748, 22.5457649], [114.0881747, 22.5457922], [114.0881208, 22.5457921], [114.0881208, 22.5457651], [114.0880509, 22.5457649]]]]}}, {"type": "Feature", "id": "way/351753514", "properties": {"tags": {"addr:city": "Shenzhen", "addr:district": "Futian", "addr:housenumber": "26", "addr:postcode": "518031", "addr:province": "Guangdong", "addr:street": "Huafabei", "building": "commercial", "building:levels": "4", "name": "振华数码城", "name:en": "Zhenhua Digital City", "name:zh": "振华数码城"}, "heightStatus": "levels_only_unverified", "source": "OpenStreetMap", "license": "ODbL-1.0"}, "geometry": {"type": "MultiPolygon", "coordinates": [[[[114.0829621, 22.5482471], [114.082964, 22.5481359], [114.0829845, 22.5481103], [114.082983, 22.5480807], [114.0838351, 22.5480931], [114.0838645, 22.5481343], [114.0838617, 22.548301], [114.0837353, 22.5482991], [114.0837362, 22.548251], [114.0829621, 22.5482471]]]]}}, {"type": "Feature", "id": "way/351753521", "properties": {"tags": {"building": "yes"}, "heightStatus": "unknown", "source": "OpenStreetMap", "license": "ODbL-1.0"}, "geometry": {"type": "MultiPolygon", "coordinates": [[[[114.0868399, 22.5495946], [114.0868437, 22.5493731], [114.0868747, 22.5493248], [114.0870412, 22.5493045], [114.087292, 22.5493256], [114.0872893, 22.5494878], [114.0869984, 22.5494923], [114.086997, 22.5495725], [114.086972, 22.5495965], [114.0868399, 22.5495946]]]]}}, {"type": "Feature", "id": "way/351753522", "properties": {"tags": {"building": "yes"}, "heightStatus": "unknown", "source": "OpenStreetMap", "license": "ODbL-1.0"}, "geometry": {"type": "MultiPolygon", "coordinates": [[[[114.0889819, 22.5486937], [114.0890933, 22.5486928], [114.0890963, 22.5490099], [114.0894425, 22.549007], [114.0894439, 22.5491568], [114.0890141, 22.5491604], [114.0890132, 22.5490683], [114.0889855, 22.5490686], [114.0889819, 22.5486937]]]]}}, {"type": "Feature", "id": "way/430118997", "properties": {"tags": {"addr:city": "深圳市", "addr:country": "CN", "addr:district": "福田区", "addr:housename": "国城花园", "addr:housename:en": "Guocheng Garden", "addr:housename:zh": "国城花园", "addr:housenumber": "1", "addr:postcode": "518028", "addr:province": "广东省", "addr:street": "百花一路", "building": "apartments", "building:levels": "31", "name": "1栋", "name:en": "Block 1", "name:zh": "1栋", "source": "Bing"}, "heightStatus": "levels_only_unverified", "source": "OpenStreetMap", "license": "ODbL-1.0"}, "geometry": {"type": "MultiPolygon", "coordinates": [[[[114.0898181, 22.5533017], [114.0898229, 22.5531253], [114.0898813, 22.5531266], [114.0898808, 22.553144], [114.0899586, 22.5531458], [114.0899609, 22.55306], [114.0901236, 22.5530637], [114.0901213, 22.5531496], [114.0901991, 22.5531514], [114.0901996, 22.553134], [114.0902579, 22.5531354], [114.0902531, 22.5533118], [114.0901947, 22.5533105], [114.0901952, 22.5532931], [114.0901174, 22.5532913], [114.0901151, 22.5533771], [114.0899524, 22.5533733], [114.0899547, 22.5532875], [114.0898769, 22.5532857], [114.0898764, 22.553303], [114.0898181, 22.5533017]]]]}}, {"type": "Feature", "id": "way/430119004", "properties": {"tags": {"addr:housename": "南天二花园", "addr:housename:en": "Nantian No.2 Garden", "addr:housename:zh": "南天二花园", "building": "apartments", "building:levels": "19", "name": "5栋", "name:en": "Block 5", "name:zh": "5栋", "source": "Bing"}, "heightStatus": "levels_only_unverified", "source": "OpenStreetMap", "license": "ODbL-1.0"}, "geometry": {"type": "MultiPolygon", "coordinates": [[[[114.0878264, 22.5538341], [114.0879049, 22.5537654], [114.087992, 22.5536997], [114.0880842, 22.5536402], [114.088181, 22.5535873], [114.0882818, 22.5535411], [114.088386, 22.553502], [114.088493, 22.5534702], [114.0886, 22.5534463], [114.0886994, 22.5534272], [114.0887912, 22.5534031], [114.0888808, 22.5533728], [114.0889678, 22.5533365], [114.0890517, 22.5532945], [114.089132, 22.553247], [114.0892084, 22.5531941], [114.0892804, 22.5531363], [114.0893507, 22.553071], [114.0894335, 22.5531469], [114.0893602, 22.553215], [114.0893015, 22.5532622], [114.0893218, 22.5532897], [114.089244, 22.5533388], [114.0892271, 22.5533159], [114.0891986, 22.5533356], [114.0891111, 22.5533874], [114.0890197, 22.5534332], [114.0889249, 22.5534727], [114.08889, 22.5534845], [114.088913, 22.5535372], [114.0888512, 22.5535603], [114.0888273, 22.5535057], [114.0887273, 22.553532], [114.0886255, 22.5535515], [114.0885247, 22.553574], [114.0884612, 22.5535929], [114.0884835, 22.5536437], [114.0884217, 22.5536668], [114.0883984, 22.5536137], [114.0883297, 22.5536394], [114.0882368, 22.553682], [114.0881475, 22.5537309], [114.0880997, 22.5537617], [114.0881191, 22.553788], [114.0880414, 22.553837], [114.0880246, 22.5538143], [114.087982, 22.5538464], [114.0879067, 22.5539123], [114.0878264, 22.5538341]]]]}}, {"type": "Feature", "id": "way/430119005", "properties": {"tags": {"addr:housename": "核电花园", "addr:housename:en": "He Dian Garden", "addr:housename:zh": "核电花园", "building": "apartments", "building:levels": "17", "name": "9栋", "name:en": "Block 9", "name:zh": "9栋", "source": "Bing"}, "heightStatus": "levels_only_unverified", "source": "OpenStreetMap", "license": "ODbL-1.0"}, "geometry": {"type": "MultiPolygon", "coordinates": [[[[114.0839903, 22.5526915], [114.0840162, 22.5525864], [114.0841141, 22.5526097], [114.0842104, 22.5526382], [114.0843048, 22.5526717], [114.0843969, 22.5527102], [114.0843706, 22.552764], [114.0844009, 22.5527768], [114.0844539, 22.5526798], [114.0845442, 22.5527218], [114.0846317, 22.5527686], [114.0847162, 22.5528199], [114.0847973, 22.5528756], [114.0848748, 22.5529355], [114.0849485, 22.5529994], [114.0849048, 22.5530425], [114.0849405, 22.5530736], [114.085016, 22.552998], [114.085076, 22.553049], [114.0851364, 22.5530949], [114.0851995, 22.5531376], [114.0852651, 22.5531769], [114.0853208, 22.5532061], [114.0852898, 22.5532564], [114.085335, 22.5532804], [114.0853898, 22.5531888], [114.0854612, 22.5532252], [114.0855317, 22.5532566], [114.085604, 22.5532841], [114.0856778, 22.5533079], [114.0857562, 22.5533285], [114.0857242, 22.5534322], [114.0856357, 22.5534085], [114.0856252, 22.553431], [114.085559, 22.5534049], [114.0855675, 22.5533866], [114.0854577, 22.5533433], [114.0854459, 22.5533654], [114.0853814, 22.5533359], [114.0853933, 22.5533138], [114.085338, 22.5532855], [114.0853128, 22.5533263], [114.0851982, 22.5532653], [114.0851823, 22.5532849], [114.0851247, 22.553245], [114.0851377, 22.5532291], [114.0850422, 22.553163], [114.085025, 22.5531818], [114.08497, 22.553139], [114.0849872, 22.5531201], [114.0849372, 22.5530774], [114.0849049, 22.5531095], [114.0848236, 22.553039], [114.0847986, 22.553065], [114.0847447, 22.5530209], [114.0847698, 22.5529949], [114.084725, 22.5529603], [114.0846781, 22.5529281], [114.0846565, 22.5529566], [114.0845975, 22.5529185], [114.0846191, 22.55289], [114.0845703, 22.5528603], [114.0845198, 22.5528333], [114.0845019, 22.552864], [114.0844385, 22.5528323], [114.0844565, 22.5528017], [114.0844152, 22.5527828], [114.0843941, 22.5528274], [114.0842925, 22.5527849], [114.084278, 22.5528171], [114.0842116, 22.5527914], [114.0842261, 22.5527593], [114.0841716, 22.5527399], [114.084116, 22.5527235], [114.0841056, 22.5527569], [114.0840364, 22.5527385], [114.0840469, 22.552705], [114.0839903, 22.5526915]]]]}}, {"type": "Feature", "id": "way/430119008", "properties": {"tags": {"amenity": "waste_transfer_station", "building": "yes", "name": "上步中路垃圾转运站", "source": "Bing"}, "heightStatus": "unknown", "source": "OpenStreetMap", "license": "ODbL-1.0"}, "geometry": {"type": "MultiPolygon", "coordinates": [[[[114.0897261, 22.5521101], [114.0897278, 22.5519967], [114.089892, 22.5519988], [114.0898904, 22.5521122], [114.0897261, 22.5521101]]]]}}, {"type": "Feature", "id": "way/430119011", "properties": {"tags": {"building": "hospital", "source": "Bing"}, "heightStatus": "unknown", "source": "OpenStreetMap", "license": "ODbL-1.0"}, "geometry": {"type": "MultiPolygon", "coordinates": [[[[114.0884805, 22.5525476], [114.0884837, 22.5523901], [114.0889087, 22.5523975], [114.0892028, 22.5524026], [114.0891995, 22.5525602], [114.0884805, 22.5525476]]]]}}, {"type": "Feature", "id": "way/430119013", "properties": {"tags": {"building": "yes", "source": "Bing"}, "heightStatus": "unknown", "source": "OpenStreetMap", "license": "ODbL-1.0"}, "geometry": {"type": "MultiPolygon", "coordinates": [[[[114.0895353, 22.5529232], [114.0895372, 22.5527484], [114.0898404, 22.5527512], [114.0898385, 22.552926], [114.0895353, 22.5529232]]]]}}, {"type": "Feature", "id": "way/430119014", "properties": {"tags": {"building": "yes", "source": "Bing"}, "heightStatus": "unknown", "source": "OpenStreetMap", "license": "ODbL-1.0"}, "geometry": {"type": "MultiPolygon", "coordinates": [[[[114.0886582, 22.5530924], [114.0886651, 22.5529755], [114.0890578, 22.5529951], [114.089051, 22.553112], [114.0886582, 22.5530924]]]]}}, {"type": "Feature", "id": "way/430119016", "properties": {"tags": {"addr:city": "深圳市", "addr:country": "CN", "addr:district": "福田区", "addr:housename": "国城花园", "addr:housename:en": "Guocheng Garden", "addr:housename:zh": "国城花园", "addr:housenumber": "1", "addr:postcode": "518028", "addr:province": "广东省", "addr:street": "百花一路", "building": "apartments", "building:levels": "31", "name": "2栋", "name:en": "Block 2", "name:zh": "2栋", "source": "Bing"}, "heightStatus": "levels_only_unverified", "source": "OpenStreetMap", "license": "ODbL-1.0"}, "geometry": {"type": "MultiPolygon", "coordinates": [[[[114.0896315, 22.553878], [114.0896382, 22.5536322], [114.0896576, 22.5536327], [114.0896591, 22.5535788], [114.0897416, 22.5535807], [114.0897401, 22.5536346], [114.0898267, 22.5536366], [114.0898281, 22.5535827], [114.0899106, 22.5535846], [114.0899092, 22.5536385], [114.0899285, 22.553639], [114.0899218, 22.5538847], [114.0899024, 22.5538843], [114.089901, 22.5539382], [114.0898185, 22.5539362], [114.0898199, 22.5538824], [114.0897334, 22.5538803], [114.0897319, 22.5539342], [114.0896494, 22.5539323], [114.0896509, 22.5538784], [114.0896315, 22.553878]]]]}}, {"type": "Feature", "id": "way/430119029", "properties": {"tags": {"building": "hospital", "source": "Bing"}, "heightStatus": "unknown", "source": "OpenStreetMap", "license": "ODbL-1.0"}, "geometry": {"type": "MultiPolygon", "coordinates": [[[[114.0889087, 22.5523975], [114.088912, 22.5522346], [114.0892061, 22.5522389], [114.0892028, 22.5524026], [114.0889087, 22.5523975]]]]}}, {"type": "Feature", "id": "way/430119041", "properties": {"tags": {"building": "yes", "source": "Bing"}, "heightStatus": "unknown", "source": "OpenStreetMap", "license": "ODbL-1.0"}, "geometry": {"type": "MultiPolygon", "coordinates": [[[[114.0884552, 22.5528392], [114.0884594, 22.5526636], [114.0888298, 22.5526711], [114.0888257, 22.5528467], [114.0884552, 22.5528392]]]]}}, {"type": "Feature", "id": "way/430119052", "properties": {"tags": {"building": "hospital", "source": "Bing"}, "heightStatus": "unknown", "source": "OpenStreetMap", "license": "ODbL-1.0"}, "geometry": {"type": "MultiPolygon", "coordinates": [[[[114.0893356, 22.5525592], [114.0893369, 22.5523715], [114.0896248, 22.5523732], [114.0899135, 22.5523131], [114.0899118, 22.5525626], [114.0893356, 22.5525592]]]]}}, {"type": "Feature", "id": "way/430119055", "properties": {"tags": {"addr:housename": "长怡花园", "addr:housename:en": "Changyi Garden", "addr:housename:zh": "长怡花园", "building": "apartments", "building:levels": "30", "name": "B栋", "name:en": "Block B", "name:zh": "B栋", "source": "Bing"}, "heightStatus": "levels_only_unverified", "source": "OpenStreetMap", "license": "ODbL-1.0"}, "geometry": {"type": "MultiPolygon", "coordinates": [[[[114.0833454, 22.5536791], [114.0834512, 22.553576], [114.0834498, 22.5535271], [114.0836188, 22.5535229], [114.0836202, 22.5535718], [114.0837319, 22.5536695], [114.0836304, 22.5537684], [114.0835864, 22.5537299], [114.0834943, 22.5537322], [114.0834526, 22.5537728], [114.0833454, 22.5536791]]]]}}, {"type": "Feature", "id": "way/430119060", "properties": {"tags": {"building": "yes", "source": "Bing"}, "heightStatus": "unknown", "source": "OpenStreetMap", "license": "ODbL-1.0"}, "geometry": {"type": "MultiPolygon", "coordinates": [[[[114.089047, 22.5528199], [114.089049, 22.5527006], [114.0892782, 22.5527038], [114.0892779, 22.5527215], [114.0894174, 22.5527235], [114.0894153, 22.5528528], [114.0892212, 22.5528501], [114.0892217, 22.5528224], [114.089047, 22.5528199]]]]}}, {"type": "Feature", "id": "way/430119063", "properties": {"tags": {"building": "yes", "source": "Bing"}, "heightStatus": "unknown", "source": "OpenStreetMap", "license": "ODbL-1.0"}, "geometry": {"type": "MultiPolygon", "coordinates": [[[[114.0839093, 22.553578], [114.0839769, 22.5534358], [114.0842695, 22.5535544], [114.0842016, 22.5536971], [114.0841069, 22.5536587], [114.0840854, 22.5537039], [114.0839583, 22.5536524], [114.0839801, 22.5536067], [114.0839093, 22.553578]]]]}}, {"type": "Feature", "id": "way/430119067", "properties": {"tags": {"addr:housename": "核电花园", "addr:housename:en": "He Dian Garden", "addr:housename:zh": "核电花园", "building": "apartments", "building:levels": "17", "name": "8栋", "name:en": "Block 8", "name:zh": "8栋", "source": "Bing"}, "heightStatus": "levels_only_unverified", "source": "OpenStreetMap", "license": "ODbL-1.0"}, "geometry": {"type": "MultiPolygon", "coordinates": [[[[114.0839816, 22.5532289], [114.0840236, 22.5531283], [114.0841179, 22.5531619], [114.08421, 22.5532005], [114.0842995, 22.5532439], [114.0843862, 22.5532919], [114.0844698, 22.5533444], [114.08455, 22.5534013], [114.084511, 22.5534482], [114.0845499, 22.5534759], [114.084617, 22.5533938], [114.0846821, 22.5534391], [114.0847471, 22.5534793], [114.0848144, 22.553516], [114.084884, 22.5535491], [114.0849425, 22.5535731], [114.084917, 22.5536259], [114.0849646, 22.5536457], [114.0850093, 22.5535496], [114.0850842, 22.5535793], [114.0851577, 22.5536041], [114.0852326, 22.5536249], [114.0853087, 22.5536418], [114.0853889, 22.5536552], [114.0853681, 22.5537613], [114.0852774, 22.5537457], [114.0852695, 22.5537691], [114.0852008, 22.5537492], [114.0852073, 22.5537302], [114.0850934, 22.5536972], [114.085084, 22.5537202], [114.0850167, 22.5536967], [114.0850261, 22.5536736], [114.0849681, 22.5536506], [114.0849474, 22.5536934], [114.0848269, 22.5536432], [114.0848131, 22.5536641], [114.0847515, 22.5536297], [114.0847627, 22.5536126], [114.0846607, 22.5535556], [114.0846456, 22.5535759], [114.0845862, 22.5535383], [114.0846013, 22.5535179], [114.084547, 22.55348], [114.0845183, 22.5535148], [114.0844299, 22.5534521], [114.0844078, 22.5534803], [114.0843495, 22.5534413], [114.0843716, 22.5534131], [114.0843233, 22.5533827], [114.0842732, 22.553355], [114.0842548, 22.5533854], [114.084192, 22.5533528], [114.0842105, 22.5533224], [114.0841588, 22.5532974], [114.0841056, 22.5532751], [114.084091, 22.5533073], [114.0840246, 22.5532815], [114.0840392, 22.5532494], [114.0839816, 22.5532289]]]]}}, {"type": "Feature", "id": "way/451441984", "properties": {"tags": {"addr:housename": "核电花园", "addr:housename:en": "He Dian Garden", "addr:housename:zh": "核电花园", "building": "apartments", "building:levels": "30", "name": "16栋", "name:en": "Block 16", "name:zh": "16栋"}, "heightStatus": "levels_only_unverified", "source": "OpenStreetMap", "license": "ODbL-1.0"}, "geometry": {"type": "MultiPolygon", "coordinates": [[[[114.0859303, 22.5538188], [114.085992, 22.5537896], [114.0859988, 22.5538019], [114.0860379, 22.5537834], [114.0860306, 22.5537702], [114.0860032, 22.5537831], [114.0859628, 22.5537104], [114.0860904, 22.55365], [114.0861224, 22.5537077], [114.086158, 22.5536519], [114.0862815, 22.5537191], [114.0862365, 22.5537895], [114.0862099, 22.5537751], [114.0862018, 22.5537879], [114.0862396, 22.5538085], [114.0862472, 22.5537966], [114.0863069, 22.5538291], [114.0862714, 22.5538848], [114.0862963, 22.5538983], [114.0862656, 22.5539464], [114.0861173, 22.5538657], [114.0859641, 22.5539382], [114.0859365, 22.5538885], [114.0859622, 22.5538763], [114.0859303, 22.5538188]]]]}}, {"type": "Feature", "id": "way/478781744", "properties": {"tags": {"building": "yes"}, "heightStatus": "unknown", "source": "OpenStreetMap", "license": "ODbL-1.0"}, "geometry": {"type": "MultiPolygon", "coordinates": [[[[114.0864488, 22.5455649], [114.0864501, 22.5454584], [114.0867269, 22.5454614], [114.0867255, 22.5455679], [114.0864488, 22.5455649]]]]}}, {"type": "Feature", "id": "way/478799139", "properties": {"tags": {"building": "yes"}, "heightStatus": "unknown", "source": "OpenStreetMap", "license": "ODbL-1.0"}, "geometry": {"type": "MultiPolygon", "coordinates": [[[[114.0866318, 22.5470379], [114.0866364, 22.5468727], [114.0867913, 22.5468764], [114.0867867, 22.5470415], [114.0866318, 22.5470379]]]]}}, {"type": "Feature", "id": "way/478799141", "properties": {"tags": {"building": "yes"}, "heightStatus": "unknown", "source": "OpenStreetMap", "license": "ODbL-1.0"}, "geometry": {"type": "MultiPolygon", "coordinates": [[[[114.0857781, 22.5470379], [114.0857836, 22.5468368], [114.0859948, 22.5468418], [114.0859893, 22.5470428], [114.0857781, 22.5470379]]]]}}, {"type": "Feature", "id": "way/478799143", "properties": {"tags": {"building": "yes"}, "heightStatus": "unknown", "source": "OpenStreetMap", "license": "ODbL-1.0"}, "geometry": {"type": "MultiPolygon", "coordinates": [[[[114.0860154, 22.5469073], [114.0860178, 22.546822], [114.0865855, 22.5468353], [114.0865832, 22.5469206], [114.0860154, 22.5469073]]]]}}, {"type": "Feature", "id": "way/478799145", "properties": {"tags": {"building": "yes"}, "heightStatus": "unknown", "source": "OpenStreetMap", "license": "ODbL-1.0"}, "geometry": {"type": "MultiPolygon", "coordinates": [[[[114.0855085, 22.5468421], [114.0855093, 22.546813], [114.0856238, 22.5468157], [114.085623, 22.5468448], [114.0855085, 22.5468421]]]]}}, {"type": "Feature", "id": "way/479219493", "properties": {"tags": {"building": "yes"}, "heightStatus": "unknown", "source": "OpenStreetMap", "license": "ODbL-1.0"}, "geometry": {"type": "MultiPolygon", "coordinates": [[[[114.0902487, 22.5477444], [114.0902495, 22.54761], [114.090589, 22.5476117], [114.0905883, 22.5477461], [114.0902487, 22.5477444]]]]}}, {"type": "Feature", "id": "way/527641710", "properties": {"tags": {"building": "yes"}, "heightStatus": "unknown", "source": "OpenStreetMap", "license": "ODbL-1.0"}, "geometry": {"type": "MultiPolygon", "coordinates": [[[[114.0906276, 22.5452683], [114.0906297, 22.5451623], [114.0907171, 22.5450891], [114.0908269, 22.5450891], [114.090899, 22.5451661], [114.090895, 22.5452703], [114.0908157, 22.5453416], [114.0907029, 22.5453398], [114.0906276, 22.5452683]]]]}}, {"type": "Feature", "id": "way/527641719", "properties": {"tags": {"building": "residential", "building:levels": "31"}, "heightStatus": "levels_only_unverified", "source": "OpenStreetMap", "license": "ODbL-1.0"}, "geometry": {"type": "MultiPolygon", "coordinates": [[[[114.0892794, 22.5451815], [114.0892807, 22.5451191], [114.0893077, 22.5451196], [114.0893082, 22.545096], [114.0893355, 22.5450965], [114.0893368, 22.5450301], [114.0892804, 22.5450291], [114.0892822, 22.5449367], [114.0893336, 22.5449376], [114.0893333, 22.5449551], [114.0893975, 22.5449562], [114.0893977, 22.5449431], [114.0895477, 22.5449456], [114.0895475, 22.5449564], [114.0896168, 22.5449576], [114.0896171, 22.5449407], [114.0896777, 22.5449417], [114.0896756, 22.5450451], [114.0896061, 22.5450439], [114.0896048, 22.5451105], [114.0896337, 22.545111], [114.0896332, 22.5451367], [114.0896642, 22.5451372], [114.0896632, 22.5451882], [114.0892794, 22.5451815]]]]}}, {"type": "Feature", "id": "way/527641720", "properties": {"tags": {"building": "residential", "building:levels": "31"}, "heightStatus": "levels_only_unverified", "source": "OpenStreetMap", "license": "ODbL-1.0"}, "geometry": {"type": "MultiPolygon", "coordinates": [[[[114.0887672, 22.545174], [114.0887685, 22.5451116], [114.0887955, 22.5451121], [114.088796, 22.5450885], [114.0888232, 22.545089], [114.0888246, 22.5450226], [114.0887681, 22.5450216], [114.08877, 22.5449292], [114.0888214, 22.5449301], [114.088821, 22.5449476], [114.0888852, 22.5449487], [114.0888855, 22.5449356], [114.0890354, 22.5449381], [114.0890352, 22.5449489], [114.0891045, 22.5449501], [114.0891048, 22.5449331], [114.0891654, 22.5449342], [114.0891634, 22.5450376], [114.0890939, 22.5450364], [114.0890925, 22.545103], [114.0891215, 22.5451035], [114.089121, 22.5451291], [114.089152, 22.5451297], [114.089151, 22.5451807], [114.0887672, 22.545174]]]]}}, {"type": "Feature", "id": "way/527641725", "properties": {"tags": {"building": "commercial", "name": "汽车大厦"}, "heightStatus": "unknown", "source": "OpenStreetMap", "license": "ODbL-1.0"}, "geometry": {"type": "MultiPolygon", "coordinates": [[[[114.0881256, 22.5467915], [114.0881325, 22.5465371], [114.0883237, 22.5465415], [114.0883176, 22.5467664], [114.0886632, 22.5467744], [114.0886559, 22.5470428], [114.0882759, 22.547034], [114.0882764, 22.5470175], [114.0881615, 22.5470159], [114.088136, 22.5469862], [114.0881413, 22.5467919], [114.0881256, 22.5467915]]]]}}, {"type": "Feature", "id": "way/527641727", "properties": {"tags": {"building": "residential", "name": "104栋", "name:en": "Block 104", "name:zh": "104栋"}, "heightStatus": "unknown", "source": "OpenStreetMap", "license": "ODbL-1.0"}, "geometry": {"type": "MultiPolygon", "coordinates": [[[[114.084827, 22.5461431], [114.0854122, 22.5461383], [114.0854133, 22.5462531], [114.0848281, 22.5462578], [114.084827, 22.5461431]]]]}}, {"type": "Feature", "id": "way/527641731", "properties": {"tags": {"building": "public"}, "heightStatus": "unknown", "source": "OpenStreetMap", "license": "ODbL-1.0"}, "geometry": {"type": "MultiPolygon", "coordinates": [[[[114.0917356, 22.5467284], [114.0917373, 22.5464259], [114.0922204, 22.5464282], [114.0922207, 22.5463792], [114.0924594, 22.5463803], [114.0924572, 22.5467757], [114.0923858, 22.5467754], [114.0923856, 22.5468083], [114.0922514, 22.5468077], [114.0922518, 22.5467355], [114.0919494, 22.5467341], [114.091949, 22.5468046], [114.0920352, 22.546805], [114.0920347, 22.546894], [114.0918183, 22.546893], [114.0918193, 22.5467288], [114.0917356, 22.5467284]]]]}}, {"type": "Feature", "id": "way/527641732", "properties": {"tags": {"building": "public"}, "heightStatus": "unknown", "source": "OpenStreetMap", "license": "ODbL-1.0"}, "geometry": {"type": "MultiPolygon", "coordinates": [[[[114.0917845, 22.5462537], [114.0917867, 22.546114], [114.0921506, 22.5461189], [114.0921484, 22.5462587], [114.0917845, 22.5462537]]]]}}, {"type": "Feature", "id": "relation/7606289", "properties": {"tags": {"building": "public"}, "heightStatus": "unknown", "source": "OpenStreetMap", "license": "ODbL-1.0"}, "geometry": {"type": "MultiPolygon", "coordinates": [[[[114.0916063, 22.5460491], [114.0916131, 22.5455754], [114.0924315, 22.5455853], [114.0924247, 22.546059], [114.0916063, 22.5460491]], [[114.0916581, 22.5459505], [114.0918281, 22.5459515], [114.0918296, 22.5457266], [114.0916595, 22.5457256], [114.0916581, 22.5459505]], [[114.0918654, 22.5459541], [114.0921562, 22.5459586], [114.0921596, 22.5457755], [114.0921142, 22.5457748], [114.092115, 22.5457297], [114.0918696, 22.5457259], [114.0918654, 22.5459541]]]]}}, {"type": "Feature", "id": "way/527641745", "properties": {"tags": {"building": "yes", "office": "political_party"}, "heightStatus": "unknown", "source": "OpenStreetMap", "license": "ODbL-1.0"}, "geometry": {"type": "MultiPolygon", "coordinates": [[[[114.0929575, 22.5462028], [114.0929588, 22.5460472], [114.0930887, 22.5460481], [114.0930874, 22.5462037], [114.0929575, 22.5462028]]]]}}, {"type": "Feature", "id": "relation/7606291", "properties": {"tags": {"building": "yes", "office": "political_party"}, "heightStatus": "unknown", "source": "OpenStreetMap", "license": "ODbL-1.0"}, "geometry": {"type": "MultiPolygon", "coordinates": [[[[114.0917677, 22.5476468], [114.0917738, 22.547177], [114.0920944, 22.5471805], [114.092119, 22.5471578], [114.0924431, 22.5471614], [114.0924366, 22.5476543], [114.0917677, 22.5476468]], [[114.0919123, 22.5475466], [114.0923163, 22.5475501], [114.0921039, 22.5473452], [114.091918, 22.5473417], [114.0919123, 22.5475466]], [[114.0921608, 22.5472401], [114.0923637, 22.5474345], [114.0923656, 22.5472401], [114.0922244, 22.5472401], [114.0921608, 22.5472401]]]]}}, {"type": "Feature", "id": "way/527641752", "properties": {"tags": {"building": "commercial", "building:levels": "22", "name": "设计大厦", "smoking": "no"}, "heightStatus": "levels_only_unverified", "source": "OpenStreetMap", "license": "ODbL-1.0"}, "geometry": {"type": "MultiPolygon", "coordinates": [[[[114.0890338, 22.5476017], [114.0890363, 22.5473924], [114.0900066, 22.5474022], [114.0900486, 22.5474217], [114.0900479, 22.5476561], [114.0898034, 22.5476554], [114.08978, 22.5476685], [114.0893612, 22.5476642], [114.0893619, 22.5476051], [114.0890338, 22.5476017]]]]}}, {"type": "Feature", "id": "way/638532485", "properties": {"tags": {"building": "school", "name": "食堂及文体馆"}, "heightStatus": "unknown", "source": "OpenStreetMap", "license": "ODbL-1.0"}, "geometry": {"type": "MultiPolygon", "coordinates": [[[[114.0870323, 22.5531933], [114.0875504, 22.5528312], [114.0876694, 22.5529756], [114.087152, 22.5533391], [114.0870323, 22.5531933]]]]}}, {"type": "Feature", "id": "relation/9604340", "properties": {"tags": {"building": "school", "name": "教学楼"}, "heightStatus": "unknown", "source": "OpenStreetMap", "license": "ODbL-1.0"}, "geometry": {"type": "MultiPolygon", "coordinates": [[[[114.0873148, 22.5522763], [114.0873155, 22.552187], [114.0881471, 22.5521931], [114.0881464, 22.5522744], [114.0880664, 22.5522738], [114.0880645, 22.5524988], [114.0882415, 22.5525001], [114.0882383, 22.5528628], [114.0878341, 22.5528598], [114.0876694, 22.5529756], [114.0875504, 22.5528312], [114.0875874, 22.5528052], [114.0875886, 22.5527148], [114.0875895, 22.5526475], [114.0875927, 22.5522784], [114.0873148, 22.5522763]], [[114.0877513, 22.5524923], [114.0879992, 22.5524947], [114.0880018, 22.552272], [114.0877539, 22.5522695], [114.0877513, 22.5524923]], [[114.0877532, 22.5527524], [114.0881385, 22.552755], [114.0881398, 22.5525906], [114.0877545, 22.5525881], [114.0877532, 22.5527524]]]]}}, {"type": "Feature", "id": "way/638534990", "properties": {"tags": {"building": "residential", "building:levels": "6"}, "heightStatus": "levels_only_unverified", "source": "OpenStreetMap", "license": "ODbL-1.0"}, "geometry": {"type": "MultiPolygon", "coordinates": [[[[114.0915156, 22.5515979], [114.0915172, 22.5514961], [114.0920414, 22.5515033], [114.0920398, 22.5516049], [114.0915156, 22.5515979]]]]}}, {"type": "Feature", "id": "way/638534991", "properties": {"tags": {"building": "residential", "building:levels": "6"}, "heightStatus": "levels_only_unverified", "source": "OpenStreetMap", "license": "ODbL-1.0"}, "geometry": {"type": "MultiPolygon", "coordinates": [[[[114.0921471, 22.5516181], [114.0921493, 22.5515114], [114.0928102, 22.551523], [114.092808, 22.5516297], [114.0921471, 22.5516181]]]]}}, {"type": "Feature", "id": "way/638534993", "properties": {"tags": {"building": "residential", "building:levels": "6"}, "heightStatus": "levels_only_unverified", "source": "OpenStreetMap", "license": "ODbL-1.0"}, "geometry": {"type": "MultiPolygon", "coordinates": [[[[114.0915246, 22.5513815], [114.0915261, 22.5512798], [114.092031, 22.5512863], [114.0920295, 22.551388], [114.0915246, 22.5513815]]]]}}, {"type": "Feature", "id": "way/638534994", "properties": {"tags": {"building": "residential", "building:levels": "6"}, "heightStatus": "levels_only_unverified", "source": "OpenStreetMap", "license": "ODbL-1.0"}, "geometry": {"type": "MultiPolygon", "coordinates": [[[[114.0921634, 22.5514083], [114.0921667, 22.5512977], [114.0928159, 22.5513142], [114.0928126, 22.5514246], [114.0921634, 22.5514083]]]]}}, {"type": "Feature", "id": "way/638534995", "properties": {"tags": {"building": "residential", "building:levels": "6"}, "heightStatus": "levels_only_unverified", "source": "OpenStreetMap", "license": "ODbL-1.0"}, "geometry": {"type": "MultiPolygon", "coordinates": [[[[114.0915299, 22.5511748], [114.0915316, 22.5510738], [114.0920364, 22.5510809], [114.0920347, 22.551182], [114.0915299, 22.5511748]]]]}}, {"type": "Feature", "id": "way/638534996", "properties": {"tags": {"building": "residential", "building:levels": "6"}, "heightStatus": "levels_only_unverified", "source": "OpenStreetMap", "license": "ODbL-1.0"}, "geometry": {"type": "MultiPolygon", "coordinates": [[[[114.0921556, 22.5511581], [114.0921581, 22.5510536], [114.0928331, 22.551067], [114.0928307, 22.5511716], [114.0921556, 22.5511581]]]]}}, {"type": "Feature", "id": "way/638534997", "properties": {"tags": {"building": "residential", "building:levels": "6"}, "heightStatus": "levels_only_unverified", "source": "OpenStreetMap", "license": "ODbL-1.0"}, "geometry": {"type": "MultiPolygon", "coordinates": [[[[114.0913722, 22.5506107], [114.0913747, 22.5505062], [114.0920497, 22.5505196], [114.0920472, 22.5506242], [114.0913722, 22.5506107]]]]}}, {"type": "Feature", "id": "way/638534998", "properties": {"tags": {"building": "residential", "building:levels": "6"}, "heightStatus": "levels_only_unverified", "source": "OpenStreetMap", "license": "ODbL-1.0"}, "geometry": {"type": "MultiPolygon", "coordinates": [[[[114.0921678, 22.5506249], [114.0921702, 22.5505203], [114.0928453, 22.5505336], [114.0928429, 22.5506384], [114.0921678, 22.5506249]]]]}}, {"type": "Feature", "id": "way/638534999", "properties": {"tags": {"building": "residential", "building:levels": "6"}, "heightStatus": "levels_only_unverified", "source": "OpenStreetMap", "license": "ODbL-1.0"}, "geometry": {"type": "MultiPolygon", "coordinates": [[[[114.0913803, 22.5502607], [114.0913827, 22.5501562], [114.0920577, 22.5501695], [114.0920553, 22.5502742], [114.0913803, 22.5502607]]]]}}, {"type": "Feature", "id": "way/638535000", "properties": {"tags": {"building": "residential", "building:levels": "6"}, "heightStatus": "levels_only_unverified", "source": "OpenStreetMap", "license": "ODbL-1.0"}, "geometry": {"type": "MultiPolygon", "coordinates": [[[[114.0921789, 22.5502691], [114.0921814, 22.5501646], [114.0928564, 22.550178], [114.092854, 22.5502826], [114.0921789, 22.5502691]]]]}}, {"type": "Feature", "id": "way/638535001", "properties": {"tags": {"building": "residential", "building:levels": "6"}, "heightStatus": "levels_only_unverified", "source": "OpenStreetMap", "license": "ODbL-1.0"}, "geometry": {"type": "MultiPolygon", "coordinates": [[[[114.0916736, 22.5496713], [114.0916746, 22.549574], [114.0920643, 22.5495776], [114.0920633, 22.5496748], [114.0916736, 22.5496713]]]]}}, {"type": "Feature", "id": "way/638535002", "properties": {"tags": {"building": "residential", "building:levels": "6"}, "heightStatus": "levels_only_unverified", "source": "OpenStreetMap", "license": "ODbL-1.0"}, "geometry": {"type": "MultiPolygon", "coordinates": [[[[114.0922087, 22.549654], [114.0922099, 22.5495537], [114.0925542, 22.5495571], [114.092553, 22.5496573], [114.0922087, 22.549654]]]]}}, {"type": "Feature", "id": "way/638535005", "properties": {"tags": {"building": "residential", "building:levels": "6"}, "heightStatus": "levels_only_unverified", "source": "OpenStreetMap", "license": "ODbL-1.0"}, "geometry": {"type": "MultiPolygon", "coordinates": [[[[114.0913765, 22.5508617], [114.0920365, 22.5508604], [114.0920367, 22.5509621], [114.0913768, 22.5509635], [114.0913765, 22.5508617]]]]}}, {"type": "Feature", "id": "way/638535006", "properties": {"tags": {"building": "residential", "building:levels": "6"}, "heightStatus": "levels_only_unverified", "source": "OpenStreetMap", "license": "ODbL-1.0"}, "geometry": {"type": "MultiPolygon", "coordinates": [[[[114.092161, 22.5509725], [114.092165, 22.5508717], [114.0922193, 22.5508736], [114.092222, 22.5508072], [114.092345, 22.5508115], [114.0923423, 22.5508769], [114.0924041, 22.550879], [114.0924066, 22.5508158], [114.0925358, 22.5508203], [114.0925326, 22.5508996], [114.0925751, 22.5509011], [114.0925714, 22.5509923], [114.0924979, 22.5509898], [114.0924994, 22.5509547], [114.0924362, 22.5509526], [114.0924353, 22.5509744], [114.0923025, 22.5509699], [114.0923037, 22.5509408], [114.0922373, 22.5509385], [114.0922358, 22.5509751], [114.092161, 22.5509725]]]]}}, {"type": "Feature", "id": "way/638535007", "properties": {"tags": {"building": "residential", "building:levels": "6"}, "heightStatus": "levels_only_unverified", "source": "OpenStreetMap", "license": "ODbL-1.0"}, "geometry": {"type": "MultiPolygon", "coordinates": [[[[114.0913207, 22.5515068], [114.0913212, 22.5514023], [114.0914867, 22.551403], [114.0914862, 22.5515076], [114.0913207, 22.5515068]]]]}}, {"type": "Feature", "id": "way/638535009", "properties": {"tags": {"building": "residential", "building:levels": "6"}, "heightStatus": "levels_only_unverified", "source": "OpenStreetMap", "license": "ODbL-1.0"}, "geometry": {"type": "MultiPolygon", "coordinates": [[[[114.0913388, 22.5513502], [114.0913393, 22.5512456], [114.0915048, 22.5512463], [114.0915043, 22.551351], [114.0913388, 22.5513502]]]]}}, {"type": "Feature", "id": "way/638535010", "properties": {"tags": {"building": "residential", "building:levels": "6"}, "heightStatus": "levels_only_unverified", "source": "OpenStreetMap", "license": "ODbL-1.0"}, "geometry": {"type": "MultiPolygon", "coordinates": [[[[114.0913455, 22.5511694], [114.091346, 22.5510648], [114.0915115, 22.5510655], [114.091511, 22.5511702], [114.0913455, 22.5511694]]]]}}, {"type": "Feature", "id": "way/638535014", "properties": {"tags": {"building": "residential", "building:levels": "6"}, "heightStatus": "levels_only_unverified", "source": "OpenStreetMap", "license": "ODbL-1.0"}, "geometry": {"type": "MultiPolygon", "coordinates": [[[[114.0926239, 22.5496453], [114.0926257, 22.549583], [114.0927241, 22.5495854], [114.0927259, 22.5495224], [114.092817, 22.5495246], [114.0928152, 22.5495862], [114.0928688, 22.5495875], [114.092866, 22.5496835], [114.0927922, 22.5496816], [114.0927935, 22.5496386], [114.0927455, 22.5496374], [114.0927442, 22.5496838], [114.0926569, 22.5496817], [114.0926579, 22.5496461], [114.0926239, 22.5496453]]]]}}, {"type": "Feature", "id": "way/638535015", "properties": {"tags": {"building": "residential", "building:levels": "6"}, "heightStatus": "levels_only_unverified", "source": "OpenStreetMap", "license": "ODbL-1.0"}, "geometry": {"type": "MultiPolygon", "coordinates": [[[[114.0913618, 22.5496919], [114.0913625, 22.5495941], [114.091563, 22.5495953], [114.0915623, 22.5496931], [114.0913618, 22.5496919]]]]}}, {"type": "Feature", "id": "way/638535016", "properties": {"tags": {"building": "residential", "building:levels": "6"}, "heightStatus": "levels_only_unverified", "source": "OpenStreetMap", "license": "ODbL-1.0"}, "geometry": {"type": "MultiPolygon", "coordinates": [[[[114.0913685, 22.5495012], [114.0913692, 22.5494033], [114.0915697, 22.5494046], [114.091569, 22.5495024], [114.0913685, 22.5495012]]]]}}, {"type": "Feature", "id": "way/638535017", "properties": {"tags": {"building": "residential", "building:levels": "6"}, "heightStatus": "levels_only_unverified", "source": "OpenStreetMap", "license": "ODbL-1.0"}, "geometry": {"type": "MultiPolygon", "coordinates": [[[[114.0913699, 22.5493328], [114.0913706, 22.549235], [114.091571, 22.5492362], [114.0915703, 22.549334], [114.0913699, 22.5493328]]]]}}, {"type": "Feature", "id": "way/643527693", "properties": {"tags": {"building": "warehouse", "building:levels": "1"}, "heightStatus": "levels_only_unverified", "source": "OpenStreetMap", "license": "ODbL-1.0"}, "geometry": {"type": "MultiPolygon", "coordinates": [[[[114.0847591, 22.5526808], [114.0847813, 22.5526454], [114.0851622, 22.5528494], [114.08514, 22.5528848], [114.0847591, 22.5526808]]]]}}, {"type": "Feature", "id": "way/664026053", "properties": {"tags": {"building": "school", "building:levels": "6"}, "heightStatus": "levels_only_unverified", "source": "OpenStreetMap", "license": "ODbL-1.0"}, "geometry": {"type": "MultiPolygon", "coordinates": [[[[114.0919948, 22.5490149], [114.0919972, 22.5488449], [114.0920583, 22.5488456], [114.0920579, 22.5488767], [114.0922969, 22.5488797], [114.0922975, 22.5488375], [114.0923906, 22.5488386], [114.092388, 22.5490196], [114.0919948, 22.5490149]]]]}}, {"type": "Feature", "id": "relation/9226795", "properties": {"tags": {"building": "school", "building:levels": "6"}, "heightStatus": "levels_only_unverified", "source": "OpenStreetMap", "license": "ODbL-1.0"}, "geometry": {"type": "MultiPolygon", "coordinates": [[[[114.091882, 22.54828], [114.0918823, 22.5482037], [114.0920529, 22.5482041], [114.0920523, 22.5484003], [114.0923988, 22.5484013], [114.0923975, 22.5488237], [114.092019, 22.5488227], [114.0920191, 22.5487863], [114.09198, 22.5487862], [114.0919802, 22.5487207], [114.0920469, 22.5487209], [114.0920471, 22.5486876], [114.0920024, 22.5486875], [114.0920028, 22.5485528], [114.0919661, 22.5485527], [114.0919665, 22.5484598], [114.0920141, 22.5484599], [114.0920143, 22.5484059], [114.0919038, 22.5484056], [114.0919042, 22.5482801], [114.091882, 22.54828]], [[114.0920755, 22.5486112], [114.0921732, 22.548612], [114.0921727, 22.5486717], [114.0922881, 22.5486726], [114.0922899, 22.5484747], [114.0920767, 22.548473], [114.0920755, 22.5486112]]]]}}, {"type": "Feature", "id": "way/664026056", "properties": {"tags": {"amenity": "police", "building": "yes", "name": "园岭派出所", "opening_hours": "24/7"}, "heightStatus": "unknown", "source": "OpenStreetMap", "license": "ODbL-1.0"}, "geometry": {"type": "MultiPolygon", "coordinates": [[[[114.0914003, 22.5479003], [114.0914004, 22.5478202], [114.0914876, 22.5478203], [114.0914876, 22.547792], [114.0917239, 22.5477922], [114.0917238, 22.5478754], [114.091518, 22.5478752], [114.091518, 22.5479005], [114.0914003, 22.5479003]]]]}}, {"type": "Feature", "id": "way/664026057", "properties": {"tags": {"building": "yes"}, "heightStatus": "unknown", "source": "OpenStreetMap", "license": "ODbL-1.0"}, "geometry": {"type": "MultiPolygon", "coordinates": [[[[114.091443, 22.5479686], [114.0918941, 22.5479709], [114.0918965, 22.5481257], [114.091448, 22.5481211], [114.091443, 22.5479686]]]]}}, {"type": "Feature", "id": "way/664026058", "properties": {"tags": {"amenity": "bank", "building": "yes"}, "heightStatus": "unknown", "source": "OpenStreetMap", "license": "ODbL-1.0"}, "geometry": {"type": "MultiPolygon", "coordinates": [[[[114.0919187, 22.5479299], [114.0919286, 22.5477979], [114.0920641, 22.5477956], [114.0922761, 22.5478002], [114.0922835, 22.5478252], [114.0924215, 22.5478298], [114.0924166, 22.5479481], [114.0919187, 22.5479299]]]]}}, {"type": "Feature", "id": "way/664026060", "properties": {"tags": {"building": "kindergarten", "building:levels": "6"}, "heightStatus": "levels_only_unverified", "source": "OpenStreetMap", "license": "ODbL-1.0"}, "geometry": {"type": "MultiPolygon", "coordinates": [[[[114.0924705, 22.5490159], [114.0924739, 22.5488715], [114.0926331, 22.5488766], [114.0926307, 22.548905], [114.0929517, 22.5489182], [114.0929715, 22.5489594], [114.0929025, 22.5490072], [114.0927867, 22.5490277], [114.0926361, 22.5490307], [114.0924705, 22.5490159]]]]}}, {"type": "Feature", "id": "way/664026061", "properties": {"tags": {"building": "kindergarten", "building:levels": "6"}, "heightStatus": "levels_only_unverified", "source": "OpenStreetMap", "license": "ODbL-1.0"}, "geometry": {"type": "MultiPolygon", "coordinates": [[[[114.0924922, 22.5486319], [114.0924936, 22.5485397], [114.0925621, 22.5485406], [114.092563, 22.5484791], [114.0924989, 22.5484782], [114.0925, 22.548404], [114.0926248, 22.5484057], [114.092624, 22.548453], [114.0928263, 22.5484558], [114.0928252, 22.5485236], [114.0929734, 22.5485256], [114.092973, 22.5485457], [114.0931221, 22.5485477], [114.0931448, 22.5485558], [114.0931594, 22.5485771], [114.0931664, 22.5486056], [114.0931588, 22.5486354], [114.0931444, 22.5486554], [114.0931214, 22.5486643], [114.092995, 22.5486628], [114.0929943, 22.5487122], [114.0927149, 22.5487087], [114.0927163, 22.5486106], [114.0928165, 22.5486119], [114.0928173, 22.5485588], [114.0926234, 22.5485563], [114.0926222, 22.5486335], [114.0924922, 22.5486319]]]]}}, {"type": "Feature", "id": "way/664026062", "properties": {"tags": {"building": "kindergarten", "building:levels": "2"}, "heightStatus": "levels_only_unverified", "source": "OpenStreetMap", "license": "ODbL-1.0"}, "geometry": {"type": "MultiPolygon", "coordinates": [[[[114.0929756, 22.5489012], [114.0930906, 22.5487685], [114.0931563, 22.5488171], [114.0930414, 22.5489498], [114.0929756, 22.5489012]]]]}}, {"type": "Feature", "id": "way/668890134", "properties": {"tags": {"building": "residential", "building:levels": "6"}, "heightStatus": "levels_only_unverified", "source": "OpenStreetMap", "license": "ODbL-1.0"}, "geometry": {"type": "MultiPolygon", "coordinates": [[[[114.0925363, 22.5481821], [114.0925383, 22.5481171], [114.0926034, 22.5481189], [114.0926039, 22.5481014], [114.0927533, 22.5481054], [114.0927526, 22.5481285], [114.0928233, 22.5481303], [114.0928213, 22.5481919], [114.0927907, 22.5481911], [114.0927897, 22.5482236], [114.0925733, 22.5482178], [114.0925744, 22.5481832], [114.0925363, 22.5481821]]]]}}, {"type": "Feature", "id": "way/668890135", "properties": {"tags": {"building": "residential", "building:levels": "6"}, "heightStatus": "levels_only_unverified", "source": "OpenStreetMap", "license": "ODbL-1.0"}, "geometry": {"type": "MultiPolygon", "coordinates": [[[[114.0928007, 22.5483419], [114.0928027, 22.548277], [114.0928677, 22.5482787], [114.0928683, 22.5482612], [114.0930177, 22.5482652], [114.0930169, 22.5482884], [114.0930876, 22.5482902], [114.0930857, 22.5483517], [114.0930551, 22.5483509], [114.0930541, 22.5483834], [114.0928375, 22.5483776], [114.0928386, 22.5483429], [114.0928007, 22.5483419]]]]}}, {"type": "Feature", "id": "way/668890137", "properties": {"tags": {"building": "residential", "building:levels": "6"}, "heightStatus": "levels_only_unverified", "source": "OpenStreetMap", "license": "ODbL-1.0"}, "geometry": {"type": "MultiPolygon", "coordinates": [[[[114.0925412, 22.5479177], [114.0925432, 22.5478528], [114.0926083, 22.5478545], [114.0926089, 22.5478371], [114.0927582, 22.547841], [114.0927575, 22.5478641], [114.0928282, 22.5478659], [114.0928263, 22.5479274], [114.0927957, 22.5479266], [114.0927947, 22.5479593], [114.092578, 22.5479535], [114.092579, 22.5479187], [114.0925412, 22.5479177]]]]}}, {"type": "Feature", "id": "way/668890138", "properties": {"tags": {"building": "apartments", "building:levels": "12"}, "heightStatus": "levels_only_unverified", "source": "OpenStreetMap", "license": "ODbL-1.0"}, "geometry": {"type": "MultiPolygon", "coordinates": [[[[114.0919397, 22.548011], [114.0920445, 22.5480132], [114.0920445, 22.5480582], [114.0920786, 22.548056], [114.0920737, 22.5479974], [114.0922516, 22.548002], [114.092254, 22.5480312], [114.0923686, 22.5480312], [114.092371, 22.5481122], [114.0919397, 22.5480897], [114.0919397, 22.548011]]]]}}, {"type": "Feature", "id": "way/691162555", "properties": {"tags": {"addr:city": "深圳市", "addr:district": "福田区", "addr:housenumber": "66号", "addr:postcode": "518028", "addr:province": "广东省", "addr:street": "百花二路", "alt_name": "深圳实验学校;深圳实验教育集团;深圳实验学校总部;深圳实验教育集团总部", "building": "yes", "name": "深圳实验教育集团综合楼", "name:en": "Shenzhen Experimental Education Group Office Building", "name:zh": "深圳实验教育集团综合楼", "office": "educational_institution", "short_name": "深圳实验;深实;SZSY", "website": "https://www.szsy.cn/"}, "heightStatus": "unknown", "source": "OpenStreetMap", "license": "ODbL-1.0"}, "geometry": {"type": "MultiPolygon", "coordinates": [[[[114.0863054, 22.5529337], [114.0863128, 22.5520915], [114.0864624, 22.5520926], [114.0864556, 22.5528817], [114.0863784, 22.5529342], [114.0863054, 22.5529337]]]]}}, {"type": "Feature", "id": "way/691162561", "properties": {"tags": {"building": "yes", "man_made": "tower"}, "heightStatus": "unknown", "source": "OpenStreetMap", "license": "ODbL-1.0"}, "geometry": {"type": "MultiPolygon", "coordinates": [[[[114.0875196, 22.5527139], [114.0875206, 22.5526466], [114.0875895, 22.5526475], [114.0875886, 22.5527148], [114.0875196, 22.5527139]]]]}}, {"type": "Feature", "id": "way/691162563", "properties": {"tags": {"building": "hospital", "source": "Bing"}, "heightStatus": "unknown", "source": "OpenStreetMap", "license": "ODbL-1.0"}, "geometry": {"type": "MultiPolygon", "coordinates": [[[[114.0887467, 22.5522328], [114.0887486, 22.5520852], [114.089399, 22.5520924], [114.0893984, 22.5521333], [114.0894463, 22.5521338], [114.0894447, 22.5522566], [114.0893215, 22.5522553], [114.0893217, 22.5522402], [114.0892061, 22.5522389], [114.088912, 22.5522346], [114.0887467, 22.5522328]]]]}}, {"type": "Feature", "id": "way/691162577", "properties": {"tags": {"building": "commercial", "name": "四川大厦"}, "heightStatus": "unknown", "source": "OpenStreetMap", "license": "ODbL-1.0"}, "geometry": {"type": "MultiPolygon", "coordinates": [[[[114.0899014, 22.5514388], [114.0899045, 22.55127], [114.0899057, 22.5511176], [114.090221, 22.5511211], [114.0902168, 22.5514431], [114.0901103, 22.5514421], [114.0899014, 22.5514388]]]]}}, {"type": "Feature", "id": "way/691162614", "properties": {"tags": {"building": "commercial", "name": "园岭大厦"}, "heightStatus": "unknown", "source": "OpenStreetMap", "license": "ODbL-1.0"}, "geometry": {"type": "MultiPolygon", "coordinates": [[[[114.0895353, 22.5529232], [114.0895372, 22.5527484], [114.0898404, 22.5527512], [114.0902565, 22.5527546], [114.0902549, 22.5529293], [114.0898385, 22.552926], [114.0895353, 22.5529232]]]]}}, {"type": "Feature", "id": "way/691162617", "properties": {"tags": {"building": "yes"}, "heightStatus": "unknown", "source": "OpenStreetMap", "license": "ODbL-1.0"}, "geometry": {"type": "MultiPolygon", "coordinates": [[[[114.0895492, 22.5514962], [114.0895535, 22.5512645], [114.0899045, 22.55127], [114.0899014, 22.5514388], [114.0901103, 22.5514421], [114.0901092, 22.5515049], [114.0895492, 22.5514962]]]]}}, {"type": "Feature", "id": "way/691162618", "properties": {"tags": {"building": "yes"}, "heightStatus": "unknown", "source": "OpenStreetMap", "license": "ODbL-1.0"}, "geometry": {"type": "MultiPolygon", "coordinates": [[[[114.0895538, 22.5512337], [114.0895594, 22.5508705], [114.0897687, 22.5508733], [114.0897631, 22.5512365], [114.0895538, 22.5512337]]]]}}, {"type": "Feature", "id": "way/691162619", "properties": {"tags": {"building": "commercial", "name": "四川大厦南楼"}, "heightStatus": "unknown", "source": "OpenStreetMap", "license": "ODbL-1.0"}, "geometry": {"type": "MultiPolygon", "coordinates": [[[[114.0898562, 22.5510723], [114.0898588, 22.5508764], [114.0901939, 22.5508802], [114.0901914, 22.5510761], [114.0898562, 22.5510723]]]]}}, {"type": "Feature", "id": "way/691307335", "properties": {"tags": {"building": "commercial"}, "heightStatus": "unknown", "source": "OpenStreetMap", "license": "ODbL-1.0"}, "geometry": {"type": "MultiPolygon", "coordinates": [[[[114.090295, 22.5459283], [114.090296, 22.545791], [114.0906728, 22.5457933], [114.0906722, 22.5458772], [114.0908506, 22.5458783], [114.0908501, 22.5459466], [114.0906601, 22.5459454], [114.0906602, 22.5459305], [114.090295, 22.5459283]]]]}}, {"type": "Feature", "id": "way/706872174", "properties": {"tags": {"building": "yes", "name": "深圳市文化馆", "tourism": "museum"}, "heightStatus": "unknown", "source": "OpenStreetMap", "license": "ODbL-1.0"}, "geometry": {"type": "MultiPolygon", "coordinates": [[[[114.0871462, 22.5502045], [114.0871623, 22.5497784], [114.0872079, 22.5497388], [114.0875888, 22.5497413], [114.0876248, 22.5497775], [114.08768, 22.5498329], [114.0876746, 22.55015], [114.0876022, 22.5502094], [114.0871462, 22.5502045]]]]}}, {"type": "Feature", "id": "way/763943200", "properties": {"tags": {"building": "residential", "building:levels": "6"}, "heightStatus": "levels_only_unverified", "source": "OpenStreetMap", "license": "ODbL-1.0"}, "geometry": {"type": "MultiPolygon", "coordinates": [[[[114.0926161, 22.5509642], [114.0926193, 22.5508786], [114.0926706, 22.5508802], [114.0926724, 22.5508298], [114.0927825, 22.5508334], [114.0927807, 22.5508833], [114.0928239, 22.5508847], [114.0928206, 22.5509723], [114.0927487, 22.55097], [114.0927502, 22.550932], [114.0926921, 22.5509301], [114.0926907, 22.5509666], [114.0926161, 22.5509642]]]]}}, {"type": "Feature", "id": "way/763943201", "properties": {"tags": {"building": "residential", "building:levels": "6"}, "heightStatus": "levels_only_unverified", "source": "OpenStreetMap", "license": "ODbL-1.0"}, "geometry": {"type": "MultiPolygon", "coordinates": [[[[114.0921998, 22.5499932], [114.0922039, 22.5498924], [114.0922582, 22.5498943], [114.0922608, 22.5498279], [114.0923838, 22.5498322], [114.0923812, 22.5498975], [114.0924429, 22.5498997], [114.0924455, 22.5498365], [114.0925747, 22.549841], [114.0925715, 22.5499203], [114.0926139, 22.5499218], [114.0926103, 22.550013], [114.0925368, 22.5500105], [114.0925382, 22.5499754], [114.0924751, 22.5499733], [114.0924742, 22.5499951], [114.0923414, 22.5499906], [114.0923426, 22.5499615], [114.0922761, 22.5499592], [114.0922747, 22.5499958], [114.0921998, 22.5499932]]]]}}, {"type": "Feature", "id": "way/763943202", "properties": {"tags": {"building": "residential", "building:levels": "6"}, "heightStatus": "levels_only_unverified", "source": "OpenStreetMap", "license": "ODbL-1.0"}, "geometry": {"type": "MultiPolygon", "coordinates": [[[[114.0926523, 22.549975], [114.0926555, 22.5498894], [114.0927068, 22.549891], [114.0927086, 22.5498406], [114.0928187, 22.5498441], [114.0928169, 22.5498941], [114.0928601, 22.5498955], [114.0928568, 22.5499831], [114.0927849, 22.5499807], [114.0927864, 22.5499428], [114.0927282, 22.5499409], [114.0927269, 22.5499773], [114.0926523, 22.549975]]]]}}, {"type": "Feature", "id": "way/763943203", "properties": {"tags": {"building": "residential", "building:levels": "6"}, "heightStatus": "levels_only_unverified", "source": "OpenStreetMap", "license": "ODbL-1.0"}, "geometry": {"type": "MultiPolygon", "coordinates": [[[[114.0916428, 22.5500136], [114.0916452, 22.5499224], [114.0916877, 22.5499233], [114.0916898, 22.5498439], [114.091819, 22.5498469], [114.0918173, 22.54991], [114.0918791, 22.5499114], [114.0918808, 22.549846], [114.0920039, 22.5498488], [114.0920021, 22.5499151], [114.0920564, 22.5499163], [114.0920538, 22.5500172], [114.0919789, 22.5500155], [114.0919799, 22.5499789], [114.0919134, 22.5499775], [114.0919126, 22.5500065], [114.0917798, 22.5500035], [114.0917804, 22.5499817], [114.0917172, 22.5499802], [114.0917162, 22.5500153], [114.0916428, 22.5500136]]]]}}, {"type": "Feature", "id": "way/763943204", "properties": {"tags": {"building": "residential", "building:levels": "6"}, "heightStatus": "levels_only_unverified", "source": "OpenStreetMap", "license": "ODbL-1.0"}, "geometry": {"type": "MultiPolygon", "coordinates": [[[[114.0914157, 22.5499771], [114.0914183, 22.5498895], [114.0914615, 22.5498906], [114.0914629, 22.5498406], [114.091573, 22.5498434], [114.0915716, 22.5498938], [114.0916228, 22.5498951], [114.0916203, 22.5499807], [114.0915457, 22.5499788], [114.0915468, 22.5499423], [114.0914887, 22.5499409], [114.0914876, 22.5499789], [114.0914157, 22.5499771]]]]}}, {"type": "Feature", "id": "way/763943205", "properties": {"tags": {"building": "residential", "building:levels": "6"}, "heightStatus": "levels_only_unverified", "source": "OpenStreetMap", "license": "ODbL-1.0"}, "geometry": {"type": "MultiPolygon", "coordinates": [[[[114.0916791, 22.5493858], [114.0916802, 22.5492885], [114.0920699, 22.549292], [114.0920688, 22.5493893], [114.0916791, 22.5493858]]]]}}, {"type": "Feature", "id": "way/763943206", "properties": {"tags": {"building": "residential", "building:levels": "6"}, "heightStatus": "levels_only_unverified", "source": "OpenStreetMap", "license": "ODbL-1.0"}, "geometry": {"type": "MultiPolygon", "coordinates": [[[[114.0922273, 22.5494004], [114.0922285, 22.5493001], [114.0925728, 22.5493035], [114.0925716, 22.5494037], [114.0922273, 22.5494004]]]]}}, {"type": "Feature", "id": "way/763943207", "properties": {"tags": {"building": "residential", "building:levels": "6"}, "heightStatus": "levels_only_unverified", "source": "OpenStreetMap", "license": "ODbL-1.0"}, "geometry": {"type": "MultiPolygon", "coordinates": [[[[114.0926337, 22.549376], [114.0926355, 22.5493136], [114.0927339, 22.549316], [114.0927357, 22.549253], [114.0928268, 22.5492553], [114.092825, 22.5493169], [114.0928786, 22.5493182], [114.0928758, 22.5494141], [114.092802, 22.5494123], [114.0928033, 22.5493693], [114.0927553, 22.5493681], [114.092754, 22.5494145], [114.0926667, 22.5494124], [114.0926677, 22.5493768], [114.0926337, 22.549376]]]]}}, {"type": "Feature", "id": "relation/10703575", "properties": {"tags": {"building": "yes", "name": "红荔邮政综合楼"}, "heightStatus": "unknown", "source": "OpenStreetMap", "license": "ODbL-1.0"}, "geometry": {"type": "MultiPolygon", "coordinates": [[[[114.0925754, 22.5523393], [114.0925837, 22.5519545], [114.0930982, 22.551964], [114.0930899, 22.5523488], [114.0925754, 22.5523393]], [[114.0926884, 22.5522533], [114.0929813, 22.5522583], [114.0929845, 22.5520992], [114.0926916, 22.5520942], [114.0926884, 22.5522533]]]]}}, {"type": "Feature", "id": "way/769200164", "properties": {"tags": {"addr:housenumber": "59", "building": "apartments", "building:levels": "15", "name": "59栋"}, "heightStatus": "levels_only_unverified", "source": "OpenStreetMap", "license": "ODbL-1.0"}, "geometry": {"type": "MultiPolygon", "coordinates": [[[[114.0928221, 22.5539571], [114.0929082, 22.5539393], [114.092909, 22.5538768], [114.092861, 22.5538632], [114.0928739, 22.553798], [114.0930133, 22.5538013], [114.0930275, 22.5538642], [114.0929837, 22.5538779], [114.092983, 22.553942], [114.093069, 22.5539598], [114.0930498, 22.5540364], [114.092949, 22.5540117], [114.092841, 22.5540321], [114.0928221, 22.5539571]]]]}}, {"type": "Feature", "id": "way/769200170", "properties": {"tags": {"addr:housenumber": "57", "building": "apartments", "building:levels": "20", "name": "57栋"}, "heightStatus": "levels_only_unverified", "source": "OpenStreetMap", "license": "ODbL-1.0"}, "geometry": {"type": "MultiPolygon", "coordinates": [[[[114.0922256, 22.5535661], [114.0922786, 22.5535191], [114.0922771, 22.5534388], [114.0922273, 22.5533834], [114.0922842, 22.5533401], [114.0923583, 22.553405], [114.0923613, 22.5534352], [114.0926016, 22.5534382], [114.0926036, 22.5534153], [114.0926788, 22.5533398], [114.0927397, 22.5533935], [114.0926827, 22.553449], [114.0926854, 22.5535336], [114.0927425, 22.55359], [114.0926857, 22.5536363], [114.0926015, 22.5535614], [114.0926019, 22.553531], [114.0923622, 22.5535284], [114.0923611, 22.5535557], [114.0922816, 22.5536176], [114.0922256, 22.5535661]]]]}}, {"type": "Feature", "id": "way/769200171", "properties": {"tags": {"addr:housenumber": "54", "building": "apartments", "building:levels": "6", "name": "54栋"}, "heightStatus": "levels_only_unverified", "source": "OpenStreetMap", "license": "ODbL-1.0"}, "geometry": {"type": "MultiPolygon", "coordinates": [[[[114.0925519, 22.5531715], [114.0925538, 22.5530763], [114.0930855, 22.5530855], [114.0930836, 22.5531806], [114.0925519, 22.5531715]]]]}}, {"type": "Feature", "id": "way/769200172", "properties": {"tags": {"addr:housenumber": "55", "building": "apartments", "building:levels": "6", "name": "55栋"}, "heightStatus": "levels_only_unverified", "source": "OpenStreetMap", "license": "ODbL-1.0"}, "geometry": {"type": "MultiPolygon", "coordinates": [[[[114.0918946, 22.5531615], [114.0918958, 22.5530727], [114.0924237, 22.553079], [114.0924224, 22.5531678], [114.0918946, 22.5531615]]]]}}, {"type": "Feature", "id": "way/769200173", "properties": {"tags": {"addr:housenumber": "52", "building": "apartments", "building:levels": "6", "name": "52栋"}, "heightStatus": "levels_only_unverified", "source": "OpenStreetMap", "license": "ODbL-1.0"}, "geometry": {"type": "MultiPolygon", "coordinates": [[[[114.092763, 22.5528899], [114.0927638, 22.5528122], [114.0929231, 22.5528137], [114.0929263, 22.5528263], [114.0930896, 22.5528297], [114.0930877, 22.5529077], [114.0929275, 22.5529043], [114.0929232, 22.5528915], [114.092763, 22.5528899]]]]}}, {"type": "Feature", "id": "way/769200174", "properties": {"tags": {"addr:housenumber": "50", "building": "apartments", "building:levels": "6", "name": "50栋"}, "heightStatus": "levels_only_unverified", "source": "OpenStreetMap", "license": "ODbL-1.0"}, "geometry": {"type": "MultiPolygon", "coordinates": [[[[114.0927693, 22.5526055], [114.09277, 22.5525304], [114.0929243, 22.5525316], [114.0929242, 22.5525495], [114.0930942, 22.5525507], [114.0930936, 22.552627], [114.0929287, 22.5526258], [114.0929288, 22.5526067], [114.0927693, 22.5526055]]]]}}, {"type": "Feature", "id": "way/769200175", "properties": {"tags": {"addr:housenumber": "53", "building": "apartments", "building:levels": "6", "name": "53栋"}, "heightStatus": "levels_only_unverified", "source": "OpenStreetMap", "license": "ODbL-1.0"}, "geometry": {"type": "MultiPolygon", "coordinates": [[[[114.0918923, 22.5529029], [114.0918946, 22.5527961], [114.092236, 22.5528024], [114.0922337, 22.5529092], [114.0918923, 22.5529029]]]]}}, {"type": "Feature", "id": "way/769200176", "properties": {"tags": {"addr:housenumber": "51", "building": "apartments", "building:levels": "6", "name": "51栋"}, "heightStatus": "levels_only_unverified", "source": "OpenStreetMap", "license": "ODbL-1.0"}, "geometry": {"type": "MultiPolygon", "coordinates": [[[[114.0918962, 22.5526139], [114.091897, 22.5525063], [114.0922358, 22.5525084], [114.092235, 22.552616], [114.0918962, 22.5526139]]]]}}, {"type": "Feature", "id": "way/769200177", "properties": {"tags": {"addr:housenumber": "49", "building": "apartments", "building:levels": "6", "name": "49栋"}, "heightStatus": "levels_only_unverified", "source": "OpenStreetMap", "license": "ODbL-1.0"}, "geometry": {"type": "MultiPolygon", "coordinates": [[[[114.091919, 22.5523121], [114.0919205, 22.5522291], [114.0924502, 22.5522376], [114.0924486, 22.5523207], [114.091919, 22.5523121]]]]}}, {"type": "Feature", "id": "way/769200178", "properties": {"tags": {"addr:housenumber": "48", "building": "apartments", "building:levels": "6", "name": "48栋"}, "heightStatus": "levels_only_unverified", "source": "OpenStreetMap", "license": "ODbL-1.0"}, "geometry": {"type": "MultiPolygon", "coordinates": [[[[114.0919157, 22.5520454], [114.0919176, 22.5519466], [114.0924605, 22.5519554], [114.0924587, 22.5520542], [114.0919157, 22.5520454]]]]}}, {"type": "Feature", "id": "way/771790280", "properties": {"tags": {"addr:housenumber": "58", "building": "apartments", "building:levels": "15", "name": "58栋"}, "heightStatus": "levels_only_unverified", "source": "OpenStreetMap", "license": "ODbL-1.0"}, "geometry": {"type": "MultiPolygon", "coordinates": [[[[114.0918738, 22.5535281], [114.0919599, 22.5535103], [114.0919607, 22.5534478], [114.0919127, 22.5534342], [114.0919256, 22.553369], [114.092065, 22.5533723], [114.0920791, 22.5534352], [114.0920353, 22.5534489], [114.0920347, 22.553513], [114.0921207, 22.5535308], [114.0921015, 22.5536074], [114.0920007, 22.5535827], [114.0918926, 22.5536031], [114.0918738, 22.5535281]]]]}}, {"type": "Feature", "id": "way/771790281", "properties": {"tags": {"addr:housenumber": "56", "building": "apartments", "building:levels": "15", "name": "56栋"}, "heightStatus": "levels_only_unverified", "source": "OpenStreetMap", "license": "ODbL-1.0"}, "geometry": {"type": "MultiPolygon", "coordinates": [[[[114.0928287, 22.5535421], [114.0929148, 22.5535242], [114.0929156, 22.5534617], [114.0928676, 22.5534481], [114.0928805, 22.553383], [114.0930199, 22.5533862], [114.0930341, 22.5534492], [114.0929903, 22.5534629], [114.0929896, 22.5535269], [114.0930756, 22.5535447], [114.0930564, 22.5536214], [114.0929556, 22.5535966], [114.0928476, 22.553617], [114.0928287, 22.5535421]]]]}}, {"type": "Feature", "id": "way/771790282", "properties": {"tags": {"addr:housenumber": "62", "building": "apartments", "building:levels": "15", "name": "62栋"}, "heightStatus": "levels_only_unverified", "source": "OpenStreetMap", "license": "ODbL-1.0"}, "geometry": {"type": "MultiPolygon", "coordinates": [[[[114.0918662, 22.5539361], [114.0919523, 22.5539183], [114.0919531, 22.5538558], [114.0919051, 22.5538422], [114.091918, 22.553777], [114.0920574, 22.5537803], [114.0920715, 22.5538432], [114.0920277, 22.5538569], [114.0920271, 22.553921], [114.0921131, 22.5539388], [114.0920939, 22.5540154], [114.0919931, 22.5539907], [114.091885, 22.5540111], [114.0918662, 22.5539361]]]]}}, {"type": "Feature", "id": "way/771790283", "properties": {"tags": {"addr:housenumber": "61", "building": "apartments", "building:levels": "15", "name": "61栋"}, "heightStatus": "levels_only_unverified", "source": "OpenStreetMap", "license": "ODbL-1.0"}, "geometry": {"type": "MultiPolygon", "coordinates": [[[[114.0921814, 22.5539472], [114.0922675, 22.5539293], [114.0922683, 22.5538668], [114.0922203, 22.5538532], [114.0922332, 22.553788], [114.0923726, 22.5537913], [114.0923868, 22.5538543], [114.092343, 22.5538679], [114.0923423, 22.553932], [114.0924283, 22.5539498], [114.0924091, 22.5540264], [114.0923083, 22.5540017], [114.0922003, 22.5540221], [114.0921814, 22.5539472]]]]}}, {"type": "Feature", "id": "way/771790284", "properties": {"tags": {"addr:housenumber": "60", "building": "apartments", "building:levels": "15", "name": "60栋"}, "heightStatus": "levels_only_unverified", "source": "OpenStreetMap", "license": "ODbL-1.0"}, "geometry": {"type": "MultiPolygon", "coordinates": [[[[114.092503, 22.5539542], [114.0925891, 22.5539363], [114.0925899, 22.5538738], [114.0925419, 22.5538602], [114.0925548, 22.553795], [114.0926942, 22.5537983], [114.0927083, 22.5538613], [114.0926645, 22.5538749], [114.0926638, 22.553939], [114.0927499, 22.5539568], [114.0927307, 22.5540334], [114.0926299, 22.5540087], [114.0925218, 22.5540291], [114.092503, 22.5539542]]]]}}, {"type": "Feature", "id": "way/817047833", "properties": {"tags": {"building": "yes", "building:levels": "24", "name": "富怡雅居"}, "heightStatus": "levels_only_unverified", "source": "OpenStreetMap", "license": "ODbL-1.0"}, "geometry": {"type": "MultiPolygon", "coordinates": [[[[114.0887094, 22.5465723], [114.0887133, 22.5463959], [114.0892645, 22.5464021], [114.0892624, 22.5465778], [114.0887094, 22.5465723]]]]}}, {"type": "Feature", "id": "way/1239052955", "properties": {"tags": {"building": "yes", "building:levels": "31"}, "heightStatus": "levels_only_unverified", "source": "OpenStreetMap", "license": "ODbL-1.0"}, "geometry": {"type": "MultiPolygon", "coordinates": [[[[114.0897797, 22.5451892], [114.0897809, 22.5451267], [114.089808, 22.5451272], [114.0898084, 22.5451036], [114.0898357, 22.5451041], [114.089837, 22.5450377], [114.0897806, 22.5450367], [114.0897825, 22.5449443], [114.0898339, 22.5449452], [114.0898335, 22.5449628], [114.0898977, 22.5449638], [114.089898, 22.5449507], [114.0900479, 22.5449533], [114.0900477, 22.5449641], [114.090117, 22.5449652], [114.0901173, 22.5449483], [114.0901779, 22.5449493], [114.0901758, 22.5450527], [114.0901063, 22.5450515], [114.090105, 22.5451181], [114.0901339, 22.5451186], [114.0901334, 22.5451443], [114.0901645, 22.5451448], [114.0901634, 22.5451958], [114.0897797, 22.5451892]]]]}}, {"type": "Feature", "id": "relation/17020243", "properties": {"tags": {"building": "yes", "office": "political_party"}, "heightStatus": "unknown", "source": "OpenStreetMap", "license": "ODbL-1.0"}, "geometry": {"type": "MultiPolygon", "coordinates": [[[[114.0927899, 22.5458619], [114.0927922, 22.5456561], [114.0928217, 22.5456564], [114.0928219, 22.5456455], [114.0929686, 22.545647], [114.0929683, 22.5456696], [114.0929845, 22.5456697], [114.0929846, 22.5456557], [114.0929882, 22.5454638], [114.0930639, 22.545465], [114.0930634, 22.5454914], [114.0933417, 22.5454959], [114.0933422, 22.5454675], [114.0934747, 22.5454697], [114.0934743, 22.5454945], [114.0937479, 22.545499], [114.0937483, 22.5454763], [114.0938346, 22.5454777], [114.0938309, 22.5456694], [114.0938261, 22.5458905], [114.0938246, 22.5459843], [114.093496, 22.5459798], [114.0934959, 22.5459904], [114.093318, 22.545988], [114.0933182, 22.545977], [114.0929787, 22.5459724], [114.0929802, 22.5458785], [114.0929804, 22.5458476], [114.0929661, 22.5458474], [114.0929658, 22.545875], [114.0928135, 22.5458735], [114.0928136, 22.5458621], [114.0927899, 22.5458619]], [[114.0930352, 22.5458792], [114.0933214, 22.5458831], [114.0933223, 22.5458239], [114.0934955, 22.5458263], [114.0934945, 22.545886], [114.0937557, 22.5458895], [114.0937602, 22.5456683], [114.093046, 22.5456567], [114.0930457, 22.5456704], [114.0930456, 22.5456834], [114.0930785, 22.5456837], [114.0930779, 22.5457404], [114.0930886, 22.5457554], [114.0930886, 22.5457744], [114.0930774, 22.5457861], [114.0930767, 22.5458485], [114.0930356, 22.5458481], [114.0930352, 22.5458792]]]]}}, {"type": "Feature", "id": "way/1258931693", "properties": {"tags": {"building": "residential", "name": "108栋", "name:en": "Block 108", "name:zh": "108栋"}, "heightStatus": "unknown", "source": "OpenStreetMap", "license": "ODbL-1.0"}, "geometry": {"type": "MultiPolygon", "coordinates": [[[[114.084202, 22.5460105], [114.0842034, 22.5459295], [114.0844057, 22.545908], [114.0845127, 22.5458981], [114.0847291, 22.5459288], [114.084709, 22.5460102], [114.084513, 22.5459921], [114.084202, 22.5460105]]]]}}, {"type": "Feature", "id": "way/1258931694", "properties": {"tags": {"building": "commercial", "name": "华美大厦", "name:en": "Huamei Building", "name:zh": "华美大厦"}, "heightStatus": "unknown", "source": "OpenStreetMap", "license": "ODbL-1.0"}, "geometry": {"type": "MultiPolygon", "coordinates": [[[[114.0857398, 22.549132], [114.085743, 22.5488333], [114.0866196, 22.5488411], [114.0866165, 22.5491399], [114.0857398, 22.549132]]]]}}, {"type": "Feature", "id": "way/1258931695", "properties": {"tags": {"building": "residential"}, "heightStatus": "unknown", "source": "OpenStreetMap", "license": "ODbL-1.0"}, "geometry": {"type": "MultiPolygon", "coordinates": [[[[114.0868587, 22.5486057], [114.0868628, 22.5484408], [114.0869299, 22.5484423], [114.0869306, 22.5484156], [114.0876358, 22.5484307], [114.0876351, 22.5484591], [114.0876955, 22.5484604], [114.0876916, 22.5486166], [114.0876388, 22.5486155], [114.0876378, 22.5486538], [114.0869236, 22.5486388], [114.0869244, 22.5486071], [114.0868587, 22.5486057]]]]}}, {"type": "Feature", "id": "way/1258931696", "properties": {"tags": {"building": "residential"}, "heightStatus": "unknown", "source": "OpenStreetMap", "license": "ODbL-1.0"}, "geometry": {"type": "MultiPolygon", "coordinates": [[[[114.0868533, 22.5490417], [114.0868574, 22.5488768], [114.0869246, 22.5488782], [114.0869252, 22.5488516], [114.0876305, 22.5488667], [114.0876298, 22.5488951], [114.0876902, 22.5488964], [114.0876863, 22.5490526], [114.0876334, 22.5490515], [114.0876325, 22.5490898], [114.0869182, 22.5490748], [114.086919, 22.5490431], [114.0868533, 22.5490417]]]]}}, {"type": "Feature", "id": "way/1258931699", "properties": {"tags": {"building": "construction"}, "heightStatus": "unknown", "source": "OpenStreetMap", "license": "ODbL-1.0"}, "geometry": {"type": "MultiPolygon", "coordinates": [[[[114.0858364, 22.5476676], [114.0858417, 22.5473589], [114.0862717, 22.5473653], [114.0862663, 22.5476739], [114.0858364, 22.5476676]]]]}}, {"type": "Feature", "id": "way/1258931700", "properties": {"tags": {"building": "apartments"}, "heightStatus": "unknown", "source": "OpenStreetMap", "license": "ODbL-1.0"}, "geometry": {"type": "MultiPolygon", "coordinates": [[[[114.0858275, 22.5486254], [114.0858305, 22.548514], [114.0859117, 22.5485159], [114.0859122, 22.5484957], [114.086132, 22.5485007], [114.0861314, 22.5485219], [114.0862259, 22.548524], [114.0862232, 22.5486283], [114.0861521, 22.5486267], [114.0861515, 22.5486498], [114.0861303, 22.5486493], [114.08613, 22.5486597], [114.0859051, 22.5486547], [114.0859054, 22.5486438], [114.0858872, 22.5486434], [114.0858876, 22.5486267], [114.0858275, 22.5486254]]]]}}, {"type": "Feature", "id": "way/1258931701", "properties": {"tags": {"building": "apartments"}, "heightStatus": "unknown", "source": "OpenStreetMap", "license": "ODbL-1.0"}, "geometry": {"type": "MultiPolygon", "coordinates": [[[[114.086283, 22.5486644], [114.0862876, 22.5485353], [114.0863083, 22.5485359], [114.0863089, 22.5485183], [114.0865476, 22.5485255], [114.086547, 22.5485425], [114.0865821, 22.5485436], [114.0865825, 22.5485327], [114.0866019, 22.5485333], [114.0865974, 22.5486591], [114.0865702, 22.5486583], [114.0865693, 22.5486811], [114.086548, 22.5486805], [114.0865476, 22.5486908], [114.0863206, 22.5486839], [114.086321, 22.5486729], [114.086303, 22.5486724], [114.0863032, 22.548665], [114.086283, 22.5486644]]]]}}, {"type": "Feature", "id": "way/1258931702", "properties": {"tags": {"building": "yes"}, "heightStatus": "unknown", "source": "OpenStreetMap", "license": "ODbL-1.0"}, "geometry": {"type": "MultiPolygon", "coordinates": [[[[114.0870001, 22.5462338], [114.0870158, 22.5457017], [114.0871857, 22.545706], [114.0871701, 22.546238], [114.0870001, 22.5462338]]]]}}, {"type": "Feature", "id": "way/1259425729", "properties": {"tags": {"building": "train_station", "building:levels": "0", "building:levels:underground": "3", "layer": "-1", "location": "underground", "name": "通新岭站", "name:en": "Tongxinling Station", "name:zh": "通新岭站", "public_transport": "station", "start_date": "2011-06-28", "wikidata": "Q5942202", "wikipedia": "zh:通新岭站"}, "heightStatus": "levels_only_unverified", "source": "OpenStreetMap", "license": "ODbL-1.0"}, "geometry": {"type": "MultiPolygon", "coordinates": [[[[114.0900061, 22.5518701], [114.0900067, 22.551689], [114.0906738, 22.5516881], [114.0906737, 22.551621], [114.0903544, 22.5516214], [114.0903543, 22.5515561], [114.0906936, 22.5515557], [114.0906929, 22.5510819], [114.0908068, 22.5510817], [114.0908071, 22.5512459], [114.0909395, 22.5512457], [114.0909393, 22.5511119], [114.0909385, 22.5506113], [114.0907549, 22.5506116], [114.090754, 22.5500424], [114.0908465, 22.5500423], [114.0908472, 22.550532], [114.0909591, 22.5505319], [114.0909584, 22.5501115], [114.0911804, 22.5501112], [114.0911807, 22.5502503], [114.0911477, 22.5502503], [114.0911482, 22.5505408], [114.0912157, 22.5505407], [114.0912152, 22.550257], [114.0912688, 22.550257], [114.0912721, 22.5507051], [114.0912175, 22.5507052], [114.0912161, 22.5506165], [114.0911356, 22.5506166], [114.0911367, 22.5513714], [114.091146, 22.5513713], [114.0911462, 22.5515042], [114.0907439, 22.5515047], [114.090744, 22.5515561], [114.0907609, 22.5515561], [114.0907611, 22.5516926], [114.0913474, 22.5516918], [114.0913473, 22.5516275], [114.0917339, 22.551629], [114.0917339, 22.5516661], [114.091413, 22.5516644], [114.091413, 22.5516952], [114.0916816, 22.5516949], [114.0916825, 22.5520069], [114.0917299, 22.5520067], [114.0917297, 22.5520374], [114.091729, 22.552061], [114.0914556, 22.5520607], [114.0914555, 22.5520162], [114.0914892, 22.5520162], [114.0914884, 22.5519622], [114.0914979, 22.5519248], [114.0913915, 22.5519262], [114.091305, 22.5519862], [114.0913066, 22.5520394], [114.0912821, 22.5520394], [114.0912814, 22.5520731], [114.0912229, 22.5520712], [114.0912269, 22.5519627], [114.091343, 22.5518973], [114.0913437, 22.5518585], [114.0907511, 22.5518593], [114.0907514, 22.5520164], [114.090377, 22.5520169], [114.0903769, 22.5519681], [114.0906916, 22.5519677], [114.0906914, 22.5518581], [114.0902496, 22.5518587], [114.0902497, 22.5519576], [114.0902672, 22.5519576], [114.0902674, 22.5520646], [114.0900445, 22.5520649], [114.0900461, 22.5519296], [114.0900061, 22.5518701]]]]}}, {"type": "Feature", "id": "way/1279570287", "properties": {"tags": {"building": "train_station", "building:levels": "0", "building:levels:underground": "3", "layer": "-1", "location": "underground", "name": "燕南站", "name:en": "Yannan Station", "name:zh": "燕南站", "public_transport": "station", "start_date": "2011-06-28", "wikidata": "Q5941184", "wikipedia": "zh:燕南站"}, "heightStatus": "levels_only_unverified", "source": "OpenStreetMap", "license": "ODbL-1.0"}, "geometry": {"type": "MultiPolygon", "coordinates": [[[[114.0848046, 22.5472095], [114.084806, 22.5471287], [114.0852292, 22.5471353], [114.0852308, 22.5470507], [114.0853547, 22.5470527], [114.0853545, 22.5470632], [114.0877467, 22.5471013], [114.087747, 22.547082], [114.0877913, 22.5470827], [114.0878025, 22.5464841], [114.0878401, 22.5464847], [114.0878298, 22.5470611], [114.0882409, 22.547072], [114.0882398, 22.5471053], [114.0878759, 22.5470999], [114.087865, 22.547641], [114.0877422, 22.5476391], [114.0877494, 22.547253], [114.0867765, 22.5472375], [114.0867651, 22.5478456], [114.0867128, 22.5478448], [114.0867211, 22.5473968], [114.0866596, 22.5473959], [114.0866614, 22.5472994], [114.0866038, 22.5472985], [114.086605, 22.5472341], [114.0857275, 22.5472201], [114.0857227, 22.5474771], [114.0856024, 22.5474751], [114.0856057, 22.5472951], [114.0855802, 22.5472948], [114.0855817, 22.5472119], [114.0849292, 22.5472015], [114.0849291, 22.5472115], [114.0848046, 22.5472095]]]]}}, {"type": "Feature", "id": "way/1380970558", "properties": {"tags": {"building": "yes"}, "heightStatus": "unknown", "source": "OpenStreetMap", "license": "ODbL-1.0"}, "geometry": {"type": "MultiPolygon", "coordinates": [[[[114.0926808, 22.5474517], [114.0927841, 22.5472846], [114.0928407, 22.5473145], [114.0928012, 22.5473785], [114.092781, 22.5473679], [114.0927173, 22.5474709], [114.0926808, 22.5474517]]]]}}, {"type": "Feature", "id": "way/1420066543", "properties": {"tags": {"building": "apartments", "building:levels": "32"}, "heightStatus": "levels_only_unverified", "source": "OpenStreetMap", "license": "ODbL-1.0"}, "geometry": {"type": "MultiPolygon", "coordinates": [[[[114.0829812, 22.5511126], [114.0830183, 22.5511133], [114.0830199, 22.5510798], [114.0831241, 22.5510775], [114.0831346, 22.5508613], [114.0831677, 22.5508613], [114.0831693, 22.5508389], [114.0832727, 22.5508367], [114.0832702, 22.5508784], [114.0833025, 22.5508777], [114.083288, 22.5510969], [114.0835561, 22.5511007], [114.0835642, 22.5508881], [114.0835876, 22.5508881], [114.08359, 22.5508658], [114.083741, 22.5508658], [114.0837216, 22.5510149], [114.0837733, 22.5510142], [114.0837652, 22.551079], [114.0838282, 22.5510783], [114.0838217, 22.5511238], [114.083854, 22.5511238], [114.0838516, 22.5511901], [114.0837071, 22.5511894], [114.0836514, 22.5512125], [114.0835964, 22.551208], [114.0835512, 22.5511998], [114.0835254, 22.5511879], [114.0834858, 22.5511991], [114.0834471, 22.5512065], [114.0833873, 22.5512065], [114.0833429, 22.5511954], [114.0833203, 22.5511872], [114.0832872, 22.5512073], [114.0832234, 22.5512207], [114.0831669, 22.5512215], [114.0830635, 22.5512133], [114.0829828, 22.5511916], [114.0829812, 22.5511126]]]]}}, {"type": "Feature", "id": "way/1431909352", "properties": {"tags": {"addr:housename": "百花公寓", "addr:housename:en": "Baihua Apartment", "addr:housename:zh": "百花公寓", "building": "apartments", "building:levels": "32", "name": "2栋", "name:en": "Block 2", "name:zh": "2栋"}, "heightStatus": "levels_only_unverified", "source": "OpenStreetMap", "license": "ODbL-1.0"}, "geometry": {"type": "MultiPolygon", "coordinates": [[[[114.0868056, 22.5539785], [114.0868275, 22.5539582], [114.0868109, 22.553943], [114.0868497, 22.553907], [114.0868663, 22.5539222], [114.0868819, 22.5539078], [114.0868925, 22.5539175], [114.0869207, 22.5538913], [114.0869017, 22.5538738], [114.0868912, 22.5538836], [114.0868755, 22.5538692], [114.086859, 22.5538845], [114.08682, 22.5538487], [114.0868365, 22.5538334], [114.0868145, 22.5538132], [114.0868434, 22.5537863], [114.0868991, 22.5538375], [114.086921, 22.5538172], [114.0868654, 22.553766], [114.0868943, 22.5537392], [114.0869163, 22.5537594], [114.0869328, 22.5537441], [114.0869718, 22.5537799], [114.0869552, 22.5537952], [114.0869709, 22.5538096], [114.0869604, 22.5538194], [114.0869809, 22.5538383], [114.0870393, 22.5538382], [114.0870598, 22.5538192], [114.0870492, 22.5538095], [114.0870648, 22.553795], [114.0870482, 22.5537798], [114.087087, 22.5537438], [114.0871036, 22.553759], [114.0871255, 22.5537387], [114.0871545, 22.5537654], [114.0870991, 22.5538168], [114.0871211, 22.5538371], [114.0871765, 22.5537857], [114.0872056, 22.5538124], [114.0871837, 22.5538327], [114.0872003, 22.5538479], [114.0871615, 22.5538839], [114.0871449, 22.5538687], [114.0871293, 22.5538832], [114.0871187, 22.5538734], [114.0870904, 22.5538996], [114.0871095, 22.5539171], [114.08712, 22.5539073], [114.0871357, 22.5539217], [114.0871522, 22.5539064], [114.0871912, 22.5539422], [114.0871747, 22.5539575], [114.0871966, 22.5539777], [114.0871677, 22.5540046], [114.0871121, 22.5539534], [114.0870901, 22.5539737], [114.0871458, 22.5540249], [114.0871169, 22.5540517], [114.0870949, 22.5540315], [114.0870784, 22.5540468], [114.0870394, 22.554011], [114.0870559, 22.5539957], [114.0870403, 22.5539813], [114.0870508, 22.5539715], [114.0870316, 22.5539538], [114.0869705, 22.5539539], [114.0869514, 22.5539717], [114.086962, 22.5539814], [114.0869464, 22.5539959], [114.086963, 22.5540112], [114.0869242, 22.5540471], [114.0869076, 22.5540319], [114.0868857, 22.5540522], [114.0868567, 22.5540255], [114.0869121, 22.5539741], [114.0868901, 22.5539538], [114.0868346, 22.5540052], [114.0868056, 22.5539785]]]]}}, {"type": "Feature", "id": "way/1431909353", "properties": {"tags": {"addr:housename": "百花公寓", "addr:housename:en": "Baihua Apartment", "addr:housename:zh": "百花公寓", "building": "apartments", "building:levels": "32", "name": "1栋", "name:en": "Block 1", "name:zh": "1栋"}, "heightStatus": "levels_only_unverified", "source": "OpenStreetMap", "license": "ODbL-1.0"}, "geometry": {"type": "MultiPolygon", "coordinates": [[[[114.0863623, 22.5535456], [114.0863842, 22.5535253], [114.0863676, 22.55351], [114.0864064, 22.5534741], [114.086423, 22.5534893], [114.0864386, 22.5534748], [114.0864492, 22.5534846], [114.0864774, 22.5534584], [114.0864584, 22.5534409], [114.0864479, 22.5534507], [114.0864322, 22.5534363], [114.0864157, 22.5534516], [114.0863767, 22.5534158], [114.0863932, 22.5534005], [114.0863712, 22.5533803], [114.0864002, 22.5533534], [114.0864558, 22.5534046], [114.0864777, 22.5533843], [114.0864221, 22.5533331], [114.086451, 22.5533063], [114.086473, 22.5533265], [114.0864895, 22.5533112], [114.0865285, 22.553347], [114.086512, 22.5533623], [114.0865276, 22.5533767], [114.0865171, 22.5533865], [114.0865376, 22.5534054], [114.086596, 22.5534053], [114.0866165, 22.5533863], [114.0866059, 22.5533766], [114.0866215, 22.5533621], [114.0866049, 22.5533468], [114.0866437, 22.5533109], [114.0866603, 22.5533261], [114.0866822, 22.5533058], [114.0867112, 22.5533325], [114.0866558, 22.5533839], [114.0866778, 22.5534041], [114.0867332, 22.5533528], [114.0867623, 22.5533795], [114.0867404, 22.5533998], [114.086757, 22.553415], [114.0867182, 22.553451], [114.0867016, 22.5534357], [114.086686, 22.5534502], [114.0866754, 22.5534405], [114.0866471, 22.5534667], [114.0866662, 22.5534842], [114.0866767, 22.5534744], [114.0866924, 22.5534888], [114.0867089, 22.5534735], [114.0867479, 22.5535093], [114.0867314, 22.5535246], [114.0867534, 22.5535448], [114.0867244, 22.5535716], [114.0866688, 22.5535205], [114.0866469, 22.5535408], [114.0867025, 22.553592], [114.0866736, 22.5536188], [114.0866516, 22.5535986], [114.0866351, 22.5536139], [114.0865961, 22.5535781], [114.0866126, 22.5535628], [114.086597, 22.5535483], [114.0866075, 22.5535385], [114.0865883, 22.5535209], [114.0865272, 22.553521], [114.0865081, 22.5535387], [114.0865187, 22.5535485], [114.0865031, 22.553563], [114.0865197, 22.5535782], [114.0864809, 22.5536142], [114.0864643, 22.553599], [114.0864424, 22.5536193], [114.0864134, 22.5535926], [114.0864688, 22.5535412], [114.0864468, 22.5535209], [114.0863914, 22.5535723], [114.0863623, 22.5535456]]]]}}, {"type": "Feature", "id": "way/1431909357", "properties": {"tags": {"addr:housename": "南天二花园", "addr:housename:en": "Nantian No.2 Garden", "addr:housename:zh": "南天二花园", "building": "apartments", "building:levels": "19", "name": "6栋", "name:en": "Block 6", "name:zh": "6栋"}, "heightStatus": "levels_only_unverified", "source": "OpenStreetMap", "license": "ODbL-1.0"}, "geometry": {"type": "MultiPolygon", "coordinates": [[[[114.0874421, 22.553527], [114.0874924, 22.5534735], [114.0875477, 22.5534242], [114.0876073, 22.5533796], [114.0876709, 22.5533399], [114.087738, 22.5533055], [114.0878081, 22.5532765], [114.0878825, 22.5532386], [114.0879539, 22.5531961], [114.0880222, 22.5531493], [114.0880868, 22.5530984], [114.0881476, 22.5530436], [114.0882291, 22.5531207], [114.0881655, 22.553178], [114.0880949, 22.5532337], [114.0880204, 22.5532848], [114.0879423, 22.5533312], [114.0878602, 22.5533731], [114.0877903, 22.553402], [114.0877321, 22.5534318], [114.0876769, 22.5534663], [114.0876251, 22.553505], [114.0875772, 22.5535478], [114.0875301, 22.5535977], [114.0874421, 22.553527]]]]}}, {"type": "Feature", "id": "way/1550319192", "properties": {"tags": {"building": "yes"}, "heightStatus": "unknown", "source": "OpenStreetMap", "license": "ODbL-1.0"}, "geometry": {"type": "MultiPolygon", "coordinates": [[[[114.0846554, 22.5519933], [114.0846565, 22.5519164], [114.0848531, 22.5519188], [114.0848521, 22.5519957], [114.0846554, 22.5519933]]]]}}]}