{"type": "FeatureCollection", "features": [{"type": "Feature", "id": "way/170231839", "properties": {"tags": {"building": "yes"}, "heightStatus": "unknown", "source": "OpenStreetMap", "license": "ODbL-1.0"}, "geometry": {"type": "MultiPolygon", "coordinates": [[[[114.0985689, 22.5549029], [114.0985693, 22.5548759], [114.0989032, 22.5548802], [114.0989017, 22.5549798], [114.098579, 22.5549756], [114.0985801, 22.5549031], [114.0985689, 22.5549029]]]]}}, {"type": "Feature", "id": "way/612995525", "properties": {"tags": {"building": "yes", "building:levels": "6"}, "heightStatus": "levels_only_unverified", "source": "OpenStreetMap", "license": "ODbL-1.0"}, "geometry": {"type": "MultiPolygon", "coordinates": [[[[114.095967, 22.5612509], [114.0959692, 22.56107], [114.0960607, 22.561071], [114.0960605, 22.561088], [114.0961204, 22.5610887], [114.096121, 22.5610402], [114.0962749, 22.5610418], [114.0962745, 22.5610781], [114.0967399, 22.561083], [114.0967377, 22.56126], [114.0966636, 22.5612592], [114.0966631, 22.5613036], [114.0964388, 22.5613013], [114.0964393, 22.5612559], [114.095967, 22.5612509]]]]}}, {"type": "Feature", "id": "way/612995526", "properties": {"tags": {"building": "yes", "building:levels": "6"}, "heightStatus": "levels_only_unverified", "source": "OpenStreetMap", "license": "ODbL-1.0"}, "geometry": {"type": "MultiPolygon", "coordinates": [[[[114.0959956, 22.5608944], [114.0959978, 22.5607135], [114.0960893, 22.5607144], [114.0960891, 22.5607315], [114.096149, 22.5607321], [114.0961496, 22.5606836], [114.0963035, 22.5606853], [114.0963031, 22.5607216], [114.0967685, 22.5607265], [114.0967663, 22.5609034], [114.0966922, 22.5609027], [114.0966916, 22.5609471], [114.0964673, 22.5609447], [114.0964679, 22.5608993], [114.0959956, 22.5608944]]]]}}, {"type": "Feature", "id": "way/612995527", "properties": {"tags": {"building": "yes", "building:levels": "6"}, "heightStatus": "levels_only_unverified", "source": "OpenStreetMap", "license": "ODbL-1.0"}, "geometry": {"type": "MultiPolygon", "coordinates": [[[[114.0960036, 22.5605179], [114.0960059, 22.560337], [114.0960973, 22.560338], [114.0960971, 22.560355], [114.096157, 22.5603556], [114.0961576, 22.5603071], [114.0963116, 22.5603088], [114.0963111, 22.5603451], [114.0967766, 22.56035], [114.0967744, 22.5605269], [114.0967002, 22.5605262], [114.0966997, 22.5605706], [114.0964754, 22.5605682], [114.096476, 22.5605228], [114.0960036, 22.5605179]]]]}}, {"type": "Feature", "id": "way/612995528", "properties": {"tags": {"building": "yes", "building:levels": "6"}, "heightStatus": "levels_only_unverified", "source": "OpenStreetMap", "license": "ODbL-1.0"}, "geometry": {"type": "MultiPolygon", "coordinates": [[[[114.0959849, 22.5601686], [114.0959871, 22.5599877], [114.0960786, 22.5599887], [114.0960784, 22.5600058], [114.0961382, 22.5600064], [114.0961388, 22.5599579], [114.0962928, 22.5599595], [114.0962924, 22.5599959], [114.0967578, 22.5600007], [114.0967556, 22.5601777], [114.0966814, 22.5601769], [114.0966809, 22.5602213], [114.0964566, 22.560219], [114.0964572, 22.5601736], [114.0959849, 22.5601686]]]]}}, {"type": "Feature", "id": "way/612995530", "properties": {"tags": {"building": "yes", "building:levels": "6"}, "heightStatus": "levels_only_unverified", "source": "OpenStreetMap", "license": "ODbL-1.0"}, "geometry": {"type": "MultiPolygon", "coordinates": [[[[114.094861, 22.5612238], [114.0948632, 22.5610429], [114.0949547, 22.5610439], [114.0949545, 22.5610609], [114.0950144, 22.5610616], [114.095015, 22.5610131], [114.095169, 22.5610147], [114.0951685, 22.561051], [114.0956339, 22.5610559], [114.0956318, 22.5612329], [114.0955576, 22.5612321], [114.095557, 22.5612765], [114.0953328, 22.5612742], [114.0953333, 22.5612287], [114.094861, 22.5612238]]]]}}, {"type": "Feature", "id": "way/612995531", "properties": {"tags": {"building": "yes", "building:levels": "6"}, "heightStatus": "levels_only_unverified", "source": "OpenStreetMap", "license": "ODbL-1.0"}, "geometry": {"type": "MultiPolygon", "coordinates": [[[[114.0948583, 22.5608795], [114.0948606, 22.5606986], [114.094952, 22.5606996], [114.0949518, 22.5607166], [114.0950117, 22.5607173], [114.0950123, 22.5606688], [114.0951663, 22.5606704], [114.0951658, 22.5607067], [114.0956313, 22.5607116], [114.0956291, 22.5608886], [114.0955549, 22.5608878], [114.0955544, 22.5609322], [114.0953301, 22.5609299], [114.0953307, 22.5608845], [114.0948583, 22.5608795]]]]}}, {"type": "Feature", "id": "way/612995532", "properties": {"tags": {"building": "yes", "building:levels": "6"}, "heightStatus": "levels_only_unverified", "source": "OpenStreetMap", "license": "ODbL-1.0"}, "geometry": {"type": "MultiPolygon", "coordinates": [[[[114.094853, 22.5605154], [114.0948552, 22.5603345], [114.0949467, 22.5603355], [114.0949465, 22.5603525], [114.0950063, 22.5603532], [114.0950069, 22.5603047], [114.0951609, 22.5603063], [114.0951605, 22.5603426], [114.0956259, 22.5603475], [114.0956237, 22.5605245], [114.0955495, 22.5605237], [114.095549, 22.5605681], [114.0953247, 22.5605658], [114.0953253, 22.5605203], [114.094853, 22.5605154]]]]}}, {"type": "Feature", "id": "way/612995533", "properties": {"tags": {"building": "yes", "building:levels": "6"}, "heightStatus": "levels_only_unverified", "source": "OpenStreetMap", "license": "ODbL-1.0"}, "geometry": {"type": "MultiPolygon", "coordinates": [[[[114.0948422, 22.5601612], [114.0948445, 22.5599803], [114.0949359, 22.5599813], [114.0949357, 22.5599983], [114.0949956, 22.5599989], [114.0949962, 22.5599505], [114.0951502, 22.5599521], [114.0951497, 22.5599884], [114.0956152, 22.5599933], [114.095613, 22.5601703], [114.0955388, 22.5601695], [114.0955383, 22.5602139], [114.095314, 22.5602116], [114.0953146, 22.5601661], [114.0948422, 22.5601612]]]]}}, {"type": "Feature", "id": "way/612995534", "properties": {"tags": {"building": "industrial", "building:levels": "6", "name": "装饰大厦"}, "heightStatus": "levels_only_unverified", "source": "OpenStreetMap", "license": "ODbL-1.0"}, "geometry": {"type": "MultiPolygon", "coordinates": [[[[114.0971275, 22.5602751], [114.0971297, 22.5600943], [114.0972212, 22.5600952], [114.097221, 22.5601123], [114.0972808, 22.5601129], [114.0972814, 22.5600644], [114.0974354, 22.560066], [114.097435, 22.5601024], [114.0979004, 22.5601073], [114.0978982, 22.5602842], [114.0978241, 22.5602834], [114.0978235, 22.5603278], [114.0975992, 22.5603255], [114.0975998, 22.5602801], [114.0971275, 22.5602751]]]]}}, {"type": "Feature", "id": "way/612995535", "properties": {"tags": {"building": "yes", "building:levels": "6"}, "heightStatus": "levels_only_unverified", "source": "OpenStreetMap", "license": "ODbL-1.0"}, "geometry": {"type": "MultiPolygon", "coordinates": [[[[114.0971355, 22.5607334], [114.0971378, 22.5605525], [114.0972292, 22.5605534], [114.097229, 22.5605705], [114.0972889, 22.5605711], [114.0972895, 22.5605226], [114.0974435, 22.5605243], [114.097443, 22.5605606], [114.0979085, 22.5605655], [114.0979063, 22.5607424], [114.0978321, 22.5607417], [114.0978316, 22.5607861], [114.0976073, 22.5607837], [114.0976078, 22.5607383], [114.0971355, 22.5607334]]]]}}, {"type": "Feature", "id": "way/769200009", "properties": {"tags": {"building": "apartments", "building:levels": "30", "layer": "1", "name": "1栋"}, "heightStatus": "levels_only_unverified", "source": "OpenStreetMap", "license": "ODbL-1.0"}, "geometry": {"type": "MultiPolygon", "coordinates": [[[[114.0964811, 22.555327], [114.0965366, 22.5553345], [114.0965742, 22.5552968], [114.0965758, 22.5552485], [114.096731, 22.5552546], [114.0967326, 22.5553074], [114.0967636, 22.555339], [114.0968192, 22.555339], [114.0968159, 22.5554823], [114.0967653, 22.5554793], [114.0967146, 22.5555125], [114.0967163, 22.5555532], [114.0965791, 22.5555517], [114.096584, 22.5554959], [114.0965383, 22.5554657], [114.0964827, 22.5554702], [114.0964811, 22.555327]]]]}}, {"type": "Feature", "id": "way/769200010", "properties": {"tags": {"building": "apartments", "building:levels": "30", "layer": "1", "name": "2栋"}, "heightStatus": "levels_only_unverified", "source": "OpenStreetMap", "license": "ODbL-1.0"}, "geometry": {"type": "MultiPolygon", "coordinates": [[[[114.0960181, 22.5553206], [114.0960736, 22.5553281], [114.0961112, 22.5552904], [114.0961128, 22.5552421], [114.0962679, 22.5552482], [114.0962696, 22.555301], [114.0963006, 22.5553326], [114.0963561, 22.5553326], [114.0963528, 22.5554759], [114.0963022, 22.5554729], [114.0962516, 22.5555061], [114.0962532, 22.5555468], [114.0961161, 22.5555453], [114.096121, 22.5554895], [114.0960752, 22.5554593], [114.0960197, 22.5554638], [114.0960181, 22.5553206]]]]}}, {"type": "Feature", "id": "way/769200011", "properties": {"tags": {"building": "apartments", "building:levels": "30", "layer": "1", "name": "3栋"}, "heightStatus": "levels_only_unverified", "source": "OpenStreetMap", "license": "ODbL-1.0"}, "geometry": {"type": "MultiPolygon", "coordinates": [[[[114.0955621, 22.5553149], [114.0956176, 22.5553224], [114.0956552, 22.5552847], [114.0956568, 22.5552365], [114.095812, 22.5552425], [114.0958136, 22.5552953], [114.0958446, 22.5553269], [114.0959001, 22.5553269], [114.0958969, 22.5554702], [114.0958463, 22.5554672], [114.0957956, 22.5555004], [114.0957973, 22.5555411], [114.0956601, 22.5555396], [114.095665, 22.5554838], [114.0956193, 22.5554536], [114.0955637, 22.5554582], [114.0955621, 22.5553149]]]]}}, {"type": "Feature", "id": "relation/10703609", "properties": {"tags": {"building": "school", "building:levels": "5", "office": "educational_institution"}, "heightStatus": "levels_only_unverified", "source": "OpenStreetMap", "license": "ODbL-1.0"}, "geometry": {"type": "MultiPolygon", "coordinates": [[[[114.0958309, 22.5559012], [114.0958327, 22.5557476], [114.096865, 22.5557578], [114.0968586, 22.5563082], [114.0966946, 22.5563066], [114.0966943, 22.5563348], [114.0962289, 22.5563303], [114.0962293, 22.5562889], [114.0961855, 22.5562885], [114.0960403, 22.5561412], [114.0961243, 22.5560706], [114.0961262, 22.5559041], [114.0958309, 22.5559012]], [[114.0961731, 22.5561332], [114.0962713, 22.5562288], [114.0965917, 22.5562314], [114.0967415, 22.5562326], [114.0967442, 22.555945], [114.096773, 22.5559452], [114.0967739, 22.555842], [114.096705, 22.5558415], [114.0967048, 22.5558688], [114.0965955, 22.5558681], [114.0965957, 22.5558479], [114.0961752, 22.5558452], [114.0961731, 22.5561332]]]]}}, {"type": "Feature", "id": "way/813759927", "properties": {"tags": {"building": "yes"}, "heightStatus": "unknown", "source": "OpenStreetMap", "license": "ODbL-1.0"}, "geometry": {"type": "MultiPolygon", "coordinates": [[[[114.0943382, 22.5568846], [114.094393, 22.556802], [114.0944807, 22.5568029], [114.0945331, 22.5568847], [114.0944871, 22.5569642], [114.0943866, 22.5569643], [114.0943382, 22.5568846]]]]}}, {"type": "Feature", "id": "way/813759928", "properties": {"tags": {"building": "apartments", "name": "109栋"}, "heightStatus": "unknown", "source": "OpenStreetMap", "license": "ODbL-1.0"}, "geometry": {"type": "MultiPolygon", "coordinates": [[[[114.0982986, 22.557076], [114.0982997, 22.5569234], [114.0983918, 22.5569239], [114.0983924, 22.5568368], [114.0984861, 22.5568374], [114.0984868, 22.5567412], [114.098586, 22.5567418], [114.0985866, 22.5566624], [114.0991027, 22.5566654], [114.0991018, 22.556789], [114.0987391, 22.5567869], [114.0987393, 22.5567518], [114.0986774, 22.5567514], [114.0986769, 22.5568171], [114.0985832, 22.5568165], [114.0985826, 22.5569022], [114.0984854, 22.5569016], [114.0984848, 22.5569944], [114.0983948, 22.5569938], [114.0983942, 22.5570766], [114.0983412, 22.5570763], [114.0982986, 22.557076]]]]}}, {"type": "Feature", "id": "way/813759973", "properties": {"tags": {"building": "yes"}, "heightStatus": "unknown", "source": "OpenStreetMap", "license": "ODbL-1.0"}, "geometry": {"type": "MultiPolygon", "coordinates": [[[[114.0989921, 22.5537872], [114.0990625, 22.5537872], [114.0990625, 22.5538414], [114.0991313, 22.5538414], [114.0991313, 22.5547744], [114.0990766, 22.5547744], [114.0990766, 22.554882], [114.0989921, 22.554882], [114.0989921, 22.5537872]]]]}}, {"type": "Feature", "id": "way/813759978", "properties": {"tags": {"addr:housenumber": "44", "building": "apartments", "name": "44栋"}, "heightStatus": "unknown", "source": "OpenStreetMap", "license": "ODbL-1.0"}, "geometry": {"type": "MultiPolygon", "coordinates": [[[[114.0952996, 22.5540488], [114.0953005, 22.5539503], [114.0957554, 22.553954], [114.0957552, 22.55397], [114.0958488, 22.5539708], [114.0958498, 22.553875], [114.0959257, 22.5538757], [114.0959248, 22.553967], [114.09589, 22.5539667], [114.0958892, 22.5540494], [114.0957956, 22.5540486], [114.0957955, 22.5540599], [114.0957442, 22.5540595], [114.0957443, 22.5540486], [114.0956732, 22.5540479], [114.095673, 22.5540629], [114.0955852, 22.5540621], [114.0955853, 22.5540479], [114.0955149, 22.5540473], [114.0955147, 22.5540633], [114.0954723, 22.554063], [114.0954724, 22.5540518], [114.0954562, 22.5540517], [114.0954561, 22.5540627], [114.0954141, 22.5540623], [114.0954142, 22.5540487], [114.0953611, 22.5540483], [114.095361, 22.554063], [114.0953151, 22.5540626], [114.0953152, 22.5540489], [114.0952996, 22.5540488]]]]}}, {"type": "Feature", "id": "way/813759986", "properties": {"tags": {"building": "apartments", "name": "97栋"}, "heightStatus": "unknown", "source": "OpenStreetMap", "license": "ODbL-1.0"}, "geometry": {"type": "MultiPolygon", "coordinates": [[[[114.0954518, 22.5548894], [114.0954526, 22.5548136], [114.0954724, 22.5548138], [114.0954727, 22.5547863], [114.0955532, 22.554787], [114.0955529, 22.5548185], [114.0955983, 22.554819], [114.0955986, 22.5547917], [114.0956881, 22.5547925], [114.0956878, 22.5548142], [114.095732, 22.5548146], [114.0957323, 22.5547898], [114.0958246, 22.5547907], [114.0958243, 22.5548207], [114.0958744, 22.5548212], [114.0958746, 22.5548018], [114.0959461, 22.5548025], [114.0959459, 22.5548245], [114.0960239, 22.5548253], [114.0960245, 22.5547646], [114.0961094, 22.5547654], [114.0961103, 22.5546743], [114.0961992, 22.5546751], [114.0962004, 22.5545685], [114.0962957, 22.5545693], [114.0962938, 22.5547462], [114.09621, 22.5547455], [114.0962091, 22.554833], [114.0960985, 22.554832], [114.0960977, 22.5549078], [114.0959653, 22.5549066], [114.095965, 22.5549351], [114.0958696, 22.5549342], [114.0958701, 22.5548876], [114.0958204, 22.5548871], [114.0958199, 22.5549325], [114.095737, 22.5549318], [114.0957375, 22.554884], [114.0956847, 22.5548835], [114.0956842, 22.5549286], [114.0956029, 22.5549278], [114.0956034, 22.554884], [114.0955576, 22.5548835], [114.0955572, 22.5549257], [114.0954689, 22.5549249], [114.0954692, 22.5548896], [114.0954518, 22.5548894]]]]}}, {"type": "Feature", "id": "way/813759988", "properties": {"tags": {"building": "apartments", "name": "92栋"}, "heightStatus": "unknown", "source": "OpenStreetMap", "license": "ODbL-1.0"}, "geometry": {"type": "MultiPolygon", "coordinates": [[[[114.0948417, 22.5548733], [114.0948425, 22.5548047], [114.0948654, 22.554805], [114.0948658, 22.5547758], [114.0949514, 22.5547768], [114.094951, 22.5548107], [114.0950006, 22.5548112], [114.0950011, 22.5547689], [114.0950949, 22.5547699], [114.0950944, 22.5548118], [114.0951461, 22.5548124], [114.0951465, 22.5547813], [114.0952243, 22.5547821], [114.0952238, 22.5548162], [114.095263, 22.5548166], [114.0952634, 22.5547834], [114.095358, 22.5547844], [114.0953576, 22.5548134], [114.0953841, 22.5548137], [114.0953832, 22.5548858], [114.0953616, 22.5548856], [114.095361, 22.5549324], [114.0952758, 22.5549315], [114.0952764, 22.5548845], [114.0952333, 22.5548841], [114.0952328, 22.554927], [114.0951437, 22.554926], [114.0951443, 22.5548813], [114.0950887, 22.5548807], [114.0950881, 22.5549255], [114.0950053, 22.5549246], [114.0950058, 22.5548852], [114.0949628, 22.5548848], [114.0949623, 22.5549284], [114.0948723, 22.5549275], [114.094873, 22.5548736], [114.0948417, 22.5548733]]]]}}, {"type": "Feature", "id": "way/813759989", "properties": {"tags": {"building": "residential", "name": "105栋"}, "heightStatus": "unknown", "source": "OpenStreetMap", "license": "ODbL-1.0"}, "geometry": {"type": "MultiPolygon", "coordinates": [[[[114.0981949, 22.5556406], [114.0981965, 22.5555614], [114.0982944, 22.5555631], [114.0982965, 22.5554654], [114.0983841, 22.555467], [114.0983859, 22.5553769], [114.098476, 22.5553785], [114.0984776, 22.5553007], [114.0985751, 22.5553024], [114.0985772, 22.5552018], [114.0990793, 22.5552107], [114.0990786, 22.555242], [114.099118, 22.5552427], [114.0991165, 22.5553136], [114.099088, 22.5553131], [114.099087, 22.5553639], [114.098704, 22.5553571], [114.0987049, 22.5553127], [114.0986683, 22.555312], [114.098667, 22.5553742], [114.0985704, 22.5553725], [114.0985687, 22.5554554], [114.0984786, 22.5554538], [114.0984766, 22.5555479], [114.0983874, 22.5555463], [114.0983857, 22.5556293], [114.0983143, 22.555628], [114.098314, 22.5556399], [114.0982668, 22.5556391], [114.0982662, 22.5556679], [114.0982373, 22.5556674], [114.0982379, 22.5556413], [114.0981949, 22.5556406]]]]}}, {"type": "Feature", "id": "way/813759990", "properties": {"tags": {"building": "residential", "name": "98栋"}, "heightStatus": "unknown", "source": "OpenStreetMap", "license": "ODbL-1.0"}, "geometry": {"type": "MultiPolygon", "coordinates": [[[[114.0970761, 22.5552869], [114.0970773, 22.555188], [114.0971133, 22.5551884], [114.0971136, 22.5551705], [114.0971828, 22.5551712], [114.0971824, 22.5552037], [114.0972576, 22.5552045], [114.0972579, 22.5551784], [114.0973318, 22.5551792], [114.0973314, 22.5552093], [114.0973665, 22.5552097], [114.0973671, 22.5551682], [114.0974608, 22.5551692], [114.0974604, 22.555202], [114.0975137, 22.5552025], [114.0975139, 22.5551881], [114.0976046, 22.5551891], [114.0976037, 22.5552574], [114.097704, 22.5552584], [114.0977029, 22.5553512], [114.0977998, 22.5553522], [114.0977986, 22.5554492], [114.0978947, 22.5554502], [114.0978937, 22.5555318], [114.0979831, 22.5555328], [114.0979821, 22.5556136], [114.0979656, 22.5556134], [114.0979651, 22.5556505], [114.0979445, 22.5556503], [114.0979448, 22.5556261], [114.0978918, 22.5556255], [114.097892, 22.5556092], [114.0978128, 22.5556084], [114.0978139, 22.5555198], [114.0977142, 22.5555188], [114.0977153, 22.5554248], [114.0976177, 22.5554238], [114.0976187, 22.555341], [114.097536, 22.5553402], [114.097537, 22.555265], [114.0974752, 22.5552644], [114.0974742, 22.555316], [114.0971155, 22.5553151], [114.0971161, 22.5552873], [114.0970761, 22.5552869]]]]}}, {"type": "Feature", "id": "way/813759993", "properties": {"tags": {"building": "residential", "layer": "1", "name": "103栋"}, "heightStatus": "unknown", "source": "OpenStreetMap", "license": "ODbL-1.0"}, "geometry": {"type": "MultiPolygon", "coordinates": [[[[114.0979546, 22.5558713], [114.0979562, 22.5557925], [114.0980332, 22.5557938], [114.0980349, 22.5557098], [114.0981558, 22.5557119], [114.0981542, 22.5557894], [114.0982229, 22.5557906], [114.0982213, 22.5558738], [114.0981521, 22.5558726], [114.0981504, 22.5559564], [114.098027, 22.5559544], [114.0980286, 22.5558726], [114.0979546, 22.5558713]]]]}}, {"type": "Feature", "id": "way/813759994", "properties": {"tags": {"building": "residential", "name": "85栋"}, "heightStatus": "unknown", "source": "OpenStreetMap", "license": "ODbL-1.0"}, "geometry": {"type": "MultiPolygon", "coordinates": [[[[114.0959927, 22.5567451], [114.0959958, 22.5565884], [114.0960838, 22.5565898], [114.0960845, 22.5566802], [114.0961832, 22.5566799], [114.0961821, 22.5567717], [114.0962757, 22.5567722], [114.0962739, 22.5568708], [114.0963648, 22.5568723], [114.0963636, 22.5569346], [114.0964052, 22.5569353], [114.0964058, 22.5569043], [114.0965209, 22.5569062], [114.0965204, 22.5569368], [114.0965491, 22.5569373], [114.0965497, 22.5569042], [114.0966489, 22.5569059], [114.0966483, 22.5569394], [114.0966809, 22.5569399], [114.0966817, 22.5569049], [114.0967835, 22.5569054], [114.0967829, 22.5569314], [114.0968333, 22.5569322], [114.0968338, 22.5569092], [114.0969245, 22.5569107], [114.0969228, 22.5569962], [114.0969129, 22.556996], [114.0969123, 22.5570269], [114.096815, 22.5570253], [114.0968157, 22.5569904], [114.0967817, 22.5569898], [114.0967808, 22.5570374], [114.0966832, 22.5570358], [114.0966839, 22.5570008], [114.0966488, 22.5570002], [114.0966481, 22.5570405], [114.0965426, 22.5570387], [114.0965435, 22.5569936], [114.0965108, 22.556993], [114.0965099, 22.5570356], [114.0964179, 22.5570341], [114.0964187, 22.5569907], [114.0963388, 22.5569893], [114.0963384, 22.5570106], [114.0962735, 22.5570096], [114.0962752, 22.5569249], [114.0961746, 22.5569233], [114.0961763, 22.5568376], [114.096076, 22.5568359], [114.0960777, 22.5567465], [114.0959927, 22.5567451]]]]}}, {"type": "Feature", "id": "way/813759995", "properties": {"tags": {"building": "residential", "name": "88栋"}, "heightStatus": "unknown", "source": "OpenStreetMap", "license": "ODbL-1.0"}, "geometry": {"type": "MultiPolygon", "coordinates": [[[[114.0947997, 22.5569797], [114.0948012, 22.5569092], [114.0948246, 22.5569096], [114.0948251, 22.5568844], [114.0949196, 22.5568859], [114.0949192, 22.5569067], [114.0949453, 22.5569071], [114.0949566, 22.5569073], [114.094957, 22.5568865], [114.0950543, 22.5568879], [114.095054, 22.5569078], [114.0950931, 22.5569083], [114.0950935, 22.5568853], [114.0951874, 22.5568864], [114.0951871, 22.5569106], [114.0952249, 22.556911], [114.0952252, 22.5568832], [114.0953303, 22.5568842], [114.09533, 22.5569056], [114.0953629, 22.5569059], [114.0953634, 22.5568465], [114.0954641, 22.5568473], [114.095465, 22.5567576], [114.0955532, 22.5567583], [114.0955645, 22.5567477], [114.0955669, 22.5566708], [114.095648, 22.556673], [114.0956623, 22.556662], [114.0956635, 22.5565869], [114.095757, 22.5565882], [114.0957565, 22.5566242], [114.0957687, 22.556634], [114.095769, 22.5566507], [114.0957554, 22.5566607], [114.0957532, 22.5567335], [114.0956597, 22.556731], [114.0956568, 22.5568258], [114.0955748, 22.5568236], [114.0955627, 22.5568357], [114.0955606, 22.5569199], [114.0954634, 22.5569178], [114.0954611, 22.5570096], [114.0953781, 22.5570078], [114.0953786, 22.5569897], [114.0953143, 22.5569883], [114.0953133, 22.5570302], [114.0952247, 22.5570284], [114.0952257, 22.5569883], [114.095185, 22.5569875], [114.0951841, 22.5570264], [114.09509, 22.5570245], [114.0950909, 22.5569867], [114.0950473, 22.5569858], [114.0950464, 22.5570224], [114.0949601, 22.5570207], [114.094961, 22.5569836], [114.094915, 22.5569827], [114.0949141, 22.5570186], [114.0948243, 22.5570169], [114.0948251, 22.5569802], [114.0947997, 22.5569797]]]]}}, {"type": "Feature", "id": "way/813759996", "properties": {"tags": {"building": "commercial"}, "heightStatus": "unknown", "source": "OpenStreetMap", "license": "ODbL-1.0"}, "geometry": {"type": "MultiPolygon", "coordinates": [[[[114.0940105, 22.5564349], [114.0940159, 22.556136], [114.0941301, 22.5561378], [114.0941285, 22.556227], [114.0942336, 22.5562286], [114.0942329, 22.5562691], [114.0944337, 22.5562722], [114.0944327, 22.5563278], [114.0945208, 22.5563292], [114.0945194, 22.5564067], [114.0945962, 22.5564079], [114.0945927, 22.5565999], [114.094415, 22.5565972], [114.0944173, 22.5564721], [114.0943733, 22.5564715], [114.0943738, 22.5564405], [114.0940105, 22.5564349]]]]}}, {"type": "Feature", "id": "way/813759997", "properties": {"tags": {"building": "yes"}, "heightStatus": "unknown", "source": "OpenStreetMap", "license": "ODbL-1.0"}, "geometry": {"type": "MultiPolygon", "coordinates": [[[[114.0935334, 22.5569928], [114.093535, 22.5569362], [114.0936476, 22.5569389], [114.0936493, 22.5568757], [114.0935998, 22.5568745], [114.0936006, 22.5568494], [114.0935375, 22.5568479], [114.0935391, 22.5567915], [114.093718, 22.5567958], [114.093717, 22.5568317], [114.0937356, 22.5568321], [114.0937318, 22.5569651], [114.093718, 22.5569647], [114.0937171, 22.5569972], [114.0935334, 22.5569928]]]]}}, {"type": "Feature", "id": "way/813760005", "properties": {"tags": {"building": "yes", "shop": "car"}, "heightStatus": "unknown", "source": "OpenStreetMap", "license": "ODbL-1.0"}, "geometry": {"type": "MultiPolygon", "coordinates": [[[[114.0984314, 22.5572309], [114.0985238, 22.5572307], [114.0985235, 22.5571464], [114.0986151, 22.5571461], [114.098615, 22.5570692], [114.0987022, 22.557069], [114.098813, 22.5570688], [114.0988127, 22.5569567], [114.0990132, 22.5569562], [114.0990133, 22.5570147], [114.0991261, 22.5570145], [114.099127, 22.5573551], [114.0987916, 22.5573558], [114.0987914, 22.5573122], [114.0984316, 22.5573131], [114.0984314, 22.5572309]]]]}}, {"type": "Feature", "id": "way/813760006", "properties": {"tags": {"building": "apartments", "name": "园岭花园"}, "heightStatus": "unknown", "source": "OpenStreetMap", "license": "ODbL-1.0"}, "geometry": {"type": "MultiPolygon", "coordinates": [[[[114.0982515, 22.5580806], [114.0983313, 22.5580387], [114.0983329, 22.5576935], [114.0982605, 22.5576374], [114.0983438, 22.5575028], [114.0984204, 22.5575505], [114.0985315, 22.5574899], [114.0988052, 22.5574971], [114.0988959, 22.5575678], [114.0989881, 22.5575086], [114.0991039, 22.5576906], [114.0990351, 22.557731], [114.0990288, 22.5580112], [114.0990976, 22.5580574], [114.0989444, 22.5582972], [114.0987989, 22.5583001], [114.0987708, 22.5582495], [114.0986988, 22.5582466], [114.0986973, 22.5582856], [114.0986112, 22.5582856], [114.0986112, 22.5582452], [114.0985502, 22.5582438], [114.0985268, 22.5582914], [114.0983767, 22.5582871], [114.0982515, 22.5580806]]]]}}, {"type": "Feature", "id": "way/813760007", "properties": {"tags": {"building": "residential", "name": "110栋"}, "heightStatus": "unknown", "source": "OpenStreetMap", "license": "ODbL-1.0"}, "geometry": {"type": "MultiPolygon", "coordinates": [[[[114.0975311, 22.5571628], [114.0975334, 22.5570629], [114.0980584, 22.5570732], [114.0980568, 22.5571457], [114.0981731, 22.5571479], [114.0981709, 22.5572428], [114.0982716, 22.5572447], [114.0982679, 22.5574096], [114.0981777, 22.5574079], [114.0981797, 22.5573211], [114.0980547, 22.5573187], [114.0980568, 22.5572292], [114.09797, 22.5572275], [114.0979716, 22.5571538], [114.0979144, 22.5571527], [114.0979132, 22.5572085], [114.097835, 22.557207], [114.0978363, 22.5571517], [114.0977844, 22.5571506], [114.0977833, 22.5571982], [114.097705, 22.5571967], [114.0977057, 22.5571626], [114.0976609, 22.5571616], [114.09766, 22.5572016], [114.0975587, 22.5571996], [114.0975595, 22.5571633], [114.0975311, 22.5571628]]]]}}, {"type": "Feature", "id": "way/813760008", "properties": {"tags": {"building": "residential", "layer": "1", "name": "112栋"}, "heightStatus": "unknown", "source": "OpenStreetMap", "license": "ODbL-1.0"}, "geometry": {"type": "MultiPolygon", "coordinates": [[[[114.0975766, 22.5581754], [114.0975775, 22.5581069], [114.0976028, 22.5581072], [114.0976031, 22.5580845], [114.0976944, 22.5580855], [114.0976942, 22.5581045], [114.0977361, 22.558105], [114.0977364, 22.5580856], [114.0978282, 22.5580866], [114.097828, 22.5581046], [114.0978817, 22.5581052], [114.0978825, 22.5580393], [114.0979797, 22.5580403], [114.0979808, 22.5579513], [114.098077, 22.5579523], [114.0980782, 22.5578526], [114.0981713, 22.5578535], [114.0981693, 22.5580156], [114.0980906, 22.5580148], [114.0980742, 22.5580268], [114.0980748, 22.5581047], [114.0979953, 22.5581052], [114.0979784, 22.5581171], [114.0979773, 22.5581959], [114.0979104, 22.5581951], [114.0979106, 22.5581832], [114.0978322, 22.5581823], [114.0978317, 22.5582217], [114.0977328, 22.5582206], [114.0977333, 22.5581793], [114.097698, 22.5581789], [114.0976974, 22.5582216], [114.0975999, 22.5582205], [114.0976005, 22.5581757], [114.0975766, 22.5581754]]]]}}, {"type": "Feature", "id": "way/813760009", "properties": {"tags": {"building": "residential", "name": "77栋"}, "heightStatus": "unknown", "source": "OpenStreetMap", "license": "ODbL-1.0"}, "geometry": {"type": "MultiPolygon", "coordinates": [[[[114.0947749, 22.558179], [114.094777, 22.5580996], [114.0948098, 22.5581004], [114.0948103, 22.5580821], [114.0948938, 22.5580841], [114.0948931, 22.5581082], [114.0949398, 22.5581094], [114.0949405, 22.5580869], [114.0950226, 22.558089], [114.095022, 22.5581098], [114.0950739, 22.5581112], [114.0950746, 22.5580889], [114.0951604, 22.5580912], [114.0951598, 22.5581121], [114.0952043, 22.5581133], [114.095205, 22.5580899], [114.0952969, 22.5580924], [114.0952961, 22.5581169], [114.0953352, 22.5581179], [114.095336, 22.558092], [114.0954358, 22.5580947], [114.0954352, 22.5581127], [114.0954782, 22.5581138], [114.0954803, 22.5580455], [114.0955763, 22.5580481], [114.0955792, 22.557954], [114.0956805, 22.5579566], [114.0956835, 22.5578589], [114.0957793, 22.5578615], [114.0957819, 22.5577784], [114.0958803, 22.557781], [114.0958752, 22.5579435], [114.0957805, 22.557941], [114.0957779, 22.5580264], [114.0956951, 22.5580242], [114.0956726, 22.5580415], [114.0956701, 22.5581156], [114.0955937, 22.5581134], [114.0955903, 22.5581248], [114.0955734, 22.5581359], [114.0955716, 22.5582125], [114.0955049, 22.5582111], [114.0955054, 22.5581898], [114.0954298, 22.5581883], [114.0954289, 22.5582279], [114.0953317, 22.5582259], [114.0953326, 22.5581867], [114.095292, 22.5581859], [114.095291, 22.5582238], [114.0952059, 22.5582221], [114.095207, 22.5581789], [114.0951562, 22.5581779], [114.0951551, 22.5582219], [114.0950686, 22.5582201], [114.0950697, 22.5581782], [114.0950254, 22.5581773], [114.0950242, 22.5582227], [114.0949418, 22.5582209], [114.0949429, 22.558177], [114.0948923, 22.5581759], [114.0948911, 22.5582228], [114.0948018, 22.5582209], [114.0948029, 22.5581796], [114.0947749, 22.558179]]]]}}, {"type": "Feature", "id": "way/813760010", "properties": {"tags": {"building": "residential", "name": "82栋"}, "heightStatus": "unknown", "source": "OpenStreetMap", "license": "ODbL-1.0"}, "geometry": {"type": "MultiPolygon", "coordinates": [[[[114.0963022, 22.5579741], [114.0963055, 22.557803], [114.0963962, 22.5578045], [114.0963944, 22.5578945], [114.0964993, 22.5578962], [114.0964977, 22.5579763], [114.0965963, 22.5579779], [114.0965946, 22.5580672], [114.0966931, 22.5580688], [114.0966916, 22.5581458], [114.0967257, 22.5581463], [114.0967264, 22.5581098], [114.0973481, 22.5581201], [114.0973473, 22.5581624], [114.097382, 22.558163], [114.0973807, 22.5582293], [114.0973489, 22.5582288], [114.097348, 22.5582751], [114.0972855, 22.558274], [114.0972865, 22.5582231], [114.0972207, 22.558222], [114.0972197, 22.5582695], [114.0971345, 22.5582681], [114.0971355, 22.5582215], [114.0970894, 22.5582208], [114.0970884, 22.5582731], [114.0970031, 22.5582717], [114.0970042, 22.5582165], [114.0969494, 22.5582156], [114.0969484, 22.5582659], [114.0968702, 22.5582646], [114.0968711, 22.5582193], [114.0968242, 22.5582185], [114.0968233, 22.5582631], [114.096728, 22.5582616], [114.0967286, 22.5582295], [114.096598, 22.5582273], [114.0965995, 22.558146], [114.0964984, 22.5581443], [114.0965002, 22.5580546], [114.0963914, 22.5580527], [114.0963929, 22.5579756], [114.0963022, 22.5579741]]]]}}, {"type": "Feature", "id": "way/813760011", "properties": {"tags": {"building": "residential", "name": "84栋"}, "heightStatus": "unknown", "source": "OpenStreetMap", "license": "ODbL-1.0"}, "geometry": {"type": "MultiPolygon", "coordinates": [[[[114.0962955, 22.5576395], [114.0962965, 22.5574785], [114.0963997, 22.557479], [114.0964002, 22.5573926], [114.0964967, 22.5573931], [114.0964972, 22.5573124], [114.0965913, 22.5573129], [114.0965918, 22.5572326], [114.097388, 22.5572367], [114.0973872, 22.5573751], [114.0972756, 22.5573745], [114.0972759, 22.557328], [114.0972227, 22.5573277], [114.0972225, 22.5573728], [114.0971372, 22.5573724], [114.0971375, 22.5573258], [114.097089, 22.5573256], [114.0970888, 22.5573714], [114.0970058, 22.557371], [114.0970061, 22.5573265], [114.0969506, 22.5573263], [114.0969504, 22.5573649], [114.0968674, 22.5573645], [114.0968677, 22.55732], [114.09682, 22.5573198], [114.0968198, 22.5573649], [114.0967235, 22.5573644], [114.0967239, 22.5573128], [114.0966786, 22.5573126], [114.0966781, 22.5573895], [114.096591, 22.557389], [114.0965905, 22.557471], [114.0965003, 22.5574706], [114.0964998, 22.5575585], [114.0964041, 22.557558], [114.0964036, 22.5576401], [114.0962955, 22.5576395]]]]}}, {"type": "Feature", "id": "way/813760012", "properties": {"tags": {"building": "residential", "name": "79栋"}, "heightStatus": "unknown", "source": "OpenStreetMap", "license": "ODbL-1.0"}, "geometry": {"type": "MultiPolygon", "coordinates": [[[[114.0947971, 22.5572885], [114.0947998, 22.5571869], [114.0954937, 22.5572027], [114.0955905, 22.5572049], [114.0956366, 22.5572059], [114.0956342, 22.5572976], [114.0956777, 22.5572986], [114.0956756, 22.5573788], [114.0957788, 22.5573811], [114.0957763, 22.5574767], [114.0958882, 22.5574792], [114.095884, 22.5576388], [114.0957876, 22.5576366], [114.0957895, 22.5575635], [114.0957021, 22.5575615], [114.0957046, 22.5574672], [114.0955893, 22.5574645], [114.0955918, 22.5573708], [114.0954951, 22.5573686], [114.095497, 22.5572972], [114.0954568, 22.5572963], [114.0954555, 22.5573456], [114.0953657, 22.5573435], [114.0953668, 22.5573031], [114.0953183, 22.557302], [114.0953172, 22.5573419], [114.0952288, 22.5573399], [114.0952298, 22.5573031], [114.0951815, 22.557302], [114.0951804, 22.5573419], [114.0950981, 22.55734], [114.0950995, 22.5572894], [114.0950455, 22.5572882], [114.0950442, 22.5573403], [114.0949638, 22.5573385], [114.0949649, 22.5572945], [114.0949109, 22.5572933], [114.0949097, 22.5573381], [114.0948308, 22.5573363], [114.094832, 22.5572893], [114.0947971, 22.5572885]]]]}}, {"type": "Feature", "id": "way/813760015", "properties": {"tags": {"addr:housenumber": "107", "building": "residential", "name": "107栋"}, "heightStatus": "unknown", "source": "OpenStreetMap", "license": "ODbL-1.0"}, "geometry": {"type": "MultiPolygon", "coordinates": [[[[114.0988677, 22.5560697], [114.0989044, 22.5560735], [114.0989366, 22.5560527], [114.0989363, 22.5560195], [114.0988851, 22.5560199], [114.0989033, 22.5559491], [114.0990402, 22.5559538], [114.0990517, 22.5560207], [114.0990184, 22.5560209], [114.0990194, 22.5560504], [114.0990383, 22.5560754], [114.099066, 22.556073], [114.0990666, 22.5561498], [114.098996, 22.5561503], [114.0989957, 22.556116], [114.0989571, 22.5561162], [114.0989573, 22.5561418], [114.0988715, 22.5561423], [114.0988677, 22.5560697]]]]}}, {"type": "Feature", "id": "way/813760016", "properties": {"tags": {"building": "residential", "name": "106栋"}, "heightStatus": "unknown", "source": "OpenStreetMap", "license": "ODbL-1.0"}, "geometry": {"type": "MultiPolygon", "coordinates": [[[[114.0988755, 22.5556827], [114.0989122, 22.5556864], [114.0989444, 22.5556657], [114.0989442, 22.5556325], [114.098893, 22.5556328], [114.0989112, 22.555562], [114.099048, 22.5555667], [114.0990595, 22.5556336], [114.0990262, 22.5556338], [114.0990272, 22.5556633], [114.0990461, 22.5556884], [114.0990738, 22.5556859], [114.0990744, 22.5557628], [114.0990038, 22.5557632], [114.0990036, 22.5557289], [114.0989649, 22.5557292], [114.0989651, 22.5557547], [114.0988793, 22.5557553], [114.0988755, 22.5556827]]]]}}, {"type": "Feature", "id": "way/813760017", "properties": {"tags": {"building": "residential", "name": "104栋"}, "heightStatus": "unknown", "source": "OpenStreetMap", "license": "ODbL-1.0"}, "geometry": {"type": "MultiPolygon", "coordinates": [[[[114.0979904, 22.5553187], [114.0980271, 22.5553225], [114.0980592, 22.5553017], [114.098059, 22.5552685], [114.0980078, 22.5552688], [114.098026, 22.555198], [114.0981628, 22.5552028], [114.0981744, 22.5552697], [114.098141, 22.5552699], [114.098142, 22.5552994], [114.0981609, 22.5553244], [114.0981886, 22.5553219], [114.0981892, 22.5553988], [114.0981186, 22.5553993], [114.0981184, 22.555365], [114.0980798, 22.5553652], [114.09808, 22.5553908], [114.0979941, 22.5553913], [114.0979904, 22.5553187]]]]}}, {"type": "Feature", "id": "way/813760018", "properties": {"tags": {"building": "residential", "name": "102栋"}, "heightStatus": "unknown", "source": "OpenStreetMap", "license": "ODbL-1.0"}, "geometry": {"type": "MultiPolygon", "coordinates": [[[[114.0979857, 22.5564077], [114.0980224, 22.5564115], [114.0980545, 22.5563907], [114.0980543, 22.5563575], [114.0980031, 22.5563578], [114.0980213, 22.556287], [114.0981581, 22.5562918], [114.0981697, 22.5563587], [114.0981363, 22.5563589], [114.0981373, 22.5563883], [114.0981563, 22.5564134], [114.0981839, 22.5564109], [114.0981845, 22.5564878], [114.098114, 22.5564882], [114.0981137, 22.556454], [114.0980751, 22.5564542], [114.0980753, 22.5564798], [114.0979894, 22.5564803], [114.0979857, 22.5564077]]]]}}, {"type": "Feature", "id": "way/813760022", "properties": {"tags": {"building": "residential", "name": "87栋"}, "heightStatus": "unknown", "source": "OpenStreetMap", "license": "ODbL-1.0"}, "geometry": {"type": "MultiPolygon", "coordinates": [[[[114.0957614, 22.5564002], [114.0957938, 22.5563999], [114.095826, 22.5563791], [114.0958269, 22.5563449], [114.0957779, 22.5563438], [114.0957799, 22.5562617], [114.0959456, 22.5562652], [114.0959435, 22.5563495], [114.0959094, 22.5563488], [114.0959087, 22.5563768], [114.0959277, 22.5564018], [114.0959532, 22.5564016], [114.095954, 22.5564745], [114.0958871, 22.5564751], [114.0958867, 22.5564409], [114.095845, 22.5564413], [114.0958453, 22.5564669], [114.0957621, 22.5564676], [114.0957614, 22.5564002]]]]}}, {"type": "Feature", "id": "way/813760030", "properties": {"tags": {"building": "residential", "name": "111栋"}, "heightStatus": "unknown", "source": "OpenStreetMap", "license": "ODbL-1.0"}, "geometry": {"type": "MultiPolygon", "coordinates": [[[[114.0975602, 22.557763], [114.0975617, 22.5576908], [114.097598, 22.5576914], [114.0976309, 22.5576636], [114.0976313, 22.5576368], [114.0975864, 22.5576362], [114.0975876, 22.5575641], [114.0977496, 22.5575665], [114.0977485, 22.5576345], [114.0977156, 22.557634], [114.097715, 22.557671], [114.0977461, 22.5576952], [114.0977779, 22.5576958], [114.0977765, 22.5577653], [114.097697, 22.557764], [114.0976976, 22.5577317], [114.0976762, 22.5577313], [114.0976472, 22.5577308], [114.0976465, 22.5577645], [114.0975602, 22.557763]]]]}}, {"type": "Feature", "id": "way/813760031", "properties": {"tags": {"building": "residential", "name": "83栋"}, "heightStatus": "unknown", "source": "OpenStreetMap", "license": "ODbL-1.0"}, "geometry": {"type": "MultiPolygon", "coordinates": [[[[114.0970793, 22.5578513], [114.0970797, 22.5577797], [114.0971148, 22.5577799], [114.0971432, 22.5577513], [114.0971437, 22.5577235], [114.0971071, 22.557723], [114.0971076, 22.5576901], [114.0971176, 22.5576902], [114.0971182, 22.5576568], [114.0972655, 22.5576588], [114.097265, 22.557689], [114.0972731, 22.5576891], [114.0972725, 22.5577238], [114.0972318, 22.5577232], [114.0972312, 22.5577536], [114.097263, 22.5577824], [114.0972901, 22.5577825], [114.0972897, 22.5578518], [114.097211, 22.5578514], [114.0972111, 22.557824], [114.0971611, 22.5578238], [114.097161, 22.5578517], [114.0970793, 22.5578513]]]]}}, {"type": "Feature", "id": "way/813760037", "properties": {"tags": {"building": "residential", "name": "76栋"}, "heightStatus": "unknown", "source": "OpenStreetMap", "license": "ODbL-1.0"}, "geometry": {"type": "MultiPolygon", "coordinates": [[[[114.0936001, 22.5579221], [114.0936039, 22.5577533], [114.0936999, 22.5577552], [114.0936977, 22.5578523], [114.0937915, 22.5578541], [114.0937896, 22.5579418], [114.0938893, 22.5579437], [114.0938874, 22.5580269], [114.0939904, 22.5580289], [114.0939889, 22.5580958], [114.094037, 22.5580967], [114.0940376, 22.5580697], [114.0941206, 22.5580713], [114.0941198, 22.5581073], [114.0941682, 22.5581082], [114.0941692, 22.5580642], [114.0942708, 22.5580661], [114.0942698, 22.5581111], [114.0943, 22.5581117], [114.0943008, 22.5580791], [114.0943901, 22.5580808], [114.0943892, 22.5581199], [114.0944441, 22.5581209], [114.0944452, 22.558071], [114.0945109, 22.5580723], [114.09451, 22.5581103], [114.0945427, 22.5581109], [114.0945413, 22.5581755], [114.0945227, 22.5581751], [114.0945217, 22.5582216], [114.0944349, 22.5582199], [114.0944356, 22.5581855], [114.0943842, 22.5581845], [114.0943834, 22.5582212], [114.0942967, 22.5582195], [114.0942977, 22.558174], [114.094246, 22.5581731], [114.0942448, 22.5582256], [114.0938837, 22.5582187], [114.0938866, 22.5580907], [114.0937756, 22.5580886], [114.0937775, 22.5580044], [114.0936795, 22.5580025], [114.0936813, 22.5579236], [114.0936001, 22.5579221]]]]}}, {"type": "Feature", "id": "way/813760039", "properties": {"tags": {"building": "residential", "name": "74栋"}, "heightStatus": "unknown", "source": "OpenStreetMap", "license": "ODbL-1.0"}, "geometry": {"type": "MultiPolygon", "coordinates": [[[[114.0936234, 22.5575478], [114.0936259, 22.5573889], [114.0937096, 22.55739], [114.093711, 22.5572974], [114.0938116, 22.5572988], [114.093813, 22.557209], [114.093909, 22.5572103], [114.0939104, 22.5571198], [114.0939646, 22.5571205], [114.0939642, 22.5571467], [114.0940408, 22.5571477], [114.0940413, 22.5571177], [114.094136, 22.5571189], [114.0941354, 22.5571563], [114.0941816, 22.5571569], [114.094182, 22.5571308], [114.094268, 22.5571319], [114.0942676, 22.5571559], [114.0943152, 22.5571565], [114.0943158, 22.5571205], [114.0944116, 22.5571218], [114.0944111, 22.5571588], [114.0944533, 22.5571594], [114.0944538, 22.5571264], [114.0945355, 22.5571275], [114.0945351, 22.5571521], [114.0945581, 22.5571524], [114.094557, 22.5572283], [114.094527, 22.5572279], [114.0945264, 22.5572691], [114.0944259, 22.5572678], [114.0944264, 22.5572373], [114.0943931, 22.5572369], [114.0943928, 22.5572558], [114.0942977, 22.5572545], [114.0942981, 22.5572269], [114.0942583, 22.5572264], [114.0942578, 22.5572579], [114.0941694, 22.5572567], [114.09417, 22.5572168], [114.0941333, 22.5572163], [114.0941327, 22.5572549], [114.0940486, 22.5572538], [114.0940491, 22.5572242], [114.0939849, 22.5572233], [114.0939839, 22.5572834], [114.0939108, 22.5572825], [114.0939093, 22.5573764], [114.0938048, 22.557375], [114.0938035, 22.557462], [114.0937055, 22.5574607], [114.0937041, 22.5575489], [114.0936234, 22.5575478]]]]}}, {"type": "Feature", "id": "way/813760041", "properties": {"tags": {"building": "residential", "name": "72栋"}, "heightStatus": "unknown", "source": "OpenStreetMap", "license": "ODbL-1.0"}, "geometry": {"type": "MultiPolygon", "coordinates": [[[[114.0927326, 22.5577741], [114.0927631, 22.5577487], [114.0927623, 22.5576982], [114.0928016, 22.5576977], [114.0928021, 22.5577328], [114.0928279, 22.5577324], [114.0928274, 22.557696], [114.092866, 22.5576955], [114.0928666, 22.557732], [114.0928884, 22.557749], [114.0928742, 22.5577645], [114.0928748, 22.5578083], [114.0929068, 22.5578079], [114.0929072, 22.5578342], [114.0929365, 22.5578338], [114.092936, 22.5577965], [114.092981, 22.5577959], [114.0929815, 22.5578314], [114.0929998, 22.5578524], [114.0929775, 22.557869], [114.0929779, 22.557898], [114.0930339, 22.5578973], [114.0930343, 22.5579252], [114.0930511, 22.557925], [114.0930508, 22.5579055], [114.0930763, 22.5579051], [114.0930768, 22.5579421], [114.0931092, 22.5579416], [114.0931086, 22.5579022], [114.0931343, 22.5579019], [114.0931346, 22.5579239], [114.0931668, 22.5579235], [114.0931666, 22.5579106], [114.093209, 22.55791], [114.0932086, 22.5578808], [114.0931824, 22.5578559], [114.0932077, 22.5578332], [114.0932071, 22.5577945], [114.0932537, 22.5577938], [114.0932544, 22.557839], [114.0932817, 22.5578386], [114.0932815, 22.5578239], [114.0933154, 22.5578117], [114.0933212, 22.5577923], [114.0932945, 22.5577609], [114.0933198, 22.5577426], [114.0933182, 22.5577099], [114.0933608, 22.5577082], [114.0933625, 22.5577425], [114.0933815, 22.5577417], [114.0933798, 22.557707], [114.09343, 22.5577049], [114.0934329, 22.5577648], [114.0934648, 22.5577833], [114.0934332, 22.5578052], [114.0934344, 22.5578869], [114.0934011, 22.5578873], [114.0934005, 22.5578464], [114.093358, 22.557847], [114.0933583, 22.5578627], [114.0933149, 22.5578632], [114.0933154, 22.5578973], [114.0933338, 22.557897], [114.0933342, 22.5579253], [114.0933141, 22.5579255], [114.0933148, 22.5579725], [114.0932842, 22.5579729], [114.0932836, 22.5579357], [114.0932456, 22.5579362], [114.0932458, 22.557952], [114.0932048, 22.5579525], [114.0932053, 22.55799], [114.0932157, 22.5579898], [114.0932161, 22.5580185], [114.093203, 22.5580187], [114.0932036, 22.5580619], [114.0931744, 22.5580623], [114.0931739, 22.5580312], [114.0931369, 22.5580317], [114.0931374, 22.5580599], [114.0930645, 22.5580608], [114.0930641, 22.558033], [114.0930209, 22.5580335], [114.0930212, 22.5580525], [114.092982, 22.558053], [114.0929814, 22.558016], [114.0929686, 22.5580161], [114.0929681, 22.5579843], [114.0929806, 22.5579841], [114.0929802, 22.5579574], [114.0929506, 22.5579577], [114.0929501, 22.5579244], [114.0929056, 22.557925], [114.0929061, 22.5579602], [114.0928666, 22.5579607], [114.0928659, 22.5579171], [114.0928556, 22.5579172], [114.0928552, 22.5578894], [114.092872, 22.5578892], [114.0928715, 22.5578566], [114.0928364, 22.5578571], [114.0928361, 22.5578327], [114.0927981, 22.5578332], [114.0927986, 22.5578692], [114.0927517, 22.5578698], [114.0927505, 22.5577924], [114.0927326, 22.5577741]]]]}}, {"type": "Feature", "id": "way/922785108", "properties": {"tags": {"building": "yes"}, "heightStatus": "unknown", "source": "OpenStreetMap", "license": "ODbL-1.0"}, "geometry": {"type": "MultiPolygon", "coordinates": [[[[114.0962268, 22.5629948], [114.0962276, 22.562852], [114.0967939, 22.562855], [114.096793, 22.5629979], [114.0962268, 22.5629948]]]]}}, {"type": "Feature", "id": "way/922785109", "properties": {"tags": {"building": "yes"}, "heightStatus": "unknown", "source": "OpenStreetMap", "license": "ODbL-1.0"}, "geometry": {"type": "MultiPolygon", "coordinates": [[[[114.0962349, 22.5626941], [114.0962358, 22.5625513], [114.096802, 22.5625542], [114.0968011, 22.5626971], [114.0962349, 22.5626941]]]]}}, {"type": "Feature", "id": "way/922785110", "properties": {"tags": {"building": "yes"}, "heightStatus": "unknown", "source": "OpenStreetMap", "license": "ODbL-1.0"}, "geometry": {"type": "MultiPolygon", "coordinates": [[[[114.0962451, 22.5623938], [114.096246, 22.562251], [114.0968122, 22.5622539], [114.0968113, 22.5623968], [114.0962451, 22.5623938]]]]}}, {"type": "Feature", "id": "way/922785111", "properties": {"tags": {"building": "yes"}, "heightStatus": "unknown", "source": "OpenStreetMap", "license": "ODbL-1.0"}, "geometry": {"type": "MultiPolygon", "coordinates": [[[[114.0962471, 22.5620915], [114.096248, 22.5619487], [114.0968142, 22.5619517], [114.0968133, 22.5620946], [114.0962471, 22.5620915]]]]}}, {"type": "Feature", "id": "way/922785112", "properties": {"tags": {"building": "yes"}, "heightStatus": "unknown", "source": "OpenStreetMap", "license": "ODbL-1.0"}, "geometry": {"type": "MultiPolygon", "coordinates": [[[[114.0962533, 22.5617961], [114.0962542, 22.5616533], [114.0968204, 22.5616562], [114.0968196, 22.5617991], [114.0962533, 22.5617961]]]]}}, {"type": "Feature", "id": "way/922785113", "properties": {"tags": {"building": "yes"}, "heightStatus": "unknown", "source": "OpenStreetMap", "license": "ODbL-1.0"}, "geometry": {"type": "MultiPolygon", "coordinates": [[[[114.0969124, 22.5617901], [114.0969134, 22.5616472], [114.0973089, 22.5616496], [114.0973079, 22.5617924], [114.0969124, 22.5617901]]]]}}, {"type": "Feature", "id": "way/922785114", "properties": {"tags": {"building": "yes"}, "heightStatus": "unknown", "source": "OpenStreetMap", "license": "ODbL-1.0"}, "geometry": {"type": "MultiPolygon", "coordinates": [[[[114.096907, 22.5620944], [114.096908, 22.5619516], [114.0973035, 22.561954], [114.0973025, 22.5620968], [114.096907, 22.5620944]]]]}}, {"type": "Feature", "id": "way/922785115", "properties": {"tags": {"building": "yes"}, "heightStatus": "unknown", "source": "OpenStreetMap", "license": "ODbL-1.0"}, "geometry": {"type": "MultiPolygon", "coordinates": [[[[114.0968877, 22.5623924], [114.0968886, 22.5622496], [114.0972841, 22.5622519], [114.0972831, 22.5623948], [114.0968877, 22.5623924]]]]}}, {"type": "Feature", "id": "way/922785124", "properties": {"tags": {"building": "industrial", "building:levels": "5", "name": "八卦岭工业区513栋"}, "heightStatus": "levels_only_unverified", "source": "OpenStreetMap", "license": "ODbL-1.0"}, "geometry": {"type": "MultiPolygon", "coordinates": [[[[114.0936923, 22.5629257], [114.093694, 22.5626939], [114.0943739, 22.562698], [114.0943723, 22.5629299], [114.0936923, 22.5629257]]]]}}, {"type": "Feature", "id": "way/922785125", "properties": {"tags": {"building": "industrial", "building:levels": "6", "name": "八卦岭工业区514栋"}, "heightStatus": "levels_only_unverified", "source": "OpenStreetMap", "license": "ODbL-1.0"}, "geometry": {"type": "MultiPolygon", "coordinates": [[[[114.0937001, 22.5624728], [114.0937018, 22.562241], [114.0943817, 22.5622451], [114.0943801, 22.562477], [114.0937001, 22.5624728]]]]}}, {"type": "Feature", "id": "way/922785126", "properties": {"tags": {"building": "industrial", "building:levels": "6", "name": "八卦岭工业区515栋"}, "heightStatus": "levels_only_unverified", "source": "OpenStreetMap", "license": "ODbL-1.0"}, "geometry": {"type": "MultiPolygon", "coordinates": [[[[114.0936999, 22.5619464], [114.0937015, 22.5617146], [114.0943815, 22.5617187], [114.0943798, 22.5619506], [114.0936999, 22.5619464]]]]}}, {"type": "Feature", "id": "way/922785127", "properties": {"tags": {"building": "industrial", "building:levels": "6", "name": "八卦岭工业区526栋"}, "heightStatus": "levels_only_unverified", "source": "OpenStreetMap", "license": "ODbL-1.0"}, "geometry": {"type": "MultiPolygon", "coordinates": [[[[114.0928113, 22.5618993], [114.0928136, 22.5617187], [114.0929183, 22.5617199], [114.092919, 22.5616677], [114.093131, 22.5616701], [114.0931303, 22.5617223], [114.0935728, 22.5617273], [114.0935704, 22.5619078], [114.0934855, 22.5619068], [114.0934848, 22.5619664], [114.0932758, 22.5619641], [114.0932766, 22.5619045], [114.0928113, 22.5618993]]]]}}, {"type": "Feature", "id": "way/922785130", "properties": {"tags": {"building": "industrial", "building:levels": "6", "name": "八卦岭工业区525栋"}, "heightStatus": "levels_only_unverified", "source": "OpenStreetMap", "license": "ODbL-1.0"}, "geometry": {"type": "MultiPolygon", "coordinates": [[[[114.0927625, 22.5624302], [114.0927648, 22.5622496], [114.0928695, 22.5622508], [114.0928702, 22.5621986], [114.0930822, 22.562201], [114.0930815, 22.5622532], [114.0935239, 22.5622582], [114.0935216, 22.5624386], [114.0934367, 22.5624377], [114.0934359, 22.5624973], [114.093227, 22.562495], [114.0932277, 22.5624354], [114.0927625, 22.5624302]]]]}}, {"type": "Feature", "id": "way/922785131", "properties": {"tags": {"building": "industrial", "building:levels": "6", "name": "八卦岭工业区524栋"}, "heightStatus": "levels_only_unverified", "source": "OpenStreetMap", "license": "ODbL-1.0"}, "geometry": {"type": "MultiPolygon", "coordinates": [[[[114.0927539, 22.5628805], [114.0927563, 22.5626999], [114.092861, 22.5627011], [114.0928617, 22.5626489], [114.0930737, 22.5626513], [114.093073, 22.5627035], [114.0935154, 22.5627085], [114.093513, 22.562889], [114.0934282, 22.562888], [114.0934274, 22.5629476], [114.0932184, 22.5629453], [114.0932192, 22.5628857], [114.0927539, 22.5628805]]]]}}, {"type": "Feature", "id": "way/980552813", "properties": {"tags": {"building": "yes", "building:levels": "6", "name": "银泉酒店", "name:en": "Yinquan Hotel", "name:zh": "银泉酒店", "tourism": "hotel"}, "heightStatus": "levels_only_unverified", "source": "OpenStreetMap", "license": "ODbL-1.0"}, "geometry": {"type": "MultiPolygon", "coordinates": [[[[114.0982242, 22.5603351], [114.0982245, 22.5600796], [114.0988585, 22.5600802], [114.0988582, 22.5603359], [114.0982242, 22.5603351]]]]}}, {"type": "Feature", "id": "way/1037461587", "properties": {"tags": {"building": "yes"}, "heightStatus": "unknown", "source": "OpenStreetMap", "license": "ODbL-1.0"}, "geometry": {"type": "MultiPolygon", "coordinates": [[[[114.0954228, 22.5624239], [114.0954236, 22.5622812], [114.0959899, 22.5622841], [114.095989, 22.562427], [114.0954228, 22.5624239]]]]}}, {"type": "Feature", "id": "way/1037461588", "properties": {"tags": {"building": "yes"}, "heightStatus": "unknown", "source": "OpenStreetMap", "license": "ODbL-1.0"}, "geometry": {"type": "MultiPolygon", "coordinates": [[[[114.0954335, 22.5621069], [114.0954343, 22.5619642], [114.0960006, 22.5619671], [114.0959997, 22.56211], [114.0954335, 22.5621069]]]]}}, {"type": "Feature", "id": "way/1037461589", "properties": {"tags": {"building": "yes"}, "heightStatus": "unknown", "source": "OpenStreetMap", "license": "ODbL-1.0"}, "geometry": {"type": "MultiPolygon", "coordinates": [[[[114.0954335, 22.5618146], [114.0954343, 22.5616719], [114.0960006, 22.5616748], [114.0959997, 22.5618177], [114.0954335, 22.5618146]]]]}}, {"type": "Feature", "id": "way/1180381466", "properties": {"tags": {"building": "yes"}, "heightStatus": "unknown", "source": "OpenStreetMap", "license": "ODbL-1.0"}, "geometry": {"type": "MultiPolygon", "coordinates": [[[[114.0986693, 22.5546982], [114.098696, 22.5546823], [114.0987242, 22.5546957], [114.0987258, 22.5547249], [114.0986991, 22.5547408], [114.0986709, 22.5547275], [114.0986693, 22.5546982]]]]}}, {"type": "Feature", "id": "way/1180381472", "properties": {"tags": {"building": "school"}, "heightStatus": "unknown", "source": "OpenStreetMap", "license": "ODbL-1.0"}, "geometry": {"type": "MultiPolygon", "coordinates": [[[[114.0978536, 22.5549396], [114.0978553, 22.554712], [114.0982519, 22.5547146], [114.0982533, 22.5545303], [114.0979642, 22.5545284], [114.0979638, 22.5545843], [114.0979114, 22.554584], [114.0979119, 22.5545192], [114.0978662, 22.5545189], [114.0978665, 22.5544788], [114.0978877, 22.5544789], [114.0978882, 22.5544098], [114.0982542, 22.5544122], [114.0982556, 22.5542249], [114.0979673, 22.554223], [114.0979669, 22.5542798], [114.097918, 22.5542795], [114.0979184, 22.5542227], [114.0978844, 22.5542225], [114.0978847, 22.5541798], [114.0978822, 22.5541769], [114.0978742, 22.5541561], [114.0978744, 22.554134], [114.097882, 22.5541143], [114.097886, 22.5541089], [114.0978961, 22.554098], [114.0979152, 22.5540867], [114.0979371, 22.5540817], [114.0979596, 22.5540835], [114.0979803, 22.5540919], [114.0979987, 22.554108], [114.0979999, 22.5541102], [114.0981769, 22.5541114], [114.09818, 22.5537009], [114.0984035, 22.5537023], [114.0984003, 22.5541128], [114.098677, 22.5541146], [114.0986774, 22.5540737], [114.0989116, 22.5540752], [114.0989099, 22.5542983], [114.0988442, 22.5542979], [114.0988447, 22.5542295], [114.0984496, 22.554227], [114.0984493, 22.554259], [114.0983836, 22.5542586], [114.0983835, 22.554275], [114.0983096, 22.5542745], [114.0983088, 22.5543705], [114.0984155, 22.5543712], [114.0984154, 22.5543848], [114.0988817, 22.5543878], [114.0988809, 22.5544925], [114.0984146, 22.5544895], [114.0984143, 22.5545281], [114.0983901, 22.554528], [114.098387, 22.5549431], [114.0978536, 22.5549396]]]]}}, {"type": "Feature", "id": "way/1180381474", "properties": {"tags": {"building": "roof", "layer": "1"}, "heightStatus": "unknown", "source": "OpenStreetMap", "license": "ODbL-1.0"}, "geometry": {"type": "MultiPolygon", "coordinates": [[[[114.0976511, 22.5543947], [114.0976523, 22.5542425], [114.0977295, 22.554243], [114.0977284, 22.5543952], [114.0976511, 22.5543947]]]]}}, {"type": "Feature", "id": "way/1180381483", "properties": {"tags": {"building": "yes", "building:levels": "1"}, "heightStatus": "levels_only_unverified", "source": "OpenStreetMap", "license": "ODbL-1.0"}, "geometry": {"type": "MultiPolygon", "coordinates": [[[[114.0972991, 22.5548251], [114.0972992, 22.5548126], [114.0974023, 22.5548133], [114.0974022, 22.5548258], [114.097385, 22.5548257], [114.0973849, 22.5548375], [114.097315, 22.554837], [114.0973151, 22.5548252], [114.0972991, 22.5548251]]]]}}, {"type": "Feature", "id": "way/1271678319", "properties": {"tags": {"building": "office", "building:levels": "7", "name": "大百汇办公楼"}, "heightStatus": "levels_only_unverified", "source": "OpenStreetMap", "license": "ODbL-1.0"}, "geometry": {"type": "MultiPolygon", "coordinates": [[[[114.0930151, 22.5609474], [114.0930292, 22.5609189], [114.0930539, 22.5608969], [114.0931218, 22.5608949], [114.0931209, 22.56085], [114.0931674, 22.5608507], [114.0931686, 22.5608156], [114.0932217, 22.560815], [114.0932213, 22.560849], [114.093277, 22.5608496], [114.0932746, 22.5610135], [114.093634, 22.561018], [114.0936332, 22.5610704], [114.0936655, 22.5610708], [114.093665, 22.5611076], [114.0936342, 22.5611073], [114.0936332, 22.5611721], [114.0933755, 22.5611768], [114.0933897, 22.5611868], [114.0933994, 22.5612006], [114.0934032, 22.5612126], [114.0934035, 22.5612251], [114.0934003, 22.5612373], [114.0933945, 22.5612476], [114.0933861, 22.5612564], [114.0933757, 22.561263], [114.0933632, 22.5612674], [114.0933498, 22.5612687], [114.0933365, 22.5612669], [114.093325, 22.5612624], [114.0933149, 22.5612555], [114.0933068, 22.5612467], [114.0932069, 22.561255], [114.0932083, 22.5611622], [114.093108, 22.5611609], [114.0931094, 22.5610627], [114.0930152, 22.5610614], [114.0930151, 22.5609474]]]]}}, {"type": "Feature", "id": "way/1271678321", "properties": {"tags": {"building": "yes", "building:levels": "6"}, "heightStatus": "levels_only_unverified", "source": "OpenStreetMap", "license": "ODbL-1.0"}, "geometry": {"type": "MultiPolygon", "coordinates": [[[[114.0940536, 22.5609347], [114.0940573, 22.5605012], [114.0944872, 22.5605043], [114.0944835, 22.5609379], [114.0940536, 22.5609347]]]]}}, {"type": "Feature", "id": "way/1271678322", "properties": {"tags": {"building": "yes"}, "heightStatus": "unknown", "source": "OpenStreetMap", "license": "ODbL-1.0"}, "geometry": {"type": "MultiPolygon", "coordinates": [[[[114.094055, 22.561273], [114.0940601, 22.5610982], [114.0942652, 22.5611033], [114.0942641, 22.5611419], [114.0943295, 22.5611436], [114.0943255, 22.5612797], [114.094055, 22.561273]]]]}}, {"type": "Feature", "id": "way/1271678325", "properties": {"tags": {"building": "industrial", "building:levels": "7", "name": "616栋", "name:en": "Block 616", "name:zh": "616栋"}, "heightStatus": "levels_only_unverified", "source": "OpenStreetMap", "license": "ODbL-1.0"}, "geometry": {"type": "MultiPolygon", "coordinates": [[[[114.093289, 22.5607144], [114.0932893, 22.5605615], [114.093502, 22.5605618], [114.0935021, 22.5604918], [114.0936536, 22.560492], [114.0936535, 22.5605644], [114.0938692, 22.5605646], [114.0938691, 22.5606165], [114.0939052, 22.5606165], [114.0939051, 22.5606656], [114.0938701, 22.5606656], [114.09387, 22.5607152], [114.093289, 22.5607144]]]]}}, {"type": "Feature", "id": "way/1271678327", "properties": {"tags": {"building": "industrial", "building:levels": "7", "name": "619栋", "name:en": "Block 619", "name:zh": "619栋"}, "heightStatus": "levels_only_unverified", "source": "OpenStreetMap", "license": "ODbL-1.0"}, "geometry": {"type": "MultiPolygon", "coordinates": [[[[114.0934757, 22.5601797], [114.0934771, 22.5600978], [114.0934805, 22.5600626], [114.0934884, 22.5600347], [114.0935075, 22.5600149], [114.0935283, 22.560013], [114.0935827, 22.5600159], [114.0935836, 22.5599628], [114.0937442, 22.5599651], [114.0937413, 22.5601371], [114.0940907, 22.560142], [114.0940886, 22.5602715], [114.0940174, 22.5602712], [114.0940074, 22.5602873], [114.0938605, 22.5602853], [114.0938606, 22.5603304], [114.0938572, 22.5603431], [114.0938476, 22.5603549], [114.0938339, 22.5603639], [114.0938202, 22.5603672], [114.0936796, 22.5603645], [114.0936809, 22.5602856], [114.0935717, 22.5602841], [114.0935734, 22.5601811], [114.0934757, 22.5601797]]]]}}, {"type": "Feature", "id": "way/1271678345", "properties": {"tags": {"building": "apartments", "building:levels": "33", "layer": "2", "name": "6栋", "name:en": "Block 6", "name:zh": "6栋"}, "heightStatus": "levels_only_unverified", "source": "OpenStreetMap", "license": "ODbL-1.0"}, "geometry": {"type": "MultiPolygon", "coordinates": [[[[114.0931276, 22.5594928], [114.0931621, 22.5594869], [114.093174, 22.5595036], [114.0932346, 22.5594769], [114.0932513, 22.5594543], [114.093253, 22.5594359], [114.0932948, 22.5594105], [114.0933212, 22.5594484], [114.0933549, 22.5594466], [114.0933799, 22.5594111], [114.09343, 22.5594398], [114.0934202, 22.5594595], [114.0935166, 22.5595095], [114.0935252, 22.559495], [114.0935735, 22.5594993], [114.0936285, 22.5595922], [114.0935857, 22.5595874], [114.0935445, 22.5595839], [114.0935044, 22.5595912], [114.0934454, 22.5595606], [114.09343, 22.5595816], [114.0934005, 22.5595686], [114.0933777, 22.5595816], [114.0933469, 22.5595885], [114.09332, 22.5595829], [114.0932872, 22.5595705], [114.0932644, 22.5595779], [114.0932456, 22.5595476], [114.0932, 22.55956], [114.0931826, 22.5595856], [114.0931276, 22.5594928]]]]}}, {"type": "Feature", "id": "way/1271678346", "properties": {"tags": {"building": "apartments", "building:levels": "33", "layer": "2", "name": "7栋", "name:en": "Block 7", "name:zh": "7栋"}, "heightStatus": "levels_only_unverified", "source": "OpenStreetMap", "license": "ODbL-1.0"}, "geometry": {"type": "MultiPolygon", "coordinates": [[[[114.0935751, 22.5594988], [114.0936096, 22.5594929], [114.0936215, 22.5595096], [114.0936821, 22.559483], [114.0936942, 22.5594675], [114.0936878, 22.5594448], [114.0937331, 22.5594176], [114.0937587, 22.5594562], [114.0937963, 22.5594526], [114.0938168, 22.5594241], [114.0938651, 22.5594479], [114.0938523, 22.5594652], [114.0938645, 22.5594732], [114.0938786, 22.5594502], [114.0939249, 22.5594766], [114.0939095, 22.5594967], [114.0939677, 22.5595323], [114.0939342, 22.5595827], [114.0939183, 22.5595746], [114.093909, 22.5595887], [114.0938964, 22.5595824], [114.0939029, 22.5595702], [114.0938804, 22.5595604], [114.0938537, 22.5595918], [114.0938299, 22.5595784], [114.0938174, 22.5595871], [114.0937944, 22.5595945], [114.0937662, 22.5595942], [114.0937371, 22.5595881], [114.0937122, 22.5595757], [114.0936907, 22.5595925], [114.0936715, 22.5595606], [114.0936476, 22.559566], [114.0936301, 22.5595917], [114.0935751, 22.5594988]]]]}}, {"type": "Feature", "id": "way/1271678347", "properties": {"tags": {"area": "yes", "building": "retail", "building:levels": "3", "layer": "1"}, "heightStatus": "levels_only_unverified", "source": "OpenStreetMap", "license": "ODbL-1.0"}, "geometry": {"type": "MultiPolygon", "coordinates": [[[[114.0927138, 22.5596174], [114.092718, 22.5593943], [114.0939877, 22.5594144], [114.0939836, 22.5596376], [114.0927138, 22.5596174]]]]}}, {"type": "Feature", "id": "way/1271678348", "properties": {"tags": {"building": "hotel", "building:levels": "12", "layer": "2"}, "heightStatus": "levels_only_unverified", "source": "OpenStreetMap", "license": "ODbL-1.0"}, "geometry": {"type": "MultiPolygon", "coordinates": [[[[114.0941356, 22.5592503], [114.0941359, 22.5591844], [114.0943815, 22.5591855], [114.0943812, 22.5592436], [114.0943286, 22.5592434], [114.0943269, 22.5595505], [114.0943825, 22.5595508], [114.0943821, 22.5596151], [114.0941424, 22.5596139], [114.0941428, 22.5595448], [114.0941885, 22.559545], [114.09419, 22.5592506], [114.0941356, 22.5592503]]]]}}, {"type": "Feature", "id": "way/1271678349", "properties": {"tags": {"building": "hotel", "building:levels": "6", "layer": "1"}, "heightStatus": "levels_only_unverified", "source": "OpenStreetMap", "license": "ODbL-1.0"}, "geometry": {"type": "MultiPolygon", "coordinates": [[[[114.0940645, 22.5596931], [114.0940648, 22.5596224], [114.0941268, 22.5596226], [114.094128, 22.5593199], [114.0940692, 22.5593197], [114.0940701, 22.5591109], [114.0944214, 22.5591121], [114.094419, 22.5596944], [114.0940645, 22.5596931]]]]}}, {"type": "Feature", "id": "way/1271678350", "properties": {"tags": {"building": "kindergarten"}, "heightStatus": "unknown", "source": "OpenStreetMap", "license": "ODbL-1.0"}, "geometry": {"type": "MultiPolygon", "coordinates": [[[[114.0933338, 22.5591467], [114.0934056, 22.5591464], [114.0934049, 22.5590173], [114.0935464, 22.5590166], [114.0935465, 22.5590434], [114.0935876, 22.5590432], [114.0935875, 22.5590243], [114.0937188, 22.5590237], [114.093719, 22.5590475], [114.0937823, 22.5590472], [114.0937822, 22.5590322], [114.0938944, 22.5590317], [114.0938949, 22.5591345], [114.0938678, 22.5591346], [114.093868, 22.5591727], [114.0937993, 22.5591772], [114.0938091, 22.5591883], [114.0938159, 22.5592012], [114.0938194, 22.5592172], [114.0938183, 22.5592334], [114.0938116, 22.5592506], [114.0937997, 22.5592652], [114.093782, 22.5592767], [114.0937612, 22.5592824], [114.0937382, 22.5592813], [114.0937169, 22.559273], [114.0937019, 22.5592607], [114.0936916, 22.559245], [114.0936879, 22.5592341], [114.0936865, 22.5592227], [114.0936578, 22.5592234], [114.0936561, 22.5592434], [114.0933628, 22.5592447], [114.0933625, 22.5591775], [114.0933339, 22.5591776], [114.0933338, 22.5591467]]]]}}, {"type": "Feature", "id": "way/1271678351", "properties": {"tags": {"building": "yes", "name": "世纪华源商务酒店", "tourism": "hotel"}, "heightStatus": "unknown", "source": "OpenStreetMap", "license": "ODbL-1.0"}, "geometry": {"type": "MultiPolygon", "coordinates": [[[[114.0940225, 22.5597138], [114.0940321, 22.5589699], [114.0944601, 22.5589747], [114.0944504, 22.5597185], [114.0940225, 22.5597138]]]]}}, {"type": "Feature", "id": "way/1271678353", "properties": {"tags": {"building": "kindergarten"}, "heightStatus": "unknown", "source": "OpenStreetMap", "license": "ODbL-1.0"}, "geometry": {"type": "MultiPolygon", "coordinates": [[[[114.0948165, 22.5592685], [114.0948179, 22.5590363], [114.0948658, 22.5590365], [114.0948657, 22.5590573], [114.0949404, 22.5590577], [114.0949405, 22.559033], [114.0952845, 22.5590348], [114.0952834, 22.5592087], [114.0951388, 22.5592079], [114.0951392, 22.5591536], [114.0949418, 22.5591526], [114.0949411, 22.5592692], [114.0948165, 22.5592685]]]]}}, {"type": "Feature", "id": "way/1271678356", "properties": {"tags": {"building": "apartments", "building:levels": "25", "layer": "2", "name": "B栋", "name:en": "Block B", "name:zh": "B栋"}, "heightStatus": "levels_only_unverified", "source": "OpenStreetMap", "license": "ODbL-1.0"}, "geometry": {"type": "MultiPolygon", "coordinates": [[[[114.0948036, 22.559692], [114.094804, 22.5596712], [114.0948337, 22.5596717], [114.0948355, 22.5596308], [114.0948671, 22.5596341], [114.0948674, 22.5595998], [114.0948466, 22.5595983], [114.0948458, 22.5595726], [114.0949022, 22.5595726], [114.0949031, 22.5595629], [114.0950132, 22.5595675], [114.0950124, 22.5596059], [114.0950467, 22.5596065], [114.0950475, 22.5595701], [114.0951078, 22.5595711], [114.0951071, 22.5596068], [114.095071, 22.5596062], [114.0950703, 22.5596462], [114.0951066, 22.5596468], [114.0951061, 22.5596729], [114.095125, 22.5596732], [114.0951242, 22.559715], [114.0950591, 22.559714], [114.0950582, 22.55976], [114.0950192, 22.5597593], [114.09502, 22.5597146], [114.0949187, 22.559713], [114.0949178, 22.5597598], [114.094881, 22.5597592], [114.0948818, 22.5597165], [114.0948349, 22.5597157], [114.0948354, 22.5596925], [114.0948036, 22.559692]]]]}}, {"type": "Feature", "id": "way/1271678357", "properties": {"tags": {"building": "apartments", "building:levels": "25", "layer": "2", "name": "A栋", "name:en": "Block A", "name:zh": "A栋"}, "heightStatus": "levels_only_unverified", "source": "OpenStreetMap", "license": "ODbL-1.0"}, "geometry": {"type": "MultiPolygon", "coordinates": [[[[114.0952884, 22.5597007], [114.0952888, 22.5596799], [114.0953185, 22.5596804], [114.0953203, 22.5596395], [114.0953519, 22.5596427], [114.0953522, 22.5596085], [114.0953314, 22.5596069], [114.0953306, 22.5595813], [114.095387, 22.5595813], [114.0953879, 22.5595716], [114.095498, 22.5595762], [114.0954972, 22.5596145], [114.0955316, 22.5596151], [114.0955323, 22.5595788], [114.0955926, 22.5595798], [114.0955919, 22.5596154], [114.0955559, 22.5596148], [114.0955551, 22.5596549], [114.0955914, 22.5596555], [114.0955909, 22.5596816], [114.0956099, 22.5596819], [114.0956091, 22.5597237], [114.0955439, 22.5597227], [114.095543, 22.5597686], [114.095504, 22.559768], [114.0955048, 22.5597233], [114.0954035, 22.5597217], [114.0954026, 22.5597684], [114.0953658, 22.5597679], [114.0953666, 22.5597251], [114.0953197, 22.5597244], [114.0953202, 22.5597012], [114.0952884, 22.5597007]]]]}}, {"type": "Feature", "id": "way/1271678358", "properties": {"tags": {"building": "retail", "building:levels": "3", "layer": "1"}, "heightStatus": "levels_only_unverified", "source": "OpenStreetMap", "license": "ODbL-1.0"}, "geometry": {"type": "MultiPolygon", "coordinates": [[[[114.0947851, 22.5597704], [114.0947873, 22.5593354], [114.0949702, 22.5593363], [114.094969, 22.5595578], [114.095628, 22.5595608], [114.0956269, 22.5597741], [114.0947851, 22.5597704]]]]}}, {"type": "Feature", "id": "way/1271678361", "properties": {"tags": {"building": "industrial", "building:levels": "9", "name": "A1栋", "name:en": "Block A1", "name:zh": "A1栋"}, "heightStatus": "levels_only_unverified", "source": "OpenStreetMap", "license": "ODbL-1.0"}, "geometry": {"type": "MultiPolygon", "coordinates": [[[[114.0981098, 22.5606642], [114.0981117, 22.560537], [114.0987363, 22.5605449], [114.0987344, 22.5606722], [114.0981098, 22.5606642]]]]}}, {"type": "Feature", "id": "way/1271678362", "properties": {"tags": {"building": "industrial", "building:levels": "9", "name": "A2栋", "name:en": "Block A2", "name:zh": "A2栋"}, "heightStatus": "levels_only_unverified", "source": "OpenStreetMap", "license": "ODbL-1.0"}, "geometry": {"type": "MultiPolygon", "coordinates": [[[[114.0980911, 22.5609208], [114.098093, 22.5607936], [114.0987176, 22.5608015], [114.0987157, 22.5609288], [114.0980911, 22.5609208]]]]}}, {"type": "Feature", "id": "way/1271887464", "properties": {"tags": {"building": "residential", "building:levels": "8", "name": "10栋", "name:en": "Block 10", "name:zh": "10栋"}, "heightStatus": "levels_only_unverified", "source": "OpenStreetMap", "license": "ODbL-1.0"}, "geometry": {"type": "MultiPolygon", "coordinates": [[[[114.0953614, 22.5590746], [114.095963, 22.5590746], [114.095963, 22.5592004], [114.0953614, 22.5592005], [114.0953614, 22.5590746]]]]}}, {"type": "Feature", "id": "way/1271887465", "properties": {"tags": {"building": "apartments", "building:levels": "8", "name": "7栋", "name:en": "Block 7", "name:zh": "7栋"}, "heightStatus": "levels_only_unverified", "source": "OpenStreetMap", "license": "ODbL-1.0"}, "geometry": {"type": "MultiPolygon", "coordinates": [[[[114.0960742, 22.5591972], [114.0960762, 22.5590613], [114.0963606, 22.559065], [114.0964831, 22.5591815], [114.096379, 22.5592748], [114.0963006, 22.5592001], [114.0960742, 22.5591972]]]]}}, {"type": "Feature", "id": "way/1271887466", "properties": {"tags": {"building": "residential", "building:levels": "8", "name": "8栋", "name:en": "Block 8", "name:zh": "8栋"}, "heightStatus": "levels_only_unverified", "source": "OpenStreetMap", "license": "ODbL-1.0"}, "geometry": {"type": "MultiPolygon", "coordinates": [[[[114.0958467, 22.559716], [114.0958477, 22.5595859], [114.0962659, 22.5595886], [114.0964055, 22.5594689], [114.0965023, 22.5595652], [114.0963228, 22.5597191], [114.0958467, 22.559716]]]]}}, {"type": "Feature", "id": "way/1271887467", "properties": {"tags": {"building": "residential", "building:levels": "2", "layer": "1"}, "heightStatus": "levels_only_unverified", "source": "OpenStreetMap", "license": "ODbL-1.0"}, "geometry": {"type": "MultiPolygon", "coordinates": [[[[114.0964313, 22.5593266], [114.0965827, 22.5592108], [114.0971328, 22.5592199], [114.0972746, 22.5593788], [114.0971204, 22.5594961], [114.096585, 22.559498], [114.0964313, 22.5593266]]]]}}, {"type": "Feature", "id": "way/1271887468", "properties": {"tags": {"building": "residential", "building:levels": "25", "name": "4栋", "name:en": "Block 4", "name:zh": "4栋"}, "heightStatus": "levels_only_unverified", "source": "OpenStreetMap", "license": "ODbL-1.0"}, "geometry": {"type": "MultiPolygon", "coordinates": [[[[114.0964632, 22.5593094], [114.0965824, 22.5592167], [114.0966633, 22.5593054], [114.0968163, 22.5593057], [114.096816, 22.5594408], [114.0966734, 22.5594405], [114.0966204, 22.5594818], [114.0964632, 22.5593094]]]]}}, {"type": "Feature", "id": "way/1271887469", "properties": {"tags": {"building": "residential", "building:levels": "25", "name": "3栋", "name:en": "Block 3", "name:zh": "3栋"}, "heightStatus": "levels_only_unverified", "source": "OpenStreetMap", "license": "ODbL-1.0"}, "geometry": {"type": "MultiPolygon", "coordinates": [[[[114.0969348, 22.5594426], [114.0969366, 22.5593148], [114.0970973, 22.5593168], [114.0971322, 22.5592823], [114.0972407, 22.5593758], [114.0971153, 22.5594892], [114.0970533, 22.5594441], [114.0969348, 22.5594426]]]]}}, {"type": "Feature", "id": "way/1271887470", "properties": {"tags": {"building": "residential", "building:levels": "8", "name": "2栋", "name:en": "Block 2", "name:zh": "2栋"}, "heightStatus": "levels_only_unverified", "source": "OpenStreetMap", "license": "ODbL-1.0"}, "geometry": {"type": "MultiPolygon", "coordinates": [[[[114.0972539, 22.5591862], [114.0973776, 22.5590801], [114.097889, 22.5590884], [114.0978863, 22.5592329], [114.0974254, 22.5592255], [114.0973546, 22.5592863], [114.0972539, 22.5591862]]]]}}, {"type": "Feature", "id": "way/1271887471", "properties": {"tags": {"building": "residential", "building:levels": "8", "name": "6栋", "name:en": "Block 6", "name:zh": "6栋"}, "heightStatus": "levels_only_unverified", "source": "OpenStreetMap", "license": "ODbL-1.0"}, "geometry": {"type": "MultiPolygon", "coordinates": [[[[114.0972759, 22.5596596], [114.0973807, 22.5595638], [114.0974624, 22.5596401], [114.0976979, 22.5596401], [114.0976979, 22.5597643], [114.0973881, 22.5597643], [114.0972759, 22.5596596]]]]}}, {"type": "Feature", "id": "way/1271887472", "properties": {"tags": {"building": "residential", "building:levels": "25", "name": "1栋", "name:en": "Block 1", "name:zh": "1栋"}, "heightStatus": "levels_only_unverified", "source": "OpenStreetMap", "license": "ODbL-1.0"}, "geometry": {"type": "MultiPolygon", "coordinates": [[[[114.0980338, 22.5593123], [114.0980411, 22.5591658], [114.0981291, 22.5591695], [114.0981334, 22.5590852], [114.0982834, 22.5590916], [114.0982772, 22.5592134], [114.0985657, 22.5594879], [114.0987196, 22.5594883], [114.0987193, 22.5596283], [114.0986076, 22.559628], [114.0986074, 22.5597208], [114.0984414, 22.5597205], [114.0984418, 22.5595516], [114.0982029, 22.5593196], [114.0980338, 22.5593123]]]]}}, {"type": "Feature", "id": "way/1271887473", "properties": {"tags": {"area": "yes", "building": "residential", "building:levels": "8", "name": "5栋", "name:en": "Block 5", "name:zh": "5栋"}, "heightStatus": "levels_only_unverified", "source": "OpenStreetMap", "license": "ODbL-1.0"}, "geometry": {"type": "MultiPolygon", "coordinates": [[[[114.0977394, 22.5597699], [114.0977428, 22.5596366], [114.0979962, 22.5596422], [114.0981607, 22.5595005], [114.0982491, 22.559588], [114.0980304, 22.5597763], [114.0977394, 22.5597699]]]]}}, {"type": "Feature", "id": "way/1271887475", "properties": {"tags": {"building": "apartments", "building:levels": "28"}, "heightStatus": "levels_only_unverified", "source": "OpenStreetMap", "license": "ODbL-1.0"}, "geometry": {"type": "MultiPolygon", "coordinates": [[[[114.0977659, 22.561268], [114.0977665, 22.5612465], [114.0977978, 22.5612473], [114.0977992, 22.5611978], [114.0978544, 22.5611991], [114.0978551, 22.5611717], [114.0981474, 22.5611785], [114.0981468, 22.5612017], [114.0982211, 22.5612034], [114.0982172, 22.5613473], [114.0981619, 22.561346], [114.0981617, 22.5613552], [114.09785, 22.5613479], [114.0978521, 22.56127], [114.0977659, 22.561268]]]]}}, {"type": "Feature", "id": "relation/17461275", "properties": {"tags": {"building": "apartments", "building:levels": "9"}, "heightStatus": "levels_only_unverified", "source": "OpenStreetMap", "license": "ODbL-1.0"}, "geometry": {"type": "MultiPolygon", "coordinates": [[[[114.097042, 22.561316], [114.0970463, 22.561009], [114.0971232, 22.56101], [114.0971236, 22.5609791], [114.097539, 22.5609841], [114.0975388, 22.5610048], [114.0977409, 22.5610073], [114.0977369, 22.5612846], [114.0977097, 22.5612842], [114.0977087, 22.5613493], [114.0971038, 22.5613419], [114.0971042, 22.5613168], [114.097042, 22.561316]], [[114.0971387, 22.5612535], [114.0971813, 22.5612543], [114.097181, 22.5612708], [114.0972352, 22.5612718], [114.0972355, 22.5612575], [114.0972845, 22.5612584], [114.0972848, 22.5612456], [114.0973701, 22.5612473], [114.0973698, 22.561259], [114.097531, 22.5612622], [114.0975274, 22.5612483], [114.0976125, 22.5612499], [114.0976122, 22.5612633], [114.097639, 22.5612638], [114.0976432, 22.5610645], [114.0976253, 22.5610642], [114.0976249, 22.5610835], [114.0975308, 22.5610818], [114.0975312, 22.5610609], [114.0973721, 22.5610581], [114.0973717, 22.5610767], [114.097285, 22.5610752], [114.0972853, 22.5610607], [114.0972317, 22.5610597], [114.0972319, 22.5610456], [114.0971921, 22.5610449], [114.0971919, 22.5610577], [114.0971513, 22.561057], [114.09715, 22.5611229], [114.0971612, 22.5611231], [114.0971597, 22.5611954], [114.09714, 22.561195], [114.0971387, 22.5612535]]]]}}, {"type": "Feature", "id": "way/1271887478", "properties": {"tags": {"building": "apartments", "building:levels": "28", "name": "B栋", "name:en": "Block B", "name:zh": "B栋"}, "heightStatus": "levels_only_unverified", "source": "OpenStreetMap", "license": "ODbL-1.0"}, "geometry": {"type": "MultiPolygon", "coordinates": [[[[114.0983191, 22.5612875], [114.0983206, 22.5612257], [114.0984139, 22.5612276], [114.0984147, 22.5611973], [114.0983272, 22.5611955], [114.0983287, 22.5611338], [114.098431, 22.5611358], [114.098433, 22.5610494], [114.0985099, 22.561051], [114.0985078, 22.5611381], [114.0985421, 22.5611388], [114.0985442, 22.5610527], [114.0986067, 22.561054], [114.0986048, 22.5611338], [114.0987105, 22.561136], [114.098709, 22.5611983], [114.0986295, 22.5611967], [114.0986287, 22.5612303], [114.0987106, 22.561232], [114.098709, 22.5612987], [114.0986118, 22.5612967], [114.0986099, 22.5613758], [114.0985359, 22.5613742], [114.0985378, 22.5612973], [114.0985122, 22.5612968], [114.0985103, 22.5613748], [114.0984284, 22.5613732], [114.0984304, 22.5612897], [114.0983191, 22.5612875]]]]}}, {"type": "Feature", "id": "way/1271921679", "properties": {"tags": {"building": "dormitory"}, "heightStatus": "unknown", "source": "OpenStreetMap", "license": "ODbL-1.0"}, "geometry": {"type": "MultiPolygon", "coordinates": [[[[114.0969039, 22.5626968], [114.0969065, 22.5625568], [114.0973812, 22.5625645], [114.0973806, 22.562597], [114.097379, 22.5626811], [114.0973786, 22.5627045], [114.0969039, 22.5626968]]]]}}, {"type": "Feature", "id": "way/1271921680", "properties": {"tags": {"building": "dormitory"}, "heightStatus": "unknown", "source": "OpenStreetMap", "license": "ODbL-1.0"}, "geometry": {"type": "MultiPolygon", "coordinates": [[[[114.0972097, 22.5629828], [114.0972125, 22.5628311], [114.097402, 22.562834], [114.0974047, 22.5626814], [114.097379, 22.5626811], [114.0973806, 22.562597], [114.0974954, 22.5625988], [114.0974886, 22.562987], [114.0972097, 22.5629828]]]]}}, {"type": "Feature", "id": "relation/17461649", "properties": {"tags": {"building": "dormitory"}, "heightStatus": "unknown", "source": "OpenStreetMap", "license": "ODbL-1.0"}, "geometry": {"type": "MultiPolygon", "coordinates": [[[[114.0974503, 22.5622535], [114.0974526, 22.562038], [114.0978422, 22.5620414], [114.0978399, 22.562257], [114.0974503, 22.5622535]], [[114.097506, 22.5621627], [114.0977801, 22.5621683], [114.0977814, 22.5621124], [114.0975074, 22.5621068], [114.097506, 22.5621627]]]]}}, {"type": "Feature", "id": "relation/17461650", "properties": {"tags": {"building": "dormitory"}, "heightStatus": "unknown", "source": "OpenStreetMap", "license": "ODbL-1.0"}, "geometry": {"type": "MultiPolygon", "coordinates": [[[[114.0974442, 22.5619024], [114.0974465, 22.5616869], [114.0978361, 22.5616904], [114.0978338, 22.5619059], [114.0974442, 22.5619024]], [[114.0974999, 22.5618117], [114.097774, 22.5618173], [114.0977753, 22.5617614], [114.0975013, 22.5617558], [114.0974999, 22.5618117]]]]}}, {"type": "Feature", "id": "relation/17461651", "properties": {"tags": {"building": "dormitory"}, "heightStatus": "unknown", "source": "OpenStreetMap", "license": "ODbL-1.0"}, "geometry": {"type": "MultiPolygon", "coordinates": [[[[114.0976141, 22.5626326], [114.0976163, 22.5624171], [114.0980059, 22.5624205], [114.0980036, 22.5626361], [114.0976141, 22.5626326]], [[114.0976698, 22.5625419], [114.0979438, 22.5625474], [114.0979451, 22.5624915], [114.0976711, 22.5624859], [114.0976698, 22.5625419]]]]}}, {"type": "Feature", "id": "relation/17461652", "properties": {"tags": {"building": "dormitory"}, "heightStatus": "unknown", "source": "OpenStreetMap", "license": "ODbL-1.0"}, "geometry": {"type": "MultiPolygon", "coordinates": [[[[114.097601, 22.5630182], [114.0976033, 22.5628027], [114.0979929, 22.5628062], [114.0979906, 22.5630217], [114.097601, 22.5630182]], [[114.0976567, 22.5629275], [114.0979308, 22.562933], [114.0979321, 22.5628771], [114.0976581, 22.5628715], [114.0976567, 22.5629275]]]]}}, {"type": "Feature", "id": "way/1292389264", "properties": {"tags": {"building": "train_station", "building:levels": "0", "building:levels:underground": "2", "layer": "-1", "location": "underground", "name": "园岭站", "name:en": "Yuanling Station", "name:zh": "园岭站", "public_transport": "station", "start_date": "2016-10-28", "wikidata": "Q27825859", "wikipedia": "zh:园岭站"}, "heightStatus": "levels_only_unverified", "source": "OpenStreetMap", "license": "ODbL-1.0"}, "geometry": {"type": "MultiPolygon", "coordinates": [[[[114.0986365, 22.558342], [114.0986372, 22.5583153], [114.0990584, 22.5583172], [114.0990866, 22.5582935], [114.0991762, 22.5583772], [114.0993657, 22.5583762], [114.0993586, 22.5581576], [114.0993251, 22.5581576], [114.0993188, 22.5580201], [114.0997463, 22.5580077], [114.0997548, 22.5582931], [114.1002311, 22.5582931], [114.1002307, 22.5583197], [114.10023, 22.5583612], [114.0997566, 22.5583589], [114.0997583, 22.5584313], [114.0995571, 22.5584388], [114.0995805, 22.5590311], [114.0996662, 22.5590268], [114.0998024, 22.5587828], [114.1001686, 22.5587861], [114.1001684, 22.558807], [114.1001679, 22.5588515], [114.0998458, 22.5588454], [114.0997072, 22.5590861], [114.0995879, 22.5590877], [114.0996116, 22.5597051], [114.0994189, 22.5597142], [114.0993935, 22.5591037], [114.0990986, 22.5591115], [114.0990937, 22.5595057], [114.0990635, 22.5595057], [114.0990252, 22.5595057], [114.0990175, 22.559047], [114.0993928, 22.559034], [114.0993692, 22.5584345], [114.0991462, 22.5584423], [114.0990496, 22.5583479], [114.0986365, 22.558342]]]]}}, {"type": "Feature", "id": "way/1316723095", "properties": {"tags": {"building": "residential", "name": "91栋"}, "heightStatus": "unknown", "source": "OpenStreetMap", "license": "ODbL-1.0"}, "geometry": {"type": "MultiPolygon", "coordinates": [[[[114.0948255, 22.5558097], [114.0948263, 22.5557276], [114.0948523, 22.5557278], [114.0948524, 22.5557167], [114.0949477, 22.5557176], [114.0949476, 22.5557305], [114.0949922, 22.5557309], [114.0949923, 22.555719], [114.0950837, 22.5557199], [114.0950836, 22.5557331], [114.0951291, 22.5557335], [114.0951292, 22.5557206], [114.0952154, 22.5557214], [114.0952152, 22.555742], [114.0952568, 22.5557424], [114.095257, 22.5557228], [114.0953801, 22.555724], [114.09538, 22.5557335], [114.0954833, 22.5557347], [114.0954824, 22.55581], [114.0955573, 22.5558108], [114.0955563, 22.5558884], [114.0956589, 22.5558895], [114.0956577, 22.5559812], [114.0957523, 22.5559822], [114.0957502, 22.5561448], [114.0956723, 22.5561439], [114.0956737, 22.5560349], [114.0955722, 22.5560337], [114.0955733, 22.5559499], [114.0954708, 22.5559488], [114.0954718, 22.5558737], [114.0954547, 22.5558735], [114.0954545, 22.5558852], [114.0953774, 22.5558844], [114.095378, 22.5558342], [114.0953523, 22.5558339], [114.0953519, 22.555867], [114.095249, 22.5558659], [114.0952494, 22.5558343], [114.0952205, 22.5558341], [114.0952201, 22.555865], [114.0951134, 22.5558639], [114.0951138, 22.5558334], [114.0950864, 22.5558331], [114.0950861, 22.5558662], [114.0949803, 22.5558652], [114.0949806, 22.5558292], [114.09495, 22.5558289], [114.0949496, 22.5558641], [114.0948529, 22.5558632], [114.0948535, 22.5558099], [114.0948255, 22.5558097]]]]}}, {"type": "Feature", "id": "way/1316723098", "properties": {"tags": {"building": "yes", "name": "园岭网球场"}, "heightStatus": "unknown", "source": "OpenStreetMap", "license": "ODbL-1.0"}, "geometry": {"type": "MultiPolygon", "coordinates": [[[[114.0931845, 22.5569482], [114.0932107, 22.5566281], [114.0933968, 22.5566411], [114.0933706, 22.5569612], [114.0931845, 22.5569482]]]]}}, {"type": "Feature", "id": "way/1385913919", "properties": {"tags": {"building": "residential", "name": "A栋"}, "heightStatus": "unknown", "source": "OpenStreetMap", "license": "ODbL-1.0"}, "geometry": {"type": "MultiPolygon", "coordinates": [[[[114.0978455, 22.5577769], [114.0978481, 22.5576485], [114.0979043, 22.5576495], [114.0979048, 22.5576234], [114.0978705, 22.5576228], [114.0978712, 22.5575866], [114.0979409, 22.5575877], [114.0979403, 22.5576149], [114.0979867, 22.5576157], [114.0979872, 22.5575901], [114.0980526, 22.5575912], [114.098052, 22.5576202], [114.0980247, 22.5576197], [114.0980241, 22.5576485], [114.0980762, 22.5576494], [114.0980736, 22.5577809], [114.0980381, 22.5577803], [114.0980385, 22.5577601], [114.0979917, 22.5577593], [114.0979913, 22.5577807], [114.0979213, 22.5577795], [114.0979217, 22.5577611], [114.0978813, 22.5577604], [114.0978809, 22.5577775], [114.0978455, 22.5577769]]]]}}, {"type": "Feature", "id": "way/1385913920", "properties": {"tags": {"building": "residential"}, "heightStatus": "unknown", "source": "OpenStreetMap", "license": "ODbL-1.0"}, "geometry": {"type": "MultiPolygon", "coordinates": [[[[114.0968296, 22.5578477], [114.0968301, 22.5577762], [114.0968652, 22.5577763], [114.0968936, 22.5577477], [114.0968941, 22.55772], [114.0968575, 22.5577195], [114.096858, 22.5576865], [114.096868, 22.5576867], [114.0968686, 22.5576532], [114.0970159, 22.5576553], [114.0970154, 22.5576854], [114.0970235, 22.5576856], [114.0970229, 22.5577202], [114.0969821, 22.5577196], [114.0969816, 22.5577501], [114.0970134, 22.5577788], [114.0970405, 22.5577789], [114.0970401, 22.5578482], [114.0969614, 22.5578478], [114.0969615, 22.5578205], [114.0969115, 22.5578203], [114.0969113, 22.5578481], [114.0968296, 22.5578477]]]]}}, {"type": "Feature", "id": "way/1385913921", "properties": {"tags": {"building": "residential", "name": "81栋"}, "heightStatus": "unknown", "source": "OpenStreetMap", "license": "ODbL-1.0"}, "geometry": {"type": "MultiPolygon", "coordinates": [[[[114.0959445, 22.5581332], [114.0959453, 22.5580606], [114.0959884, 22.558061], [114.096015, 22.5580394], [114.0960155, 22.5580093], [114.0959787, 22.5580089], [114.0959793, 22.5579687], [114.0959911, 22.5579689], [114.0959916, 22.5579378], [114.0961328, 22.5579395], [114.0961323, 22.5579725], [114.0961408, 22.5579726], [114.0961402, 22.5580107], [114.0961089, 22.5580103], [114.0961084, 22.5580422], [114.096132, 22.5580639], [114.0961739, 22.5580643], [114.0961731, 22.5581379], [114.096083, 22.558137], [114.0960834, 22.5581026], [114.0960294, 22.5581021], [114.0960291, 22.558134], [114.0959445, 22.5581332]]]]}}, {"type": "Feature", "id": "way/1385913922", "properties": {"tags": {"building": "residential", "name": "80栋"}, "heightStatus": "unknown", "source": "OpenStreetMap", "license": "ODbL-1.0"}, "geometry": {"type": "MultiPolygon", "coordinates": [[[[114.095969, 22.557472], [114.0959698, 22.5573994], [114.0960128, 22.5573998], [114.0960395, 22.5573781], [114.0960399, 22.5573481], [114.0960032, 22.5573476], [114.0960037, 22.5573075], [114.0960156, 22.5573077], [114.0960161, 22.5572766], [114.0961573, 22.5572783], [114.0961568, 22.5573113], [114.0961652, 22.5573114], [114.0961647, 22.5573495], [114.0961334, 22.5573491], [114.0961329, 22.5573809], [114.0961564, 22.5574027], [114.0961983, 22.5574031], [114.0961975, 22.5574766], [114.0961075, 22.5574758], [114.0961079, 22.5574413], [114.0960539, 22.5574408], [114.0960536, 22.5574727], [114.095969, 22.557472]]]]}}, {"type": "Feature", "id": "way/1385913923", "properties": {"tags": {"building": "residential"}, "heightStatus": "unknown", "source": "OpenStreetMap", "license": "ODbL-1.0"}, "geometry": {"type": "MultiPolygon", "coordinates": [[[[114.0951167, 22.5578069], [114.0951171, 22.5577353], [114.0951522, 22.5577355], [114.0951806, 22.5577068], [114.0951811, 22.5576791], [114.0951445, 22.5576786], [114.095145, 22.5576457], [114.0951551, 22.5576458], [114.0951556, 22.5576124], [114.0953029, 22.5576144], [114.0953024, 22.5576446], [114.0953105, 22.5576447], [114.0953099, 22.5576793], [114.0952692, 22.5576788], [114.0952687, 22.5577092], [114.0953004, 22.5577379], [114.0953275, 22.5577381], [114.0953271, 22.5578073], [114.0952484, 22.557807], [114.0952486, 22.5577796], [114.0951985, 22.5577794], [114.0951984, 22.5578073], [114.0951167, 22.5578069]]]]}}, {"type": "Feature", "id": "way/1385913924", "properties": {"tags": {"building": "residential", "name": "78栋"}, "heightStatus": "unknown", "source": "OpenStreetMap", "license": "ODbL-1.0"}, "geometry": {"type": "MultiPolygon", "coordinates": [[[[114.0948521, 22.5578029], [114.0948525, 22.5577313], [114.0948877, 22.5577315], [114.094916, 22.5577029], [114.0949165, 22.5576752], [114.0948799, 22.5576747], [114.0948804, 22.5576417], [114.0948905, 22.5576419], [114.094891, 22.5576084], [114.0950383, 22.5576105], [114.0950378, 22.5576406], [114.0950459, 22.5576407], [114.0950453, 22.5576754], [114.0950046, 22.5576748], [114.0950041, 22.5577053], [114.0950358, 22.557734], [114.0950629, 22.5577341], [114.0950625, 22.5578034], [114.0949838, 22.557803], [114.094984, 22.5577757], [114.094934, 22.5577754], [114.0949338, 22.5578033], [114.0948521, 22.5578029]]]]}}, {"type": "Feature", "id": "way/1385913925", "properties": {"tags": {"building": "residential", "name": "75栋"}, "heightStatus": "unknown", "source": "OpenStreetMap", "license": "ODbL-1.0"}, "geometry": {"type": "MultiPolygon", "coordinates": [[[[114.0942694, 22.5577726], [114.0942698, 22.557701], [114.0943049, 22.5577012], [114.0943333, 22.5576725], [114.0943338, 22.5576448], [114.0942972, 22.5576443], [114.0942977, 22.5576113], [114.0943078, 22.5576115], [114.0943083, 22.5575781], [114.0944556, 22.5575801], [114.0944551, 22.5576103], [114.0944632, 22.5576104], [114.0944626, 22.557645], [114.0944219, 22.5576444], [114.0944214, 22.5576749], [114.0944531, 22.5577036], [114.0944802, 22.5577038], [114.0944798, 22.557773], [114.0944011, 22.5577726], [114.0944012, 22.5577453], [114.0943512, 22.5577451], [114.0943511, 22.557773], [114.0942694, 22.5577726]]]]}}, {"type": "Feature", "id": "way/1385937220", "properties": {"tags": {"building": "residential", "name": "100栋"}, "heightStatus": "unknown", "source": "OpenStreetMap", "license": "ODbL-1.0"}, "geometry": {"type": "MultiPolygon", "coordinates": [[[[114.0971036, 22.5561051], [114.097104, 22.5560335], [114.0971391, 22.5560337], [114.0971675, 22.5560051], [114.097168, 22.5559773], [114.0971314, 22.5559768], [114.0971319, 22.5559439], [114.0971419, 22.555944], [114.0971425, 22.5559106], [114.0972898, 22.5559126], [114.0972893, 22.5559428], [114.0972974, 22.5559429], [114.0972968, 22.5559776], [114.0972561, 22.555977], [114.0972555, 22.5560074], [114.0972873, 22.5560362], [114.0973144, 22.5560363], [114.097314, 22.5561056], [114.0972353, 22.5561052], [114.0972354, 22.5560778], [114.0971854, 22.5560776], [114.0971853, 22.5561055], [114.0971036, 22.5561051]]]]}}, {"type": "Feature", "id": "way/1385937221", "properties": {"tags": {"building": "residential", "name": "园岭新村99栋"}, "heightStatus": "unknown", "source": "OpenStreetMap", "license": "ODbL-1.0"}, "geometry": {"type": "MultiPolygon", "coordinates": [[[[114.0971036, 22.5557375], [114.097104, 22.5556659], [114.0971391, 22.5556661], [114.0971675, 22.5556375], [114.097168, 22.5556097], [114.0971314, 22.5556092], [114.0971319, 22.5555763], [114.0971419, 22.5555764], [114.0971425, 22.555543], [114.0972898, 22.555545], [114.0972893, 22.5555752], [114.0972974, 22.5555753], [114.0972968, 22.55561], [114.0972561, 22.5556094], [114.0972555, 22.5556398], [114.0972873, 22.5556686], [114.0973144, 22.5556687], [114.097314, 22.555738], [114.0972353, 22.5557376], [114.0972354, 22.5557102], [114.0971854, 22.55571], [114.0971853, 22.5557379], [114.0971036, 22.5557375]]]]}}, {"type": "Feature", "id": "way/1385937222", "properties": {"tags": {"building": "residential", "name": "86栋"}, "heightStatus": "unknown", "source": "OpenStreetMap", "license": "ODbL-1.0"}, "geometry": {"type": "MultiPolygon", "coordinates": [[[[114.0966803, 22.5566704], [114.0966807, 22.5565988], [114.0967158, 22.556599], [114.0967442, 22.5565704], [114.0967447, 22.5565426], [114.0967081, 22.5565421], [114.0967086, 22.5565092], [114.0967186, 22.5565093], [114.0967192, 22.5564759], [114.0968665, 22.5564779], [114.096866, 22.5565081], [114.0968741, 22.5565082], [114.0968735, 22.5565429], [114.0968328, 22.5565423], [114.0968322, 22.5565727], [114.096864, 22.5566015], [114.0968911, 22.5566016], [114.0968907, 22.5566709], [114.096812, 22.5566705], [114.0968121, 22.5566431], [114.0967621, 22.5566429], [114.096762, 22.5566708], [114.0966803, 22.5566704]]]]}}, {"type": "Feature", "id": "way/1385937223", "properties": {"tags": {"building": "yes", "craft": "electrician"}, "heightStatus": "unknown", "source": "OpenStreetMap", "license": "ODbL-1.0"}, "geometry": {"type": "MultiPolygon", "coordinates": [[[[114.0970818, 22.5570359], [114.0970825, 22.5569523], [114.0973771, 22.5569546], [114.0973764, 22.5570383], [114.0970818, 22.5570359]]]]}}, {"type": "Feature", "id": "way/1385970095", "properties": {"tags": {"building": "residential", "name": "89栋"}, "heightStatus": "unknown", "source": "OpenStreetMap", "license": "ODbL-1.0"}, "geometry": {"type": "MultiPolygon", "coordinates": [[[[114.0948527, 22.5566471], [114.0948535, 22.5565745], [114.0948966, 22.5565749], [114.0949232, 22.5565533], [114.0949237, 22.5565232], [114.0948869, 22.5565228], [114.0948875, 22.5564826], [114.0948993, 22.5564828], [114.0948998, 22.5564517], [114.095041, 22.5564534], [114.0950405, 22.5564864], [114.095049, 22.5564865], [114.0950484, 22.5565246], [114.0950171, 22.5565242], [114.0950166, 22.5565561], [114.0950402, 22.5565778], [114.0950821, 22.5565782], [114.0950813, 22.5566518], [114.0949912, 22.5566509], [114.0949916, 22.5566165], [114.094952, 22.5566161], [114.0949376, 22.556616], [114.0949373, 22.5566479], [114.0948527, 22.5566471]]]]}}, {"type": "Feature", "id": "way/1385970096", "properties": {"tags": {"building": "residential", "name": "90栋"}, "heightStatus": "unknown", "source": "OpenStreetMap", "license": "ODbL-1.0"}, "geometry": {"type": "MultiPolygon", "coordinates": [[[[114.094865, 22.5562576], [114.0948658, 22.556185], [114.0949089, 22.5561854], [114.0949355, 22.5561638], [114.094936, 22.5561337], [114.0948992, 22.5561333], [114.0948998, 22.5560931], [114.0949116, 22.5560933], [114.0949121, 22.5560622], [114.0950533, 22.5560639], [114.0950528, 22.5560969], [114.0950613, 22.556097], [114.0950607, 22.5561351], [114.0950294, 22.5561347], [114.0950289, 22.5561666], [114.0950525, 22.5561883], [114.0950944, 22.5561887], [114.0950936, 22.5562623], [114.0950035, 22.5562614], [114.0950039, 22.556227], [114.0949499, 22.5562265], [114.0949496, 22.5562584], [114.094865, 22.5562576]]]]}}, {"type": "Feature", "id": "way/1386000260", "properties": {"tags": {"addr:housenumber": "B", "building": "apartments", "layer": "1", "name": "四季祥和园中园B栋"}, "heightStatus": "unknown", "source": "OpenStreetMap", "license": "ODbL-1.0"}, "geometry": {"type": "MultiPolygon", "coordinates": [[[[114.0931937, 22.5548762], [114.0931949, 22.5548019], [114.0932824, 22.5548031], [114.0932841, 22.554704], [114.0934467, 22.5547064], [114.0934451, 22.5548008], [114.0935366, 22.5548021], [114.0935353, 22.5548773], [114.0934359, 22.5548758], [114.0934343, 22.554974], [114.0932824, 22.5549719], [114.093284, 22.5548775], [114.0931937, 22.5548762]]]]}}, {"type": "Feature", "id": "way/1386000261", "properties": {"tags": {"addr:housenumber": "C", "building": "apartments", "layer": "1", "name": "四季祥和园中园C栋"}, "heightStatus": "unknown", "source": "OpenStreetMap", "license": "ODbL-1.0"}, "geometry": {"type": "MultiPolygon", "coordinates": [[[[114.0936807, 22.5546021], [114.093682, 22.5545278], [114.0937695, 22.554529], [114.0937712, 22.5544299], [114.0939338, 22.5544323], [114.0939322, 22.5545266], [114.0940237, 22.554528], [114.0940224, 22.5546031], [114.093923, 22.5546017], [114.0939214, 22.5546999], [114.0937695, 22.5546978], [114.093771, 22.5546034], [114.0936807, 22.5546021]]]]}}, {"type": "Feature", "id": "way/1386000262", "properties": {"tags": {"addr:housenumber": "D", "building": "apartments", "layer": "1", "name": "四季祥和园中园D栋"}, "heightStatus": "unknown", "source": "OpenStreetMap", "license": "ODbL-1.0"}, "geometry": {"type": "MultiPolygon", "coordinates": [[[[114.0941535, 22.5546041], [114.0941547, 22.5545298], [114.0942422, 22.5545311], [114.0942439, 22.554432], [114.0944065, 22.5544343], [114.0944049, 22.5545287], [114.0944964, 22.55453], [114.0944952, 22.5546052], [114.0943958, 22.5546038], [114.0943941, 22.554702], [114.0942422, 22.5546998], [114.0942438, 22.5546054], [114.0941535, 22.5546041]]]]}}, {"type": "Feature", "id": "way/1386000263", "properties": {"tags": {"addr:housenumber": "E", "building": "apartments", "layer": "1", "name": "四季祥和园中园E栋"}, "heightStatus": "unknown", "source": "OpenStreetMap", "license": "ODbL-1.0"}, "geometry": {"type": "MultiPolygon", "coordinates": [[[[114.0941314, 22.5554324], [114.0941326, 22.5553581], [114.0942201, 22.5553593], [114.0942218, 22.5552602], [114.0943844, 22.5552626], [114.0943828, 22.555357], [114.0944743, 22.5553583], [114.0944731, 22.5554335], [114.0943737, 22.555432], [114.094372, 22.5555302], [114.0942201, 22.5555281], [114.0942217, 22.5554337], [114.0941314, 22.5554324]]]]}}, {"type": "Feature", "id": "way/1386000264", "properties": {"tags": {"building": "retail"}, "heightStatus": "unknown", "source": "OpenStreetMap", "license": "ODbL-1.0"}, "geometry": {"type": "MultiPolygon", "coordinates": [[[[114.0926987, 22.5548947], [114.0926995, 22.554757], [114.0928674, 22.5545693], [114.0932257, 22.5545788], [114.093224, 22.5546313], [114.0936455, 22.5546372], [114.0936524, 22.5543946], [114.0939654, 22.5543992], [114.0939629, 22.5544566], [114.0942142, 22.5544581], [114.0942146, 22.5544035], [114.0944431, 22.5544068], [114.0944422, 22.5544864], [114.0945414, 22.5544888], [114.0945134, 22.5554654], [114.094416, 22.555463], [114.0944139, 22.5555365], [114.094084, 22.5555318], [114.0941045, 22.5549726], [114.0940137, 22.5549719], [114.0940146, 22.5549084], [114.093595, 22.5549083], [114.0935928, 22.554997], [114.0935693, 22.5550137], [114.0928022, 22.5550094], [114.0928022, 22.5548964], [114.0926987, 22.5548947]]]]}}, {"type": "Feature", "id": "way/1409773300", "properties": {"tags": {"building": "residential", "name": "108栋"}, "heightStatus": "unknown", "source": "OpenStreetMap", "license": "ODbL-1.0"}, "geometry": {"type": "MultiPolygon", "coordinates": [[[[114.09822, 22.5561042], [114.0982229, 22.5559818], [114.0983488, 22.5559814], [114.0983484, 22.5560353], [114.0984029, 22.5560364], [114.0984011, 22.55611], [114.0984145, 22.5561261], [114.0984918, 22.5561279], [114.0984896, 22.5562078], [114.098499, 22.5562208], [114.0985865, 22.5562205], [114.0985869, 22.5562982], [114.0986117, 22.5563088], [114.09867, 22.55631], [114.0986682, 22.5563816], [114.098709, 22.5563825], [114.0987096, 22.5563593], [114.0988076, 22.5563614], [114.0988069, 22.5563874], [114.0988475, 22.5563883], [114.0988481, 22.5563635], [114.0989399, 22.5563655], [114.0989393, 22.5563909], [114.0989778, 22.5563917], [114.0989785, 22.556365], [114.0990717, 22.556367], [114.099071, 22.5563924], [114.0990926, 22.5563928], [114.0990911, 22.5564579], [114.0990526, 22.5564571], [114.0990527, 22.5564925], [114.0989867, 22.5564921], [114.0989877, 22.5564546], [114.0989171, 22.5564531], [114.0989165, 22.5564925], [114.0988501, 22.5564923], [114.098851, 22.5564543], [114.0987895, 22.5564531], [114.0987885, 22.5564919], [114.0987229, 22.5564905], [114.0987236, 22.556462], [114.0986388, 22.5564603], [114.0986385, 22.5564709], [114.0985737, 22.5564696], [114.0985758, 22.5563792], [114.0984862, 22.5563774], [114.0984883, 22.5562862], [114.0984162, 22.5562847], [114.0984181, 22.5562025], [114.0983095, 22.5562003], [114.0983117, 22.556106], [114.09822, 22.5561042]]]]}}, {"type": "Feature", "id": "way/1409773301", "properties": {"tags": {"building": "residential", "name": "101栋"}, "heightStatus": "unknown", "source": "OpenStreetMap", "license": "ODbL-1.0"}, "geometry": {"type": "MultiPolygon", "coordinates": [[[[114.097068, 22.5564197], [114.0970694, 22.5563547], [114.097091, 22.5563551], [114.0970915, 22.5563296], [114.0971847, 22.5563313], [114.0971842, 22.556358], [114.0972227, 22.5563587], [114.0972233, 22.5563333], [114.0973151, 22.5563349], [114.0973146, 22.5563597], [114.0973551, 22.5563604], [114.0973556, 22.5563344], [114.0974537, 22.5563361], [114.0974532, 22.5563593], [114.097494, 22.55636], [114.0974954, 22.5562884], [114.0975538, 22.5562894], [114.097579, 22.5562799], [114.0975829, 22.5562022], [114.0976703, 22.556206], [114.0976803, 22.5561933], [114.0976818, 22.5561134], [114.0977591, 22.5561146], [114.0977732, 22.556099], [114.0977748, 22.5560255], [114.0978293, 22.5560265], [114.0978314, 22.5559756], [114.0979572, 22.5559779], [114.0979544, 22.5561003], [114.0978627, 22.5560986], [114.0978606, 22.5561929], [114.0977521, 22.5561908], [114.0977502, 22.556273], [114.0976781, 22.5562717], [114.097676, 22.556363], [114.0975864, 22.5563612], [114.0975844, 22.5564516], [114.0975195, 22.5564504], [114.0975198, 22.5564398], [114.097435, 22.5564382], [114.0974343, 22.5564667], [114.0973687, 22.5564655], [114.0973696, 22.5564267], [114.097308, 22.5564256], [114.0973072, 22.5564635], [114.0972408, 22.5564611], [114.097242, 22.5564218], [114.0971715, 22.5564205], [114.0971707, 22.5564619], [114.0971058, 22.5564617], [114.0971065, 22.5564204], [114.097068, 22.5564197]]]]}}, {"type": "Feature", "id": "way/1409962492", "properties": {"tags": {"building": "retail", "name": "天阶1号"}, "heightStatus": "unknown", "source": "OpenStreetMap", "license": "ODbL-1.0"}, "geometry": {"type": "MultiPolygon", "coordinates": [[[[114.0955469, 22.5555522], [114.0955496, 22.555141], [114.0968438, 22.5551522], [114.0968344, 22.5555782], [114.0955469, 22.5555522]]]]}}, {"type": "Feature", "id": "way/1409983101", "properties": {"tags": {"building": "yes"}, "heightStatus": "unknown", "source": "OpenStreetMap", "license": "ODbL-1.0"}, "geometry": {"type": "MultiPolygon", "coordinates": [[[[114.0960778, 22.5540813], [114.0963071, 22.5540851], [114.0963045, 22.5541544], [114.0966008, 22.5541569], [114.0966014, 22.5541423], [114.0966365, 22.5541113], [114.0967626, 22.5541108], [114.0968052, 22.5541487], [114.096801, 22.5542652], [114.0968259, 22.5542668], [114.0968219, 22.5544934], [114.0967159, 22.5544922], [114.0967137, 22.5545893], [114.0965821, 22.5545867], [114.0962951, 22.5542944], [114.0962991, 22.5542102], [114.0960818, 22.5542015], [114.0960778, 22.5540813]]]]}}, {"type": "Feature", "id": "way/1409983107", "properties": {"tags": {"building": "apartments", "name": "96栋"}, "heightStatus": "unknown", "source": "OpenStreetMap", "license": "ODbL-1.0"}, "geometry": {"type": "MultiPolygon", "coordinates": [[[[114.0957828, 22.554481], [114.0957857, 22.5544102], [114.0958294, 22.5544102], [114.0958549, 22.5543861], [114.0958554, 22.5543537], [114.0958102, 22.5543527], [114.0958113, 22.5543227], [114.0958214, 22.5543227], [114.0958235, 22.5542888], [114.0959704, 22.5542903], [114.0959677, 22.5543222], [114.0959779, 22.5543222], [114.0959763, 22.5543571], [114.0959422, 22.5543556], [114.0959399, 22.5543897], [114.0959762, 22.5544193], [114.0960102, 22.5544201], [114.0960089, 22.5544857], [114.0959171, 22.5544833], [114.0959179, 22.5544497], [114.0958706, 22.554449], [114.0958698, 22.5544814], [114.0957828, 22.554481]]]]}}, {"type": "Feature", "id": "way/1409983108", "properties": {"tags": {"building": "apartments", "name": "95栋"}, "heightStatus": "unknown", "source": "OpenStreetMap", "license": "ODbL-1.0"}, "geometry": {"type": "MultiPolygon", "coordinates": [[[[114.0954698, 22.5544759], [114.0954727, 22.5544051], [114.0955164, 22.5544051], [114.0955419, 22.554381], [114.0955425, 22.5543486], [114.0954972, 22.5543476], [114.0954983, 22.5543176], [114.0955084, 22.5543176], [114.0955105, 22.5542837], [114.0956558, 22.5542852], [114.0956548, 22.5543171], [114.0956645, 22.5543174], [114.0956633, 22.554352], [114.0956292, 22.5543505], [114.0956269, 22.5543846], [114.0956633, 22.5544142], [114.0956972, 22.554415], [114.0956959, 22.5544806], [114.0956041, 22.5544782], [114.095605, 22.5544447], [114.0955576, 22.5544439], [114.0955568, 22.5544763], [114.0954698, 22.5544759]]]]}}, {"type": "Feature", "id": "way/1409983109", "properties": {"tags": {"building": "apartments", "name": "94栋"}, "heightStatus": "unknown", "source": "OpenStreetMap", "license": "ODbL-1.0"}, "geometry": {"type": "MultiPolygon", "coordinates": [[[[114.0951499, 22.55447], [114.0951529, 22.5543992], [114.0951965, 22.5543992], [114.0952221, 22.5543751], [114.0952226, 22.5543427], [114.0951774, 22.5543417], [114.0951784, 22.5543117], [114.0951885, 22.5543117], [114.0951907, 22.5542778], [114.095336, 22.5542793], [114.0953349, 22.5543112], [114.0953447, 22.5543115], [114.0953434, 22.5543461], [114.0953093, 22.5543446], [114.0953071, 22.5543787], [114.0953434, 22.5544083], [114.0953773, 22.5544091], [114.095376, 22.5544747], [114.0952842, 22.5544723], [114.0952851, 22.5544388], [114.0952378, 22.554438], [114.0952369, 22.5544704], [114.0951499, 22.55447]]]]}}, {"type": "Feature", "id": "way/1409983110", "properties": {"tags": {"building": "apartments", "name": "93栋"}, "heightStatus": "unknown", "source": "OpenStreetMap", "license": "ODbL-1.0"}, "geometry": {"type": "MultiPolygon", "coordinates": [[[[114.0948492, 22.5544665], [114.0948522, 22.5543958], [114.0948958, 22.5543958], [114.0949214, 22.5543717], [114.0949219, 22.5543392], [114.0948766, 22.5543383], [114.0948777, 22.5543083], [114.0948878, 22.5543083], [114.09489, 22.5542744], [114.0950352, 22.5542758], [114.0950342, 22.5543078], [114.095044, 22.5543081], [114.0950427, 22.5543427], [114.0950086, 22.5543412], [114.0950064, 22.5543752], [114.0950427, 22.5544049], [114.0950766, 22.5544057], [114.0950753, 22.5544713], [114.0949835, 22.5544689], [114.0949844, 22.5544353], [114.0949371, 22.5544345], [114.0949362, 22.5544669], [114.0948492, 22.5544665]]]]}}]}