{"type": "FeatureCollection", "features": [{"type": "Feature", "id": "way/203271378", "properties": {"tags": {"access": "permit", "addr:city": "深圳市", "addr:district": "南山区", "addr:housenumber": "4", "addr:place": "创科路3号", "addr:postcode": "518055", "addr:province": "广东省", "building": "yes", "leisure": "sports_hall", "name": "体育馆", "operator": "深圳市第二高级中学", "sport": "basketball;volleyball;tennis;table_tennis"}, "heightStatus": "unknown", "source": "OpenStreetMap", "license": "ODbL-1.0"}, "geometry": {"type": "MultiPolygon", "coordinates": [[[[113.9310376, 22.5728396], [113.931039, 22.5725498], [113.9310406, 22.5722332], [113.9313986, 22.5722347], [113.9316905, 22.5722359], [113.931689, 22.5725361], [113.9316875, 22.5728422], [113.9314041, 22.5728404], [113.9310376, 22.5728396]]]]}}, {"type": "Feature", "id": "way/362738155", "properties": {"tags": {"addr:city": "深圳市", "addr:district": "南山区", "addr:housenumber": "3", "addr:postcode": "518055", "addr:province": "广东省", "addr:street": "创科路", "alt_name": "西丽中心区地区04-07地块", "amenity": "school", "building": "no", "capacity": "3000", "check_date": "2023-11-25", "education": "school", "fee": "yes", "grades": "10-12", "image": "https://upload.wikimedia.org/wikipedia/commons/2/2c/%E6%B7%B1%E5%9C%B3%E5%B8%82%E7%AC%AC%E4%BA%8C%E9%AB%98%E7%BA%A7%E4%B8%AD%E5%AD%A6_SS2S_%282023-09-23%29.webp", "name": "深圳市第二高级中学", "name:en": "Shenzhen Second Senior High School", "name:zh": "深圳市第二高级中学", "name:zh-Hans": "深圳市第二高级中学", "name:zh-Hant": "深圳市第二高級中學", "note": "用地性质：教育设施用地 用地面积：103354m² 备注：60班高中", "old_name": "深圳市第四高级中学", "opening_hours": "Mo-Fr 06:30-23:00; Sa 06:30-16:25; Su 19:00-23:00", "phone": "+86 755 8613 1000", "religion": "no", "short_name": "深圳二高", "source": "深圳市规划与自然资源局", "start_date": "2007-09-01", "website": "https://www.sz2g.com/", "wheelchair": "yes", "wikidata": "Q15936248", "wikimedia_commons": "File:深圳市第二高级中学 SS2S (2023-09-23).webp", "wikipedia": "zh:深圳市第二高級中學"}, "heightStatus": "unknown", "source": "OpenStreetMap", "license": "ODbL-1.0"}, "geometry": {"type": "MultiPolygon", "coordinates": [[[[113.9292663, 22.574312], [113.9293302, 22.573957], [113.9293626, 22.5738084], [113.9294229, 22.5735598], [113.9297625, 22.5721635], [113.9318417, 22.5721082], [113.9319407, 22.5721066], [113.9319728, 22.5721061], [113.9319725, 22.5721483], [113.9319807, 22.5728649], [113.9320517, 22.5729321], [113.9322791, 22.5729363], [113.9323157, 22.5729371], [113.9323768, 22.5729382], [113.932744, 22.572945], [113.9327855, 22.5729458], [113.9328316, 22.5729466], [113.9336638, 22.5729548], [113.9337249, 22.5729551], [113.9337237, 22.573398], [113.933723, 22.5735601], [113.9337217, 22.5737248], [113.9337201, 22.5742779], [113.9337194, 22.5743098], [113.9337191, 22.5743806], [113.933553, 22.5743764], [113.9316066, 22.5743472], [113.9306899, 22.5743334], [113.9299967, 22.5743213], [113.9296643, 22.5743166], [113.9292663, 22.574312]]]]}}, {"type": "Feature", "id": "way/402047403", "properties": {"tags": {"addr:housename": "中兴人才公寓", "addr:housename:zh": "中兴人才公寓", "building": "apartments", "building:levels": "42", "name": "5栋A座", "name:zh": "5栋A座"}, "heightStatus": "levels_only_unverified", "source": "OpenStreetMap", "license": "ODbL-1.0"}, "geometry": {"type": "MultiPolygon", "coordinates": [[[[113.9322012, 22.578316], [113.93223, 22.5781872], [113.9322586, 22.5781926], [113.9322616, 22.5781793], [113.9323473, 22.5781957], [113.9323591, 22.5781432], [113.93234, 22.5781396], [113.9323634, 22.5780352], [113.9325544, 22.5780716], [113.932531, 22.578176], [113.932512, 22.5781724], [113.9325002, 22.5782248], [113.932586, 22.5782412], [113.932583, 22.5782545], [113.9326116, 22.57826], [113.9325827, 22.5783889], [113.9324589, 22.5783652], [113.9324529, 22.5783921], [113.9324147, 22.5783848], [113.9324107, 22.5784027], [113.9323531, 22.5783917], [113.9323571, 22.5783738], [113.932319, 22.5783665], [113.932325, 22.5783397], [113.9322012, 22.578316]]]]}}, {"type": "Feature", "id": "way/402047404", "properties": {"tags": {"addr:housename": "中兴人才公寓", "addr:housename:zh": "中兴人才公寓", "building": "apartments", "building:levels": "42", "name": "5栋B座", "name:zh": "5栋B座"}, "heightStatus": "levels_only_unverified", "source": "OpenStreetMap", "license": "ODbL-1.0"}, "geometry": {"type": "MultiPolygon", "coordinates": [[[[113.9325827, 22.5783889], [113.9326116, 22.57826], [113.9326402, 22.5782655], [113.9326431, 22.5782521], [113.9327289, 22.5782685], [113.9327406, 22.578216], [113.9327216, 22.5782124], [113.9327449, 22.578108], [113.932936, 22.5781445], [113.9329126, 22.5782489], [113.9328935, 22.5782452], [113.9328818, 22.5782977], [113.9329675, 22.578314], [113.9329645, 22.5783274], [113.9329931, 22.5783328], [113.9329643, 22.5784617], [113.9328404, 22.5784381], [113.9328344, 22.5784649], [113.9327963, 22.5784576], [113.9327923, 22.5784755], [113.9327347, 22.5784645], [113.9327387, 22.5784466], [113.9327006, 22.5784394], [113.9327066, 22.5784125], [113.9325827, 22.5783889]]]]}}, {"type": "Feature", "id": "way/402047405", "properties": {"tags": {"addr:housename": "中兴人才公寓", "addr:housename:zh": "中兴人才公寓", "building": "apartments", "building:levels": "42", "name": "4栋", "name:zh": "4栋"}, "heightStatus": "levels_only_unverified", "source": "OpenStreetMap", "license": "ODbL-1.0"}, "geometry": {"type": "MultiPolygon", "coordinates": [[[[113.9331899, 22.5784963], [113.9332206, 22.5783678], [113.9332491, 22.5783736], [113.9332522, 22.5783603], [113.9333378, 22.5783777], [113.9333502, 22.5783254], [113.9333312, 22.5783215], [113.9333483, 22.5782501], [113.9334148, 22.5782636], [113.9334185, 22.578248], [113.933476, 22.5782597], [113.9334722, 22.5782753], [113.9335388, 22.5782888], [113.9335217, 22.5783603], [113.9335027, 22.5783564], [113.9334902, 22.5784087], [113.9335757, 22.5784261], [113.9335726, 22.5784394], [113.9336011, 22.5784452], [113.9335704, 22.5785737], [113.9334469, 22.5785486], [113.9334405, 22.5785754], [113.9334025, 22.5785676], [113.9333983, 22.5785855], [113.9333408, 22.5785738], [113.933345, 22.578556], [113.933307, 22.5785482], [113.9333134, 22.5785214], [113.9331899, 22.5784963]]]]}}, {"type": "Feature", "id": "way/402047406", "properties": {"tags": {"addr:housename": "中兴人才公寓", "addr:housename:zh": "中兴人才公寓", "building": "apartments", "building:levels": "42", "name": "3栋B座", "name:zh": "3栋B座"}, "heightStatus": "levels_only_unverified", "source": "OpenStreetMap", "license": "ODbL-1.0"}, "geometry": {"type": "MultiPolygon", "coordinates": [[[[113.9332188, 22.5777524], [113.9332361, 22.5777524], [113.9332359, 22.5776895], [113.9333152, 22.5776893], [113.9333152, 22.5777073], [113.9333732, 22.5777071], [113.933373, 22.5776263], [113.9333878, 22.5776262], [113.9333877, 22.5775992], [113.9335302, 22.5775989], [113.9335305, 22.5777157], [113.9335602, 22.5777156], [113.9335603, 22.5777515], [113.9335801, 22.5777515], [113.9335802, 22.5778058], [113.9335605, 22.5778059], [113.9335606, 22.5778418], [113.9335309, 22.5778419], [113.9335313, 22.5779587], [113.9333887, 22.577959], [113.9333887, 22.5779321], [113.9333739, 22.5779321], [113.9333737, 22.5778513], [113.9333157, 22.5778514], [113.9333157, 22.5778694], [113.9332365, 22.5778696], [113.9332363, 22.5778067], [113.933219, 22.5778068], [113.9332188, 22.5777524]]]]}}, {"type": "Feature", "id": "way/402047407", "properties": {"tags": {"addr:housename": "中兴人才公寓", "addr:housename:zh": "中兴人才公寓", "building": "apartments", "building:levels": "42", "name": "3栋A座", "name:zh": "3栋A座"}, "heightStatus": "levels_only_unverified", "source": "OpenStreetMap", "license": "ODbL-1.0"}, "geometry": {"type": "MultiPolygon", "coordinates": [[[[113.9332178, 22.5773926], [113.9332351, 22.5773926], [113.9332349, 22.5773297], [113.9333142, 22.5773295], [113.9333143, 22.5773474], [113.9333722, 22.5773473], [113.933372, 22.5772664], [113.9333867, 22.5772664], [113.9333867, 22.5772394], [113.9335292, 22.5772391], [113.9335295, 22.5773559], [113.9335592, 22.5773558], [113.9335594, 22.5773917], [113.9335791, 22.5773917], [113.9335793, 22.577446], [113.9335595, 22.577446], [113.9335596, 22.577482], [113.9335298, 22.5774821], [113.9335302, 22.5775989], [113.9333877, 22.5775992], [113.9333876, 22.5775723], [113.9333729, 22.5775723], [113.9333727, 22.5774915], [113.9333147, 22.5774916], [113.9333148, 22.5775096], [113.9332355, 22.5775098], [113.9332353, 22.5774469], [113.933218, 22.577447], [113.9332178, 22.5773926]]]]}}, {"type": "Feature", "id": "way/402047408", "properties": {"tags": {"addr:housename": "中兴人才公寓", "addr:housename:zh": "中兴人才公寓", "building": "apartments", "building:levels": "34", "name": "1栋A座", "name:zh": "1栋A座"}, "heightStatus": "levels_only_unverified", "source": "OpenStreetMap", "license": "ODbL-1.0"}, "geometry": {"type": "MultiPolygon", "coordinates": [[[[113.9328218, 22.575964], [113.9328238, 22.5758326], [113.9329506, 22.5758343], [113.932951, 22.5758072], [113.9329901, 22.5758077], [113.9329903, 22.5757897], [113.9330492, 22.5757904], [113.9330489, 22.5758089], [113.9330877, 22.5758094], [113.9330873, 22.5758373], [113.9332126, 22.5758389], [113.9332106, 22.5759705], [113.9331818, 22.5759701], [113.9331816, 22.5759836], [113.9330938, 22.5759824], [113.933093, 22.5760358], [113.9331122, 22.5760361], [113.9331111, 22.5761092], [113.9330427, 22.5761083], [113.9330425, 22.576124], [113.9329837, 22.5761232], [113.9329839, 22.576107], [113.9329161, 22.5761061], [113.9329172, 22.5760328], [113.9329369, 22.5760331], [113.9329378, 22.5759794], [113.9328504, 22.5759782], [113.9328506, 22.5759644], [113.9328218, 22.575964]]]]}}, {"type": "Feature", "id": "way/402047409", "properties": {"tags": {"addr:housename": "中兴人才公寓", "addr:housename:zh": "中兴人才公寓", "building": "apartments", "building:levels": "34", "name": "1栋B座", "name:zh": "1栋B座"}, "heightStatus": "levels_only_unverified", "source": "OpenStreetMap", "license": "ODbL-1.0"}, "geometry": {"type": "MultiPolygon", "coordinates": [[[[113.9332106, 22.5759705], [113.9332126, 22.5758389], [113.9332415, 22.5758393], [113.9332417, 22.5758257], [113.9333291, 22.5758268], [113.9333299, 22.5757731], [113.9333102, 22.5757729], [113.9333113, 22.5756996], [113.9333792, 22.5757005], [113.9333794, 22.5756843], [113.9334382, 22.575685], [113.933438, 22.5757007], [113.9335063, 22.5757016], [113.9335052, 22.5757747], [113.933486, 22.5757745], [113.9334852, 22.5758279], [113.9335729, 22.575829], [113.9335727, 22.5758424], [113.9336022, 22.5758428], [113.9336002, 22.5759745], [113.9334741, 22.5759729], [113.9334737, 22.5760007], [113.9334349, 22.5760002], [113.9334346, 22.5760186], [113.9333758, 22.5760178], [113.9333761, 22.5759998], [113.9333371, 22.5759993], [113.9333375, 22.5759721], [113.9332106, 22.5759705]]]]}}, {"type": "Feature", "id": "way/402047410", "properties": {"tags": {"addr:housename": "中兴人才公寓", "addr:housename:zh": "中兴人才公寓", "building": "apartments", "building:levels": "42", "name": "2栋B座", "name:zh": "2栋B座"}, "heightStatus": "levels_only_unverified", "source": "OpenStreetMap", "license": "ODbL-1.0"}, "geometry": {"type": "MultiPolygon", "coordinates": [[[[113.9332394, 22.576799], [113.9332567, 22.576799], [113.9332565, 22.5767361], [113.9333358, 22.5767359], [113.9333358, 22.5767539], [113.9333938, 22.5767537], [113.9333936, 22.5766729], [113.9334084, 22.5766728], [113.9334084, 22.5766458], [113.9335508, 22.5766455], [113.9335512, 22.5767623], [113.9335808, 22.5767622], [113.933581, 22.5767981], [113.9336007, 22.5767981], [113.9336009, 22.5768524], [113.9335811, 22.5768525], [113.9335812, 22.5768884], [113.9335515, 22.5768885], [113.9335519, 22.5770053], [113.9334094, 22.5770056], [113.9334093, 22.5769787], [113.9333945, 22.5769787], [113.9333943, 22.5768979], [113.9333363, 22.576898], [113.9333364, 22.576916], [113.9332571, 22.5769162], [113.9332569, 22.5768533], [113.9332396, 22.5768534], [113.9332394, 22.576799]]]]}}, {"type": "Feature", "id": "way/402047411", "properties": {"tags": {"addr:housename": "中兴人才公寓", "addr:housename:zh": "中兴人才公寓", "building": "dormitory", "building:levels": "42", "name": "2栋A座", "name:zh": "2栋A座"}, "heightStatus": "levels_only_unverified", "source": "OpenStreetMap", "license": "ODbL-1.0"}, "geometry": {"type": "MultiPolygon", "coordinates": [[[[113.9332385, 22.5764392], [113.9332558, 22.5764392], [113.9332556, 22.5763763], [113.9333348, 22.5763761], [113.9333349, 22.576394], [113.9333929, 22.5763939], [113.9333926, 22.576313], [113.9334074, 22.576313], [113.9334073, 22.576286], [113.9335498, 22.5762857], [113.9335502, 22.5764024], [113.9335799, 22.5764024], [113.93358, 22.5764383], [113.9335998, 22.5764383], [113.9335999, 22.5764926], [113.9335802, 22.5764926], [113.9335803, 22.5765286], [113.9335505, 22.5765286], [113.9335508, 22.5766455], [113.9334084, 22.5766458], [113.9334083, 22.5766189], [113.9333936, 22.5766189], [113.9333933, 22.5765381], [113.9333353, 22.5765382], [113.9333354, 22.5765562], [113.9332561, 22.5765564], [113.9332559, 22.5764935], [113.9332386, 22.5764936], [113.9332385, 22.5764392]]]]}}, {"type": "Feature", "id": "way/402047412", "properties": {"tags": {"addr:housename": "中兴人才公寓", "addr:housename:zh": "中兴人才公寓", "building": "apartments", "building:levels": "40", "name": "6栋", "name:zh": "6栋"}, "heightStatus": "levels_only_unverified", "source": "OpenStreetMap", "license": "ODbL-1.0"}, "geometry": {"type": "MultiPolygon", "coordinates": [[[[113.9315331, 22.5781282], [113.9316215, 22.5780446], [113.9316002, 22.5780254], [113.9316274, 22.5779997], [113.9316133, 22.577987], [113.9316544, 22.5779481], [113.9316685, 22.5779608], [113.9316957, 22.5779351], [113.931717, 22.5779543], [113.9318053, 22.5778707], [113.9319073, 22.5779627], [113.9318869, 22.5779819], [113.9318975, 22.5779915], [113.9318363, 22.5780493], [113.9318778, 22.5780867], [113.9318914, 22.5780739], [113.9319481, 22.578125], [113.9319005, 22.57817], [113.9319129, 22.5781811], [113.9318718, 22.57822], [113.9318594, 22.5782089], [113.9318119, 22.5782539], [113.9317551, 22.5782027], [113.9317687, 22.5781899], [113.9317272, 22.5781525], [113.9316661, 22.5782103], [113.9316555, 22.5782008], [113.9316351, 22.5782201], [113.9315331, 22.5781282]]]]}}, {"type": "Feature", "id": "way/402047413", "properties": {"tags": {"addr:housename": "中兴人才公寓", "addr:housename:zh": "中兴人才公寓", "building": "apartments", "building:levels": "40", "name": "7栋", "name:zh": "7栋"}, "heightStatus": "levels_only_unverified", "source": "OpenStreetMap", "license": "ODbL-1.0"}, "geometry": {"type": "MultiPolygon", "coordinates": [[[[113.932024, 22.5776626], [113.9321123, 22.577579], [113.9320911, 22.5775598], [113.9321183, 22.5775341], [113.9321041, 22.5775214], [113.9321452, 22.5774825], [113.9321594, 22.5774952], [113.9321865, 22.5774695], [113.9322078, 22.5774887], [113.9322961, 22.5774051], [113.9323981, 22.5774971], [113.9323777, 22.5775163], [113.9323883, 22.5775258], [113.9323271, 22.5775837], [113.9323686, 22.5776211], [113.9323822, 22.5776082], [113.9324389, 22.5776594], [113.9323914, 22.5777044], [113.9324037, 22.5777155], [113.9323626, 22.5777544], [113.9323503, 22.5777432], [113.9323027, 22.5777882], [113.932246, 22.5777371], [113.9322596, 22.5777243], [113.9322181, 22.5776869], [113.9321569, 22.5777447], [113.9321464, 22.5777352], [113.932126, 22.5777545], [113.932024, 22.5776626]]]]}}, {"type": "Feature", "id": "way/402047414", "properties": {"tags": {"addr:housename": "中兴人才公寓", "addr:housename:zh": "中兴人才公寓", "building": "apartments", "building:levels": "40", "name": "8栋", "name:zh": "8栋"}, "heightStatus": "levels_only_unverified", "source": "OpenStreetMap", "license": "ODbL-1.0"}, "geometry": {"type": "MultiPolygon", "coordinates": [[[[113.9325049, 22.5772033], [113.9325932, 22.5771197], [113.9325719, 22.5771005], [113.9325991, 22.5770748], [113.932585, 22.5770621], [113.9326261, 22.5770232], [113.9326402, 22.5770359], [113.9326674, 22.5770102], [113.9326887, 22.5770294], [113.932777, 22.5769458], [113.932879, 22.5770378], [113.9328586, 22.577057], [113.9328692, 22.5770666], [113.932808, 22.5771244], [113.9328495, 22.5771618], [113.9328631, 22.5771489], [113.9329198, 22.5772001], [113.9328722, 22.5772451], [113.9328846, 22.5772562], [113.9328435, 22.5772951], [113.9328311, 22.577284], [113.9327836, 22.5773289], [113.9327269, 22.5772778], [113.9327404, 22.577265], [113.932699, 22.5772276], [113.9326378, 22.5772854], [113.9326272, 22.5772759], [113.9326068, 22.5772952], [113.9325049, 22.5772033]]]]}}, {"type": "Feature", "id": "way/402048676", "properties": {"tags": {"addr:housename": "中兴职工宿舍", "addr:housename:zh": "中兴职工宿舍", "building": "dormitory", "building:levels": "7", "name": "1栋", "name:zh": "1栋"}, "heightStatus": "levels_only_unverified", "source": "OpenStreetMap", "license": "ODbL-1.0"}, "geometry": {"type": "MultiPolygon", "coordinates": [[[[113.9308661, 22.5775545], [113.9308786, 22.5775429], [113.9308699, 22.577524], [113.9308677, 22.5775036], [113.9308721, 22.5774834], [113.9308829, 22.5774654], [113.9310923, 22.5772726], [113.9313278, 22.5774908], [113.9312631, 22.5775503], [113.9311407, 22.5774369], [113.9310041, 22.5775627], [113.9314206, 22.5779485], [113.9313558, 22.5780081], [113.9308661, 22.5775545]]]]}}, {"type": "Feature", "id": "way/402048677", "properties": {"tags": {"addr:housename": "中兴职工宿舍", "addr:housename:zh": "中兴职工宿舍", "building": "dormitory", "building:levels": "7", "name": "2栋", "name:zh": "2栋"}, "heightStatus": "levels_only_unverified", "source": "OpenStreetMap", "license": "ODbL-1.0"}, "geometry": {"type": "MultiPolygon", "coordinates": [[[[113.9313431, 22.5776187], [113.9314077, 22.5775592], [113.931501, 22.5776456], [113.9316376, 22.5775199], [113.9315353, 22.5774251], [113.9316001, 22.5773655], [113.9317756, 22.5775281], [113.9317631, 22.5775396], [113.9317718, 22.5775585], [113.931774, 22.577579], [113.9317696, 22.5775991], [113.9317588, 22.5776171], [113.9315494, 22.5778099], [113.9313431, 22.5776187]]]]}}, {"type": "Feature", "id": "way/402048678", "properties": {"tags": {"addr:housename": "中兴职工宿舍", "addr:housename:zh": "中兴职工宿舍", "building": "dormitory", "building:levels": "7", "name": "3栋", "name:zh": "3栋"}, "heightStatus": "levels_only_unverified", "source": "OpenStreetMap", "license": "ODbL-1.0"}, "geometry": {"type": "MultiPolygon", "coordinates": [[[[113.9312273, 22.5771309], [113.9314368, 22.5769382], [113.9314563, 22.5769283], [113.9314781, 22.5769243], [113.9315003, 22.5769264], [113.9315208, 22.5769345], [113.9315333, 22.576923], [113.9318059, 22.5771755], [113.9317411, 22.5772352], [113.9315417, 22.5770505], [113.9314051, 22.5771762], [113.9315275, 22.5772895], [113.9314628, 22.577349], [113.9312273, 22.5771309]]]]}}, {"type": "Feature", "id": "way/402048679", "properties": {"tags": {"addr:housename": "中兴职工宿舍", "addr:housename:zh": "中兴职工宿舍", "building": "dormitory", "building:levels": "7", "name": "4栋", "name:zh": "4栋"}, "heightStatus": "levels_only_unverified", "source": "OpenStreetMap", "license": "ODbL-1.0"}, "geometry": {"type": "MultiPolygon", "coordinates": [[[[113.9316545, 22.5767988], [113.9316671, 22.5767872], [113.9316584, 22.5767683], [113.9316561, 22.5767478], [113.9316606, 22.5767277], [113.9316713, 22.5767097], [113.9318807, 22.5765169], [113.9321162, 22.5767351], [113.9320515, 22.5767946], [113.9319292, 22.5766812], [113.9317926, 22.576807], [113.9322091, 22.5771928], [113.9321443, 22.5772524], [113.9316545, 22.5767988]]]]}}, {"type": "Feature", "id": "way/402048680", "properties": {"tags": {"addr:housename": "中兴职工宿舍", "addr:housename:zh": "中兴职工宿舍", "building": "dormitory", "building:levels": "7", "name": "5栋", "name:zh": "5栋"}, "heightStatus": "levels_only_unverified", "source": "OpenStreetMap", "license": "ODbL-1.0"}, "geometry": {"type": "MultiPolygon", "coordinates": [[[[113.9321235, 22.5768704], [113.9321882, 22.5768109], [113.9322814, 22.5768972], [113.932418, 22.5767715], [113.9323157, 22.5766768], [113.9323806, 22.5766171], [113.9325561, 22.5767797], [113.9325436, 22.5767913], [113.9325523, 22.5768102], [113.9325545, 22.5768306], [113.93255, 22.5768508], [113.9325393, 22.5768688], [113.9323299, 22.5770615], [113.9321235, 22.5768704]]]]}}, {"type": "Feature", "id": "way/402048681", "properties": {"tags": {"addr:housename": "中兴职工宿舍", "addr:housename:zh": "中兴职工宿舍", "building": "dormitory", "building:levels": "7", "name": "6栋", "name:zh": "6栋"}, "heightStatus": "levels_only_unverified", "source": "OpenStreetMap", "license": "ODbL-1.0"}, "geometry": {"type": "MultiPolygon", "coordinates": [[[[113.9320078, 22.5763826], [113.9322172, 22.5761898], [113.9322368, 22.57618], [113.9322586, 22.5761759], [113.9322808, 22.576178], [113.9323012, 22.5761861], [113.9323138, 22.5761746], [113.9325864, 22.5764272], [113.9325216, 22.5764868], [113.9323222, 22.5763021], [113.9321856, 22.5764278], [113.932308, 22.5765412], [113.9322433, 22.5766007], [113.9320078, 22.5763826]]]]}}, {"type": "Feature", "id": "way/913118152", "properties": {"tags": {"building": "toilets"}, "heightStatus": "unknown", "source": "OpenStreetMap", "license": "ODbL-1.0"}, "geometry": {"type": "MultiPolygon", "coordinates": [[[[113.9286942, 22.5749092], [113.9287367, 22.5747242], [113.9288278, 22.574741], [113.9288369, 22.5746598], [113.9289385, 22.5745603], [113.9290493, 22.5745757], [113.9289825, 22.5749596], [113.9286942, 22.5749092]]]]}}, {"type": "Feature", "id": "way/913118154", "properties": {"tags": {"amenity": "toilets", "building": "yes", "check_date": "2024-03-30"}, "heightStatus": "unknown", "source": "OpenStreetMap", "license": "ODbL-1.0"}, "geometry": {"type": "MultiPolygon", "coordinates": [[[[113.9289403, 22.5778704], [113.9290401, 22.5777773], [113.9290873, 22.5777852], [113.9290444, 22.577917], [113.9290181, 22.5779252], [113.9289403, 22.5778704]]]]}}, {"type": "Feature", "id": "way/913118155", "properties": {"tags": {"building": "yes", "name": "游客服务中心"}, "heightStatus": "unknown", "source": "OpenStreetMap", "license": "ODbL-1.0"}, "geometry": {"type": "MultiPolygon", "coordinates": [[[[113.9291066, 22.5779289], [113.929112, 22.5777307], [113.9291764, 22.5777169], [113.929245, 22.5777832], [113.9292461, 22.5778486], [113.9291474, 22.5779447], [113.9291066, 22.5779289]]]]}}, {"type": "Feature", "id": "way/913118156", "properties": {"tags": {"amenity": "cafe", "building": "yes", "name": "麦子咖啡", "opening_hours": "PH,Mo-Su 10:00-19:00"}, "heightStatus": "unknown", "source": "OpenStreetMap", "license": "ODbL-1.0"}, "geometry": {"type": "MultiPolygon", "coordinates": [[[[113.928298, 22.5785227], [113.9283087, 22.5784751], [113.928559, 22.5784274], [113.9285757, 22.5784639], [113.9284968, 22.5785759], [113.928298, 22.5785227]]]]}}, {"type": "Feature", "id": "way/913118159", "properties": {"tags": {"amenity": "toilets", "building": "yes", "fee": "no"}, "heightStatus": "unknown", "source": "OpenStreetMap", "license": "ODbL-1.0"}, "geometry": {"type": "MultiPolygon", "coordinates": [[[[113.9279063, 22.5767128], [113.9279798, 22.5766921], [113.9280171, 22.5767813], [113.928024, 22.5768909], [113.9279767, 22.5769983], [113.927913, 22.5769665], [113.9279346, 22.5768928], [113.9279299, 22.5767851], [113.9279063, 22.5767128]]]]}}, {"type": "Feature", "id": "way/1081126153", "properties": {"tags": {"building": "apartments", "building:levels": "46", "height": "156.5", "layer": "1", "name": "3栋B座"}, "heightStatus": "height_tag_unverified", "source": "OpenStreetMap", "license": "ODbL-1.0"}, "geometry": {"type": "MultiPolygon", "coordinates": [[[[113.9341498, 22.580778], [113.934151, 22.5806864], [113.9341881, 22.5806868], [113.9341891, 22.5806039], [113.9341521, 22.5806035], [113.9341531, 22.5805206], [113.934577, 22.5805251], [113.9345759, 22.5806082], [113.9345398, 22.5806078], [113.9345387, 22.5806907], [113.9345749, 22.5806911], [113.9345737, 22.5807825], [113.9341498, 22.580778]]]]}}, {"type": "Feature", "id": "way/1081126155", "properties": {"tags": {"building": "commercial", "building:levels": "41", "building:material": "glass", "height": "171.15", "name": "4栋A座"}, "heightStatus": "height_tag_unverified", "source": "OpenStreetMap", "license": "ODbL-1.0"}, "geometry": {"type": "MultiPolygon", "coordinates": [[[[113.9363033, 22.580853], [113.9363039, 22.580706], [113.9363044, 22.5805353], [113.9364603, 22.5805361], [113.9367145, 22.5805365], [113.9367133, 22.5808543], [113.9363033, 22.580853]]]]}}, {"type": "Feature", "id": "way/1081126156", "properties": {"tags": {"building": "commercial", "building:levels": "7", "height": "39.5", "name": "4栋C座"}, "heightStatus": "height_tag_unverified", "source": "OpenStreetMap", "license": "ODbL-1.0"}, "geometry": {"type": "MultiPolygon", "coordinates": [[[[113.9360055, 22.5806056], [113.9361511, 22.5802364], [113.9360383, 22.5801986], [113.9360417, 22.5801099], [113.9361824, 22.580157], [113.9362372, 22.5800183], [113.9366145, 22.5801452], [113.9364603, 22.5805361], [113.9363044, 22.5805353], [113.9363039, 22.580706], [113.9360055, 22.5806056]]]]}}, {"type": "Feature", "id": "way/1081126157", "properties": {"tags": {"building": "commercial", "building:levels": "41", "building:material": "glass", "height": "171.15", "name": "4栋B座"}, "heightStatus": "height_tag_unverified", "source": "OpenStreetMap", "license": "ODbL-1.0"}, "geometry": {"type": "MultiPolygon", "coordinates": [[[[113.9356741, 22.5803949], [113.9356906, 22.579971], [113.9360467, 22.5799828], [113.9360417, 22.5801099], [113.9360383, 22.5801986], [113.9360302, 22.5804067], [113.9356741, 22.5803949]]]]}}, {"type": "Feature", "id": "way/1110477837", "properties": {"tags": {"building": "apartments"}, "heightStatus": "unknown", "source": "OpenStreetMap", "license": "ODbL-1.0"}, "geometry": {"type": "MultiPolygon", "coordinates": [[[[113.9363184, 22.5778107], [113.9363185, 22.5776081], [113.9366062, 22.5776093], [113.9366076, 22.5778132], [113.9363184, 22.5778107]]]]}}, {"type": "Feature", "id": "way/1110477838", "properties": {"tags": {"building": "apartments"}, "heightStatus": "unknown", "source": "OpenStreetMap", "license": "ODbL-1.0"}, "geometry": {"type": "MultiPolygon", "coordinates": [[[[113.935645, 22.5775892], [113.9359579, 22.5775938], [113.9359524, 22.5777889], [113.9356488, 22.5777843], [113.935645, 22.5775892]]]]}}, {"type": "Feature", "id": "way/1110477839", "properties": {"tags": {"building": "apartments"}, "heightStatus": "unknown", "source": "OpenStreetMap", "license": "ODbL-1.0"}, "geometry": {"type": "MultiPolygon", "coordinates": [[[[113.9362787, 22.5768883], [113.9362921, 22.5766731], [113.9366007, 22.5766781], [113.936595, 22.576889], [113.9362787, 22.5768883]]]]}}, {"type": "Feature", "id": "way/1110477840", "properties": {"tags": {"addr:housenumber": "89", "addr:street": "留新一路", "building": "apartments"}, "heightStatus": "unknown", "source": "OpenStreetMap", "license": "ODbL-1.0"}, "geometry": {"type": "MultiPolygon", "coordinates": [[[[113.935679, 22.5768908], [113.9356806, 22.5766576], [113.9360101, 22.5766619], [113.9360101, 22.5768936], [113.935679, 22.5768908]]]]}}, {"type": "Feature", "id": "way/1110477841", "properties": {"tags": {"building": "yes"}, "heightStatus": "unknown", "source": "OpenStreetMap", "license": "ODbL-1.0"}, "geometry": {"type": "MultiPolygon", "coordinates": [[[[113.9364546, 22.5762551], [113.9364875, 22.575768], [113.9367466, 22.5757529], [113.9367109, 22.5762609], [113.9364546, 22.5762551]]]]}}, {"type": "Feature", "id": "way/1110477842", "properties": {"tags": {"building": "yes"}, "heightStatus": "unknown", "source": "OpenStreetMap", "license": "ODbL-1.0"}, "geometry": {"type": "MultiPolygon", "coordinates": [[[[113.9357692, 22.5756495], [113.9367543, 22.5756358], [113.9367466, 22.5757529], [113.9364875, 22.575768], [113.9357737, 22.5757762], [113.9357692, 22.5756495]]]]}}, {"type": "Feature", "id": "way/1110477843", "properties": {"tags": {"building": "yes"}, "heightStatus": "unknown", "source": "OpenStreetMap", "license": "ODbL-1.0"}, "geometry": {"type": "MultiPolygon", "coordinates": [[[[113.935756, 22.576239], [113.9357582, 22.5759983], [113.9362471, 22.5760097], [113.9362388, 22.5762559], [113.935756, 22.576239]]]]}}, {"type": "Feature", "id": "way/1110477845", "properties": {"tags": {"building": "commercial"}, "heightStatus": "unknown", "source": "OpenStreetMap", "license": "ODbL-1.0"}, "geometry": {"type": "MultiPolygon", "coordinates": [[[[113.9348938, 22.5777753], [113.934915, 22.5774403], [113.9353379, 22.5774519], [113.9353292, 22.5777786], [113.9348938, 22.5777753]]]]}}, {"type": "Feature", "id": "way/1110477846", "properties": {"tags": {"building": "commercial"}, "heightStatus": "unknown", "source": "OpenStreetMap", "license": "ODbL-1.0"}, "geometry": {"type": "MultiPolygon", "coordinates": [[[[113.9343443, 22.5777735], [113.9343547, 22.5773037], [113.9347122, 22.5773107], [113.9347038, 22.5777763], [113.9343443, 22.5777735]]]]}}, {"type": "Feature", "id": "way/1110477847", "properties": {"tags": {"building": "commercial", "name": "国际创新谷2A"}, "heightStatus": "unknown", "source": "OpenStreetMap", "license": "ODbL-1.0"}, "geometry": {"type": "MultiPolygon", "coordinates": [[[[113.9343397, 22.5768375], [113.9343472, 22.5765124], [113.9347826, 22.5765169], [113.9347733, 22.5768371], [113.9343397, 22.5768375]]]]}}, {"type": "Feature", "id": "way/1110477848", "properties": {"tags": {"building": "commercial", "layer": "1"}, "heightStatus": "unknown", "source": "OpenStreetMap", "license": "ODbL-1.0"}, "geometry": {"type": "MultiPolygon", "coordinates": [[[[113.9350476, 22.577318], [113.9351081, 22.5764193], [113.9353931, 22.5764319], [113.9353236, 22.5773224], [113.9350476, 22.577318]]]]}}, {"type": "Feature", "id": "way/1110477849", "properties": {"tags": {"building": "commercial"}, "heightStatus": "unknown", "source": "OpenStreetMap", "license": "ODbL-1.0"}, "geometry": {"type": "MultiPolygon", "coordinates": [[[[113.9349883, 22.5757269], [113.9354156, 22.5757221], [113.9354096, 22.5760708], [113.9349884, 22.5760719], [113.9349883, 22.5757269]]]]}}, {"type": "Feature", "id": "way/1110477850", "properties": {"tags": {"building": "commercial"}, "heightStatus": "unknown", "source": "OpenStreetMap", "license": "ODbL-1.0"}, "geometry": {"type": "MultiPolygon", "coordinates": [[[[113.9343879, 22.5761965], [113.9344011, 22.5757217], [113.934724, 22.575717], [113.934709, 22.5761992], [113.9343879, 22.5761965]]]]}}, {"type": "Feature", "id": "way/1110477865", "properties": {"tags": {"building:levels": "37", "building:material": "glass", "building:min_level": "8", "building:part": "yes", "height": "166.5", "min_height": "36", "name": "西翼"}, "heightStatus": "height_tag_unverified", "source": "OpenStreetMap", "license": "ODbL-1.0"}, "geometry": {"type": "MultiPolygon", "coordinates": [[[[113.937138, 22.5806267], [113.9371444, 22.5803279], [113.9372873, 22.5803305], [113.9373197, 22.5803311], [113.9373161, 22.5805019], [113.9373134, 22.5806299], [113.937138, 22.5806267]]]]}}, {"type": "Feature", "id": "way/1110477866", "properties": {"tags": {"building:levels": "43", "building:material": "metal", "building:part": "yes", "height": "193.1"}, "heightStatus": "height_tag_unverified", "source": "OpenStreetMap", "license": "ODbL-1.0"}, "geometry": {"type": "MultiPolygon", "coordinates": [[[[113.9373161, 22.5805019], [113.9373197, 22.5803311], [113.9374599, 22.5803336], [113.9374562, 22.5805045], [113.9373161, 22.5805019]]]]}}, {"type": "Feature", "id": "way/1110477867", "properties": {"tags": {"building:levels": "32", "building:material": "glass", "building:min_level": "6", "building:part": "yes", "height": "144", "min_height": "22.5", "name": "南翼"}, "heightStatus": "height_tag_unverified", "source": "OpenStreetMap", "license": "ODbL-1.0"}, "geometry": {"type": "MultiPolygon", "coordinates": [[[[113.9372496, 22.5801979], [113.9372535, 22.5800161], [113.9375773, 22.580022], [113.9375734, 22.5802038], [113.93729, 22.5801986], [113.9372496, 22.5801979]]]]}}, {"type": "Feature", "id": "way/1110552003", "properties": {"tags": {"building": "apartments"}, "heightStatus": "unknown", "source": "OpenStreetMap", "license": "ODbL-1.0"}, "geometry": {"type": "MultiPolygon", "coordinates": [[[[113.9308764, 22.5747481], [113.931006, 22.5745863], [113.9310557, 22.5746203], [113.9311243, 22.5745346], [113.93129, 22.5746477], [113.9312223, 22.5747324], [113.931292, 22.57478], [113.9311616, 22.5749428], [113.9308764, 22.5747481]]]]}}, {"type": "Feature", "id": "way/1110552004", "properties": {"tags": {"building": "apartments"}, "heightStatus": "unknown", "source": "OpenStreetMap", "license": "ODbL-1.0"}, "geometry": {"type": "MultiPolygon", "coordinates": [[[[113.9312387, 22.5752504], [113.9313682, 22.5750886], [113.9314179, 22.5751226], [113.9314865, 22.5750369], [113.9316522, 22.57515], [113.9315845, 22.5752347], [113.9316542, 22.5752823], [113.9315238, 22.5754451], [113.9312387, 22.5752504]]]]}}, {"type": "Feature", "id": "way/1110552005", "properties": {"tags": {"building": "apartments"}, "heightStatus": "unknown", "source": "OpenStreetMap", "license": "ODbL-1.0"}, "geometry": {"type": "MultiPolygon", "coordinates": [[[[113.9303654, 22.5750881], [113.9304734, 22.5749963], [113.9304092, 22.574932], [113.9306245, 22.5747488], [113.9307481, 22.5748726], [113.9306418, 22.574963], [113.9307024, 22.5750238], [113.9304854, 22.5752084], [113.9303654, 22.5750881]]]]}}, {"type": "Feature", "id": "way/1110552006", "properties": {"tags": {"building": "apartments"}, "heightStatus": "unknown", "source": "OpenStreetMap", "license": "ODbL-1.0"}, "geometry": {"type": "MultiPolygon", "coordinates": [[[[113.930043, 22.5755469], [113.930151, 22.5754551], [113.9300868, 22.5753908], [113.9303022, 22.5752076], [113.9304257, 22.5753314], [113.9303194, 22.5754218], [113.9303801, 22.5754825], [113.930163, 22.5756672], [113.930043, 22.5755469]]]]}}, {"type": "Feature", "id": "way/1110552007", "properties": {"tags": {"building": "apartments"}, "heightStatus": "unknown", "source": "OpenStreetMap", "license": "ODbL-1.0"}, "geometry": {"type": "MultiPolygon", "coordinates": [[[[113.9311435, 22.5758679], [113.9313577, 22.5756759], [113.9314239, 22.5757342], [113.9315302, 22.5756431], [113.931655, 22.5757626], [113.9314393, 22.5759447], [113.9313762, 22.5758821], [113.9312683, 22.5759803], [113.9311435, 22.5758679]]]]}}, {"type": "Feature", "id": "way/1110552008", "properties": {"tags": {"building": "apartments"}, "heightStatus": "unknown", "source": "OpenStreetMap", "license": "ODbL-1.0"}, "geometry": {"type": "MultiPolygon", "coordinates": [[[[113.9308232, 22.5762989], [113.9309376, 22.5761922], [113.9308738, 22.5761339], [113.9310742, 22.5759472], [113.9311974, 22.57606], [113.9310936, 22.5761567], [113.9311589, 22.5762163], [113.9309479, 22.576413], [113.9308232, 22.5762989]]]]}}, {"type": "Feature", "id": "way/1110552009", "properties": {"tags": {"building": "apartments"}, "heightStatus": "unknown", "source": "OpenStreetMap", "license": "ODbL-1.0"}, "geometry": {"type": "MultiPolygon", "coordinates": [[[[113.929851, 22.5758506], [113.9299997, 22.5757624], [113.9300864, 22.5758751], [113.9301589, 22.5758277], [113.9303218, 22.5760663], [113.930166, 22.5761594], [113.9300829, 22.5760418], [113.9300121, 22.5760892], [113.929851, 22.5758506]]]]}}, {"type": "Feature", "id": "way/1110552010", "properties": {"tags": {"building": "apartments"}, "heightStatus": "unknown", "source": "OpenStreetMap", "license": "ODbL-1.0"}, "geometry": {"type": "MultiPolygon", "coordinates": [[[[113.9302757, 22.5762853], [113.9303819, 22.5761545], [113.9306173, 22.5763147], [113.9305624, 22.5763849], [113.9306792, 22.576465], [113.9305766, 22.5766006], [113.930343, 22.5764356], [113.9303961, 22.5763702], [113.9302757, 22.5762853]]]]}}, {"type": "Feature", "id": "way/1110552011", "properties": {"tags": {"building": "apartments"}, "heightStatus": "unknown", "source": "OpenStreetMap", "license": "ODbL-1.0"}, "geometry": {"type": "MultiPolygon", "coordinates": [[[[113.9293423, 22.5750527], [113.9294845, 22.5749312], [113.9294882, 22.5749349], [113.9295485, 22.5748833], [113.9297169, 22.5750514], [113.9296571, 22.5751024], [113.929631, 22.5750763], [113.929617, 22.5750883], [113.9295949, 22.5750662], [113.9295254, 22.5751255], [113.9295475, 22.5751476], [113.9295335, 22.5751596], [113.9295597, 22.5751856], [113.9294999, 22.5752367], [113.9293715, 22.5751085], [113.9293859, 22.5750962], [113.9293423, 22.5750527]]]]}}, {"type": "Feature", "id": "way/1110552012", "properties": {"tags": {"building": "apartments"}, "heightStatus": "unknown", "source": "OpenStreetMap", "license": "ODbL-1.0"}, "geometry": {"type": "MultiPolygon", "coordinates": [[[[113.9294407, 22.5754942], [113.9295829, 22.5753727], [113.9295866, 22.5753764], [113.9296469, 22.5753249], [113.9298153, 22.5754929], [113.9297555, 22.575544], [113.9297294, 22.5755179], [113.9297154, 22.5755298], [113.9296933, 22.5755077], [113.9296238, 22.5755671], [113.9296459, 22.5755892], [113.9296319, 22.5756011], [113.9296581, 22.5756272], [113.9295983, 22.5756782], [113.9294698, 22.57555], [113.9294843, 22.5755377], [113.9294407, 22.5754942]]]]}}, {"type": "Feature", "id": "way/1110552013", "properties": {"tags": {"building": "apartments"}, "heightStatus": "unknown", "source": "OpenStreetMap", "license": "ODbL-1.0"}, "geometry": {"type": "MultiPolygon", "coordinates": [[[[113.9294338, 22.574695], [113.9295172, 22.5746226], [113.9294898, 22.5745957], [113.9294798, 22.5746044], [113.9294343, 22.5745597], [113.9295757, 22.5744369], [113.929622, 22.5744823], [113.9296117, 22.5744912], [113.9296283, 22.5745074], [113.9295975, 22.5745341], [113.9296098, 22.5745462], [113.9295948, 22.5745593], [113.9296162, 22.5745803], [113.9296577, 22.5745815], [113.9296805, 22.5745617], [113.9296664, 22.5745478], [113.9296795, 22.5745364], [113.9296505, 22.574508], [113.9296681, 22.5744928], [113.9296585, 22.5744833], [113.9297076, 22.5744406], [113.9298406, 22.5745712], [113.9297923, 22.5746132], [113.9297829, 22.5746039], [113.9297538, 22.5746292], [113.9298322, 22.5747063], [113.9297892, 22.5747436], [113.9297796, 22.5747342], [113.9297667, 22.5747454], [113.9296906, 22.5746707], [113.9297035, 22.5746595], [113.929682, 22.5746383], [113.9295883, 22.5746357], [113.9295654, 22.5746556], [113.9295775, 22.5746675], [113.9294966, 22.5747378], [113.9294845, 22.5747258], [113.9294742, 22.5747347], [113.9294338, 22.574695]]]]}}, {"type": "Feature", "id": "way/1110552014", "properties": {"tags": {"addr:housename": "中兴人才公寓三期", "addr:housename:zh": "中兴人才公寓三期", "building": "apartments", "building:levels": "37", "name": "3栋B座", "name:zh": "3栋B座"}, "heightStatus": "levels_only_unverified", "source": "OpenStreetMap", "license": "ODbL-1.0"}, "geometry": {"type": "MultiPolygon", "coordinates": [[[[113.9302582, 22.5780563], [113.9302984, 22.5780167], [113.9303261, 22.5780408], [113.9303469, 22.5780203], [113.930319, 22.5779961], [113.9303587, 22.5779571], [113.9304421, 22.5780294], [113.9305085, 22.5779641], [113.9305511, 22.578001], [113.9305371, 22.5780147], [113.9305592, 22.5780339], [113.9305732, 22.5780201], [113.9306158, 22.578057], [113.9305495, 22.5781223], [113.9306329, 22.5781946], [113.9305932, 22.5782337], [113.9305653, 22.5782095], [113.9305445, 22.5782299], [113.9305723, 22.578254], [113.9305321, 22.5782935], [113.9304488, 22.5782214], [113.930383, 22.5782862], [113.9303404, 22.5782493], [113.9303544, 22.5782355], [113.9303323, 22.5782163], [113.9303184, 22.57823], [113.9302759, 22.5781929], [113.9303415, 22.5781284], [113.9302582, 22.5780563]]]]}}, {"type": "Feature", "id": "way/1110552016", "properties": {"tags": {"addr:housename": "中兴人才公寓三期", "addr:housename:zh": "中兴人才公寓三期", "building": "apartments", "building:levels": "38", "name": "2栋A座", "name:zh": "2栋A座"}, "heightStatus": "levels_only_unverified", "source": "OpenStreetMap", "license": "ODbL-1.0"}, "geometry": {"type": "MultiPolygon", "coordinates": [[[[113.9295777, 22.5785751], [113.9296179, 22.5785355], [113.9296456, 22.5785596], [113.9296664, 22.5785391], [113.9296385, 22.5785149], [113.9296782, 22.5784759], [113.9297617, 22.5785483], [113.929828, 22.578483], [113.9298706, 22.5785199], [113.9298566, 22.5785337], [113.9298787, 22.5785529], [113.9298927, 22.5785391], [113.9299352, 22.578576], [113.9298689, 22.5786413], [113.9299523, 22.5787136], [113.9299125, 22.5787527], [113.9298846, 22.5787285], [113.9298638, 22.5787489], [113.9298916, 22.5787729], [113.9298514, 22.5788125], [113.9297681, 22.5787403], [113.9297026, 22.5788047], [113.9296598, 22.578768], [113.9296737, 22.5787543], [113.9296516, 22.5787351], [113.9296376, 22.5787489], [113.929595, 22.578712], [113.9296609, 22.5786472], [113.9295777, 22.5785751]]]]}}, {"type": "Feature", "id": "way/1110552018", "properties": {"tags": {"addr:housename": "中兴人才公寓三期", "addr:housename:zh": "中兴人才公寓三期", "building": "apartments", "building:levels": "39", "name": "4栋", "name:zh": "4栋"}, "heightStatus": "levels_only_unverified", "source": "OpenStreetMap", "license": "ODbL-1.0"}, "geometry": {"type": "MultiPolygon", "coordinates": [[[[113.9298899, 22.5795813], [113.9299898, 22.5794627], [113.930313, 22.5796948], [113.9302131, 22.5798134], [113.9298899, 22.5795813]]]]}}, {"type": "Feature", "id": "way/1110552019", "properties": {"tags": {"addr:housename": "中兴人才公寓三期", "addr:housename:zh": "中兴人才公寓三期", "building": "apartments", "building:levels": "38", "name": "1栋B座", "name:zh": "1栋B座"}, "heightStatus": "levels_only_unverified", "source": "OpenStreetMap", "license": "ODbL-1.0"}, "geometry": {"type": "MultiPolygon", "coordinates": [[[[113.9288612, 22.5793638], [113.9289688, 22.5793279], [113.9289359, 22.5792437], [113.9289908, 22.5792254], [113.9289977, 22.5792432], [113.9290263, 22.5792336], [113.9290193, 22.5792159], [113.9290743, 22.5791976], [113.9291072, 22.5792817], [113.9292148, 22.5792458], [113.9292345, 22.5792962], [113.9291985, 22.5793082], [113.9292088, 22.5793346], [113.9292446, 22.5793227], [113.9292646, 22.5793737], [113.9291572, 22.5794095], [113.9291899, 22.5794931], [113.929135, 22.5795114], [113.929128, 22.5794936], [113.9290995, 22.5795031], [113.9291064, 22.5795208], [113.9290513, 22.5795388], [113.9290188, 22.5794557], [113.9289114, 22.5794915], [113.9288915, 22.5794405], [113.9289272, 22.5794285], [113.9289169, 22.5794022], [113.9288809, 22.5794142], [113.9288612, 22.5793638]]]]}}, {"type": "Feature", "id": "relation/14781210", "properties": {"tags": {"addr:city": "深圳市", "addr:district": "南山区", "addr:housenumber": "55", "addr:province": "广东省", "addr:street": "仙元路", "building": "commercial", "building:levels:underground": "4", "name": "天空之城西塔", "name:en": "Sky City West Tower", "name:zh": "天空之城西塔", "ref": "T1"}, "heightStatus": "unknown", "source": "OpenStreetMap", "license": "ODbL-1.0"}, "geometry": {"type": "MultiPolygon", "coordinates": [[[[113.937138, 22.5806267], [113.9371444, 22.5803279], [113.9372873, 22.5803305], [113.93729, 22.5801986], [113.9372496, 22.5801979], [113.9372535, 22.5800161], [113.9375773, 22.580022], [113.9375734, 22.5802038], [113.9375706, 22.5803356], [113.9377603, 22.580339], [113.9377589, 22.5804224], [113.9377587, 22.5804324], [113.9377567, 22.5805099], [113.937567, 22.5805065], [113.9374562, 22.5805045], [113.9373161, 22.5805019], [113.9373134, 22.5806299], [113.937138, 22.5806267]]]]}}, {"type": "Feature", "id": "way/1151596330", "properties": {"tags": {"building:levels": "32", "building:material": "glass", "building:part": "yes", "height": "144", "name": "南翼"}, "heightStatus": "height_tag_unverified", "source": "OpenStreetMap", "license": "ODbL-1.0"}, "geometry": {"type": "MultiPolygon", "coordinates": [[[[113.9372873, 22.5803305], [113.93729, 22.5801986], [113.9375734, 22.5802038], [113.9375706, 22.5803356], [113.9374599, 22.5803336], [113.9373197, 22.5803311], [113.9372873, 22.5803305]]]]}}, {"type": "Feature", "id": "way/1152627770", "properties": {"tags": {"building": "apartments", "building:levels": "46", "height": "156.5", "layer": "1", "name": "3栋C座"}, "heightStatus": "height_tag_unverified", "source": "OpenStreetMap", "license": "ODbL-1.0"}, "geometry": {"type": "MultiPolygon", "coordinates": [[[[113.9349949, 22.5807913], [113.9349957, 22.5806997], [113.9350328, 22.5807001], [113.9350336, 22.5806172], [113.9349966, 22.5806168], [113.9349973, 22.5805339], [113.9354212, 22.5805374], [113.9354204, 22.5806204], [113.9353843, 22.5806201], [113.9353835, 22.580703], [113.9354196, 22.5807033], [113.9354187, 22.5807948], [113.9349949, 22.5807913]]]]}}, {"type": "Feature", "id": "way/1152627771", "properties": {"tags": {"building": "apartments", "building:levels": "47", "height": "159.5", "layer": "1", "name": "3栋E座"}, "heightStatus": "height_tag_unverified", "source": "OpenStreetMap", "license": "ODbL-1.0"}, "geometry": {"type": "MultiPolygon", "coordinates": [[[[113.9346288, 22.5802252], [113.9346304, 22.5801335], [113.9346481, 22.5801338], [113.9346503, 22.5800063], [113.9346325, 22.580006], [113.9346339, 22.5799232], [113.9349784, 22.5799282], [113.934977, 22.5800113], [113.9349548, 22.580011], [113.9349526, 22.5801385], [113.9349749, 22.5801388], [113.9349733, 22.5802302], [113.9346288, 22.5802252]]]]}}, {"type": "Feature", "id": "way/1152627772", "properties": {"tags": {"building": "apartments", "building:levels": "47", "height": "159.5", "layer": "1", "name": "3栋D座"}, "heightStatus": "height_tag_unverified", "source": "OpenStreetMap", "license": "ODbL-1.0"}, "geometry": {"type": "MultiPolygon", "coordinates": [[[[113.933775, 22.5802169], [113.9337765, 22.5801247], [113.9337941, 22.5801249], [113.9337962, 22.5799973], [113.9338377, 22.5799978], [113.933839, 22.5799163], [113.9341244, 22.5799201], [113.9341231, 22.5800025], [113.9341009, 22.5800022], [113.9340989, 22.5801301], [113.9341211, 22.5801304], [113.9341197, 22.5802216], [113.933775, 22.5802169]]]]}}, {"type": "Feature", "id": "way/1152627773", "properties": {"tags": {"building": "apartments", "building:levels": "46", "height": "156.5", "layer": "1", "name": "3栋A座"}, "heightStatus": "height_tag_unverified", "source": "OpenStreetMap", "license": "ODbL-1.0"}, "geometry": {"type": "MultiPolygon", "coordinates": [[[[113.9332896, 22.5807666], [113.9332905, 22.5806753], [113.9333276, 22.5806756], [113.9333284, 22.5805927], [113.9334121, 22.5805934], [113.933413, 22.58051], [113.933716, 22.5805126], [113.9337151, 22.5805959], [113.933679, 22.5805956], [113.9336782, 22.5806784], [113.9337143, 22.5806787], [113.9337134, 22.5807702], [113.9332896, 22.5807666]]]]}}, {"type": "Feature", "id": "relation/15577993", "properties": {"tags": {"building": "retail", "building:levels": "3", "height": "20.8"}, "heightStatus": "height_tag_unverified", "source": "OpenStreetMap", "license": "ODbL-1.0"}, "geometry": {"type": "MultiPolygon", "coordinates": [[[[113.9331979, 22.5807773], [113.9338146, 22.5799166], [113.933839, 22.5799163], [113.9341244, 22.5799201], [113.9346339, 22.5799232], [113.9349784, 22.5799282], [113.9354484, 22.5799325], [113.9354344, 22.5808072], [113.9331979, 22.5807773]], [[113.9337182, 22.5802628], [113.9337185, 22.5804002], [113.9337272, 22.5804373], [113.9337492, 22.5804657], [113.933785, 22.5804907], [113.9338172, 22.5805042], [113.9338586, 22.5805124], [113.9341333, 22.5805161], [113.9341325, 22.5802693], [113.9337182, 22.5802628]], [[113.9342394, 22.5805175], [113.9350441, 22.5805282], [113.9350901, 22.5805126], [113.9351348, 22.5804856], [113.9351699, 22.5804498], [113.9351948, 22.5804127], [113.9352138, 22.5803745], [113.9352277, 22.5803248], [113.9352328, 22.5802865], [113.9343659, 22.5802729], [113.9343659, 22.5802917], [113.9342448, 22.5802901], [113.9342394, 22.5805175]]]]}}, {"type": "Feature", "id": "way/1158676426", "properties": {"tags": {"building": "school", "building:levels": "6", "name": "西1栋", "name:en": "Block West 1", "name:zh": "西1栋", "name:zh-Hans": "西1栋", "nohousenumber": "yes", "roof:shape": "flat"}, "heightStatus": "levels_only_unverified", "source": "OpenStreetMap", "license": "ODbL-1.0"}, "geometry": {"type": "MultiPolygon", "coordinates": [[[[113.9306291, 22.5732487], [113.9306301, 22.5731154], [113.9306705, 22.5731156], [113.9312108, 22.5731195], [113.9312105, 22.5731696], [113.9312099, 22.5732522], [113.9307052, 22.5732492], [113.9306713, 22.573249], [113.9306291, 22.5732487]]]]}}, {"type": "Feature", "id": "way/1158676427", "properties": {"tags": {"building": "school", "building:levels": "6", "name": "东1栋", "name:en": "Block East 1", "name:zh": "东1栋", "name:zh-Hans": "东1栋", "nohousenumber": "yes", "roof:shape": "flat"}, "heightStatus": "levels_only_unverified", "source": "OpenStreetMap", "license": "ODbL-1.0"}, "geometry": {"type": "MultiPolygon", "coordinates": [[[[113.9313936, 22.5732562], [113.9313942, 22.5731717], [113.9313945, 22.5731234], [113.9318415, 22.5731261], [113.9319093, 22.5731266], [113.9319084, 22.5732593], [113.9318428, 22.5732589], [113.9318081, 22.5732586], [113.9313936, 22.5732562]]]]}}, {"type": "Feature", "id": "way/1158676428", "properties": {"tags": {"building": "school", "building:levels": "7", "name": "西2栋", "name:en": "Block West 2", "name:zh": "西2栋", "name:zh-Hans": "西2栋", "nohousenumber": "yes", "roof:shape": "flat"}, "heightStatus": "levels_only_unverified", "source": "OpenStreetMap", "license": "ODbL-1.0"}, "geometry": {"type": "MultiPolygon", "coordinates": [[[[113.9305563, 22.5735584], [113.9305581, 22.5734138], [113.9306701, 22.573415], [113.9307056, 22.5734154], [113.9312661, 22.5734214], [113.9312659, 22.5734363], [113.9312649, 22.5735121], [113.9312642, 22.5735661], [113.9306699, 22.5735597], [113.9305563, 22.5735584]]]]}}, {"type": "Feature", "id": "way/1158676429", "properties": {"tags": {"building": "school", "building:levels": "7", "name": "东2栋", "name:en": "Block East 2", "name:zh": "东2栋", "name:zh-Hans": "东2栋", "nohousenumber": "yes", "roof:shape": "flat"}, "heightStatus": "levels_only_unverified", "source": "OpenStreetMap", "license": "ODbL-1.0"}, "geometry": {"type": "MultiPolygon", "coordinates": [[[[113.9313782, 22.5735644], [113.9313784, 22.5735128], [113.9313788, 22.5734374], [113.9313788, 22.573424], [113.9318089, 22.5734259], [113.9318422, 22.573426], [113.9319017, 22.5734263], [113.931901, 22.5735666], [113.9318421, 22.5735663], [113.9313782, 22.5735644]]]]}}, {"type": "Feature", "id": "way/1158676445", "properties": {"tags": {"building": "bridge", "building:levels": "7", "nohousenumber": "yes", "roof:shape": "flat"}, "heightStatus": "levels_only_unverified", "source": "OpenStreetMap", "license": "ODbL-1.0"}, "geometry": {"type": "MultiPolygon", "coordinates": [[[[113.9306701, 22.573415], [113.9306713, 22.573249], [113.9307052, 22.5732492], [113.9307056, 22.5734154], [113.9306701, 22.573415]]]]}}, {"type": "Feature", "id": "way/1158676446", "properties": {"tags": {"building": "bridge", "building:levels": "7", "nohousenumber": "yes", "roof:shape": "flat"}, "heightStatus": "levels_only_unverified", "source": "OpenStreetMap", "license": "ODbL-1.0"}, "geometry": {"type": "MultiPolygon", "coordinates": [[[[113.9318081, 22.5732586], [113.9318428, 22.5732589], [113.9318422, 22.573426], [113.9318089, 22.5734259], [113.9318081, 22.5732586]]]]}}, {"type": "Feature", "id": "way/1158676447", "properties": {"tags": {"building": "school", "building:levels": "7", "nohousenumber": "yes", "roof:levels": "0", "roof:shape": "flat"}, "heightStatus": "levels_only_unverified", "source": "OpenStreetMap", "license": "ODbL-1.0"}, "geometry": {"type": "MultiPolygon", "coordinates": [[[[113.9312649, 22.5735121], [113.9312659, 22.5734363], [113.9313788, 22.5734374], [113.9313784, 22.5735128], [113.9312649, 22.5735121]]]]}}, {"type": "Feature", "id": "way/1158676448", "properties": {"tags": {"building": "school", "nohousenumber": "yes", "roof:levels": "0", "roof:shape": "saltbox"}, "heightStatus": "unknown", "source": "OpenStreetMap", "license": "ODbL-1.0"}, "geometry": {"type": "MultiPolygon", "coordinates": [[[[113.9294469, 22.5735387], [113.9297465, 22.5722717], [113.9298616, 22.5722949], [113.9298489, 22.5723485], [113.9295618, 22.5735618], [113.9294469, 22.5735387]]]]}}, {"type": "Feature", "id": "way/1158676452", "properties": {"tags": {"building": "school", "building:levels": "5", "layer": "1", "name": "北A座", "name:en": "Block North A", "name:zh": "北A座", "name:zh-Hans": "北A座", "nohousenumber": "yes", "roof:shape": "flat"}, "heightStatus": "levels_only_unverified", "source": "OpenStreetMap", "license": "ODbL-1.0"}, "geometry": {"type": "MultiPolygon", "coordinates": [[[[113.9320257, 22.5738856], [113.9320269, 22.573761], [113.9320967, 22.5737614], [113.9321263, 22.5737617], [113.9326093, 22.5737657], [113.9326886, 22.5737664], [113.9326875, 22.5738811], [113.932637, 22.5738807], [113.9326369, 22.5738907], [113.9320257, 22.5738856]]]]}}, {"type": "Feature", "id": "way/1158676453", "properties": {"tags": {"building": "school", "building:levels": "5", "layer": "1", "name": "中A座", "name:en": "Block Middle A", "name:zh": "中A座", "name:zh-Hans": "中A座", "nohousenumber": "yes", "roof:levels": "0", "roof:shape": "flat"}, "heightStatus": "levels_only_unverified", "source": "OpenStreetMap", "license": "ODbL-1.0"}, "geometry": {"type": "MultiPolygon", "coordinates": [[[[113.9320299, 22.5735702], [113.9320312, 22.5734574], [113.9321002, 22.5734575], [113.9321297, 22.5734578], [113.9326123, 22.573463], [113.9326922, 22.5734638], [113.9326909, 22.5735767], [113.9326101, 22.5735762], [113.9321283, 22.573571], [113.9320988, 22.5735707], [113.9320299, 22.5735702]]]]}}, {"type": "Feature", "id": "way/1158676454", "properties": {"tags": {"building": "school", "building:levels": "5", "layer": "1", "name": "南A座", "name:en": "Block South A", "name:zh": "南A座", "name:zh-Hans": "南A座", "nohousenumber": "yes", "roof:shape": "flat"}, "heightStatus": "levels_only_unverified", "source": "OpenStreetMap", "license": "ODbL-1.0"}, "geometry": {"type": "MultiPolygon", "coordinates": [[[[113.9320335, 22.5732664], [113.9320348, 22.5731536], [113.9326958, 22.57316], [113.9326945, 22.5732729], [113.9326131, 22.5732721], [113.9321318, 22.5732668], [113.9321014, 22.5732665], [113.9320335, 22.5732664]]]]}}, {"type": "Feature", "id": "way/1158676455", "properties": {"tags": {"building": "school", "building:levels": "5", "nohousenumber": "yes", "roof:levels": "0", "roof:shape": "flat"}, "heightStatus": "levels_only_unverified", "source": "OpenStreetMap", "license": "ODbL-1.0"}, "geometry": {"type": "MultiPolygon", "coordinates": [[[[113.9326093, 22.5737657], [113.9326101, 22.5735762], [113.9326909, 22.5735767], [113.9326886, 22.5737664], [113.9326093, 22.5737657]]]]}}, {"type": "Feature", "id": "way/1158676456", "properties": {"tags": {"building": "bridge", "building:levels": "5", "layer": "1", "noaddress": "yes", "roof:shape": "flat"}, "heightStatus": "levels_only_unverified", "source": "OpenStreetMap", "license": "ODbL-1.0"}, "geometry": {"type": "MultiPolygon", "coordinates": [[[[113.9320967, 22.5737614], [113.9320988, 22.5735707], [113.9321283, 22.573571], [113.9321263, 22.5737617], [113.9320967, 22.5737614]]]]}}, {"type": "Feature", "id": "way/1158676457", "properties": {"tags": {"building": "bridge", "building:levels": "5", "layer": "1", "nohousenumber": "yes", "roof:shape": "flat"}, "heightStatus": "levels_only_unverified", "source": "OpenStreetMap", "license": "ODbL-1.0"}, "geometry": {"type": "MultiPolygon", "coordinates": [[[[113.9321002, 22.5734575], [113.9321014, 22.5732665], [113.9321318, 22.5732668], [113.9321297, 22.5734578], [113.9321002, 22.5734575]]]]}}, {"type": "Feature", "id": "way/1158676458", "properties": {"tags": {"building": "school", "building:levels": "5", "nohousenumber": "yes", "roof:levels": "0", "roof:shape": "flat"}, "heightStatus": "levels_only_unverified", "source": "OpenStreetMap", "license": "ODbL-1.0"}, "geometry": {"type": "MultiPolygon", "coordinates": [[[[113.9326123, 22.573463], [113.9326131, 22.5732721], [113.9326945, 22.5732729], [113.9326922, 22.5734638], [113.9326123, 22.573463]]]]}}, {"type": "Feature", "id": "relation/16306922", "properties": {"tags": {"addr:city": "深圳市", "addr:district": "南山区", "addr:housenumber": "2", "addr:place": "创科路3号", "addr:postcode": "518055", "addr:province": "广东省", "building": "school", "building:levels": "0", "layer": "1", "name": "教学楼", "name:en": "Teaching Building", "name:zh": "教学楼", "name:zh-Hans": "教学楼", "roof:levels": "0", "roof:shape": "flat"}, "heightStatus": "levels_only_unverified", "source": "OpenStreetMap", "license": "ODbL-1.0"}, "geometry": {"type": "MultiPolygon", "coordinates": [[[[113.9320257, 22.5738856], [113.9320269, 22.573761], [113.9320967, 22.5737614], [113.9320988, 22.5735707], [113.9320299, 22.5735702], [113.9320312, 22.5734574], [113.9321002, 22.5734575], [113.9321014, 22.5732665], [113.9320335, 22.5732664], [113.9320348, 22.5731536], [113.9326958, 22.57316], [113.9326965, 22.5731492], [113.9328332, 22.5731496], [113.9328749, 22.5731497], [113.9328702, 22.5738826], [113.9328288, 22.5738822], [113.9327696, 22.5738817], [113.9327696, 22.5739192], [113.9326873, 22.5739192], [113.9326875, 22.5738811], [113.932637, 22.5738807], [113.9326369, 22.5738907], [113.9320257, 22.5738856]], [[113.9321263, 22.5737617], [113.9326093, 22.5737657], [113.9326886, 22.5737664], [113.9326909, 22.5735767], [113.9326101, 22.5735762], [113.9321283, 22.573571], [113.9321263, 22.5737617]], [[113.9321297, 22.5734578], [113.9326123, 22.573463], [113.9326922, 22.5734638], [113.9326945, 22.5732729], [113.9326131, 22.5732721], [113.9321318, 22.5732668], [113.9321297, 22.5734578]]]]}}, {"type": "Feature", "id": "way/1158676459", "properties": {"tags": {"building": "school", "building:levels": "5", "layer": "1", "name": "采光大厅", "name:en": "Daylighting Hall", "name:zh": "采光大厅", "name:zh-Hans": "采光大厅", "nohousenumber": "yes", "roof:shape": "flat"}, "heightStatus": "levels_only_unverified", "source": "OpenStreetMap", "license": "ODbL-1.0"}, "geometry": {"type": "MultiPolygon", "coordinates": [[[[113.9326873, 22.5739192], [113.9326875, 22.5738811], [113.9326886, 22.5737664], [113.9326909, 22.5735767], [113.9326922, 22.5734638], [113.9326945, 22.5732729], [113.9326958, 22.57316], [113.9326965, 22.5731492], [113.9328332, 22.5731496], [113.9328749, 22.5731497], [113.9328702, 22.5738826], [113.9328288, 22.5738822], [113.9327696, 22.5738817], [113.9327696, 22.5739192], [113.9326873, 22.5739192]]]]}}, {"type": "Feature", "id": "way/1158676460", "properties": {"tags": {"building": "school", "building:levels": "5", "layer": "1", "name": "东A座", "name:en": "Block East A", "name:zh": "东A座", "name:zh-Hans": "东A座", "nohousenumber": "yes", "roof:levels": "0", "roof:shape": "flat"}, "heightStatus": "levels_only_unverified", "source": "OpenStreetMap", "license": "ODbL-1.0"}, "geometry": {"type": "MultiPolygon", "coordinates": [[[[113.93287, 22.5739196], [113.9328702, 22.5738826], [113.9328749, 22.5731497], [113.9329981, 22.5731504], [113.9329958, 22.5735548], [113.9329945, 22.5737666], [113.9329933, 22.5738836], [113.9329931, 22.5739203], [113.93287, 22.5739196]]]]}}, {"type": "Feature", "id": "way/1158676466", "properties": {"tags": {"amenity": "shelter", "building": "yes", "shelter_type": "gazebo"}, "heightStatus": "unknown", "source": "OpenStreetMap", "license": "ODbL-1.0"}, "geometry": {"type": "MultiPolygon", "coordinates": [[[[113.9323661, 22.5741671], [113.9324187, 22.5741662], [113.9324194, 22.5742011], [113.9323668, 22.5742021], [113.9323661, 22.5741671]]]]}}, {"type": "Feature", "id": "way/1158676467", "properties": {"tags": {"building": "school", "building:levels": "5", "layer": "1", "name": "南B座（至美楼）", "name:en": "Block South B (Zhimei Building)", "name:zh": "南B座（至美楼）", "name:zh-Hans": "南B座（至美楼）", "nohousenumber": "yes", "roof:shape": "flat"}, "heightStatus": "levels_only_unverified", "source": "OpenStreetMap", "license": "ODbL-1.0"}, "geometry": {"type": "MultiPolygon", "coordinates": [[[[113.9329933, 22.5738836], [113.9329945, 22.5737666], [113.9335014, 22.5737712], [113.9335001, 22.5738883], [113.9334299, 22.5738876], [113.9333957, 22.5738873], [113.933057, 22.5738842], [113.9330225, 22.5738839], [113.9329933, 22.5738836]]]]}}, {"type": "Feature", "id": "way/1158676468", "properties": {"tags": {"building": "school", "building:levels": "5", "layer": "1", "name": "北B座（允能楼）", "name:en": "Block North B (Yunneng Building)", "name:zh": "北B座（允能楼）", "name:zh-Hans": "北B座（允能楼）", "nohousenumber": "yes", "roof:shape": "flat"}, "heightStatus": "levels_only_unverified", "source": "OpenStreetMap", "license": "ODbL-1.0"}, "geometry": {"type": "MultiPolygon", "coordinates": [[[[113.9329955, 22.5742025], [113.9329968, 22.5740856], [113.933023, 22.5740858], [113.9330559, 22.5740858], [113.9333966, 22.5740891], [113.9334295, 22.5740894], [113.9335037, 22.5740901], [113.9335024, 22.5742072], [113.9334143, 22.5742064], [113.9329955, 22.5742025]]]]}}, {"type": "Feature", "id": "way/1158676469", "properties": {"tags": {"building": "bridge", "building:levels": "5", "layer": "1", "nohousenumber": "yes", "roof:shape": "flat"}, "heightStatus": "levels_only_unverified", "source": "OpenStreetMap", "license": "ODbL-1.0"}, "geometry": {"type": "MultiPolygon", "coordinates": [[[[113.9330225, 22.5738839], [113.933057, 22.5738842], [113.9330559, 22.5740858], [113.933023, 22.5740858], [113.9330225, 22.5738839]]]]}}, {"type": "Feature", "id": "way/1158676470", "properties": {"tags": {"building": "bridge", "building:levels": "5", "nohousenumber": "yes", "roof:shape": "flat"}, "heightStatus": "levels_only_unverified", "source": "OpenStreetMap", "license": "ODbL-1.0"}, "geometry": {"type": "MultiPolygon", "coordinates": [[[[113.9333957, 22.5738873], [113.9334299, 22.5738876], [113.9334295, 22.574082], [113.9334295, 22.5740894], [113.9333966, 22.5740891], [113.9333957, 22.5738873]]]]}}, {"type": "Feature", "id": "relation/16306923", "properties": {"tags": {"addr:city": "深圳市", "addr:district": "南山区", "addr:housenumber": "1", "addr:place": "创科路3号", "addr:postcode": "518055", "addr:province": "广东省", "building": "school", "building:levels": "0", "layer": "1", "name": "综合楼", "name:en": "Complex Building", "name:zh": "综合楼", "name:zh-Hans": "综合楼", "roof:levels": "0", "roof:shape": "flat"}, "heightStatus": "levels_only_unverified", "source": "OpenStreetMap", "license": "ODbL-1.0"}, "geometry": {"type": "MultiPolygon", "coordinates": [[[[113.9329933, 22.5738836], [113.9329945, 22.5737666], [113.9335014, 22.5737712], [113.9335001, 22.5738883], [113.9334299, 22.5738876], [113.9333957, 22.5738873], [113.9333966, 22.5740891], [113.9334295, 22.5740894], [113.9335037, 22.5740901], [113.9335024, 22.5742072], [113.9334143, 22.5742064], [113.9329955, 22.5742025], [113.9329968, 22.5740856], [113.933023, 22.5740858], [113.9330559, 22.5740858], [113.933057, 22.5738842], [113.9330225, 22.5738839], [113.9329933, 22.5738836]]]]}}, {"type": "Feature", "id": "way/1158676471", "properties": {"tags": {"building": "school", "building:levels": "3", "layer": "1", "name": "中B座", "name:en": "Block Middle B", "name:zh": "中B座", "name:zh-Hans": "中B座", "nohousenumber": "yes", "roof:shape": "flat"}, "heightStatus": "levels_only_unverified", "source": "OpenStreetMap", "license": "ODbL-1.0"}, "geometry": {"type": "MultiPolygon", "coordinates": [[[[113.9330225, 22.5738839], [113.933057, 22.5738842], [113.9333957, 22.5738873], [113.9334299, 22.5738876], [113.9334295, 22.574082], [113.9334295, 22.5740894], [113.9333966, 22.5740891], [113.9330559, 22.5740858], [113.933023, 22.5740858], [113.9330225, 22.5738839]]]]}}, {"type": "Feature", "id": "relation/16306924", "properties": {"tags": {"addr:city": "深圳市", "addr:district": "南山区", "addr:housenumber": "3", "addr:place": "创科路3号", "addr:postcode": "518055", "addr:province": "广东省", "building": "school", "building:levels": "0", "layer": "1", "name": "生活楼", "name:en": "Living Building", "name:zh": "生活楼", "name:zh-Hans": "生活楼", "roof:levels": "0", "roof:shape": "flat"}, "heightStatus": "levels_only_unverified", "source": "OpenStreetMap", "license": "ODbL-1.0"}, "geometry": {"type": "MultiPolygon", "coordinates": [[[[113.9305563, 22.5735584], [113.9305581, 22.5734138], [113.9306701, 22.573415], [113.9306699, 22.5735597], [113.9305563, 22.5735584]]], [[[113.9306291, 22.5732487], [113.9306301, 22.5731154], [113.9306705, 22.5731156], [113.9306713, 22.573249], [113.9306291, 22.5732487]]], [[[113.9307052, 22.5732492], [113.9312099, 22.5732522], [113.9312105, 22.5731696], [113.9313018, 22.5731703], [113.9313942, 22.5731717], [113.9313936, 22.5732562], [113.9318081, 22.5732586], [113.9318089, 22.5734259], [113.9313788, 22.573424], [113.9313788, 22.5734374], [113.9312659, 22.5734363], [113.9312661, 22.5734214], [113.9307056, 22.5734154], [113.9307052, 22.5732492]]], [[[113.9312642, 22.5735661], [113.9312649, 22.5735121], [113.9313784, 22.5735128], [113.9313782, 22.5735644], [113.9312642, 22.5735661]]], [[[113.9318415, 22.5731261], [113.9319093, 22.5731266], [113.9319084, 22.5732593], [113.9318428, 22.5732589], [113.9318415, 22.5731261]]], [[[113.9318421, 22.5735663], [113.9318422, 22.573426], [113.9319017, 22.5734263], [113.931901, 22.5735666], [113.9318421, 22.5735663]]]]}}, {"type": "Feature", "id": "way/1158676472", "properties": {"tags": {"building": "school", "building:levels": "1", "name": "食堂", "name:en": "Canteen", "name:zh": "食堂", "name:zh-Hans": "食堂", "nohousenumber": "yes", "roof:shape": "flat"}, "heightStatus": "levels_only_unverified", "source": "OpenStreetMap", "license": "ODbL-1.0"}, "geometry": {"type": "MultiPolygon", "coordinates": [[[[113.9306699, 22.5735597], [113.9306701, 22.573415], [113.9306713, 22.573249], [113.9306705, 22.5731156], [113.9312108, 22.5731195], [113.9312105, 22.5731696], [113.9313018, 22.5731703], [113.9313942, 22.5731717], [113.9313945, 22.5731234], [113.9318415, 22.5731261], [113.9318428, 22.5732589], [113.9318422, 22.573426], [113.9318421, 22.5735663], [113.9313782, 22.5735644], [113.9312642, 22.5735661], [113.9306699, 22.5735597]]]]}}, {"type": "Feature", "id": "way/1158676473", "properties": {"tags": {"building": "school", "building:levels": "3", "layer": "1", "name": "A栋", "nohousenumber": "yes", "roof:levels": "0", "roof:shape": "flat"}, "heightStatus": "levels_only_unverified", "source": "OpenStreetMap", "license": "ODbL-1.0"}, "geometry": {"type": "MultiPolygon", "coordinates": [[[[113.9324141, 22.5722463], [113.9335273, 22.5722142], [113.9335244, 22.572723], [113.933359, 22.5727204], [113.9333561, 22.572786], [113.9329819, 22.5727829], [113.9329821, 22.572836], [113.9324202, 22.5728349], [113.9324194, 22.5727781], [113.9324195, 22.572734], [113.9324141, 22.5722463]]]]}}, {"type": "Feature", "id": "way/1158676483", "properties": {"tags": {"access": "permissive", "amenity": "dressing_room", "building": "yes", "operator": "深圳市第二高级中学", "unisex": "yes", "wheelchair": "yes"}, "heightStatus": "unknown", "source": "OpenStreetMap", "license": "ODbL-1.0"}, "geometry": {"type": "MultiPolygon", "coordinates": [[[[113.9306852, 22.5722177], [113.9309926, 22.5722166], [113.9309929, 22.5722842], [113.9306855, 22.5722851], [113.9306852, 22.5722177]]]]}}, {"type": "Feature", "id": "way/1158683957", "properties": {"tags": {"building": "roof", "building:levels": "2", "layer": "1", "name": "东大门", "name:en": "East Main Gateway", "name:zh": "东大门", "name:zh-Hans": "东大门", "nohousenumber": "yes", "roof:shape": "flat"}, "heightStatus": "levels_only_unverified", "source": "OpenStreetMap", "license": "ODbL-1.0"}, "geometry": {"type": "MultiPolygon", "coordinates": [[[[113.9336931, 22.5736804], [113.9336961, 22.5734352], [113.9337233, 22.5734355], [113.9337499, 22.5734358], [113.9337468, 22.573681], [113.9337227, 22.5736808], [113.9336931, 22.5736804]]]]}}, {"type": "Feature", "id": "way/1206361043", "properties": {"tags": {"building": "school", "building:levels": "3", "layer": "1", "name": "B栋", "nohousenumber": "yes", "roof:levels": "0", "roof:shape": "flat"}, "heightStatus": "levels_only_unverified", "source": "OpenStreetMap", "license": "ODbL-1.0"}, "geometry": {"type": "MultiPolygon", "coordinates": [[[[113.9320571, 22.572348], [113.9320714, 22.5723479], [113.9320711, 22.5722553], [113.9321653, 22.5722551], [113.9321669, 22.572734], [113.9323086, 22.5727338], [113.9323085, 22.5727779], [113.9323088, 22.572836], [113.9320589, 22.5728368], [113.9320571, 22.572348]]]]}}, {"type": "Feature", "id": "way/1208338816", "properties": {"tags": {"building": "school", "building:levels": "7", "name": "教师宿舍"}, "heightStatus": "levels_only_unverified", "source": "OpenStreetMap", "license": "ODbL-1.0"}, "geometry": {"type": "MultiPolygon", "coordinates": [[[[113.9321625, 22.5744616], [113.932562, 22.5744687], [113.9325625, 22.5745609], [113.932263, 22.5746846], [113.9321643, 22.5744904], [113.9321625, 22.5744616]]]]}}, {"type": "Feature", "id": "way/1210330001", "properties": {"tags": {"building": "carport", "building:levels": "1", "height": "3", "nohousenumber": "yes", "roof:shape": "saltbox"}, "heightStatus": "height_tag_unverified", "source": "OpenStreetMap", "license": "ODbL-1.0"}, "geometry": {"type": "MultiPolygon", "coordinates": [[[[113.9306899, 22.5743334], [113.9306907, 22.5742896], [113.9335538, 22.5743321], [113.933553, 22.5743764], [113.9316066, 22.5743472], [113.9306899, 22.5743334]]]]}}, {"type": "Feature", "id": "way/1210330002", "properties": {"tags": {"building": "carport", "building:levels": "1", "height": "3", "layer": "1", "nohousenumber": "yes", "roof:shape": "saltbox"}, "heightStatus": "height_tag_unverified", "source": "OpenStreetMap", "license": "ODbL-1.0"}, "geometry": {"type": "MultiPolygon", "coordinates": [[[[113.9329099, 22.5742725], [113.9329104, 22.5742272], [113.933551, 22.574233], [113.9335505, 22.5742781], [113.9329099, 22.5742725]]]]}}, {"type": "Feature", "id": "way/1210330007", "properties": {"tags": {"building": "bridge", "building:levels": "3", "layer": "1", "nohousenumber": "yes", "roof:levels": "0", "roof:shape": "flat"}, "heightStatus": "levels_only_unverified", "source": "OpenStreetMap", "license": "ODbL-1.0"}, "geometry": {"type": "MultiPolygon", "coordinates": [[[[113.9323085, 22.5727779], [113.9323086, 22.5727338], [113.9324195, 22.572734], [113.9324194, 22.5727781], [113.9323085, 22.5727779]]]]}}, {"type": "Feature", "id": "way/1235562135", "properties": {"tags": {"building": "school", "building:levels": "2"}, "heightStatus": "levels_only_unverified", "source": "OpenStreetMap", "license": "ODbL-1.0"}, "geometry": {"type": "MultiPolygon", "coordinates": [[[[113.9321625, 22.5744616], [113.932562, 22.5744687], [113.9327766, 22.574474], [113.9327793, 22.5745065], [113.932285, 22.5746947], [113.9322681, 22.5746935], [113.932263, 22.5746846], [113.9321643, 22.5744904], [113.9321625, 22.5744616]]]]}}, {"type": "Feature", "id": "way/1235562136", "properties": {"tags": {"addr:housenumber": "1", "addr:place": "打石一路221号", "building": "school", "building:levels": "6", "layer": "1"}, "heightStatus": "levels_only_unverified", "source": "OpenStreetMap", "license": "ODbL-1.0"}, "geometry": {"type": "MultiPolygon", "coordinates": [[[[113.9324255, 22.5748797], [113.9331171, 22.5745958], [113.9332957, 22.5749668], [113.9326041, 22.5752508], [113.9324255, 22.5748797]]]]}}, {"type": "Feature", "id": "relation/16904505", "properties": {"tags": {"building": "school", "building:levels": "5"}, "heightStatus": "levels_only_unverified", "source": "OpenStreetMap", "license": "ODbL-1.0"}, "geometry": {"type": "MultiPolygon", "coordinates": [[[[113.9329239, 22.5749147], [113.9329298, 22.5744836], [113.933664, 22.57449], [113.9336571, 22.5749191], [113.9329239, 22.5749147]], [[113.9331412, 22.5748], [113.9335918, 22.5748025], [113.9335931, 22.5746003], [113.9331425, 22.5745977], [113.9331412, 22.5748]]]]}}, {"type": "Feature", "id": "way/1426622952", "properties": {"tags": {"addr:housename": "中兴人才公寓三期", "addr:housename:zh": "中兴人才公寓三期", "building": "apartments", "building:levels": "38", "name": "3栋A座", "name:zh": "3栋A座"}, "heightStatus": "levels_only_unverified", "source": "OpenStreetMap", "license": "ODbL-1.0"}, "geometry": {"type": "MultiPolygon", "coordinates": [[[[113.9299611, 22.5782289], [113.9300013, 22.5781894], [113.930029, 22.5782134], [113.9300498, 22.578193], [113.9300218, 22.5781688], [113.9300616, 22.5781297], [113.930145, 22.578202], [113.9302114, 22.5781367], [113.9302539, 22.5781736], [113.9302399, 22.5781874], [113.930262, 22.5782066], [113.9302759, 22.5781929], [113.9303184, 22.57823], [113.9302523, 22.5782949], [113.9303358, 22.5783673], [113.9302961, 22.5784063], [113.9302682, 22.5783821], [113.9302474, 22.5784026], [113.9302751, 22.5784266], [113.9302349, 22.5784662], [113.9301375, 22.5783817], [113.9301079, 22.5784108], [113.9300291, 22.5783424], [113.9300585, 22.5783134], [113.9299611, 22.5782289]]]]}}, {"type": "Feature", "id": "way/1426622953", "properties": {"tags": {"addr:housename": "中兴人才公寓三期", "addr:housename:zh": "中兴人才公寓三期", "building": "apartments", "building:levels": "37", "name": "2栋B座", "name:zh": "2栋B座"}, "heightStatus": "levels_only_unverified", "source": "OpenStreetMap", "license": "ODbL-1.0"}, "geometry": {"type": "MultiPolygon", "coordinates": [[[[113.9294098, 22.5788598], [113.92945, 22.5788202], [113.9294777, 22.5788443], [113.9294985, 22.5788238], [113.9294706, 22.5787997], [113.9295103, 22.5787606], [113.9295938, 22.578833], [113.9296598, 22.578768], [113.9297026, 22.5788047], [113.9296887, 22.5788184], [113.9297108, 22.5788376], [113.9297248, 22.5788239], [113.9297673, 22.5788607], [113.929701, 22.578926], [113.9297844, 22.5789983], [113.9297447, 22.5790374], [113.9297167, 22.5790132], [113.929696, 22.5790336], [113.9297237, 22.5790576], [113.9296835, 22.5790972], [113.9296002, 22.579025], [113.9295344, 22.5790897], [113.9294918, 22.5790528], [113.9295058, 22.579039], [113.9294837, 22.5790199], [113.9294697, 22.5790336], [113.9294271, 22.5789967], [113.929493, 22.5789319], [113.9294098, 22.5788598]]]]}}, {"type": "Feature", "id": "way/1426622954", "properties": {"tags": {"addr:housename": "中兴人才公寓三期", "addr:housename:zh": "中兴人才公寓三期", "building": "apartments", "building:levels": "39", "name": "1栋A座", "name:zh": "1栋A座"}, "heightStatus": "levels_only_unverified", "source": "OpenStreetMap", "license": "ODbL-1.0"}, "geometry": {"type": "MultiPolygon", "coordinates": [[[[113.9288931, 22.5796866], [113.9290007, 22.5796508], [113.9289678, 22.5795665], [113.9290227, 22.5795482], [113.9290297, 22.579566], [113.9290582, 22.5795565], [113.9290513, 22.5795388], [113.9291064, 22.5795208], [113.9291391, 22.5796046], [113.9292468, 22.5795687], [113.9292665, 22.5796191], [113.9292305, 22.579631], [113.9292408, 22.5796574], [113.9292766, 22.5796455], [113.9292965, 22.5796965], [113.9291708, 22.5797384], [113.9291855, 22.5797759], [113.9290837, 22.5798098], [113.9290691, 22.5797724], [113.9289433, 22.5798143], [113.9289234, 22.5797633], [113.9289591, 22.5797514], [113.9289488, 22.579725], [113.9289128, 22.579737], [113.9288931, 22.5796866]]]]}}, {"type": "Feature", "id": "way/1426622955", "properties": {"tags": {"building": "school", "building:levels": "3"}, "heightStatus": "levels_only_unverified", "source": "OpenStreetMap", "license": "ODbL-1.0"}, "geometry": {"type": "MultiPolygon", "coordinates": [[[[113.9307203, 22.5785755], [113.9309358, 22.5784713], [113.9309646, 22.578522], [113.930987, 22.5785112], [113.93093, 22.5784107], [113.9311449, 22.5783067], [113.931184, 22.5783755], [113.9312223, 22.5783569], [113.9312074, 22.5783308], [113.9313018, 22.5782852], [113.9313938, 22.5784473], [113.9308083, 22.5787305], [113.9307203, 22.5785755]]]]}}, {"type": "Feature", "id": "way/1486481257", "properties": {"tags": {"building": "yes", "building:levels": "4", "building:material": "glass", "height": "23"}, "heightStatus": "height_tag_unverified", "source": "OpenStreetMap", "license": "ODbL-1.0"}, "geometry": {"type": "MultiPolygon", "coordinates": [[[[113.9362136, 22.5734729], [113.9362177, 22.5733622], [113.9367051, 22.5733683], [113.9366998, 22.5736669], [113.9363685, 22.5736596], [113.9362585, 22.5736574], [113.9362626, 22.5735014], [113.9362136, 22.5734729]]]]}}, {"type": "Feature", "id": "way/1486481258", "properties": {"tags": {"building": "yes"}, "heightStatus": "unknown", "source": "OpenStreetMap", "license": "ODbL-1.0"}, "geometry": {"type": "MultiPolygon", "coordinates": [[[[113.9364061, 22.572512], [113.936415, 22.5721499], [113.9368844, 22.5721598], [113.9368755, 22.5725219], [113.9364061, 22.572512]]]]}}, {"type": "Feature", "id": "way/1486481259", "properties": {"tags": {"building": "yes", "building:levels": "3", "building:material": "glass", "height": "15"}, "heightStatus": "height_tag_unverified", "source": "OpenStreetMap", "license": "ODbL-1.0"}, "geometry": {"type": "MultiPolygon", "coordinates": [[[[113.9350674, 22.5736212], [113.935077, 22.5732212], [113.9353652, 22.5732273], [113.9353617, 22.5732369], [113.9353591, 22.5732433], [113.9353563, 22.5732507], [113.9353707, 22.5732805], [113.9353892, 22.5733084], [113.9354115, 22.5733337], [113.9354371, 22.5733562], [113.935455, 22.5733682], [113.9354806, 22.5733249], [113.9355359, 22.5733541], [113.9355113, 22.5733961], [113.9355268, 22.5734017], [113.9355189, 22.5736424], [113.9350801, 22.5736323], [113.9350777, 22.5736319], [113.9350753, 22.5736306], [113.9350734, 22.5736289], [113.9350719, 22.5736274], [113.93507, 22.5736255], [113.9350684, 22.5736234], [113.9350674, 22.5736212]]]]}}, {"type": "Feature", "id": "way/1486481260", "properties": {"tags": {"building": "yes", "building:levels": "3", "building:material": "glass", "height": "15"}, "heightStatus": "height_tag_unverified", "source": "OpenStreetMap", "license": "ODbL-1.0"}, "geometry": {"type": "MultiPolygon", "coordinates": [[[[113.9350447, 22.5729914], [113.9350483, 22.5728603], [113.9351017, 22.5728615], [113.935104, 22.5727764], [113.9350704, 22.5727757], [113.9350729, 22.5726851], [113.9355393, 22.572696], [113.9355317, 22.5729739], [113.9354016, 22.5729708], [113.9354008, 22.5729997], [113.9350447, 22.5729914]]]]}}, {"type": "Feature", "id": "way/1486481261", "properties": {"tags": {"building": "yes", "building:levels": "5", "building:material": "glass", "building:min_levels": "3", "height": "27.75", "min_height": "15"}, "heightStatus": "height_tag_unverified", "source": "OpenStreetMap", "license": "ODbL-1.0"}, "geometry": {"type": "MultiPolygon", "coordinates": [[[[113.935647, 22.5736454], [113.9356514, 22.5734625], [113.9356707, 22.5734598], [113.9356909, 22.5734561], [113.9357108, 22.5734512], [113.9357303, 22.5734451], [113.9357493, 22.5734378], [113.9357678, 22.5734295], [113.9357857, 22.57342], [113.9358028, 22.5734095], [113.9358192, 22.573398], [113.9358348, 22.5733856], [113.9358495, 22.5733722], [113.9358632, 22.573358], [113.9358759, 22.573343], [113.9358875, 22.5733273], [113.935898, 22.573311], [113.9359073, 22.573294], [113.9359154, 22.5732765], [113.9359223, 22.5732586], [113.9359279, 22.5732403], [113.9359322, 22.5732217], [113.9359352, 22.5732029], [113.9359369, 22.573184], [113.9359373, 22.573165], [113.9359364, 22.573146], [113.9359341, 22.5731271], [113.9359305, 22.5731083], [113.9359256, 22.5730899], [113.9360594, 22.5730939], [113.936063, 22.5729878], [113.9361456, 22.5729903], [113.9361362, 22.5733601], [113.9362177, 22.5733622], [113.9362136, 22.5734729], [113.9362626, 22.5735014], [113.9362585, 22.5736574], [113.935647, 22.5736454]]]]}}, {"type": "Feature", "id": "way/1486481263", "properties": {"tags": {"building": "yes", "building:levels": "2", "building:material": "glass", "height": "12"}, "heightStatus": "height_tag_unverified", "source": "OpenStreetMap", "license": "ODbL-1.0"}, "geometry": {"type": "MultiPolygon", "coordinates": [[[[113.9357657, 22.5729497], [113.935771, 22.5727183], [113.9363795, 22.572729], [113.936856, 22.5727374], [113.93685, 22.5729843], [113.9363733, 22.5729769], [113.9357918, 22.572968], [113.9357657, 22.5729497]]]]}}, {"type": "Feature", "id": "way/1486481264", "properties": {"tags": {"building": "yes", "building:levels": "5", "building:material": "glass", "height": "22.5"}, "heightStatus": "height_tag_unverified", "source": "OpenStreetMap", "license": "ODbL-1.0"}, "geometry": {"type": "MultiPolygon", "coordinates": [[[[113.9371182, 22.5729713], [113.9371243, 22.5727429], [113.9376033, 22.5727505], [113.9375963, 22.5730069], [113.9371645, 22.5730017], [113.9371182, 22.5729713]]]]}}, {"type": "Feature", "id": "way/1486481265", "properties": {"tags": {"building": "yes", "height": "45.75"}, "heightStatus": "height_tag_unverified", "source": "OpenStreetMap", "license": "ODbL-1.0"}, "geometry": {"type": "MultiPolygon", "coordinates": [[[[113.9364951, 22.5735818], [113.9364963, 22.5734617], [113.9366684, 22.5734631], [113.9366673, 22.5735832], [113.9364951, 22.5735818]]]]}}, {"type": "Feature", "id": "way/1486481266", "properties": {"tags": {"building": "yes", "height": "45.75"}, "heightStatus": "height_tag_unverified", "source": "OpenStreetMap", "license": "ODbL-1.0"}, "geometry": {"type": "MultiPolygon", "coordinates": [[[[113.9365005, 22.5729119], [113.9365016, 22.5727918], [113.9366738, 22.5727932], [113.9366726, 22.5729133], [113.9365005, 22.5729119]]]]}}, {"type": "Feature", "id": "way/1486481267", "properties": {"tags": {"building": "yes", "height": "45.75"}, "heightStatus": "height_tag_unverified", "source": "OpenStreetMap", "license": "ODbL-1.0"}, "geometry": {"type": "MultiPolygon", "coordinates": [[[[113.9372488, 22.5729255], [113.93725, 22.5728054], [113.9374221, 22.5728068], [113.937421, 22.5729269], [113.9372488, 22.5729255]]]]}}, {"type": "Feature", "id": "way/1486481272", "properties": {"tags": {"building": "yes", "height": "53.9"}, "heightStatus": "height_tag_unverified", "source": "OpenStreetMap", "license": "ODbL-1.0"}, "geometry": {"type": "MultiPolygon", "coordinates": [[[[113.9373199, 22.5735769], [113.937321, 22.5734568], [113.9374932, 22.5734582], [113.937492, 22.5735783], [113.9373199, 22.5735769]]]]}}, {"type": "Feature", "id": "way/1486481274", "properties": {"tags": {"building": "yes", "height": "53.9"}, "heightStatus": "height_tag_unverified", "source": "OpenStreetMap", "license": "ODbL-1.0"}, "geometry": {"type": "MultiPolygon", "coordinates": [[[[113.9373103, 22.5740413], [113.9373114, 22.5739212], [113.9374836, 22.5739226], [113.9374824, 22.5740427], [113.9373103, 22.5740413]]]]}}, {"type": "Feature", "id": "way/1486481275", "properties": {"tags": {"building": "yes", "building:levels": "2", "height": "10"}, "heightStatus": "height_tag_unverified", "source": "OpenStreetMap", "license": "ODbL-1.0"}, "geometry": {"type": "MultiPolygon", "coordinates": [[[[113.9349842, 22.574136], [113.9349924, 22.5738341], [113.9350531, 22.5738355], [113.9350547, 22.573777], [113.9351302, 22.5737787], [113.9355195, 22.5737878], [113.9355162, 22.5739095], [113.9355115, 22.5740813], [113.9355082, 22.5742038], [113.9351189, 22.5741947], [113.9350453, 22.574193], [113.9350468, 22.5741374], [113.9349842, 22.574136]]]]}}, {"type": "Feature", "id": "way/1486481280", "properties": {"tags": {"building": "yes", "building:levels": "7", "building:min_levels": "6", "height": "36.1", "min_height": "31.76"}, "heightStatus": "height_tag_unverified", "source": "OpenStreetMap", "license": "ODbL-1.0"}, "geometry": {"type": "MultiPolygon", "coordinates": [[[[113.9357561, 22.5728838], [113.9357609, 22.572718], [113.935771, 22.5727183], [113.9359871, 22.5727236], [113.9359859, 22.5727651], [113.9360065, 22.5727656], [113.936006, 22.5727856], [113.9360584, 22.5727869], [113.9360554, 22.5728912], [113.9357561, 22.5728838]]]]}}, {"type": "Feature", "id": "way/1486481281", "properties": {"tags": {"building": "yes", "building:levels": "6", "building:min_levels": "5", "height": "31.75", "min_height": "27.75"}, "heightStatus": "height_tag_unverified", "source": "OpenStreetMap", "license": "ODbL-1.0"}, "geometry": {"type": "MultiPolygon", "coordinates": [[[[113.9358877, 22.5735573], [113.9358905, 22.5734518], [113.936042, 22.5734551], [113.9360392, 22.5735607], [113.9358877, 22.5735573]]]]}}, {"type": "Feature", "id": "way/1486481282", "properties": {"tags": {"building": "yes", "building:levels": "7", "building:min_levels": "6", "height": "34.75", "min_height": "31.76"}, "heightStatus": "height_tag_unverified", "source": "OpenStreetMap", "license": "ODbL-1.0"}, "geometry": {"type": "MultiPolygon", "coordinates": [[[[113.9351057, 22.5734412], [113.9351077, 22.5733733], [113.9352481, 22.5733766], [113.9352469, 22.5734198], [113.9354856, 22.5734255], [113.9354838, 22.5734887], [113.9355083, 22.5734893], [113.9355048, 22.5736127], [113.9353939, 22.57361], [113.9353952, 22.5735661], [113.9353211, 22.5735643], [113.9353198, 22.5736088], [113.9351598, 22.5736049], [113.935163, 22.5734916], [113.935223, 22.573493], [113.9352244, 22.573444], [113.9351057, 22.5734412]]]]}}, {"type": "Feature", "id": "way/1486481283", "properties": {"tags": {"building": "yes", "building:levels": "7", "building:min_levels": "6", "height": "35.7", "min_height": "31.76"}, "heightStatus": "height_tag_unverified", "source": "OpenStreetMap", "license": "ODbL-1.0"}, "geometry": {"type": "MultiPolygon", "coordinates": [[[[113.9351336, 22.5729334], [113.9351366, 22.5728324], [113.9352392, 22.572835], [113.935241, 22.5727747], [113.9351685, 22.5727728], [113.9351705, 22.5727057], [113.935343, 22.5727101], [113.9353417, 22.5727523], [113.9354156, 22.5727542], [113.9354169, 22.5727105], [113.9355272, 22.5727133], [113.9355236, 22.5728358], [113.9354118, 22.572833], [113.9354099, 22.5728969], [113.9352602, 22.5728931], [113.9352589, 22.5729366], [113.9351336, 22.5729334]]]]}}, {"type": "Feature", "id": "relation/20298270", "properties": {"tags": {"building": "yes", "building:levels": "6", "building:material": "glass", "building:min_level": "3", "building:min_levels": "3", "height": "31.76", "min_height": "15"}, "heightStatus": "height_tag_unverified", "source": "OpenStreetMap", "license": "ODbL-1.0"}, "geometry": {"type": "MultiPolygon", "coordinates": [[[[113.9350674, 22.5736212], [113.935077, 22.5732212], [113.9350899, 22.5726887], [113.9350905, 22.5726855], [113.9350922, 22.5726827], [113.9350945, 22.5726796], [113.9350977, 22.5726768], [113.9351013, 22.572675], [113.9351047, 22.5726745], [113.9360721, 22.5726941], [113.9360716, 22.5727199], [113.9363796, 22.5727275], [113.9363795, 22.572729], [113.936856, 22.5727374], [113.93685, 22.5729843], [113.9367891, 22.5729829], [113.9363733, 22.5729769], [113.9363729, 22.5729954], [113.9361456, 22.5729903], [113.936063, 22.5729878], [113.9360594, 22.5730939], [113.9359256, 22.5730899], [113.9359305, 22.5731083], [113.9359341, 22.5731271], [113.9359364, 22.573146], [113.9359373, 22.573165], [113.9359369, 22.573184], [113.9359352, 22.5732029], [113.9359322, 22.5732217], [113.9359279, 22.5732403], [113.9359223, 22.5732586], [113.9359154, 22.5732765], [113.9359073, 22.573294], [113.935898, 22.573311], [113.9358875, 22.5733273], [113.9358759, 22.573343], [113.9358632, 22.573358], [113.9358495, 22.5733722], [113.9358348, 22.5733856], [113.9358192, 22.573398], [113.9358028, 22.5734095], [113.9357857, 22.57342], [113.9357678, 22.5734295], [113.9357493, 22.5734378], [113.9357303, 22.5734451], [113.9357108, 22.5734512], [113.9356909, 22.5734561], [113.9356707, 22.5734598], [113.9356514, 22.5734625], [113.935647, 22.5736454], [113.9355189, 22.5736424], [113.9350801, 22.5736323], [113.9350777, 22.5736319], [113.9350753, 22.5736306], [113.9350734, 22.5736289], [113.9350719, 22.5736274], [113.93507, 22.5736255], [113.9350684, 22.5736234], [113.9350674, 22.5736212]], [[113.9353563, 22.5732507], [113.9353707, 22.5732805], [113.9353892, 22.5733084], [113.9354115, 22.5733337], [113.9354371, 22.5733562], [113.935455, 22.5733682], [113.9354806, 22.5733249], [113.9355359, 22.5733541], [113.9355113, 22.5733961], [113.9355268, 22.5734017], [113.9355642, 22.5734103], [113.9355993, 22.5734137], [113.9356152, 22.5734132], [113.9356347, 22.5734128], [113.9356527, 22.5734098], [113.9356696, 22.5734077], [113.9357035, 22.5733984], [113.9357358, 22.5733851], [113.9357659, 22.5733681], [113.9357934, 22.5733475], [113.9358177, 22.5733238], [113.9358385, 22.5732974], [113.9358554, 22.5732687], [113.935868, 22.5732383], [113.9358763, 22.5732065], [113.93588, 22.573174], [113.935879, 22.5731414], [113.9358735, 22.5731092], [113.9358669, 22.5730882], [113.9358634, 22.5730779], [113.9358491, 22.573048], [113.9358306, 22.5730202], [113.9358083, 22.5729948], [113.9357827, 22.5729724], [113.9357541, 22.5729532], [113.935723, 22.5729376], [113.93569, 22.5729259], [113.9356556, 22.5729183], [113.9356204, 22.5729149], [113.9355851, 22.5729158], [113.9355502, 22.5729209], [113.9355163, 22.5729302], [113.935484, 22.5729434], [113.9354539, 22.5729605], [113.9354264, 22.5729811], [113.9354021, 22.5730047], [113.9353813, 22.5730312], [113.9353644, 22.5730599], [113.9353606, 22.5730691], [113.9353648, 22.5730795], [113.935368, 22.5730894], [113.9353706, 22.5730991], [113.9353734, 22.573112], [113.935375, 22.5731213], [113.9353766, 22.5731355], [113.9353773, 22.5731498], [113.9353773, 22.5731601], [113.9353764, 22.5731747], [113.935375, 22.5731864], [113.935373, 22.573198], [113.9353705, 22.5732093], [113.935368, 22.5732186], [113.9353652, 22.5732273], [113.9353617, 22.5732369], [113.9353591, 22.5732433], [113.9353563, 22.5732507]]]]}}, {"type": "Feature", "id": "relation/20298269", "properties": {"tags": {"building": "yes", "building:levels": "8", "building:material": "glass", "building:min_levels": "6", "height": "41.75", "min_height": "28"}, "heightStatus": "height_tag_unverified", "source": "OpenStreetMap", "license": "ODbL-1.0"}, "geometry": {"type": "MultiPolygon", "coordinates": [[[[113.9362837, 22.5734089], [113.9362855, 22.573364], [113.936287, 22.5733283], [113.9363481, 22.5733299], [113.9363484, 22.5733225], [113.9363647, 22.5733232], [113.9363729, 22.5729954], [113.9363733, 22.5729769], [113.9363795, 22.572729], [113.9363796, 22.5727275], [113.9363798, 22.5727167], [113.9363801, 22.5727139], [113.9363812, 22.5727113], [113.9363831, 22.5727087], [113.9363849, 22.5727064], [113.9363868, 22.5727045], [113.9363891, 22.5727028], [113.9363918, 22.5727021], [113.9375681, 22.5727272], [113.9375716, 22.5727281], [113.9375739, 22.5727296], [113.937576, 22.5727314], [113.9375783, 22.5727336], [113.9375801, 22.5727358], [113.9375821, 22.5727384], [113.9375836, 22.5727415], [113.9375688, 22.5733443], [113.9374852, 22.5733424], [113.9374867, 22.5733008], [113.93749, 22.5732089], [113.9373532, 22.5732059], [113.9373502, 22.5733394], [113.937225, 22.5733371], [113.9372227, 22.5733376], [113.9372198, 22.5733391], [113.9372172, 22.5733408], [113.9372147, 22.573343], [113.9372122, 22.5733453], [113.9372107, 22.5733483], [113.9372038, 22.5736439], [113.937203, 22.5736779], [113.9366998, 22.5736669], [113.9363685, 22.5736596], [113.9363652, 22.5736578], [113.9363623, 22.573655], [113.9363591, 22.5736511], [113.9363566, 22.5736479], [113.9363623, 22.5734112], [113.9362837, 22.5734089]], [[113.9367779, 22.5734086], [113.9371685, 22.5734174], [113.9371797, 22.5729917], [113.93685, 22.5729843], [113.9367891, 22.5729829], [113.9367779, 22.5734086]]]]}}, {"type": "Feature", "id": "way/1486481287", "properties": {"tags": {"building": "yes", "building:levels": "39", "building:material": "glass", "height": "208.3", "name": "7栋"}, "heightStatus": "height_tag_unverified", "source": "OpenStreetMap", "license": "ODbL-1.0"}, "geometry": {"type": "MultiPolygon", "coordinates": [[[[113.9371403, 22.5725095], [113.9371468, 22.5722376], [113.9371513, 22.5722378], [113.9371523, 22.5722079], [113.9371661, 22.5722083], [113.9371885, 22.5721894], [113.9371891, 22.5721723], [113.9376058, 22.5721818], [113.9376056, 22.5721972], [113.9376261, 22.5722176], [113.9376411, 22.5722182], [113.9376403, 22.572248], [113.937645, 22.5722484], [113.9376378, 22.5725202], [113.9376341, 22.57252], [113.9376329, 22.5725499], [113.9376199, 22.5725495], [113.9375966, 22.5725688], [113.937596, 22.5725852], [113.937179, 22.5725761], [113.9371796, 22.5725613], [113.9371578, 22.5725399], [113.937144, 22.5725394], [113.9371449, 22.5725097], [113.9371403, 22.5725095]]]]}}, {"type": "Feature", "id": "way/1486481288", "properties": {"tags": {"building": "yes", "building:levels": "32", "building:material": "glass", "height": "156.05", "name": "6栋"}, "heightStatus": "height_tag_unverified", "source": "OpenStreetMap", "license": "ODbL-1.0"}, "geometry": {"type": "MultiPolygon", "coordinates": [[[[113.9357862, 22.5725116], [113.9357948, 22.5721793], [113.9358083, 22.5721799], [113.9358305, 22.5721608], [113.9358304, 22.572144], [113.9361908, 22.5721521], [113.9361904, 22.5721676], [113.9362109, 22.5721879], [113.9362265, 22.5721884], [113.9362177, 22.572521], [113.9362037, 22.5725204], [113.9361817, 22.5725397], [113.9361806, 22.5725561], [113.9358212, 22.5725479], [113.9358218, 22.5725336], [113.9358009, 22.5725121], [113.9357862, 22.5725116]]]]}}, {"type": "Feature", "id": "way/1486481289", "properties": {"tags": {"building": "yes", "building:levels": "4", "height": "22.5"}, "heightStatus": "height_tag_unverified", "source": "OpenStreetMap", "license": "ODbL-1.0"}, "geometry": {"type": "MultiPolygon", "coordinates": [[[[113.9350316, 22.5725205], [113.9350318, 22.5725021], [113.9350415, 22.5721683], [113.9350425, 22.5721355], [113.9355715, 22.5721473], [113.935561, 22.5725326], [113.9350316, 22.5725205]]]]}}, {"type": "Feature", "id": "way/1486481290", "properties": {"tags": {"building:levels": "42", "building:material": "glass", "building:min_level": "35", "building:part": "yes", "height": "147.3", "min_height": "124.47"}, "heightStatus": "height_tag_unverified", "source": "OpenStreetMap", "license": "ODbL-1.0"}, "geometry": {"type": "MultiPolygon", "coordinates": [[[[113.9361073, 22.5742135], [113.9361109, 22.5740843], [113.9365538, 22.5740946], [113.9365549, 22.5740551], [113.936549, 22.5740549], [113.9365518, 22.5739555], [113.9365572, 22.5739557], [113.9365577, 22.5739373], [113.9363154, 22.5739317], [113.9363189, 22.5738045], [113.9366838, 22.573813], [113.9366725, 22.5742267], [113.9361073, 22.5742135]]]]}}, {"type": "Feature", "id": "way/1486481291", "properties": {"tags": {"building:levels": "26", "building:material": "glass", "building:min_level": "18", "building:part": "yes", "height": "95.1", "min_height": "69"}, "heightStatus": "height_tag_unverified", "source": "OpenStreetMap", "license": "ODbL-1.0"}, "geometry": {"type": "MultiPolygon", "coordinates": [[[[113.9360273, 22.5742117], [113.9360309, 22.5740825], [113.9360701, 22.5740834], [113.9361109, 22.5740843], [113.9365538, 22.5740946], [113.9365549, 22.5740551], [113.936549, 22.5740549], [113.9365518, 22.5739555], [113.9365572, 22.5739557], [113.9365577, 22.5739373], [113.9363154, 22.5739317], [113.9362754, 22.5739308], [113.9362346, 22.5739298], [113.9362381, 22.5738026], [113.9362788, 22.5738036], [113.9363189, 22.5738045], [113.9366838, 22.573813], [113.9366725, 22.5742267], [113.9361073, 22.5742135], [113.9360665, 22.5742126], [113.9360273, 22.5742117]]]]}}, {"type": "Feature", "id": "way/1486481292", "properties": {"tags": {"building:levels": "18", "building:material": "glass", "building:min_level": "9", "building:part": "yes", "height": "69", "min_height": "39.65"}, "heightStatus": "height_tag_unverified", "source": "OpenStreetMap", "license": "ODbL-1.0"}, "geometry": {"type": "MultiPolygon", "coordinates": [[[[113.9359859, 22.5742107], [113.9359894, 22.5740815], [113.9360309, 22.5740825], [113.9360701, 22.5740834], [113.9361109, 22.5740843], [113.9365538, 22.5740946], [113.9365549, 22.5740551], [113.936549, 22.5740549], [113.9365518, 22.5739555], [113.9365572, 22.5739557], [113.9365577, 22.5739373], [113.9363154, 22.5739317], [113.9362754, 22.5739308], [113.9362346, 22.5739298], [113.9361945, 22.5739289], [113.9361979, 22.5738017], [113.9362381, 22.5738026], [113.9362788, 22.5738036], [113.9363189, 22.5738045], [113.9366838, 22.573813], [113.9366725, 22.5742267], [113.9361073, 22.5742135], [113.9360665, 22.5742126], [113.9360273, 22.5742117], [113.9359859, 22.5742107]]]]}}, {"type": "Feature", "id": "way/1486481293", "properties": {"tags": {"building:levels": "35", "building:material": "glass", "building:min_level": "26", "building:part": "yes", "height": "124.47", "min_height": "95.1"}, "heightStatus": "height_tag_unverified", "source": "OpenStreetMap", "license": "ODbL-1.0"}, "geometry": {"type": "MultiPolygon", "coordinates": [[[[113.9360665, 22.5742126], [113.9360701, 22.5740834], [113.9361109, 22.5740843], [113.9365538, 22.5740946], [113.9365549, 22.5740551], [113.936549, 22.5740549], [113.9365518, 22.5739555], [113.9365572, 22.5739557], [113.9365577, 22.5739373], [113.9363154, 22.5739317], [113.9362754, 22.5739308], [113.9362788, 22.5738036], [113.9363189, 22.5738045], [113.9366838, 22.573813], [113.9366725, 22.5742267], [113.9361073, 22.5742135], [113.9360665, 22.5742126]]]]}}, {"type": "Feature", "id": "relation/20298271", "properties": {"tags": {"building:levels": "9", "building:material": "glass", "building:part": "yes", "height": "39.65", "operator": "2栋"}, "heightStatus": "height_tag_unverified", "source": "OpenStreetMap", "license": "ODbL-1.0"}, "geometry": {"type": "MultiPolygon", "coordinates": [[[[113.935903, 22.5742088], [113.9359143, 22.5737951], [113.9361979, 22.5738017], [113.9362381, 22.5738026], [113.9362788, 22.5738036], [113.9363189, 22.5738045], [113.9366838, 22.573813], [113.9366725, 22.5742267], [113.9361073, 22.5742135], [113.9360665, 22.5742126], [113.9360273, 22.5742117], [113.9359859, 22.5742107], [113.935903, 22.5742088]], [[113.9360309, 22.5740825], [113.9360701, 22.5740834], [113.9361109, 22.5740843], [113.9365538, 22.5740946], [113.9365549, 22.5740551], [113.936549, 22.5740549], [113.9365518, 22.5739555], [113.9365572, 22.5739557], [113.9365577, 22.5739373], [113.9363154, 22.5739317], [113.9362754, 22.5739308], [113.9362346, 22.5739298], [113.9361945, 22.5739289], [113.9360517, 22.5739256], [113.9360509, 22.5739573], [113.9360448, 22.5739572], [113.9360419, 22.5740634], [113.9360314, 22.5740632], [113.9360309, 22.5740825]]]]}}, {"type": "Feature", "id": "relation/20298272", "properties": {"tags": {"building": "yes", "building:levels": "8", "building:material": "glass", "building:min_levels": "2", "height": "39.65", "min_height": "10", "name": "1栋2单元"}, "heightStatus": "height_tag_unverified", "source": "OpenStreetMap", "license": "ODbL-1.0"}, "geometry": {"type": "MultiPolygon", "coordinates": [[[[113.9351189, 22.5741947], [113.9351302, 22.5737787], [113.9355195, 22.5737878], [113.9357652, 22.5737935], [113.9357554, 22.5741505], [113.9357538, 22.5742095], [113.9355082, 22.5742038], [113.9351189, 22.5741947]], [[113.9355115, 22.5740813], [113.9357299, 22.5740864], [113.9357346, 22.5739146], [113.9355162, 22.5739095], [113.9355115, 22.5740813]]]]}}, {"type": "Feature", "id": "way/1486481298", "properties": {"tags": {"building": "yes", "building:levels": "42", "building:material": "glass", "height": "196.35", "name": "1栋1单元"}, "heightStatus": "height_tag_unverified", "source": "OpenStreetMap", "license": "ODbL-1.0"}, "geometry": {"type": "MultiPolygon", "coordinates": [[[[113.9344687, 22.5741564], [113.9344781, 22.5737903], [113.9344951, 22.5737901], [113.9344985, 22.5737857], [113.9345075, 22.5737739], [113.9345081, 22.5737564], [113.9348823, 22.5737651], [113.9349642, 22.573767], [113.9349633, 22.5737813], [113.9349756, 22.5738005], [113.9349931, 22.5738012], [113.9349924, 22.5738341], [113.9349842, 22.574136], [113.9349836, 22.5741674], [113.9349675, 22.5741677], [113.9349537, 22.5741854], [113.9349532, 22.5742019], [113.9344972, 22.5741917], [113.9344977, 22.5741761], [113.9344854, 22.5741571], [113.9344687, 22.5741564]]]]}}, {"type": "Feature", "id": "way/1486481299", "properties": {"tags": {"building": "yes", "building:levels": "42", "building:material": "glass", "height": "199.20", "name": "5栋"}, "heightStatus": "height_tag_unverified", "source": "OpenStreetMap", "license": "ODbL-1.0"}, "geometry": {"type": "MultiPolygon", "coordinates": [[[[113.9345379, 22.5724909], [113.9345468, 22.5721587], [113.9345642, 22.5721584], [113.9345857, 22.57214], [113.9345859, 22.5721242], [113.9350026, 22.5721335], [113.9350024, 22.5721485], [113.9350229, 22.5721685], [113.9350415, 22.5721683], [113.9350318, 22.5725021], [113.935016, 22.5725011], [113.9349932, 22.5725209], [113.9349932, 22.5725374], [113.9345758, 22.572527], [113.934576, 22.5725118], [113.934555, 22.5724915], [113.9345379, 22.5724909]]]]}}, {"type": "Feature", "id": "way/1486481300", "properties": {"tags": {"building": "yes", "building:levels": "8", "building:material": "glass", "height": "39.715"}, "heightStatus": "height_tag_unverified", "source": "OpenStreetMap", "license": "ODbL-1.0"}, "geometry": {"type": "MultiPolygon", "coordinates": [[[[113.9345087, 22.5734046], [113.9345137, 22.5732029], [113.9348967, 22.5732115], [113.9348918, 22.573413], [113.9345087, 22.5734046]]]]}}, {"type": "Feature", "id": "way/1486481301", "properties": {"tags": {"building": "yes", "building:levels": "19", "building:material": "glass", "height": "89.95", "name": "1栋1单元"}, "heightStatus": "height_tag_unverified", "source": "OpenStreetMap", "license": "ODbL-1.0"}, "geometry": {"type": "MultiPolygon", "coordinates": [[[[113.9344985, 22.5737857], [113.9345087, 22.5734046], [113.9348918, 22.573413], [113.9348823, 22.5737651], [113.9345081, 22.5737564], [113.9345075, 22.5737739], [113.9344985, 22.5737857]]]]}}]}