{"type": "FeatureCollection", "features": [{"type": "Feature", "id": "way/235290413", "properties": {"tags": {"building": "apartments", "building:levels": "11"}, "heightStatus": "levels_only_unverified", "source": "OpenStreetMap", "license": "ODbL-1.0"}, "geometry": {"type": "MultiPolygon", "coordinates": [[[[113.9326328, 22.5171064], [113.9335672, 22.5168826], [113.9337366, 22.5174861], [113.9329457, 22.5176746], [113.9329168, 22.5175662], [113.9335881, 22.5174054], [113.9334798, 22.5170198], [113.9326605, 22.517216], [113.9326328, 22.5171064]]]]}}, {"type": "Feature", "id": "way/235290531", "properties": {"tags": {"building": "apartments", "building:levels": "11"}, "heightStatus": "levels_only_unverified", "source": "OpenStreetMap", "license": "ODbL-1.0"}, "geometry": {"type": "MultiPolygon", "coordinates": [[[[113.9314966, 22.5173848], [113.9324467, 22.5171565], [113.9324765, 22.5172664], [113.9316451, 22.5174656], [113.9317533, 22.5178511], [113.9324073, 22.5176945], [113.9324407, 22.5178028], [113.931666, 22.5179883], [113.9314966, 22.5173848]]]]}}, {"type": "Feature", "id": "way/249530609", "properties": {"tags": {"building": "apartments", "building:flats": "2", "building:levels": "8", "name": "2栋"}, "heightStatus": "levels_only_unverified", "source": "OpenStreetMap", "license": "ODbL-1.0"}, "geometry": {"type": "MultiPolygon", "coordinates": [[[[113.9285232, 22.5156986], [113.928524, 22.5155896], [113.9291865, 22.5155938], [113.9291857, 22.5157028], [113.9285232, 22.5156986]]]]}}, {"type": "Feature", "id": "way/249530612", "properties": {"tags": {"building": "apartments", "building:flats": "5", "building:levels": "8", "name": "5栋"}, "heightStatus": "levels_only_unverified", "source": "OpenStreetMap", "license": "ODbL-1.0"}, "geometry": {"type": "MultiPolygon", "coordinates": [[[[113.9295451, 22.515969], [113.9295464, 22.5158722], [113.9301965, 22.5158797], [113.9301952, 22.5159764], [113.9295451, 22.515969]]]]}}, {"type": "Feature", "id": "way/249530615", "properties": {"tags": {"building": "apartments", "building:flats": "1", "building:levels": "8", "name": "1栋"}, "heightStatus": "levels_only_unverified", "source": "OpenStreetMap", "license": "ODbL-1.0"}, "geometry": {"type": "MultiPolygon", "coordinates": [[[[113.928519, 22.5153953], [113.9285217, 22.5152802], [113.9291946, 22.5152937], [113.9291919, 22.5154088], [113.928519, 22.5153953]]]]}}, {"type": "Feature", "id": "way/249530618", "properties": {"tags": {"building": "apartments", "building:flats": "6", "building:levels": "8", "name": "6栋"}, "heightStatus": "levels_only_unverified", "source": "OpenStreetMap", "license": "ODbL-1.0"}, "geometry": {"type": "MultiPolygon", "coordinates": [[[[113.9295505, 22.5162158], [113.9295518, 22.5161202], [113.9301907, 22.516128], [113.9301893, 22.5162236], [113.9295505, 22.5162158]]]]}}, {"type": "Feature", "id": "way/249530622", "properties": {"tags": {"building": "apartments", "building:levels": "32", "name": "4栋"}, "heightStatus": "levels_only_unverified", "source": "OpenStreetMap", "license": "ODbL-1.0"}, "geometry": {"type": "MultiPolygon", "coordinates": [[[[113.9285675, 22.516085], [113.9285684, 22.5159853], [113.9286414, 22.5159859], [113.928642, 22.5159136], [113.9288139, 22.5159149], [113.9288133, 22.5159874], [113.9288909, 22.515988], [113.9288899, 22.5160875], [113.9285675, 22.516085]]]]}}, {"type": "Feature", "id": "way/249530624", "properties": {"tags": {"building": "apartments", "building:levels": "32", "name": "6栋"}, "heightStatus": "levels_only_unverified", "source": "OpenStreetMap", "license": "ODbL-1.0"}, "geometry": {"type": "MultiPolygon", "coordinates": [[[[113.9286464, 22.5167192], [113.9287968, 22.516719], [113.9287967, 22.5166687], [113.9289378, 22.5166686], [113.9289379, 22.5167544], [113.9290456, 22.5168571], [113.9289469, 22.5169454], [113.9288556, 22.5168584], [113.9286465, 22.5168586], [113.9286464, 22.5167192]]]]}}, {"type": "Feature", "id": "way/249530626", "properties": {"tags": {"building": "yes", "name": "7栋"}, "heightStatus": "unknown", "source": "OpenStreetMap", "license": "ODbL-1.0"}, "geometry": {"type": "MultiPolygon", "coordinates": [[[[113.9293032, 22.5157155], [113.9293043, 22.5156303], [113.9294351, 22.5156317], [113.929434, 22.5157168], [113.9293032, 22.5157155]]]]}}, {"type": "Feature", "id": "way/249530627", "properties": {"tags": {"building": "apartments", "building:flats": "3", "building:levels": "8", "name": "3栋"}, "heightStatus": "levels_only_unverified", "source": "OpenStreetMap", "license": "ODbL-1.0"}, "geometry": {"type": "MultiPolygon", "coordinates": [[[[113.9295484, 22.5154056], [113.9295493, 22.5153102], [113.9302118, 22.5153156], [113.9302109, 22.515411], [113.9295484, 22.5154056]]]]}}, {"type": "Feature", "id": "way/249530628", "properties": {"tags": {"building": "apartments", "building:levels": "28"}, "heightStatus": "levels_only_unverified", "source": "OpenStreetMap", "license": "ODbL-1.0"}, "geometry": {"type": "MultiPolygon", "coordinates": [[[[113.9279243, 22.5156373], [113.9279256, 22.5155304], [113.928071, 22.5155315], [113.928073, 22.5153479], [113.9279279, 22.515347], [113.9279291, 22.5152495], [113.9283234, 22.5152537], [113.9283215, 22.5154065], [113.9282691, 22.5154065], [113.9282682, 22.5154743], [113.9283206, 22.5154759], [113.9283186, 22.5156415], [113.9279243, 22.5156373]]]]}}, {"type": "Feature", "id": "way/249530630", "properties": {"tags": {"building": "apartments", "building:flats": "4", "building:levels": "8", "name": "4栋"}, "heightStatus": "levels_only_unverified", "source": "OpenStreetMap", "license": "ODbL-1.0"}, "geometry": {"type": "MultiPolygon", "coordinates": [[[[113.9295347, 22.5157181], [113.9295362, 22.5156252], [113.9302041, 22.5156349], [113.9302025, 22.5157278], [113.9295347, 22.5157181]]]]}}, {"type": "Feature", "id": "way/249530632", "properties": {"tags": {"building": "retail"}, "heightStatus": "unknown", "source": "OpenStreetMap", "license": "ODbL-1.0"}, "geometry": {"type": "MultiPolygon", "coordinates": [[[[113.928952, 22.5171386], [113.9292069, 22.5170753], [113.9293183, 22.5169547], [113.9298193, 22.5168393], [113.9299775, 22.5168839], [113.9300849, 22.5168573], [113.9301313, 22.5170172], [113.9289984, 22.5172982], [113.928952, 22.5171386]]]]}}, {"type": "Feature", "id": "way/255635119", "properties": {"tags": {"building": "yes"}, "heightStatus": "unknown", "source": "OpenStreetMap", "license": "ODbL-1.0"}, "geometry": {"type": "MultiPolygon", "coordinates": [[[[113.9279661, 22.5172414], [113.9279673, 22.5171892], [113.9281759, 22.5171918], [113.9281769, 22.5171185], [113.9283447, 22.5172441], [113.9282684, 22.5172611], [113.9283154, 22.5174362], [113.9282614, 22.5174475], [113.9282128, 22.5174138], [113.9281515, 22.5174045], [113.9280964, 22.5173815], [113.9280511, 22.5173372], [113.9280212, 22.5172787], [113.9279661, 22.5172414]]]]}}, {"type": "Feature", "id": "way/255635120", "properties": {"tags": {"building": "apartments", "building:levels": "32", "name": "B座"}, "heightStatus": "levels_only_unverified", "source": "OpenStreetMap", "license": "ODbL-1.0"}, "geometry": {"type": "MultiPolygon", "coordinates": [[[[113.9282684, 22.5172611], [113.9283447, 22.5172441], [113.9283815, 22.5172359], [113.9283931, 22.5171786], [113.928489, 22.5171538], [113.9285346, 22.5172], [113.9286634, 22.5171705], [113.9287105, 22.5173455], [113.9283154, 22.5174362], [113.9282684, 22.5172611]]]]}}, {"type": "Feature", "id": "way/255635121", "properties": {"tags": {"building": "apartments", "building:levels": "32", "name": "A座"}, "heightStatus": "levels_only_unverified", "source": "OpenStreetMap", "license": "ODbL-1.0"}, "geometry": {"type": "MultiPolygon", "coordinates": [[[[113.9279673, 22.5171892], [113.9279728, 22.516815], [113.9281814, 22.5168177], [113.9281796, 22.5169377], [113.9282269, 22.5169734], [113.9282272, 22.5170521], [113.9281775, 22.5170814], [113.9281769, 22.5171185], [113.9281759, 22.5171918], [113.9279673, 22.5171892]]]]}}, {"type": "Feature", "id": "way/255635883", "properties": {"tags": {"building": "apartments", "building:levels": "18", "name": "2栋"}, "heightStatus": "levels_only_unverified", "source": "OpenStreetMap", "license": "ODbL-1.0"}, "geometry": {"type": "MultiPolygon", "coordinates": [[[[113.9293647, 22.5164866], [113.9293674, 22.5163875], [113.9301788, 22.5164061], [113.9301761, 22.5165052], [113.9300688, 22.5165027], [113.9300687, 22.5165368], [113.9299926, 22.5165334], [113.9299937, 22.516501], [113.9298059, 22.5164967], [113.9298044, 22.5165323], [113.9297261, 22.5165294], [113.9297282, 22.5164949], [113.9295457, 22.5164908], [113.9295454, 22.5165235], [113.9294677, 22.5165212], [113.9294682, 22.516489], [113.9293647, 22.5164866]]]]}}, {"type": "Feature", "id": "way/328427342", "properties": {"tags": {"building:levels": "24", "building:material": "glass", "building:part": "yes", "height": "99.75"}, "heightStatus": "height_tag_unverified", "source": "OpenStreetMap", "license": "ODbL-1.0"}, "geometry": {"type": "MultiPolygon", "coordinates": [[[[113.9359947, 22.5141793], [113.9362831, 22.5141084], [113.9364262, 22.5146051], [113.9363953, 22.5146127], [113.9361379, 22.5146761], [113.9359947, 22.5141793]]]]}}, {"type": "Feature", "id": "way/558786345", "properties": {"tags": {"building": "roof", "layer": "1"}, "heightStatus": "unknown", "source": "OpenStreetMap", "license": "ODbL-1.0"}, "geometry": {"type": "MultiPolygon", "coordinates": [[[[113.9308475, 22.5178948], [113.9311436, 22.5178213], [113.9311912, 22.5179847], [113.9309803, 22.5180371], [113.9309864, 22.5180583], [113.9309012, 22.5180795], [113.9308475, 22.5178948]]]]}}, {"type": "Feature", "id": "way/571169595", "properties": {"tags": {"building": "apartments", "building:levels": "51", "building:material": "glass", "height": "196", "name": "T5", "ref": "T5"}, "heightStatus": "height_tag_unverified", "source": "OpenStreetMap", "license": "ODbL-1.0"}, "geometry": {"type": "MultiPolygon", "coordinates": [[[[113.9372166, 22.5098701], [113.9375436, 22.5098692], [113.937544, 22.5100209], [113.9375447, 22.5102156], [113.9372177, 22.5102165], [113.9372166, 22.5098701]]]]}}, {"type": "Feature", "id": "way/571169597", "properties": {"tags": {"building": "apartments", "building:levels": "35", "building:material": "glass", "height": "136", "name": "T6", "ref": "T6"}, "heightStatus": "height_tag_unverified", "source": "OpenStreetMap", "license": "ODbL-1.0"}, "geometry": {"type": "MultiPolygon", "coordinates": [[[[113.9372181, 22.5094028], [113.9374868, 22.5094028], [113.9374869, 22.5096194], [113.937487, 22.5097072], [113.9372181, 22.5097072], [113.9372181, 22.5094028]]]]}}, {"type": "Feature", "id": "way/571169610", "properties": {"tags": {"building": "commercial", "building:levels": "21", "building:material": "glass", "height": "104.1", "name": "T1", "ref": "T1"}, "heightStatus": "height_tag_unverified", "source": "OpenStreetMap", "license": "ODbL-1.0"}, "geometry": {"type": "MultiPolygon", "coordinates": [[[[113.9372032, 22.5116627], [113.9372071, 22.5114408], [113.9375701, 22.5114464], [113.9375661, 22.5116683], [113.9372032, 22.5116627]]]]}}, {"type": "Feature", "id": "way/571169616", "properties": {"tags": {"building": "apartments", "building:levels": "32", "building:material": "glass", "height": "125.4", "name": "T2", "ref": "T2"}, "heightStatus": "height_tag_unverified", "source": "OpenStreetMap", "license": "ODbL-1.0"}, "geometry": {"type": "MultiPolygon", "coordinates": [[[[113.9372087, 22.5112516], [113.9372154, 22.5109033], [113.9374819, 22.5109076], [113.9374753, 22.511256], [113.9372087, 22.5112516]]]]}}, {"type": "Feature", "id": "way/586621902", "properties": {"tags": {"building:levels": "30", "building:material": "glass", "building:part": "yes", "height": "160"}, "heightStatus": "height_tag_unverified", "source": "OpenStreetMap", "license": "ODbL-1.0"}, "geometry": {"type": "MultiPolygon", "coordinates": [[[[113.9351531, 22.51542], [113.9357112, 22.5152836], [113.9357449, 22.515401], [113.9357251, 22.5154058], [113.9357394, 22.5154557], [113.9357592, 22.5154508], [113.9357924, 22.5155662], [113.9352338, 22.5157032], [113.9352006, 22.5155877], [113.935215, 22.5155842], [113.9352021, 22.5155391], [113.9351882, 22.5155425], [113.9351531, 22.51542]]]]}}, {"type": "Feature", "id": "way/586623958", "properties": {"tags": {"building": "yes", "name": "中国钢结构博物馆", "name:en": "China Steel Structure Museum", "name:ru": "Китайский музей стальных конструкций", "official_name": "中国钢结构博物馆", "operator": "中建钢构", "tourism": "museum"}, "heightStatus": "unknown", "source": "OpenStreetMap", "license": "ODbL-1.0"}, "geometry": {"type": "MultiPolygon", "coordinates": [[[[113.9346413, 22.5122517], [113.9346426, 22.5119336], [113.9347196, 22.5119484], [113.9347806, 22.5119641], [113.9348048, 22.5119501], [113.9348372, 22.5119415], [113.9348667, 22.5119416], [113.9348976, 22.5119499], [113.9349274, 22.5119683], [113.9349462, 22.5119894], [113.9349576, 22.5120125], [113.9349628, 22.5120413], [113.9349624, 22.5120529], [113.9350285, 22.5120762], [113.9350997, 22.5120979], [113.9351877, 22.5121155], [113.9352976, 22.5121295], [113.935297, 22.5122541], [113.9346413, 22.5122517]]]]}}, {"type": "Feature", "id": "way/586623959", "properties": {"tags": {"building:levels": "39", "building:part": "yes", "height": "165"}, "heightStatus": "height_tag_unverified", "source": "OpenStreetMap", "license": "ODbL-1.0"}, "geometry": {"type": "MultiPolygon", "coordinates": [[[[113.9355259, 22.5122701], [113.9355319, 22.5118509], [113.9359878, 22.5118565], [113.9359817, 22.5122758], [113.9355259, 22.5122701]]]]}}, {"type": "Feature", "id": "way/595141586", "properties": {"tags": {"addr:housename": "蔚蓝海岸二期", "addr:housename:en": "Weilan Haian Phase 2", "addr:housename:zh": "蔚蓝海岸二期", "building": "apartments", "building:levels": "30", "name": "27栋", "name:en": "Block 27", "name:zh": "27栋"}, "heightStatus": "levels_only_unverified", "source": "OpenStreetMap", "license": "ODbL-1.0"}, "geometry": {"type": "MultiPolygon", "coordinates": [[[[113.9308212, 22.51276], [113.9308249, 22.512681], [113.9308893, 22.5126835], [113.9308932, 22.5125985], [113.9310288, 22.5126039], [113.9310248, 22.5126892], [113.9311017, 22.5126923], [113.931098, 22.512771], [113.9308212, 22.51276]]]]}}, {"type": "Feature", "id": "way/595141588", "properties": {"tags": {"addr:housename": "蔚蓝海岸二期", "addr:housename:en": "Weilan Haian Phase 2", "addr:housename:zh": "蔚蓝海岸二期", "building": "apartments", "building:levels": "30", "name": "28栋", "name:en": "Block 28", "name:zh": "28栋"}, "heightStatus": "levels_only_unverified", "source": "OpenStreetMap", "license": "ODbL-1.0"}, "geometry": {"type": "MultiPolygon", "coordinates": [[[[113.9311192, 22.5127706], [113.9311485, 22.5127007], [113.9312187, 22.5127258], [113.9312554, 22.5126383], [113.9313929, 22.5126874], [113.9313617, 22.5127619], [113.9314366, 22.5127887], [113.9314018, 22.5128717], [113.9311192, 22.5127706]]]]}}, {"type": "Feature", "id": "way/595141591", "properties": {"tags": {"addr:housename": "蔚蓝海岸二期", "addr:housename:en": "Weilan Haian Phase 2", "addr:housename:zh": "蔚蓝海岸二期", "building": "apartments", "building:levels": "30", "name": "18栋", "name:en": "Block 18", "name:zh": "18栋"}, "heightStatus": "levels_only_unverified", "source": "OpenStreetMap", "license": "ODbL-1.0"}, "geometry": {"type": "MultiPolygon", "coordinates": [[[[113.930462, 22.5127619], [113.9305536, 22.5127386], [113.9305284, 22.5126539], [113.9306605, 22.5126204], [113.9306848, 22.5127021], [113.9307757, 22.5126791], [113.9308007, 22.5127634], [113.9304862, 22.5128432], [113.930462, 22.5127619]]]]}}, {"type": "Feature", "id": "way/595141593", "properties": {"tags": {"addr:housename": "蔚蓝海岸二期", "addr:housename:en": "Weilan Haian Phase 2", "addr:housename:zh": "蔚蓝海岸二期", "building": "apartments", "building:levels": "32", "name": "26栋", "name:en": "Block 26", "name:zh": "26栋"}, "heightStatus": "levels_only_unverified", "source": "OpenStreetMap", "license": "ODbL-1.0"}, "geometry": {"type": "MultiPolygon", "coordinates": [[[[113.9317171, 22.5127051], [113.9317926, 22.5126421], [113.9317246, 22.5125726], [113.9317958, 22.5125132], [113.9318658, 22.5125848], [113.9319465, 22.5125175], [113.9320749, 22.5126487], [113.9319894, 22.51272], [113.9320698, 22.5128022], [113.9319984, 22.5128619], [113.9319148, 22.5127764], [113.9318444, 22.5128352], [113.9317171, 22.5127051]]]]}}, {"type": "Feature", "id": "way/595141596", "properties": {"tags": {"addr:housename": "蔚蓝海岸二期", "addr:housename:en": "Weilan Haian Phase 2", "addr:housename:zh": "蔚蓝海岸二期", "building": "apartments", "building:levels": "32", "name": "25栋", "name:en": "Block 25", "name:zh": "25栋"}, "heightStatus": "levels_only_unverified", "source": "OpenStreetMap", "license": "ODbL-1.0"}, "geometry": {"type": "MultiPolygon", "coordinates": [[[[113.9317157, 22.5121261], [113.9318034, 22.5120509], [113.9318981, 22.512145], [113.9319759, 22.5120783], [113.9320937, 22.5121954], [113.9320104, 22.5122669], [113.9320844, 22.5123405], [113.9319957, 22.5124166], [113.9319274, 22.5123488], [113.9318582, 22.5124082], [113.9317171, 22.5122678], [113.9317928, 22.5122028], [113.9317157, 22.5121261]]]]}}, {"type": "Feature", "id": "way/595141598", "properties": {"tags": {"addr:housename": "蔚蓝海岸二期", "addr:housename:en": "Weilan Haian Phase 2", "addr:housename:zh": "蔚蓝海岸二期", "building": "apartments", "building:levels": "30", "name": "17栋", "name:en": "Block 17", "name:zh": "17栋"}, "heightStatus": "levels_only_unverified", "source": "OpenStreetMap", "license": "ODbL-1.0"}, "geometry": {"type": "MultiPolygon", "coordinates": [[[[113.9301694, 22.5128196], [113.9301695, 22.512738], [113.9302315, 22.5127386], [113.9302323, 22.5126545], [113.9303853, 22.5126558], [113.9303845, 22.5127339], [113.9304401, 22.5127343], [113.9304392, 22.5128219], [113.9301694, 22.5128196]]]]}}, {"type": "Feature", "id": "way/595141600", "properties": {"tags": {"addr:housename": "蔚蓝海岸二期", "addr:housename:en": "Weilan Haian Phase 2", "addr:housename:zh": "蔚蓝海岸二期", "building": "apartments", "building:levels": "30", "name": "16栋", "name:en": "Block 16", "name:zh": "16栋"}, "heightStatus": "levels_only_unverified", "source": "OpenStreetMap", "license": "ODbL-1.0"}, "geometry": {"type": "MultiPolygon", "coordinates": [[[[113.9298997, 22.5128174], [113.9299005, 22.5127318], [113.9299752, 22.5127324], [113.9299759, 22.5126584], [113.9301082, 22.5126595], [113.9301075, 22.5127375], [113.9301695, 22.512738], [113.9301694, 22.5128196], [113.9298997, 22.5128174]]]]}}, {"type": "Feature", "id": "way/595141602", "properties": {"tags": {"addr:housename": "蔚蓝海岸二期", "addr:housename:en": "Weilan Haian Phase 2", "addr:housename:zh": "蔚蓝海岸二期", "building": "apartments", "building:levels": "30", "name": "7栋", "name:en": "Block 7", "name:zh": "7栋"}, "heightStatus": "levels_only_unverified", "source": "OpenStreetMap", "license": "ODbL-1.0"}, "geometry": {"type": "MultiPolygon", "coordinates": [[[[113.9294766, 22.5126363], [113.929561, 22.5125778], [113.9296069, 22.5126244], [113.9296697, 22.5125716], [113.9297647, 22.5126679], [113.9296972, 22.5127246], [113.9297519, 22.5127801], [113.9296789, 22.5128415], [113.9294766, 22.5126363]]]]}}, {"type": "Feature", "id": "way/595141605", "properties": {"tags": {"addr:housename": "蔚蓝海岸二期", "addr:housename:en": "Weilan Haian Phase 2", "addr:housename:zh": "蔚蓝海岸二期", "building": "apartments", "building:levels": "30", "name": "6栋", "name:en": "Block 6", "name:zh": "6栋"}, "heightStatus": "levels_only_unverified", "source": "OpenStreetMap", "license": "ODbL-1.0"}, "geometry": {"type": "MultiPolygon", "coordinates": [[[[113.9292719, 22.5124274], [113.9293448, 22.5123732], [113.9293892, 22.5124128], [113.9294653, 22.5123615], [113.9295748, 22.5124743], [113.9295034, 22.5125256], [113.9295478, 22.5125695], [113.9294701, 22.5126223], [113.9292719, 22.5124274]]]]}}, {"type": "Feature", "id": "way/595141607", "properties": {"tags": {"addr:housename": "蔚蓝海岸二期", "addr:housename:en": "Weilan Haian Phase 2", "addr:housename:zh": "蔚蓝海岸二期", "building": "apartments", "building:levels": "20", "name": "13栋", "name:en": "Block 13", "name:zh": "13栋"}, "heightStatus": "levels_only_unverified", "source": "OpenStreetMap", "license": "ODbL-1.0"}, "geometry": {"type": "MultiPolygon", "coordinates": [[[[113.9302869, 22.5121235], [113.9303361, 22.5120677], [113.9303584, 22.5120849], [113.9304202, 22.5120624], [113.9305185, 22.5121206], [113.9305221, 22.5121819], [113.9305758, 22.5122026], [113.9306255, 22.5121618], [113.9307394, 22.5121853], [113.9307657, 22.5122416], [113.9307947, 22.5122441], [113.9307864, 22.5123157], [113.9307177, 22.5123097], [113.9306943, 22.5123164], [113.9306699, 22.5123185], [113.9306456, 22.5123159], [113.9306224, 22.5123086], [113.9306013, 22.512297], [113.9305833, 22.5122816], [113.9305186, 22.5122596], [113.9304561, 22.5122326], [113.9304317, 22.5122317], [113.9304079, 22.5122261], [113.930386, 22.512216], [113.9303668, 22.5122019], [113.9303512, 22.5121844], [113.9303399, 22.5121643], [113.9302869, 22.5121235]]]]}}, {"type": "Feature", "id": "way/595141610", "properties": {"tags": {"addr:housename": "蔚蓝海岸二期", "addr:housename:en": "Weilan Haian Phase 2", "addr:housename:zh": "蔚蓝海岸二期", "building": "apartments", "building:levels": "20", "name": "15栋", "name:en": "Block 15", "name:zh": "15栋"}, "heightStatus": "levels_only_unverified", "source": "OpenStreetMap", "license": "ODbL-1.0"}, "geometry": {"type": "MultiPolygon", "coordinates": [[[[113.9308319, 22.5122444], [113.9308609, 22.5122423], [113.9308881, 22.5121863], [113.9310024, 22.5121645], [113.9310514, 22.512206], [113.9311055, 22.5121861], [113.9311101, 22.5121248], [113.9312094, 22.5120681], [113.9312708, 22.5120914], [113.9312934, 22.5120745], [113.9313416, 22.512131], [113.931288, 22.5121711], [113.9312763, 22.512191], [113.9312605, 22.5122082], [113.931241, 22.5122221], [113.9312189, 22.5122318], [113.9311951, 22.5122371], [113.9311706, 22.5122377], [113.9311077, 22.5122638], [113.9310426, 22.5122848], [113.9310244, 22.5123], [113.9310031, 22.5123113], [113.9309798, 22.5123182], [113.9309554, 22.5123206], [113.9309311, 22.5123181], [113.9309078, 22.5123111], [113.930839, 22.512316], [113.9308319, 22.5122444]]]]}}, {"type": "Feature", "id": "way/595141612", "properties": {"tags": {"addr:housename": "蔚蓝海岸二期", "addr:housename:en": "Weilan Haian Phase 2", "addr:housename:zh": "蔚蓝海岸二期", "building": "apartments", "building:levels": "30", "name": "5栋", "name:en": "Block 5", "name:zh": "5栋"}, "heightStatus": "levels_only_unverified", "source": "OpenStreetMap", "license": "ODbL-1.0"}, "geometry": {"type": "MultiPolygon", "coordinates": [[[[113.9292515, 22.5120156], [113.9293506, 22.5119642], [113.9293893, 22.5120279], [113.9294753, 22.5119833], [113.9295399, 22.5120895], [113.9294573, 22.5121324], [113.929504, 22.5122093], [113.9294015, 22.5122624], [113.9292515, 22.5120156]]]]}}, {"type": "Feature", "id": "way/595141615", "properties": {"tags": {"addr:housename": "蔚蓝海岸二期", "addr:housename:en": "Weilan Haian Phase 2", "addr:housename:zh": "蔚蓝海岸二期", "building": "apartments", "building:levels": "20", "name": "3栋", "name:en": "Block 3", "name:zh": "3栋"}, "heightStatus": "levels_only_unverified", "source": "OpenStreetMap", "license": "ODbL-1.0"}, "geometry": {"type": "MultiPolygon", "coordinates": [[[[113.9293486, 22.5117079], [113.9293503, 22.5116209], [113.9295982, 22.5116249], [113.9297281, 22.5117302], [113.9296633, 22.5117984], [113.9295558, 22.5117112], [113.9293486, 22.5117079]]]]}}, {"type": "Feature", "id": "way/595141617", "properties": {"tags": {"addr:housename": "蔚蓝海岸二期", "addr:housename:en": "Weilan Haian Phase 2", "addr:housename:zh": "蔚蓝海岸二期", "building": "apartments", "building:levels": "20", "name": "2栋", "name:en": "Block 2", "name:zh": "2栋"}, "heightStatus": "levels_only_unverified", "source": "OpenStreetMap", "license": "ODbL-1.0"}, "geometry": {"type": "MultiPolygon", "coordinates": [[[[113.9297075, 22.5112148], [113.9298141, 22.5112141], [113.9298148, 22.511299], [113.9299995, 22.5114647], [113.9299262, 22.5115345], [113.9297085, 22.5113393], [113.9297075, 22.5112148]]]]}}, {"type": "Feature", "id": "way/595141619", "properties": {"tags": {"addr:housename": "蔚蓝海岸二期", "addr:housename:en": "Weilan Haian Phase 2", "addr:housename:zh": "蔚蓝海岸二期", "building": "apartments", "building:levels": "20", "name": "10栋", "name:en": "Block 10", "name:zh": "10栋"}, "heightStatus": "levels_only_unverified", "source": "OpenStreetMap", "license": "ODbL-1.0"}, "geometry": {"type": "MultiPolygon", "coordinates": [[[[113.9299971, 22.5116155], [113.9301317, 22.5115023], [113.9302656, 22.5116382], [113.9301309, 22.5117514], [113.9299971, 22.5116155]]]]}}, {"type": "Feature", "id": "way/595141621", "properties": {"tags": {"addr:housename": "蔚蓝海岸二期", "addr:housename:en": "Weilan Haian Phase 2", "addr:housename:zh": "蔚蓝海岸二期", "building": "apartments", "building:levels": "20", "name": "1栋", "name:en": "Block 1", "name:zh": "1栋"}, "heightStatus": "levels_only_unverified", "source": "OpenStreetMap", "license": "ODbL-1.0"}, "geometry": {"type": "MultiPolygon", "coordinates": [[[[113.9299629, 22.5111362], [113.929965, 22.5110348], [113.9302287, 22.5110393], [113.9303659, 22.5111344], [113.9302998, 22.5112159], [113.9301905, 22.5111401], [113.9299629, 22.5111362]]]]}}, {"type": "Feature", "id": "way/595141624", "properties": {"tags": {"addr:housename": "蔚蓝海岸二期", "addr:housename:en": "Weilan Haian Phase 2", "addr:housename:zh": "蔚蓝海岸二期", "building": "apartments", "building:levels": "20", "name": "11栋", "name:en": "Block 11", "name:zh": "11栋"}, "heightStatus": "levels_only_unverified", "source": "OpenStreetMap", "license": "ODbL-1.0"}, "geometry": {"type": "MultiPolygon", "coordinates": [[[[113.9302902, 22.5117253], [113.9303439, 22.5116852], [113.9303555, 22.5116653], [113.9303714, 22.5116481], [113.9303908, 22.5116342], [113.9304129, 22.5116245], [113.9304368, 22.5116192], [113.9304613, 22.5116186], [113.9305242, 22.5115925], [113.9305893, 22.5115715], [113.9306075, 22.5115563], [113.9306287, 22.511545], [113.930652, 22.5115381], [113.9306764, 22.5115357], [113.9307008, 22.5115382], [113.9307241, 22.5115452], [113.9307928, 22.5115403], [113.9307999, 22.5116119], [113.9307709, 22.511614], [113.9307437, 22.51167], [113.9306294, 22.5116918], [113.9305804, 22.5116503], [113.9305264, 22.5116702], [113.9305217, 22.5117315], [113.9304225, 22.5117883], [113.9303611, 22.5117649], [113.9303384, 22.5117818], [113.9302902, 22.5117253]]]]}}, {"type": "Feature", "id": "way/595141626", "properties": {"tags": {"addr:housename": "蔚蓝海岸二期", "addr:housename:en": "Weilan Haian Phase 2", "addr:housename:zh": "蔚蓝海岸二期", "building": "apartments", "building:levels": "20", "name": "12栋", "name:en": "Block 12", "name:zh": "12栋"}, "heightStatus": "levels_only_unverified", "source": "OpenStreetMap", "license": "ODbL-1.0"}, "geometry": {"type": "MultiPolygon", "coordinates": [[[[113.9308372, 22.5116122], [113.9308455, 22.5115406], [113.9309141, 22.5115466], [113.9309375, 22.5115399], [113.9309619, 22.5115378], [113.9309863, 22.5115404], [113.9310095, 22.5115477], [113.9310305, 22.5115593], [113.9310485, 22.5115747], [113.9311132, 22.5115967], [113.9311757, 22.5116237], [113.9312002, 22.5116246], [113.9312239, 22.5116302], [113.9312459, 22.5116403], [113.9312651, 22.5116544], [113.9312807, 22.5116719], [113.931292, 22.511692], [113.9313449, 22.5117328], [113.9312958, 22.5117886], [113.9312735, 22.5117714], [113.9312116, 22.5117939], [113.9311134, 22.5117357], [113.9311097, 22.5116744], [113.931056, 22.5116537], [113.9310064, 22.5116945], [113.9308924, 22.511671], [113.9308662, 22.5116147], [113.9308372, 22.5116122]]]]}}, {"type": "Feature", "id": "way/595141629", "properties": {"tags": {"addr:housename": "蔚蓝海岸二期", "addr:housename:en": "Weilan Haian Phase 2", "addr:housename:zh": "蔚蓝海岸二期", "building": "apartments", "building:levels": "32", "name": "23栋", "name:en": "Block 23", "name:zh": "23栋"}, "heightStatus": "levels_only_unverified", "source": "OpenStreetMap", "license": "ODbL-1.0"}, "geometry": {"type": "MultiPolygon", "coordinates": [[[[113.9317257, 22.511517], [113.9318104, 22.5114468], [113.9318792, 22.5115176], [113.9319679, 22.511444], [113.9320976, 22.5115774], [113.9320163, 22.5116449], [113.9320891, 22.5117198], [113.9320098, 22.5117857], [113.9319392, 22.5117131], [113.931868, 22.5117723], [113.9317384, 22.511639], [113.931797, 22.5115904], [113.9317257, 22.511517]]]]}}, {"type": "Feature", "id": "way/595141631", "properties": {"tags": {"addr:housename": "蔚蓝海岸二期", "addr:housename:en": "Weilan Haian Phase 2", "addr:housename:zh": "蔚蓝海岸二期", "building": "apartments", "building:levels": "32", "name": "22栋", "name:en": "Block 22", "name:zh": "22栋"}, "heightStatus": "levels_only_unverified", "source": "OpenStreetMap", "license": "ODbL-1.0"}, "geometry": {"type": "MultiPolygon", "coordinates": [[[[113.9317363, 22.5111131], [113.931817, 22.5110447], [113.9317416, 22.5109687], [113.9318334, 22.510891], [113.9319148, 22.510973], [113.9319941, 22.5109059], [113.9321297, 22.5110426], [113.9320318, 22.5111255], [113.9320989, 22.511193], [113.9320348, 22.5112473], [113.9319588, 22.5111707], [113.9318689, 22.5112468], [113.9317363, 22.5111131]]]]}}, {"type": "Feature", "id": "way/595141634", "properties": {"tags": {"addr:housename": "蔚蓝海岸二期", "addr:housename:en": "Weilan Haian Phase 2", "addr:housename:zh": "蔚蓝海岸二期", "building": "apartments", "building:levels": "32", "name": "21栋", "name:en": "Block 21", "name:zh": "21栋"}, "heightStatus": "levels_only_unverified", "source": "OpenStreetMap", "license": "ODbL-1.0"}, "geometry": {"type": "MultiPolygon", "coordinates": [[[[113.9317032, 22.510613], [113.9317891, 22.510537], [113.9317217, 22.5104719], [113.9318019, 22.5104011], [113.9318722, 22.5104691], [113.9319671, 22.5103852], [113.9321113, 22.5105244], [113.9320109, 22.5106132], [113.9320706, 22.5106709], [113.9319987, 22.5107344], [113.931922, 22.5106603], [113.9318333, 22.5107387], [113.9317032, 22.510613]]]]}}, {"type": "Feature", "id": "way/595141637", "properties": {"tags": {"addr:housename": "蔚蓝海岸二期", "addr:housename:en": "Weilan Haian Phase 2", "addr:housename:zh": "蔚蓝海岸二期", "building": "apartments", "building:levels": "20", "name": "9栋", "name:en": "Block 9", "name:zh": "9栋"}, "heightStatus": "levels_only_unverified", "source": "OpenStreetMap", "license": "ODbL-1.0"}, "geometry": {"type": "MultiPolygon", "coordinates": [[[[113.9308548, 22.5112162], [113.9308558, 22.5111116], [113.9309416, 22.5111123], [113.9309423, 22.5110371], [113.9310925, 22.5110384], [113.9310917, 22.5111151], [113.9311873, 22.5111159], [113.9313168, 22.51118], [113.931367, 22.5110934], [113.931494, 22.5111563], [113.9314455, 22.5112399], [113.9315201, 22.5112768], [113.9314662, 22.5113696], [113.9311613, 22.5112187], [113.9308548, 22.5112162]]]]}}, {"type": "Feature", "id": "way/595141639", "properties": {"tags": {"addr:housename": "蔚蓝海岸二期", "addr:housename:en": "Weilan Haian Phase 2", "addr:housename:zh": "蔚蓝海岸二期", "building": "apartments", "building:levels": "20", "name": "8栋", "name:en": "Block 8", "name:zh": "8栋"}, "heightStatus": "levels_only_unverified", "source": "OpenStreetMap", "license": "ODbL-1.0"}, "geometry": {"type": "MultiPolygon", "coordinates": [[[[113.9305342, 22.5112144], [113.9305358, 22.5111069], [113.9306335, 22.5111081], [113.9306348, 22.5110238], [113.9307623, 22.5110255], [113.9307611, 22.5111086], [113.9308558, 22.5111116], [113.9308548, 22.5112162], [113.9305342, 22.5112144]]]]}}, {"type": "Feature", "id": "way/595141642", "properties": {"tags": {"addr:housename": "蔚蓝海岸二期", "addr:housename:en": "Weilan Haian Phase 2", "addr:housename:zh": "蔚蓝海岸二期", "building": "apartments", "building:levels": "30", "name": "20栋", "name:en": "Block 20", "name:zh": "20栋"}, "heightStatus": "levels_only_unverified", "source": "OpenStreetMap", "license": "ODbL-1.0"}, "geometry": {"type": "MultiPolygon", "coordinates": [[[[113.9314744, 22.5097691], [113.9314769, 22.5096725], [113.9317489, 22.5096784], [113.9317465, 22.5097736], [113.9318037, 22.5097748], [113.9318547, 22.509791], [113.9318934, 22.509687], [113.9321083, 22.5097552], [113.9320686, 22.5098622], [113.9320315, 22.5098504], [113.9319891, 22.5099644], [113.9317659, 22.5098935], [113.9315418, 22.5098887], [113.9315448, 22.5097706], [113.9314744, 22.5097691]]]]}}, {"type": "Feature", "id": "way/595141645", "properties": {"tags": {"addr:housename": "蔚蓝海岸二期", "addr:housename:en": "Weilan Haian Phase 2", "addr:housename:zh": "蔚蓝海岸二期", "building": "apartments", "building:levels": "30", "name": "19栋", "name:en": "Block 19", "name:zh": "19栋"}, "heightStatus": "levels_only_unverified", "source": "OpenStreetMap", "license": "ODbL-1.0"}, "geometry": {"type": "MultiPolygon", "coordinates": [[[[113.9307184, 22.5097698], [113.9307194, 22.5096717], [113.9309384, 22.5096736], [113.9309375, 22.5097581], [113.9310875, 22.5097594], [113.9310883, 22.5096759], [113.931338, 22.5096781], [113.9313371, 22.5097687], [113.9312956, 22.5097683], [113.9312942, 22.5098975], [113.9310664, 22.5098954], [113.9310668, 22.5098584], [113.9309657, 22.5098575], [113.9309653, 22.509894], [113.9307473, 22.509892], [113.9307487, 22.50977], [113.9307184, 22.5097698]]]]}}, {"type": "Feature", "id": "way/700827684", "properties": {"tags": {"addr:city": "深圳市", "addr:district": "南山区", "addr:housenumber": "3168", "addr:province": "广东省", "addr:street": "后海滨路", "building": "commercial", "building:levels": "45", "building:material": "glass", "height": "210", "name": "中海油大厦B座"}, "heightStatus": "height_tag_unverified", "source": "OpenStreetMap", "license": "ODbL-1.0"}, "geometry": {"type": "MultiPolygon", "coordinates": [[[[113.9337849, 22.5147927], [113.9340838, 22.5146325], [113.9341365, 22.5146319], [113.9344283, 22.5146285], [113.9344869, 22.5148243], [113.9341864, 22.5149673], [113.9338406, 22.5149893], [113.9337849, 22.5147927]]]]}}, {"type": "Feature", "id": "way/727612675", "properties": {"tags": {"addr:city": "深圳市", "addr:district": "南山区", "addr:housenumber": "2248", "addr:postcode": "518054", "addr:province": "广东省", "addr:street": "后海大道", "building": "residential", "building:levels": "7", "name": "2栋"}, "heightStatus": "levels_only_unverified", "source": "OpenStreetMap", "license": "ODbL-1.0"}, "geometry": {"type": "MultiPolygon", "coordinates": [[[[113.9279511, 22.5150524], [113.9279521, 22.5149859], [113.927993, 22.5149864], [113.9279934, 22.5149568], [113.9279694, 22.5149565], [113.9279707, 22.5148687], [113.9280045, 22.5148691], [113.9280048, 22.5148541], [113.9280614, 22.5148549], [113.9280612, 22.5148699], [113.9280991, 22.5148704], [113.9280978, 22.5149585], [113.9280763, 22.5149583], [113.9280759, 22.5149872], [113.9281585, 22.5149882], [113.9281589, 22.5149593], [113.9281305, 22.514959], [113.9281319, 22.5148709], [113.9281721, 22.5148714], [113.9281724, 22.5148563], [113.9282248, 22.5148569], [113.9282246, 22.5148722], [113.9282643, 22.5148727], [113.928263, 22.5149609], [113.9282394, 22.5149606], [113.9282389, 22.5149891], [113.9283208, 22.5149902], [113.9283212, 22.5149616], [113.9282969, 22.5149613], [113.9282983, 22.5148732], [113.9283373, 22.5148737], [113.9283376, 22.5148584], [113.9283897, 22.514859], [113.9283895, 22.5148745], [113.9284259, 22.5148749], [113.9284245, 22.5149632], [113.9283989, 22.5149628], [113.9283984, 22.514991], [113.928491, 22.5149922], [113.9284914, 22.514964], [113.9284629, 22.5149637], [113.9284643, 22.5148755], [113.9284977, 22.514876], [113.928498, 22.5148604], [113.9285493, 22.5148611], [113.9285491, 22.5148767], [113.9285873, 22.5148772], [113.928586, 22.5149654], [113.9285578, 22.5149651], [113.9285574, 22.5149929], [113.9286506, 22.5149941], [113.9286511, 22.5149663], [113.9286218, 22.5149659], [113.9286231, 22.5148777], [113.9286632, 22.5148783], [113.9286635, 22.5148625], [113.9287192, 22.5148632], [113.9287189, 22.5148791], [113.928756, 22.5148795], [113.9287546, 22.5149678], [113.9287252, 22.5149674], [113.9287247, 22.5149949], [113.9288089, 22.514996], [113.9288093, 22.5149685], [113.9287881, 22.5149682], [113.9287894, 22.51488], [113.9288271, 22.5148805], [113.9288273, 22.5148646], [113.9288781, 22.5148652], [113.9288779, 22.5148813], [113.9289148, 22.5148817], [113.9289135, 22.5149701], [113.9288862, 22.5149697], [113.9288858, 22.5149968], [113.9289738, 22.5149979], [113.9289742, 22.5149708], [113.9289486, 22.5149705], [113.9289499, 22.5148823], [113.9289894, 22.5148828], [113.9289897, 22.5148666], [113.9290415, 22.5148673], [113.9290412, 22.5148835], [113.9290762, 22.514884], [113.9290748, 22.5149723], [113.9290514, 22.514972], [113.929051, 22.5149988], [113.9291327, 22.5149998], [113.9291331, 22.5149731], [113.9291098, 22.5149728], [113.9291111, 22.5148845], [113.9291469, 22.514885], [113.9291471, 22.5148686], [113.929201, 22.5148693], [113.9292008, 22.5148858], [113.9292334, 22.5148862], [113.929232, 22.5149745], [113.9292097, 22.5149743], [113.9292092, 22.5150007], [113.9292842, 22.5150016], [113.9292846, 22.5149752], [113.9292623, 22.5149749], [113.9292637, 22.5148866], [113.9293002, 22.5148871], [113.9293005, 22.5148706], [113.9293571, 22.5148713], [113.9293568, 22.5148879], [113.9293948, 22.5148884], [113.9293934, 22.514977], [113.9293614, 22.5149766], [113.929361, 22.5150023], [113.9294038, 22.5150028], [113.9294029, 22.5150703], [113.9291558, 22.5150673], [113.9289813, 22.5150651], [113.9288338, 22.5150633], [113.9286752, 22.5150613], [113.9285134, 22.5150594], [113.9283548, 22.5150574], [113.9281897, 22.5150554], [113.9280312, 22.5150534], [113.9279511, 22.5150524]]]]}}, {"type": "Feature", "id": "way/727612681", "properties": {"tags": {"addr:city": "深圳市", "addr:district": "南山区", "addr:housenumber": "2248", "addr:postcode": "518054", "addr:province": "广东省", "addr:street": "后海大道", "building": "residential", "building:levels": "7", "name": "3栋"}, "heightStatus": "levels_only_unverified", "source": "OpenStreetMap", "license": "ODbL-1.0"}, "geometry": {"type": "MultiPolygon", "coordinates": [[[[113.9279626, 22.514384], [113.9279844, 22.514384], [113.9279844, 22.5143469], [113.9280595, 22.5143469], [113.9280595, 22.5143743], [113.9280851, 22.5143743], [113.9280851, 22.5143213], [113.9281694, 22.5143212], [113.9281694, 22.5144263], [113.9281859, 22.5144263], [113.9281859, 22.5144646], [113.9281693, 22.5144646], [113.9281693, 22.5145873], [113.9281886, 22.5145874], [113.9281886, 22.514626], [113.9281691, 22.514626], [113.928169, 22.5147259], [113.9280843, 22.5147262], [113.9280843, 22.5146764], [113.9280563, 22.5146764], [113.9280563, 22.5146926], [113.927983, 22.5146923], [113.927983, 22.5146606], [113.9279693, 22.5146606], [113.9279693, 22.514579], [113.9279832, 22.514579], [113.9279831, 22.5145413], [113.9280594, 22.5145413], [113.9280595, 22.5145877], [113.928084, 22.5145877], [113.9280839, 22.5144539], [113.9280587, 22.5144539], [113.9280588, 22.5145003], [113.9279844, 22.5145004], [113.9279844, 22.5144707], [113.9279627, 22.5144707], [113.9279626, 22.514384]]]]}}, {"type": "Feature", "id": "way/727612682", "properties": {"tags": {"addr:city": "深圳市", "addr:district": "南山区", "addr:housenumber": "2250", "addr:postcode": "518054", "addr:province": "广东省", "addr:street": "后海大道", "building": "kindergarten", "building:levels": "3", "name": "育德幼儿园"}, "heightStatus": "levels_only_unverified", "source": "OpenStreetMap", "license": "ODbL-1.0"}, "geometry": {"type": "MultiPolygon", "coordinates": [[[[113.9279719, 22.5140879], [113.9279721, 22.5140475], [113.9279903, 22.5140476], [113.9279909, 22.513956], [113.9280654, 22.5139564], [113.9280652, 22.5139986], [113.9281561, 22.5139991], [113.9281553, 22.5141204], [113.9284848, 22.5141221], [113.928484, 22.5142498], [113.9284952, 22.5142499], [113.9284951, 22.5142772], [113.9283966, 22.5142766], [113.9283967, 22.5142601], [113.9283295, 22.5142597], [113.9283295, 22.5142738], [113.9282904, 22.5142736], [113.9282905, 22.5142569], [113.9282229, 22.5142566], [113.9282228, 22.5142744], [113.9281197, 22.5142739], [113.9281208, 22.5140886], [113.9279719, 22.5140879]]]]}}, {"type": "Feature", "id": "way/727612684", "properties": {"tags": {"addr:city": "深圳市", "addr:district": "南山区", "addr:housenumber": "2248", "addr:postcode": "518054", "addr:province": "广东省", "addr:street": "后海大道", "building": "residential", "building:levels": "17", "building:levels:underground": "1", "name": "5栋"}, "heightStatus": "levels_only_unverified", "source": "OpenStreetMap", "license": "ODbL-1.0"}, "geometry": {"type": "MultiPolygon", "coordinates": [[[[113.9290507, 22.5146126], [113.9290543, 22.5144489], [113.9291935, 22.5144515], [113.9291929, 22.5144797], [113.9292237, 22.5144803], [113.9292412, 22.5144548], [113.9292163, 22.5144403], [113.9292815, 22.5143452], [113.9293507, 22.5143858], [113.9293101, 22.5144449], [113.9293205, 22.514451], [113.9293329, 22.5144328], [113.9293432, 22.5144388], [113.9293736, 22.5143946], [113.9294109, 22.5144164], [113.9293462, 22.5145108], [113.9293349, 22.5145042], [113.9293208, 22.5145246], [113.929298, 22.5145112], [113.9292963, 22.5145476], [113.9293218, 22.5145345], [113.9293298, 22.5145479], [113.9293479, 22.5145387], [113.9294112, 22.5146444], [113.9293622, 22.5146694], [113.9293357, 22.5146251], [113.9293234, 22.5146314], [113.9293115, 22.5146117], [113.9293057, 22.5146147], [113.9293445, 22.5146794], [113.9292865, 22.514709], [113.9292189, 22.5145963], [113.9292351, 22.514588], [113.9292262, 22.514573], [113.9291911, 22.5145724], [113.9291902, 22.5146152], [113.9290507, 22.5146126]]]]}}, {"type": "Feature", "id": "way/727612685", "properties": {"tags": {"addr:city": "深圳市", "addr:district": "南山区", "addr:housenumber": "2248", "addr:postcode": "518054", "addr:province": "广东省", "addr:street": "后海大道", "building": "residential", "building:levels": "17", "building:levels:underground": "1", "name": "6栋"}, "heightStatus": "levels_only_unverified", "source": "OpenStreetMap", "license": "ODbL-1.0"}, "geometry": {"type": "MultiPolygon", "coordinates": [[[[113.9290651, 22.5140721], [113.9290686, 22.5139084], [113.9292078, 22.5139109], [113.9292072, 22.5139392], [113.9292381, 22.5139398], [113.9292555, 22.5139143], [113.9292307, 22.5138997], [113.9292959, 22.5138047], [113.9293651, 22.5138453], [113.9293245, 22.5139044], [113.9293349, 22.5139105], [113.9293473, 22.5138923], [113.9293576, 22.5138983], [113.929388, 22.513854], [113.9294253, 22.5138759], [113.9293605, 22.5139703], [113.9293492, 22.5139637], [113.9293352, 22.5139841], [113.9293123, 22.5139707], [113.9293106, 22.5140071], [113.9293362, 22.513994], [113.9293442, 22.5140074], [113.9293623, 22.5139982], [113.9294255, 22.5141039], [113.9293766, 22.5141289], [113.92935, 22.5140846], [113.9293377, 22.5140909], [113.9293259, 22.5140712], [113.9293201, 22.5140742], [113.9293589, 22.5141389], [113.9293009, 22.5141685], [113.9292333, 22.5140557], [113.9292495, 22.5140475], [113.9292405, 22.5140325], [113.9292055, 22.5140319], [113.9292046, 22.5140747], [113.9290651, 22.5140721]]]]}}, {"type": "Feature", "id": "way/727612686", "properties": {"tags": {"addr:city": "深圳市", "addr:district": "南山区", "addr:housenumber": "2248", "addr:postcode": "518054", "addr:province": "广东省", "addr:street": "后海大道", "building": "residential", "building:levels": "7", "name": "8栋"}, "heightStatus": "levels_only_unverified", "source": "OpenStreetMap", "license": "ODbL-1.0"}, "geometry": {"type": "MultiPolygon", "coordinates": [[[[113.9289481, 22.5136496], [113.928949, 22.5135783], [113.9289793, 22.5135786], [113.9289807, 22.5134733], [113.9290171, 22.5134736], [113.9290173, 22.5134618], [113.9290512, 22.5134621], [113.929051, 22.5134792], [113.9290888, 22.5134796], [113.9290882, 22.5135249], [113.9290725, 22.5135247], [113.9290717, 22.5135897], [113.9291485, 22.5135906], [113.92915, 22.5134724], [113.9291829, 22.5134728], [113.929183, 22.5134641], [113.9292192, 22.5134645], [113.929219, 22.5134801], [113.9292487, 22.5134805], [113.929248, 22.5135263], [113.9292372, 22.5135261], [113.9292363, 22.513595], [113.9293075, 22.5135959], [113.9293081, 22.5135503], [113.929292, 22.5135501], [113.929293, 22.5134772], [113.9293343, 22.5134777], [113.9293345, 22.5134668], [113.9293821, 22.5134674], [113.9293818, 22.5134855], [113.9294102, 22.5134859], [113.9294095, 22.5135385], [113.9293998, 22.5135383], [113.9293991, 22.5135884], [113.929436, 22.5135889], [113.929435, 22.5136587], [113.9293948, 22.5136582], [113.9293946, 22.5136715], [113.9293116, 22.5136705], [113.9293118, 22.5136566], [113.9292341, 22.5136557], [113.9292338, 22.5136728], [113.9291558, 22.513672], [113.929156, 22.5136529], [113.9290697, 22.5136519], [113.9290695, 22.5136644], [113.9289943, 22.5136635], [113.9289944, 22.5136501], [113.9289481, 22.5136496]]]]}}, {"type": "Feature", "id": "way/727612687", "properties": {"tags": {"addr:city": "深圳市", "addr:district": "南山区", "addr:housenumber": "2248", "addr:postcode": "518054", "addr:province": "广东省", "addr:street": "后海大道", "building": "residential", "building:levels": "7", "building:levels:underground": "1", "name": "1栋"}, "heightStatus": "levels_only_unverified", "source": "OpenStreetMap", "license": "ODbL-1.0"}, "geometry": {"type": "MultiPolygon", "coordinates": [[[[113.9289511, 22.5132001], [113.928952, 22.5131424], [113.9289996, 22.513143], [113.9289999, 22.5131221], [113.9290738, 22.513123], [113.9290735, 22.5131437], [113.9291579, 22.5131448], [113.9291583, 22.5131235], [113.9292309, 22.5131245], [113.9292306, 22.5131455], [113.9293175, 22.5131467], [113.9293178, 22.5131266], [113.9293941, 22.5131277], [113.9293938, 22.5131474], [113.9294332, 22.5131479], [113.9294323, 22.5132055], [113.9293926, 22.513205], [113.9293917, 22.5132571], [113.9294011, 22.5132573], [113.9294001, 22.5133167], [113.9293684, 22.5133162], [113.9293682, 22.5133293], [113.9293343, 22.5133289], [113.9293345, 22.5133155], [113.9293015, 22.5133151], [113.9293026, 22.5132483], [113.929351, 22.5132489], [113.9293514, 22.5132252], [113.9293155, 22.5132247], [113.9293158, 22.5132048], [113.92923, 22.5132036], [113.9292291, 22.5132588], [113.9292496, 22.5132591], [113.9292487, 22.5133156], [113.9292084, 22.5133151], [113.9292083, 22.5133249], [113.9291703, 22.5133244], [113.9291705, 22.5133131], [113.9291299, 22.5133125], [113.929131, 22.513239], [113.9291714, 22.5132396], [113.9291715, 22.5132334], [113.9291561, 22.5132332], [113.9291566, 22.5132028], [113.9290727, 22.5132017], [113.9290718, 22.5132609], [113.9290921, 22.5132611], [113.9290913, 22.5133127], [113.9290565, 22.5133123], [113.9290563, 22.5133281], [113.9290047, 22.5133274], [113.9290049, 22.5133122], [113.928972, 22.5133117], [113.9289731, 22.5132387], [113.9290155, 22.5132393], [113.9290157, 22.513225], [113.9289981, 22.5132248], [113.9289984, 22.5132007], [113.9289511, 22.5132001]]]]}}, {"type": "Feature", "id": "way/727612688", "properties": {"tags": {"addr:city": "深圳市", "addr:district": "南山区", "addr:housenumber": "2248", "addr:province": "广东省", "addr:street": "后海大道", "building": "residential", "building:levels": "12", "building:levels:underground": "1", "name": "10栋"}, "heightStatus": "levels_only_unverified", "source": "OpenStreetMap", "license": "ODbL-1.0"}, "geometry": {"type": "MultiPolygon", "coordinates": [[[[113.9279452, 22.5137916], [113.9279457, 22.5137542], [113.9279459, 22.5137339], [113.9280189, 22.5137347], [113.9280192, 22.5137132], [113.9280039, 22.5137131], [113.9280047, 22.5136485], [113.9280394, 22.5136489], [113.9280395, 22.5136346], [113.9281078, 22.5136353], [113.9281076, 22.5136496], [113.9281386, 22.5136499], [113.9281378, 22.5137144], [113.9281187, 22.5137142], [113.9281184, 22.5137358], [113.9281866, 22.5137366], [113.9282251, 22.513737], [113.9282475, 22.5137372], [113.9282478, 22.5137155], [113.9282334, 22.5137154], [113.9282342, 22.5136509], [113.9282719, 22.5136513], [113.9282721, 22.5136363], [113.9283471, 22.5136371], [113.9283469, 22.5136521], [113.9283846, 22.5136525], [113.9283838, 22.5137169], [113.9283661, 22.5137167], [113.9283658, 22.5137385], [113.9284842, 22.5137398], [113.9284845, 22.513718], [113.928462, 22.5137177], [113.9284628, 22.5136533], [113.9285091, 22.5136537], [113.9285093, 22.5136366], [113.9285879, 22.5136375], [113.9285877, 22.5136546], [113.9286325, 22.513655], [113.9286317, 22.5137194], [113.9285952, 22.513719], [113.928595, 22.5137411], [113.9286531, 22.5137417], [113.9286523, 22.5137977], [113.9286405, 22.5137976], [113.9286402, 22.5138229], [113.9285904, 22.5138224], [113.9285902, 22.5138395], [113.928479, 22.5138383], [113.9284792, 22.5138212], [113.9284333, 22.5138207], [113.9284337, 22.5137915], [113.9284176, 22.5137913], [113.9284172, 22.5138205], [113.9283605, 22.5138199], [113.9283603, 22.513837], [113.9283045, 22.5138364], [113.9283051, 22.513793], [113.9282929, 22.5137928], [113.9282923, 22.5138362], [113.9282415, 22.5138357], [113.9282418, 22.5138186], [113.9281878, 22.5138181], [113.9281882, 22.5137884], [113.9281697, 22.5137882], [113.9281694, 22.5138179], [113.9281096, 22.5138172], [113.9281094, 22.5138342], [113.9280773, 22.5138338], [113.9280775, 22.5138169], [113.9280609, 22.5138167], [113.9280456, 22.5138166], [113.9280454, 22.5138335], [113.9280086, 22.5138331], [113.9280088, 22.5138162], [113.9279561, 22.5138156], [113.9279564, 22.5137917], [113.9279452, 22.5137916]]]]}}, {"type": "Feature", "id": "way/727612689", "properties": {"tags": {"building": "school"}, "heightStatus": "unknown", "source": "OpenStreetMap", "license": "ODbL-1.0"}, "geometry": {"type": "MultiPolygon", "coordinates": [[[[113.9299925, 22.5150716], [113.929997, 22.5149605], [113.9301736, 22.5149665], [113.9301691, 22.5150776], [113.9299925, 22.5150716]]]]}}, {"type": "Feature", "id": "way/727612691", "properties": {"tags": {"building": "school", "name": "北京师大南山附属学校小学部"}, "heightStatus": "unknown", "source": "OpenStreetMap", "license": "ODbL-1.0"}, "geometry": {"type": "MultiPolygon", "coordinates": [[[[113.9295488, 22.51507], [113.9295523, 22.514762], [113.929931, 22.5147657], [113.9299299, 22.5148667], [113.9296021, 22.5148636], [113.9296009, 22.5149754], [113.9299243, 22.5149785], [113.9299232, 22.5150736], [113.9295488, 22.51507]]]]}}, {"type": "Feature", "id": "way/736645093", "properties": {"tags": {"building": "commercial", "name": "中铁南方总部大厦"}, "heightStatus": "unknown", "source": "OpenStreetMap", "license": "ODbL-1.0"}, "geometry": {"type": "MultiPolygon", "coordinates": [[[[113.9357349, 22.514415], [113.9357837, 22.5144031], [113.9357374, 22.5142425], [113.9359947, 22.5141793], [113.9362831, 22.5141084], [113.9364262, 22.5146051], [113.9363953, 22.5146127], [113.9364086, 22.5146588], [113.9358451, 22.5147973], [113.9357349, 22.514415]]]]}}, {"type": "Feature", "id": "way/736645094", "properties": {"tags": {"addr:city": "深圳市", "addr:district": "南山区", "addr:housenumber": "1777", "addr:province": "广东省", "addr:street": "创业路", "building": "commercial", "building:levels": "30", "building:material": "glass", "height": "160", "name": "海信南方大厦", "name:en": "Hisense South HQ", "name:zh": "海信南方大厦"}, "heightStatus": "height_tag_unverified", "source": "OpenStreetMap", "license": "ODbL-1.0"}, "geometry": {"type": "MultiPolygon", "coordinates": [[[[113.9349942, 22.5152526], [113.9356557, 22.5150904], [113.9357112, 22.5152836], [113.9357449, 22.515401], [113.9357592, 22.5154508], [113.9357924, 22.5155662], [113.9352338, 22.5157032], [113.9351309, 22.5157284], [113.9349942, 22.5152526]]]]}}, {"type": "Feature", "id": "way/736645095", "properties": {"tags": {"addr:city": "深圳市", "addr:district": "南山区", "addr:housenumber": "3168", "addr:province": "广东省", "addr:street": "后海滨路", "building": "commercial", "building:levels": "45", "building:material": "glass", "height": "210", "name": "中海油大厦A座"}, "heightStatus": "height_tag_unverified", "source": "OpenStreetMap", "license": "ODbL-1.0"}, "geometry": {"type": "MultiPolygon", "coordinates": [[[[113.9340422, 22.5157006], [113.9343341, 22.515542], [113.9346785, 22.515538], [113.9347371, 22.5157338], [113.9345188, 22.5158377], [113.9344366, 22.5158769], [113.9340979, 22.5158971], [113.9340422, 22.5157006]]]]}}, {"type": "Feature", "id": "relation/10175193", "properties": {"tags": {"addr:city": "深圳市", "addr:district": "南山区", "addr:housenumber": "3168", "addr:province": "广东省", "addr:street": "后海滨路", "building": "commercial", "building:material": "glass", "layer": "1"}, "heightStatus": "unknown", "source": "OpenStreetMap", "license": "ODbL-1.0"}, "geometry": {"type": "MultiPolygon", "coordinates": [[[[113.9338406, 22.5149893], [113.9341864, 22.5149673], [113.9344869, 22.5148243], [113.9344283, 22.5146285], [113.9341365, 22.5146319], [113.9345271, 22.5145373], [113.9348733, 22.5157455], [113.9345188, 22.5158377], [113.9347371, 22.5157338], [113.9346785, 22.515538], [113.9343341, 22.515542], [113.9340422, 22.5157006], [113.9338406, 22.5149893]], [[113.9343666, 22.5151283], [113.9344451, 22.5154055], [113.9347082, 22.5153419], [113.9346297, 22.5150647], [113.9343666, 22.5151283]]]]}}, {"type": "Feature", "id": "way/736645101", "properties": {"tags": {"building": "commercial", "name": "中建钢构大厦"}, "heightStatus": "unknown", "source": "OpenStreetMap", "license": "ODbL-1.0"}, "geometry": {"type": "MultiPolygon", "coordinates": [[[[113.9355259, 22.5122701], [113.9355319, 22.5118509], [113.9359878, 22.5118565], [113.9362116, 22.5118587], [113.9362058, 22.512278], [113.9359817, 22.5122758], [113.9355259, 22.5122701]]]]}}, {"type": "Feature", "id": "way/736645102", "properties": {"tags": {"building": "commercial", "name": "百丽大厦", "name:en": "Belle Tower", "name:zh": "百丽大厦"}, "heightStatus": "unknown", "source": "OpenStreetMap", "license": "ODbL-1.0"}, "geometry": {"type": "MultiPolygon", "coordinates": [[[[113.9338752, 22.5096557], [113.933879, 22.5093636], [113.9343877, 22.5093693], [113.9343839, 22.5096614], [113.9343697, 22.5096612], [113.934368, 22.5097963], [113.9338956, 22.5097913], [113.9338973, 22.509656], [113.9338752, 22.5096557]]]]}}, {"type": "Feature", "id": "way/736645103", "properties": {"tags": {"building:levels": "23", "building:material": "glass", "building:part": "yes", "height": "109.95"}, "heightStatus": "height_tag_unverified", "source": "OpenStreetMap", "license": "ODbL-1.0"}, "geometry": {"type": "MultiPolygon", "coordinates": [[[[113.934846, 22.5096268], [113.9348492, 22.5093135], [113.9352412, 22.5093404], [113.9353681, 22.509318], [113.9353649, 22.5096332], [113.934996, 22.509604], [113.934846, 22.5096268]]]]}}, {"type": "Feature", "id": "way/736645104", "properties": {"tags": {"alt_name": "天虹商场总部大厦", "building": "commercial", "building:levels": "20", "building:material": "glass", "height": "97.15", "name": "天虹总部大厦", "name:zh": "天虹总部大厦", "official_name": "深圳天虹商场总部大厦"}, "heightStatus": "height_tag_unverified", "source": "OpenStreetMap", "license": "ODbL-1.0"}, "geometry": {"type": "MultiPolygon", "coordinates": [[[[113.9356813, 22.5096335], [113.9356863, 22.5093689], [113.9361868, 22.509377], [113.9361818, 22.5096417], [113.9356813, 22.5096335]]]]}}, {"type": "Feature", "id": "way/736645105", "properties": {"tags": {"building": "yes", "building:material": "metal", "name": "君尚3019", "shop": "mall"}, "heightStatus": "unknown", "source": "OpenStreetMap", "license": "ODbL-1.0"}, "geometry": {"type": "MultiPolygon", "coordinates": [[[[113.9356736, 22.5102312], [113.9356813, 22.5096335], [113.9356863, 22.5093689], [113.9361868, 22.509377], [113.9361818, 22.5096417], [113.9361975, 22.5099481], [113.9361958, 22.5102349], [113.9356736, 22.5102312]]]]}}, {"type": "Feature", "id": "way/736645106", "properties": {"tags": {"building:levels": "32", "building:material": "glass", "building:part": "yes", "height": "162"}, "heightStatus": "height_tag_unverified", "source": "OpenStreetMap", "license": "ODbL-1.0"}, "geometry": {"type": "MultiPolygon", "coordinates": [[[[113.935763, 22.5111996], [113.9357666, 22.5108957], [113.9362288, 22.5109005], [113.9362251, 22.5112043], [113.9359015, 22.511201], [113.935763, 22.5111996]]]]}}, {"type": "Feature", "id": "way/736645110", "properties": {"tags": {"building": "yes"}, "heightStatus": "unknown", "source": "OpenStreetMap", "license": "ODbL-1.0"}, "geometry": {"type": "MultiPolygon", "coordinates": [[[[113.9347401, 22.5120462], [113.9347443, 22.5120154], [113.9347582, 22.5119872], [113.9347806, 22.5119641], [113.9348048, 22.5119501], [113.9348372, 22.5119415], [113.9348667, 22.5119416], [113.9348976, 22.5119499], [113.9349274, 22.5119683], [113.9349462, 22.5119894], [113.9349576, 22.5120125], [113.9349628, 22.5120413], [113.9349624, 22.5120529], [113.9349543, 22.512083], [113.9349369, 22.5121095], [113.9349118, 22.5121301], [113.9348811, 22.5121428], [113.9348478, 22.5121464], [113.9348148, 22.5121408], [113.9347851, 22.5121262], [113.9347614, 22.5121042], [113.9347459, 22.5120767], [113.9347401, 22.5120462]]]]}}, {"type": "Feature", "id": "way/736645113", "properties": {"tags": {"building": "commercial", "building:material": "glass", "name": "海王星辰大厦"}, "heightStatus": "unknown", "source": "OpenStreetMap", "license": "ODbL-1.0"}, "geometry": {"type": "MultiPolygon", "coordinates": [[[[113.9348432, 22.5098917], [113.934846, 22.5096268], [113.9348492, 22.5093135], [113.9353681, 22.509318], [113.9353649, 22.5096332], [113.93536, 22.5101228], [113.9353518, 22.5101466], [113.9353366, 22.5101595], [113.9353144, 22.5101627], [113.934867, 22.5099268], [113.9348512, 22.5099128], [113.9348432, 22.5098917]]]]}}, {"type": "Feature", "id": "way/782988189", "properties": {"tags": {"building": "yes", "building:levels": "5", "building:material": "glass", "building:min_level": "3", "layer": "1"}, "heightStatus": "levels_only_unverified", "source": "OpenStreetMap", "license": "ODbL-1.0"}, "geometry": {"type": "MultiPolygon", "coordinates": [[[[113.9371724, 22.5124715], [113.9371746, 22.5122755], [113.9374211, 22.512278], [113.9374189, 22.5124739], [113.9371724, 22.5124715]]]]}}, {"type": "Feature", "id": "relation/10866369", "properties": {"tags": {"addr:city": "深圳市", "addr:district": "南山区", "addr:housenumber": "3033", "addr:province": "广东省", "addr:street": "中心路", "architect": "筑博设计", "building": "commercial", "building:levels": "32", "building:material": "glass", "height": "162", "name": "喜之郎大厦"}, "heightStatus": "height_tag_unverified", "source": "OpenStreetMap", "license": "ODbL-1.0"}, "geometry": {"type": "MultiPolygon", "coordinates": [[[[113.9355997, 22.5116506], [113.9356089, 22.510894], [113.9357666, 22.5108957], [113.9362288, 22.5109005], [113.9362251, 22.5112043], [113.9362195, 22.5116571], [113.9355997, 22.5116506]], [[113.9356757, 22.5114498], [113.9358983, 22.5114522], [113.9359015, 22.511201], [113.935763, 22.5111996], [113.9356789, 22.5111988], [113.9356757, 22.5114498]]]]}}, {"type": "Feature", "id": "way/782988193", "properties": {"tags": {"building:levels": "3", "building:material": "glass", "building:part": "yes"}, "heightStatus": "levels_only_unverified", "source": "OpenStreetMap", "license": "ODbL-1.0"}, "geometry": {"type": "MultiPolygon", "coordinates": [[[[113.9359817, 22.5122758], [113.9359878, 22.5118565], [113.9362116, 22.5118587], [113.9362058, 22.512278], [113.9359817, 22.5122758]]]]}}, {"type": "Feature", "id": "way/782988194", "properties": {"tags": {"building:material": "glass", "building:part": "yes"}, "heightStatus": "unknown", "source": "OpenStreetMap", "license": "ODbL-1.0"}, "geometry": {"type": "MultiPolygon", "coordinates": [[[[113.9357349, 22.514415], [113.9357837, 22.5144031], [113.9357374, 22.5142425], [113.9359947, 22.5141793], [113.9361379, 22.5146761], [113.9363953, 22.5146127], [113.9364086, 22.5146588], [113.9358451, 22.5147973], [113.9357349, 22.514415]]]]}}, {"type": "Feature", "id": "way/782988195", "properties": {"tags": {"building:levels": "27", "building:material": "glass", "building:part": "yes", "height": "130"}, "heightStatus": "height_tag_unverified", "source": "OpenStreetMap", "license": "ODbL-1.0"}, "geometry": {"type": "MultiPolygon", "coordinates": [[[[113.9338752, 22.5096557], [113.933879, 22.5093636], [113.9343877, 22.5093693], [113.9343839, 22.5096614], [113.9343697, 22.5096612], [113.9338973, 22.509656], [113.9338752, 22.5096557]]]]}}, {"type": "Feature", "id": "way/782988196", "properties": {"tags": {"building:material": "glass", "building:part": "yes", "height": "85.5", "roof:direction": "0", "roof:height": "85.5", "roof:levels": "19", "roof:material": "glass", "roof:shape": "skillion"}, "heightStatus": "height_tag_unverified", "source": "OpenStreetMap", "license": "ODbL-1.0"}, "geometry": {"type": "MultiPolygon", "coordinates": [[[[113.9338956, 22.5097913], [113.9338973, 22.509656], [113.9343697, 22.5096612], [113.934368, 22.5097963], [113.9338956, 22.5097913]]]]}}, {"type": "Feature", "id": "way/1186234889", "properties": {"tags": {"building": "yes", "building:levels": "11"}, "heightStatus": "levels_only_unverified", "source": "OpenStreetMap", "license": "ODbL-1.0"}, "geometry": {"type": "MultiPolygon", "coordinates": [[[[113.9303554, 22.5165517], [113.9304067, 22.5165386], [113.930366, 22.5164036], [113.9303856, 22.5163986], [113.9303732, 22.5163574], [113.9307164, 22.5162693], [113.9307515, 22.516386], [113.9304774, 22.5164563], [113.9304979, 22.5165247], [113.9304797, 22.5165294], [113.9305299, 22.5166963], [113.9304703, 22.5167116], [113.9304577, 22.5167379], [113.9305806, 22.5167885], [113.930846, 22.5167201], [113.9307902, 22.5165352], [113.9308801, 22.516512], [113.9309224, 22.5166519], [113.9310198, 22.5166269], [113.9311282, 22.5165989], [113.9310882, 22.5164664], [113.9311624, 22.5164473], [113.9312179, 22.5166314], [113.9316032, 22.5165322], [113.9315029, 22.5161857], [113.9312385, 22.5162498], [113.9312187, 22.5161798], [113.9314967, 22.5161124], [113.9314742, 22.516033], [113.9315561, 22.5160132], [113.9317264, 22.5166019], [113.9312865, 22.5167149], [113.9312779, 22.5166866], [113.9311871, 22.5167099], [113.9311776, 22.5166782], [113.9310469, 22.5167118], [113.9309226, 22.5167437], [113.9309312, 22.5167724], [113.9308433, 22.516795], [113.9308512, 22.5168213], [113.9305559, 22.5168971], [113.9303803, 22.5168004], [113.9303631, 22.5167435], [113.9304095, 22.5167316], [113.9303554, 22.5165517]]]]}}, {"type": "Feature", "id": "way/1190750263", "properties": {"tags": {"building": "commercial", "building:levels": "62", "building:material": "mirror", "height": "314", "name": "1栋"}, "heightStatus": "height_tag_unverified", "source": "OpenStreetMap", "license": "ODbL-1.0"}, "geometry": {"type": "MultiPolygon", "coordinates": [[[[113.9348799, 22.5173868], [113.9348821, 22.5173602], [113.9348932, 22.5173369], [113.9349189, 22.5173182], [113.9349328, 22.5173149], [113.9352345, 22.5172432], [113.9352921, 22.5172295], [113.9353143, 22.5172314], [113.9353341, 22.5172447], [113.9353491, 22.5172652], [113.9354284, 22.5175401], [113.9354497, 22.5176139], [113.9354472, 22.5176367], [113.9354351, 22.5176584], [113.9354105, 22.5176704], [113.9350485, 22.5177595], [113.9350228, 22.5177578], [113.9350018, 22.5177525], [113.9349849, 22.5177372], [113.934976, 22.5177201], [113.9348799, 22.5173868]]]]}}, {"type": "Feature", "id": "way/1190750264", "properties": {"tags": {"building": "apartments", "building:levels": "52", "building:material": "mirror", "height": "243", "name": "2栋2单元"}, "heightStatus": "height_tag_unverified", "source": "OpenStreetMap", "license": "ODbL-1.0"}, "geometry": {"type": "MultiPolygon", "coordinates": [[[[113.9357422, 22.516303], [113.9359756, 22.5162451], [113.9360982, 22.5166669], [113.9359843, 22.5166952], [113.9359112, 22.5167133], [113.9358647, 22.5167248], [113.9357422, 22.516303]]]]}}, {"type": "Feature", "id": "way/1190750265", "properties": {"tags": {"building": "apartments", "building:levels": "61", "building:material": "mirror", "height": "246", "name": "2栋1单元"}, "heightStatus": "height_tag_unverified", "source": "OpenStreetMap", "license": "ODbL-1.0"}, "geometry": {"type": "MultiPolygon", "coordinates": [[[[113.9360057, 22.5171631], [113.9360391, 22.5171546], [113.9362395, 22.5171035], [113.9363631, 22.5175254], [113.9361312, 22.5175841], [113.9360057, 22.5171631]]]]}}, {"type": "Feature", "id": "way/1190833406", "properties": {"tags": {"building:levels": "3", "building:part": "yes", "height": "16"}, "heightStatus": "height_tag_unverified", "source": "OpenStreetMap", "license": "ODbL-1.0"}, "geometry": {"type": "MultiPolygon", "coordinates": [[[[113.9355997, 22.5116506], [113.9356089, 22.510894], [113.9357666, 22.5108957], [113.935763, 22.5111996], [113.9356789, 22.5111988], [113.9356757, 22.5114498], [113.9358983, 22.5114522], [113.9359015, 22.511201], [113.9362251, 22.5112043], [113.9362195, 22.5116571], [113.9355997, 22.5116506]]]]}}, {"type": "Feature", "id": "way/1190833414", "properties": {"tags": {"building": "retail", "building:levels": "5", "building:material": "mirror", "height": "28"}, "heightStatus": "height_tag_unverified", "source": "OpenStreetMap", "license": "ODbL-1.0"}, "geometry": {"type": "MultiPolygon", "coordinates": [[[[113.9353211, 22.5164074], [113.9357422, 22.516303], [113.9358647, 22.5167248], [113.9354431, 22.5168289], [113.9353785, 22.5166054], [113.9353211, 22.5164074]]]]}}, {"type": "Feature", "id": "way/1190833415", "properties": {"tags": {"building": "retail", "building:levels": "4", "building:material": "mirror", "height": "18"}, "heightStatus": "height_tag_unverified", "source": "OpenStreetMap", "license": "ODbL-1.0"}, "geometry": {"type": "MultiPolygon", "coordinates": [[[[113.935585, 22.51727], [113.9360057, 22.5171631], [113.9361312, 22.5175841], [113.9357103, 22.5176911], [113.9356491, 22.5174853], [113.935585, 22.51727]]]]}}, {"type": "Feature", "id": "way/1190833416", "properties": {"tags": {"building:levels": "5", "building:material": "mirror", "building:part": "yes", "height": "28"}, "heightStatus": "height_tag_unverified", "source": "OpenStreetMap", "license": "ODbL-1.0"}, "geometry": {"type": "MultiPolygon", "coordinates": [[[[113.9345361, 22.5166489], [113.9351, 22.5165106], [113.9351425, 22.5166611], [113.9352084, 22.5168942], [113.9346462, 22.517032], [113.9345361, 22.5166489]]]]}}, {"type": "Feature", "id": "relation/16112773", "properties": {"tags": {"building": "yes", "building:levels": "2", "building:min_level": "1", "height": "12", "layer": "1", "min_height": "6"}, "heightStatus": "height_tag_unverified", "source": "OpenStreetMap", "license": "ODbL-1.0"}, "geometry": {"type": "MultiPolygon", "coordinates": [[[[113.9347792, 22.5170877], [113.9348618, 22.5170678], [113.9348792, 22.5171166], [113.9349064, 22.5171573], [113.9349271, 22.5171816], [113.9349566, 22.5172066], [113.9349841, 22.5172193], [113.9350243, 22.5172243], [113.9350808, 22.517222], [113.9352172, 22.5171885], [113.9351613, 22.5169956], [113.9351967, 22.5169871], [113.9352203, 22.5169363], [113.9352084, 22.5168942], [113.9351425, 22.5166611], [113.9353785, 22.5166054], [113.9354431, 22.5168289], [113.9358647, 22.5167248], [113.9359112, 22.5167133], [113.9360391, 22.5171546], [113.9360057, 22.5171631], [113.935585, 22.51727], [113.9356491, 22.5174853], [113.9354284, 22.5175401], [113.9353491, 22.5172652], [113.9353341, 22.5172447], [113.9353143, 22.5172314], [113.9352921, 22.5172295], [113.9349328, 22.5173149], [113.9348287, 22.5171825], [113.9347942, 22.5171357], [113.9347851, 22.5171117], [113.9347792, 22.5170877]], [[113.9353014, 22.5169658], [113.9353103, 22.517011], [113.9353479, 22.5170138], [113.9353935, 22.5171666], [113.9353652, 22.5171881], [113.9353838, 22.5172193], [113.9354114, 22.5172389], [113.9354465, 22.5172488], [113.9354868, 22.5172494], [113.9355518, 22.5172396], [113.9359406, 22.5171378], [113.935833, 22.5167623], [113.9354138, 22.5168664], [113.9353808, 22.5168752], [113.9353429, 22.5168932], [113.9353129, 22.5169248], [113.9353014, 22.5169658]]]]}}, {"type": "Feature", "id": "way/1190833419", "properties": {"tags": {"building": "retail", "building:material": "mirror", "layer": "1"}, "heightStatus": "unknown", "source": "OpenStreetMap", "license": "ODbL-1.0"}, "geometry": {"type": "MultiPolygon", "coordinates": [[[[113.9343994, 22.5167224], [113.9344489, 22.5166673], [113.9345361, 22.5166489], [113.9351, 22.5165106], [113.9351425, 22.5166611], [113.9352084, 22.5168942], [113.9352203, 22.5169363], [113.9351967, 22.5169871], [113.9351613, 22.5169956], [113.9348618, 22.5170678], [113.9347792, 22.5170877], [113.9347851, 22.5171117], [113.9347942, 22.5171357], [113.9348287, 22.5171825], [113.9349328, 22.5173149], [113.9349189, 22.5173182], [113.9348932, 22.5173369], [113.9348821, 22.5173602], [113.9348799, 22.5173868], [113.934976, 22.5177201], [113.9349849, 22.5177372], [113.9350018, 22.5177525], [113.9349768, 22.5177595], [113.9349629, 22.5177972], [113.9348628, 22.5177626], [113.9348819, 22.517728], [113.9348942, 22.5176953], [113.9348958, 22.5176638], [113.934836, 22.5174625], [113.9348203, 22.5174332], [113.9347443, 22.5173563], [113.9346046, 22.517236], [113.934578, 22.5171997], [113.9345636, 22.5171719], [113.9345511, 22.5171426], [113.9343994, 22.5167224]]]]}}, {"type": "Feature", "id": "way/1190833420", "properties": {"tags": {"building:levels": "3", "building:material": "mirror", "building:part": "yes", "height": "18"}, "heightStatus": "height_tag_unverified", "source": "OpenStreetMap", "license": "ODbL-1.0"}, "geometry": {"type": "MultiPolygon", "coordinates": [[[[113.9343994, 22.5167224], [113.9344489, 22.5166673], [113.9345361, 22.5166489], [113.9346462, 22.517032], [113.9352084, 22.5168942], [113.9352203, 22.5169363], [113.9351967, 22.5169871], [113.9351613, 22.5169956], [113.9348639, 22.5170673], [113.9347792, 22.5170877], [113.9345511, 22.5171426], [113.9343994, 22.5167224]]]]}}, {"type": "Feature", "id": "way/1190833421", "properties": {"tags": {"building:levels": "3", "building:material": "mirror", "building:min_level": "1", "building:part": "yes", "height": "18", "layer": "1", "min_height": "6"}, "heightStatus": "height_tag_unverified", "source": "OpenStreetMap", "license": "ODbL-1.0"}, "geometry": {"type": "MultiPolygon", "coordinates": [[[[113.9345511, 22.5171426], [113.9347792, 22.5170877], [113.9347851, 22.5171117], [113.9347942, 22.5171357], [113.9348287, 22.5171825], [113.9349328, 22.5173149], [113.9349189, 22.5173182], [113.9347443, 22.5173563], [113.9346046, 22.517236], [113.934578, 22.5171997], [113.9345636, 22.5171719], [113.9345511, 22.5171426]]]]}}, {"type": "Feature", "id": "way/1190833422", "properties": {"tags": {"building:levels": "3", "building:material": "mirror", "building:part": "yes", "height": "18"}, "heightStatus": "height_tag_unverified", "source": "OpenStreetMap", "license": "ODbL-1.0"}, "geometry": {"type": "MultiPolygon", "coordinates": [[[[113.9347443, 22.5173563], [113.9349189, 22.5173182], [113.9348932, 22.5173369], [113.9348821, 22.5173602], [113.9348799, 22.5173868], [113.934976, 22.5177201], [113.9349849, 22.5177372], [113.9350018, 22.5177525], [113.9349768, 22.5177595], [113.9349629, 22.5177972], [113.9348628, 22.5177626], [113.9348819, 22.517728], [113.9348942, 22.5176953], [113.9348958, 22.5176638], [113.934836, 22.5174625], [113.9348203, 22.5174332], [113.9347443, 22.5173563]]]]}}, {"type": "Feature", "id": "way/1190833424", "properties": {"tags": {"building:levels": "3", "building:material": "glass", "building:part": "yes"}, "heightStatus": "levels_only_unverified", "source": "OpenStreetMap", "license": "ODbL-1.0"}, "geometry": {"type": "MultiPolygon", "coordinates": [[[[113.9349942, 22.5152526], [113.9356557, 22.5150904], [113.9357112, 22.5152836], [113.9351531, 22.51542], [113.9351882, 22.5155425], [113.9352021, 22.5155391], [113.935215, 22.5155842], [113.9352006, 22.5155877], [113.9352338, 22.5157032], [113.9351309, 22.5157284], [113.9349942, 22.5152526]]]]}}, {"type": "Feature", "id": "way/1190833425", "properties": {"tags": {"building:levels": "3", "building:part": "yes"}, "heightStatus": "levels_only_unverified", "source": "OpenStreetMap", "license": "ODbL-1.0"}, "geometry": {"type": "MultiPolygon", "coordinates": [[[[113.9357251, 22.5154058], [113.9357449, 22.515401], [113.9357592, 22.5154508], [113.9357394, 22.5154557], [113.9357251, 22.5154058]]]]}}, {"type": "Feature", "id": "way/1270589510", "properties": {"tags": {"building": "yes", "leisure": "sports_hall"}, "heightStatus": "unknown", "source": "OpenStreetMap", "license": "ODbL-1.0"}, "geometry": {"type": "MultiPolygon", "coordinates": [[[[113.9294474, 22.5179138], [113.9298306, 22.5178167], [113.9298795, 22.5180008], [113.9297243, 22.5180387], [113.9297178, 22.5180164], [113.9294914, 22.5180729], [113.9294474, 22.5179138]]]]}}, {"type": "Feature", "id": "way/1280746892", "properties": {"tags": {"addr:city": "深圳市", "addr:district": "南山区", "addr:housenumber": "1777", "addr:province": "广东省", "addr:street": "创业路", "building": "commercial", "building:levels": "21", "building:levels:underground": "5", "height": "100", "name": "中国海外大厦"}, "heightStatus": "height_tag_unverified", "source": "OpenStreetMap", "license": "ODbL-1.0"}, "geometry": {"type": "MultiPolygon", "coordinates": [[[[113.9363312, 22.5162089], [113.9367253, 22.5161104], [113.9367901, 22.5163315], [113.9368495, 22.5165344], [113.9364555, 22.516633], [113.9363312, 22.5162089]]]]}}, {"type": "Feature", "id": "way/1302698770", "properties": {"tags": {"building": "train_station", "building:levels": "0", "building:levels:underground": "2", "layer": "-1", "location": "underground", "name": "登良站", "name:en": "Dengliang Station", "name:zh": "登良站", "public_transport": "station", "start_date": "2010-12-28", "wikidata": "Q5256959", "wikipedia": "zh:登良站"}, "heightStatus": "levels_only_unverified", "source": "OpenStreetMap", "license": "ODbL-1.0"}, "geometry": {"type": "MultiPolygon", "coordinates": [[[[113.9321531, 22.5128738], [113.9321541, 22.5128226], [113.9323785, 22.5128266], [113.9323775, 22.5123616], [113.9325584, 22.5123601], [113.932588, 22.5123364], [113.9325901, 22.5122885], [113.9326331, 22.512289], [113.9326319, 22.5123372], [113.9326649, 22.5123368], [113.932663, 22.5117508], [113.9324429, 22.5117477], [113.9324486, 22.5114041], [113.9325111, 22.511405], [113.9325063, 22.5116933], [113.9326638, 22.5116956], [113.9326645, 22.5112695], [113.9324515, 22.5112697], [113.932449, 22.5109742], [113.9326425, 22.5109786], [113.9326424, 22.5109681], [113.932884, 22.5109716], [113.9328816, 22.5111044], [113.9328642, 22.5111043], [113.9328629, 22.5116788], [113.9330773, 22.5116826], [113.9330843, 22.5113252], [113.9331554, 22.5113253], [113.9331467, 22.511731], [113.9328596, 22.5117308], [113.932861, 22.511968], [113.9331648, 22.5119703], [113.9331593, 22.5122561], [113.9330632, 22.512256], [113.933066, 22.5120571], [113.9328603, 22.5120537], [113.9328583, 22.512307], [113.9329351, 22.5123094], [113.9329346, 22.5123199], [113.9331454, 22.5123205], [113.9331713, 22.5127671], [113.9334809, 22.5127517], [113.9334845, 22.5128236], [113.933174, 22.512836], [113.9331894, 22.5131191], [113.9332966, 22.5135151], [113.9332411, 22.5135267], [113.9331356, 22.5131272], [113.933126, 22.5129101], [113.9324422, 22.5128962], [113.9325186, 22.5131418], [113.9325546, 22.5131627], [113.9326383, 22.51353], [113.9325801, 22.5135391], [113.9325095, 22.5132143], [113.9321721, 22.513212], [113.932175, 22.5131539], [113.9324612, 22.5131597], [113.9323769, 22.5128774], [113.9321531, 22.5128738]]]]}}, {"type": "Feature", "id": "way/1319892866", "properties": {"tags": {"building": "school", "building:levels": "5", "height": "20"}, "heightStatus": "height_tag_unverified", "source": "OpenStreetMap", "license": "ODbL-1.0"}, "geometry": {"type": "MultiPolygon", "coordinates": [[[[113.9295988, 22.5146009], [113.9296093, 22.5136994], [113.9298531, 22.513704], [113.92985, 22.5138473], [113.929773, 22.5138448], [113.9297715, 22.5138825], [113.9297211, 22.5138813], [113.9297108, 22.5143757], [113.9298144, 22.5143041], [113.9298536, 22.5142856], [113.9298846, 22.5142774], [113.9299312, 22.5142693], [113.9299727, 22.5142712], [113.9300157, 22.5142771], [113.9300562, 22.5142891], [113.9300854, 22.5143005], [113.9301287, 22.5143206], [113.9301622, 22.5143425], [113.9301888, 22.5143657], [113.9302166, 22.514403], [113.9302336, 22.514434], [113.930247, 22.5144643], [113.9302582, 22.5144971], [113.9302646, 22.5145323], [113.9302627, 22.5145807], [113.9302592, 22.5146133], [113.9302531, 22.5146479], [113.930246, 22.5146691], [113.9302303, 22.5146981], [113.9301374, 22.5146559], [113.9301522, 22.5146217], [113.9301339, 22.5146146], [113.9301375, 22.5145952], [113.9301397, 22.5145726], [113.9301375, 22.5145504], [113.9301316, 22.5145231], [113.9301212, 22.5144956], [113.930111, 22.5144732], [113.9300943, 22.5144492], [113.9300736, 22.5144285], [113.9300514, 22.5144111], [113.9300174, 22.5143967], [113.929977, 22.5143887], [113.9299364, 22.5143852], [113.9299004, 22.5143887], [113.9298657, 22.5144016], [113.9298347, 22.5144181], [113.9298042, 22.5144413], [113.9297753, 22.5144715], [113.9297725, 22.5146026], [113.9295988, 22.5146009]]]]}}, {"type": "Feature", "id": "way/1352291429", "properties": {"tags": {"addr:housename": "蔚蓝海岸三期", "addr:housename:en": "Weilan Haian Phase 3", "addr:housename:zh": "蔚蓝海岸三期", "building": "apartments", "building:levels": "18", "name": "35栋", "name:en": "Block 35", "name:zh": "35栋"}, "heightStatus": "levels_only_unverified", "source": "OpenStreetMap", "license": "ODbL-1.0"}, "geometry": {"type": "MultiPolygon", "coordinates": [[[[113.9305319, 22.5147844], [113.9306307, 22.5147203], [113.9306976, 22.5148083], [113.9308001, 22.514859], [113.9309027, 22.5149098], [113.9310191, 22.5149131], [113.9311361, 22.5149154], [113.9312413, 22.5148695], [113.9313465, 22.5148235], [113.9314186, 22.5147391], [113.9315132, 22.514808], [113.9314605, 22.5148693], [113.9314789, 22.5148828], [113.9314379, 22.5149293], [113.9313798, 22.5149588], [113.9313698, 22.5149379], [113.9312928, 22.5149703], [113.9312157, 22.5150036], [113.9312255, 22.5150233], [113.9311663, 22.5150478], [113.9311, 22.51505], [113.9311013, 22.5150273], [113.9310154, 22.5150244], [113.9309308, 22.5150217], [113.9309299, 22.5150434], [113.9308651, 22.5150406], [113.9308048, 22.515015], [113.9308171, 22.5149952], [113.9307431, 22.5149573], [113.9306682, 22.5149199], [113.9306569, 22.5149389], [113.9306004, 22.5149095], [113.930559, 22.5148616], [113.9305796, 22.514849], [113.9305319, 22.5147844]]]]}}, {"type": "Feature", "id": "way/1352291433", "properties": {"tags": {"addr:housename": "蔚蓝海岸三期", "addr:housename:en": "Weilan Haian Phase 3", "addr:housename:zh": "蔚蓝海岸三期", "building": "apartments", "building:levels": "18", "name": "39栋", "name:en": "Block 39", "name:zh": "39栋"}, "heightStatus": "levels_only_unverified", "source": "OpenStreetMap", "license": "ODbL-1.0"}, "geometry": {"type": "MultiPolygon", "coordinates": [[[[113.9317525, 22.5158872], [113.9317772, 22.5158858], [113.9317708, 22.5158079], [113.931891, 22.5157978], [113.9319015, 22.515905], [113.9319628, 22.5159962], [113.9320251, 22.5160976], [113.9321343, 22.5161635], [113.9322455, 22.5162259], [113.93237, 22.5162346], [113.9324891, 22.5162347], [113.9325972, 22.5161948], [113.9326419, 22.5162981], [113.9325632, 22.5163269], [113.9325718, 22.5163471], [113.9325112, 22.5163684], [113.9324449, 22.5163672], [113.9324475, 22.5163445], [113.9323672, 22.5163407], [113.9322652, 22.5163369], [113.932263, 22.5163585], [113.9321985, 22.5163524], [113.9321399, 22.5163238], [113.9321533, 22.5163047], [113.932071, 22.5162582], [113.9319882, 22.5162118], [113.9319757, 22.5162302], [113.9319211, 22.5161979], [113.9318827, 22.516148], [113.931904, 22.5161365], [113.9318603, 22.5160551], [113.9318157, 22.5159881], [113.9317956, 22.5159993], [113.9317625, 22.5159478], [113.9317525, 22.5158872]]]]}}, {"type": "Feature", "id": "way/1352291443", "properties": {"tags": {"building": "kindergarten"}, "heightStatus": "unknown", "source": "OpenStreetMap", "license": "ODbL-1.0"}, "geometry": {"type": "MultiPolygon", "coordinates": [[[[113.9292989, 22.5115143], [113.9293101, 22.5109925], [113.9298463, 22.5110023], [113.9298429, 22.5111643], [113.9294394, 22.511157], [113.9294337, 22.5114232], [113.9294749, 22.511424], [113.9294729, 22.5115175], [113.9292989, 22.5115143]]]]}}, {"type": "Feature", "id": "way/1352291445", "properties": {"tags": {"addr:housename": "蔚蓝海岸三期", "addr:housename:en": "Weilan Haian Phase 3", "addr:housename:zh": "蔚蓝海岸三期", "building": "apartments", "building:levels": "18", "name": "33栋", "name:en": "Block 33", "name:zh": "33栋"}, "heightStatus": "levels_only_unverified", "source": "OpenStreetMap", "license": "ODbL-1.0"}, "geometry": {"type": "MultiPolygon", "coordinates": [[[[113.9316908, 22.5142285], [113.9318272, 22.5141673], [113.9319194, 22.5140796], [113.932004, 22.5139678], [113.9320481, 22.5138286], [113.9321649, 22.5138553], [113.9321419, 22.513943], [113.9321648, 22.5139495], [113.9321345, 22.5140309], [113.9320921, 22.5140952], [113.9320733, 22.5140804], [113.9320128, 22.5141498], [113.9319524, 22.5142197], [113.9319705, 22.5142335], [113.9319157, 22.5142846], [113.9318433, 22.5143216], [113.9318337, 22.5143006], [113.9317407, 22.51433], [113.9316908, 22.5142285]]]]}}, {"type": "Feature", "id": "way/1352291447", "properties": {"tags": {"addr:housename": "蔚蓝海岸三期", "addr:housename:en": "Weilan Haian Phase 3", "addr:housename:zh": "蔚蓝海岸三期", "building": "apartments", "building:levels": "18", "name": "29栋", "name:en": "Block 29", "name:zh": "29栋"}, "heightStatus": "levels_only_unverified", "source": "OpenStreetMap", "license": "ODbL-1.0"}, "geometry": {"type": "MultiPolygon", "coordinates": [[[[113.9305088, 22.5132874], [113.9305838, 22.5132], [113.9306751, 22.5132668], [113.9307889, 22.5132886], [113.9309029, 22.5133104], [113.9310155, 22.5132831], [113.9311284, 22.5132546], [113.9312151, 22.513183], [113.9312956, 22.5132661], [113.9312319, 22.5133183], [113.9312473, 22.5133346], [113.9311981, 22.5133736], [113.9311352, 22.5133931], [113.9311294, 22.513371], [113.9310461, 22.5133907], [113.9309642, 22.5134104], [113.93097, 22.5134314], [113.930907, 22.5134457], [113.9308414, 22.513437], [113.930847, 22.5134148], [113.9307644, 22.5133978], [113.9306812, 22.5133816], [113.9306761, 22.5134027], [113.9306129, 22.5133894], [113.9305585, 22.5133543], [113.9305744, 22.5133368], [113.9305088, 22.5132874]]]]}}, {"type": "Feature", "id": "way/1352291450", "properties": {"tags": {"addr:housename": "蔚蓝海岸三期", "addr:housename:en": "Weilan Haian Phase 3", "addr:housename:zh": "蔚蓝海岸三期", "building": "apartments", "building:levels": "18", "name": "32栋", "name:en": "Block 32", "name:zh": "32栋"}, "heightStatus": "levels_only_unverified", "source": "OpenStreetMap", "license": "ODbL-1.0"}, "geometry": {"type": "MultiPolygon", "coordinates": [[[[113.9305693, 22.5142556], [113.9307125, 22.5141817], [113.9307729, 22.5142852], [113.9307579, 22.5142949], [113.9307702, 22.5143164], [113.9308438, 22.5142904], [113.9309149, 22.5142739], [113.93091, 22.5142481], [113.9308591, 22.5142567], [113.9308362, 22.5141411], [113.9310641, 22.5141025], [113.9310871, 22.5142181], [113.9310334, 22.5142272], [113.9310379, 22.5142511], [113.9311198, 22.5142478], [113.9311995, 22.5142555], [113.9312052, 22.5142299], [113.9311728, 22.5142218], [113.9311974, 22.5141065], [113.9313886, 22.5141438], [113.931364, 22.5142591], [113.9313282, 22.5142522], [113.9313229, 22.514276], [113.9313976, 22.5142991], [113.9314639, 22.5143281], [113.9314778, 22.5143054], [113.9314554, 22.5142935], [113.9315172, 22.5141908], [113.9316804, 22.5142761], [113.9316186, 22.5143788], [113.9315874, 22.5143617], [113.9315745, 22.5143828], [113.9316431, 22.5144327], [113.9315597, 22.5145284], [113.931508, 22.514491], [113.9314563, 22.5144612], [113.931397, 22.5144343], [113.931352, 22.5144148], [113.9312958, 22.5143979], [113.9312366, 22.5143843], [113.9311713, 22.5143756], [113.9311194, 22.5143721], [113.931061, 22.5143737], [113.9310006, 22.5143811], [113.9309364, 22.5143952], [113.9308882, 22.5144065], [113.9308331, 22.5144264], [113.9307781, 22.5144507], [113.9307217, 22.5144823], [113.93068, 22.5145121], [113.9305939, 22.514411], [113.9306608, 22.514373], [113.9306476, 22.5143499], [113.9306297, 22.514359], [113.9305693, 22.5142556]]]]}}, {"type": "Feature", "id": "way/1352291454", "properties": {"tags": {"addr:city": "深圳市", "addr:district": "南山区", "addr:housename": "蔚蓝海岸三期", "addr:housename:en": "Weilan Haian Phase 3", "addr:housename:zh": "蔚蓝海岸三期", "addr:housenumber": "8-4", "addr:postcode": "518054", "addr:province": "广东省", "addr:street": "登良路", "building": "apartments", "building:levels": "18", "name": "31栋", "name:en": "Block 31", "name:zh": "31栋"}, "heightStatus": "levels_only_unverified", "source": "OpenStreetMap", "license": "ODbL-1.0"}, "geometry": {"type": "MultiPolygon", "coordinates": [[[[113.9305372, 22.5136449], [113.9305654, 22.5136449], [113.9305654, 22.513591], [113.9306718, 22.513591], [113.9306718, 22.5136988], [113.9307586, 22.5136988], [113.9307586, 22.5138161], [113.9306718, 22.5138161], [113.9306718, 22.5139239], [113.9305654, 22.5139239], [113.9305654, 22.51387], [113.9305372, 22.51387], [113.9305372, 22.5136449]]]]}}, {"type": "Feature", "id": "way/1352291455", "properties": {"tags": {"addr:housename": "蔚蓝海岸三期", "addr:housename:en": "Weilan Haian Phase 3", "addr:housename:zh": "蔚蓝海岸三期", "building": "apartments", "building:levels": "18", "name": "30栋", "name:en": "Block 30", "name:zh": "30栋"}, "heightStatus": "levels_only_unverified", "source": "OpenStreetMap", "license": "ODbL-1.0"}, "geometry": {"type": "MultiPolygon", "coordinates": [[[[113.9314213, 22.5133148], [113.9314945, 22.513312], [113.9314954, 22.5132859], [113.9314437, 22.5132847], [113.9314467, 22.5131673], [113.9316784, 22.5131723], [113.9316754, 22.5132898], [113.9316208, 22.5132886], [113.93162, 22.5133128], [113.9317023, 22.5133259], [113.9317805, 22.5133578], [113.9317937, 22.5133347], [113.9317478, 22.5133128], [113.9318063, 22.5132084], [113.9320121, 22.5133068], [113.9319536, 22.5134112], [113.9319051, 22.513388], [113.9318928, 22.5134095], [113.9319558, 22.5134603], [113.9320074, 22.5135214], [113.9320308, 22.5135068], [113.9320015, 22.5134674], [113.9321064, 22.5134009], [113.9322376, 22.5135773], [113.9321328, 22.5136439], [113.9321018, 22.5136023], [113.93208, 22.5136158], [113.9321177, 22.5136787], [113.9320053, 22.5137287], [113.9319774, 22.513681], [113.9319454, 22.5136331], [113.9319053, 22.5135846], [113.9318705, 22.5135503], [113.9318298, 22.5135195], [113.9317772, 22.5134911], [113.9317171, 22.5134659], [113.9316696, 22.5134454], [113.9316157, 22.5134372], [113.9315549, 22.5134331], [113.9314889, 22.5134348], [113.9314392, 22.5134369], [113.9314213, 22.5133148]]]]}}, {"type": "Feature", "id": "way/1352291458", "properties": {"tags": {"addr:housename": "蔚蓝海岸三期", "addr:housename:en": "Weilan Haian Phase 3", "addr:housename:zh": "蔚蓝海岸三期", "building": "apartments", "building:levels": "18", "name": "36栋", "name:en": "Block 36", "name:zh": "36栋"}, "heightStatus": "levels_only_unverified", "source": "OpenStreetMap", "license": "ODbL-1.0"}, "geometry": {"type": "MultiPolygon", "coordinates": [[[[113.931874, 22.5146891], [113.9319596, 22.5146802], [113.93196, 22.514654], [113.9319083, 22.5146539], [113.9319087, 22.5145364], [113.9321258, 22.5145363], [113.9321254, 22.5146538], [113.9320708, 22.5146536], [113.9320704, 22.5146779], [113.9321442, 22.5146809], [113.9322218, 22.5146964], [113.9322283, 22.5146783], [113.9321797, 22.5146618], [113.9322236, 22.5145515], [113.9324412, 22.5146254], [113.9323972, 22.5147357], [113.932346, 22.5147183], [113.932341, 22.5147315], [113.9324101, 22.514762], [113.9324691, 22.5148074], [113.9324887, 22.5147886], [113.932451, 22.5147558], [113.9325347, 22.5146762], [113.9326947, 22.5148223], [113.9326175, 22.514902], [113.93258, 22.5148679], [113.9325619, 22.5148855], [113.9326131, 22.5149395], [113.9325221, 22.515008], [113.932483, 22.5149677], [113.9324402, 22.5149308], [113.932394, 22.5148975], [113.9323447, 22.5148682], [113.9322929, 22.5148431], [113.9322388, 22.5148223], [113.9321829, 22.5148061], [113.9321257, 22.5147946], [113.9320675, 22.5147878], [113.932009, 22.5147858], [113.9319505, 22.5147887], [113.9318925, 22.5147964], [113.931874, 22.5146891]]]]}}, {"type": "Feature", "id": "way/1352291461", "properties": {"tags": {"addr:housename": "蔚蓝海岸三期", "addr:housename:en": "Weilan Haian Phase 3", "addr:housename:zh": "蔚蓝海岸三期", "building": "apartments", "building:levels": "18", "name": "38栋", "name:en": "Block 38", "name:zh": "38栋"}, "heightStatus": "levels_only_unverified", "source": "OpenStreetMap", "license": "ODbL-1.0"}, "geometry": {"type": "MultiPolygon", "coordinates": [[[[113.9320451, 22.5152861], [113.9321358, 22.5152749], [113.932134, 22.5152579], [113.9320825, 22.5152595], [113.9320784, 22.5151514], [113.9322958, 22.5151444], [113.9322999, 22.5152525], [113.9322503, 22.5152541], [113.9322507, 22.5152687], [113.9323291, 22.5152762], [113.9324123, 22.5152912], [113.9324227, 22.515267], [113.9323746, 22.5152496], [113.9324207, 22.5151401], [113.9326367, 22.5152178], [113.9325905, 22.5153273], [113.9325396, 22.515309], [113.9325299, 22.5153316], [113.9325994, 22.5153668], [113.93266, 22.5154088], [113.9326748, 22.5153952], [113.9326649, 22.5153843], [113.9327451, 22.5153158], [113.9328578, 22.5154266], [113.9327728, 22.5154976], [113.9327577, 22.5154822], [113.9327444, 22.5154945], [113.9327884, 22.5155549], [113.9328219, 22.5156151], [113.9328292, 22.5156122], [113.9328242, 22.5155987], [113.9329356, 22.5155641], [113.9329865, 22.515704], [113.9328752, 22.5157386], [113.932869, 22.5157216], [113.9328596, 22.5157245], [113.9328835, 22.5158006], [113.932764, 22.5158281], [113.9327543, 22.5157739], [113.9327381, 22.515721], [113.9327158, 22.5156701], [113.9326875, 22.5156217], [113.9326536, 22.5155765], [113.9326146, 22.5155351], [113.9325708, 22.5154978], [113.9325229, 22.5154653], [113.9324714, 22.5154378], [113.9324169, 22.5154157], [113.9323601, 22.5153992], [113.9323018, 22.5153887], [113.9322425, 22.5153841], [113.932183, 22.5153856], [113.9321241, 22.5153932], [113.9320664, 22.5154067], [113.9320451, 22.5152861]]]]}}, {"type": "Feature", "id": "way/1352291466", "properties": {"tags": {"building": "kindergarten"}, "heightStatus": "unknown", "source": "OpenStreetMap", "license": "ODbL-1.0"}, "geometry": {"type": "MultiPolygon", "coordinates": [[[[113.9321815, 22.5142228], [113.9322473, 22.5141061], [113.9322347, 22.5140792], [113.9322361, 22.5140463], [113.93225, 22.5140206], [113.9322771, 22.5140059], [113.9323098, 22.514002], [113.93233, 22.5140065], [113.9323369, 22.5139885], [113.932418, 22.5142071], [113.9324567, 22.5142244], [113.9324164, 22.5143014], [113.9324901, 22.5143344], [113.9324526, 22.514406], [113.9325293, 22.5144403], [113.9324736, 22.514547], [113.9324485, 22.5145358], [113.9324288, 22.5145735], [113.932348, 22.5145444], [113.9322987, 22.5145113], [113.9322639, 22.5144728], [113.932241, 22.5144361], [113.9322194, 22.5143841], [113.9322139, 22.5143366], [113.9322201, 22.5142891], [113.9322292, 22.5142448], [113.9321815, 22.5142228]]]]}}, {"type": "Feature", "id": "way/1352291468", "properties": {"tags": {"addr:housename": "蔚蓝海岸三期", "addr:housename:en": "Weilan Haian Phase 3", "addr:housename:zh": "蔚蓝海岸三期", "building": "apartments", "building:flats": "37", "building:levels": "31", "name": "37栋", "name:en": "Block 37", "name:zh": "37栋"}, "heightStatus": "levels_only_unverified", "source": "OpenStreetMap", "license": "ODbL-1.0"}, "geometry": {"type": "MultiPolygon", "coordinates": [[[[113.9316754, 22.5154674], [113.9317171, 22.5154083], [113.9318031, 22.5154602], [113.9319006, 22.5153222], [113.9319882, 22.515375], [113.93193, 22.5154575], [113.9320098, 22.5155056], [113.9319062, 22.5156522], [113.931828, 22.5156051], [113.9317849, 22.5156662], [113.9316968, 22.515613], [113.9317626, 22.5155199], [113.9316754, 22.5154674]]]]}}, {"type": "Feature", "id": "way/1352291469", "properties": {"tags": {"addr:housename": "蔚蓝海岸三期", "addr:housename:en": "Weilan Haian Phase 3", "addr:housename:zh": "蔚蓝海岸三期", "building": "apartments", "building:flats": "40", "building:levels": "31", "name": "40栋", "name:en": "Block 40", "name:zh": "40栋"}, "heightStatus": "levels_only_unverified", "source": "OpenStreetMap", "license": "ODbL-1.0"}, "geometry": {"type": "MultiPolygon", "coordinates": [[[[113.9327033, 22.5161121], [113.9328004, 22.5159617], [113.9328823, 22.5160069], [113.9329369, 22.5159223], [113.9330268, 22.5159719], [113.9329354, 22.5161133], [113.9330236, 22.516162], [113.9329845, 22.5162225], [113.9328951, 22.5161732], [113.9328334, 22.5162688], [113.932743, 22.5162189], [113.9327835, 22.5161563], [113.9327033, 22.5161121]]]]}}, {"type": "Feature", "id": "way/1352291472", "properties": {"tags": {"addr:city": "深圳市", "addr:country": "CN", "addr:district": "南山区", "addr:housenumber": "2008", "addr:province": "广东省", "addr:street": "后海大道", "building": "apartments", "building:levels": "48", "building:material": "mirror", "height": "150", "name": "深圳湾公馆", "name:en": "Shenzhenwan Mansion", "name:zh": "深圳湾公馆"}, "heightStatus": "height_tag_unverified", "source": "OpenStreetMap", "license": "ODbL-1.0"}, "geometry": {"type": "MultiPolygon", "coordinates": [[[[113.9277369, 22.5099932], [113.9277433, 22.5096556], [113.9278551, 22.5096575], [113.9278886, 22.5096842], [113.927885, 22.5098785], [113.9281225, 22.5098823], [113.9281203, 22.5099995], [113.9277369, 22.5099932]]]]}}, {"type": "Feature", "id": "way/1352291474", "properties": {"tags": {"addr:housename": "蔚蓝海岸一期", "addr:housename:en": "Weilan Haian Phase 1", "addr:housename:zh": "蔚蓝海岸一期", "building": "apartments", "building:levels": "13", "name": "7栋", "name:en": "Block 7", "name:zh": "7栋"}, "heightStatus": "levels_only_unverified", "source": "OpenStreetMap", "license": "ODbL-1.0"}, "geometry": {"type": "MultiPolygon", "coordinates": [[[[113.9291735, 22.5093179], [113.929268, 22.5092426], [113.9298863, 22.5092565], [113.9299785, 22.5093373], [113.9299093, 22.5094047], [113.9298624, 22.5093636], [113.92982, 22.5093423], [113.9293409, 22.5093334], [113.9292827, 22.509359], [113.929242, 22.5093914], [113.9291735, 22.5093179]]]]}}, {"type": "Feature", "id": "way/1352291475", "properties": {"tags": {"addr:housename": "蔚蓝海岸一期", "addr:housename:en": "Weilan Haian Phase 1", "addr:housename:zh": "蔚蓝海岸一期", "building": "apartments", "building:levels": "13", "name": "1栋", "name:en": "Block 1", "name:zh": "1栋"}, "heightStatus": "levels_only_unverified", "source": "OpenStreetMap", "license": "ODbL-1.0"}, "geometry": {"type": "MultiPolygon", "coordinates": [[[[113.9287493, 22.5105031], [113.9288135, 22.5104446], [113.9290242, 22.5106286], [113.9297658, 22.5106319], [113.9298568, 22.5107066], [113.9297887, 22.5107774], [113.929742, 22.510739], [113.9296995, 22.5107177], [113.929092, 22.5107128], [113.929033, 22.5107687], [113.9287493, 22.5105031]]]]}}, {"type": "Feature", "id": "way/1352291476", "properties": {"tags": {"addr:housename": "蔚蓝海岸一期", "addr:housename:en": "Weilan Haian Phase 1", "addr:housename:zh": "蔚蓝海岸一期", "building": "apartments", "building:levels": "20", "name": "3栋", "name:en": "Block 3", "name:zh": "3栋"}, "heightStatus": "levels_only_unverified", "source": "OpenStreetMap", "license": "ODbL-1.0"}, "geometry": {"type": "MultiPolygon", "coordinates": [[[[113.9287275, 22.5093289], [113.9288479, 22.5092221], [113.9289091, 22.5092811], [113.9289731, 22.5092244], [113.929087, 22.5093342], [113.9289427, 22.5094621], [113.9289084, 22.5094291], [113.9288684, 22.5094645], [113.9287275, 22.5093289]]]]}}, {"type": "Feature", "id": "way/1352291477", "properties": {"tags": {"addr:housename": "蔚蓝海岸一期", "addr:housename:en": "Weilan Haian Phase 1", "addr:housename:zh": "蔚蓝海岸一期", "building": "apartments", "building:levels": "20", "name": "11栋", "name:en": "Block 11", "name:zh": "11栋"}, "heightStatus": "levels_only_unverified", "source": "OpenStreetMap", "license": "ODbL-1.0"}, "geometry": {"type": "MultiPolygon", "coordinates": [[[[113.9300513, 22.5093516], [113.9301717, 22.5092449], [113.9302329, 22.5093038], [113.9302969, 22.5092472], [113.9304108, 22.509357], [113.9302665, 22.5094849], [113.9302322, 22.5094518], [113.9301922, 22.5094873], [113.9300513, 22.5093516]]]]}}, {"type": "Feature", "id": "way/1352291478", "properties": {"tags": {"addr:housename": "蔚蓝海岸一期", "addr:housename:en": "Weilan Haian Phase 1", "addr:housename:zh": "蔚蓝海岸一期", "building": "apartments", "building:levels": "20", "name": "8栋", "name:en": "Block 8", "name:zh": "8栋"}, "heightStatus": "levels_only_unverified", "source": "OpenStreetMap", "license": "ODbL-1.0"}, "geometry": {"type": "MultiPolygon", "coordinates": [[[[113.9300279, 22.5105804], [113.9301484, 22.5104736], [113.9302096, 22.5105326], [113.9302735, 22.5104759], [113.9303875, 22.5105857], [113.9302431, 22.5107136], [113.9302088, 22.5106806], [113.9301688, 22.510716], [113.9300279, 22.5105804]]]]}}, {"type": "Feature", "id": "way/1352291479", "properties": {"tags": {"addr:housename": "蔚蓝海岸一期", "addr:housename:en": "Weilan Haian Phase 1", "addr:housename:zh": "蔚蓝海岸一期", "building": "apartments", "building:levels": "13", "name": "9栋", "name:en": "Block 9", "name:zh": "9栋"}, "heightStatus": "levels_only_unverified", "source": "OpenStreetMap", "license": "ODbL-1.0"}, "geometry": {"type": "MultiPolygon", "coordinates": [[[[113.9300175, 22.5102234], [113.9300191, 22.5101366], [113.9303389, 22.5101416], [113.9304188, 22.5102124], [113.9303849, 22.510245], [113.9303973, 22.5102561], [113.9303619, 22.5102902], [113.930315, 22.5102486], [113.9302725, 22.5102274], [113.9300175, 22.5102234]]]]}}, {"type": "Feature", "id": "way/1352291480", "properties": {"tags": {"addr:housename": "蔚蓝海岸一期", "addr:housename:en": "Weilan Haian Phase 1", "addr:housename:zh": "蔚蓝海岸一期", "building": "apartments", "building:levels": "13", "name": "10栋", "name:en": "Block 10", "name:zh": "10栋"}, "heightStatus": "levels_only_unverified", "source": "OpenStreetMap", "license": "ODbL-1.0"}, "geometry": {"type": "MultiPolygon", "coordinates": [[[[113.9300235, 22.5098443], [113.9300253, 22.5097575], [113.9302803, 22.509762], [113.9303236, 22.5097422], [113.9303721, 22.5097022], [113.9304062, 22.5097375], [113.9303933, 22.5097481], [113.9304259, 22.5097819], [113.9303433, 22.50985], [113.9302935, 22.5098491], [113.9300235, 22.5098443]]]]}}, {"type": "Feature", "id": "way/1352291481", "properties": {"tags": {"addr:housename": "蔚蓝海岸一期", "addr:housename:en": "Weilan Haian Phase 1", "addr:housename:zh": "蔚蓝海岸一期", "building": "apartments", "building:levels": "13", "name": "2栋", "name:en": "Block 2", "name:zh": "2栋"}, "heightStatus": "levels_only_unverified", "source": "OpenStreetMap", "license": "ODbL-1.0"}, "geometry": {"type": "MultiPolygon", "coordinates": [[[[113.9287267, 22.5102154], [113.9289062, 22.510048], [113.9289245, 22.5100032], [113.9289255, 22.5099594], [113.9289242, 22.509911], [113.9289102, 22.5098669], [113.9287382, 22.5096977], [113.9288063, 22.5096379], [113.9290267, 22.5098519], [113.9290207, 22.5100659], [113.9287935, 22.5102765], [113.9287267, 22.5102154]]]]}}, {"type": "Feature", "id": "way/1352291483", "properties": {"tags": {"addr:housename": "蔚蓝海岸一期", "addr:housename:en": "Weilan Haian Phase 1", "addr:housename:zh": "蔚蓝海岸一期", "building": "apartments", "building:levels": "13", "name": "5栋", "name:en": "Block 5", "name:zh": "5栋"}, "heightStatus": "levels_only_unverified", "source": "OpenStreetMap", "license": "ODbL-1.0"}, "geometry": {"type": "MultiPolygon", "coordinates": [[[[113.9290583, 22.5102242], [113.9291477, 22.5101356], [113.9291908, 22.5101747], [113.9292305, 22.510202], [113.9292944, 22.5102359], [113.9293173, 22.5102437], [113.9293622, 22.5102589], [113.929412, 22.510271], [113.9294763, 22.5102768], [113.9295471, 22.5102729], [113.9295982, 22.5102644], [113.9296625, 22.5102423], [113.9297149, 22.5102141], [113.9297622, 22.5101844], [113.9298199, 22.5101362], [113.9298982, 22.510224], [113.9298407, 22.5102706], [113.9298201, 22.5102506], [113.929792, 22.5102719], [113.9297613, 22.5102909], [113.9297777, 22.5103133], [113.929734, 22.5103377], [113.9297193, 22.5103143], [113.9296961, 22.5103254], [113.9296694, 22.5103337], [113.9296788, 22.5103578], [113.9296278, 22.5103735], [113.9296194, 22.5103481], [113.9295826, 22.5103553], [113.9295487, 22.5103604], [113.9295518, 22.5103864], [113.9294994, 22.5103918], [113.9294968, 22.5103663], [113.9294736, 22.5103675], [113.9294487, 22.510366], [113.9294468, 22.5103918], [113.9293987, 22.5103876], [113.9294021, 22.5103624], [113.929362, 22.5103559], [113.9293267, 22.510347], [113.9293165, 22.5103748], [113.929269, 22.5103586], [113.9292796, 22.5103336], [113.9292538, 22.5103226], [113.9292293, 22.5103098], [113.9292128, 22.5103349], [113.9291705, 22.5103096], [113.9291897, 22.5102843], [113.9291593, 22.5102641], [113.9291315, 22.5102409], [113.9291087, 22.5102641], [113.9290583, 22.5102242]]]]}}, {"type": "Feature", "id": "way/1352291484", "properties": {"tags": {"addr:housename": "蔚蓝海岸一期", "addr:housename:en": "Weilan Haian Phase 1", "addr:housename:zh": "蔚蓝海岸一期", "building": "apartments", "building:levels": "13", "name": "6栋", "name:en": "Block 6", "name:zh": "6栋"}, "heightStatus": "levels_only_unverified", "source": "OpenStreetMap", "license": "ODbL-1.0"}, "geometry": {"type": "MultiPolygon", "coordinates": [[[[113.9290672, 22.5097225], [113.9291177, 22.5096827], [113.9291405, 22.5097059], [113.9291683, 22.5096827], [113.9291988, 22.5096626], [113.9291797, 22.5096372], [113.9292219, 22.5096119], [113.9292384, 22.5096371], [113.9292629, 22.5096243], [113.9292888, 22.5096134], [113.9292782, 22.5095884], [113.9293258, 22.5095723], [113.9293359, 22.5096], [113.9293712, 22.5095912], [113.9294113, 22.5095848], [113.929408, 22.5095595], [113.9294561, 22.5095555], [113.929458, 22.5095813], [113.9294828, 22.5095798], [113.929506, 22.509581], [113.9295087, 22.5095555], [113.9295611, 22.5095611], [113.9295579, 22.5095871], [113.9295918, 22.5095922], [113.9296286, 22.5095995], [113.929637, 22.509574], [113.9296881, 22.5095899], [113.9296786, 22.5096139], [113.9297053, 22.5096223], [113.9297284, 22.5096333], [113.9297432, 22.50961], [113.9297868, 22.5096345], [113.9297704, 22.5096569], [113.929801, 22.5096759], [113.9298292, 22.5096972], [113.9298498, 22.5096772], [113.9299071, 22.509724], [113.9298286, 22.5098118], [113.9297836, 22.5097708], [113.9297327, 22.509736], [113.9296771, 22.5097082], [113.9296177, 22.509688], [113.9295559, 22.5096757], [113.9294928, 22.5096715], [113.9294297, 22.5096756], [113.9293679, 22.5096879], [113.9293085, 22.5097081], [113.9292529, 22.5097358], [113.929202, 22.5097705], [113.9291569, 22.5098115], [113.9290672, 22.5097225]]]]}}, {"type": "Feature", "id": "way/1352291485", "properties": {"tags": {"addr:housename": "蔚蓝海岸四期", "addr:housename:en": "Weilan Haian Phase 4", "addr:housename:zh": "蔚蓝海岸四期", "building": "apartments", "building:levels": "17", "name": "西座", "name:en": "West Block", "name:zh": "西座"}, "heightStatus": "levels_only_unverified", "source": "OpenStreetMap", "license": "ODbL-1.0"}, "geometry": {"type": "MultiPolygon", "coordinates": [[[[113.9278891, 22.5105389], [113.928022, 22.5104361], [113.9280737, 22.5104931], [113.928074, 22.5104686], [113.9281958, 22.5104696], [113.9281955, 22.5105055], [113.9282211, 22.5105057], [113.9282202, 22.5105909], [113.9280792, 22.5105897], [113.9279573, 22.510684], [113.9279001, 22.5106208], [113.9279373, 22.510592], [113.9278891, 22.5105389]]]]}}, {"type": "Feature", "id": "way/1352291486", "properties": {"tags": {"addr:housename": "蔚蓝海岸四期", "addr:housename:en": "Weilan Haian Phase 4", "addr:housename:zh": "蔚蓝海岸四期", "building": "apartments", "building:levels": "17", "name": "东座", "name:en": "East Block", "name:zh": "东座"}, "heightStatus": "levels_only_unverified", "source": "OpenStreetMap", "license": "ODbL-1.0"}, "geometry": {"type": "MultiPolygon", "coordinates": [[[[113.9282202, 22.5105909], [113.9282211, 22.5105057], [113.9282471, 22.5105063], [113.9282477, 22.5104704], [113.9283696, 22.5104722], [113.9283691, 22.5104967], [113.9284224, 22.5104409], [113.9285524, 22.5105468], [113.9285028, 22.5105988], [113.9285392, 22.5106285], [113.9284802, 22.5106903], [113.928361, 22.5105931], [113.9282202, 22.5105909]]]]}}, {"type": "Feature", "id": "way/1352480765", "properties": {"tags": {"addr:housename": "招商名仕花园", "addr:housename:en": "Zhaoshang Mingshi Garden", "addr:housename:zh": "招商名仕花园", "building": "apartments", "building:levels": "8", "name": "7栋", "name:en": "Block 7", "name:zh": "7栋"}, "heightStatus": "levels_only_unverified", "source": "OpenStreetMap", "license": "ODbL-1.0"}, "geometry": {"type": "MultiPolygon", "coordinates": [[[[113.9279487, 22.5128081], [113.9279504, 22.5126753], [113.9284914, 22.5126809], [113.9284897, 22.5128139], [113.9279487, 22.5128081]]]]}}, {"type": "Feature", "id": "way/1352480766", "properties": {"tags": {"addr:housename": "招商名仕花园", "addr:housename:en": "Zhaoshang Mingshi Garden", "addr:housename:zh": "招商名仕花园", "building": "apartments", "building:levels": "8", "name": "6栋", "name:en": "Block 6", "name:zh": "6栋"}, "heightStatus": "levels_only_unverified", "source": "OpenStreetMap", "license": "ODbL-1.0"}, "geometry": {"type": "MultiPolygon", "coordinates": [[[[113.9279282, 22.5125258], [113.92793, 22.5123902], [113.9284995, 22.5123967], [113.9284976, 22.5125323], [113.9279282, 22.5125258]]]]}}, {"type": "Feature", "id": "way/1352480767", "properties": {"tags": {"addr:housename": "招商名仕花园", "addr:housename:en": "Zhaoshang Mingshi Garden", "addr:housename:zh": "招商名仕花园", "building": "apartments", "building:levels": "8", "name": "5栋", "name:en": "Block 5", "name:zh": "5栋"}, "heightStatus": "levels_only_unverified", "source": "OpenStreetMap", "license": "ODbL-1.0"}, "geometry": {"type": "MultiPolygon", "coordinates": [[[[113.9279056, 22.5122383], [113.9279065, 22.5121054], [113.9283886, 22.5121082], [113.9283877, 22.5122411], [113.9279056, 22.5122383]]]]}}, {"type": "Feature", "id": "way/1352480768", "properties": {"tags": {"addr:housename": "招商名仕花园", "addr:housename:en": "Zhaoshang Mingshi Garden", "addr:housename:zh": "招商名仕花园", "building": "apartments", "building:levels": "8", "name": "4栋", "name:en": "Block 4", "name:zh": "4栋"}, "heightStatus": "levels_only_unverified", "source": "OpenStreetMap", "license": "ODbL-1.0"}, "geometry": {"type": "MultiPolygon", "coordinates": [[[[113.9278899, 22.5119707], [113.9278908, 22.5118379], [113.9283729, 22.5118406], [113.928372, 22.5119736], [113.9278899, 22.5119707]]]]}}, {"type": "Feature", "id": "way/1352480769", "properties": {"tags": {"addr:housename": "招商名仕花园", "addr:housename:en": "Zhaoshang Mingshi Garden", "addr:housename:zh": "招商名仕花园", "building": "apartments", "building:levels": "8", "name": "3栋", "name:en": "Block 3", "name:zh": "3栋"}, "heightStatus": "levels_only_unverified", "source": "OpenStreetMap", "license": "ODbL-1.0"}, "geometry": {"type": "MultiPolygon", "coordinates": [[[[113.9278668, 22.5116929], [113.9278686, 22.5115574], [113.9284381, 22.5115638], [113.9284362, 22.5116995], [113.9278668, 22.5116929]]]]}}, {"type": "Feature", "id": "way/1352480770", "properties": {"tags": {"addr:housename": "招商名仕花园", "addr:housename:en": "Zhaoshang Mingshi Garden", "addr:housename:zh": "招商名仕花园", "building": "apartments", "building:levels": "8", "name": "2栋", "name:en": "Block 2", "name:zh": "2栋"}, "heightStatus": "levels_only_unverified", "source": "OpenStreetMap", "license": "ODbL-1.0"}, "geometry": {"type": "MultiPolygon", "coordinates": [[[[113.9278455, 22.5114145], [113.9278479, 22.5112789], [113.928439, 22.511288], [113.9284366, 22.5114236], [113.9278455, 22.5114145]]]]}}, {"type": "Feature", "id": "way/1352480771", "properties": {"tags": {"addr:housename": "招商名仕花园", "addr:housename:en": "Zhaoshang Mingshi Garden", "addr:housename:zh": "招商名仕花园", "building": "apartments", "building:levels": "8", "name": "1栋", "name:en": "Block 1", "name:zh": "1栋"}, "heightStatus": "levels_only_unverified", "source": "OpenStreetMap", "license": "ODbL-1.0"}, "geometry": {"type": "MultiPolygon", "coordinates": [[[[113.9278328, 22.5111534], [113.9278342, 22.511033], [113.9285229, 22.5110398], [113.9285214, 22.5111604], [113.9278328, 22.5111534]]]]}}, {"type": "Feature", "id": "way/1352480772", "properties": {"tags": {"addr:housename": "招商名仕花园", "addr:housename:en": "Zhaoshang Mingshi Garden", "addr:housename:zh": "招商名仕花园", "building": "apartments", "building:levels": "8", "name": "8栋", "name:en": "Block 8", "name:zh": "8栋"}, "heightStatus": "levels_only_unverified", "source": "OpenStreetMap", "license": "ODbL-1.0"}, "geometry": {"type": "MultiPolygon", "coordinates": [[[[113.9286419, 22.5110962], [113.9286429, 22.510977], [113.9291641, 22.5109809], [113.9291631, 22.5111001], [113.9286419, 22.5110962]]]]}}, {"type": "Feature", "id": "way/1352480773", "properties": {"tags": {"addr:housename": "招商名仕花园", "addr:housename:en": "Zhaoshang Mingshi Garden", "addr:housename:zh": "招商名仕花园", "building": "apartments", "building:levels": "8", "name": "9栋", "name:en": "Block 9", "name:zh": "9栋"}, "heightStatus": "levels_only_unverified", "source": "OpenStreetMap", "license": "ODbL-1.0"}, "geometry": {"type": "MultiPolygon", "coordinates": [[[[113.9286358, 22.5113648], [113.9286369, 22.5112457], [113.929158, 22.5112495], [113.929157, 22.5113688], [113.9286358, 22.5113648]]]]}}, {"type": "Feature", "id": "way/1352480774", "properties": {"tags": {"addr:housename": "招商名仕花园", "addr:housename:en": "Zhaoshang Mingshi Garden", "addr:housename:zh": "招商名仕花园", "building": "apartments", "building:levels": "8", "name": "10栋", "name:en": "Block 10", "name:zh": "10栋"}, "heightStatus": "levels_only_unverified", "source": "OpenStreetMap", "license": "ODbL-1.0"}, "geometry": {"type": "MultiPolygon", "coordinates": [[[[113.9286267, 22.5116327], [113.9286277, 22.5115136], [113.9291489, 22.5115174], [113.9291478, 22.5116366], [113.9286267, 22.5116327]]]]}}, {"type": "Feature", "id": "way/1352480775", "properties": {"tags": {"addr:housename": "招商名仕花园", "addr:housename:en": "Zhaoshang Mingshi Garden", "addr:housename:zh": "招商名仕花园", "building": "apartments", "building:levels": "8", "name": "13栋", "name:en": "Block 13", "name:zh": "13栋"}, "heightStatus": "levels_only_unverified", "source": "OpenStreetMap", "license": "ODbL-1.0"}, "geometry": {"type": "MultiPolygon", "coordinates": [[[[113.9286158, 22.5124718], [113.9286168, 22.5123527], [113.9291379, 22.5123565], [113.9291369, 22.5124757], [113.9286158, 22.5124718]]]]}}, {"type": "Feature", "id": "way/1352480776", "properties": {"tags": {"addr:housename": "招商名仕花园", "addr:housename:en": "Zhaoshang Mingshi Garden", "addr:housename:zh": "招商名仕花园", "building": "apartments", "building:levels": "8", "name": "14栋", "name:en": "Block 14", "name:zh": "14栋"}, "heightStatus": "levels_only_unverified", "source": "OpenStreetMap", "license": "ODbL-1.0"}, "geometry": {"type": "MultiPolygon", "coordinates": [[[[113.9286119, 22.5127418], [113.928613, 22.5126227], [113.9291341, 22.5126265], [113.9291331, 22.5127457], [113.9286119, 22.5127418]]]]}}, {"type": "Feature", "id": "way/1352480778", "properties": {"tags": {"addr:housename": "招商名仕花园", "addr:housename:en": "Zhaoshang Mingshi Garden", "addr:housename:zh": "招商名仕花园", "building": "apartments", "building:levels": "8", "name": "11栋", "name:en": "Block 11", "name:zh": "11栋"}, "heightStatus": "levels_only_unverified", "source": "OpenStreetMap", "license": "ODbL-1.0"}, "geometry": {"type": "MultiPolygon", "coordinates": [[[[113.9288907, 22.5119236], [113.9288914, 22.5118045], [113.9291508, 22.5118056], [113.9291502, 22.5119248], [113.9288907, 22.5119236]]]]}}, {"type": "Feature", "id": "way/1352480779", "properties": {"tags": {"addr:housename": "招商名仕花园", "addr:housename:en": "Zhaoshang Mingshi Garden", "addr:housename:zh": "招商名仕花园", "building": "apartments", "building:levels": "8", "name": "12栋", "name:en": "Block 12", "name:zh": "12栋"}, "heightStatus": "levels_only_unverified", "source": "OpenStreetMap", "license": "ODbL-1.0"}, "geometry": {"type": "MultiPolygon", "coordinates": [[[[113.9288891, 22.512205], [113.9288897, 22.5120859], [113.9291492, 22.512087], [113.9291485, 22.5122062], [113.9288891, 22.512205]]]]}}, {"type": "Feature", "id": "way/1352480780", "properties": {"tags": {"addr:city": "深圳市", "addr:district": "南山区", "addr:housenumber": "2248", "addr:province": "广东省", "addr:street": "后海大道", "building": "residential", "building:levels": "12", "building:levels:underground": "1", "name": "10栋"}, "heightStatus": "levels_only_unverified", "source": "OpenStreetMap", "license": "ODbL-1.0"}, "geometry": {"type": "MultiPolygon", "coordinates": [[[[113.928235, 22.5133395], [113.9282367, 22.5132597], [113.9282769, 22.5132604], [113.9282789, 22.5131679], [113.9283336, 22.5131689], [113.9283339, 22.5131561], [113.9284177, 22.5131576], [113.9284175, 22.5131704], [113.9284791, 22.5131715], [113.9284777, 22.5132408], [113.9284276, 22.5132399], [113.9284271, 22.5132631], [113.9285954, 22.5132661], [113.9285959, 22.5132436], [113.9285456, 22.5132427], [113.9285471, 22.5131727], [113.9286124, 22.5131739], [113.9286128, 22.5131537], [113.9287071, 22.5131554], [113.9287067, 22.5131756], [113.9287613, 22.5131765], [113.9287597, 22.5132565], [113.9287193, 22.5132558], [113.928719, 22.5132683], [113.9287875, 22.5132695], [113.9287858, 22.5133492], [113.9287002, 22.5133477], [113.9286999, 22.5133633], [113.9286545, 22.5133624], [113.9286548, 22.5133469], [113.9286239, 22.5133464], [113.9286236, 22.5133616], [113.9285813, 22.5133609], [113.9285817, 22.5133456], [113.9285274, 22.5133447], [113.9285278, 22.5133274], [113.9284834, 22.5133266], [113.9284831, 22.5133439], [113.9284269, 22.5133429], [113.9284266, 22.5133608], [113.9283817, 22.51336], [113.9283821, 22.5133421], [113.9283391, 22.5133413], [113.9283388, 22.5133594], [113.928304, 22.5133588], [113.9283044, 22.5133407], [113.928235, 22.5133395]]]]}}, {"type": "Feature", "id": "way/1352480781", "properties": {"tags": {"building": "retail", "building:levels": "3"}, "heightStatus": "levels_only_unverified", "source": "OpenStreetMap", "license": "ODbL-1.0"}, "geometry": {"type": "MultiPolygon", "coordinates": [[[[113.9279459, 22.5137339], [113.9279493, 22.5133192], [113.9279695, 22.51332], [113.9279699, 22.51329], [113.9279722, 22.5132632], [113.9279757, 22.5132369], [113.927983, 22.5132145], [113.9279947, 22.513195], [113.9280081, 22.5131802], [113.9280234, 22.5131688], [113.9280392, 22.5131623], [113.9280396, 22.5131411], [113.9282777, 22.5131449], [113.9282789, 22.5131679], [113.9282769, 22.5132604], [113.9282367, 22.5132597], [113.928235, 22.5133395], [113.9282342, 22.513406], [113.9281911, 22.5134055], [113.9281866, 22.5137366], [113.9281184, 22.5137358], [113.9281187, 22.5137142], [113.9281378, 22.5137144], [113.9281386, 22.5136499], [113.9281076, 22.5136496], [113.9281078, 22.5136353], [113.9280395, 22.5136346], [113.9280394, 22.5136489], [113.9280047, 22.5136485], [113.9280039, 22.5137131], [113.9280192, 22.5137132], [113.9280189, 22.5137347], [113.9279459, 22.5137339]]]]}}, {"type": "Feature", "id": "way/1352480782", "properties": {"tags": {"addr:housename": "文德福花园", "addr:housename:en": "Wonderful Garden", "addr:housename:zh": "文德福花园", "building": "apartments", "building:levels": "11", "name": "5栋", "name:en": "Block 5", "name:zh": "5栋"}, "heightStatus": "levels_only_unverified", "source": "OpenStreetMap", "license": "ODbL-1.0"}, "geometry": {"type": "MultiPolygon", "coordinates": [[[[113.9276775, 22.5094699], [113.9276798, 22.509252], [113.9277931, 22.5092531], [113.927792, 22.509359], [113.9278453, 22.5093595], [113.9278446, 22.5094205], [113.9278677, 22.5094207], [113.9278685, 22.5093311], [113.9280161, 22.5093322], [113.9280153, 22.5094214], [113.9280577, 22.5094217], [113.9280585, 22.5093321], [113.9282059, 22.5093332], [113.9282051, 22.5094224], [113.9282234, 22.5094226], [113.9282226, 22.5095011], [113.9278439, 22.5094982], [113.9278441, 22.5094714], [113.9276775, 22.5094699]]]]}}, {"type": "Feature", "id": "way/1352480792", "properties": {"tags": {"addr:housename": "文德福花园", "addr:housename:en": "Wonderful Garden", "addr:housename:zh": "文德福花园", "building": "apartments", "building:levels": "11", "name": "4栋", "name:en": "Block 4", "name:zh": "4栋"}, "heightStatus": "levels_only_unverified", "source": "OpenStreetMap", "license": "ODbL-1.0"}, "geometry": {"type": "MultiPolygon", "coordinates": [[[[113.9281528, 22.5091638], [113.9281538, 22.5090731], [113.9282109, 22.5090736], [113.9282112, 22.5090424], [113.9283197, 22.5090435], [113.9283193, 22.509071], [113.928364, 22.5090714], [113.9283632, 22.5091355], [113.9284025, 22.5091363], [113.9284017, 22.5092153], [113.9282781, 22.5092147], [113.9282787, 22.509165], [113.9281528, 22.5091638]]]]}}, {"type": "Feature", "id": "way/1352480793", "properties": {"tags": {"building": "apartments", "building:levels": "11"}, "heightStatus": "levels_only_unverified", "source": "OpenStreetMap", "license": "ODbL-1.0"}, "geometry": {"type": "MultiPolygon", "coordinates": [[[[113.9284017, 22.5092153], [113.9284025, 22.5091363], [113.928425, 22.5091364], [113.9284258, 22.509047], [113.9285744, 22.5090482], [113.9285735, 22.5091375], [113.9285918, 22.5091377], [113.928591, 22.5092168], [113.9284017, 22.5092153]]]]}}, {"type": "Feature", "id": "way/1352480801", "properties": {"tags": {"addr:housename": "文德福花园", "addr:housename:en": "Wonderful Garden", "addr:housename:zh": "文德福花园", "building": "apartments", "building:levels": "20", "name": "6栋", "name:en": "Block 6", "name:zh": "6栋"}, "heightStatus": "levels_only_unverified", "source": "OpenStreetMap", "license": "ODbL-1.0"}, "geometry": {"type": "MultiPolygon", "coordinates": [[[[113.9282591, 22.5101765], [113.9282742, 22.5096085], [113.9285555, 22.5096149], [113.9285521, 22.5097386], [113.9284389, 22.509736], [113.9284373, 22.5097983], [113.9283992, 22.5097974], [113.9283943, 22.5099788], [113.9284231, 22.5099794], [113.9284212, 22.5100509], [113.9285581, 22.510054], [113.9285547, 22.5101832], [113.9282591, 22.5101765]]]]}}, {"type": "Feature", "id": "way/1352480818", "properties": {"tags": {"building": "yes", "building:levels": "11"}, "heightStatus": "levels_only_unverified", "source": "OpenStreetMap", "license": "ODbL-1.0"}, "geometry": {"type": "MultiPolygon", "coordinates": [[[[113.9303812, 22.5157246], [113.930387, 22.5153114], [113.9308354, 22.5153169], [113.9308344, 22.5153876], [113.930913, 22.5153886], [113.930996, 22.5153896], [113.930997, 22.5153202], [113.9314147, 22.5153254], [113.9315169, 22.5157206], [113.9314755, 22.5157297], [113.9315214, 22.5159074], [113.931417, 22.5159304], [113.9313978, 22.515856], [113.9311324, 22.5159146], [113.9311032, 22.5158017], [113.9313873, 22.515739], [113.9313815, 22.5157167], [113.9314205, 22.5157081], [113.9313534, 22.5154485], [113.9313025, 22.5154092], [113.9310988, 22.5154068], [113.9310974, 22.5155095], [113.9309094, 22.5155073], [113.9307196, 22.5155051], [113.9307211, 22.5153974], [113.9304991, 22.5153947], [113.9304945, 22.515726], [113.9303812, 22.5157246]]]]}}, {"type": "Feature", "id": "way/1352480825", "properties": {"tags": {"amenity": "kindergarten", "building": "yes", "education": "kindergarten", "name": "北师大浪琴屿幼儿园"}, "heightStatus": "unknown", "source": "OpenStreetMap", "license": "ODbL-1.0"}, "geometry": {"type": "MultiPolygon", "coordinates": [[[[113.9303834, 22.5159784], [113.9303846, 22.5158745], [113.9305038, 22.5158757], [113.9305046, 22.5158057], [113.9308107, 22.5158087], [113.9308096, 22.5159088], [113.9305606, 22.5159064], [113.9305585, 22.5160953], [113.9306289, 22.516096], [113.9306284, 22.5161349], [113.9305118, 22.5161338], [113.9305123, 22.516093], [113.9304177, 22.516092], [113.9304191, 22.5159788], [113.9303834, 22.5159784]]]]}}, {"type": "Feature", "id": "way/1352841361", "properties": {"tags": {"building": "apartments", "building:levels": "32", "layer": "1"}, "heightStatus": "levels_only_unverified", "source": "OpenStreetMap", "license": "ODbL-1.0"}, "geometry": {"type": "MultiPolygon", "coordinates": [[[[113.9291092, 22.5171752], [113.9292573, 22.5171387], [113.9292017, 22.5170915], [113.9293, 22.5169925], [113.9293445, 22.5170303], [113.9293608, 22.5169811], [113.9294904, 22.5170178], [113.9294675, 22.5170869], [113.9297436, 22.5170188], [113.9296853, 22.5169684], [113.9297865, 22.5168685], [113.9298311, 22.5169071], [113.9298471, 22.5168575], [113.9299785, 22.5168938], [113.9299549, 22.5169667], [113.9301004, 22.5169309], [113.9301209, 22.5170021], [113.9291297, 22.5172464], [113.9291092, 22.5171752]]]]}}, {"type": "Feature", "id": "way/1352841362", "properties": {"tags": {"building": "apartments", "building:levels": "32", "name": "3栋"}, "heightStatus": "levels_only_unverified", "source": "OpenStreetMap", "license": "ODbL-1.0"}, "geometry": {"type": "MultiPolygon", "coordinates": [[[[113.9290222, 22.5160923], [113.9290231, 22.5159927], [113.9290961, 22.5159933], [113.9290968, 22.5159209], [113.9292687, 22.5159223], [113.929268, 22.5159947], [113.9293456, 22.5159953], [113.9293447, 22.5160948], [113.9290222, 22.5160923]]]]}}, {"type": "Feature", "id": "way/1352841363", "properties": {"tags": {"building": "apartments", "building:levels": "32", "layer": "1", "name": "5B栋"}, "heightStatus": "levels_only_unverified", "source": "OpenStreetMap", "license": "ODbL-1.0"}, "geometry": {"type": "MultiPolygon", "coordinates": [[[[113.9280163, 22.5165101], [113.9280166, 22.5164104], [113.9280895, 22.5164106], [113.9280897, 22.5163382], [113.9282616, 22.5163387], [113.9282614, 22.5164111], [113.928339, 22.5164113], [113.9283387, 22.5165108], [113.9280163, 22.5165101]]]]}}, {"type": "Feature", "id": "way/1352841364", "properties": {"tags": {"building": "apartments", "building:levels": "26", "name": "5A栋"}, "heightStatus": "levels_only_unverified", "source": "OpenStreetMap", "license": "ODbL-1.0"}, "geometry": {"type": "MultiPolygon", "coordinates": [[[[113.9280102, 22.5160435], [113.928011, 22.5158513], [113.9282683, 22.5158522], [113.9282677, 22.5159899], [113.9281083, 22.5159893], [113.9281081, 22.5160439], [113.9280102, 22.5160435]]]]}}, {"type": "Feature", "id": "way/1352841365", "properties": {"tags": {"building": "retail"}, "heightStatus": "unknown", "source": "OpenStreetMap", "license": "ODbL-1.0"}, "geometry": {"type": "MultiPolygon", "coordinates": [[[[113.9280081, 22.5165168], [113.9280102, 22.5160435], [113.9281081, 22.5160439], [113.9281083, 22.5159893], [113.9282677, 22.5159899], [113.9282683, 22.5158522], [113.9283454, 22.5158525], [113.9283426, 22.516518], [113.9280081, 22.5165168]]]]}}, {"type": "Feature", "id": "way/1356839141", "properties": {"tags": {"building": "commercial", "building:levels": "43", "building:levels:underground": "4", "building:material": "mirror", "height": "258", "name": "海能达全球总部大厦"}, "heightStatus": "height_tag_unverified", "source": "OpenStreetMap", "license": "ODbL-1.0"}, "geometry": {"type": "MultiPolygon", "coordinates": [[[[113.9339021, 22.5109056], [113.9339108, 22.5104895], [113.9339202, 22.510043], [113.9343883, 22.5100514], [113.9343789, 22.5104979], [113.9343702, 22.510914], [113.9339021, 22.5109056]]]]}}, {"type": "Feature", "id": "way/1356839142", "properties": {"tags": {"building:levels": "43", "building:material": "mirror", "building:part": "yes", "height": "258"}, "heightStatus": "height_tag_unverified", "source": "OpenStreetMap", "license": "ODbL-1.0"}, "geometry": {"type": "MultiPolygon", "coordinates": [[[[113.9339108, 22.5104895], [113.9339202, 22.510043], [113.9343883, 22.5100514], [113.9343789, 22.5104979], [113.9339108, 22.5104895]]]]}}, {"type": "Feature", "id": "way/1356839143", "properties": {"tags": {"building:levels": "9", "building:material": "mirror", "building:part": "yes"}, "heightStatus": "levels_only_unverified", "source": "OpenStreetMap", "license": "ODbL-1.0"}, "geometry": {"type": "MultiPolygon", "coordinates": [[[[113.9339021, 22.5109056], [113.9339108, 22.5104895], [113.9343789, 22.5104979], [113.9343702, 22.510914], [113.9339021, 22.5109056]]]]}}, {"type": "Feature", "id": "way/1415189513", "properties": {"tags": {"building:levels": "27", "building:material": "glass", "building:part": "yes"}, "heightStatus": "levels_only_unverified", "source": "OpenStreetMap", "license": "ODbL-1.0"}, "geometry": {"type": "MultiPolygon", "coordinates": [[[[113.9359904, 22.5151355], [113.9364916, 22.5150129], [113.9365986, 22.5153862], [113.9360974, 22.5155088], [113.9359904, 22.5151355]]]]}}, {"type": "Feature", "id": "way/1415189514", "properties": {"tags": {"building": "construction", "building:levels": "32", "building:levels:underground": "4", "building:material": "glass", "construction": "commercial", "height": "150", "name": "深圳字节跳动后海中心"}, "heightStatus": "height_tag_unverified", "source": "OpenStreetMap", "license": "ODbL-1.0"}, "geometry": {"type": "MultiPolygon", "coordinates": [[[[113.9359704, 22.5150657], [113.9364715, 22.5149431], [113.9364916, 22.5150129], [113.9365986, 22.5153862], [113.9360974, 22.5155088], [113.9359904, 22.5151355], [113.9359704, 22.5150657]]]]}}, {"type": "Feature", "id": "way/1415189515", "properties": {"tags": {"building:levels": "5", "building:material": "glass", "building:part": "yes"}, "heightStatus": "levels_only_unverified", "source": "OpenStreetMap", "license": "ODbL-1.0"}, "geometry": {"type": "MultiPolygon", "coordinates": [[[[113.9359704, 22.5150657], [113.9364715, 22.5149431], [113.9364916, 22.5150129], [113.9359904, 22.5151355], [113.9359704, 22.5150657]]]]}}]}