{"type": "FeatureCollection", "features": [{"type": "Feature", "id": "way/246095479", "properties": {"tags": {"amenity": "fuel", "brand": "中国石化", "brand:en": "Sinopec", "brand:wikidata": "Q831445", "brand:wikipedia": "en:Sinopec", "brand:zh": "中国石化", "building": "yes", "name": "中国石化", "name:en": "Sinopec", "name:zh": "中国石化", "name:zh-Hans": "中国石化", "name:zh-Hant": "中國石化"}, "heightStatus": "unknown", "source": "OpenStreetMap", "license": "ODbL-1.0"}, "geometry": {"type": "MultiPolygon", "coordinates": [[[[113.9291092, 22.4950211], [113.9291729, 22.4947738], [113.9293613, 22.4948152], [113.9292976, 22.4950625], [113.9291092, 22.4950211]]]]}}, {"type": "Feature", "id": "way/542876252", "properties": {"tags": {"building": "school"}, "heightStatus": "unknown", "source": "OpenStreetMap", "license": "ODbL-1.0"}, "geometry": {"type": "MultiPolygon", "coordinates": [[[[113.9303923, 22.4989049], [113.9304288, 22.4987618], [113.9304568, 22.4986521], [113.9308893, 22.4987463], [113.9308248, 22.4989991], [113.9303923, 22.4989049]]]]}}, {"type": "Feature", "id": "relation/7759957", "properties": {"tags": {"building": "school"}, "heightStatus": "unknown", "source": "OpenStreetMap", "license": "ODbL-1.0"}, "geometry": {"type": "MultiPolygon", "coordinates": [[[[113.9300816, 22.4996015], [113.9300824, 22.4995436], [113.9301023, 22.4993842], [113.9301416, 22.4993877], [113.9301814, 22.4993229], [113.930112, 22.4993126], [113.9301243, 22.499242], [113.9303793, 22.4992775], [113.9304082, 22.4990909], [113.9301695, 22.4990601], [113.9302061, 22.4988253], [113.9302212, 22.4988007], [113.9302457, 22.4987794], [113.93028, 22.4987639], [113.9303293, 22.4987552], [113.9303819, 22.498755], [113.9304288, 22.4987618], [113.9303923, 22.4989049], [113.9303603, 22.4989017], [113.9303484, 22.498998], [113.9306897, 22.4990431], [113.9306771, 22.4991323], [113.9304904, 22.4991066], [113.9304616, 22.4992904], [113.9306404, 22.4993168], [113.9306261, 22.4994156], [113.9304519, 22.4993921], [113.9304313, 22.4995296], [113.9304757, 22.4995356], [113.9304603, 22.4996332], [113.9302383, 22.4996033], [113.9302421, 22.4996383], [113.9302592, 22.4996699], [113.9302829, 22.499687], [113.9303218, 22.4997031], [113.9304359, 22.4997174], [113.9304188, 22.4998494], [113.9303123, 22.4998381], [113.9302616, 22.499828], [113.9302156, 22.4998075], [113.9301778, 22.4997839], [113.9301432, 22.499752], [113.9301134, 22.4997083], [113.9300923, 22.4996576], [113.9300816, 22.4996015]], [[113.9302216, 22.4995087], [113.9303722, 22.4995287], [113.9303952, 22.4993814], [113.9302445, 22.4993614], [113.9302216, 22.4995087]]]]}}, {"type": "Feature", "id": "way/542876255", "properties": {"tags": {"building": "school"}, "heightStatus": "unknown", "source": "OpenStreetMap", "license": "ODbL-1.0"}, "geometry": {"type": "MultiPolygon", "coordinates": [[[[113.9304635, 22.4998957], [113.9304851, 22.4997725], [113.930784, 22.4998173], [113.9307624, 22.4999405], [113.9304635, 22.4998957]]]]}}, {"type": "Feature", "id": "way/903452935", "properties": {"tags": {"building": "apartments", "building:levels": "34"}, "heightStatus": "levels_only_unverified", "source": "OpenStreetMap", "license": "ODbL-1.0"}, "geometry": {"type": "MultiPolygon", "coordinates": [[[[113.9281029, 22.4913358], [113.9281617, 22.4910185], [113.9283445, 22.4908976], [113.9284415, 22.4910228], [113.9283205, 22.4911028], [113.9282723, 22.4913626], [113.9281029, 22.4913358]]]]}}, {"type": "Feature", "id": "way/903452937", "properties": {"tags": {"building": "residential", "building:levels": "33"}, "heightStatus": "levels_only_unverified", "source": "OpenStreetMap", "license": "ODbL-1.0"}, "geometry": {"type": "MultiPolygon", "coordinates": [[[[113.9286868, 22.4912269], [113.928814, 22.4911357], [113.9288459, 22.4911737], [113.9288834, 22.4911779], [113.9289221, 22.4911511], [113.929022, 22.4912742], [113.928971, 22.4913096], [113.9290019, 22.4913478], [113.9289284, 22.4913987], [113.9288598, 22.4913142], [113.9288901, 22.4912933], [113.9288106, 22.4912873], [113.9288256, 22.4913051], [113.9288147, 22.4913129], [113.9288271, 22.4913276], [113.9287716, 22.4913675], [113.9287549, 22.4913476], [113.9287338, 22.4913627], [113.9286925, 22.4913136], [113.9287545, 22.4912691], [113.9287451, 22.4912579], [113.928725, 22.4912723], [113.9286868, 22.4912269]]]]}}, {"type": "Feature", "id": "way/903452939", "properties": {"tags": {"building": "residential", "building:levels": "33"}, "heightStatus": "levels_only_unverified", "source": "OpenStreetMap", "license": "ODbL-1.0"}, "geometry": {"type": "MultiPolygon", "coordinates": [[[[113.9292697, 22.4913094], [113.9294019, 22.4912145], [113.92943, 22.4912479], [113.9294909, 22.4912042], [113.9296161, 22.4913532], [113.9295474, 22.4914025], [113.9296222, 22.4914915], [113.9295586, 22.4915371], [113.9294433, 22.4914], [113.929421, 22.491416], [113.9293752, 22.4913615], [113.9293367, 22.4913891], [113.9292697, 22.4913094]]]]}}, {"type": "Feature", "id": "way/969470011", "properties": {"tags": {"building": "school", "name": "深圳市蛇口育才教育集团第四小学", "name:en": "No.4 Primary School of Shekou Yucai Education Group, Shenzhen"}, "heightStatus": "unknown", "source": "OpenStreetMap", "license": "ODbL-1.0"}, "geometry": {"type": "MultiPolygon", "coordinates": [[[[113.931841, 22.4983087], [113.9318828, 22.4981388], [113.9319278, 22.4981482], [113.932001, 22.4978506], [113.9319377, 22.4978372], [113.9319645, 22.4977284], [113.9320278, 22.4977417], [113.9321047, 22.4974295], [113.9320409, 22.4974161], [113.9320842, 22.4972403], [113.9321736, 22.4972591], [113.9321883, 22.4972845], [113.9322317, 22.497289], [113.932211, 22.4973387], [113.9323905, 22.4973723], [113.9324127, 22.4973459], [113.932493, 22.4973537], [113.9324952, 22.4973889], [113.932657, 22.4974249], [113.932679, 22.4974351], [113.9327263, 22.4974118], [113.9327452, 22.497438], [113.9327058, 22.4974686], [113.9326129, 22.4975442], [113.9325341, 22.4976199], [113.9324617, 22.497745], [113.9324154, 22.4978619], [113.932521, 22.4978781], [113.9325179, 22.4979312], [113.9323951, 22.4979122], [113.9323809, 22.4979675], [113.9324078, 22.4979749], [113.9324127, 22.498005], [113.9324356, 22.4981265], [113.9324398, 22.4981459], [113.9324434, 22.4981639], [113.9324506, 22.4981905], [113.9324646, 22.4982191], [113.9325323, 22.4982335], [113.9325945, 22.4982624], [113.9326474, 22.498304], [113.9326882, 22.498356], [113.9327145, 22.4984155], [113.9327216, 22.4984607], [113.9327056, 22.4985044], [113.9326717, 22.4985382], [113.9326259, 22.4985564], [113.932576, 22.4985563], [113.9325114, 22.4985366], [113.9324532, 22.4985042], [113.9324043, 22.4984606], [113.9323671, 22.498408], [113.9323435, 22.4983491], [113.932047, 22.498288], [113.9320321, 22.4983489], [113.931841, 22.4983087]]]]}}, {"type": "Feature", "id": "way/998073141", "properties": {"tags": {"building": "yes", "building:levels": "32"}, "heightStatus": "levels_only_unverified", "source": "OpenStreetMap", "license": "ODbL-1.0"}, "geometry": {"type": "MultiPolygon", "coordinates": [[[[113.9347108, 22.4928794], [113.934941, 22.4927043], [113.9348013, 22.4925474], [113.9349828, 22.4924093], [113.9352212, 22.4926769], [113.9350457, 22.4928104], [113.9351806, 22.4929618], [113.9350098, 22.4930917], [113.9349338, 22.4930063], [113.9348683, 22.4930561], [113.9347108, 22.4928794]]]]}}, {"type": "Feature", "id": "way/998073142", "properties": {"tags": {"building": "yes", "building:levels": "32"}, "heightStatus": "levels_only_unverified", "source": "OpenStreetMap", "license": "ODbL-1.0"}, "geometry": {"type": "MultiPolygon", "coordinates": [[[[113.9345181, 22.4937181], [113.9347483, 22.4935431], [113.9346085, 22.4933862], [113.9347901, 22.4932481], [113.9350285, 22.4935157], [113.9348529, 22.4936492], [113.9349878, 22.4938005], [113.9348171, 22.4939304], [113.934741, 22.4938451], [113.9346755, 22.4938949], [113.9345181, 22.4937181]]]]}}, {"type": "Feature", "id": "way/998073143", "properties": {"tags": {"building": "yes", "building:levels": "22"}, "heightStatus": "levels_only_unverified", "source": "OpenStreetMap", "license": "ODbL-1.0"}, "geometry": {"type": "MultiPolygon", "coordinates": [[[[113.935223, 22.4939163], [113.9352419, 22.4938352], [113.9353264, 22.493852], [113.9353472, 22.4937627], [113.935487, 22.4937905], [113.9354648, 22.4938858], [113.9356958, 22.4939316], [113.9357203, 22.4938262], [113.9358713, 22.4938562], [113.9358446, 22.4939708], [113.9359406, 22.4939899], [113.9359252, 22.494056], [113.935223, 22.4939163]]]]}}, {"type": "Feature", "id": "way/998073144", "properties": {"tags": {"building": "yes", "building:levels": "22"}, "heightStatus": "levels_only_unverified", "source": "OpenStreetMap", "license": "ODbL-1.0"}, "geometry": {"type": "MultiPolygon", "coordinates": [[[[113.9355839, 22.4932709], [113.9356121, 22.4931518], [113.935925, 22.493215], [113.9360679, 22.4934031], [113.9359749, 22.4934633], [113.9360541, 22.4935676], [113.9359633, 22.4936264], [113.9358826, 22.4935201], [113.9359311, 22.4934887], [113.9358561, 22.4933899], [113.9359157, 22.4933512], [113.9358742, 22.4932966], [113.9358148, 22.4932846], [113.9358073, 22.4933161], [113.9355839, 22.4932709]]]]}}, {"type": "Feature", "id": "way/998073145", "properties": {"tags": {"building": "yes", "building:levels": "22"}, "heightStatus": "levels_only_unverified", "source": "OpenStreetMap", "license": "ODbL-1.0"}, "geometry": {"type": "MultiPolygon", "coordinates": [[[[113.9357049, 22.4927347], [113.9357331, 22.4926155], [113.9360461, 22.4926788], [113.9361889, 22.4928669], [113.936096, 22.4929271], [113.9361752, 22.4930313], [113.9360844, 22.4930901], [113.9360037, 22.4929838], [113.9360521, 22.4929524], [113.9359771, 22.4928536], [113.9360368, 22.492815], [113.9359953, 22.4927604], [113.9359358, 22.4927484], [113.9359284, 22.4927798], [113.9357049, 22.4927347]]]]}}, {"type": "Feature", "id": "way/1049272567", "properties": {"tags": {"building": "public", "building:levels": "3", "height": "23.7", "name": "蛇口文体中心", "name:en": "Shekou Cultural and Sports Center", "name:zh": "蛇口文体中心"}, "heightStatus": "height_tag_unverified", "source": "OpenStreetMap", "license": "ODbL-1.0"}, "geometry": {"type": "MultiPolygon", "coordinates": [[[[113.9322713, 22.4969842], [113.9322747, 22.4969694], [113.9322982, 22.496866], [113.9323324, 22.4967151], [113.9323364, 22.4966974], [113.9323962, 22.496434], [113.9330717, 22.4965649], [113.9330126, 22.4968249], [113.9329625, 22.4970456], [113.9329386, 22.4971511], [113.9326708, 22.4970992], [113.9326653, 22.4971236], [113.9323369, 22.49706], [113.9323506, 22.4969996], [113.9322713, 22.4969842]]]]}}, {"type": "Feature", "id": "way/1049272568", "properties": {"tags": {"building:levels": "3", "building:part": "yes", "height": "23.7"}, "heightStatus": "height_tag_unverified", "source": "OpenStreetMap", "license": "ODbL-1.0"}, "geometry": {"type": "MultiPolygon", "coordinates": [[[[113.9323324, 22.4967151], [113.9323364, 22.4966974], [113.9323962, 22.496434], [113.9330717, 22.4965649], [113.9330126, 22.4968249], [113.9329625, 22.4970456], [113.93256, 22.4969676], [113.932571, 22.4969189], [113.9326053, 22.4967679], [113.9323324, 22.4967151]]]]}}, {"type": "Feature", "id": "way/1049272569", "properties": {"tags": {"building:levels": "2", "building:part": "yes", "height": "14.65"}, "heightStatus": "height_tag_unverified", "source": "OpenStreetMap", "license": "ODbL-1.0"}, "geometry": {"type": "MultiPolygon", "coordinates": [[[[113.9322982, 22.496866], [113.9323324, 22.4967151], [113.9326053, 22.4967679], [113.932571, 22.4969189], [113.9322982, 22.496866]]]]}}, {"type": "Feature", "id": "way/1049272570", "properties": {"tags": {"building:levels": "1", "building:part": "yes", "height": "9.65"}, "heightStatus": "height_tag_unverified", "source": "OpenStreetMap", "license": "ODbL-1.0"}, "geometry": {"type": "MultiPolygon", "coordinates": [[[[113.9322713, 22.4969842], [113.9322747, 22.4969694], [113.9322982, 22.496866], [113.932571, 22.4969189], [113.93256, 22.4969676], [113.9329625, 22.4970456], [113.9329386, 22.4971511], [113.9326708, 22.4970992], [113.9326653, 22.4971236], [113.9323369, 22.49706], [113.9323506, 22.4969996], [113.9322713, 22.4969842]]]]}}, {"type": "Feature", "id": "way/1282947530", "properties": {"tags": {"building": "apartments", "building:levels": "24", "name": "A栋"}, "heightStatus": "levels_only_unverified", "source": "OpenStreetMap", "license": "ODbL-1.0"}, "geometry": {"type": "MultiPolygon", "coordinates": [[[[113.9354643, 22.4947034], [113.9356287, 22.4946023], [113.9355713, 22.4945371], [113.9356913, 22.4944552], [113.9358713, 22.4946673], [113.9357539, 22.4947589], [113.9357017, 22.4946938], [113.93554, 22.494795], [113.9354643, 22.4947034]]]]}}, {"type": "Feature", "id": "way/1282947531", "properties": {"tags": {"building": "apartments", "building:levels": "24", "name": "B栋"}, "heightStatus": "levels_only_unverified", "source": "OpenStreetMap", "license": "ODbL-1.0"}, "geometry": {"type": "MultiPolygon", "coordinates": [[[[113.9354095, 22.495077], [113.9355661, 22.4949735], [113.9355087, 22.4949083], [113.9356365, 22.4948168], [113.9358087, 22.4950385], [113.9356913, 22.4951301], [113.9356391, 22.495065], [113.9354774, 22.4951662], [113.9354095, 22.495077]]]]}}, {"type": "Feature", "id": "way/1282947532", "properties": {"tags": {"building": "apartments", "building:levels": "24", "name": "C栋"}, "heightStatus": "levels_only_unverified", "source": "OpenStreetMap", "license": "ODbL-1.0"}, "geometry": {"type": "MultiPolygon", "coordinates": [[[[113.9353129, 22.4954723], [113.9354773, 22.4953712], [113.9354199, 22.495306], [113.9355399, 22.4952241], [113.9357199, 22.4954362], [113.9356025, 22.4955278], [113.9355503, 22.4954627], [113.9353886, 22.4955639], [113.9353129, 22.4954723]]]]}}, {"type": "Feature", "id": "way/1282947533", "properties": {"tags": {"building": "apartments", "building:levels": "24", "name": "D栋"}, "heightStatus": "levels_only_unverified", "source": "OpenStreetMap", "license": "ODbL-1.0"}, "geometry": {"type": "MultiPolygon", "coordinates": [[[[113.935193, 22.4958989], [113.9353574, 22.4957978], [113.9353, 22.4957326], [113.93542, 22.4956507], [113.9356, 22.4958628], [113.9354826, 22.4959544], [113.9354304, 22.4958893], [113.9352687, 22.4959905], [113.935193, 22.4958989]]]]}}, {"type": "Feature", "id": "way/1302698768", "properties": {"tags": {"building": "train_station", "building:levels": "0", "building:levels:underground": "2", "layer": "-1", "location": "underground", "name": "湾厦站", "name:en": "Wanxia Station", "name:zh": "湾厦站", "name:zh-Hans": "湾厦站", "name:zh-Hant": "灣廈站", "public_transport": "station", "start_date": "2010-12-28", "wikidata": "Q5943390", "wikipedia": "zh:湾厦站"}, "heightStatus": "levels_only_unverified", "source": "OpenStreetMap", "license": "ODbL-1.0"}, "geometry": {"type": "MultiPolygon", "coordinates": [[[[113.9331815, 22.4973107], [113.9332538, 22.4968858], [113.9334898, 22.4969201], [113.9336224, 22.4961408], [113.9333866, 22.4961065], [113.9334115, 22.4959601], [113.933458, 22.4959668], [113.9336505, 22.4948357], [113.9341335, 22.4949059], [113.9341245, 22.4949588], [113.9342352, 22.4949749], [113.9342686, 22.4947789], [113.9343184, 22.4947861], [113.934275, 22.4950407], [113.9341189, 22.4950181], [113.9339676, 22.4959073], [113.933948, 22.4960225], [113.9340379, 22.4960355], [113.9340905, 22.4957266], [113.9341668, 22.4957376], [113.9341023, 22.4961167], [113.933944, 22.4960937], [113.9338012, 22.4969325], [113.9339846, 22.4969592], [113.9339112, 22.4973908], [113.9338254, 22.4973783], [113.9338834, 22.497037], [113.9337851, 22.4970228], [113.9335964, 22.498132], [113.9337531, 22.4981548], [113.9337035, 22.4984459], [113.9335478, 22.4984233], [113.9335164, 22.4986076], [113.9335424, 22.4986113], [113.9335174, 22.498758], [113.9334831, 22.498753], [113.9334802, 22.4987704], [113.9334205, 22.4987617], [113.9334232, 22.4987462], [113.9333943, 22.498742], [113.9334495, 22.4984174], [113.9333092, 22.498397], [113.9333073, 22.4984077], [113.9332465, 22.4983989], [113.9332485, 22.4983875], [113.933219, 22.4983832], [113.9332441, 22.4982353], [113.933269, 22.4982389], [113.933387, 22.4975455], [113.9332759, 22.4975294], [113.9332409, 22.4974144], [113.9332567, 22.4973217], [113.9331815, 22.4973107]]]]}}, {"type": "Feature", "id": "way/1351253384", "properties": {"tags": {"building": "apartments", "building:levels": "24"}, "heightStatus": "levels_only_unverified", "source": "OpenStreetMap", "license": "ODbL-1.0"}, "geometry": {"type": "MultiPolygon", "coordinates": [[[[113.9362564, 22.4985963], [113.9363869, 22.4985158], [113.9365583, 22.4987528], [113.9364277, 22.4988334], [113.9362564, 22.4985963]]]]}}, {"type": "Feature", "id": "way/1351253385", "properties": {"tags": {"building": "apartments", "building:levels": "24"}, "heightStatus": "levels_only_unverified", "source": "OpenStreetMap", "license": "ODbL-1.0"}, "geometry": {"type": "MultiPolygon", "coordinates": [[[[113.9363177, 22.4981951], [113.9364483, 22.4981145], [113.9366197, 22.4983516], [113.9364891, 22.4984322], [113.9364034, 22.4983137], [113.9363177, 22.4981951]]]]}}, {"type": "Feature", "id": "way/1351253386", "properties": {"tags": {"building": "apartments", "building:levels": "24"}, "heightStatus": "levels_only_unverified", "source": "OpenStreetMap", "license": "ODbL-1.0"}, "geometry": {"type": "MultiPolygon", "coordinates": [[[[113.9363815, 22.4978199], [113.936512, 22.4977394], [113.9366835, 22.4979765], [113.9365528, 22.4980571], [113.9363815, 22.4978199]]]]}}, {"type": "Feature", "id": "way/1351253387", "properties": {"tags": {"building": "apartments", "building:levels": "24"}, "heightStatus": "levels_only_unverified", "source": "OpenStreetMap", "license": "ODbL-1.0"}, "geometry": {"type": "MultiPolygon", "coordinates": [[[[113.9364499, 22.4974165], [113.9365805, 22.4973359], [113.9367519, 22.497573], [113.9366213, 22.4976536], [113.9364499, 22.4974165]]]]}}, {"type": "Feature", "id": "way/1351253388", "properties": {"tags": {"building": "apartments", "building:levels": "24"}, "heightStatus": "levels_only_unverified", "source": "OpenStreetMap", "license": "ODbL-1.0"}, "geometry": {"type": "MultiPolygon", "coordinates": [[[[113.9364951, 22.4970156], [113.9366257, 22.496935], [113.9367971, 22.4971721], [113.9366665, 22.4972527], [113.9364951, 22.4970156]]]]}}, {"type": "Feature", "id": "way/1351253389", "properties": {"tags": {"building": "house"}, "heightStatus": "unknown", "source": "OpenStreetMap", "license": "ODbL-1.0"}, "geometry": {"type": "MultiPolygon", "coordinates": [[[[113.9368249, 22.4972927], [113.9369949, 22.4971846], [113.9371356, 22.4973735], [113.9370062, 22.4974545], [113.9369652, 22.497481], [113.9368249, 22.4972927]]]]}}, {"type": "Feature", "id": "way/1351253390", "properties": {"tags": {"building": "house"}, "heightStatus": "unknown", "source": "OpenStreetMap", "license": "ODbL-1.0"}, "geometry": {"type": "MultiPolygon", "coordinates": [[[[113.9370062, 22.4974545], [113.9371356, 22.4973735], [113.9371755, 22.4973486], [113.9373528, 22.4975904], [113.9371835, 22.4976963], [113.9370062, 22.4974545]]]]}}, {"type": "Feature", "id": "way/1351253392", "properties": {"tags": {"building": "house"}, "heightStatus": "unknown", "source": "OpenStreetMap", "license": "ODbL-1.0"}, "geometry": {"type": "MultiPolygon", "coordinates": [[[[113.9368089, 22.4977887], [113.9369789, 22.4976807], [113.9370744, 22.4978089], [113.9369044, 22.4979169], [113.9368089, 22.4977887]]]]}}, {"type": "Feature", "id": "way/1351253393", "properties": {"tags": {"building": "house"}, "heightStatus": "unknown", "source": "OpenStreetMap", "license": "ODbL-1.0"}, "geometry": {"type": "MultiPolygon", "coordinates": [[[[113.9369044, 22.4979169], [113.9370744, 22.4978089], [113.9372138, 22.4979961], [113.9370612, 22.4980931], [113.9370438, 22.4981042], [113.9369044, 22.4979169]]]]}}, {"type": "Feature", "id": "way/1351253394", "properties": {"tags": {"building": "house"}, "heightStatus": "unknown", "source": "OpenStreetMap", "license": "ODbL-1.0"}, "geometry": {"type": "MultiPolygon", "coordinates": [[[[113.9370612, 22.4980931], [113.9372138, 22.4979961], [113.9372313, 22.4979852], [113.9373333, 22.4981228], [113.9371631, 22.4982305], [113.9370612, 22.4980931]]]]}}, {"type": "Feature", "id": "way/1351253395", "properties": {"tags": {"building": "house"}, "heightStatus": "unknown", "source": "OpenStreetMap", "license": "ODbL-1.0"}, "geometry": {"type": "MultiPolygon", "coordinates": [[[[113.9371631, 22.4982305], [113.9373333, 22.4981228], [113.9374619, 22.4982964], [113.9372916, 22.4984041], [113.9371631, 22.4982305]]]]}}, {"type": "Feature", "id": "way/1351253396", "properties": {"tags": {"building": "house"}, "heightStatus": "unknown", "source": "OpenStreetMap", "license": "ODbL-1.0"}, "geometry": {"type": "MultiPolygon", "coordinates": [[[[113.9368282, 22.4983911], [113.9369858, 22.4982931], [113.9370562, 22.4983899], [113.9368985, 22.4984878], [113.9368282, 22.4983911]]]]}}, {"type": "Feature", "id": "way/1351253397", "properties": {"tags": {"building": "house"}, "heightStatus": "unknown", "source": "OpenStreetMap", "license": "ODbL-1.0"}, "geometry": {"type": "MultiPolygon", "coordinates": [[[[113.9368985, 22.4984878], [113.9370562, 22.4983899], [113.9371175, 22.498474], [113.9369598, 22.498572], [113.9368985, 22.4984878]]]]}}, {"type": "Feature", "id": "way/1351253398", "properties": {"tags": {"building": "house"}, "heightStatus": "unknown", "source": "OpenStreetMap", "license": "ODbL-1.0"}, "geometry": {"type": "MultiPolygon", "coordinates": [[[[113.9369598, 22.498572], [113.9371175, 22.498474], [113.9371793, 22.4985591], [113.9370216, 22.4986569], [113.9369598, 22.498572]]]]}}, {"type": "Feature", "id": "way/1351253399", "properties": {"tags": {"building": "house"}, "heightStatus": "unknown", "source": "OpenStreetMap", "license": "ODbL-1.0"}, "geometry": {"type": "MultiPolygon", "coordinates": [[[[113.9370216, 22.4986569], [113.9371793, 22.4985591], [113.9372411, 22.4986441], [113.9370834, 22.4987419], [113.9370216, 22.4986569]]]]}}, {"type": "Feature", "id": "way/1351253401", "properties": {"tags": {"building": "house"}, "heightStatus": "unknown", "source": "OpenStreetMap", "license": "ODbL-1.0"}, "geometry": {"type": "MultiPolygon", "coordinates": [[[[113.9372451, 22.4972815], [113.9372954, 22.4972503], [113.9374612, 22.4971476], [113.9376282, 22.4973776], [113.937412, 22.4975115], [113.9372451, 22.4972815]]]]}}, {"type": "Feature", "id": "way/1351253402", "properties": {"tags": {"building": "house"}, "heightStatus": "unknown", "source": "OpenStreetMap", "license": "ODbL-1.0"}, "geometry": {"type": "MultiPolygon", "coordinates": [[[[113.9371375, 22.4970351], [113.9373028, 22.4969316], [113.9374612, 22.4971476], [113.9372954, 22.4972503], [113.9371375, 22.4970351]]]]}}, {"type": "Feature", "id": "way/1351253403", "properties": {"tags": {"building": "house"}, "heightStatus": "unknown", "source": "OpenStreetMap", "license": "ODbL-1.0"}, "geometry": {"type": "MultiPolygon", "coordinates": [[[[113.9368992, 22.4970089], [113.9370405, 22.4969226], [113.9371325, 22.4970513], [113.9369912, 22.4971375], [113.9368992, 22.4970089]]]]}}, {"type": "Feature", "id": "way/1351253404", "properties": {"tags": {"building": "house"}, "heightStatus": "unknown", "source": "OpenStreetMap", "license": "ODbL-1.0"}, "geometry": {"type": "MultiPolygon", "coordinates": [[[[113.9372793, 22.498749], [113.9373902, 22.4986789], [113.9375404, 22.498584], [113.9376098, 22.4986777], [113.9373488, 22.4988427], [113.9372793, 22.498749]]]]}}, {"type": "Feature", "id": "way/1351253414", "properties": {"tags": {"addr:housename": "恒裕滨城二期", "addr:housename:en": "Hengyu Bincheng Phase 2", "addr:housename:zh": "恒裕滨城二期", "building": "apartments", "building:levels": "45", "layer": "2", "name": "4栋", "name:en": "Block 4", "name:zh": "4栋"}, "heightStatus": "levels_only_unverified", "source": "OpenStreetMap", "license": "ODbL-1.0"}, "geometry": {"type": "MultiPolygon", "coordinates": [[[[113.933727, 22.4986911], [113.9337667, 22.4986771], [113.9337325, 22.498594], [113.9339352, 22.4985227], [113.9339696, 22.498606], [113.9340037, 22.498594], [113.9340583, 22.4987265], [113.9339989, 22.4987634], [113.9339308, 22.4987937], [113.9338584, 22.4988107], [113.9337817, 22.4988238], [113.933727, 22.4986911]]]]}}, {"type": "Feature", "id": "way/1351253415", "properties": {"tags": {"addr:housename": "恒裕滨城二期", "addr:housename:en": "Hengyu Bincheng Phase 2", "addr:housename:zh": "恒裕滨城二期", "building": "apartments", "building:levels": "45", "layer": "2", "name": "3栋", "name:en": "Block 3", "name:zh": "3栋"}, "heightStatus": "levels_only_unverified", "source": "OpenStreetMap", "license": "ODbL-1.0"}, "geometry": {"type": "MultiPolygon", "coordinates": [[[[113.9338752, 22.4980875], [113.9339591, 22.4980674], [113.9339334, 22.4979756], [113.9340923, 22.4979378], [113.9341332, 22.498009], [113.934166, 22.4980952], [113.9341817, 22.4981784], [113.9341828, 22.4982617], [113.9342177, 22.4983134], [113.9342368, 22.4983704], [113.9342474, 22.4984327], [113.9342479, 22.498495], [113.9340729, 22.4985367], [113.9340541, 22.4984694], [113.9340082, 22.4984804], [113.9339815, 22.4983847], [113.9340274, 22.4983738], [113.9340077, 22.4983034], [113.9340241, 22.4982995], [113.9340037, 22.4982263], [113.9339195, 22.4982464], [113.9338752, 22.4980875]]]]}}, {"type": "Feature", "id": "way/1351253417", "properties": {"tags": {"addr:housename": "恒裕滨城二期", "addr:housename:en": "Hengyu Bincheng Phase 2", "addr:housename:zh": "恒裕滨城二期", "building": "apartments", "building:levels": "45", "name": "5栋", "name:en": "Block 5", "name:zh": "5栋"}, "heightStatus": "levels_only_unverified", "source": "OpenStreetMap", "license": "ODbL-1.0"}, "geometry": {"type": "MultiPolygon", "coordinates": [[[[113.9343147, 22.4987592], [113.9343301, 22.498619], [113.9344102, 22.4986022], [113.934506, 22.4986013], [113.9345854, 22.4986156], [113.934659, 22.4986498], [113.9347084, 22.4986408], [113.934763, 22.4986392], [113.9348172, 22.498647], [113.9348665, 22.4986664], [113.9348464, 22.4988526], [113.9346374, 22.498835], [113.9346426, 22.4987909], [113.9345549, 22.4987824], [113.9345466, 22.4988603], [113.9343764, 22.4988446], [113.9343848, 22.498766], [113.9343147, 22.4987592]]]]}}, {"type": "Feature", "id": "way/1351253418", "properties": {"tags": {"addr:housename": "恒裕滨城二期", "addr:housename:en": "Hengyu Bincheng Phase 2", "addr:housename:zh": "恒裕滨城二期", "building": "apartments", "building:levels": "45", "layer": "2", "name": "2栋", "name:en": "Block 2", "name:zh": "2栋"}, "heightStatus": "levels_only_unverified", "source": "OpenStreetMap", "license": "ODbL-1.0"}, "geometry": {"type": "MultiPolygon", "coordinates": [[[[113.9340292, 22.4974101], [113.9341142, 22.49739], [113.934089, 22.4972989], [113.9342474, 22.4972615], [113.9342604, 22.4973086], [113.9342963, 22.4973618], [113.9343178, 22.497423], [113.9343286, 22.4974876], [113.9343293, 22.4975574], [113.934337, 22.4975851], [113.9343467, 22.4976202], [113.9343766, 22.4976686], [113.9343993, 22.4977275], [113.9344163, 22.4978075], [113.9344218, 22.4978916], [113.9342631, 22.4979291], [113.934243, 22.4978565], [113.9341585, 22.4978764], [113.9341145, 22.4977175], [113.9341991, 22.4976975], [113.9341581, 22.497549], [113.9340731, 22.497569], [113.9340292, 22.4974101]]]]}}, {"type": "Feature", "id": "way/1351253420", "properties": {"tags": {"addr:housename": "恒裕滨城二期", "addr:housename:en": "Hengyu Bincheng Phase 2", "addr:housename:zh": "恒裕滨城二期", "building": "apartments", "building:levels": "45", "layer": "2", "name": "1栋", "name:en": "Block 1", "name:zh": "1栋", "name:zh-Hans": "1栋", "name:zh-Hant": "1棟"}, "heightStatus": "levels_only_unverified", "source": "OpenStreetMap", "license": "ODbL-1.0"}, "geometry": {"type": "MultiPolygon", "coordinates": [[[[113.9342486, 22.4970198], [113.9343333, 22.4969998], [113.9343126, 22.4969249], [113.9344711, 22.4968875], [113.9345102, 22.4969539], [113.9345393, 22.4970334], [113.9345541, 22.4971137], [113.9345559, 22.497194], [113.9343972, 22.4972314], [113.9343771, 22.4971588], [113.9342926, 22.4971788], [113.9342486, 22.4970198]]]]}}, {"type": "Feature", "id": "way/1351253421", "properties": {"tags": {"addr:housename": "吉祥龙花园", "addr:housename:en": "Jixiang Long Garden", "addr:housename:zh": "吉祥龙花园", "building": "apartments", "building:levels": "34", "name": "D栋", "name:en": "Block D", "name:zh": "D栋"}, "heightStatus": "levels_only_unverified", "source": "OpenStreetMap", "license": "ODbL-1.0"}, "geometry": {"type": "MultiPolygon", "coordinates": [[[[113.9336895, 22.4994298], [113.9337921, 22.4993375], [113.9340245, 22.4995581], [113.9339218, 22.4996505], [113.9338572, 22.4995891], [113.9338134, 22.4996284], [113.9337254, 22.4995449], [113.9337692, 22.4995055], [113.9336895, 22.4994298]]]]}}, {"type": "Feature", "id": "way/1351253422", "properties": {"tags": {"addr:housename": "吉祥龙花园", "addr:housename:en": "Jixiang Long Garden", "addr:housename:zh": "吉祥龙花园", "building": "apartments", "building:levels": "34", "name": "B栋", "name:en": "Block B", "name:zh": "B栋"}, "heightStatus": "levels_only_unverified", "source": "OpenStreetMap", "license": "ODbL-1.0"}, "geometry": {"type": "MultiPolygon", "coordinates": [[[[113.9336871, 22.4998415], [113.9337897, 22.4997492], [113.9340221, 22.4999698], [113.9339194, 22.5000621], [113.9338548, 22.5000007], [113.933811, 22.5000401], [113.933723, 22.4999565], [113.9337668, 22.4999172], [113.9336871, 22.4998415]]]]}}, {"type": "Feature", "id": "way/1351253423", "properties": {"tags": {"addr:housename": "吉祥龙花园", "addr:housename:en": "Jixiang Long Garden", "addr:housename:zh": "吉祥龙花园", "building": "apartments", "building:levels": "34", "name": "E栋", "name:en": "Block E", "name:zh": "E栋"}, "heightStatus": "levels_only_unverified", "source": "OpenStreetMap", "license": "ODbL-1.0"}, "geometry": {"type": "MultiPolygon", "coordinates": [[[[113.9343865, 22.4999493], [113.9344254, 22.4999146], [113.9344034, 22.4998936], [113.9344798, 22.4998255], [113.9347518, 22.500086], [113.9346754, 22.5001541], [113.9346551, 22.5001346], [113.9346162, 22.5001693], [113.9345486, 22.5001046], [113.9345014, 22.5001467], [113.9344169, 22.5000657], [113.9344641, 22.5000236], [113.9343865, 22.4999493]]]]}}, {"type": "Feature", "id": "way/1351253427", "properties": {"tags": {"building": "kindergarten"}, "heightStatus": "unknown", "source": "OpenStreetMap", "license": "ODbL-1.0"}, "geometry": {"type": "MultiPolygon", "coordinates": [[[[113.9359905, 22.4992231], [113.9368885, 22.4992122], [113.9369693, 22.4992566], [113.9371285, 22.499504], [113.9371338, 22.4996255], [113.937081, 22.4997073], [113.9370208, 22.4997261], [113.9369848, 22.499706], [113.9369565, 22.4997195], [113.9368306, 22.4996498], [113.9368336, 22.4996218], [113.9367921, 22.4995987], [113.9367276, 22.499638], [113.9366569, 22.4995998], [113.9366652, 22.4995444], [113.9366023, 22.4994929], [113.9365161, 22.499494], [113.936515, 22.4995241], [113.9360949, 22.4995271], [113.9360651, 22.4994994], [113.9359944, 22.4995002], [113.9359905, 22.4992231]]]]}}, {"type": "Feature", "id": "way/1351253428", "properties": {"tags": {"building": "apartments", "building:levels": "29"}, "heightStatus": "levels_only_unverified", "source": "OpenStreetMap", "license": "ODbL-1.0"}, "geometry": {"type": "MultiPolygon", "coordinates": [[[[113.9350626, 22.4917994], [113.9351526, 22.491734], [113.9353558, 22.4919726], [113.9352544, 22.4920463], [113.9351915, 22.4919724], [113.9351533, 22.4920002], [113.9350872, 22.4919227], [113.9351369, 22.4918866], [113.9350626, 22.4917994]]]]}}, {"type": "Feature", "id": "way/1351253429", "properties": {"tags": {"building": "apartments", "building:levels": "29"}, "heightStatus": "levels_only_unverified", "source": "OpenStreetMap", "license": "ODbL-1.0"}, "geometry": {"type": "MultiPolygon", "coordinates": [[[[113.9352045, 22.4912133], [113.9353049, 22.4911395], [113.9355066, 22.4913738], [113.9354073, 22.4914468], [113.9353443, 22.4913736], [113.935306, 22.4914017], [113.9352392, 22.491324], [113.9352763, 22.4912967], [113.9352045, 22.4912133]]]]}}, {"type": "Feature", "id": "way/1351253431", "properties": {"tags": {"building": "apartments", "building:levels": "29"}, "heightStatus": "levels_only_unverified", "source": "OpenStreetMap", "license": "ODbL-1.0"}, "geometry": {"type": "MultiPolygon", "coordinates": [[[[113.9363494, 22.4913963], [113.9364488, 22.491324], [113.936478, 22.4913584], [113.9365152, 22.4913314], [113.9365354, 22.4913551], [113.9365644, 22.4913339], [113.9366458, 22.4914294], [113.9366133, 22.491453], [113.9366652, 22.4915139], [113.9365322, 22.4916107], [113.9363494, 22.4913963]]]]}}, {"type": "Feature", "id": "way/1351253433", "properties": {"tags": {"building": "apartments", "building:levels": "29"}, "heightStatus": "levels_only_unverified", "source": "OpenStreetMap", "license": "ODbL-1.0"}, "geometry": {"type": "MultiPolygon", "coordinates": [[[[113.9360494, 22.4922146], [113.9360994, 22.4920737], [113.9364345, 22.4921752], [113.9363889, 22.4923038], [113.9362774, 22.49227], [113.9362578, 22.4923252], [113.9361563, 22.4922944], [113.9361715, 22.4922515], [113.9360494, 22.4922146]]]]}}, {"type": "Feature", "id": "way/1351253434", "properties": {"tags": {"building": "roof", "layer": "1"}, "heightStatus": "unknown", "source": "OpenStreetMap", "license": "ODbL-1.0"}, "geometry": {"type": "MultiPolygon", "coordinates": [[[[113.9354797, 22.492107], [113.9355279, 22.4919639], [113.9359623, 22.4920889], [113.935914, 22.492232], [113.9354797, 22.492107]]]]}}, {"type": "Feature", "id": "way/1351253435", "properties": {"tags": {"building": "apartments", "building:levels": "30", "layer": "1"}, "heightStatus": "levels_only_unverified", "source": "OpenStreetMap", "license": "ODbL-1.0"}, "geometry": {"type": "MultiPolygon", "coordinates": [[[[113.9342226, 22.4957161], [113.934349, 22.4956669], [113.9343184, 22.4955998], [113.9344322, 22.4955555], [113.9344709, 22.4956404], [113.9346202, 22.4956815], [113.934573, 22.4958281], [113.9344534, 22.4957959], [113.9344668, 22.4957535], [113.934427, 22.4957428], [113.9343971, 22.4957544], [113.9344099, 22.4957826], [113.9342765, 22.4958344], [113.9342226, 22.4957161]]]]}}, {"type": "Feature", "id": "way/1351253436", "properties": {"tags": {"building": "apartments", "building:levels": "30", "layer": "1"}, "heightStatus": "levels_only_unverified", "source": "OpenStreetMap", "license": "ODbL-1.0"}, "geometry": {"type": "MultiPolygon", "coordinates": [[[[113.934573, 22.4958281], [113.9346202, 22.4956815], [113.9347742, 22.4957239], [113.9347929, 22.4956655], [113.9349202, 22.4957004], [113.9348875, 22.4958021], [113.9349342, 22.4959161], [113.9347885, 22.4959669], [113.9347402, 22.4958488], [113.9347765, 22.4958362], [113.934771, 22.4958226], [113.9347167, 22.4958077], [113.9346991, 22.4958627], [113.934573, 22.4958281]]]]}}, {"type": "Feature", "id": "way/1351253437", "properties": {"tags": {"building": "apartments", "building:levels": "30", "layer": "1"}, "heightStatus": "levels_only_unverified", "source": "OpenStreetMap", "license": "ODbL-1.0"}, "geometry": {"type": "MultiPolygon", "coordinates": [[[[113.9343115, 22.4952856], [113.934327, 22.495188], [113.9344095, 22.4951992], [113.9344172, 22.4951506], [113.9343733, 22.4951446], [113.9343887, 22.4950476], [113.9345333, 22.4950671], [113.9345179, 22.4951644], [113.9344837, 22.4951597], [113.9344748, 22.4952158], [113.9344916, 22.4952407], [113.9345237, 22.4952222], [113.9345957, 22.4953291], [113.9344739, 22.4953992], [113.9344059, 22.4952983], [113.9343115, 22.4952856]]]]}}, {"type": "Feature", "id": "way/1351253438", "properties": {"tags": {"building": "apartments", "building:levels": "30", "layer": "1"}, "heightStatus": "levels_only_unverified", "source": "OpenStreetMap", "license": "ODbL-1.0"}, "geometry": {"type": "MultiPolygon", "coordinates": [[[[113.934389, 22.4948044], [113.934406, 22.494707], [113.9345002, 22.4947211], [113.9345979, 22.4946438], [113.9346912, 22.4947446], [113.9345877, 22.4948265], [113.9345631, 22.4947999], [113.934539, 22.494819], [113.9345292, 22.494875], [113.9345633, 22.49488], [113.9345463, 22.4949771], [113.934402, 22.4949555], [113.934419, 22.4948587], [113.9344628, 22.4948652], [113.9344713, 22.4948167], [113.934389, 22.4948044]]]]}}, {"type": "Feature", "id": "way/1351253439", "properties": {"tags": {"building": "apartments", "building:levels": "30"}, "heightStatus": "levels_only_unverified", "source": "OpenStreetMap", "license": "ODbL-1.0"}, "geometry": {"type": "MultiPolygon", "coordinates": [[[[113.9345116, 22.4944632], [113.9345467, 22.4943135], [113.9348748, 22.4943792], [113.9348397, 22.4945288], [113.9345116, 22.4944632]]]]}}, {"type": "Feature", "id": "way/1351253440", "properties": {"tags": {"building": "apartments", "building:levels": "30"}, "heightStatus": "levels_only_unverified", "source": "OpenStreetMap", "license": "ODbL-1.0"}, "geometry": {"type": "MultiPolygon", "coordinates": [[[[113.9348397, 22.4945288], [113.9348748, 22.4943792], [113.9352773, 22.4944595], [113.9352422, 22.4946092], [113.9348397, 22.4945288]]]]}}, {"type": "Feature", "id": "way/1351253441", "properties": {"tags": {"addr:housename": "皇庭港湾", "addr:housename:en": "Huangting Gangwan", "addr:housename:zh": "皇庭港湾", "building": "apartments", "building:levels": "19", "name": "G栋", "name:en": "Block G", "name:zh": "G栋"}, "heightStatus": "levels_only_unverified", "source": "OpenStreetMap", "license": "ODbL-1.0"}, "geometry": {"type": "MultiPolygon", "coordinates": [[[[113.9368055, 22.4952851], [113.9368868, 22.4952305], [113.9369189, 22.4952711], [113.9369598, 22.4952436], [113.9371037, 22.4954262], [113.9370626, 22.4954538], [113.9370967, 22.495497], [113.9370154, 22.4955517], [113.9369654, 22.4954881], [113.9369384, 22.4955063], [113.9368207, 22.4953569], [113.9368477, 22.4953387], [113.9368055, 22.4952851]]]]}}, {"type": "Feature", "id": "way/1351253442", "properties": {"tags": {"addr:housename": "皇庭港湾", "addr:housename:en": "Huangting Gangwan", "addr:housename:zh": "皇庭港湾", "building": "apartments", "building:levels": "19", "name": "F栋", "name:en": "Block F", "name:zh": "F栋"}, "heightStatus": "levels_only_unverified", "source": "OpenStreetMap", "license": "ODbL-1.0"}, "geometry": {"type": "MultiPolygon", "coordinates": [[[[113.9369043, 22.4948802], [113.9369312, 22.494862], [113.93691, 22.4948352], [113.9369361, 22.4948176], [113.936915, 22.4947909], [113.9369699, 22.4947539], [113.9370019, 22.4947944], [113.9370429, 22.4947667], [113.9371875, 22.4949496], [113.9371466, 22.4949772], [113.9371808, 22.4950205], [113.9371269, 22.4950569], [113.9371007, 22.4950238], [113.9370736, 22.4950421], [113.9370486, 22.4950104], [113.9370216, 22.4950287], [113.9369043, 22.4948802]]]]}}, {"type": "Feature", "id": "way/1351253443", "properties": {"tags": {"building": "house"}, "heightStatus": "unknown", "source": "OpenStreetMap", "license": "ODbL-1.0"}, "geometry": {"type": "MultiPolygon", "coordinates": [[[[113.9371141, 22.4945446], [113.9372468, 22.494462], [113.937355, 22.4946105], [113.9372222, 22.494693], [113.9371141, 22.4945446]]]]}}, {"type": "Feature", "id": "way/1351253444", "properties": {"tags": {"building": "house"}, "heightStatus": "unknown", "source": "OpenStreetMap", "license": "ODbL-1.0"}, "geometry": {"type": "MultiPolygon", "coordinates": [[[[113.9372102, 22.4942327], [113.937343, 22.4941502], [113.9374511, 22.4942987], [113.9373184, 22.4943812], [113.9372102, 22.4942327]]]]}}, {"type": "Feature", "id": "way/1351253445", "properties": {"tags": {"addr:housename": "皇庭港湾", "addr:housename:en": "Huangting Gangwan", "addr:housename:zh": "皇庭港湾", "building": "apartments", "building:levels": "19", "name": "D栋", "name:en": "Block D", "name:zh": "D栋"}, "heightStatus": "levels_only_unverified", "source": "OpenStreetMap", "license": "ODbL-1.0"}, "geometry": {"type": "MultiPolygon", "coordinates": [[[[113.9372277, 22.4932863], [113.9372673, 22.4932353], [113.9373115, 22.4932646], [113.9373411, 22.4932265], [113.9375402, 22.4933586], [113.9375106, 22.4933966], [113.9375577, 22.4934279], [113.9375187, 22.493478], [113.9374827, 22.4934541], [113.9374632, 22.4934793], [113.9374287, 22.4934564], [113.9374092, 22.4934815], [113.9372476, 22.4933743], [113.9372671, 22.4933492], [113.9372379, 22.4933298], [113.9372568, 22.4933056], [113.9372277, 22.4932863]]]]}}, {"type": "Feature", "id": "way/1351253447", "properties": {"tags": {"building": "house"}, "heightStatus": "unknown", "source": "OpenStreetMap", "license": "ODbL-1.0"}, "geometry": {"type": "MultiPolygon", "coordinates": [[[[113.9368404, 22.4943787], [113.9368851, 22.494311], [113.936962, 22.4944224], [113.9369443, 22.494433], [113.9369648, 22.4944629], [113.9369917, 22.4944682], [113.9369775, 22.4945304], [113.9369401, 22.4945231], [113.9368404, 22.4943787]]]]}}, {"type": "Feature", "id": "way/1351253448", "properties": {"tags": {"building": "house"}, "heightStatus": "unknown", "source": "OpenStreetMap", "license": "ODbL-1.0"}, "geometry": {"type": "MultiPolygon", "coordinates": [[[[113.9368623, 22.4942779], [113.9369063, 22.4942116], [113.9369822, 22.4943215], [113.9369661, 22.4943323], [113.9369867, 22.4943622], [113.9370136, 22.4943674], [113.9369993, 22.4944297], [113.936962, 22.4944224], [113.9368851, 22.494311], [113.9368623, 22.4942779]]]]}}, {"type": "Feature", "id": "way/1351253449", "properties": {"tags": {"building": "house"}, "heightStatus": "unknown", "source": "OpenStreetMap", "license": "ODbL-1.0"}, "geometry": {"type": "MultiPolygon", "coordinates": [[[[113.9368824, 22.4941771], [113.9369261, 22.4941092], [113.9370036, 22.4942213], [113.9369863, 22.4942314], [113.9370068, 22.4942613], [113.9370338, 22.4942666], [113.9370195, 22.4943288], [113.9369822, 22.4943215], [113.9369063, 22.4942116], [113.9368824, 22.4941771]]]]}}, {"type": "Feature", "id": "way/1351253450", "properties": {"tags": {"building": "house"}, "heightStatus": "unknown", "source": "OpenStreetMap", "license": "ODbL-1.0"}, "geometry": {"type": "MultiPolygon", "coordinates": [[[[113.9369039, 22.494077], [113.9369476, 22.49401], [113.937025, 22.4941221], [113.9370077, 22.4941314], [113.9370283, 22.4941613], [113.9370552, 22.4941665], [113.9370409, 22.4942287], [113.9370036, 22.4942213], [113.9369261, 22.4941092], [113.9369039, 22.494077]]]]}}, {"type": "Feature", "id": "way/1351253451", "properties": {"tags": {"building": "house"}, "heightStatus": "unknown", "source": "OpenStreetMap", "license": "ODbL-1.0"}, "geometry": {"type": "MultiPolygon", "coordinates": [[[[113.9369253, 22.4939777], [113.9369734, 22.4939027], [113.9370509, 22.4940148], [113.9370435, 22.4940605], [113.9370766, 22.4940672], [113.9370624, 22.4941294], [113.937025, 22.4941221], [113.9369476, 22.49401], [113.9369253, 22.4939777]]]]}}, {"type": "Feature", "id": "way/1351253452", "properties": {"tags": {"building": "house"}, "heightStatus": "unknown", "source": "OpenStreetMap", "license": "ODbL-1.0"}, "geometry": {"type": "MultiPolygon", "coordinates": [[[[113.9369512, 22.4938703], [113.9369919, 22.4938005], [113.9370724, 22.4939146], [113.9370809, 22.4939164], [113.9370756, 22.4939546], [113.9371025, 22.4939599], [113.9370883, 22.4940221], [113.9370509, 22.4940148], [113.9369734, 22.4939027], [113.9369512, 22.4938703]]]]}}, {"type": "Feature", "id": "way/1351253453", "properties": {"tags": {"building": "house"}, "heightStatus": "unknown", "source": "OpenStreetMap", "license": "ODbL-1.0"}, "geometry": {"type": "MultiPolygon", "coordinates": [[[[113.9369706, 22.4937703], [113.9370154, 22.4937041], [113.9370925, 22.4938158], [113.9370688, 22.4938301], [113.937091, 22.4938616], [113.9371171, 22.4938663], [113.9371077, 22.493922], [113.9370809, 22.4939164], [113.9370724, 22.4939146], [113.9369919, 22.4938005], [113.9369706, 22.4937703]]]]}}, {"type": "Feature", "id": "way/1351253454", "properties": {"tags": {"building": "house"}, "heightStatus": "unknown", "source": "OpenStreetMap", "license": "ODbL-1.0"}, "geometry": {"type": "MultiPolygon", "coordinates": [[[[113.9369928, 22.4936713], [113.9370366, 22.4936034], [113.937114, 22.4937156], [113.9371242, 22.4937174], [113.9371172, 22.4937556], [113.9371441, 22.4937608], [113.9371299, 22.4938231], [113.9370925, 22.4938158], [113.9370154, 22.4937041], [113.9369928, 22.4936713]]]]}}, {"type": "Feature", "id": "way/1351253455", "properties": {"tags": {"building": "house"}, "heightStatus": "unknown", "source": "OpenStreetMap", "license": "ODbL-1.0"}, "geometry": {"type": "MultiPolygon", "coordinates": [[[[113.9370138, 22.4935705], [113.9370582, 22.4935027], [113.937135, 22.4936147], [113.9371177, 22.4936248], [113.9371382, 22.4936547], [113.9371651, 22.49366], [113.9371509, 22.4937222], [113.9371242, 22.4937174], [113.937114, 22.4937156], [113.9370366, 22.4936034], [113.9370138, 22.4935705]]]]}}, {"type": "Feature", "id": "way/1351253456", "properties": {"tags": {"addr:housename": "皇庭港湾", "addr:housename:en": "Huangting Gangwan", "addr:housename:zh": "皇庭港湾", "building": "apartments", "building:levels": "19", "name": "H栋", "name:en": "Block H", "name:zh": "H栋"}, "heightStatus": "levels_only_unverified", "source": "OpenStreetMap", "license": "ODbL-1.0"}, "geometry": {"type": "MultiPolygon", "coordinates": [[[[113.9366935, 22.4958234], [113.9373206, 22.4958226], [113.9373208, 22.4959787], [113.9366937, 22.4959796], [113.9366935, 22.4958234]]]]}}, {"type": "Feature", "id": "way/1351445210", "properties": {"tags": {"building:levels": "30", "building:part": "yes", "layer": "2"}, "heightStatus": "levels_only_unverified", "source": "OpenStreetMap", "license": "ODbL-1.0"}, "geometry": {"type": "MultiPolygon", "coordinates": [[[[113.9346374, 22.498835], [113.9346426, 22.4987909], [113.934659, 22.4986498], [113.9347084, 22.4986408], [113.934763, 22.4986392], [113.9348172, 22.498647], [113.9348665, 22.4986664], [113.9348464, 22.4988526], [113.9346374, 22.498835]]]]}}, {"type": "Feature", "id": "way/1352001676", "properties": {"tags": {"addr:housename": "招商海月花园三期", "addr:housename:en": "Haiyue Garden Phase 3", "addr:housename:zh": "招商海月花园三期", "building": "apartments", "building:levels": "18", "name": "4栋", "name:en": "Block 4", "name:zh": "4栋"}, "heightStatus": "levels_only_unverified", "source": "OpenStreetMap", "license": "ODbL-1.0"}, "geometry": {"type": "MultiPolygon", "coordinates": [[[[113.931637, 22.4992008], [113.9316673, 22.4989527], [113.9318776, 22.4990017], [113.931812, 22.4992417], [113.931637, 22.4992008]]]]}}, {"type": "Feature", "id": "way/1352001677", "properties": {"tags": {"addr:housename": "招商海月花园三期", "addr:housename:en": "Haiyue Garden Phase 3", "addr:housename:zh": "招商海月花园三期", "building": "apartments", "building:levels": "24", "name": "5栋", "name:en": "Block 5", "name:zh": "5栋"}, "heightStatus": "levels_only_unverified", "source": "OpenStreetMap", "license": "ODbL-1.0"}, "geometry": {"type": "MultiPolygon", "coordinates": [[[[113.9315558, 22.499573], [113.9315864, 22.4994664], [113.9319287, 22.4995503], [113.9318979, 22.4996573], [113.9317783, 22.499628], [113.9317568, 22.4997027], [113.9316545, 22.4996777], [113.9316761, 22.4996025], [113.9315558, 22.499573]]]]}}, {"type": "Feature", "id": "way/1352001678", "properties": {"tags": {"addr:housename": "招商海月花园三期", "addr:housename:en": "Haiyue Garden Phase 3", "addr:housename:zh": "招商海月花园三期", "building": "apartments", "building:levels": "24", "name": "2栋", "name:en": "Block 2", "name:zh": "2栋"}, "heightStatus": "levels_only_unverified", "source": "OpenStreetMap", "license": "ODbL-1.0"}, "geometry": {"type": "MultiPolygon", "coordinates": [[[[113.9321942, 22.4998945], [113.9323096, 22.4998294], [113.9323181, 22.4998017], [113.9322507, 22.4997841], [113.9322804, 22.4996868], [113.9325311, 22.4997523], [113.9325043, 22.4998399], [113.9324223, 22.4998185], [113.9324144, 22.4998444], [113.9324721, 22.4999365], [113.9324904, 22.4999268], [113.9325158, 22.4999674], [113.9324204, 22.5000184], [113.93237, 22.499938], [113.9323121, 22.4999229], [113.9322398, 22.4999637], [113.9321942, 22.4998945]]]]}}, {"type": "Feature", "id": "way/1352001682", "properties": {"tags": {"addr:housename": "招商海月花园三期", "addr:housename:en": "Haiyue Garden Phase 3", "addr:housename:zh": "招商海月花园三期", "building": "apartments", "building:levels": "18", "name": "3栋", "name:en": "Block 3", "name:zh": "3栋"}, "heightStatus": "levels_only_unverified", "source": "OpenStreetMap", "license": "ODbL-1.0"}, "geometry": {"type": "MultiPolygon", "coordinates": [[[[113.9320002, 22.4992307], [113.9321099, 22.4991779], [113.9321148, 22.4991602], [113.9320776, 22.4991513], [113.9321002, 22.499071], [113.9325549, 22.4991803], [113.9325291, 22.4992719], [113.932495, 22.4992637], [113.9324925, 22.4992728], [113.9325573, 22.4993686], [113.9324664, 22.4994212], [113.9323851, 22.4993012], [113.9324095, 22.4992871], [113.9323914, 22.4992603], [113.9323756, 22.4992565], [113.9323792, 22.4992436], [113.9322256, 22.4992067], [113.9322215, 22.4992215], [113.9321999, 22.4992164], [113.9321724, 22.4992296], [113.9321857, 22.4992531], [113.9320498, 22.4993186], [113.9320002, 22.4992307]]]]}}, {"type": "Feature", "id": "way/1352265276", "properties": {"tags": {"building": "apartments", "building:levels": "18"}, "heightStatus": "levels_only_unverified", "source": "OpenStreetMap", "license": "ODbL-1.0"}, "geometry": {"type": "MultiPolygon", "coordinates": [[[[113.9303417, 22.4978861], [113.9303672, 22.4977309], [113.9305204, 22.4977524], [113.9305068, 22.4978352], [113.9305307, 22.4978705], [113.9308063, 22.4979092], [113.9308251, 22.4977953], [113.9310234, 22.4978231], [113.9309916, 22.4980161], [113.9308647, 22.4980819], [113.9304385, 22.498022], [113.9303417, 22.4978861]]]]}}, {"type": "Feature", "id": "way/1352265277", "properties": {"tags": {"building": "apartments", "building:levels": "18"}, "heightStatus": "levels_only_unverified", "source": "OpenStreetMap", "license": "ODbL-1.0"}, "geometry": {"type": "MultiPolygon", "coordinates": [[[[113.9304489, 22.4972906], [113.9304853, 22.4971061], [113.9305942, 22.4970169], [113.9308026, 22.4970522], [113.9307662, 22.4972359], [113.9306438, 22.4972153], [113.9306231, 22.49732], [113.9304489, 22.4972906]]]]}}, {"type": "Feature", "id": "way/1352265278", "properties": {"tags": {"building": "apartments", "building:levels": "18"}, "heightStatus": "levels_only_unverified", "source": "OpenStreetMap", "license": "ODbL-1.0"}, "geometry": {"type": "MultiPolygon", "coordinates": [[[[113.9303854, 22.4976459], [113.9304366, 22.4973577], [113.930477, 22.4973638], [113.9304831, 22.4973297], [113.9305516, 22.4973401], [113.9305368, 22.4974231], [113.9306171, 22.4974353], [113.9305834, 22.4976245], [113.9305032, 22.4976123], [113.9304891, 22.4976913], [113.9304206, 22.4976809], [113.9304258, 22.4976521], [113.9303854, 22.4976459]]]]}}, {"type": "Feature", "id": "way/1352265279", "properties": {"tags": {"building": "apartments", "building:levels": "18"}, "heightStatus": "levels_only_unverified", "source": "OpenStreetMap", "license": "ODbL-1.0"}, "geometry": {"type": "MultiPolygon", "coordinates": [[[[113.9308568, 22.4972806], [113.9308706, 22.4972185], [113.9309289, 22.4972295], [113.930951, 22.4971301], [113.9312131, 22.4971797], [113.9311911, 22.4972791], [113.9312406, 22.4972883], [113.9312269, 22.4973509], [113.9312035, 22.4973466], [113.9311953, 22.4973835], [113.9308851, 22.4973247], [113.9308934, 22.4972876], [113.9308568, 22.4972806]]]]}}, {"type": "Feature", "id": "way/1352265280", "properties": {"tags": {"building": "apartments", "building:levels": "18"}, "heightStatus": "levels_only_unverified", "source": "OpenStreetMap", "license": "ODbL-1.0"}, "geometry": {"type": "MultiPolygon", "coordinates": [[[[113.9312269, 22.4973509], [113.9312406, 22.4972883], [113.9312847, 22.4972966], [113.9313066, 22.4971969], [113.9315514, 22.4972414], [113.9315297, 22.4973406], [113.9315756, 22.4973483], [113.9315611, 22.4974127], [113.9315403, 22.4974082], [113.9315322, 22.4974452], [113.9312405, 22.4973921], [113.9312486, 22.497355], [113.9312269, 22.4973509]]]]}}, {"type": "Feature", "id": "way/1352265281", "properties": {"tags": {"building": "apartments", "building:levels": "18"}, "heightStatus": "levels_only_unverified", "source": "OpenStreetMap", "license": "ODbL-1.0"}, "geometry": {"type": "MultiPolygon", "coordinates": [[[[113.9315549, 22.49744], [113.9315611, 22.4974127], [113.9315756, 22.4973483], [113.9315786, 22.4973351], [113.9316522, 22.4973492], [113.9317916, 22.4972696], [113.9318794, 22.4974006], [113.9317543, 22.4974721], [113.9317513, 22.4974922], [113.9317711, 22.4974947], [113.9317604, 22.4975671], [113.9316041, 22.4975474], [113.9316155, 22.4974704], [113.9316668, 22.4974769], [113.9316396, 22.4974384], [113.9316357, 22.4974555], [113.9315549, 22.49744]]]]}}, {"type": "Feature", "id": "way/1352265284", "properties": {"tags": {"building": "yes"}, "heightStatus": "unknown", "source": "OpenStreetMap", "license": "ODbL-1.0"}, "geometry": {"type": "MultiPolygon", "coordinates": [[[[113.9314777, 22.4977425], [113.931539, 22.4976402], [113.931663, 22.497623], [113.931746, 22.4976652], [113.9317436, 22.4977897], [113.931622, 22.4978676], [113.9314963, 22.497827], [113.9314777, 22.4977425]]]]}}, {"type": "Feature", "id": "way/1352265285", "properties": {"tags": {"building": "apartments", "building:levels": "32"}, "heightStatus": "levels_only_unverified", "source": "OpenStreetMap", "license": "ODbL-1.0"}, "geometry": {"type": "MultiPolygon", "coordinates": [[[[113.9305882, 22.4966705], [113.9306089, 22.4965784], [113.9306867, 22.4965933], [113.930712, 22.4964808], [113.9308211, 22.4965016], [113.9308159, 22.4965247], [113.930894, 22.4965397], [113.9308638, 22.4966739], [113.9307893, 22.4966597], [113.9307623, 22.49678], [113.930614, 22.4967516], [113.9306304, 22.4966786], [113.9305882, 22.4966705]]]]}}, {"type": "Feature", "id": "way/1352265286", "properties": {"tags": {"building": "apartments", "building:levels": "31"}, "heightStatus": "levels_only_unverified", "source": "OpenStreetMap", "license": "ODbL-1.0"}, "geometry": {"type": "MultiPolygon", "coordinates": [[[[113.9310232, 22.4963359], [113.9310421, 22.4962447], [113.9311488, 22.4962636], [113.931167, 22.4961761], [113.9313624, 22.4962107], [113.9313399, 22.4963196], [113.9313122, 22.4963147], [113.9312701, 22.4965189], [113.9311687, 22.4965011], [113.9311848, 22.4964238], [113.9310986, 22.4964086], [113.9310875, 22.4964621], [113.9310262, 22.4964513], [113.9310412, 22.4963784], [113.9310491, 22.4963405], [113.9310232, 22.4963359]]]]}}, {"type": "Feature", "id": "way/1352265287", "properties": {"tags": {"building": "apartments", "building:levels": "32"}, "heightStatus": "levels_only_unverified", "source": "OpenStreetMap", "license": "ODbL-1.0"}, "geometry": {"type": "MultiPolygon", "coordinates": [[[[113.9310624, 22.4967399], [113.9310894, 22.4966094], [113.9311444, 22.496619], [113.9311687, 22.4965011], [113.9312701, 22.4965189], [113.9311947, 22.4968842], [113.9310901, 22.4968658], [113.9311141, 22.496749], [113.9310624, 22.4967399]]]]}}, {"type": "Feature", "id": "way/1352265288", "properties": {"tags": {"building": "retail", "building:levels": "4"}, "heightStatus": "levels_only_unverified", "source": "OpenStreetMap", "license": "ODbL-1.0"}, "geometry": {"type": "MultiPolygon", "coordinates": [[[[113.930648, 22.4963087], [113.9306813, 22.4961487], [113.9307601, 22.4961041], [113.931167, 22.4961761], [113.9311488, 22.4962636], [113.9310421, 22.4962447], [113.9310232, 22.4963359], [113.9310491, 22.4963405], [113.9310412, 22.4963784], [113.930648, 22.4963087]]]]}}, {"type": "Feature", "id": "way/1352265293", "properties": {"tags": {"building": "apartments", "building:levels": "12"}, "heightStatus": "levels_only_unverified", "source": "OpenStreetMap", "license": "ODbL-1.0"}, "geometry": {"type": "MultiPolygon", "coordinates": [[[[113.9310768, 22.4982213], [113.9311265, 22.4980402], [113.9317027, 22.4981753], [113.931653, 22.4983563], [113.9310768, 22.4982213]]]]}}, {"type": "Feature", "id": "way/1352265297", "properties": {"tags": {"building": "industrial"}, "heightStatus": "unknown", "source": "OpenStreetMap", "license": "ODbL-1.0"}, "geometry": {"type": "MultiPolygon", "coordinates": [[[[113.9298346, 22.4961576], [113.9298767, 22.4959719], [113.9303184, 22.4960571], [113.9302764, 22.496243], [113.9298346, 22.4961576]]]]}}, {"type": "Feature", "id": "way/1352282031", "properties": {"tags": {"building": "yes"}, "heightStatus": "unknown", "source": "OpenStreetMap", "license": "ODbL-1.0"}, "geometry": {"type": "MultiPolygon", "coordinates": [[[[113.9329455, 22.4942317], [113.9329662, 22.4941423], [113.9332878, 22.4942056], [113.9332672, 22.4942951], [113.9329455, 22.4942317]]]]}}, {"type": "Feature", "id": "way/1352282032", "properties": {"tags": {"building": "yes"}, "heightStatus": "unknown", "source": "OpenStreetMap", "license": "ODbL-1.0"}, "geometry": {"type": "MultiPolygon", "coordinates": [[[[113.9325301, 22.494382], [113.9325496, 22.4942929], [113.9327692, 22.4943339], [113.932805, 22.4941704], [113.9328857, 22.4941854], [113.9328303, 22.4944381], [113.9325301, 22.494382]]]]}}, {"type": "Feature", "id": "way/1352282033", "properties": {"tags": {"building": "apartments", "building:levels": "31"}, "heightStatus": "levels_only_unverified", "source": "OpenStreetMap", "license": "ODbL-1.0"}, "geometry": {"type": "MultiPolygon", "coordinates": [[[[113.933026, 22.4948643], [113.9330593, 22.4947663], [113.9332126, 22.4948108], [113.933224, 22.4947863], [113.9331818, 22.494764], [113.9332304, 22.4946855], [113.9334079, 22.4947791], [113.9333594, 22.4948576], [113.9333121, 22.4948327], [113.9332971, 22.4948555], [113.9334179, 22.4949551], [113.933344, 22.4950317], [113.9332383, 22.4949446], [113.9332157, 22.4949789], [113.933149, 22.4949483], [113.9331687, 22.4949056], [113.933026, 22.4948643]]]]}}, {"type": "Feature", "id": "way/1352282034", "properties": {"tags": {"building": "apartments", "building:levels": "31"}, "heightStatus": "levels_only_unverified", "source": "OpenStreetMap", "license": "ODbL-1.0"}, "geometry": {"type": "MultiPolygon", "coordinates": [[[[113.9324791, 22.4947582], [113.9325124, 22.4946602], [113.9326657, 22.4947047], [113.9326771, 22.4946802], [113.932635, 22.4946579], [113.9326835, 22.4945794], [113.932861, 22.494673], [113.9328125, 22.4947515], [113.9327652, 22.4947266], [113.9327502, 22.4947494], [113.932871, 22.494849], [113.9327971, 22.4949256], [113.9326914, 22.4948386], [113.9326688, 22.4948728], [113.9326021, 22.4948422], [113.9326219, 22.4947995], [113.9324791, 22.4947582]]]]}}, {"type": "Feature", "id": "way/1352282035", "properties": {"tags": {"building": "apartments", "building:levels": "31"}, "heightStatus": "levels_only_unverified", "source": "OpenStreetMap", "license": "ODbL-1.0"}, "geometry": {"type": "MultiPolygon", "coordinates": [[[[113.9318836, 22.494567], [113.931946, 22.4944821], [113.932079, 22.4945656], [113.9320975, 22.4945452], [113.9320641, 22.4945126], [113.9321351, 22.4944504], [113.9322758, 22.4945874], [113.9322048, 22.4946497], [113.9321673, 22.4946132], [113.9321458, 22.494631], [113.9322303, 22.4947586], [113.9321356, 22.4948122], [113.9320616, 22.4947006], [113.9320293, 22.4947274], [113.931975, 22.4946803], [113.9320073, 22.4946447], [113.9318836, 22.494567]]]]}}, {"type": "Feature", "id": "way/1352282036", "properties": {"tags": {"building": "apartments", "building:levels": "31"}, "heightStatus": "levels_only_unverified", "source": "OpenStreetMap", "license": "ODbL-1.0"}, "geometry": {"type": "MultiPolygon", "coordinates": [[[[113.931836, 22.4940137], [113.9318985, 22.4939288], [113.9320314, 22.4940123], [113.93205, 22.4939919], [113.9320166, 22.4939593], [113.9320876, 22.4938971], [113.9322283, 22.4940341], [113.9321572, 22.4940964], [113.9321198, 22.4940599], [113.9320982, 22.4940777], [113.9321828, 22.4942053], [113.9320881, 22.4942589], [113.9320141, 22.4941473], [113.9319818, 22.4941741], [113.9319275, 22.494127], [113.9319597, 22.4940914], [113.931836, 22.4940137]]]]}}, {"type": "Feature", "id": "way/1352282038", "properties": {"tags": {"building": "apartments", "building:levels": "16"}, "heightStatus": "levels_only_unverified", "source": "OpenStreetMap", "license": "ODbL-1.0"}, "geometry": {"type": "MultiPolygon", "coordinates": [[[[113.9308072, 22.4938509], [113.930867, 22.4938161], [113.9308336, 22.493767], [113.9309056, 22.4937252], [113.9308462, 22.4937139], [113.9308673, 22.4936193], [113.931156, 22.4936743], [113.9311349, 22.4937689], [113.9310652, 22.4937556], [113.9311074, 22.4938177], [113.931051, 22.4938504], [113.9310943, 22.4939141], [113.9310147, 22.4939603], [113.9309714, 22.4938967], [113.9309587, 22.493878], [113.9309364, 22.493891], [113.9308633, 22.4939334], [113.9308072, 22.4938509]]]]}}, {"type": "Feature", "id": "way/1352282041", "properties": {"tags": {"building": "retail", "building:levels": "3"}, "heightStatus": "levels_only_unverified", "source": "OpenStreetMap", "license": "ODbL-1.0"}, "geometry": {"type": "MultiPolygon", "coordinates": [[[[113.9312208, 22.4945699], [113.931353, 22.4939369], [113.9313667, 22.4939393], [113.9313865, 22.4938443], [113.931399, 22.4938465], [113.9314181, 22.4937551], [113.9316864, 22.4938029], [113.9316462, 22.4939951], [113.9316113, 22.4941624], [113.9315572, 22.4944214], [113.9315223, 22.4945887], [113.9313322, 22.4945549], [113.9313252, 22.4945885], [113.9312332, 22.4945721], [113.9312208, 22.4945699]]]]}}, {"type": "Feature", "id": "way/1352282042", "properties": {"tags": {"building": "apartments", "building:levels": "30", "layer": "1"}, "heightStatus": "levels_only_unverified", "source": "OpenStreetMap", "license": "ODbL-1.0"}, "geometry": {"type": "MultiPolygon", "coordinates": [[[[113.9313239, 22.494146], [113.9313658, 22.4939452], [113.9316462, 22.4939951], [113.9316113, 22.4941624], [113.9314228, 22.4941288], [113.9314158, 22.4941623], [113.9313239, 22.494146]]]]}}, {"type": "Feature", "id": "way/1352282043", "properties": {"tags": {"building": "apartments", "building:levels": "30", "layer": "1"}, "heightStatus": "levels_only_unverified", "source": "OpenStreetMap", "license": "ODbL-1.0"}, "geometry": {"type": "MultiPolygon", "coordinates": [[[[113.9312332, 22.4945721], [113.9312752, 22.4943712], [113.9315572, 22.4944214], [113.9315223, 22.4945887], [113.9313322, 22.4945549], [113.9313252, 22.4945885], [113.9312332, 22.4945721]]]]}}, {"type": "Feature", "id": "way/1352282045", "properties": {"tags": {"building": "retail"}, "heightStatus": "unknown", "source": "OpenStreetMap", "license": "ODbL-1.0"}, "geometry": {"type": "MultiPolygon", "coordinates": [[[[113.9302937, 22.4939102], [113.930377, 22.4935767], [113.9304276, 22.4935875], [113.9304661, 22.4934337], [113.9307779, 22.4935002], [113.9306562, 22.4939875], [113.9302937, 22.4939102]]]]}}, {"type": "Feature", "id": "way/1352282049", "properties": {"tags": {"building": "apartments", "building:levels": "17"}, "heightStatus": "levels_only_unverified", "source": "OpenStreetMap", "license": "ODbL-1.0"}, "geometry": {"type": "MultiPolygon", "coordinates": [[[[113.9303005, 22.4942147], [113.9303249, 22.4940991], [113.9304305, 22.494118], [113.9304344, 22.4940994], [113.9305012, 22.4941114], [113.930489, 22.4941693], [113.930575, 22.4941848], [113.9305554, 22.4942781], [113.9305497, 22.4943051], [113.9304372, 22.4942849], [113.9304464, 22.4942409], [113.9303005, 22.4942147]]]]}}, {"type": "Feature", "id": "way/1352282050", "properties": {"tags": {"building": "apartments", "building:levels": "32"}, "heightStatus": "levels_only_unverified", "source": "OpenStreetMap", "license": "ODbL-1.0"}, "geometry": {"type": "MultiPolygon", "coordinates": [[[[113.9305554, 22.4942781], [113.930575, 22.4941848], [113.930676, 22.4942029], [113.9306835, 22.4941674], [113.9309099, 22.494208], [113.9308596, 22.4944467], [113.9307523, 22.4944274], [113.9307696, 22.4943451], [113.9306603, 22.4943255], [113.9306661, 22.494298], [113.9305554, 22.4942781]]]]}}, {"type": "Feature", "id": "way/1352282051", "properties": {"tags": {"building": "apartments", "building:levels": "32"}, "heightStatus": "levels_only_unverified", "source": "OpenStreetMap", "license": "ODbL-1.0"}, "geometry": {"type": "MultiPolygon", "coordinates": [[[[113.9301821, 22.4947469], [113.9302273, 22.4945323], [113.930454, 22.4945731], [113.9304464, 22.494609], [113.9305476, 22.4946272], [113.930528, 22.4947203], [113.9304169, 22.4947003], [113.9304111, 22.4947277], [113.9303016, 22.494708], [113.9302894, 22.4947661], [113.9301821, 22.4947469]]]]}}, {"type": "Feature", "id": "way/1352282052", "properties": {"tags": {"building": "apartments", "building:levels": "32"}, "heightStatus": "levels_only_unverified", "source": "OpenStreetMap", "license": "ODbL-1.0"}, "geometry": {"type": "MultiPolygon", "coordinates": [[[[113.9301797, 22.4950863], [113.9301995, 22.4949933], [113.9303007, 22.4950116], [113.9303083, 22.4949756], [113.9305348, 22.4950166], [113.9304841, 22.4952552], [113.9303769, 22.4952357], [113.9303944, 22.4951536], [113.9302851, 22.4951338], [113.9302909, 22.4951064], [113.9301797, 22.4950863]]]]}}, {"type": "Feature", "id": "way/1352282053", "properties": {"tags": {"building": "apartments", "building:levels": "35"}, "heightStatus": "levels_only_unverified", "source": "OpenStreetMap", "license": "ODbL-1.0"}, "geometry": {"type": "MultiPolygon", "coordinates": [[[[113.9300129, 22.4954916], [113.9300404, 22.4953635], [113.9304547, 22.4954394], [113.9304272, 22.4955675], [113.9300129, 22.4954916]]]]}}, {"type": "Feature", "id": "way/1352282058", "properties": {"tags": {"building:levels": "21", "building:material": "glass", "building:min_level": "18", "building:part": "yes", "height": "90", "min_height": "80"}, "heightStatus": "height_tag_unverified", "source": "OpenStreetMap", "license": "ODbL-1.0"}, "geometry": {"type": "MultiPolygon", "coordinates": [[[[113.9328331, 22.4954913], [113.932884, 22.495264], [113.9330881, 22.4953035], [113.9330376, 22.4955302], [113.9330241, 22.4955277], [113.9328331, 22.4954913]]]]}}, {"type": "Feature", "id": "way/1352282059", "properties": {"tags": {"building:levels": "23", "building:min_level": "18", "building:part": "yes", "height": "100", "layer": "1", "min_height": "80"}, "heightStatus": "height_tag_unverified", "source": "OpenStreetMap", "license": "ODbL-1.0"}, "geometry": {"type": "MultiPolygon", "coordinates": [[[[113.931751, 22.4952721], [113.931762, 22.4952232], [113.9317991, 22.4950569], [113.9319822, 22.4950919], [113.9320666, 22.495108], [113.9320185, 22.4953232], [113.931934, 22.4953071], [113.931751, 22.4952721]]]]}}, {"type": "Feature", "id": "way/1352282060", "properties": {"tags": {"building:levels": "6", "building:part": "yes", "height": "30"}, "heightStatus": "height_tag_unverified", "source": "OpenStreetMap", "license": "ODbL-1.0"}, "geometry": {"type": "MultiPolygon", "coordinates": [[[[113.931934, 22.4953071], [113.9319822, 22.4950919], [113.9320666, 22.495108], [113.9320185, 22.4953232], [113.931934, 22.4953071]]]]}}, {"type": "Feature", "id": "way/1352282061", "properties": {"tags": {"building:levels": "1", "building:part": "yes", "height": "5"}, "heightStatus": "height_tag_unverified", "source": "OpenStreetMap", "license": "ODbL-1.0"}, "geometry": {"type": "MultiPolygon", "coordinates": [[[[113.9307491, 22.4954453], [113.9307829, 22.4952944], [113.9312791, 22.4953893], [113.9313341, 22.4951415], [113.931762, 22.4952232], [113.931751, 22.4952721], [113.9317189, 22.4954171], [113.9316193, 22.495398], [113.9315563, 22.495386], [113.9314733, 22.4957566], [113.931139, 22.4956927], [113.9311761, 22.495527], [113.9307491, 22.4954453]]]]}}, {"type": "Feature", "id": "way/1352282062", "properties": {"tags": {"building:levels": "4", "building:min_level": "2", "building:part": "yes", "height": "22", "min_height": "10"}, "heightStatus": "height_tag_unverified", "source": "OpenStreetMap", "license": "ODbL-1.0"}, "geometry": {"type": "MultiPolygon", "coordinates": [[[[113.9316449, 22.4957423], [113.9317189, 22.4954171], [113.9319012, 22.4954522], [113.9318279, 22.4957775], [113.9316449, 22.4957423]]]]}}, {"type": "Feature", "id": "way/1352282063", "properties": {"tags": {"building:levels": "4", "building:part": "yes", "height": "22"}, "heightStatus": "height_tag_unverified", "source": "OpenStreetMap", "license": "ODbL-1.0"}, "geometry": {"type": "MultiPolygon", "coordinates": [[[[113.931546, 22.4957232], [113.9316193, 22.495398], [113.9317189, 22.4954171], [113.9316449, 22.4957423], [113.931546, 22.4957232]]]]}}, {"type": "Feature", "id": "way/1352282064", "properties": {"tags": {"building:levels": "5", "building:part": "yes", "height": "28"}, "heightStatus": "height_tag_unverified", "source": "OpenStreetMap", "license": "ODbL-1.0"}, "geometry": {"type": "MultiPolygon", "coordinates": [[[[113.9314733, 22.4957566], [113.9315563, 22.495386], [113.9316193, 22.495398], [113.931546, 22.4957232], [113.9316449, 22.4957423], [113.9316349, 22.4957866], [113.9314733, 22.4957566]]]]}}, {"type": "Feature", "id": "way/1352282065", "properties": {"tags": {"building:levels": "5", "building:min_level": "2", "building:part": "yes", "height": "28", "min_height": "10"}, "heightStatus": "height_tag_unverified", "source": "OpenStreetMap", "license": "ODbL-1.0"}, "geometry": {"type": "MultiPolygon", "coordinates": [[[[113.9316349, 22.4957866], [113.9316449, 22.4957423], [113.9318279, 22.4957775], [113.9318179, 22.4958218], [113.9316349, 22.4957866]]]]}}, {"type": "Feature", "id": "way/1352282066", "properties": {"tags": {"building:levels": "5", "building:part": "yes", "height": "26"}, "heightStatus": "height_tag_unverified", "source": "OpenStreetMap", "license": "ODbL-1.0"}, "geometry": {"type": "MultiPolygon", "coordinates": [[[[113.9328331, 22.4954913], [113.932884, 22.495264], [113.9328958, 22.4952105], [113.9334597, 22.4953178], [113.9333742, 22.4957009], [113.9333625, 22.4956987], [113.9334452, 22.4953281], [113.9330974, 22.4952619], [113.9330881, 22.4953035], [113.9330376, 22.4955302], [113.9330241, 22.4955277], [113.9328331, 22.4954913]]]]}}, {"type": "Feature", "id": "way/1352282067", "properties": {"tags": {"building:levels": "6", "building:part": "yes", "height": "30"}, "heightStatus": "height_tag_unverified", "source": "OpenStreetMap", "license": "ODbL-1.0"}, "geometry": {"type": "MultiPolygon", "coordinates": [[[[113.9319822, 22.4950919], [113.9319944, 22.4950389], [113.9328958, 22.4952105], [113.932884, 22.495264], [113.9324787, 22.4951866], [113.9320666, 22.495108], [113.9319822, 22.4950919]]]]}}, {"type": "Feature", "id": "way/1352282068", "properties": {"tags": {"building:levels": "5", "building:part": "yes", "height": "28"}, "heightStatus": "height_tag_unverified", "source": "OpenStreetMap", "license": "ODbL-1.0"}, "geometry": {"type": "MultiPolygon", "coordinates": [[[[113.9318179, 22.4958218], [113.9318279, 22.4957775], [113.9319372, 22.4957985], [113.9319826, 22.4955968], [113.9320751, 22.4956146], [113.9320353, 22.4957915], [113.9320197, 22.4958607], [113.9318179, 22.4958218]]]]}}, {"type": "Feature", "id": "way/1352282069", "properties": {"tags": {"building:levels": "2", "building:part": "yes", "height": "10"}, "heightStatus": "height_tag_unverified", "source": "OpenStreetMap", "license": "ODbL-1.0"}, "geometry": {"type": "MultiPolygon", "coordinates": [[[[113.9325686, 22.4959502], [113.9325768, 22.495913], [113.9326024, 22.4959179], [113.9326057, 22.4959027], [113.9327709, 22.495934], [113.9327593, 22.4959864], [113.9325686, 22.4959502]]]]}}, {"type": "Feature", "id": "way/1352282070", "properties": {"tags": {"building:levels": "2", "building:part": "yes", "height": "10"}, "heightStatus": "height_tag_unverified", "source": "OpenStreetMap", "license": "ODbL-1.0"}, "geometry": {"type": "MultiPolygon", "coordinates": [[[[113.9322805, 22.4958882], [113.9322918, 22.4958592], [113.9324097, 22.4958815], [113.9323917, 22.4959316], [113.9322805, 22.4958882]]]]}}, {"type": "Feature", "id": "way/1352282071", "properties": {"tags": {"building:levels": "6", "building:part": "yes", "height": "30"}, "heightStatus": "height_tag_unverified", "source": "OpenStreetMap", "license": "ODbL-1.0"}, "geometry": {"type": "MultiPolygon", "coordinates": [[[[113.9319244, 22.4953493], [113.931934, 22.4953071], [113.9320185, 22.4953232], [113.9324306, 22.4954018], [113.9324279, 22.495414], [113.9328331, 22.4954913], [113.9328197, 22.4955517], [113.9326106, 22.4955119], [113.9326149, 22.4954928], [113.9321481, 22.4954039], [113.9321507, 22.4953923], [113.9319244, 22.4953493]]]]}}, {"type": "Feature", "id": "way/1352282072", "properties": {"tags": {"building:levels": "5", "building:part": "yes", "height": "26"}, "heightStatus": "height_tag_unverified", "source": "OpenStreetMap", "license": "ODbL-1.0"}, "geometry": {"type": "MultiPolygon", "coordinates": [[[[113.9321772, 22.4957893], [113.9322142, 22.495627], [113.9323364, 22.4956508], [113.9323224, 22.4958176], [113.9321772, 22.4957893]]]]}}, {"type": "Feature", "id": "way/1352282073", "properties": {"tags": {"building:levels": "3", "building:part": "yes", "height": "16"}, "heightStatus": "height_tag_unverified", "source": "OpenStreetMap", "license": "ODbL-1.0"}, "geometry": {"type": "MultiPolygon", "coordinates": [[[[113.9318141, 22.4958388], [113.9318179, 22.4958218], [113.9320197, 22.4958607], [113.9320353, 22.4957915], [113.9323523, 22.4958515], [113.9323558, 22.4958357], [113.9325051, 22.4958637], [113.9325088, 22.4958877], [113.9326617, 22.4958678], [113.932654, 22.4958142], [113.932776, 22.4958373], [113.9327631, 22.4958958], [113.9328937, 22.4959205], [113.9329004, 22.4958905], [113.9329392, 22.4958978], [113.9329244, 22.4959623], [113.9327709, 22.495934], [113.9326057, 22.4959027], [113.9326024, 22.4959179], [113.9325768, 22.495913], [113.9324097, 22.4958815], [113.9322918, 22.4958592], [113.9321906, 22.49584], [113.9321757, 22.4959071], [113.9318141, 22.4958388]]]]}}, {"type": "Feature", "id": "relation/18570775", "properties": {"tags": {"building:levels": "4", "building:part": "yes", "height": "22"}, "heightStatus": "height_tag_unverified", "source": "OpenStreetMap", "license": "ODbL-1.0"}, "geometry": {"type": "MultiPolygon", "coordinates": [[[[113.9318279, 22.4957775], [113.9319012, 22.4954522], [113.9319244, 22.4953493], [113.9321507, 22.4953923], [113.9321481, 22.4954039], [113.9326149, 22.4954928], [113.9326106, 22.4955119], [113.9328197, 22.4955517], [113.9328331, 22.4954913], [113.9330241, 22.4955277], [113.9329722, 22.495754], [113.9328723, 22.495744], [113.9328707, 22.4957513], [113.9326604, 22.4957131], [113.9326416, 22.495752], [113.9325544, 22.4957526], [113.9325546, 22.4957185], [113.9323903, 22.4956888], [113.9323617, 22.4958243], [113.9324264, 22.495836], [113.9324371, 22.4957853], [113.9324945, 22.4957956], [113.9325051, 22.4958637], [113.9323558, 22.4958357], [113.9323523, 22.4958515], [113.9320353, 22.4957915], [113.9320751, 22.4956146], [113.9319826, 22.4955968], [113.9319372, 22.4957985], [113.9318279, 22.4957775]], [[113.9321772, 22.4957893], [113.9323224, 22.4958176], [113.9323364, 22.4956508], [113.9322142, 22.495627], [113.9321772, 22.4957893]]]]}}, {"type": "Feature", "id": "way/1352282075", "properties": {"tags": {"building": "commercial", "building:levels": "23", "building:material": "glass", "height": "100", "layer": "1", "name": "湾厦中心", "ref": "C"}, "heightStatus": "height_tag_unverified", "source": "OpenStreetMap", "license": "ODbL-1.0"}, "geometry": {"type": "MultiPolygon", "coordinates": [[[[113.931751, 22.4952721], [113.931762, 22.4952232], [113.9317991, 22.4950569], [113.9319822, 22.4950919], [113.9320666, 22.495108], [113.9324787, 22.4951866], [113.932884, 22.495264], [113.9328331, 22.4954913], [113.9324279, 22.495414], [113.9324306, 22.4954018], [113.9320185, 22.4953232], [113.931751, 22.4952721]]]]}}, {"type": "Feature", "id": "way/1352282076", "properties": {"tags": {"building:levels": "6", "building:part": "yes", "height": "31"}, "heightStatus": "height_tag_unverified", "source": "OpenStreetMap", "license": "ODbL-1.0"}, "geometry": {"type": "MultiPolygon", "coordinates": [[[[113.9329244, 22.4959623], [113.9329392, 22.4958978], [113.9329722, 22.495754], [113.9330241, 22.4955277], [113.9330376, 22.4955302], [113.9329911, 22.4957385], [113.9333389, 22.4958047], [113.9333625, 22.4956987], [113.9333742, 22.4957009], [113.9333234, 22.4960382], [113.9329244, 22.4959623]]]]}}, {"type": "Feature", "id": "way/1352282077", "properties": {"tags": {"building:part": "yes"}, "heightStatus": "unknown", "source": "OpenStreetMap", "license": "ODbL-1.0"}, "geometry": {"type": "MultiPolygon", "coordinates": [[[[113.9308156, 22.4951223], [113.9308454, 22.4950189], [113.9311688, 22.4950758], [113.9311472, 22.4951806], [113.9308156, 22.4951223]]]]}}, {"type": "Feature", "id": "way/1352282078", "properties": {"tags": {"building:part": "yes"}, "heightStatus": "unknown", "source": "OpenStreetMap", "license": "ODbL-1.0"}, "geometry": {"type": "MultiPolygon", "coordinates": [[[[113.9308454, 22.4950189], [113.9308767, 22.4949479], [113.9308925, 22.4949497], [113.9309203, 22.4948795], [113.9312004, 22.4949297], [113.9311688, 22.4950758], [113.9308454, 22.4950189]]]]}}, {"type": "Feature", "id": "way/1352282079", "properties": {"tags": {"building:part": "yes"}, "heightStatus": "unknown", "source": "OpenStreetMap", "license": "ODbL-1.0"}, "geometry": {"type": "MultiPolygon", "coordinates": [[[[113.93079, 22.4952441], [113.9308156, 22.4951223], [113.9311472, 22.4951806], [113.9311926, 22.4951893], [113.9311873, 22.4952142], [113.9312096, 22.4952182], [113.9311892, 22.4953156], [113.93079, 22.4952441]]]]}}, {"type": "Feature", "id": "way/1352282080", "properties": {"tags": {"building": "kindergarten"}, "heightStatus": "unknown", "source": "OpenStreetMap", "license": "ODbL-1.0"}, "geometry": {"type": "MultiPolygon", "coordinates": [[[[113.93079, 22.4952441], [113.9308156, 22.4951223], [113.9308454, 22.4950189], [113.9308767, 22.4949479], [113.9308925, 22.4949497], [113.9309203, 22.4948795], [113.9312004, 22.4949297], [113.9311688, 22.4950758], [113.9311472, 22.4951806], [113.9311926, 22.4951893], [113.9311873, 22.4952142], [113.9312096, 22.4952182], [113.9311892, 22.4953156], [113.93079, 22.4952441]]]]}}, {"type": "Feature", "id": "way/1352282081", "properties": {"tags": {"building": "retail", "building:levels": "6", "height": "30", "layer": "1", "name": "湾厦1012", "shop": "mall"}, "heightStatus": "height_tag_unverified", "source": "OpenStreetMap", "license": "ODbL-1.0"}, "geometry": {"type": "MultiPolygon", "coordinates": [[[[113.9307491, 22.4954453], [113.9307829, 22.4952944], [113.9312791, 22.4953893], [113.9313341, 22.4951415], [113.931762, 22.4952232], [113.931751, 22.4952721], [113.9317189, 22.4954171], [113.9319012, 22.4954522], [113.9319244, 22.4953493], [113.931934, 22.4953071], [113.9320185, 22.4953232], [113.9324306, 22.4954018], [113.9324279, 22.495414], [113.9328331, 22.4954913], [113.932884, 22.495264], [113.9324787, 22.4951866], [113.9320666, 22.495108], [113.9319822, 22.4950919], [113.9319944, 22.4950389], [113.9328958, 22.4952105], [113.9334597, 22.4953178], [113.9333742, 22.4957009], [113.9333234, 22.4960382], [113.9329244, 22.4959623], [113.9327709, 22.495934], [113.9327593, 22.4959864], [113.9325686, 22.4959502], [113.9325768, 22.495913], [113.9324097, 22.4958815], [113.9323917, 22.4959316], [113.9322805, 22.4958882], [113.9322918, 22.4958592], [113.9321906, 22.49584], [113.9321757, 22.4959071], [113.9318141, 22.4958388], [113.9318179, 22.4958218], [113.9316349, 22.4957866], [113.9314733, 22.4957566], [113.931139, 22.4956927], [113.9311761, 22.495527], [113.9307491, 22.4954453]]]]}}, {"type": "Feature", "id": "way/1352282084", "properties": {"tags": {"building:levels": "5", "building:part": "yes", "height": "26"}, "heightStatus": "height_tag_unverified", "source": "OpenStreetMap", "license": "ODbL-1.0"}, "geometry": {"type": "MultiPolygon", "coordinates": [[[[113.9323617, 22.4958243], [113.9323903, 22.4956888], [113.9325546, 22.4957185], [113.9325544, 22.4957526], [113.9326416, 22.495752], [113.9326604, 22.4957131], [113.9328707, 22.4957513], [113.9328723, 22.495744], [113.9329722, 22.495754], [113.9329392, 22.4958978], [113.9329004, 22.4958905], [113.9328937, 22.4959205], [113.9327631, 22.4958958], [113.932776, 22.4958373], [113.932654, 22.4958142], [113.9326617, 22.4958678], [113.9325088, 22.4958877], [113.9325051, 22.4958637], [113.9324945, 22.4957956], [113.9324371, 22.4957853], [113.9324264, 22.495836], [113.9323617, 22.4958243]]]]}}, {"type": "Feature", "id": "way/1352282085", "properties": {"tags": {"building:levels": "23", "building:part": "yes", "height": "100"}, "heightStatus": "height_tag_unverified", "source": "OpenStreetMap", "license": "ODbL-1.0"}, "geometry": {"type": "MultiPolygon", "coordinates": [[[[113.9320185, 22.4953232], [113.9320666, 22.495108], [113.9324787, 22.4951866], [113.9324306, 22.4954018], [113.9320185, 22.4953232]]]]}}, {"type": "Feature", "id": "way/1352282086", "properties": {"tags": {"building:levels": "21", "building:part": "yes", "height": "90"}, "heightStatus": "height_tag_unverified", "source": "OpenStreetMap", "license": "ODbL-1.0"}, "geometry": {"type": "MultiPolygon", "coordinates": [[[[113.9324279, 22.495414], [113.9324306, 22.4954018], [113.9324787, 22.4951866], [113.932884, 22.495264], [113.9328331, 22.4954913], [113.9324279, 22.495414]]]]}}, {"type": "Feature", "id": "way/1352282087", "properties": {"tags": {"building": "apartments", "building:levels": "45", "height": "146", "name": "A座", "ref": "A"}, "heightStatus": "height_tag_unverified", "source": "OpenStreetMap", "license": "ODbL-1.0"}, "geometry": {"type": "MultiPolygon", "coordinates": [[[[113.930712, 22.4956111], [113.9307491, 22.4954453], [113.9311761, 22.495527], [113.931139, 22.4956927], [113.930712, 22.4956111]]]]}}, {"type": "Feature", "id": "way/1352282088", "properties": {"tags": {"building": "apartments", "building:levels": "45", "height": "146", "name": "B座", "ref": "B"}, "heightStatus": "height_tag_unverified", "source": "OpenStreetMap", "license": "ODbL-1.0"}, "geometry": {"type": "MultiPolygon", "coordinates": [[[[113.9313341, 22.4951415], [113.9313713, 22.4949753], [113.9317991, 22.4950569], [113.931762, 22.4952232], [113.9313341, 22.4951415]]]]}}, {"type": "Feature", "id": "way/1352282089", "properties": {"tags": {"building": "apartments", "building:levels": "33", "building:material": "mirror", "height": "130", "layer": "2", "name": "深圳盛捷湾厦服务公寓", "ref": "D", "tourism": "apartment"}, "heightStatus": "height_tag_unverified", "source": "OpenStreetMap", "license": "ODbL-1.0"}, "geometry": {"type": "MultiPolygon", "coordinates": [[[[113.9329911, 22.4957385], [113.9330376, 22.4955302], [113.9330881, 22.4953035], [113.9330974, 22.4952619], [113.9334452, 22.4953281], [113.9333625, 22.4956987], [113.9333389, 22.4958047], [113.9329911, 22.4957385]]]]}}, {"type": "Feature", "id": "way/1352282121", "properties": {"tags": {"building": "apartments", "building:levels": "8"}, "heightStatus": "levels_only_unverified", "source": "OpenStreetMap", "license": "ODbL-1.0"}, "geometry": {"type": "MultiPolygon", "coordinates": [[[[113.9294283, 22.4997165], [113.9294732, 22.4996826], [113.9294852, 22.4996099], [113.9294531, 22.4995649], [113.929482, 22.4995472], [113.9294866, 22.4995159], [113.9295457, 22.4995229], [113.9295421, 22.4995509], [113.9295616, 22.4995782], [113.9296684, 22.4995927], [113.9296408, 22.4997594], [113.9295233, 22.4997434], [113.9295087, 22.4997544], [113.9295055, 22.4997829], [113.9294463, 22.4997759], [113.9294502, 22.4997414], [113.9294283, 22.4997165]]]]}}, {"type": "Feature", "id": "way/1352282122", "properties": {"tags": {"building": "apartments", "building:levels": "8"}, "heightStatus": "levels_only_unverified", "source": "OpenStreetMap", "license": "ODbL-1.0"}, "geometry": {"type": "MultiPolygon", "coordinates": [[[[113.929388, 22.4999765], [113.929433, 22.4999427], [113.929445, 22.4998699], [113.9294128, 22.499825], [113.9294418, 22.4998072], [113.9294463, 22.4997759], [113.9295055, 22.4997829], [113.9295018, 22.4998109], [113.9295214, 22.4998382], [113.9296282, 22.4998528], [113.9296006, 22.5000194], [113.9294831, 22.5000034], [113.9294685, 22.5000144], [113.9294653, 22.500043], [113.9294061, 22.5000359], [113.92941, 22.5000014], [113.929388, 22.4999765]]]]}}, {"type": "Feature", "id": "way/1352282124", "properties": {"tags": {"building": "apartments", "building:levels": "8"}, "heightStatus": "levels_only_unverified", "source": "OpenStreetMap", "license": "ODbL-1.0"}, "geometry": {"type": "MultiPolygon", "coordinates": [[[[113.9290721, 22.4993279], [113.9290913, 22.4992078], [113.929243, 22.4992285], [113.9292394, 22.4992506], [113.929401, 22.4992726], [113.9293981, 22.4992912], [113.9295588, 22.4993131], [113.9295556, 22.4993331], [113.929717, 22.4993551], [113.9296984, 22.4994713], [113.9295362, 22.4994492], [113.9295392, 22.4994306], [113.9293785, 22.4994087], [113.9293816, 22.4993896], [113.9292167, 22.4993672], [113.9292198, 22.499348], [113.9290721, 22.4993279]]]]}}, {"type": "Feature", "id": "way/1352282125", "properties": {"tags": {"building": "apartments", "building:levels": "8"}, "heightStatus": "levels_only_unverified", "source": "OpenStreetMap", "license": "ODbL-1.0"}, "geometry": {"type": "MultiPolygon", "coordinates": [[[[113.9290581, 22.4996445], [113.9290857, 22.4994779], [113.9292996, 22.4995081], [113.929272, 22.4996748], [113.9290581, 22.4996445]]]]}}, {"type": "Feature", "id": "way/1352282126", "properties": {"tags": {"building": "apartments", "building:levels": "8"}, "heightStatus": "levels_only_unverified", "source": "OpenStreetMap", "license": "ODbL-1.0"}, "geometry": {"type": "MultiPolygon", "coordinates": [[[[113.9290125, 22.4999308], [113.9290401, 22.4997641], [113.929254, 22.4997943], [113.9292264, 22.499961], [113.9290125, 22.4999308]]]]}}, {"type": "Feature", "id": "way/1352282128", "properties": {"tags": {"addr:housename": "海洋星苑", "addr:housename:en": "Haiyang Xingyuan", "addr:housename:zh": "海洋星苑", "building": "apartments", "building:levels": "9", "name": "3号楼", "name:en": "Block 3", "name:zh": "3号楼", "name:zh-Hans": "3号楼", "name:zh-Hant": "3號樓"}, "heightStatus": "levels_only_unverified", "source": "OpenStreetMap", "license": "ODbL-1.0"}, "geometry": {"type": "MultiPolygon", "coordinates": [[[[113.9292604, 22.4985213], [113.9292821, 22.4984447], [113.9293354, 22.4984575], [113.9293607, 22.498368], [113.9295285, 22.4984086], [113.9295032, 22.4984981], [113.9295931, 22.4985198], [113.9296184, 22.4984303], [113.9297863, 22.4984708], [113.9297609, 22.4985603], [113.9298153, 22.4985735], [113.9297935, 22.4986504], [113.9292604, 22.4985213]]]]}}, {"type": "Feature", "id": "way/1352282129", "properties": {"tags": {"addr:housename": "海洋星苑", "addr:housename:en": "Haiyang Xingyuan", "addr:housename:zh": "海洋星苑", "building": "apartments", "building:levels": "12", "name": "2号楼", "name:en": "Block 2", "name:zh": "2号楼", "name:zh-Hans": "2号楼", "name:zh-Hant": "2號樓"}, "heightStatus": "levels_only_unverified", "source": "OpenStreetMap", "license": "ODbL-1.0"}, "geometry": {"type": "MultiPolygon", "coordinates": [[[[113.9294543, 22.4990394], [113.929472, 22.4989618], [113.9295181, 22.4989707], [113.9295387, 22.49888], [113.9297085, 22.498913], [113.9296879, 22.4990033], [113.9297431, 22.4990141], [113.9297253, 22.4990919], [113.9296932, 22.4990856], [113.9296818, 22.4991357], [113.9294613, 22.4990929], [113.9294726, 22.499043], [113.9294543, 22.4990394]]]]}}, {"type": "Feature", "id": "way/1352282134", "properties": {"tags": {"building": "apartments", "building:levels": "8"}, "heightStatus": "levels_only_unverified", "source": "OpenStreetMap", "license": "ODbL-1.0"}, "geometry": {"type": "MultiPolygon", "coordinates": [[[[113.9295764, 22.4968467], [113.9296247, 22.4966496], [113.930058, 22.4967402], [113.9300097, 22.4969373], [113.9295764, 22.4968467]]]]}}, {"type": "Feature", "id": "way/1352282135", "properties": {"tags": {"building": "apartments", "building:levels": "8"}, "heightStatus": "levels_only_unverified", "source": "OpenStreetMap", "license": "ODbL-1.0"}, "geometry": {"type": "MultiPolygon", "coordinates": [[[[113.9294832, 22.4972041], [113.9295315, 22.497007], [113.9299648, 22.4970977], [113.9299165, 22.4972948], [113.9294832, 22.4972041]]]]}}, {"type": "Feature", "id": "way/1352282136", "properties": {"tags": {"building": "apartments", "building:levels": "8"}, "heightStatus": "levels_only_unverified", "source": "OpenStreetMap", "license": "ODbL-1.0"}, "geometry": {"type": "MultiPolygon", "coordinates": [[[[113.9293944, 22.4975735], [113.9294432, 22.4973765], [113.9300282, 22.4975002], [113.9299794, 22.4976972], [113.9293944, 22.4975735]]]]}}, {"type": "Feature", "id": "way/1352282137", "properties": {"tags": {"building": "apartments", "building:levels": "8"}, "heightStatus": "levels_only_unverified", "source": "OpenStreetMap", "license": "ODbL-1.0"}, "geometry": {"type": "MultiPolygon", "coordinates": [[[[113.9293082, 22.4979251], [113.929357, 22.4977281], [113.929942, 22.4978518], [113.9298932, 22.4980488], [113.9293082, 22.4979251]]]]}}, {"type": "Feature", "id": "way/1352462214", "properties": {"tags": {"building": "apartments", "building:levels": "32"}, "heightStatus": "levels_only_unverified", "source": "OpenStreetMap", "license": "ODbL-1.0"}, "geometry": {"type": "MultiPolygon", "coordinates": [[[[113.9328094, 22.4929275], [113.9329695, 22.4928533], [113.9329205, 22.4927631], [113.9330025, 22.4927251], [113.9330377, 22.4927898], [113.9330551, 22.4927817], [113.933145, 22.4929069], [113.9330377, 22.4929567], [113.9330916, 22.4930559], [113.9330077, 22.4930948], [113.932939, 22.4929685], [113.9328532, 22.4930083], [113.9328094, 22.4929275]]]]}}, {"type": "Feature", "id": "way/1352462215", "properties": {"tags": {"building": "apartments", "building:levels": "27"}, "heightStatus": "levels_only_unverified", "source": "OpenStreetMap", "license": "ODbL-1.0"}, "geometry": {"type": "MultiPolygon", "coordinates": [[[[113.933138, 22.4920878], [113.9332882, 22.491999], [113.9332291, 22.4919136], [113.9333077, 22.4918671], [113.933357, 22.4919382], [113.9333691, 22.4919311], [113.9334689, 22.4920363], [113.9333601, 22.4921006], [113.9334195, 22.4921863], [113.9333495, 22.4922277], [113.9332709, 22.4921143], [113.9331896, 22.4921623], [113.933138, 22.4920878]]]]}}, {"type": "Feature", "id": "way/1352462216", "properties": {"tags": {"building": "apartments", "building:levels": "32"}, "heightStatus": "levels_only_unverified", "source": "OpenStreetMap", "license": "ODbL-1.0"}, "geometry": {"type": "MultiPolygon", "coordinates": [[[[113.9326457, 22.4933606], [113.9328059, 22.4932863], [113.9327569, 22.4931961], [113.9328389, 22.4931581], [113.932874, 22.4932228], [113.9328914, 22.4932147], [113.9329813, 22.49334], [113.932874, 22.4933897], [113.9329279, 22.493489], [113.932844, 22.4935279], [113.9327754, 22.4934015], [113.9326895, 22.4934413], [113.9326457, 22.4933606]]]]}}, {"type": "Feature", "id": "way/1352462217", "properties": {"tags": {"building": "apartments", "building:levels": "32"}, "heightStatus": "levels_only_unverified", "source": "OpenStreetMap", "license": "ODbL-1.0"}, "geometry": {"type": "MultiPolygon", "coordinates": [[[[113.9330201, 22.4924801], [113.9331803, 22.4924059], [113.9331313, 22.4923157], [113.9332133, 22.4922777], [113.9332484, 22.4923423], [113.9332658, 22.4923343], [113.9333557, 22.4924595], [113.9332484, 22.4925093], [113.9333023, 22.4926085], [113.9332184, 22.4926474], [113.9331498, 22.4925211], [113.933064, 22.4925608], [113.9330201, 22.4924801]]]]}}, {"type": "Feature", "id": "way/1352462218", "properties": {"tags": {"building": "apartments", "building:levels": "27"}, "heightStatus": "levels_only_unverified", "source": "OpenStreetMap", "license": "ODbL-1.0"}, "geometry": {"type": "MultiPolygon", "coordinates": [[[[113.9331348, 22.4934545], [113.9331602, 22.4933577], [113.9338139, 22.493504], [113.9337885, 22.4936009], [113.93373, 22.4935878], [113.9336994, 22.4937046], [113.9335204, 22.4936645], [113.933551, 22.4935477], [113.9334124, 22.4935167], [113.9333818, 22.4936335], [113.9331869, 22.4935899], [113.9332176, 22.4934731], [113.9331348, 22.4934545]]]]}}, {"type": "Feature", "id": "way/1352462219", "properties": {"tags": {"building": "house"}, "heightStatus": "unknown", "source": "OpenStreetMap", "license": "ODbL-1.0"}, "geometry": {"type": "MultiPolygon", "coordinates": [[[[113.9336029, 22.4930555], [113.9338431, 22.492939], [113.9339017, 22.4930423], [113.9338711, 22.4930571], [113.9339132, 22.4931314], [113.9337037, 22.493233], [113.9336029, 22.4930555]]]]}}, {"type": "Feature", "id": "way/1352462220", "properties": {"tags": {"building": "house"}, "heightStatus": "unknown", "source": "OpenStreetMap", "license": "ODbL-1.0"}, "geometry": {"type": "MultiPolygon", "coordinates": [[[[113.9336618, 22.4927593], [113.9339019, 22.4926422], [113.9339901, 22.4927966], [113.9340027, 22.4928187], [113.9337627, 22.4929358], [113.9336618, 22.4927593]]]]}}, {"type": "Feature", "id": "way/1352462221", "properties": {"tags": {"building": "house"}, "heightStatus": "unknown", "source": "OpenStreetMap", "license": "ODbL-1.0"}, "geometry": {"type": "MultiPolygon", "coordinates": [[[[113.9337628, 22.4924593], [113.9340029, 22.4923422], [113.9340911, 22.4924966], [113.9341037, 22.4925187], [113.9338637, 22.4926358], [113.9337628, 22.4924593]]]]}}, {"type": "Feature", "id": "way/1352462222", "properties": {"tags": {"building": "house"}, "heightStatus": "unknown", "source": "OpenStreetMap", "license": "ODbL-1.0"}, "geometry": {"type": "MultiPolygon", "coordinates": [[[[113.9335799, 22.4921428], [113.93382, 22.4920257], [113.9339082, 22.49218], [113.9339208, 22.4922021], [113.9336808, 22.4923192], [113.9335799, 22.4921428]]]]}}, {"type": "Feature", "id": "way/1352462238", "properties": {"tags": {"building": "apartments", "building:levels": "23", "name": "C栋", "ref": "C"}, "heightStatus": "levels_only_unverified", "source": "OpenStreetMap", "license": "ODbL-1.0"}, "geometry": {"type": "MultiPolygon", "coordinates": [[[[113.9333708, 22.4914378], [113.9333897, 22.4913294], [113.9334112, 22.4913027], [113.9335094, 22.4913748], [113.9335955, 22.4912675], [113.9337283, 22.4913584], [113.9337113, 22.4913795], [113.9337763, 22.491424], [113.9337236, 22.4914897], [113.9336708, 22.4914535], [113.9335405, 22.4916161], [113.93345, 22.4915542], [113.9334822, 22.491514], [113.9333708, 22.4914378]]]]}}, {"type": "Feature", "id": "way/1352462239", "properties": {"tags": {"building": "apartments", "building:levels": "21", "name": "F栋", "ref": "F"}, "heightStatus": "levels_only_unverified", "source": "OpenStreetMap", "license": "ODbL-1.0"}, "geometry": {"type": "MultiPolygon", "coordinates": [[[[113.9326615, 22.4913877], [113.9326969, 22.4912787], [113.9327976, 22.4913066], [113.932841, 22.4911731], [113.932992, 22.491215], [113.932956, 22.4913257], [113.9330646, 22.4913558], [113.9330281, 22.491468], [113.9329267, 22.4914399], [113.9329394, 22.4914009], [113.9328159, 22.4913666], [113.9327968, 22.4914253], [113.9326615, 22.4913877]]]]}}, {"type": "Feature", "id": "way/1352462240", "properties": {"tags": {"building": "retail"}, "heightStatus": "unknown", "source": "OpenStreetMap", "license": "ODbL-1.0"}, "geometry": {"type": "MultiPolygon", "coordinates": [[[[113.933276, 22.4915652], [113.9333638, 22.4913204], [113.9333897, 22.4913294], [113.9333708, 22.4914378], [113.9334822, 22.491514], [113.93345, 22.4915542], [113.9335405, 22.4916161], [113.9336708, 22.4914535], [113.9337236, 22.4914897], [113.9337763, 22.491424], [113.9338613, 22.491484], [113.9339266, 22.4913993], [113.9343086, 22.4916561], [113.9341953, 22.4918305], [113.9332765, 22.4915654], [113.933276, 22.4915652]]]]}}, {"type": "Feature", "id": "way/1352462246", "properties": {"tags": {"building": "yes", "building:levels": "15", "name": "奥城花园酒店", "name:en": "Ocean City Hotel", "name:zh": "奥城花园酒店", "ref": "G", "tourism": "hotel"}, "heightStatus": "levels_only_unverified", "source": "OpenStreetMap", "license": "ODbL-1.0"}, "geometry": {"type": "MultiPolygon", "coordinates": [[[[113.9321736, 22.4912527], [113.9322287, 22.4910884], [113.9325715, 22.4911865], [113.9325164, 22.4913508], [113.9321736, 22.4912527]]]]}}, {"type": "Feature", "id": "way/1352462261", "properties": {"tags": {"building": "residential", "building:levels": "7"}, "heightStatus": "levels_only_unverified", "source": "OpenStreetMap", "license": "ODbL-1.0"}, "geometry": {"type": "MultiPolygon", "coordinates": [[[[113.9312976, 22.491053], [113.9313444, 22.4909351], [113.931742, 22.4911749], [113.9319552, 22.4913035], [113.9319129, 22.4914223], [113.9312976, 22.491053]]]]}}, {"type": "Feature", "id": "way/1352462262", "properties": {"tags": {"building": "apartments", "building:levels": "7"}, "heightStatus": "levels_only_unverified", "source": "OpenStreetMap", "license": "ODbL-1.0"}, "geometry": {"type": "MultiPolygon", "coordinates": [[[[113.9309924, 22.4918369], [113.9312215, 22.4912483], [113.9316229, 22.4913817], [113.9315834, 22.4914831], [113.9312832, 22.4913833], [113.9312273, 22.4915269], [113.9315275, 22.4916268], [113.931488, 22.4917283], [113.9311878, 22.4916285], [113.9311276, 22.4917833], [113.9314277, 22.491883], [113.9313937, 22.4919703], [113.9309924, 22.4918369]]]]}}, {"type": "Feature", "id": "way/1352462263", "properties": {"tags": {"building": "apartments", "building:levels": "7"}, "heightStatus": "levels_only_unverified", "source": "OpenStreetMap", "license": "ODbL-1.0"}, "geometry": {"type": "MultiPolygon", "coordinates": [[[[113.9314739, 22.4919533], [113.9314935, 22.4918963], [113.9317615, 22.491975], [113.9317313, 22.4920628], [113.931691, 22.4920509], [113.9316852, 22.4920678], [113.931517, 22.4920185], [113.9315214, 22.4920056], [113.9314902, 22.4919965], [113.9315022, 22.4919616], [113.9314739, 22.4919533]]]]}}, {"type": "Feature", "id": "way/1352462264", "properties": {"tags": {"building": "apartments", "building:levels": "18"}, "heightStatus": "levels_only_unverified", "source": "OpenStreetMap", "license": "ODbL-1.0"}, "geometry": {"type": "MultiPolygon", "coordinates": [[[[113.9307203, 22.4927081], [113.9307418, 22.4926203], [113.9308126, 22.4926351], [113.9308458, 22.4924997], [113.9310123, 22.4925346], [113.9309798, 22.4926671], [113.9310526, 22.4926824], [113.9310303, 22.492773], [113.9307203, 22.4927081]]]]}}, {"type": "Feature", "id": "way/1352462265", "properties": {"tags": {"building": "apartments", "building:levels": "18"}, "heightStatus": "levels_only_unverified", "source": "OpenStreetMap", "license": "ODbL-1.0"}, "geometry": {"type": "MultiPolygon", "coordinates": [[[[113.9311503, 22.492679], [113.9311794, 22.4925931], [113.9312486, 22.4926131], [113.9312935, 22.4924806], [113.9314564, 22.4925277], [113.9314125, 22.4926574], [113.9314838, 22.492678], [113.9314537, 22.4927667], [113.9311503, 22.492679]]]]}}, {"type": "Feature", "id": "way/1352462266", "properties": {"tags": {"building": "apartments", "building:levels": "18"}, "heightStatus": "levels_only_unverified", "source": "OpenStreetMap", "license": "ODbL-1.0"}, "geometry": {"type": "MultiPolygon", "coordinates": [[[[113.9305582, 22.4931225], [113.9305808, 22.4930349], [113.9306513, 22.4930504], [113.9306861, 22.4929153], [113.9308526, 22.4929518], [113.9308186, 22.4930839], [113.9308911, 22.4930998], [113.9308679, 22.4931901], [113.9308675, 22.4931906], [113.9305582, 22.4931225]]]]}}, {"type": "Feature", "id": "way/1352462267", "properties": {"tags": {"building": "apartments", "building:levels": "18"}, "heightStatus": "levels_only_unverified", "source": "OpenStreetMap", "license": "ODbL-1.0"}, "geometry": {"type": "MultiPolygon", "coordinates": [[[[113.9308675, 22.4931906], [113.9308679, 22.4931901], [113.9308911, 22.4930998], [113.9309605, 22.493115], [113.9309952, 22.4929797], [113.9311642, 22.4930167], [113.9311304, 22.4931487], [113.9312032, 22.4931646], [113.9311791, 22.4932587], [113.9308675, 22.4931906]]]]}}, {"type": "Feature", "id": "way/1352462268", "properties": {"tags": {"building": "apartments", "building:levels": "11"}, "heightStatus": "levels_only_unverified", "source": "OpenStreetMap", "license": "ODbL-1.0"}, "geometry": {"type": "MultiPolygon", "coordinates": [[[[113.9308977, 22.4921765], [113.9309408, 22.4920518], [113.9309644, 22.4920587], [113.9309862, 22.4919955], [113.9311094, 22.4920318], [113.9310874, 22.4920954], [113.931111, 22.4921022], [113.9310678, 22.492227], [113.9308977, 22.4921765]]]]}}, {"type": "Feature", "id": "way/1352462269", "properties": {"tags": {"building": "apartments", "building:levels": "11"}, "heightStatus": "levels_only_unverified", "source": "OpenStreetMap", "license": "ODbL-1.0"}, "geometry": {"type": "MultiPolygon", "coordinates": [[[[113.9310678, 22.492227], [113.931111, 22.4921022], [113.9311356, 22.4921094], [113.9311575, 22.4920463], [113.9312798, 22.4920824], [113.9312577, 22.4921462], [113.9312829, 22.4921536], [113.9312397, 22.4922779], [113.9310678, 22.492227]]]]}}, {"type": "Feature", "id": "way/1352462270", "properties": {"tags": {"building": "apartments", "building:levels": "11"}, "heightStatus": "levels_only_unverified", "source": "OpenStreetMap", "license": "ODbL-1.0"}, "geometry": {"type": "MultiPolygon", "coordinates": [[[[113.9312397, 22.4922779], [113.9312829, 22.4921536], [113.9313055, 22.4921603], [113.9313274, 22.4920973], [113.9314511, 22.4921339], [113.9314289, 22.4921977], [113.9314517, 22.4922042], [113.9314088, 22.4923281], [113.9312397, 22.4922779]]]]}}, {"type": "Feature", "id": "way/1352462271", "properties": {"tags": {"building": "apartments", "building:levels": "11"}, "heightStatus": "levels_only_unverified", "source": "OpenStreetMap", "license": "ODbL-1.0"}, "geometry": {"type": "MultiPolygon", "coordinates": [[[[113.9314088, 22.4923281], [113.9314517, 22.4922042], [113.9314771, 22.4922117], [113.931499, 22.4921485], [113.9316213, 22.4921847], [113.9315992, 22.4922484], [113.9316239, 22.4922557], [113.9315811, 22.4923792], [113.9314088, 22.4923281]]]]}}, {"type": "Feature", "id": "way/1352463821", "properties": {"tags": {"building": "school"}, "heightStatus": "unknown", "source": "OpenStreetMap", "license": "ODbL-1.0"}, "geometry": {"type": "MultiPolygon", "coordinates": [[[[113.9315733, 22.4933064], [113.9316113, 22.4931961], [113.9316656, 22.4932121], [113.9317355, 22.4930098], [113.9316847, 22.4929948], [113.9317238, 22.4928816], [113.932024, 22.4929701], [113.9320757, 22.4928205], [113.9319755, 22.4927909], [113.9317691, 22.4927301], [113.9318205, 22.4925813], [113.9319872, 22.4926305], [113.9320536, 22.4924381], [113.9319836, 22.4924175], [113.9319511, 22.4925114], [113.9318512, 22.492482], [113.9319184, 22.4922874], [113.9322573, 22.4923873], [113.9322476, 22.4924155], [113.9323295, 22.4924396], [113.9323542, 22.4923682], [113.9327538, 22.492486], [113.9326749, 22.4927143], [113.9323871, 22.4926295], [113.93243, 22.4925052], [113.9323183, 22.4924723], [113.9323046, 22.492512], [113.9320932, 22.4924497], [113.9320268, 22.4926421], [113.9319869, 22.4927577], [113.9320871, 22.4927872], [113.9322099, 22.4928234], [113.9321557, 22.4929804], [113.9321285, 22.4929723], [113.9320804, 22.4931114], [113.9317894, 22.4930256], [113.9317195, 22.4932279], [113.9320059, 22.4933124], [113.9319678, 22.4934227], [113.9315733, 22.4933064]]]]}}, {"type": "Feature", "id": "way/1431921821", "properties": {"tags": {"building:levels": "45", "building:part": "yes", "layer": "2"}, "heightStatus": "levels_only_unverified", "source": "OpenStreetMap", "license": "ODbL-1.0"}, "geometry": {"type": "MultiPolygon", "coordinates": [[[[113.9343147, 22.4987592], [113.9343301, 22.498619], [113.9344102, 22.4986022], [113.934506, 22.4986013], [113.9345854, 22.4986156], [113.934659, 22.4986498], [113.9346426, 22.4987909], [113.9345549, 22.4987824], [113.9345466, 22.4988603], [113.9343764, 22.4988446], [113.9343848, 22.498766], [113.9343147, 22.4987592]]]]}}, {"type": "Feature", "id": "way/1431921825", "properties": {"tags": {"addr:housename": "海洋星苑", "addr:housename:en": "Haiyang Xingyuan", "addr:housename:zh": "海洋星苑", "building": "apartments", "building:levels": "12", "name": "1号楼", "name:en": "Block 1", "name:zh": "1号楼", "name:zh-Hans": "1号楼", "name:zh-Hant": "1號樓"}, "heightStatus": "levels_only_unverified", "source": "OpenStreetMap", "license": "ODbL-1.0"}, "geometry": {"type": "MultiPolygon", "coordinates": [[[[113.9291858, 22.4989874], [113.9292035, 22.4989099], [113.9292573, 22.4989204], [113.929278, 22.4988297], [113.9294477, 22.4988627], [113.9294271, 22.498953], [113.929472, 22.4989618], [113.9294543, 22.4990394], [113.9294347, 22.4990356], [113.9294232, 22.4990858], [113.9292027, 22.499043], [113.9292141, 22.4989929], [113.9291858, 22.4989874]]]]}}, {"type": "Feature", "id": "way/1442526550", "properties": {"tags": {"addr:housename": "湾厦泰福苑", "addr:housename:en": "Wanxia Taifu Garden", "addr:housename:zh": "湾厦泰福苑", "building": "apartments", "name": "D栋", "name:en": "Block D", "name:zh": "D栋"}, "heightStatus": "unknown", "source": "OpenStreetMap", "license": "ODbL-1.0"}, "geometry": {"type": "MultiPolygon", "coordinates": [[[[113.9290684, 22.4924493], [113.9290855, 22.4923848], [113.9291894, 22.4924083], [113.9291966, 22.4923808], [113.92914, 22.492368], [113.9291552, 22.4923105], [113.9293471, 22.4923539], [113.9293318, 22.4924114], [113.9292752, 22.4923986], [113.9292679, 22.4924261], [113.9293718, 22.4924496], [113.9293547, 22.4925141], [113.9290684, 22.4924493]]]]}}, {"type": "Feature", "id": "way/1442526551", "properties": {"tags": {"addr:housename": "湾厦泰福苑", "addr:housename:en": "Wanxia Taifu Garden", "addr:housename:zh": "湾厦泰福苑", "building": "apartments", "name": "C栋", "name:en": "Block C", "name:zh": "C栋"}, "heightStatus": "unknown", "source": "OpenStreetMap", "license": "ODbL-1.0"}, "geometry": {"type": "MultiPolygon", "coordinates": [[[[113.9287821, 22.4923845], [113.9287992, 22.49232], [113.9289031, 22.4923435], [113.9289104, 22.4923161], [113.9288537, 22.4923033], [113.928869, 22.4922457], [113.9290608, 22.4922891], [113.9290455, 22.4923467], [113.9289889, 22.4923338], [113.9289816, 22.4923613], [113.9290855, 22.4923848], [113.9290684, 22.4924493], [113.9287821, 22.4923845]]]]}}, {"type": "Feature", "id": "way/1442526552", "properties": {"tags": {"addr:housename": "湾厦泰福苑", "addr:housename:en": "Wanxia Taifu Garden", "addr:housename:zh": "湾厦泰福苑", "building": "apartments", "name": "A栋", "name:en": "Block A", "name:zh": "A栋"}, "heightStatus": "unknown", "source": "OpenStreetMap", "license": "ODbL-1.0"}, "geometry": {"type": "MultiPolygon", "coordinates": [[[[113.9280871, 22.492223], [113.9281042, 22.4921585], [113.9282081, 22.492182], [113.9282154, 22.4921546], [113.9281587, 22.4921417], [113.928174, 22.4920842], [113.9283658, 22.4921276], [113.9283505, 22.4921851], [113.9282939, 22.4921723], [113.9282866, 22.4921998], [113.9283905, 22.4922233], [113.9283734, 22.4922878], [113.9280871, 22.492223]]]]}}, {"type": "Feature", "id": "way/1442526553", "properties": {"tags": {"addr:housename": "湾厦泰福苑", "addr:housename:en": "Wanxia Taifu Garden", "addr:housename:zh": "湾厦泰福苑", "building": "apartments", "name": "B栋", "name:en": "Block B", "name:zh": "B栋"}, "heightStatus": "unknown", "source": "OpenStreetMap", "license": "ODbL-1.0"}, "geometry": {"type": "MultiPolygon", "coordinates": [[[[113.9283734, 22.4922878], [113.9283905, 22.4922233], [113.9284944, 22.4922468], [113.9285016, 22.4922193], [113.928445, 22.4922065], [113.9284602, 22.492149], [113.9286521, 22.4921924], [113.9286368, 22.4922499], [113.9285802, 22.4922371], [113.9285729, 22.4922646], [113.9286768, 22.4922881], [113.9286597, 22.4923526], [113.9283734, 22.4922878]]]]}}, {"type": "Feature", "id": "way/1442526555", "properties": {"tags": {"addr:housename": "东角头工业区", "addr:housename:en": "Dongjiaotou Industrial Area", "addr:housename:zh": "东角头工业区", "building": "industrial", "name": "C栋", "name:en": "Block C", "name:zh": "C栋"}, "heightStatus": "unknown", "source": "OpenStreetMap", "license": "ODbL-1.0"}, "geometry": {"type": "MultiPolygon", "coordinates": [[[[113.9294273, 22.4928516], [113.9295732, 22.4924552], [113.9298557, 22.4925439], [113.929919, 22.492372], [113.9301016, 22.4924293], [113.9298924, 22.4929978], [113.9294273, 22.4928516]]]]}}, {"type": "Feature", "id": "way/1442526556", "properties": {"tags": {"addr:housename": "东角头工业区", "addr:housename:en": "Dongjiaotou Industrial Area", "addr:housename:zh": "东角头工业区", "building": "industrial", "name": "A栋", "name:en": "Block A", "name:zh": "A栋"}, "heightStatus": "unknown", "source": "OpenStreetMap", "license": "ODbL-1.0"}, "geometry": {"type": "MultiPolygon", "coordinates": [[[[113.9299496, 22.4914323], [113.9300955, 22.4910358], [113.9305607, 22.491182], [113.9303515, 22.4917504], [113.9301689, 22.4916931], [113.9302322, 22.4915211], [113.9299496, 22.4914323]]]]}}, {"type": "Feature", "id": "way/1442526557", "properties": {"tags": {"addr:housename": "东角头工业区", "addr:housename:en": "Dongjiaotou Industrial Area", "addr:housename:zh": "东角头工业区", "building": "industrial", "name": "B栋", "name:en": "Block B", "name:zh": "B栋"}, "heightStatus": "unknown", "source": "OpenStreetMap", "license": "ODbL-1.0"}, "geometry": {"type": "MultiPolygon", "coordinates": [[[[113.9296365, 22.4922832], [113.9298863, 22.4916043], [113.9301689, 22.4916931], [113.9303515, 22.4917504], [113.9301016, 22.4924293], [113.929919, 22.492372], [113.9296365, 22.4922832]]]]}}, {"type": "Feature", "id": "way/1445338562", "properties": {"tags": {"building": "yes", "name": "香悦里", "name:zh": "香悦里", "name:zh-Hans": "香悦里", "name:zh-Hant": "香悅裡", "shop": "mall"}, "heightStatus": "unknown", "source": "OpenStreetMap", "license": "ODbL-1.0"}, "geometry": {"type": "MultiPolygon", "coordinates": [[[[113.93369, 22.4987399], [113.9339774, 22.4974072], [113.9339944, 22.4973555], [113.9340419, 22.4973242], [113.9340912, 22.497296], [113.9341581, 22.4972018], [113.9342203, 22.4970783], [113.9342424, 22.4969305], [113.9342786, 22.496841], [113.934358, 22.4968021], [113.9345693, 22.496801], [113.9353773, 22.496787], [113.9354368, 22.4968571], [113.9350358, 22.4985841], [113.9349877, 22.498763], [113.934818, 22.4989033], [113.93379, 22.4988694], [113.93369, 22.4987399]]]]}}]}