{"type": "FeatureCollection", "features": [{"type": "Feature", "id": "way/233747730", "properties": {"tags": {"addr:housename": "南油第四工业区", "addr:housename:en": "Nanyou 4th Industrial Zone", "addr:housename:zh": "南油第四工业区", "building": "industrial", "name": "5栋", "name:en": "Block 5", "name:zh": "5栋", "name:zh-Hans": "5栋", "name:zh-Hant": "5棟"}, "heightStatus": "unknown", "source": "OpenStreetMap", "license": "ODbL-1.0"}, "geometry": {"type": "MultiPolygon", "coordinates": [[[[113.9185274, 22.5254273], [113.918669, 22.5253986], [113.9188261, 22.5260614], [113.9186845, 22.5260901], [113.9185274, 22.5254273]]]]}}, {"type": "Feature", "id": "way/233747733", "properties": {"tags": {"addr:housename": "南油第四工业区", "addr:housename:en": "Nanyou 4th Industrial Zone", "addr:housename:zh": "南油第四工业区", "building": "industrial", "name": "7栋", "name:en": "Block 7", "name:zh": "7栋", "name:zh-Hans": "7栋", "name:zh-Hant": "7棟"}, "heightStatus": "unknown", "source": "OpenStreetMap", "license": "ODbL-1.0"}, "geometry": {"type": "MultiPolygon", "coordinates": [[[[113.9183314, 22.5245708], [113.9183359, 22.5245527], [113.9183478, 22.5245376], [113.9183652, 22.5245282], [113.9188279, 22.5243361], [113.9189305, 22.5245469], [113.9185008, 22.5247253], [113.9185895, 22.5250995], [113.9184622, 22.5251252], [113.9183351, 22.5245892], [113.9183314, 22.5245708]]]]}}, {"type": "Feature", "id": "way/233747734", "properties": {"tags": {"addr:housename": "南海大厦", "addr:housename:en": "Nanhai Building", "addr:housename:zh": "南海大厦", "building": "industrial", "building:levels": "24", "name": "A座", "name:en": "Block A", "name:zh": "A座"}, "heightStatus": "levels_only_unverified", "source": "OpenStreetMap", "license": "ODbL-1.0"}, "geometry": {"type": "MultiPolygon", "coordinates": [[[[113.9181291, 22.5232873], [113.9182697, 22.5232599], [113.918333, 22.5235369], [113.9183899, 22.5235258], [113.9183999, 22.5235695], [113.9181541, 22.5236174], [113.9181385, 22.5235493], [113.918154, 22.5235463], [113.918147, 22.5235158], [113.9181798, 22.5235094], [113.9181291, 22.5232873]]]]}}, {"type": "Feature", "id": "way/233747736", "properties": {"tags": {"addr:housename": "南油第四工业区", "addr:housename:en": "Nanyou 4th Industrial Zone", "addr:housename:zh": "南油第四工业区", "building": "industrial", "name": "1栋", "name:en": "Block 1", "name:zh": "1栋", "name:zh-Hans": "1栋", "name:zh-Hant": "1棟"}, "heightStatus": "unknown", "source": "OpenStreetMap", "license": "ODbL-1.0"}, "geometry": {"type": "MultiPolygon", "coordinates": [[[[113.9188795, 22.5247268], [113.91893, 22.524718], [113.9189259, 22.524698], [113.9189622, 22.5246917], [113.9189598, 22.52468], [113.9194213, 22.5245995], [113.9194552, 22.5247651], [113.9194176, 22.5247717], [113.9194252, 22.5248086], [113.9194163, 22.5248101], [113.9194218, 22.5248371], [113.919356, 22.5248486], [113.9193518, 22.524828], [113.9190779, 22.5248758], [113.9190852, 22.5249114], [113.9189506, 22.5249349], [113.9189148, 22.52476], [113.9188873, 22.5247649], [113.9188795, 22.5247268]]]]}}, {"type": "Feature", "id": "way/233747737", "properties": {"tags": {"addr:housename": "南油第四工业区", "addr:housename:en": "Nanyou 4th Industrial Zone", "addr:housename:zh": "南油第四工业区", "building": "industrial", "name": "2栋", "name:en": "Block 2", "name:zh": "2栋", "name:zh-Hans": "2栋", "name:zh-Hant": "2棟"}, "heightStatus": "unknown", "source": "OpenStreetMap", "license": "ODbL-1.0"}, "geometry": {"type": "MultiPolygon", "coordinates": [[[[113.9187505, 22.5250469], [113.9194275, 22.5249077], [113.9194825, 22.5251361], [113.9188055, 22.5252753], [113.9187505, 22.5250469]]]]}}, {"type": "Feature", "id": "way/233747741", "properties": {"tags": {"addr:housename": "南油第四工业区", "addr:housename:en": "Nanyou 4th Industrial Zone", "addr:housename:zh": "南油第四工业区", "building": "industrial", "name": "3栋", "name:en": "Block 3", "name:zh": "3栋", "name:zh-Hans": "3栋", "name:zh-Hant": "3棟"}, "heightStatus": "unknown", "source": "OpenStreetMap", "license": "ODbL-1.0"}, "geometry": {"type": "MultiPolygon", "coordinates": [[[[113.9188666, 22.5254475], [113.9188883, 22.5254434], [113.9188848, 22.5254275], [113.9195383, 22.5253043], [113.9195545, 22.5253775], [113.9195775, 22.5253731], [113.9196073, 22.5255083], [113.9195152, 22.5255257], [113.9195245, 22.5255679], [113.9194596, 22.5255801], [113.9194527, 22.5255491], [113.9189355, 22.5256466], [113.9189199, 22.5255762], [113.918896, 22.5255807], [113.9188666, 22.5254475]]]]}}, {"type": "Feature", "id": "way/233747743", "properties": {"tags": {"addr:housename": "南油第四工业区", "addr:housename:en": "Nanyou 4th Industrial Zone", "addr:housename:zh": "南油第四工业区", "building": "industrial", "name": "4栋", "name:en": "Block 4", "name:zh": "4栋", "name:zh-Hans": "4栋", "name:zh-Hant": "4棟"}, "heightStatus": "unknown", "source": "OpenStreetMap", "license": "ODbL-1.0"}, "geometry": {"type": "MultiPolygon", "coordinates": [[[[113.9189272, 22.5258068], [113.9196014, 22.5256682], [113.9196558, 22.525894], [113.9189816, 22.5260326], [113.9189272, 22.5258068]]]]}}, {"type": "Feature", "id": "way/235081959", "properties": {"tags": {"addr:housename": "海印长城一期", "addr:housename:en": "Haiyin Changcheng Phase I", "addr:housename:zh": "海印长城一期", "building": "apartments", "building:levels": "17", "name": "7栋", "name:en": "Block 7", "name:zh": "7栋"}, "heightStatus": "levels_only_unverified", "source": "OpenStreetMap", "license": "ODbL-1.0"}, "geometry": {"type": "MultiPolygon", "coordinates": [[[[113.9261743, 22.5210546], [113.9262498, 22.5209535], [113.9262759, 22.5209701], [113.9262856, 22.5209571], [113.9263818, 22.5210186], [113.9263572, 22.5210514], [113.926419, 22.521041], [113.926411, 22.5210006], [113.9265021, 22.5209852], [113.9265158, 22.5210541], [113.9265347, 22.5211497], [113.9264436, 22.5211651], [113.9264373, 22.5211336], [113.9263944, 22.5211408], [113.9263999, 22.5211689], [113.9264261, 22.5211645], [113.92643, 22.5211846], [113.9264492, 22.5211814], [113.9264568, 22.5212197], [113.9262809, 22.5212495], [113.9262733, 22.5212111], [113.9262924, 22.5212079], [113.9262884, 22.5211877], [113.9263001, 22.5211858], [113.926291, 22.52114], [113.9262737, 22.5211631], [113.926175, 22.5211001], [113.9261979, 22.5210696], [113.9261743, 22.5210546]]]]}}, {"type": "Feature", "id": "way/235081960", "properties": {"tags": {"addr:housename": "海印长城二期", "addr:housename:en": "Haiyin Changcheng Phase II", "addr:housename:zh": "海印长城二期", "building": "apartments", "building:levels": "17", "name": "9栋", "name:en": "Block 9", "name:zh": "9栋"}, "heightStatus": "levels_only_unverified", "source": "OpenStreetMap", "license": "ODbL-1.0"}, "geometry": {"type": "MultiPolygon", "coordinates": [[[[113.9261929, 22.5221959], [113.9262088, 22.5221922], [113.9261951, 22.5221418], [113.9262316, 22.5221333], [113.9262386, 22.5221591], [113.9262842, 22.5221485], [113.9262927, 22.5221798], [113.9263476, 22.5221671], [113.9263139, 22.5221484], [113.9263755, 22.5220533], [113.92641, 22.5220724], [113.9264247, 22.5220497], [113.9265388, 22.5221127], [113.9265225, 22.5221378], [113.9265372, 22.5221459], [113.9264772, 22.5222386], [113.92644, 22.5222181], [113.9264557, 22.5222757], [113.9264688, 22.5222727], [113.9264739, 22.5222912], [113.9264927, 22.5222868], [113.9265021, 22.5223213], [113.9264833, 22.5223257], [113.9264858, 22.5223348], [113.926362, 22.5223635], [113.9263595, 22.5223544], [113.9263407, 22.5223588], [113.9263313, 22.5223243], [113.9263501, 22.52232], [113.9263447, 22.5223001], [113.9263566, 22.5222973], [113.9263459, 22.5222582], [113.926316, 22.5222651], [113.9263272, 22.5223062], [113.9262815, 22.5223168], [113.9262885, 22.5223426], [113.9262521, 22.5223511], [113.9262384, 22.5223007], [113.9262224, 22.5223044], [113.9261929, 22.5221959]]]]}}, {"type": "Feature", "id": "way/235152142", "properties": {"tags": {"addr:city": "深圳市", "addr:country": "CN", "addr:district": "南山区", "addr:housenumber": "2746", "addr:postcode": "518054", "addr:province": "广东省", "addr:street": "南海大道", "addr:subdistrict": "粤海街道", "building": "retail", "building:levels": "10", "landuse": "retail", "loc_name": "海雅百货", "name": "京东MALL", "name:zh": "京东MALL", "name:zh-Hans": "京东MALL", "shop": "department_store"}, "heightStatus": "levels_only_unverified", "source": "OpenStreetMap", "license": "ODbL-1.0"}, "geometry": {"type": "MultiPolygon", "coordinates": [[[[113.9239363, 22.5213662], [113.9245445, 22.5212032], [113.9247555, 22.521875], [113.9241473, 22.522038], [113.9239576, 22.5214341], [113.9239363, 22.5213662]]]]}}, {"type": "Feature", "id": "way/235152143", "properties": {"tags": {"addr:city": "深圳市", "addr:district": "南山区", "addr:housenumber": "288", "addr:province": "广东省", "addr:street": "海德二道", "alt_name:en": "Maoye Department Store", "building": "yes", "name": "茂业百货", "name:en": "MOI Department Store", "name:zh": "茂业百货", "name:zh-Hans": "茂业百货", "name:zh-Hant": "茂業百貨", "operator": "茂业", "shop": "department_store"}, "heightStatus": "unknown", "source": "OpenStreetMap", "license": "ODbL-1.0"}, "geometry": {"type": "MultiPolygon", "coordinates": [[[[113.9250936, 22.5228869], [113.9253123, 22.5222607], [113.9256525, 22.5221793], [113.9258648, 22.5229957], [113.9257912, 22.5231111], [113.9254822, 22.5231784], [113.9251894, 22.5232452], [113.9250936, 22.5228869]]]]}}, {"type": "Feature", "id": "way/235152145", "properties": {"tags": {"addr:city": "深圳市", "addr:district": "南山区", "addr:housenumber": "2748", "addr:province": "广东省", "addr:street": "南海大道", "building": "yes", "name": "深圳书城·南山城", "name:en": "Shenzhen Book Mall, Nanshan", "name:zh": "深圳书城·南山城", "name:zh-Hans": "深圳书城·南山城", "name:zh-Hant": "深圳書城·南山城", "opening_hours": "Su-Th 09:30-21:30, Fr-Sa 09:30-22:00", "operator": "深圳出版集团", "payment:alipay": "yes", "payment:cash": "yes", "payment:unionpay": "yes", "payment:wechat": "yes", "phone": "+86 755 8612 2001;+86 755 8612 2003", "shop": "books"}, "heightStatus": "unknown", "source": "OpenStreetMap", "license": "ODbL-1.0"}, "geometry": {"type": "MultiPolygon", "coordinates": [[[[113.9245015, 22.5224435], [113.9249139, 22.5223261], [113.9251859, 22.5222488], [113.9247954, 22.5233832], [113.9247658, 22.5233719], [113.9247243, 22.5233195], [113.9246887, 22.5232635], [113.9246595, 22.5232045], [113.9246369, 22.523143], [113.9246212, 22.5230797], [113.9246125, 22.5230153], [113.924611, 22.5229503], [113.9246166, 22.5228856], [113.9246277, 22.5228222], [113.9246047, 22.522753], [113.9245015, 22.5224435]]]]}}, {"type": "Feature", "id": "way/238021558", "properties": {"tags": {"building": "yes"}, "heightStatus": "unknown", "source": "OpenStreetMap", "license": "ODbL-1.0"}, "geometry": {"type": "MultiPolygon", "coordinates": [[[[113.9268991, 22.5270383], [113.9272903, 22.526864], [113.9273553, 22.5269885], [113.9269641, 22.5271628], [113.9268991, 22.5270383]]]]}}, {"type": "Feature", "id": "way/238021567", "properties": {"tags": {"building": "yes"}, "heightStatus": "unknown", "source": "OpenStreetMap", "license": "ODbL-1.0"}, "geometry": {"type": "MultiPolygon", "coordinates": [[[[113.9274118, 22.526817], [113.9279786, 22.5265622], [113.9280437, 22.5266857], [113.9274769, 22.5269406], [113.9274118, 22.526817]]]]}}, {"type": "Feature", "id": "way/238449613", "properties": {"tags": {"building": "yes"}, "heightStatus": "unknown", "source": "OpenStreetMap", "license": "ODbL-1.0"}, "geometry": {"type": "MultiPolygon", "coordinates": [[[[113.9257116, 22.5202642], [113.9258349, 22.5202395], [113.9259293, 22.5206096], [113.9261395, 22.5205746], [113.9261305, 22.5205353], [113.9262087, 22.5205203], [113.9262399, 22.5206666], [113.925948, 22.5207163], [113.9259395, 22.5207371], [113.9259256, 22.5207563], [113.9259085, 22.5207688], [113.9258856, 22.5207766], [113.9258586, 22.5207785], [113.9258378, 22.5207743], [113.9258158, 22.5207676], [113.9257986, 22.5207588], [113.9257848, 22.5207455], [113.925775, 22.5207265], [113.9257696, 22.5207062], [113.9257695, 22.5206878], [113.9257723, 22.520667], [113.9257817, 22.5206473], [113.9257907, 22.5206345], [113.9258054, 22.520621], [113.9257116, 22.5202642]]]]}}, {"type": "Feature", "id": "way/238450235", "properties": {"tags": {"addr:housename": "海印长城一期", "addr:housename:en": "Haiyin Changcheng Phase I", "addr:housename:zh": "海印长城一期", "building": "apartments", "building:levels": "22", "name": "1栋", "name:en": "Block 1", "name:zh": "1栋"}, "heightStatus": "levels_only_unverified", "source": "OpenStreetMap", "license": "ODbL-1.0"}, "geometry": {"type": "MultiPolygon", "coordinates": [[[[113.9256467, 22.5200537], [113.9256633, 22.5198578], [113.9256948, 22.5198601], [113.9256932, 22.5198781], [113.9257316, 22.5198808], [113.925738, 22.5198057], [113.9259118, 22.5198183], [113.9259054, 22.5198933], [113.9260217, 22.5199017], [113.9260158, 22.5199716], [113.9259964, 22.5199702], [113.9259888, 22.5200605], [113.9258724, 22.5200521], [113.9258677, 22.5201076], [113.9257129, 22.5200964], [113.9257176, 22.5200409], [113.9256793, 22.5200381], [113.9256778, 22.520056], [113.9256467, 22.5200537]]]]}}, {"type": "Feature", "id": "way/238450236", "properties": {"tags": {"addr:city": "深圳市", "addr:country": "CN", "addr:district": "南山区", "addr:housenumber": "2551", "addr:postcode": "518054", "addr:province": "广东省", "addr:street": "后海大道", "addr:subdistrict": "后海街道", "amenity": "community_centre", "building": "yes", "name": "南山区青少年活动中心滨海部", "name:en": "Nanshan Youth Activity Center, Binhai Department", "name:zh": "南山区青少年活动中心滨海部", "operator": "共青团南山区委", "operator:type": "public"}, "heightStatus": "unknown", "source": "OpenStreetMap", "license": "ODbL-1.0"}, "geometry": {"type": "MultiPolygon", "coordinates": [[[[113.9270551, 22.5206803], [113.9270824, 22.520322], [113.9272157, 22.5203302], [113.9272154, 22.5203513], [113.9273458, 22.5203498], [113.9273484, 22.5204054], [113.9273623, 22.5206749], [113.9272812, 22.5206766], [113.9272809, 22.5207308], [113.9270774, 22.5207217], [113.9270794, 22.5206818], [113.9270551, 22.5206803]]]]}}, {"type": "Feature", "id": "way/238451321", "properties": {"tags": {"building": "yes", "name": "万商大厦", "name:zh": "万商大厦", "name:zh-Hans": "万商大厦", "name:zh-Hant": "萬商大廈"}, "heightStatus": "unknown", "source": "OpenStreetMap", "license": "ODbL-1.0"}, "geometry": {"type": "MultiPolygon", "coordinates": [[[[113.9260514, 22.5246437], [113.9261282, 22.5246243], [113.9261594, 22.5245409], [113.9261132, 22.5243696], [113.9262498, 22.5243389], [113.92635, 22.5247196], [113.9260869, 22.5247787], [113.9260514, 22.5246437]]]]}}, {"type": "Feature", "id": "way/238451322", "properties": {"tags": {"building": "apartments"}, "heightStatus": "unknown", "source": "OpenStreetMap", "license": "ODbL-1.0"}, "geometry": {"type": "MultiPolygon", "coordinates": [[[[113.9264497, 22.5233687], [113.9272439, 22.5232017], [113.9273255, 22.5235328], [113.9270358, 22.5235937], [113.9270077, 22.5234755], [113.9265024, 22.5235825], [113.9264497, 22.5233687]]]]}}, {"type": "Feature", "id": "way/238550169", "properties": {"tags": {"addr:city": "深圳市", "addr:country": "CN", "addr:district": "南山区", "addr:housenumber": "2239", "addr:neighborhood": "南光社区", "addr:postcode": "518054", "addr:province": "广东省", "addr:street": "南海大道", "addr:subdistrict": "南山街道", "building": "commercial", "name": "新能源大厦", "name:en": "Xinnengyuan Building", "name:zh": "新能源大厦", "name:zh-Hans": "新能源大厦", "name:zh-Hant": "新能源大廈"}, "heightStatus": "unknown", "source": "OpenStreetMap", "license": "ODbL-1.0"}, "geometry": {"type": "MultiPolygon", "coordinates": [[[[113.9217806, 22.5191403], [113.9220457, 22.5190575], [113.9223193, 22.5198048], [113.9220542, 22.5198877], [113.9217806, 22.5191403]]]]}}, {"type": "Feature", "id": "relation/3215840", "properties": {"tags": {"building": "school"}, "heightStatus": "unknown", "source": "OpenStreetMap", "license": "ODbL-1.0"}, "geometry": {"type": "MultiPolygon", "coordinates": [[[[113.9242604, 22.5184903], [113.9245565, 22.5183693], [113.9245056, 22.5183015], [113.9247546, 22.5182836], [113.9247387, 22.5185611], [113.9248001, 22.518686], [113.9244947, 22.5188138], [113.9246678, 22.5191924], [113.9246068, 22.5192156], [113.924576, 22.5192229], [113.9245476, 22.5192243], [113.9245203, 22.5192244], [113.9244934, 22.5192208], [113.9244648, 22.5192146], [113.9244367, 22.5192042], [113.924409, 22.5191888], [113.9243856, 22.5191698], [113.9243616, 22.519142], [113.9242962, 22.519143], [113.9242846, 22.5186333], [113.9243209, 22.5186204], [113.9242604, 22.5184903]], [[113.924383, 22.5185547], [113.9244644, 22.5187212], [113.924651, 22.5186434], [113.9245697, 22.5184768], [113.924383, 22.5185547]]]]}}, {"type": "Feature", "id": "way/238550173", "properties": {"tags": {"building": "yes"}, "heightStatus": "unknown", "source": "OpenStreetMap", "license": "ODbL-1.0"}, "geometry": {"type": "MultiPolygon", "coordinates": [[[[113.9233302, 22.5225719], [113.9234563, 22.5225347], [113.9234933, 22.5225553], [113.9236408, 22.5228947], [113.9235421, 22.5229237], [113.9233302, 22.5225719]]]]}}, {"type": "Feature", "id": "way/238550174", "properties": {"tags": {"addr:housename": "保利城花园", "addr:housename:en": "Poly City Garden", "addr:housename:zh": "保利城花园", "building": "apartments", "building:levels": "11", "name": "2栋", "name:en": "Block 2", "name:zh": "2栋"}, "heightStatus": "levels_only_unverified", "source": "OpenStreetMap", "license": "ODbL-1.0"}, "geometry": {"type": "MultiPolygon", "coordinates": [[[[113.9238061, 22.5185857], [113.9239516, 22.5185345], [113.9240072, 22.5186694], [113.9240372, 22.5188248], [113.9240355, 22.5189691], [113.9238799, 22.5189676], [113.9238814, 22.5188367], [113.9238565, 22.5187079], [113.9238061, 22.5185857]]]]}}, {"type": "Feature", "id": "way/238550175", "properties": {"tags": {"addr:housename": "保利城花园", "addr:housename:en": "Poly City Garden", "addr:housename:zh": "保利城花园", "building": "apartments", "building:levels": "11", "name": "1栋", "name:en": "Block 1", "name:zh": "1栋"}, "heightStatus": "levels_only_unverified", "source": "OpenStreetMap", "license": "ODbL-1.0"}, "geometry": {"type": "MultiPolygon", "coordinates": [[[[113.9233679, 22.5184398], [113.9233858, 22.518297], [113.923541, 22.5183136], [113.9237041, 22.5183606], [113.923842, 22.5184284], [113.9237689, 22.5185553], [113.9236438, 22.5184938], [113.9235086, 22.5184548], [113.9233679, 22.5184398]]]]}}, {"type": "Feature", "id": "way/238550176", "properties": {"tags": {"addr:city": "深圳市", "addr:country": "CN", "addr:district": "南山区", "addr:housenumber": "2251", "addr:neighborhood": "南光社区", "addr:postcode": "518054", "addr:province": "广东省", "addr:street": "南海大道", "addr:subdistrict": "南山街道", "building": "commercial", "building:levels": "18", "name": "西海岸大厦", "name:en": "West Coast Building", "name:zh": "西海岸大厦", "name:zh-Hans": "西海岸大厦", "name:zh-Hant": "西海岸大廈"}, "heightStatus": "levels_only_unverified", "source": "OpenStreetMap", "license": "ODbL-1.0"}, "geometry": {"type": "MultiPolygon", "coordinates": [[[[113.9221217, 22.5200056], [113.9224112, 22.5199152], [113.9224937, 22.5201403], [113.9222041, 22.5202308], [113.9221217, 22.5200056]]]]}}, {"type": "Feature", "id": "way/238550780", "properties": {"tags": {"building": "yes"}, "heightStatus": "unknown", "source": "OpenStreetMap", "license": "ODbL-1.0"}, "geometry": {"type": "MultiPolygon", "coordinates": [[[[113.922782, 22.525004], [113.9234316, 22.5248891], [113.9234775, 22.5251103], [113.9233304, 22.5251363], [113.9233423, 22.5251917], [113.9231462, 22.5252271], [113.9231346, 22.525171], [113.9228279, 22.5252252], [113.922782, 22.525004]]]]}}, {"type": "Feature", "id": "way/246094002", "properties": {"tags": {"access": "yes", "building": "yes", "leisure": "sports_hall", "opening_hours": "24/7"}, "heightStatus": "unknown", "source": "OpenStreetMap", "license": "ODbL-1.0"}, "geometry": {"type": "MultiPolygon", "coordinates": [[[[113.9257356, 22.5259805], [113.9258712, 22.5259497], [113.9259594, 22.5262803], [113.9258239, 22.5263112], [113.9257356, 22.5259805]]]]}}, {"type": "Feature", "id": "way/249519012", "properties": {"tags": {"building": "yes"}, "heightStatus": "unknown", "source": "OpenStreetMap", "license": "ODbL-1.0"}, "geometry": {"type": "MultiPolygon", "coordinates": [[[[113.923759, 22.5210486], [113.9238101, 22.5209667], [113.9240249, 22.521078], [113.9241644, 22.521078], [113.9242019, 22.5211845], [113.9238559, 22.5212812], [113.923759, 22.5210486]]]]}}, {"type": "Feature", "id": "way/249519014", "properties": {"tags": {"addr:city": "深圳市", "addr:country": "CN", "addr:district": "南山区", "addr:housenumber": "99", "addr:postcode": "518054", "addr:province": "广东省", "addr:street": "文心一路", "addr:subdistrict": "粤海街道", "building": "apartments", "building:levels": "28", "name": "金钟大厦", "name:en": "Jinzhong Building", "name:zh": "金钟大厦", "name:zh-Hans": "金钟大厦", "name:zh-Hant": "金鐘大廈"}, "heightStatus": "levels_only_unverified", "source": "OpenStreetMap", "license": "ODbL-1.0"}, "geometry": {"type": "MultiPolygon", "coordinates": [[[[113.9240107, 22.5208786], [113.9240618, 22.5208662], [113.9240448, 22.5208067], [113.9241754, 22.5207748], [113.9241951, 22.5208434], [113.924213, 22.5208391], [113.9242353, 22.5208036], [113.9242032, 22.5207864], [113.9242304, 22.5207431], [113.9242479, 22.5207525], [113.9242781, 22.5207046], [113.9244363, 22.5207896], [113.9244062, 22.5208375], [113.9244237, 22.5208469], [113.9243964, 22.5208902], [113.9243643, 22.520873], [113.924342, 22.5209084], [113.9243468, 22.5209249], [113.9244211, 22.5209068], [113.9244556, 22.5210274], [113.9243913, 22.5210431], [113.9244048, 22.5210904], [113.9243236, 22.5211102], [113.9242753, 22.5209413], [113.924215, 22.520909], [113.9240322, 22.5209536], [113.9240107, 22.5208786]]]]}}, {"type": "Feature", "id": "way/249529373", "properties": {"tags": {"building": "apartments"}, "heightStatus": "unknown", "source": "OpenStreetMap", "license": "ODbL-1.0"}, "geometry": {"type": "MultiPolygon", "coordinates": [[[[113.9275149, 22.5242094], [113.9278847, 22.524123], [113.9279346, 22.5243053], [113.9275648, 22.5243917], [113.9275466, 22.5243253], [113.9275236, 22.5242411], [113.9275149, 22.5242094]]]]}}, {"type": "Feature", "id": "way/249529375", "properties": {"tags": {"addr:housename": "海印长城二期", "addr:housename:en": "Haiyin Changcheng Phase II", "addr:housename:zh": "海印长城二期", "building": "apartments", "building:levels": "22", "name": "13栋", "name:en": "Block 13", "name:zh": "13栋"}, "heightStatus": "levels_only_unverified", "source": "OpenStreetMap", "license": "ODbL-1.0"}, "geometry": {"type": "MultiPolygon", "coordinates": [[[[113.9265233, 22.522578], [113.926554, 22.5225713], [113.9265585, 22.5225889], [113.926596, 22.5225807], [113.9265772, 22.5225074], [113.9267469, 22.5224705], [113.9267656, 22.5225438], [113.9268792, 22.5225191], [113.9268966, 22.5225872], [113.9268776, 22.5225914], [113.9269001, 22.5226795], [113.9267865, 22.5227042], [113.9268003, 22.5227584], [113.9266492, 22.5227913], [113.9266354, 22.5227371], [113.926598, 22.5227453], [113.9266024, 22.5227627], [113.9265721, 22.5227693], [113.9265233, 22.522578]]]]}}, {"type": "Feature", "id": "way/249529377", "properties": {"tags": {"building": "commercial"}, "heightStatus": "unknown", "source": "OpenStreetMap", "license": "ODbL-1.0"}, "geometry": {"type": "MultiPolygon", "coordinates": [[[[113.9250936, 22.5228869], [113.9253863, 22.5228201], [113.9254822, 22.5231784], [113.9251894, 22.5232452], [113.9250936, 22.5228869]]]]}}, {"type": "Feature", "id": "way/489130773", "properties": {"tags": {"addr:city": "深圳市", "addr:country": "CN", "addr:district": "南山区", "addr:housenumber": "2307", "addr:postcode": "518054", "addr:province": "广东省", "addr:street": "南海大道", "addr:subdistrict": "南山街道", "building": "hotel", "building:levels": "28", "name": "深圳东华假日酒店", "name:en": "Holiday Inn Shenzhen Donghua", "name:zh": "深圳东华假日酒店", "name:zh-Hans": "深圳东华假日酒店", "name:zh-Hant": "深圳東華假日酒店", "tourism": "hotel"}, "heightStatus": "levels_only_unverified", "source": "OpenStreetMap", "license": "ODbL-1.0"}, "geometry": {"type": "MultiPolygon", "coordinates": [[[[113.9233877, 22.5240449], [113.9233931, 22.5239993], [113.9234085, 22.5239558], [113.9234332, 22.5239161], [113.9234661, 22.5238818], [113.9235862, 22.5238596], [113.9236308, 22.5238795], [113.9236702, 22.5239074], [113.9237025, 22.5239421], [113.9237266, 22.5239822], [113.9237412, 22.5240259], [113.923746, 22.5240715], [113.9237405, 22.524117], [113.9237251, 22.5241606], [113.9237004, 22.5242003], [113.9236675, 22.5242346], [113.9235475, 22.5242568], [113.9235028, 22.5242369], [113.9234634, 22.524209], [113.9234311, 22.5241743], [113.9234071, 22.5241342], [113.9233924, 22.5240905], [113.9233877, 22.5240449]]]]}}, {"type": "Feature", "id": "way/565468008", "properties": {"tags": {"building": "yes"}, "heightStatus": "unknown", "source": "OpenStreetMap", "license": "ODbL-1.0"}, "geometry": {"type": "MultiPolygon", "coordinates": [[[[113.9178658, 22.5222931], [113.9182921, 22.5222028], [113.9184024, 22.5226471], [113.9179761, 22.5227374], [113.9178658, 22.5222931]]]]}}, {"type": "Feature", "id": "way/565468009", "properties": {"tags": {"building": "commercial", "building:levels": "26", "layer": "1", "name": "中油大厦", "name:en": "Zhongyou Building", "name:zh": "中油大厦", "name:zh-Hans": "中油大厦", "name:zh-Hant": "中油大廈"}, "heightStatus": "levels_only_unverified", "source": "OpenStreetMap", "license": "ODbL-1.0"}, "geometry": {"type": "MultiPolygon", "coordinates": [[[[113.9180239, 22.5224999], [113.9180244, 22.5224434], [113.9180444, 22.5223844], [113.9180809, 22.5223426], [113.9181427, 22.5223108], [113.9182232, 22.5222855], [113.9182893, 22.5222723], [113.9183593, 22.5225715], [113.9180493, 22.5226347], [113.9180306, 22.5225484], [113.9180239, 22.5224999]]]]}}, {"type": "Feature", "id": "way/565468012", "properties": {"tags": {"amenity": "place_of_worship", "building": "yes", "name": "凤孙吴公祠"}, "heightStatus": "unknown", "source": "OpenStreetMap", "license": "ODbL-1.0"}, "geometry": {"type": "MultiPolygon", "coordinates": [[[[113.9198146, 22.5245261], [113.9200053, 22.5244453], [113.9200611, 22.5245576], [113.9198705, 22.5246385], [113.9198146, 22.5245261]]]]}}, {"type": "Feature", "id": "way/783261411", "properties": {"tags": {"building": "school"}, "heightStatus": "unknown", "source": "OpenStreetMap", "license": "ODbL-1.0"}, "geometry": {"type": "MultiPolygon", "coordinates": [[[[113.9275127, 22.5254707], [113.9281178, 22.5253332], [113.9284009, 22.5253435], [113.9285444, 22.5253858], [113.9286551, 22.5254616], [113.9287035, 22.5255657], [113.9285947, 22.5256023], [113.9285694, 22.5255479], [113.9285133, 22.5255072], [113.9284252, 22.5254707], [113.9283168, 22.5254572], [113.9281537, 22.5254518], [113.927655, 22.525573], [113.9277173, 22.5258098], [113.9276117, 22.5258355], [113.9275127, 22.5254707]]]]}}, {"type": "Feature", "id": "way/1014975132", "properties": {"tags": {"building": "hotel", "building:levels": "9"}, "heightStatus": "levels_only_unverified", "source": "OpenStreetMap", "license": "ODbL-1.0"}, "geometry": {"type": "MultiPolygon", "coordinates": [[[[113.9226481, 22.5245667], [113.9227121, 22.5245548], [113.9227062, 22.5245273], [113.9227926, 22.5245113], [113.9227986, 22.5245389], [113.9232817, 22.5244495], [113.923337, 22.5247043], [113.9232342, 22.5247234], [113.9232399, 22.5247497], [113.9230231, 22.5247898], [113.9230098, 22.5247285], [113.9226957, 22.5247866], [113.9226481, 22.5245667]]]]}}, {"type": "Feature", "id": "way/1103062616", "properties": {"tags": {"building": "yes", "name": "A"}, "heightStatus": "unknown", "source": "OpenStreetMap", "license": "ODbL-1.0"}, "geometry": {"type": "MultiPolygon", "coordinates": [[[[113.9196101, 22.5187216], [113.9199817, 22.5184668], [113.9201546, 22.518682], [113.9197829, 22.5189368], [113.9196101, 22.5187216]]]]}}, {"type": "Feature", "id": "way/1103062617", "properties": {"tags": {"building": "yes", "name": "B"}, "heightStatus": "unknown", "source": "OpenStreetMap", "license": "ODbL-1.0"}, "geometry": {"type": "MultiPolygon", "coordinates": [[[[113.9200956, 22.5183599], [113.920631, 22.5179928], [113.9208224, 22.518231], [113.920287, 22.5185981], [113.9200956, 22.5183599]]]]}}, {"type": "Feature", "id": "way/1103062619", "properties": {"tags": {"addr:housename": "正东名苑", "addr:housename:en": "Zhengdong Mingyuan", "addr:housename:zh": "正东名苑", "building": "apartments", "building:levels": "44", "name": "2栋B座", "name:en": "Block 2B", "name:zh": "2栋B座"}, "heightStatus": "levels_only_unverified", "source": "OpenStreetMap", "license": "ODbL-1.0"}, "geometry": {"type": "MultiPolygon", "coordinates": [[[[113.9199643, 22.5229295], [113.9200362, 22.5228143], [113.9200838, 22.5228396], [113.9201337, 22.5227598], [113.9204197, 22.5229122], [113.9204038, 22.5229376], [113.9204855, 22.5229811], [113.9204165, 22.5230916], [113.9203654, 22.5230643], [113.9203403, 22.5231044], [113.9202573, 22.5230601], [113.9203103, 22.5229752], [113.9201993, 22.522916], [113.9201647, 22.5229715], [113.9200971, 22.5229354], [113.9200667, 22.5229841], [113.9199643, 22.5229295]]]]}}, {"type": "Feature", "id": "way/1103062620", "properties": {"tags": {"addr:housename": "正东名苑", "addr:housename:en": "Zhengdong Mingyuan", "addr:housename:zh": "正东名苑", "building": "apartments", "building:levels": "44", "name": "2栋A座", "name:en": "Block 2A", "name:zh": "2栋A座"}, "heightStatus": "levels_only_unverified", "source": "OpenStreetMap", "license": "ODbL-1.0"}, "geometry": {"type": "MultiPolygon", "coordinates": [[[[113.9203133, 22.5223867], [113.9204414, 22.5221816], [113.9204941, 22.5222097], [113.9206128, 22.522273], [113.9206047, 22.522286], [113.9207003, 22.5223369], [113.9207094, 22.5223224], [113.9208908, 22.5224191], [113.9207617, 22.5226257], [113.9206573, 22.52257], [113.9206926, 22.5225135], [113.9206479, 22.5224897], [113.9206639, 22.5224641], [113.9206134, 22.5224372], [113.9206281, 22.5224136], [113.9205788, 22.5223873], [113.9205637, 22.5224114], [113.920532, 22.5223945], [113.9205157, 22.5224206], [113.9204652, 22.5223937], [113.9204305, 22.5224491], [113.9203133, 22.5223867]]]]}}, {"type": "Feature", "id": "way/1103062621", "properties": {"tags": {"addr:housename": "正东名苑", "addr:housename:en": "Zhengdong Mingyuan", "addr:housename:zh": "正东名苑", "building": "apartments", "name": "1栋", "name:en": "Block 1", "name:zh": "1栋"}, "heightStatus": "unknown", "source": "OpenStreetMap", "license": "ODbL-1.0"}, "geometry": {"type": "MultiPolygon", "coordinates": [[[[113.9208319, 22.5228106], [113.9211994, 22.5226607], [113.9213334, 22.5229411], [113.9209659, 22.523091], [113.9208319, 22.5228106]]]]}}, {"type": "Feature", "id": "way/1103062622", "properties": {"tags": {"addr:housename": "鸿瑞花园", "addr:housename:en": "Hongrui Garden", "addr:housename:zh": "鸿瑞花园", "building": "apartments", "building:levels": "11", "name": "20栋", "name:en": "Block 20", "name:zh": "20栋"}, "heightStatus": "levels_only_unverified", "source": "OpenStreetMap", "license": "ODbL-1.0"}, "geometry": {"type": "MultiPolygon", "coordinates": [[[[113.9212385, 22.5233583], [113.9213923, 22.523297], [113.9214364, 22.5233914], [113.9214722, 22.5233771], [113.9215002, 22.5234372], [113.921275, 22.523527], [113.9212469, 22.5234669], [113.9212826, 22.5234527], [113.9212385, 22.5233583]]]]}}, {"type": "Feature", "id": "way/1103062623", "properties": {"tags": {"addr:housename": "鸿瑞花园", "addr:housename:en": "Hongrui Garden", "addr:housename:zh": "鸿瑞花园", "building": "apartments", "building:levels": "11", "name": "21栋", "name:en": "Block 21", "name:zh": "21栋"}, "heightStatus": "levels_only_unverified", "source": "OpenStreetMap", "license": "ODbL-1.0"}, "geometry": {"type": "MultiPolygon", "coordinates": [[[[113.9210133, 22.5234481], [113.9211671, 22.5233868], [113.9212112, 22.5234811], [113.9212469, 22.5234669], [113.921275, 22.523527], [113.9210498, 22.5236168], [113.9210217, 22.5235567], [113.9210574, 22.5235425], [113.9210133, 22.5234481]]]]}}, {"type": "Feature", "id": "way/1103062624", "properties": {"tags": {"addr:housename": "鸿瑞花园", "addr:housename:en": "Hongrui Garden", "addr:housename:zh": "鸿瑞花园", "building": "apartments", "building:levels": "11", "name": "22栋", "name:en": "Block 22", "name:zh": "22栋"}, "heightStatus": "levels_only_unverified", "source": "OpenStreetMap", "license": "ODbL-1.0"}, "geometry": {"type": "MultiPolygon", "coordinates": [[[[113.9207881, 22.5235379], [113.9209419, 22.5234766], [113.920986, 22.5235709], [113.9210217, 22.5235567], [113.9210498, 22.5236168], [113.9208245, 22.5237066], [113.9207965, 22.5236465], [113.9208322, 22.5236322], [113.9207881, 22.5235379]]]]}}, {"type": "Feature", "id": "way/1103062625", "properties": {"tags": {"addr:housename": "鸿瑞花园", "addr:housename:en": "Hongrui Garden", "addr:housename:zh": "鸿瑞花园", "building": "apartments", "building:levels": "11", "name": "23栋", "name:en": "Block 23", "name:zh": "23栋"}, "heightStatus": "levels_only_unverified", "source": "OpenStreetMap", "license": "ODbL-1.0"}, "geometry": {"type": "MultiPolygon", "coordinates": [[[[113.9205629, 22.5236277], [113.9207167, 22.5235663], [113.9207608, 22.5236607], [113.9207965, 22.5236465], [113.9208245, 22.5237066], [113.9205993, 22.5237963], [113.9205713, 22.5237363], [113.920607, 22.523722], [113.9205629, 22.5236277]]]]}}, {"type": "Feature", "id": "way/1103062626", "properties": {"tags": {"building": "yes"}, "heightStatus": "unknown", "source": "OpenStreetMap", "license": "ODbL-1.0"}, "geometry": {"type": "MultiPolygon", "coordinates": [[[[113.9201632, 22.5237975], [113.9203993, 22.5237108], [113.9204764, 22.52389], [113.9202404, 22.5239767], [113.9201632, 22.5237975]]]]}}, {"type": "Feature", "id": "way/1103062627", "properties": {"tags": {"building": "yes"}, "heightStatus": "unknown", "source": "OpenStreetMap", "license": "ODbL-1.0"}, "geometry": {"type": "MultiPolygon", "coordinates": [[[[113.919919, 22.523919], [113.9201309, 22.5238323], [113.9202109, 22.523999], [113.919999, 22.5240857], [113.919919, 22.523919]]]]}}, {"type": "Feature", "id": "way/1103062628", "properties": {"tags": {"building": "yes"}, "heightStatus": "unknown", "source": "OpenStreetMap", "license": "ODbL-1.0"}, "geometry": {"type": "MultiPolygon", "coordinates": [[[[113.9196687, 22.5240155], [113.9198833, 22.5239362], [113.9199534, 22.5240981], [113.9197388, 22.5241774], [113.9196687, 22.5240155]]]]}}, {"type": "Feature", "id": "way/1103062629", "properties": {"tags": {"building": "yes"}, "heightStatus": "unknown", "source": "OpenStreetMap", "license": "ODbL-1.0"}, "geometry": {"type": "MultiPolygon", "coordinates": [[[[113.9191639, 22.5244238], [113.919417, 22.524336], [113.9194528, 22.5244241], [113.9191997, 22.5245119], [113.9191639, 22.5244238]]]]}}, {"type": "Feature", "id": "way/1103062630", "properties": {"tags": {"building": "yes"}, "heightStatus": "unknown", "source": "OpenStreetMap", "license": "ODbL-1.0"}, "geometry": {"type": "MultiPolygon", "coordinates": [[[[113.9197453, 22.5243158], [113.9202082, 22.5241551], [113.9202608, 22.5242843], [113.9197978, 22.524445], [113.9197453, 22.5243158]]]]}}, {"type": "Feature", "id": "way/1103062631", "properties": {"tags": {"building": "yes"}, "heightStatus": "unknown", "source": "OpenStreetMap", "license": "ODbL-1.0"}, "geometry": {"type": "MultiPolygon", "coordinates": [[[[113.9198423, 22.5247025], [113.9203343, 22.5245317], [113.9203837, 22.5246533], [113.9198917, 22.5248241], [113.9198423, 22.5247025]]]]}}, {"type": "Feature", "id": "way/1103062632", "properties": {"tags": {"building": "yes"}, "heightStatus": "unknown", "source": "OpenStreetMap", "license": "ODbL-1.0"}, "geometry": {"type": "MultiPolygon", "coordinates": [[[[113.9199404, 22.5249342], [113.9203933, 22.524777], [113.9204331, 22.524875], [113.9199802, 22.5250322], [113.9199404, 22.5249342]]]]}}, {"type": "Feature", "id": "way/1103062633", "properties": {"tags": {"building": "yes"}, "heightStatus": "unknown", "source": "OpenStreetMap", "license": "ODbL-1.0"}, "geometry": {"type": "MultiPolygon", "coordinates": [[[[113.9200068, 22.5251474], [113.9204603, 22.5249901], [113.9205062, 22.5251027], [113.9200526, 22.5252601], [113.9200068, 22.5251474]]]]}}, {"type": "Feature", "id": "way/1103062634", "properties": {"tags": {"building": "yes"}, "heightStatus": "unknown", "source": "OpenStreetMap", "license": "ODbL-1.0"}, "geometry": {"type": "MultiPolygon", "coordinates": [[[[113.9200252, 22.5253793], [113.9205106, 22.5252108], [113.9205569, 22.5253245], [113.9200714, 22.525493], [113.9200252, 22.5253793]]]]}}, {"type": "Feature", "id": "way/1103062636", "properties": {"tags": {"building": "yes"}, "heightStatus": "unknown", "source": "OpenStreetMap", "license": "ODbL-1.0"}, "geometry": {"type": "MultiPolygon", "coordinates": [[[[113.9188765, 22.5264853], [113.9190016, 22.526458], [113.9189783, 22.5263667], [113.9189571, 22.5263713], [113.9189373, 22.526294], [113.9190998, 22.5262585], [113.9191203, 22.5263387], [113.9190814, 22.5263472], [113.9191037, 22.5264347], [113.9191833, 22.5264173], [113.9192055, 22.5265039], [113.9188983, 22.5265708], [113.9188765, 22.5264853]]]]}}, {"type": "Feature", "id": "way/1105955875", "properties": {"tags": {"addr:housename": "东方海雅居", "addr:housename:en": "Dongfang Haiya Ju", "addr:housename:zh": "东方海雅居", "building": "commercial", "building:levels": "25", "name": "1栋", "name:en": "Block 1", "name:zh": "1栋"}, "heightStatus": "levels_only_unverified", "source": "OpenStreetMap", "license": "ODbL-1.0"}, "geometry": {"type": "MultiPolygon", "coordinates": [[[[113.9188738, 22.5191004], [113.9190302, 22.518996], [113.9190665, 22.5190425], [113.9190058, 22.5190831], [113.9190349, 22.5191202], [113.9191383, 22.5190512], [113.9191861, 22.5191124], [113.9190827, 22.5191814], [113.9191913, 22.5193204], [113.9190957, 22.5193842], [113.9188738, 22.5191004]]]]}}, {"type": "Feature", "id": "way/1153442998", "properties": {"tags": {"building": "residential", "building:levels": "21"}, "heightStatus": "levels_only_unverified", "source": "OpenStreetMap", "license": "ODbL-1.0"}, "geometry": {"type": "MultiPolygon", "coordinates": [[[[113.9251564, 22.5267213], [113.9251879, 22.5266039], [113.9252312, 22.5264972], [113.9253357, 22.5263409], [113.9254384, 22.526225], [113.9255613, 22.5261607], [113.9256904, 22.5261398], [113.9257342, 22.5262191], [113.9256809, 22.5262618], [113.9257333, 22.5263246], [113.9256023, 22.5264226], [113.9255118, 22.5265187], [113.9254093, 22.5266751], [113.9253682, 22.5267869], [113.9251564, 22.5267213]]]]}}, {"type": "Feature", "id": "way/1159089600", "properties": {"tags": {"building": "yes", "name": "桂庙隧道监控管理中心", "name:zh": "桂庙隧道监控管理中心", "name:zh-Hans": "桂庙隧道监控管理中心", "name:zh-Hant": "桂廟隧道監控管理中心"}, "heightStatus": "unknown", "source": "OpenStreetMap", "license": "ODbL-1.0"}, "geometry": {"type": "MultiPolygon", "coordinates": [[[[113.9238588, 22.5264694], [113.9238642, 22.5263207], [113.9242236, 22.5263232], [113.9242102, 22.5264768], [113.9238588, 22.5264694]]]]}}, {"type": "Feature", "id": "way/1159089601", "properties": {"tags": {"building": "yes"}, "heightStatus": "unknown", "source": "OpenStreetMap", "license": "ODbL-1.0"}, "geometry": {"type": "MultiPolygon", "coordinates": [[[[113.9238615, 22.5266007], [113.9238642, 22.526509], [113.9240466, 22.526509], [113.9240412, 22.5266032], [113.9238615, 22.5266007]]]]}}, {"type": "Feature", "id": "way/1159089602", "properties": {"tags": {"building": "yes"}, "heightStatus": "unknown", "source": "OpenStreetMap", "license": "ODbL-1.0"}, "geometry": {"type": "MultiPolygon", "coordinates": [[[[113.9241109, 22.5265685], [113.924115, 22.5265103], [113.9243161, 22.5265103], [113.9243121, 22.526566], [113.9241109, 22.5265685]]]]}}, {"type": "Feature", "id": "way/1162973281", "properties": {"tags": {"building": "yes", "building:levels": "4"}, "heightStatus": "levels_only_unverified", "source": "OpenStreetMap", "license": "ODbL-1.0"}, "geometry": {"type": "MultiPolygon", "coordinates": [[[[113.9211253, 22.5189214], [113.9211501, 22.5188678], [113.9211767, 22.5188665], [113.9216299, 22.5185407], [113.9216622, 22.5185544], [113.9217215, 22.5185795], [113.9217396, 22.518543], [113.921821, 22.5185774], [113.9218702, 22.5185983], [113.9219034, 22.5186778], [113.9219461, 22.5187799], [113.9220012, 22.5189119], [113.9220551, 22.51894], [113.9217844, 22.5190357], [113.9213361, 22.5191979], [113.9212726, 22.5191713], [113.9212095, 22.5191446], [113.9212208, 22.5191226], [113.921167, 22.5190918], [113.9211263, 22.5189914], [113.9211544, 22.5189369], [113.9211253, 22.5189214]]]]}}, {"type": "Feature", "id": "way/1162973546", "properties": {"tags": {"addr:city": "深圳市", "addr:country": "CN", "addr:district": "南山区", "addr:housenumber": "2702", "addr:postcode": "518054", "addr:province": "广东省", "addr:street": "南海大道", "addr:subdistrict": "粤海街道", "building": "commercial", "building:levels": "26", "name": "保利大厦", "name:en": "Poly Tower", "name:zh": "保利大厦", "name:zh-Hans": "保利大厦", "name:zh-Hant": "保利大廈"}, "heightStatus": "levels_only_unverified", "source": "OpenStreetMap", "license": "ODbL-1.0"}, "geometry": {"type": "MultiPolygon", "coordinates": [[[[113.9228184, 22.5186251], [113.9228191, 22.5184527], [113.9228248, 22.5184221], [113.9228372, 22.5183933], [113.9228557, 22.5183674], [113.9228795, 22.5183455], [113.9229077, 22.5183286], [113.9229391, 22.5183175], [113.9229722, 22.5183125], [113.9231588, 22.5183132], [113.9231574, 22.5186263], [113.9228184, 22.5186251]]]]}}, {"type": "Feature", "id": "way/1167684433", "properties": {"tags": {"addr:housename": "海岸明珠", "addr:housename:en": "Haian Mingzhu", "addr:housename:zh": "海岸明珠", "building": "apartments", "building:levels": "26", "name": "E座", "name:en": "Block E", "name:zh": "E座"}, "heightStatus": "levels_only_unverified", "source": "OpenStreetMap", "license": "ODbL-1.0"}, "geometry": {"type": "MultiPolygon", "coordinates": [[[[113.9269598, 22.5192543], [113.9271059, 22.5191344], [113.9271503, 22.5191806], [113.9272003, 22.5191396], [113.9273301, 22.5192746], [113.9272783, 22.519317], [113.9272469, 22.5192843], [113.927205, 22.519282], [113.927203, 22.5193129], [113.9272266, 22.5193142], [113.9272257, 22.5193284], [113.9272628, 22.5193305], [113.9272613, 22.5193536], [113.9272953, 22.5193555], [113.9272925, 22.5194], [113.9269811, 22.5193829], [113.926984, 22.5193384], [113.927018, 22.5193403], [113.9270195, 22.5193171], [113.9270566, 22.5193192], [113.9270575, 22.5193049], [113.9270811, 22.5193062], [113.9270831, 22.5192753], [113.9270412, 22.519273], [113.9270058, 22.5193021], [113.9269598, 22.5192543]]]]}}, {"type": "Feature", "id": "way/1167684434", "properties": {"tags": {"addr:housename": "海岸明珠", "addr:housename:en": "Haian Mingzhu", "addr:housename:zh": "海岸明珠", "building": "apartments", "building:levels": "11", "name": "A座", "name:en": "Block A", "name:zh": "A座"}, "heightStatus": "levels_only_unverified", "source": "OpenStreetMap", "license": "ODbL-1.0"}, "geometry": {"type": "MultiPolygon", "coordinates": [[[[113.926761, 22.5182449], [113.9269558, 22.5182436], [113.9269563, 22.5183076], [113.9269196, 22.5183078], [113.9269201, 22.5183695], [113.9269568, 22.5183693], [113.9269574, 22.518443], [113.9267625, 22.5184443], [113.9267619, 22.5183706], [113.9268139, 22.5183702], [113.9268134, 22.5183085], [113.9267615, 22.5183089], [113.926761, 22.5182449]]]]}}, {"type": "Feature", "id": "way/1167684436", "properties": {"tags": {"addr:housename": "海岸明珠", "addr:housename:en": "Haian Mingzhu", "addr:housename:zh": "海岸明珠", "building": "apartments", "building:levels": "14", "name": "B座", "name:en": "Block B", "name:zh": "B座"}, "heightStatus": "levels_only_unverified", "source": "OpenStreetMap", "license": "ODbL-1.0"}, "geometry": {"type": "MultiPolygon", "coordinates": [[[[113.9269807, 22.5184003], [113.9270146, 22.5183685], [113.9270285, 22.5183811], [113.9270461, 22.5183646], [113.9270738, 22.5183898], [113.9271081, 22.5183576], [113.9270539, 22.5183082], [113.9270065, 22.5183085], [113.927006, 22.5182446], [113.9272015, 22.5182433], [113.9272019, 22.518305], [113.9272911, 22.5183044], [113.9272928, 22.5185201], [113.9272414, 22.5185205], [113.9272411, 22.5184875], [113.9272294, 22.5184876], [113.927229, 22.5184439], [113.927203, 22.518444], [113.9271633, 22.5184078], [113.9271289, 22.51844], [113.9271566, 22.5184652], [113.927139, 22.5184818], [113.9271528, 22.5184944], [113.927119, 22.5185261], [113.9269807, 22.5184003]]]]}}, {"type": "Feature", "id": "way/1174538041", "properties": {"tags": {"building": "commercial", "building:levels": "20", "name": "新绿岛大厦", "name:en": "Xinlvdao Building", "name:zh": "新绿岛大厦", "name:zh-Hans": "新绿岛大厦", "name:zh-Hant": "新綠島大廈"}, "heightStatus": "levels_only_unverified", "source": "OpenStreetMap", "license": "ODbL-1.0"}, "geometry": {"type": "MultiPolygon", "coordinates": [[[[113.9178439, 22.5267394], [113.9180793, 22.5266931], [113.9180133, 22.5264071], [113.9181365, 22.5263828], [113.9182289, 22.5267835], [113.9178704, 22.5268541], [113.9178439, 22.5267394]]]]}}, {"type": "Feature", "id": "way/1186234887", "properties": {"tags": {"addr:housename": "青春家园", "addr:housename:en": "Qingchun Jiayuan", "addr:housename:zh": "青春家园", "building": "apartments", "building:levels": "27", "name": "A栋", "name:en": "Block A", "name:zh": "A栋"}, "heightStatus": "levels_only_unverified", "source": "OpenStreetMap", "license": "ODbL-1.0"}, "geometry": {"type": "MultiPolygon", "coordinates": [[[[113.9233598, 22.519996], [113.9233817, 22.5199586], [113.9234266, 22.519981], [113.9234566, 22.5199297], [113.9234914, 22.5199313], [113.9235253, 22.5199386], [113.9235574, 22.5199513], [113.9235864, 22.5199691], [113.9236117, 22.5199913], [113.9236322, 22.5200173], [113.9236214, 22.5200358], [113.9237451, 22.5200975], [113.9236906, 22.5201909], [113.9236622, 22.5201767], [113.923632, 22.5202283], [113.9235972, 22.5202267], [113.9235633, 22.5202194], [113.9235312, 22.5202067], [113.9235022, 22.5201889], [113.923477, 22.5201667], [113.9234564, 22.5201407], [113.9235001, 22.5200659], [113.9233598, 22.519996]]]]}}, {"type": "Feature", "id": "way/1186234888", "properties": {"tags": {"addr:housename": "青春家园", "addr:housename:en": "Qingchun Jiayuan", "addr:housename:zh": "青春家园", "building": "apartments", "building:levels": "27", "name": "C栋", "name:en": "Block C", "name:zh": "C栋"}, "heightStatus": "levels_only_unverified", "source": "OpenStreetMap", "license": "ODbL-1.0"}, "geometry": {"type": "MultiPolygon", "coordinates": [[[[113.9239176, 22.520396], [113.9239477, 22.5203444], [113.9239194, 22.5203303], [113.9239739, 22.5202368], [113.9240977, 22.5202985], [113.9241084, 22.5202801], [113.9241433, 22.5202817], [113.9241772, 22.5202889], [113.9242092, 22.5203016], [113.9242383, 22.5203194], [113.9242635, 22.5203416], [113.9242841, 22.5203676], [113.9242542, 22.5204189], [113.9242991, 22.5204413], [113.9242772, 22.5204787], [113.924137, 22.5204088], [113.9240933, 22.5204835], [113.9240584, 22.5204819], [113.9240245, 22.5204747], [113.9239925, 22.520462], [113.9239634, 22.5204442], [113.9239382, 22.520422], [113.9239176, 22.520396]]]]}}, {"type": "Feature", "id": "way/1229212047", "properties": {"tags": {"addr:housename": "海王大厦", "addr:housename:en": "Haiwang Building", "addr:housename:zh": "海王大厦", "building": "commercial", "building:levels": "28", "building:material": "glass", "height": "105", "layer": "2", "name": "A栋", "name:en": "Block A", "name:zh": "A栋"}, "heightStatus": "height_tag_unverified", "source": "OpenStreetMap", "license": "ODbL-1.0"}, "geometry": {"type": "MultiPolygon", "coordinates": [[[[113.9216532, 22.5189336], [113.9217277, 22.5187755], [113.921821, 22.5185774], [113.9218702, 22.5185983], [113.9219034, 22.5186778], [113.9219461, 22.5187799], [113.9220012, 22.5189119], [113.9220551, 22.51894], [113.9217844, 22.5190357], [113.9216711, 22.5190254], [113.921667, 22.51894], [113.9216532, 22.5189336]]]]}}, {"type": "Feature", "id": "way/1229212048", "properties": {"tags": {"addr:housename": "海王大厦", "addr:housename:en": "Haiwang Building", "addr:housename:zh": "海王大厦", "building": "commercial", "building:levels": "32", "building:material": "glass", "height": "105", "layer": "2", "name": "B栋", "name:en": "Block B", "name:zh": "B栋"}, "heightStatus": "height_tag_unverified", "source": "OpenStreetMap", "license": "ODbL-1.0"}, "geometry": {"type": "MultiPolygon", "coordinates": [[[[113.9211253, 22.5189214], [113.9211501, 22.5188678], [113.9211767, 22.5188665], [113.92139, 22.5188565], [113.9213964, 22.5188702], [113.9215272, 22.5189201], [113.9214696, 22.5190271], [113.921477, 22.5190428], [113.9212726, 22.5191713], [113.9212095, 22.5191446], [113.9212208, 22.5191226], [113.9212344, 22.5190962], [113.921204, 22.519079], [113.921167, 22.5190918], [113.9211263, 22.5189914], [113.9211633, 22.5189786], [113.9211805, 22.5189507], [113.9211544, 22.5189369], [113.9211253, 22.5189214]]]]}}, {"type": "Feature", "id": "way/1239799831", "properties": {"tags": {"addr:city": "深圳市", "addr:country": "CN", "addr:district": "南山区", "addr:housenumber": "126", "addr:neighbourhood": "南光社区", "addr:postcode": "518054", "addr:province": "广东省", "addr:street": "南光路", "addr:subdistrict": "南山街道", "building": "commercial", "building:levels": "31", "name": "鹏都大厦", "name:en": "Pengdu Building", "name:zh": "鹏都大厦", "name:zh-Hans": "鹏都大厦", "name:zh-Hant": "鵬都大廈"}, "heightStatus": "levels_only_unverified", "source": "OpenStreetMap", "license": "ODbL-1.0"}, "geometry": {"type": "MultiPolygon", "coordinates": [[[[113.9228942, 22.525326], [113.9234665, 22.525236], [113.9234898, 22.5253625], [113.9234093, 22.5253751], [113.9234189, 22.5254274], [113.9231642, 22.5254674], [113.923174, 22.5255208], [113.9231065, 22.5255314], [113.9231317, 22.5256681], [113.9229621, 22.5256947], [113.9228942, 22.525326]]]]}}, {"type": "Feature", "id": "way/1239799832", "properties": {"tags": {"building": "yes"}, "heightStatus": "unknown", "source": "OpenStreetMap", "license": "ODbL-1.0"}, "geometry": {"type": "MultiPolygon", "coordinates": [[[[113.9202472, 22.5260452], [113.9204799, 22.5259931], [113.9205502, 22.5262607], [113.9203175, 22.5263129], [113.9202472, 22.5260452]]]]}}, {"type": "Feature", "id": "way/1240747670", "properties": {"tags": {"building": "yes"}, "heightStatus": "unknown", "source": "OpenStreetMap", "license": "ODbL-1.0"}, "geometry": {"type": "MultiPolygon", "coordinates": [[[[113.9198704, 22.5258304], [113.9199922, 22.5258012], [113.9200428, 22.5259818], [113.9200713, 22.525975], [113.9201092, 22.5261101], [113.9200642, 22.5261209], [113.9200955, 22.5262323], [113.9201387, 22.526222], [113.9201769, 22.5263583], [113.9200285, 22.5263939], [113.9198704, 22.5258304]]]]}}, {"type": "Feature", "id": "way/1240747672", "properties": {"tags": {"building": "yes"}, "heightStatus": "unknown", "source": "OpenStreetMap", "license": "ODbL-1.0"}, "geometry": {"type": "MultiPolygon", "coordinates": [[[[113.9196213, 22.5248985], [113.9197146, 22.5248772], [113.9199252, 22.5256637], [113.9198317, 22.5256851], [113.9196213, 22.5248985]]]]}}, {"type": "Feature", "id": "way/1240747673", "properties": {"tags": {"addr:housename": "缤纷假日豪园", "addr:housename:en": "Binfen Holiday Garden", "addr:housename:zh": "缤纷假日豪园", "building": "apartments", "name": "E栋", "name:en": "Block E", "name:zh": "E栋"}, "heightStatus": "unknown", "source": "OpenStreetMap", "license": "ODbL-1.0"}, "geometry": {"type": "MultiPolygon", "coordinates": [[[[113.9228951, 22.5233783], [113.9229201, 22.5233737], [113.9229108, 22.5233304], [113.9229554, 22.5233222], [113.9229231, 22.5231718], [113.9230252, 22.5231531], [113.9230598, 22.5233141], [113.9230834, 22.5233098], [113.9231359, 22.5235545], [113.9230102, 22.5235775], [113.9230059, 22.5235576], [113.9229363, 22.5235704], [113.9228951, 22.5233783]]]]}}, {"type": "Feature", "id": "way/1247246272", "properties": {"tags": {"addr:housename": "海珠城", "addr:housename:en": "Haizhu City", "addr:housename:zh": "海珠城", "building": "apartments", "building:levels": "22", "name": "海霞阁", "name:en": "Haixia Tower", "name:zh": "海霞阁"}, "heightStatus": "levels_only_unverified", "source": "OpenStreetMap", "license": "ODbL-1.0"}, "geometry": {"type": "MultiPolygon", "coordinates": [[[[113.9251203, 22.5183484], [113.9251233, 22.518251], [113.925146, 22.5182516], [113.9251466, 22.5182337], [113.9252398, 22.5182361], [113.9252422, 22.5181592], [113.9252616, 22.5181597], [113.9252621, 22.5181422], [113.9253779, 22.5181452], [113.9253773, 22.5181627], [113.9253968, 22.5181632], [113.9253944, 22.5182401], [113.9254877, 22.5182425], [113.9254872, 22.5182605], [113.9255099, 22.5182611], [113.9255069, 22.5183585], [113.9254842, 22.5183579], [113.9254836, 22.5183759], [113.9253904, 22.5183734], [113.9253885, 22.5184361], [113.9252338, 22.5184321], [113.9252358, 22.5183694], [113.9251425, 22.518367], [113.925143, 22.518349], [113.9251203, 22.5183484]]]]}}, {"type": "Feature", "id": "way/1247246273", "properties": {"tags": {"addr:housename": "保利城花园", "addr:housename:en": "Poly City Garden", "addr:housename:zh": "保利城花园", "building": "apartments", "building:levels": "25", "name": "4栋", "name:en": "Block 4", "name:zh": "4栋"}, "heightStatus": "levels_only_unverified", "source": "OpenStreetMap", "license": "ODbL-1.0"}, "geometry": {"type": "MultiPolygon", "coordinates": [[[[113.9234722, 22.5193046], [113.923481, 22.5192759], [113.9235032, 22.5192542], [113.9235338, 22.5192444], [113.9235444, 22.5192416], [113.9235535, 22.5192355], [113.9235604, 22.5192274], [113.9235647, 22.5192179], [113.9235705, 22.5191967], [113.9236008, 22.5191852], [113.9236329, 22.5191792], [113.9236656, 22.5191791], [113.9236978, 22.5191847], [113.9237282, 22.5191958], [113.9237479, 22.5192011], [113.9237683, 22.5192013], [113.923788, 22.5191966], [113.9238058, 22.5191872], [113.9238324, 22.5191697], [113.9238623, 22.5191572], [113.9238941, 22.5191502], [113.9239269, 22.519149], [113.9239592, 22.5191536], [113.9239703, 22.5191728], [113.9239769, 22.5191811], [113.9239858, 22.5191875], [113.9239961, 22.5191914], [113.9240071, 22.5191918], [113.9240393, 22.5191946], [113.9240665, 22.5192108], [113.9240824, 22.5192368], [113.9240836, 22.5192666], [113.9240697, 22.5192936], [113.9240439, 22.5193116], [113.9240067, 22.5193252], [113.9239909, 22.5193129], [113.9239716, 22.519306], [113.923951, 22.519305], [113.9239311, 22.5193102], [113.923914, 22.519321], [113.9239015, 22.5193362], [113.923895, 22.5193543], [113.9236845, 22.5193777], [113.9236734, 22.5193615], [113.9236574, 22.5193495], [113.9236381, 22.5193428], [113.9236174, 22.5193421], [113.9235976, 22.5193475], [113.9235807, 22.5193585], [113.9235685, 22.5193739], [113.9235289, 22.5193688], [113.9234992, 22.519357], [113.9234787, 22.5193338], [113.9234722, 22.5193046]]]]}}, {"type": "Feature", "id": "way/1247246274", "properties": {"tags": {"addr:housename": "保利城花园", "addr:housename:en": "Poly City Garden", "addr:housename:zh": "保利城花园", "building": "apartments", "building:levels": "25", "name": "3栋", "name:en": "Block 3", "name:zh": "3栋"}, "heightStatus": "levels_only_unverified", "source": "OpenStreetMap", "license": "ODbL-1.0"}, "geometry": {"type": "MultiPolygon", "coordinates": [[[[113.9229529, 22.5189466], [113.9229596, 22.5189174], [113.9229802, 22.5188943], [113.92301, 22.5188827], [113.9230422, 22.5188851], [113.9230696, 22.518901], [113.9230786, 22.5189068], [113.9230894, 22.5189096], [113.9231006, 22.5189095], [113.9231113, 22.5189066], [113.9231328, 22.5188976], [113.9231615, 22.5189122], [113.9231866, 22.5189315], [113.9232073, 22.518955], [113.9232227, 22.5189817], [113.9232324, 22.5190106], [113.9232402, 22.519028], [113.9232528, 22.5190429], [113.9232692, 22.5190541], [113.9232882, 22.519061], [113.9233197, 22.5190693], [113.9233489, 22.5190829], [113.9233748, 22.5191015], [113.9233963, 22.5191243], [113.9234127, 22.5191504], [113.9234035, 22.5191705], [113.9234005, 22.5191805], [113.9234007, 22.5191908], [113.9234039, 22.5192007], [113.9234105, 22.5192089], [113.9234283, 22.5192338], [113.9234316, 22.5192635], [113.9234197, 22.5192913], [113.9233952, 22.5193108], [113.9233637, 22.5193177], [113.9233324, 22.5193103], [113.9232976, 22.5192921], [113.923298, 22.519273], [113.9232919, 22.5192548], [113.9232797, 22.5192394], [113.9232629, 22.5192283], [113.9232431, 22.5192227], [113.9232225, 22.5192233], [113.9232031, 22.5192299], [113.9230515, 22.519093], [113.9230582, 22.5190749], [113.9230584, 22.5190558], [113.9230519, 22.5190377], [113.9230395, 22.5190224], [113.9230225, 22.5190115], [113.9230027, 22.5190063], [113.922982, 22.5190071], [113.9229615, 22.5189754], [113.9229529, 22.5189466]]]]}}, {"type": "Feature", "id": "way/1251071304", "properties": {"tags": {"addr:housename": "现代城华庭", "addr:housename:en": "Xiandaicheng Huating", "addr:housename:zh": "现代城华庭", "building": "apartments", "building:levels": "33", "name": "1栋", "name:en": "Block 1", "name:zh": "1栋"}, "heightStatus": "levels_only_unverified", "source": "OpenStreetMap", "license": "ODbL-1.0"}, "geometry": {"type": "MultiPolygon", "coordinates": [[[[113.9184794, 22.5206447], [113.9186622, 22.520521], [113.9187141, 22.5205864], [113.9186828, 22.5206077], [113.918698, 22.5206269], [113.9187294, 22.5206056], [113.9188913, 22.5208098], [113.91886, 22.520831], [113.9188752, 22.5208503], [113.9189066, 22.520829], [113.9189585, 22.5208945], [113.9187758, 22.5210182], [113.9187238, 22.5209527], [113.9187552, 22.5209315], [113.91874, 22.5209123], [113.9187086, 22.5209335], [113.9185466, 22.5207294], [113.918578, 22.5207081], [113.9185628, 22.5206889], [113.9185314, 22.5207101], [113.9184794, 22.5206447]]]]}}, {"type": "Feature", "id": "way/1251071305", "properties": {"tags": {"addr:housename": "现代城华庭", "addr:housename:en": "Xiandaicheng Huating", "addr:housename:zh": "现代城华庭", "building": "apartments", "building:levels": "33", "name": "2栋", "name:en": "Block 2", "name:zh": "2栋"}, "heightStatus": "levels_only_unverified", "source": "OpenStreetMap", "license": "ODbL-1.0"}, "geometry": {"type": "MultiPolygon", "coordinates": [[[[113.9189258, 22.520616], [113.9189878, 22.520574], [113.9189267, 22.520497], [113.9190671, 22.520402], [113.9191282, 22.520479], [113.9191902, 22.520437], [113.919251, 22.5205136], [113.919276, 22.5204967], [113.9193135, 22.5205439], [113.9192233, 22.520605], [113.9192724, 22.520667], [113.9191385, 22.5207577], [113.9190893, 22.5206957], [113.918999, 22.5207568], [113.9189616, 22.5207095], [113.9189866, 22.5206926], [113.9189258, 22.520616]]]]}}, {"type": "Feature", "id": "way/1251071306", "properties": {"tags": {"addr:housename": "现代城华庭", "addr:housename:en": "Xiandaicheng Huating", "addr:housename:zh": "现代城华庭", "building": "apartments", "building:levels": "33", "name": "3栋", "name:en": "Block 3", "name:zh": "3栋"}, "heightStatus": "levels_only_unverified", "source": "OpenStreetMap", "license": "ODbL-1.0"}, "geometry": {"type": "MultiPolygon", "coordinates": [[[[113.9192403, 22.5204031], [113.9193023, 22.5203611], [113.9192412, 22.5202841], [113.9193815, 22.5201891], [113.9194426, 22.5202661], [113.9195047, 22.5202241], [113.9195654, 22.5203008], [113.9195905, 22.5202838], [113.9196279, 22.5203311], [113.9195377, 22.5203921], [113.9195869, 22.5204541], [113.9194529, 22.5205448], [113.9194037, 22.5204828], [113.9193135, 22.5205439], [113.919276, 22.5204967], [113.919301, 22.5204798], [113.9192403, 22.5204031]]]]}}, {"type": "Feature", "id": "way/1251071307", "properties": {"tags": {"addr:housename": "现代城华庭", "addr:housename:en": "Xiandaicheng Huating", "addr:housename:zh": "现代城华庭", "building": "apartments", "building:levels": "33", "name": "4栋", "name:en": "Block 4", "name:zh": "4栋"}, "heightStatus": "levels_only_unverified", "source": "OpenStreetMap", "license": "ODbL-1.0"}, "geometry": {"type": "MultiPolygon", "coordinates": [[[[113.9195547, 22.5201903], [113.9196167, 22.5201483], [113.9195556, 22.5200713], [113.919696, 22.5199763], [113.9197571, 22.5200533], [113.9198191, 22.5200113], [113.9198799, 22.5200879], [113.9199049, 22.520071], [113.9199424, 22.5201182], [113.9198521, 22.5201793], [113.9199013, 22.5202413], [113.9197673, 22.520332], [113.9197182, 22.52027], [113.9196279, 22.5203311], [113.9195905, 22.5202838], [113.9196155, 22.5202669], [113.9195547, 22.5201903]]]]}}, {"type": "Feature", "id": "way/1251071308", "properties": {"tags": {"addr:housename": "现代城华庭", "addr:housename:en": "Xiandaicheng Huating", "addr:housename:zh": "现代城华庭", "building": "apartments", "building:levels": "33", "name": "5栋", "name:en": "Block 5", "name:zh": "5栋"}, "heightStatus": "levels_only_unverified", "source": "OpenStreetMap", "license": "ODbL-1.0"}, "geometry": {"type": "MultiPolygon", "coordinates": [[[[113.919777, 22.5197652], [113.9199597, 22.5196415], [113.9200117, 22.519707], [113.9199803, 22.5197282], [113.9199955, 22.5197475], [113.9200269, 22.5197262], [113.9201889, 22.5199304], [113.9201575, 22.5199516], [113.9201727, 22.5199708], [113.9202041, 22.5199496], [113.9202561, 22.5200151], [113.9200733, 22.5201388], [113.9200214, 22.5200733], [113.9200527, 22.5200521], [113.9200375, 22.5200328], [113.9200061, 22.5200541], [113.9198442, 22.5198499], [113.9198755, 22.5198287], [113.9198603, 22.5198095], [113.9198289, 22.5198307], [113.919777, 22.5197652]]]]}}, {"type": "Feature", "id": "way/1251071309", "properties": {"tags": {"addr:housename": "怡海广场", "addr:housename:en": "Yihai Square", "addr:housename:zh": "怡海广场", "building": "apartments", "building:levels": "33", "name": "东座", "name:en": "East Block", "name:zh": "东座"}, "heightStatus": "levels_only_unverified", "source": "OpenStreetMap", "license": "ODbL-1.0"}, "geometry": {"type": "MultiPolygon", "coordinates": [[[[113.9202811, 22.5195284], [113.9203439, 22.5194859], [113.9202928, 22.5194215], [113.9203977, 22.5193505], [113.9204488, 22.5194149], [113.9205116, 22.5193724], [113.9205984, 22.5194819], [113.9205356, 22.5195244], [113.9205868, 22.5195888], [113.9204819, 22.5196598], [113.9204307, 22.5195954], [113.920368, 22.5196379], [113.9202811, 22.5195284]]]]}}, {"type": "Feature", "id": "way/1251071310", "properties": {"tags": {"addr:housename": "怡海广场", "addr:housename:en": "Yihai Square", "addr:housename:zh": "怡海广场", "building": "apartments", "building:levels": "33", "name": "西座", "name:en": "West Block", "name:zh": "西座"}, "heightStatus": "levels_only_unverified", "source": "OpenStreetMap", "license": "ODbL-1.0"}, "geometry": {"type": "MultiPolygon", "coordinates": [[[[113.9206571, 22.5192751], [113.9207199, 22.5192326], [113.9206687, 22.5191682], [113.9207737, 22.5190972], [113.9208248, 22.5191616], [113.9208875, 22.5191191], [113.9209744, 22.5192286], [113.9209116, 22.5192711], [113.9209627, 22.5193355], [113.9208578, 22.5194065], [113.9208067, 22.5193421], [113.920744, 22.5193846], [113.9206571, 22.5192751]]]]}}, {"type": "Feature", "id": "way/1270590334", "properties": {"tags": {"building": "yes"}, "heightStatus": "unknown", "source": "OpenStreetMap", "license": "ODbL-1.0"}, "geometry": {"type": "MultiPolygon", "coordinates": [[[[113.9266181, 22.524077], [113.9266816, 22.5239555], [113.926627, 22.5239311], [113.9266885, 22.5238135], [113.9267728, 22.5238511], [113.9268229, 22.5237554], [113.9269433, 22.5238091], [113.9268899, 22.5239111], [113.9270105, 22.5239649], [113.9269538, 22.5240733], [113.9267475, 22.5239812], [113.9266824, 22.5241057], [113.9266181, 22.524077]]]]}}, {"type": "Feature", "id": "way/1270590335", "properties": {"tags": {"building": "yes"}, "heightStatus": "unknown", "source": "OpenStreetMap", "license": "ODbL-1.0"}, "geometry": {"type": "MultiPolygon", "coordinates": [[[[113.9266963, 22.5244656], [113.9267972, 22.5242957], [113.9268881, 22.5243418], [113.9269212, 22.524286], [113.9270831, 22.5243681], [113.9270325, 22.524461], [113.9270969, 22.5244953], [113.9270718, 22.5245376], [113.9270108, 22.5245068], [113.9269985, 22.5245275], [113.9269233, 22.5244894], [113.9268772, 22.5245671], [113.9268451, 22.5245508], [113.926817, 22.5245982], [113.9267794, 22.5245792], [113.926812, 22.5245243], [113.9266963, 22.5244656]]]]}}, {"type": "Feature", "id": "way/1270590336", "properties": {"tags": {"building": "yes"}, "heightStatus": "unknown", "source": "OpenStreetMap", "license": "ODbL-1.0"}, "geometry": {"type": "MultiPolygon", "coordinates": [[[[113.9272643, 22.5242891], [113.9273345, 22.5242735], [113.9272945, 22.52412], [113.9273789, 22.5241012], [113.9274219, 22.5242658], [113.9275236, 22.5242411], [113.9275466, 22.5243253], [113.92729, 22.5243877], [113.9272643, 22.5242891]]]]}}, {"type": "Feature", "id": "way/1305375369", "properties": {"tags": {"building": "train_station", "building:levels": "0", "building:levels:underground": "2", "layer": "-1", "location": "underground", "name": "南山书城站", "name:en": "Nanshan Book Mall Station", "name:zh": "南山书城站", "name:zh-Hans": "南山书城站", "name:zh-Hant": "南山書城站", "public_transport": "station", "start_date": "2019-12-08", "wikidata": "Q63687206", "wikipedia": "zh:南山书城站"}, "heightStatus": "levels_only_unverified", "source": "OpenStreetMap", "license": "ODbL-1.0"}, "geometry": {"type": "MultiPolygon", "coordinates": [[[[113.9222384, 22.5191687], [113.9222886, 22.5191519], [113.9223895, 22.5194078], [113.9226047, 22.5193355], [113.9225161, 22.5191105], [113.9224888, 22.5191197], [113.9224316, 22.5189745], [113.9226712, 22.518894], [113.9227267, 22.519035], [113.9227052, 22.5190422], [113.9227218, 22.5190842], [113.922784, 22.5190633], [113.9228376, 22.5191993], [113.9227784, 22.5192192], [113.92286, 22.5194265], [113.9229721, 22.5193888], [113.9230703, 22.5196381], [113.9230278, 22.5196524], [113.9230676, 22.5197534], [113.9229989, 22.5197765], [113.92309, 22.5200078], [113.9231341, 22.5199929], [113.9231558, 22.5200481], [113.9231743, 22.5200419], [113.9232167, 22.5201495], [113.9232017, 22.5201545], [113.923207, 22.5201679], [113.9231569, 22.5201847], [113.9231762, 22.5202338], [113.9232265, 22.5202169], [113.9233288, 22.5204766], [113.9233581, 22.5204667], [113.9233684, 22.520493], [113.9233561, 22.5204971], [113.9233809, 22.5205601], [113.92341, 22.5205503], [113.923485, 22.5207407], [113.9234734, 22.5207446], [113.923492, 22.5207918], [113.9234733, 22.5207981], [113.9234891, 22.5208383], [113.9234301, 22.5208582], [113.9234799, 22.5209846], [113.9235067, 22.5209756], [113.9235243, 22.52102], [113.9234986, 22.5210287], [113.92359, 22.5212605], [113.923624, 22.5212491], [113.9236522, 22.5213206], [113.9236215, 22.5213309], [113.9236722, 22.5214595], [113.9237441, 22.5214353], [113.9237576, 22.5214698], [113.9236829, 22.5214949], [113.9239325, 22.5221286], [113.9239608, 22.5221191], [113.9238339, 22.5217969], [113.923903, 22.5217737], [113.9240284, 22.522092], [113.9240607, 22.5220811], [113.923962, 22.5218306], [113.9241058, 22.5217822], [113.9241334, 22.5218521], [113.9240616, 22.5218763], [113.9241632, 22.5221344], [113.9240503, 22.5221724], [113.9240563, 22.5221876], [113.9240081, 22.5222038], [113.9240005, 22.5221844], [113.9239649, 22.5221964], [113.9241826, 22.522749], [113.924253, 22.5227254], [113.9241239, 22.5223979], [113.9241592, 22.5223861], [113.9241945, 22.5223742], [113.9243498, 22.5227684], [113.924211, 22.522815], [113.9242644, 22.5229504], [113.9243165, 22.5229329], [113.9244418, 22.5232509], [113.9241873, 22.5233364], [113.9240932, 22.5230976], [113.9241133, 22.5230908], [113.9240288, 22.5228765], [113.9236702, 22.522997], [113.9237762, 22.5233426], [113.9237388, 22.5233524], [113.9237014, 22.5233622], [113.9235762, 22.5229543], [113.9240008, 22.5228135], [113.923782, 22.522258], [113.9236229, 22.5223115], [113.9234049, 22.5223847], [113.9232558, 22.5220061], [113.9233265, 22.5219823], [113.9234459, 22.5222854], [113.9237455, 22.5221847], [113.9234731, 22.5214932], [113.9231881, 22.5215889], [113.9230023, 22.5211174], [113.9230597, 22.5210981], [113.9232228, 22.5215121], [113.9234431, 22.521438], [113.9226373, 22.5193925], [113.9224191, 22.5194658], [113.9225123, 22.5197027], [113.9224561, 22.5197215], [113.9222384, 22.5191687]]]]}}, {"type": "Feature", "id": "way/1340206042", "properties": {"tags": {"building": "train_station", "building:levels": "0", "building:levels:underground": "2", "layer": "-1", "location": "underground", "name": "南光站", "name:en": "Nanguang Station", "name:zh": "南光站", "public_transport": "station", "start_date": "2022-11-28", "wikidata": "Q115378125", "wikipedia": "zh:南光站"}, "heightStatus": "levels_only_unverified", "source": "OpenStreetMap", "license": "ODbL-1.0"}, "geometry": {"type": "MultiPolygon", "coordinates": [[[[113.9185803, 22.519943], [113.9187065, 22.5198651], [113.9187169, 22.5198791], [113.9198718, 22.5192512], [113.919844, 22.5192062], [113.9198837, 22.5191816], [113.9198461, 22.5191257], [113.9206077, 22.5186136], [113.9206532, 22.5186742], [113.9206294, 22.5187645], [113.9207924, 22.5189831], [113.9206672, 22.5190603], [113.9206614, 22.519053], [113.9193118, 22.519777], [113.9193369, 22.5198177], [113.9193581, 22.5198045], [113.9193879, 22.5198454], [113.9186945, 22.5203187], [113.9186601, 22.5202743], [113.918771, 22.5202059], [113.9185803, 22.519943]]]]}}, {"type": "Feature", "id": "way/1347327516", "properties": {"tags": {"building:levels": "2", "building:part": "roof", "height": "10", "min_height": "6"}, "heightStatus": "height_tag_unverified", "source": "OpenStreetMap", "license": "ODbL-1.0"}, "geometry": {"type": "MultiPolygon", "coordinates": [[[[113.9213971, 22.5179139], [113.9214158, 22.5178437], [113.9214186, 22.5178334], [113.9214258, 22.517798], [113.9214377, 22.5177638], [113.9214541, 22.5177312], [113.9214814, 22.5176923], [113.921515, 22.517658], [113.921554, 22.5176289], [113.9216186, 22.5175996], [113.9216821, 22.5175707], [113.9217354, 22.5175597], [113.9219168, 22.5175224], [113.9221032, 22.5174852], [113.9221614, 22.5174797], [113.9222199, 22.5174828], [113.92226, 22.51749], [113.922299, 22.5175013], [113.9223596, 22.5175499], [113.9224143, 22.5176042], [113.9224602, 22.5176603], [113.9224996, 22.5177204], [113.9225323, 22.5177838], [113.9225478, 22.5178379], [113.9225586, 22.5178929], [113.9225645, 22.5179486], [113.9225655, 22.5180079], [113.922561, 22.5180671], [113.9225511, 22.5181257], [113.9225467, 22.5181909], [113.9225391, 22.5182558], [113.9225216, 22.5183524], [113.9225726, 22.5184268], [113.9225964, 22.5184594], [113.922614, 22.5184952], [113.9226249, 22.5185333], [113.9226287, 22.5185707], [113.922626, 22.5186082], [113.9226168, 22.5186448], [113.9224619, 22.5186225], [113.9224701, 22.5185965], [113.9224726, 22.5185695], [113.9224693, 22.5185426], [113.922457, 22.5185103], [113.9224365, 22.5184819], [113.922418, 22.5184599], [113.9224033, 22.5184356], [113.9223929, 22.5184094], [113.9223857, 22.5183713], [113.9223875, 22.5183326], [113.9224378, 22.5181951], [113.9224747, 22.5180056], [113.9224716, 22.5179491], [113.9224601, 22.5178937], [113.9224405, 22.5178402], [113.9224107, 22.5177862], [113.9223727, 22.5177369], [113.9223272, 22.5176934], [113.9222866, 22.517665], [113.9222428, 22.5176409], [113.9221964, 22.5176215], [113.9221426, 22.5176057], [113.9220871, 22.5175962], [113.9220308, 22.517593], [113.9219594, 22.5176012], [113.9218893, 22.5176159], [113.9218237, 22.5176363], [113.9217605, 22.5176624], [113.9217186, 22.5176887], [113.9216815, 22.5177205], [113.9216499, 22.5177572], [113.9216267, 22.517794], [113.9216091, 22.5178335], [113.9215976, 22.5178749], [113.9215674, 22.5179585], [113.9213971, 22.5179139]]]]}}, {"type": "Feature", "id": "way/1350607876", "properties": {"tags": {"amenity": "restaurant", "building": "yes"}, "heightStatus": "unknown", "source": "OpenStreetMap", "license": "ODbL-1.0"}, "geometry": {"type": "MultiPolygon", "coordinates": [[[[113.9247752, 22.5239976], [113.9248704, 22.5239771], [113.9248744, 22.5239916], [113.9249206, 22.5241572], [113.9248732, 22.5241689], [113.9248234, 22.5241812], [113.9247752, 22.5239976]]]]}}, {"type": "Feature", "id": "way/1350607887", "properties": {"tags": {"building": "yes"}, "heightStatus": "unknown", "source": "OpenStreetMap", "license": "ODbL-1.0"}, "geometry": {"type": "MultiPolygon", "coordinates": [[[[113.9253832, 22.5244279], [113.925482, 22.5244038], [113.9254658, 22.5243367], [113.9256033, 22.5243056], [113.9256201, 22.524373], [113.9254864, 22.5244027], [113.9255023, 22.5244634], [113.9253979, 22.5244873], [113.9253832, 22.5244279]]]]}}, {"type": "Feature", "id": "way/1354399505", "properties": {"tags": {"addr:housename": "佳嘉豪苑", "addr:housename:en": "Jiajia Haoyuan", "addr:housename:zh": "佳嘉豪苑", "building": "apartments", "building:levels": "22", "name": "A座", "name:en": "Block A", "name:zh": "A座"}, "heightStatus": "levels_only_unverified", "source": "OpenStreetMap", "license": "ODbL-1.0"}, "geometry": {"type": "MultiPolygon", "coordinates": [[[[113.9252833, 22.5190364], [113.9253713, 22.5190182], [113.9253542, 22.5189481], [113.9254217, 22.5189341], [113.9254388, 22.5190042], [113.9254568, 22.5190004], [113.9254525, 22.5189829], [113.9255419, 22.5189644], [113.9255615, 22.5190452], [113.9254722, 22.5190637], [113.9254888, 22.5191324], [113.9255115, 22.5191505], [113.9254318, 22.5192357], [113.9253944, 22.5192059], [113.9254122, 22.5191868], [113.9254033, 22.5191501], [113.9253153, 22.5191683], [113.9252833, 22.5190364]]]]}}, {"type": "Feature", "id": "way/1354399506", "properties": {"tags": {"addr:housename": "天悦园", "addr:housename:en": "Tianyue Garden", "addr:housename:zh": "天悦园", "building": "apartments", "building:levels": "22", "name": "B座", "name:en": "Block B", "name:zh": "B座"}, "heightStatus": "levels_only_unverified", "source": "OpenStreetMap", "license": "ODbL-1.0"}, "geometry": {"type": "MultiPolygon", "coordinates": [[[[113.924634, 22.5204635], [113.9247147, 22.5204484], [113.9246989, 22.5203764], [113.9247582, 22.5203653], [113.9247746, 22.5204401], [113.924826, 22.5204305], [113.9248069, 22.5203435], [113.9248315, 22.5203389], [113.9248244, 22.5203067], [113.9248705, 22.5202981], [113.9248828, 22.5203541], [113.9249581, 22.5203764], [113.9250033, 22.5203374], [113.9250354, 22.5203692], [113.9250095, 22.5203916], [113.9250265, 22.5204084], [113.9249563, 22.520469], [113.9249921, 22.5205044], [113.9250524, 22.5204524], [113.9250938, 22.5204932], [113.9250356, 22.5205434], [113.9250918, 22.520599], [113.9250027, 22.5206758], [113.9249135, 22.5205876], [113.9249495, 22.5205566], [113.9249163, 22.5205238], [113.9248241, 22.5204965], [113.9247765, 22.5205054], [113.9247863, 22.5205499], [113.9246581, 22.5205739], [113.924634, 22.5204635]]]]}}, {"type": "Feature", "id": "way/1360350976", "properties": {"tags": {"building": "residential", "building:levels": "22", "building:levels:underground": "2", "name": "8栋9栋10栋", "name:zh": "8栋9栋10栋", "name:zh-Hans": "8栋9栋10栋", "name:zh-Hant": "8棟9棟10棟"}, "heightStatus": "levels_only_unverified", "source": "OpenStreetMap", "license": "ODbL-1.0"}, "geometry": {"type": "MultiPolygon", "coordinates": [[[[113.9261213, 22.5260351], [113.9261942, 22.5260176], [113.9261725, 22.5259403], [113.9262959, 22.5259107], [113.9263171, 22.5259865], [113.9264617, 22.5259519], [113.9264369, 22.5258637], [113.9265631, 22.5258334], [113.9265846, 22.52591], [113.9267139, 22.525879], [113.9266911, 22.5257981], [113.9268111, 22.5257694], [113.9268348, 22.525854], [113.9269366, 22.5258296], [113.9269409, 22.5258448], [113.9269437, 22.5258547], [113.926945, 22.5258595], [113.9269278, 22.5258636], [113.9269383, 22.5259009], [113.9269117, 22.5259072], [113.9269208, 22.5259398], [113.9269355, 22.5259363], [113.9269444, 22.5259681], [113.9268855, 22.5259822], [113.9268741, 22.5259414], [113.9267663, 22.5259672], [113.9267791, 22.5260126], [113.9267178, 22.5260276], [113.9267025, 22.5259759], [113.9266624, 22.5259861], [113.9266774, 22.5260396], [113.9266231, 22.5260526], [113.9266137, 22.5260192], [113.9265177, 22.5260422], [113.9265278, 22.5260783], [113.9264579, 22.5260951], [113.926442, 22.5260385], [113.9264048, 22.5260474], [113.9264212, 22.5261056], [113.9263688, 22.5261182], [113.9263587, 22.5260822], [113.9262471, 22.5261089], [113.926259, 22.5261514], [113.9261877, 22.5261684], [113.9261698, 22.5261046], [113.9261427, 22.5261111], [113.9261213, 22.5260351]]]]}}, {"type": "Feature", "id": "way/1360350977", "properties": {"tags": {"building": "residential"}, "heightStatus": "unknown", "source": "OpenStreetMap", "license": "ODbL-1.0"}, "geometry": {"type": "MultiPolygon", "coordinates": [[[[113.9266312, 22.5264592], [113.9266999, 22.5264416], [113.9267042, 22.5264559], [113.9267314, 22.5264489], [113.9267247, 22.5264266], [113.9267102, 22.5264303], [113.9267006, 22.5263985], [113.9266915, 22.5263683], [113.9267342, 22.5263574], [113.9267388, 22.5263728], [113.926808, 22.5263551], [113.9268033, 22.5263395], [113.9268384, 22.5263305], [113.926857, 22.5263927], [113.9268401, 22.5263971], [113.9268462, 22.5264176], [113.9268778, 22.5264095], [113.9268739, 22.5263963], [113.9269381, 22.5263798], [113.9269604, 22.5264542], [113.9268879, 22.5264728], [113.9269027, 22.526522], [113.9268359, 22.5265391], [113.9268149, 22.526469], [113.926786, 22.5264764], [113.9268078, 22.526549], [113.9267359, 22.5265674], [113.9267204, 22.5265159], [113.9266533, 22.526533], [113.9266312, 22.5264592]]]]}}, {"type": "Feature", "id": "way/1360350978", "properties": {"tags": {"building": "residential"}, "heightStatus": "unknown", "source": "OpenStreetMap", "license": "ODbL-1.0"}, "geometry": {"type": "MultiPolygon", "coordinates": [[[[113.9270331, 22.5262945], [113.9276084, 22.5261459], [113.9276538, 22.5261481], [113.927688, 22.5262821], [113.92765, 22.5262648], [113.9276379, 22.5262239], [113.9276013, 22.5262289], [113.9276312, 22.5263267], [113.9275563, 22.5263462], [113.9275266, 22.5262487], [113.9274057, 22.5262787], [113.9274346, 22.5263766], [113.9273557, 22.5263964], [113.9273265, 22.5262994], [113.9272002, 22.5263313], [113.9272307, 22.5264276], [113.9271511, 22.5264473], [113.927123, 22.5263506], [113.9270546, 22.5263664], [113.9270331, 22.5262945]]]]}}, {"type": "Feature", "id": "way/1360350979", "properties": {"tags": {"building": "residential"}, "heightStatus": "unknown", "source": "OpenStreetMap", "license": "ODbL-1.0"}, "geometry": {"type": "MultiPolygon", "coordinates": [[[[113.9260784, 22.5265312], [113.9262762, 22.5264842], [113.9262838, 22.5265114], [113.9262998, 22.5265076], [113.9262912, 22.5264767], [113.9264969, 22.5264277], [113.9265192, 22.5265076], [113.9264521, 22.5265235], [113.9264785, 22.5266185], [113.9263989, 22.5266374], [113.9263728, 22.5265439], [113.9262471, 22.5265738], [113.9262741, 22.5266703], [113.9261959, 22.5266889], [113.9261695, 22.5265943], [113.9261005, 22.5266108], [113.9260784, 22.5265312]]]]}}, {"type": "Feature", "id": "way/1360350980", "properties": {"tags": {"addr:housename": "缤纷假日豪园", "addr:housename:en": "Binfen Holiday Garden", "addr:housename:zh": "缤纷假日豪园", "building": "apartments", "name": "B栋", "name:en": "Block B", "name:zh": "B栋"}, "heightStatus": "unknown", "source": "OpenStreetMap", "license": "ODbL-1.0"}, "geometry": {"type": "MultiPolygon", "coordinates": [[[[113.922571, 22.523888], [113.9226036, 22.5238821], [113.9225915, 22.5238249], [113.922626, 22.5238186], [113.9226295, 22.5238351], [113.9226693, 22.5238279], [113.922687, 22.5239115], [113.9227094, 22.5239074], [113.9227548, 22.5241219], [113.9227325, 22.524126], [113.922746, 22.5241901], [113.9227502, 22.5242096], [113.9227104, 22.5242167], [113.9227139, 22.5242332], [113.9226793, 22.5242395], [113.9226672, 22.5241822], [113.9226345, 22.5241881], [113.922571, 22.523888]]]]}}, {"type": "Feature", "id": "way/1360350981", "properties": {"tags": {"building": "yes"}, "heightStatus": "unknown", "source": "OpenStreetMap", "license": "ODbL-1.0"}, "geometry": {"type": "MultiPolygon", "coordinates": [[[[113.9212159, 22.5268283], [113.9216442, 22.526721], [113.9217407, 22.5270498], [113.9214871, 22.5271133], [113.9214668, 22.5270441], [113.9214465, 22.5270492], [113.9214676, 22.5271212], [113.9213104, 22.5271606], [113.921274, 22.5270368], [113.9213541, 22.5270167], [113.9213476, 22.5269947], [113.9212705, 22.527014], [113.9212159, 22.5268283]]]]}}, {"type": "Feature", "id": "way/1360495882", "properties": {"tags": {"addr:housename": "鸿瑞花园", "addr:housename:en": "Hongrui Garden", "addr:housename:zh": "鸿瑞花园", "building": "apartments", "building:levels": "25", "name": "16栋", "name:en": "Block 16", "name:zh": "16栋"}, "heightStatus": "levels_only_unverified", "source": "OpenStreetMap", "license": "ODbL-1.0"}, "geometry": {"type": "MultiPolygon", "coordinates": [[[[113.9219254, 22.5247637], [113.9220056, 22.5246531], [113.9219945, 22.5246028], [113.9221947, 22.524565], [113.9222058, 22.5246153], [113.9223266, 22.5246879], [113.9222822, 22.52475], [113.9222616, 22.5247375], [113.9222133, 22.5248051], [113.9221327, 22.5247559], [113.9220794, 22.5248304], [113.9220062, 22.5247857], [113.9219926, 22.5248047], [113.9219254, 22.5247637]]]]}}, {"type": "Feature", "id": "way/1360495883", "properties": {"tags": {"building": "residential"}, "heightStatus": "unknown", "source": "OpenStreetMap", "license": "ODbL-1.0"}, "geometry": {"type": "MultiPolygon", "coordinates": [[[[113.9192624, 22.5264716], [113.919409, 22.5264402], [113.9193662, 22.5262699], [113.9194702, 22.5262476], [113.9195133, 22.5264191], [113.9196537, 22.526389], [113.9196311, 22.5262991], [113.9195998, 22.5263058], [113.9195792, 22.5262238], [113.9197392, 22.5261895], [113.9197596, 22.5262706], [113.9197838, 22.5262654], [113.9198066, 22.5263561], [113.9198886, 22.5263385], [113.9199081, 22.5264162], [113.9192822, 22.5265504], [113.9192624, 22.5264716]]]]}}, {"type": "Feature", "id": "way/1432741888", "properties": {"tags": {"addr:housename": "海岸明珠", "addr:housename:en": "Haian Mingzhu", "addr:housename:zh": "海岸明珠", "building": "apartments", "building:levels": "18", "name": "G座", "name:en": "Block G", "name:zh": "G座"}, "heightStatus": "levels_only_unverified", "source": "OpenStreetMap", "license": "ODbL-1.0"}, "geometry": {"type": "MultiPolygon", "coordinates": [[[[113.9265026, 22.519407], [113.9265068, 22.5193432], [113.9265587, 22.5193462], [113.9265628, 22.5192846], [113.926511, 22.5192816], [113.9265159, 22.519208], [113.9267104, 22.5192191], [113.9267054, 22.5192927], [113.9266688, 22.5192907], [113.9266647, 22.5193522], [113.9267013, 22.5193543], [113.926697, 22.5194182], [113.9265026, 22.519407]]]]}}, {"type": "Feature", "id": "way/1432741889", "properties": {"tags": {"addr:housename": "海岸明珠", "addr:housename:en": "Haian Mingzhu", "addr:housename:zh": "海岸明珠", "building": "apartments", "building:levels": "11", "name": "D座", "name:en": "Block D", "name:zh": "D座"}, "heightStatus": "levels_only_unverified", "source": "OpenStreetMap", "license": "ODbL-1.0"}, "geometry": {"type": "MultiPolygon", "coordinates": [[[[113.9270933, 22.5187571], [113.9271731, 22.5187529], [113.9271752, 22.5187867], [113.9272418, 22.5187832], [113.9272397, 22.5187493], [113.9273089, 22.5187457], [113.92732, 22.5189254], [113.9272509, 22.518929], [113.9272479, 22.5188811], [113.9271812, 22.5188847], [113.9271842, 22.5189326], [113.9271045, 22.5189368], [113.9270933, 22.5187571]]]]}}, {"type": "Feature", "id": "way/1432741890", "properties": {"tags": {"addr:housename": "海岸明珠", "addr:housename:en": "Haian Mingzhu", "addr:housename:zh": "海岸明珠", "building": "apartments", "building:levels": "11", "name": "C座", "name:en": "Block C", "name:zh": "C座"}, "heightStatus": "levels_only_unverified", "source": "OpenStreetMap", "license": "ODbL-1.0"}, "geometry": {"type": "MultiPolygon", "coordinates": [[[[113.9270809, 22.5185562], [113.9271607, 22.518552], [113.9271628, 22.5185858], [113.9272294, 22.5185823], [113.9272273, 22.5185485], [113.9272965, 22.5185448], [113.9273076, 22.5187245], [113.9272385, 22.5187281], [113.9272355, 22.5186802], [113.9271688, 22.5186838], [113.9271718, 22.5187317], [113.9270921, 22.5187359], [113.9270809, 22.5185562]]]]}}, {"type": "Feature", "id": "way/1432741891", "properties": {"tags": {"addr:housename": "天悦园", "addr:housename:en": "Tianyue Garden", "addr:housename:zh": "天悦园", "building": "apartments", "building:levels": "22", "name": "A座", "name:en": "Block A", "name:zh": "A座"}, "heightStatus": "levels_only_unverified", "source": "OpenStreetMap", "license": "ODbL-1.0"}, "geometry": {"type": "MultiPolygon", "coordinates": [[[[113.9244789, 22.5198457], [113.9245596, 22.5198306], [113.9245438, 22.5197586], [113.9246031, 22.5197475], [113.9246195, 22.5198223], [113.9246709, 22.5198127], [113.9246518, 22.5197257], [113.9246764, 22.5197211], [113.9246693, 22.5196889], [113.9247154, 22.5196803], [113.9247277, 22.5197363], [113.924803, 22.5197586], [113.9248482, 22.5197196], [113.9248803, 22.5197514], [113.9248543, 22.5197737], [113.9248714, 22.5197906], [113.9248012, 22.5198512], [113.924837, 22.5198866], [113.9248973, 22.5198346], [113.9249387, 22.5198754], [113.9248805, 22.5199256], [113.9249367, 22.5199812], [113.9248476, 22.520058], [113.9247584, 22.5199698], [113.9247944, 22.5199388], [113.9247612, 22.519906], [113.924669, 22.5198787], [113.9246214, 22.5198876], [113.9246311, 22.5199321], [113.924503, 22.5199561], [113.9244789, 22.5198457]]]]}}, {"type": "Feature", "id": "way/1432741892", "properties": {"tags": {"addr:housename": "海印长城一期", "addr:housename:en": "Haiyin Changcheng Phase I", "addr:housename:zh": "海印长城一期", "building": "apartments", "building:levels": "17", "name": "8栋", "name:en": "Block 8", "name:zh": "8栋"}, "heightStatus": "levels_only_unverified", "source": "OpenStreetMap", "license": "ODbL-1.0"}, "geometry": {"type": "MultiPolygon", "coordinates": [[[[113.9258759, 22.5209001], [113.9258921, 22.5208974], [113.925882, 22.5208463], [113.9259189, 22.5208401], [113.9259241, 22.5208662], [113.9259704, 22.5208584], [113.9259787, 22.5209001], [113.9260091, 22.5208949], [113.9260012, 22.5208553], [113.9259892, 22.5208573], [113.9259852, 22.5208371], [113.925966, 22.5208403], [113.9259591, 22.5208054], [113.9259783, 22.5208021], [113.9259764, 22.5207929], [113.9261019, 22.5207717], [113.9261038, 22.5207809], [113.9261229, 22.5207777], [113.9261298, 22.5208127], [113.9261107, 22.5208159], [113.9261144, 22.5208347], [113.9261011, 22.520837], [113.9261127, 22.5208954], [113.9261373, 22.5208625], [113.9262335, 22.5209239], [113.9262238, 22.5209369], [113.9262498, 22.5209535], [113.9261743, 22.5210546], [113.9261507, 22.5210395], [113.9261279, 22.5210701], [113.9260292, 22.5210071], [113.9260515, 22.5209772], [113.9259958, 22.5209866], [113.9260021, 22.5210184], [113.9259558, 22.5210262], [113.925961, 22.5210524], [113.925924, 22.5210586], [113.9259139, 22.5210075], [113.9258977, 22.5210102], [113.9258759, 22.5209001]]]]}}, {"type": "Feature", "id": "way/1432741893", "properties": {"tags": {"addr:housename": "海珠城", "addr:housename:en": "Haizhu City", "addr:housename:zh": "海珠城", "building": "apartments", "building:levels": "22", "name": "海虹阁", "name:en": "Haihong Tower", "name:zh": "海虹阁"}, "heightStatus": "levels_only_unverified", "source": "OpenStreetMap", "license": "ODbL-1.0"}, "geometry": {"type": "MultiPolygon", "coordinates": [[[[113.9256463, 22.5183585], [113.9256492, 22.5182611], [113.925672, 22.5182617], [113.9256725, 22.5182437], [113.9257658, 22.5182462], [113.9257681, 22.5181693], [113.9257875, 22.5181698], [113.9257881, 22.5181523], [113.9259038, 22.5181553], [113.9259033, 22.5181728], [113.9259227, 22.5181733], [113.9259204, 22.5182502], [113.9260136, 22.5182526], [113.9260131, 22.5182706], [113.9260358, 22.5182712], [113.9260329, 22.5183686], [113.9260101, 22.518368], [113.9260096, 22.5183859], [113.9259163, 22.5183835], [113.9259144, 22.5184462], [113.9257598, 22.5184421], [113.9257617, 22.5183795], [113.9256684, 22.5183771], [113.925669, 22.5183591], [113.9256463, 22.5183585]]]]}}, {"type": "Feature", "id": "way/1432741900", "properties": {"tags": {"addr:housename": "海珠城", "addr:housename:en": "Haizhu City", "addr:housename:zh": "海珠城", "building": "apartments", "building:levels": "22", "name": "海晖阁", "name:en": "Haihui Tower", "name:zh": "海晖阁"}, "heightStatus": "levels_only_unverified", "source": "OpenStreetMap", "license": "ODbL-1.0"}, "geometry": {"type": "MultiPolygon", "coordinates": [[[[113.9261598, 22.5183674], [113.9261628, 22.5182699], [113.9261855, 22.5182705], [113.926186, 22.5182526], [113.9262793, 22.518255], [113.9262816, 22.5181781], [113.9263011, 22.5181786], [113.9263016, 22.5181611], [113.9264174, 22.5181641], [113.9264168, 22.5181816], [113.9264363, 22.5181821], [113.9264339, 22.518259], [113.9265272, 22.5182614], [113.9265266, 22.5182794], [113.9265494, 22.51828], [113.9265464, 22.5183774], [113.9265237, 22.5183768], [113.9265231, 22.5183948], [113.9264299, 22.5183924], [113.926428, 22.518455], [113.9262733, 22.518451], [113.9262752, 22.5183883], [113.926182, 22.5183859], [113.9261825, 22.5183679], [113.9261598, 22.5183674]]]]}}, {"type": "Feature", "id": "way/1432741907", "properties": {"tags": {"addr:housename": "海印长城二期", "addr:housename:en": "Haiyin Changcheng Phase II", "addr:housename:zh": "海印长城二期", "building": "apartments", "building:levels": "22", "name": "15栋", "name:en": "Block 15", "name:zh": "15栋"}, "heightStatus": "levels_only_unverified", "source": "OpenStreetMap", "license": "ODbL-1.0"}, "geometry": {"type": "MultiPolygon", "coordinates": [[[[113.9272966, 22.522428], [113.9274102, 22.5224032], [113.9273915, 22.5223298], [113.9275612, 22.5222929], [113.9275799, 22.5223663], [113.9276174, 22.5223581], [113.9276129, 22.5223406], [113.9276435, 22.5223339], [113.9276923, 22.5225252], [113.9276619, 22.5225318], [113.9276575, 22.5225144], [113.9276201, 22.5225225], [113.9276339, 22.5225766], [113.9274828, 22.5226095], [113.9274689, 22.5225553], [113.9273554, 22.52258], [113.9273329, 22.522492], [113.927314, 22.5224961], [113.9272966, 22.522428]]]]}}, {"type": "Feature", "id": "way/1432741914", "properties": {"tags": {"addr:housename": "海印长城二期", "addr:housename:en": "Haiyin Changcheng Phase II", "addr:housename:zh": "海印长城二期", "building": "apartments", "building:levels": "22", "name": "14栋", "name:en": "Block 14", "name:zh": "14栋"}, "heightStatus": "levels_only_unverified", "source": "OpenStreetMap", "license": "ODbL-1.0"}, "geometry": {"type": "MultiPolygon", "coordinates": [[[[113.9268792, 22.5225191], [113.9269928, 22.5224943], [113.9269741, 22.5224211], [113.9271643, 22.5223797], [113.9271829, 22.5224527], [113.9272966, 22.522428], [113.927314, 22.5224961], [113.9272949, 22.5225003], [113.9273174, 22.5225888], [113.9272038, 22.5226135], [113.9272177, 22.5226677], [113.9270654, 22.5227009], [113.9270516, 22.5226466], [113.926938, 22.5226713], [113.9269155, 22.5225831], [113.9268966, 22.5225872], [113.9268792, 22.5225191]]]]}}, {"type": "Feature", "id": "way/1432741917", "properties": {"tags": {"addr:housename": "海印长城二期", "addr:housename:en": "Haiyin Changcheng Phase II", "addr:housename:zh": "海印长城二期", "building": "apartments", "building:levels": "17", "name": "10栋", "name:en": "Block 10", "name:zh": "10栋"}, "heightStatus": "levels_only_unverified", "source": "OpenStreetMap", "license": "ODbL-1.0"}, "geometry": {"type": "MultiPolygon", "coordinates": [[[[113.9264049, 22.5220079], [113.9264665, 22.5219128], [113.9264926, 22.5219272], [113.9264804, 22.5218821], [113.9264689, 22.5218848], [113.9264635, 22.5218649], [113.9264446, 22.5218693], [113.9264343, 22.5218315], [113.9266077, 22.5217912], [113.926618, 22.521829], [113.9265991, 22.5218334], [113.9266045, 22.5218533], [113.9265788, 22.5218592], [113.9265863, 22.5218869], [113.9266287, 22.5218771], [113.9266202, 22.521846], [113.9267101, 22.5218251], [113.9267285, 22.521893], [113.9267542, 22.5219873], [113.9266644, 22.5220082], [113.9266535, 22.5219683], [113.9265926, 22.5219825], [113.9266298, 22.522003], [113.9265697, 22.5220957], [113.926555, 22.5220876], [113.9265388, 22.5221127], [113.9264247, 22.5220497], [113.9264394, 22.522027], [113.9264049, 22.5220079]]]]}}, {"type": "Feature", "id": "way/1432741918", "properties": {"tags": {"addr:housename": "海印长城二期", "addr:housename:en": "Haiyin Changcheng Phase II", "addr:housename:zh": "海印长城二期", "building": "apartments", "building:levels": "17", "name": "11栋", "name:en": "Block 11", "name:zh": "11栋"}, "heightStatus": "levels_only_unverified", "source": "OpenStreetMap", "license": "ODbL-1.0"}, "geometry": {"type": "MultiPolygon", "coordinates": [[[[113.9267101, 22.5218251], [113.9268232, 22.5217988], [113.9268034, 22.5217258], [113.9269928, 22.5216818], [113.9270127, 22.5217548], [113.9271258, 22.5217285], [113.9271443, 22.5217964], [113.9271255, 22.5218008], [113.9271494, 22.5218887], [113.9270362, 22.521915], [113.9270509, 22.521969], [113.9268992, 22.5220042], [113.9268845, 22.5219502], [113.9267713, 22.5219765], [113.9267474, 22.5218886], [113.9267285, 22.521893], [113.9267101, 22.5218251]]]]}}, {"type": "Feature", "id": "way/1432741919", "properties": {"tags": {"addr:housename": "海印长城二期", "addr:housename:en": "Haiyin Changcheng Phase II", "addr:housename:zh": "海印长城二期", "building": "apartments", "building:levels": "17", "name": "12栋", "name:en": "Block 12", "name:zh": "12栋"}, "heightStatus": "levels_only_unverified", "source": "OpenStreetMap", "license": "ODbL-1.0"}, "geometry": {"type": "MultiPolygon", "coordinates": [[[[113.9271258, 22.5217285], [113.927239, 22.5217022], [113.9272191, 22.5216292], [113.9273882, 22.52159], [113.9274081, 22.5216631], [113.9274454, 22.5216544], [113.9274407, 22.5216369], [113.9274712, 22.5216298], [113.9275231, 22.5218204], [113.9274929, 22.5218274], [113.9274881, 22.5218101], [113.9274509, 22.5218187], [113.9274656, 22.5218727], [113.927315, 22.5219077], [113.9273003, 22.5218536], [113.9271871, 22.5218799], [113.9271632, 22.5217921], [113.9271443, 22.5217964], [113.9271258, 22.5217285]]]]}}, {"type": "Feature", "id": "way/1432741922", "properties": {"tags": {"addr:housename": "海岸明珠", "addr:housename:en": "Haian Mingzhu", "addr:housename:zh": "海岸明珠", "building": "apartments", "building:levels": "18", "name": "F座", "name:en": "Block F", "name:zh": "F座"}, "heightStatus": "levels_only_unverified", "source": "OpenStreetMap", "license": "ODbL-1.0"}, "geometry": {"type": "MultiPolygon", "coordinates": [[[[113.9267199, 22.5194195], [113.9267242, 22.5193557], [113.9267761, 22.5193587], [113.9267802, 22.5192971], [113.9267283, 22.5192941], [113.9267333, 22.5192205], [113.9269277, 22.5192316], [113.9269228, 22.5193052], [113.9268862, 22.5193031], [113.9268821, 22.5193647], [113.9269187, 22.5193668], [113.9269144, 22.5194306], [113.9267199, 22.5194195]]]]}}, {"type": "Feature", "id": "way/1432741925", "properties": {"tags": {"addr:housename": "海印长城一期", "addr:housename:en": "Haiyin Changcheng Phase I", "addr:housename:zh": "海印长城一期", "building": "apartments", "building:levels": "17", "name": "6栋", "name:en": "Block 6", "name:zh": "6栋"}, "heightStatus": "levels_only_unverified", "source": "OpenStreetMap", "license": "ODbL-1.0"}, "geometry": {"type": "MultiPolygon", "coordinates": [[[[113.9265021, 22.5209852], [113.9266169, 22.5209658], [113.9266023, 22.5208918], [113.9267944, 22.5208593], [113.9268091, 22.5209334], [113.9269239, 22.520914], [113.9269375, 22.5209828], [113.9269184, 22.5209861], [113.926936, 22.5210752], [113.9268212, 22.5210946], [113.9268321, 22.5211494], [113.9266782, 22.5211754], [113.9266673, 22.5211206], [113.9265526, 22.52114], [113.9265349, 22.5210508], [113.9265158, 22.5210541], [113.9265021, 22.5209852]]]]}}, {"type": "Feature", "id": "way/1432741926", "properties": {"tags": {"addr:housename": "海印长城一期", "addr:housename:en": "Haiyin Changcheng Phase I", "addr:housename:zh": "海印长城一期", "building": "apartments", "building:levels": "17", "name": "5栋", "name:en": "Block 5", "name:zh": "5栋"}, "heightStatus": "levels_only_unverified", "source": "OpenStreetMap", "license": "ODbL-1.0"}, "geometry": {"type": "MultiPolygon", "coordinates": [[[[113.9269239, 22.520914], [113.9270387, 22.5208946], [113.927024, 22.5208205], [113.9271955, 22.5207915], [113.9272102, 22.5208657], [113.927248, 22.5208593], [113.9272445, 22.5208416], [113.9272755, 22.5208363], [113.9273138, 22.5210296], [113.9272831, 22.5210348], [113.9272796, 22.5210172], [113.9272418, 22.5210236], [113.9272527, 22.5210783], [113.9270999, 22.5211041], [113.9270891, 22.5210493], [113.9269743, 22.5210687], [113.9269566, 22.5209796], [113.9269375, 22.5209828], [113.9269239, 22.520914]]]]}}, {"type": "Feature", "id": "way/1432741927", "properties": {"tags": {"addr:housename": "海印长城一期", "addr:housename:en": "Haiyin Changcheng Phase I", "addr:housename:zh": "海印长城一期", "building": "apartments", "building:levels": "22", "name": "2栋", "name:en": "Block 2", "name:zh": "2栋"}, "heightStatus": "levels_only_unverified", "source": "OpenStreetMap", "license": "ODbL-1.0"}, "geometry": {"type": "MultiPolygon", "coordinates": [[[[113.9260158, 22.5199716], [113.9260217, 22.5199017], [113.9261381, 22.5199102], [113.9261445, 22.5198351], [113.9263392, 22.5198492], [113.9263328, 22.5199243], [113.9264492, 22.5199327], [113.9264432, 22.5200025], [113.9264239, 22.5200011], [113.9264162, 22.5200914], [113.9262999, 22.520083], [113.9262951, 22.5201385], [113.9261392, 22.5201273], [113.9261439, 22.5200717], [113.9260276, 22.5200633], [113.9260352, 22.519973], [113.9260158, 22.5199716]]]]}}, {"type": "Feature", "id": "way/1432741928", "properties": {"tags": {"addr:housename": "海印长城一期", "addr:housename:en": "Haiyin Changcheng Phase I", "addr:housename:zh": "海印长城一期", "building": "apartments", "building:levels": "22", "name": "3栋", "name:en": "Block 3", "name:zh": "3栋"}, "heightStatus": "levels_only_unverified", "source": "OpenStreetMap", "license": "ODbL-1.0"}, "geometry": {"type": "MultiPolygon", "coordinates": [[[[113.9264432, 22.5200025], [113.9264492, 22.5199327], [113.9265655, 22.5199411], [113.9265719, 22.5198661], [113.9267666, 22.5198801], [113.9267602, 22.5199552], [113.9268766, 22.5199636], [113.9268707, 22.5200334], [113.9268513, 22.520032], [113.9268436, 22.5201223], [113.9267273, 22.5201139], [113.9267226, 22.5201695], [113.9265666, 22.5201582], [113.9265713, 22.5201026], [113.926455, 22.5200942], [113.9264626, 22.5200039], [113.9264432, 22.5200025]]]]}}, {"type": "Feature", "id": "way/1432741929", "properties": {"tags": {"addr:housename": "海印长城一期", "addr:housename:en": "Haiyin Changcheng Phase I", "addr:housename:zh": "海印长城一期", "building": "apartments", "building:levels": "22", "name": "4栋", "name:en": "Block 4", "name:zh": "4栋"}, "heightStatus": "levels_only_unverified", "source": "OpenStreetMap", "license": "ODbL-1.0"}, "geometry": {"type": "MultiPolygon", "coordinates": [[[[113.9268707, 22.5200334], [113.9268766, 22.5199636], [113.9269929, 22.5199721], [113.9269993, 22.519897], [113.9271731, 22.5199096], [113.9271667, 22.5199847], [113.9272051, 22.5199875], [113.9272066, 22.5199695], [113.927238, 22.5199718], [113.9272214, 22.5201677], [113.9271903, 22.5201655], [113.9271918, 22.5201476], [113.9271535, 22.5201448], [113.9271488, 22.5202003], [113.926994, 22.5201891], [113.9269987, 22.5201336], [113.9268824, 22.5201252], [113.9268901, 22.5200348], [113.9268707, 22.5200334]]]]}}, {"type": "Feature", "id": "way/1432741933", "properties": {"tags": {"addr:housename": "青春家园", "addr:housename:en": "Qingchun Jiayuan", "addr:housename:zh": "青春家园", "building": "apartments", "building:levels": "27", "name": "B栋", "name:en": "Block B", "name:zh": "B栋"}, "heightStatus": "levels_only_unverified", "source": "OpenStreetMap", "license": "ODbL-1.0"}, "geometry": {"type": "MultiPolygon", "coordinates": [[[[113.9238452, 22.5198328], [113.9238619, 22.5198042], [113.9239168, 22.5198316], [113.9239541, 22.5197678], [113.9240017, 22.5197916], [113.9240462, 22.5197154], [113.9241898, 22.5197869], [113.9241452, 22.5198631], [113.9241929, 22.5198869], [113.9241556, 22.5199507], [113.9242105, 22.5199781], [113.9241938, 22.5200067], [113.9241738, 22.5199967], [113.9241613, 22.5200182], [113.9240762, 22.5199758], [113.9240596, 22.5200041], [113.9239212, 22.5199351], [113.9239377, 22.5199067], [113.9238526, 22.5198643], [113.9238651, 22.5198428], [113.9238452, 22.5198328]]]]}}, {"type": "Feature", "id": "way/1432741936", "properties": {"tags": {"addr:housename": "佳嘉豪苑", "addr:housename:en": "Jiajia Haoyuan", "addr:housename:zh": "佳嘉豪苑", "building": "apartments", "building:levels": "22", "name": "B座", "name:en": "Block B", "name:zh": "B座"}, "heightStatus": "levels_only_unverified", "source": "OpenStreetMap", "license": "ODbL-1.0"}, "geometry": {"type": "MultiPolygon", "coordinates": [[[[113.9254318, 22.5192357], [113.9255115, 22.5191505], [113.9255342, 22.5191685], [113.9256102, 22.5191738], [113.925617, 22.5190894], [113.9257064, 22.5190956], [113.9256995, 22.51918], [113.9256802, 22.5191786], [113.9256788, 22.5191956], [113.9257564, 22.519201], [113.9257512, 22.5192647], [113.9256736, 22.5192594], [113.9256669, 22.5193424], [113.9255209, 22.5193323], [113.9255277, 22.5192493], [113.9254871, 22.5192465], [113.9254692, 22.5192656], [113.9254318, 22.5192357]]]]}}, {"type": "Feature", "id": "way/1432741937", "properties": {"tags": {"addr:housename": "佳嘉豪苑", "addr:housename:en": "Jiajia Haoyuan", "addr:housename:zh": "佳嘉豪苑", "building": "apartments", "building:levels": "22", "name": "D座", "name:en": "Block D", "name:zh": "D座"}, "heightStatus": "levels_only_unverified", "source": "OpenStreetMap", "license": "ODbL-1.0"}, "geometry": {"type": "MultiPolygon", "coordinates": [[[[113.9260523, 22.5192856], [113.9260575, 22.5192218], [113.926135, 22.5192272], [113.9261364, 22.5192102], [113.926117, 22.5192089], [113.9261239, 22.5191245], [113.9263086, 22.5191373], [113.9263018, 22.5192217], [113.9262824, 22.5192203], [113.926281, 22.5192373], [113.9263586, 22.5192427], [113.9263534, 22.5193064], [113.9262758, 22.519301], [113.9262691, 22.5193841], [113.9261231, 22.519374], [113.9261299, 22.5192909], [113.9260523, 22.5192856]]]]}}, {"type": "Feature", "id": "way/1432741938", "properties": {"tags": {"addr:housename": "佳嘉豪苑", "addr:housename:en": "Jiajia Haoyuan", "addr:housename:zh": "佳嘉豪苑", "building": "apartments", "building:levels": "22", "name": "C座", "name:en": "Block C", "name:zh": "C座"}, "heightStatus": "levels_only_unverified", "source": "OpenStreetMap", "license": "ODbL-1.0"}, "geometry": {"type": "MultiPolygon", "coordinates": [[[[113.9257512, 22.5192647], [113.9257564, 22.519201], [113.9258339, 22.5192064], [113.9258353, 22.5191894], [113.9258159, 22.519188], [113.9258228, 22.5191037], [113.9260075, 22.5191164], [113.9260007, 22.5192008], [113.9259813, 22.5191995], [113.9259799, 22.5192165], [113.9260575, 22.5192218], [113.9260523, 22.5192856], [113.9259747, 22.5192802], [113.925968, 22.5193633], [113.925822, 22.5193532], [113.9258288, 22.5192701], [113.9257512, 22.5192647]]]]}}, {"type": "Feature", "id": "way/1433239237", "properties": {"tags": {"building": "apartments", "building:levels": "11"}, "heightStatus": "levels_only_unverified", "source": "OpenStreetMap", "license": "ODbL-1.0"}, "geometry": {"type": "MultiPolygon", "coordinates": [[[[113.9216195, 22.5255797], [113.9217338, 22.5255576], [113.9217505, 22.5256317], [113.9217978, 22.5256226], [113.921818, 22.5257119], [113.9217702, 22.5257211], [113.9217813, 22.525771], [113.9218033, 22.5257669], [113.9218101, 22.5257975], [113.9221199, 22.5257251], [113.9224298, 22.5256527], [113.9224189, 22.5256037], [113.9223709, 22.5256133], [113.9223507, 22.525524], [113.9223097, 22.5255319], [113.922293, 22.5254578], [113.9224072, 22.5254358], [113.922424, 22.5255099], [113.9224713, 22.5255008], [113.9225095, 22.5256693], [113.9224758, 22.5256757], [113.9224986, 22.5257786], [113.921786, 22.5259451], [113.9217487, 22.525808], [113.9216735, 22.5258222], [113.9216559, 22.5257427], [113.9216974, 22.5257351], [113.9216772, 22.5256459], [113.9216363, 22.5256538], [113.9216195, 22.5255797]]]]}}, {"type": "Feature", "id": "way/1433239238", "properties": {"tags": {"addr:housename": "鸿瑞花园", "addr:housename:en": "Hongrui Garden", "addr:housename:zh": "鸿瑞花园", "building": "apartments", "building:levels": "11", "name": "9栋", "name:en": "Block 9", "name:zh": "9栋"}, "heightStatus": "levels_only_unverified", "source": "OpenStreetMap", "license": "ODbL-1.0"}, "geometry": {"type": "MultiPolygon", "coordinates": [[[[113.9215243, 22.52515], [113.9218672, 22.525085], [113.9218907, 22.5251906], [113.921662, 22.5252339], [113.9216806, 22.5253175], [113.9215663, 22.5253391], [113.9215243, 22.52515]]]]}}, {"type": "Feature", "id": "way/1433239239", "properties": {"tags": {"addr:housename": "鸿瑞花园", "addr:housename:en": "Hongrui Garden", "addr:housename:zh": "鸿瑞花园", "building": "apartments", "building:levels": "11", "name": "10栋", "name:en": "Block 10", "name:zh": "10栋"}, "heightStatus": "levels_only_unverified", "source": "OpenStreetMap", "license": "ODbL-1.0"}, "geometry": {"type": "MultiPolygon", "coordinates": [[[[113.9215663, 22.5253391], [113.9216806, 22.5253175], [113.9217174, 22.5254833], [113.9216031, 22.5255049], [113.9215663, 22.5253391]]]]}}, {"type": "Feature", "id": "way/1433239240", "properties": {"tags": {"addr:housename": "鸿瑞花园", "addr:housename:en": "Hongrui Garden", "addr:housename:zh": "鸿瑞花园", "building": "apartments", "building:levels": "11", "name": "7栋", "name:en": "Block 7", "name:zh": "7栋"}, "heightStatus": "levels_only_unverified", "source": "OpenStreetMap", "license": "ODbL-1.0"}, "geometry": {"type": "MultiPolygon", "coordinates": [[[[113.9222656, 22.5252066], [113.9223799, 22.525185], [113.9224167, 22.5253508], [113.9223024, 22.5253724], [113.9222656, 22.5252066]]]]}}, {"type": "Feature", "id": "way/1433239241", "properties": {"tags": {"addr:housename": "鸿瑞花园", "addr:housename:en": "Hongrui Garden", "addr:housename:zh": "鸿瑞花园", "building": "apartments", "building:levels": "11", "name": "8栋", "name:en": "Block 8", "name:zh": "8栋"}, "heightStatus": "levels_only_unverified", "source": "OpenStreetMap", "license": "ODbL-1.0"}, "geometry": {"type": "MultiPolygon", "coordinates": [[[[113.9219949, 22.5250608], [113.9223379, 22.5249958], [113.9223799, 22.525185], [113.9222656, 22.5252066], [113.922247, 22.5251231], [113.9220184, 22.5251664], [113.9219949, 22.5250608]]]]}}, {"type": "Feature", "id": "way/1433239242", "properties": {"tags": {"addr:housename": "鸿瑞花园", "addr:housename:en": "Hongrui Garden", "addr:housename:zh": "鸿瑞花园", "building": "apartments", "building:levels": "11", "name": "15栋", "name:en": "Block 15", "name:zh": "15栋"}, "heightStatus": "levels_only_unverified", "source": "OpenStreetMap", "license": "ODbL-1.0"}, "geometry": {"type": "MultiPolygon", "coordinates": [[[[113.9214632, 22.5248529], [113.9216049, 22.524821], [113.9216313, 22.5249209], [113.9216691, 22.5249124], [113.9216858, 22.5249759], [113.9214766, 22.525023], [113.9214668, 22.5249578], [113.9214895, 22.5249527], [113.9214632, 22.5248529]]]]}}, {"type": "Feature", "id": "way/1433239243", "properties": {"tags": {"addr:housename": "鸿瑞花园", "addr:housename:en": "Hongrui Garden", "addr:housename:zh": "鸿瑞花园", "building": "apartments", "building:levels": "11", "name": "13栋", "name:en": "Block 13", "name:zh": "13栋"}, "heightStatus": "levels_only_unverified", "source": "OpenStreetMap", "license": "ODbL-1.0"}, "geometry": {"type": "MultiPolygon", "coordinates": [[[[113.9210573, 22.5249975], [113.9210689, 22.524933], [113.9211073, 22.5249389], [113.9211255, 22.5248374], [113.9212694, 22.5248595], [113.9212512, 22.5249609], [113.9212743, 22.5249645], [113.9212697, 22.5250301], [113.9210573, 22.5249975]]]]}}, {"type": "Feature", "id": "way/1433239244", "properties": {"tags": {"addr:housename": "鸿瑞花园", "addr:housename:en": "Hongrui Garden", "addr:housename:zh": "鸿瑞花园", "building": "apartments", "building:levels": "11", "name": "14栋", "name:en": "Block 14", "name:zh": "14栋"}, "heightStatus": "levels_only_unverified", "source": "OpenStreetMap", "license": "ODbL-1.0"}, "geometry": {"type": "MultiPolygon", "coordinates": [[[[113.9212697, 22.5250301], [113.9212743, 22.5249645], [113.9212976, 22.5249637], [113.9212935, 22.5248609], [113.9214393, 22.5248559], [113.9214434, 22.5249587], [113.9214668, 22.5249578], [113.9214766, 22.525023], [113.9212697, 22.5250301]]]]}}, {"type": "Feature", "id": "way/1433239245", "properties": {"tags": {"addr:housename": "鸿瑞花园", "addr:housename:en": "Hongrui Garden", "addr:housename:zh": "鸿瑞花园", "building": "apartments", "building:levels": "11", "name": "27栋", "name:en": "Block 27", "name:zh": "27栋"}, "heightStatus": "levels_only_unverified", "source": "OpenStreetMap", "license": "ODbL-1.0"}, "geometry": {"type": "MultiPolygon", "coordinates": [[[[113.9209348, 22.5246655], [113.9209538, 22.5246025], [113.9209913, 22.5246122], [113.9210212, 22.5245131], [113.9211826, 22.5245548], [113.9211526, 22.5246538], [113.9211901, 22.5246634], [113.921171, 22.5247265], [113.9209348, 22.5246655]]]]}}, {"type": "Feature", "id": "way/1433239246", "properties": {"tags": {"addr:housename": "鸿瑞花园", "addr:housename:en": "Hongrui Garden", "addr:housename:zh": "鸿瑞花园", "building": "apartments", "building:levels": "11", "name": "26栋", "name:en": "Block 26", "name:zh": "26栋"}, "heightStatus": "levels_only_unverified", "source": "OpenStreetMap", "license": "ODbL-1.0"}, "geometry": {"type": "MultiPolygon", "coordinates": [[[[113.9208091, 22.5243483], [113.9208282, 22.5242853], [113.9208657, 22.5242949], [113.9208956, 22.5241959], [113.9210569, 22.5242376], [113.921027, 22.5243366], [113.9210645, 22.5243462], [113.9210454, 22.5244093], [113.9208091, 22.5243483]]]]}}, {"type": "Feature", "id": "way/1433239247", "properties": {"tags": {"addr:housename": "鸿瑞花园", "addr:housename:en": "Hongrui Garden", "addr:housename:zh": "鸿瑞花园", "building": "apartments", "name": "24栋", "name:en": "Block 24", "name:zh": "24栋"}, "heightStatus": "unknown", "source": "OpenStreetMap", "license": "ODbL-1.0"}, "geometry": {"type": "MultiPolygon", "coordinates": [[[[113.9211006, 22.5238346], [113.9211024, 22.5238055], [113.9211218, 22.5238065], [113.9211248, 22.5237585], [113.9211831, 22.5237616], [113.9211838, 22.5237504], [113.9212843, 22.5237557], [113.9212836, 22.523767], [113.9213418, 22.5237701], [113.9213388, 22.5238181], [113.9213582, 22.5238192], [113.9213564, 22.5238483], [113.9212787, 22.5238441], [113.9212725, 22.5239434], [113.921172, 22.523938], [113.9211782, 22.5238387], [113.9211006, 22.5238346]]]]}}, {"type": "Feature", "id": "way/1433239248", "properties": {"tags": {"addr:housename": "鸿瑞花园", "addr:housename:en": "Hongrui Garden", "addr:housename:zh": "鸿瑞花园", "building": "apartments", "name": "25栋", "name:en": "Block 25", "name:zh": "25栋"}, "heightStatus": "unknown", "source": "OpenStreetMap", "license": "ODbL-1.0"}, "geometry": {"type": "MultiPolygon", "coordinates": [[[[113.9207186, 22.5240077], [113.9207567, 22.523967], [113.9207475, 22.5239596], [113.9208133, 22.5238892], [113.9208226, 22.5238966], [113.9208607, 22.5238558], [113.9209001, 22.5238873], [113.9209128, 22.5238737], [113.9209367, 22.5238927], [113.9208858, 22.5239471], [113.9209673, 22.5240121], [113.9209014, 22.5240825], [113.92082, 22.5240175], [113.9207691, 22.5240718], [113.9207452, 22.5240528], [113.920758, 22.5240392], [113.9207186, 22.5240077]]]]}}, {"type": "Feature", "id": "way/1433239261", "properties": {"tags": {"addr:housename": "南海大厦", "addr:housename:en": "Nanhai Building", "addr:housename:zh": "南海大厦", "building": "industrial", "building:levels": "24", "name": "B座", "name:en": "Block B", "name:zh": "B座"}, "heightStatus": "levels_only_unverified", "source": "OpenStreetMap", "license": "ODbL-1.0"}, "geometry": {"type": "MultiPolygon", "coordinates": [[[[113.9180075, 22.5229759], [113.9182534, 22.522928], [113.9182634, 22.5229718], [113.9182064, 22.5229829], [113.9182697, 22.5232599], [113.9181291, 22.5232873], [113.9180783, 22.5230651], [113.9180455, 22.5230715], [113.9180386, 22.523041], [113.9180231, 22.523044], [113.9180075, 22.5229759]]]]}}, {"type": "Feature", "id": "way/1433239263", "properties": {"tags": {"addr:housename": "鸿瑞花园", "addr:housename:en": "Hongrui Garden", "addr:housename:zh": "鸿瑞花园", "building": "apartments", "building:levels": "25", "name": "19栋", "name:en": "Block 19", "name:zh": "19栋"}, "heightStatus": "levels_only_unverified", "source": "OpenStreetMap", "license": "ODbL-1.0"}, "geometry": {"type": "MultiPolygon", "coordinates": [[[[113.9216177, 22.5233038], [113.9216616, 22.5232877], [113.9216431, 22.5232447], [113.9216671, 22.5232359], [113.9216554, 22.5232087], [113.921848, 22.523138], [113.9218758, 22.5232026], [113.9219499, 22.5231901], [113.9219947, 22.5234175], [113.9218413, 22.5234433], [113.9218141, 22.5233055], [113.9216731, 22.5233572], [113.9216639, 22.5233358], [113.9216359, 22.5233461], [113.9216177, 22.5233038]]]]}}, {"type": "Feature", "id": "way/1433239264", "properties": {"tags": {"addr:housename": "鸿瑞花园", "addr:housename:en": "Hongrui Garden", "addr:housename:zh": "鸿瑞花园", "building": "apartments", "building:levels": "25", "name": "18栋", "name:en": "Block 18", "name:zh": "18栋"}, "heightStatus": "levels_only_unverified", "source": "OpenStreetMap", "license": "ODbL-1.0"}, "geometry": {"type": "MultiPolygon", "coordinates": [[[[113.921747, 22.523826], [113.9218272, 22.5237154], [113.9218161, 22.5236651], [113.9220163, 22.5236272], [113.9220275, 22.5236775], [113.9221483, 22.5237501], [113.9221039, 22.5238122], [113.9220833, 22.5237997], [113.9220349, 22.5238673], [113.9219543, 22.5238182], [113.9219011, 22.5238926], [113.9218278, 22.5238479], [113.9218142, 22.523867], [113.921747, 22.523826]]]]}}, {"type": "Feature", "id": "way/1433239265", "properties": {"tags": {"addr:housename": "鸿瑞花园", "addr:housename:en": "Hongrui Garden", "addr:housename:zh": "鸿瑞花园", "building": "apartments", "building:levels": "25", "name": "17栋", "name:en": "Block 17", "name:zh": "17栋"}, "heightStatus": "levels_only_unverified", "source": "OpenStreetMap", "license": "ODbL-1.0"}, "geometry": {"type": "MultiPolygon", "coordinates": [[[[113.9218302, 22.524289], [113.9219105, 22.5241784], [113.9218993, 22.5241281], [113.9220996, 22.5240903], [113.9221107, 22.5241406], [113.9222315, 22.5242132], [113.9221871, 22.5242753], [113.9221665, 22.5242627], [113.9221182, 22.5243304], [113.9220375, 22.5242812], [113.9219843, 22.5243557], [113.9219111, 22.524311], [113.9218975, 22.52433], [113.9218302, 22.524289]]]]}}, {"type": "Feature", "id": "way/1433239268", "properties": {"tags": {"addr:housename": "海典居", "addr:housename:en": "Haidian Residence", "addr:housename:zh": "海典居", "building": "apartments", "building:levels": "21", "name": "2栋", "name:en": "Block 2", "name:zh": "2栋"}, "heightStatus": "levels_only_unverified", "source": "OpenStreetMap", "license": "ODbL-1.0"}, "geometry": {"type": "MultiPolygon", "coordinates": [[[[113.9224137, 22.52072], [113.9224715, 22.5207017], [113.9224443, 22.5206285], [113.9225084, 22.5206081], [113.9225042, 22.5205969], [113.9225931, 22.5205687], [113.9226245, 22.5206532], [113.9226725, 22.5206379], [113.9227249, 22.5207787], [113.9226768, 22.5207939], [113.9226933, 22.5208383], [113.9225404, 22.5208868], [113.9225239, 22.5208424], [113.922466, 22.5208608], [113.9224137, 22.52072]]]]}}, {"type": "Feature", "id": "way/1433239269", "properties": {"tags": {"addr:housename": "海典居", "addr:housename:en": "Haidian Residence", "addr:housename:zh": "海典居", "building": "apartments", "building:levels": "21", "name": "1栋", "name:en": "Block 1", "name:zh": "1栋"}, "heightStatus": "levels_only_unverified", "source": "OpenStreetMap", "license": "ODbL-1.0"}, "geometry": {"type": "MultiPolygon", "coordinates": [[[[113.9222986, 22.5204104], [113.9223564, 22.5203921], [113.9223245, 22.5203062], [113.9224774, 22.5202577], [113.9225094, 22.5203435], [113.9225574, 22.5203283], [113.9226097, 22.520469], [113.9225617, 22.5204843], [113.9225931, 22.5205687], [113.9225042, 22.5205969], [113.9225001, 22.5205857], [113.922436, 22.520606], [113.9224087, 22.5205328], [113.9223509, 22.5205512], [113.9222986, 22.5204104]]]]}}, {"type": "Feature", "id": "way/1433239270", "properties": {"tags": {"addr:housename": "海典居", "addr:housename:en": "Haidian Residence", "addr:housename:zh": "海典居", "building": "apartments", "building:levels": "21", "name": "4栋", "name:en": "Block 4", "name:zh": "4栋"}, "heightStatus": "levels_only_unverified", "source": "OpenStreetMap", "license": "ODbL-1.0"}, "geometry": {"type": "MultiPolygon", "coordinates": [[[[113.9226518, 22.52136], [113.9227096, 22.5213416], [113.9226823, 22.5212684], [113.9227465, 22.5212481], [113.9227423, 22.5212368], [113.9228311, 22.5212086], [113.9228625, 22.5212931], [113.9229106, 22.5212778], [113.9229629, 22.5214186], [113.9229149, 22.5214338], [113.9229468, 22.5215197], [113.9227938, 22.5215682], [113.9227619, 22.5214824], [113.9227041, 22.5215007], [113.9226518, 22.52136]]]]}}, {"type": "Feature", "id": "way/1433239271", "properties": {"tags": {"addr:housename": "海典居", "addr:housename:en": "Haidian Residence", "addr:housename:zh": "海典居", "building": "apartments", "building:levels": "21", "name": "3栋", "name:en": "Block 3", "name:zh": "3栋"}, "heightStatus": "levels_only_unverified", "source": "OpenStreetMap", "license": "ODbL-1.0"}, "geometry": {"type": "MultiPolygon", "coordinates": [[[[113.9225366, 22.5210504], [113.9225944, 22.521032], [113.9225779, 22.5209876], [113.9227309, 22.5209391], [113.9227474, 22.5209835], [113.9227955, 22.5209682], [113.9228478, 22.521109], [113.9227997, 22.5211242], [113.9228311, 22.5212086], [113.9227423, 22.5212368], [113.9227381, 22.5212256], [113.922674, 22.521246], [113.9226468, 22.5211728], [113.922589, 22.5211911], [113.9225366, 22.5210504]]]]}}, {"type": "Feature", "id": "way/1433239275", "properties": {"tags": {"addr:housename": "南海城中心", "addr:housename:en": "Nanhai City Center", "addr:housename:zh": "南海城中心", "building": "apartments", "building:levels": "11", "name": "5栋", "name:en": "Block 5", "name:zh": "5栋"}, "heightStatus": "levels_only_unverified", "source": "OpenStreetMap", "license": "ODbL-1.0"}, "geometry": {"type": "MultiPolygon", "coordinates": [[[[113.9181781, 22.5209362], [113.9182183, 22.5209085], [113.9181883, 22.5208715], [113.9183087, 22.5207884], [113.9183387, 22.5208254], [113.9183788, 22.5207977], [113.9184688, 22.520909], [113.9184287, 22.5209367], [113.9184587, 22.5209738], [113.9183382, 22.5210569], [113.9183082, 22.5210198], [113.9182681, 22.5210475], [113.9181781, 22.5209362]]]]}}, {"type": "Feature", "id": "way/1433239277", "properties": {"tags": {"addr:housename": "南海城中心", "addr:housename:en": "Nanhai City Center", "addr:housename:zh": "南海城中心", "building": "apartments", "building:levels": "11", "name": "1栋", "name:en": "Block 1", "name:zh": "1栋"}, "heightStatus": "levels_only_unverified", "source": "OpenStreetMap", "license": "ODbL-1.0"}, "geometry": {"type": "MultiPolygon", "coordinates": [[[[113.9181789, 22.5219394], [113.9183805, 22.5219028], [113.9183984, 22.5218662], [113.9184236, 22.5218767], [113.9184797, 22.5219002], [113.9184495, 22.5219617], [113.9183923, 22.5219721], [113.9183976, 22.5219971], [113.9184548, 22.5219867], [113.9184696, 22.5220559], [113.9182136, 22.5221024], [113.9181989, 22.5220332], [113.9182561, 22.5220228], [113.9182508, 22.5219978], [113.9181935, 22.5220082], [113.9181789, 22.5219394]]]]}}, {"type": "Feature", "id": "way/1433239278", "properties": {"tags": {"addr:housename": "南海城中心", "addr:housename:en": "Nanhai City Center", "addr:housename:zh": "南海城中心", "building": "apartments", "building:levels": "11", "name": "2栋", "name:en": "Block 2", "name:zh": "2栋"}, "heightStatus": "levels_only_unverified", "source": "OpenStreetMap", "license": "ODbL-1.0"}, "geometry": {"type": "MultiPolygon", "coordinates": [[[[113.9183293, 22.5218373], [113.918437, 22.5216178], [113.9185061, 22.5216467], [113.918482, 22.5216958], [113.9185071, 22.5217063], [113.9185312, 22.5216572], [113.9186008, 22.5216863], [113.9184931, 22.5219058], [113.9184797, 22.5219002], [113.9184236, 22.5218767], [113.9184476, 22.5218276], [113.9184225, 22.5218171], [113.9183984, 22.5218662], [113.9183293, 22.5218373]]]]}}, {"type": "Feature", "id": "way/1433239279", "properties": {"tags": {"addr:housename": "南海城中心", "addr:housename:en": "Nanhai City Center", "addr:housename:zh": "南海城中心", "building": "apartments", "building:levels": "11", "name": "4栋", "name:en": "Block 4", "name:zh": "4栋"}, "heightStatus": "levels_only_unverified", "source": "OpenStreetMap", "license": "ODbL-1.0"}, "geometry": {"type": "MultiPolygon", "coordinates": [[[[113.9184304, 22.5211392], [113.9184874, 22.521093], [113.9185259, 22.5211334], [113.9185466, 22.5211166], [113.9185081, 22.5210761], [113.9185655, 22.5210296], [113.9187376, 22.5212106], [113.9186803, 22.5212572], [113.9186418, 22.5212167], [113.918621, 22.5212335], [113.9186595, 22.521274], [113.9186267, 22.5213006], [113.9185888, 22.5213058], [113.9184304, 22.5211392]]]]}}, {"type": "Feature", "id": "way/1433239280", "properties": {"tags": {"addr:housename": "南海城中心", "addr:housename:en": "Nanhai City Center", "addr:housename:zh": "南海城中心", "building": "apartments", "building:levels": "11", "name": "3栋", "name:en": "Block 3", "name:zh": "3栋"}, "heightStatus": "levels_only_unverified", "source": "OpenStreetMap", "license": "ODbL-1.0"}, "geometry": {"type": "MultiPolygon", "coordinates": [[[[113.9184897, 22.5215078], [113.9185888, 22.5213058], [113.9186267, 22.5213006], [113.9186665, 22.5213172], [113.9186424, 22.5213663], [113.9186676, 22.5213769], [113.9186916, 22.5213278], [113.9187612, 22.5213569], [113.9186535, 22.5215764], [113.918584, 22.5215473], [113.9186081, 22.5214982], [113.9185829, 22.5214877], [113.9185588, 22.5215368], [113.9184897, 22.5215078]]]]}}, {"type": "Feature", "id": "way/1433239286", "properties": {"tags": {"addr:housename": "康乐园", "addr:housename:en": "Kangle Garden", "addr:housename:zh": "康乐园", "building": "apartments", "building:levels": "7", "name": "12栋", "name:en": "Block 12", "name:zh": "12栋"}, "heightStatus": "levels_only_unverified", "source": "OpenStreetMap", "license": "ODbL-1.0"}, "geometry": {"type": "MultiPolygon", "coordinates": [[[[113.9212552, 22.5194384], [113.9212886, 22.5193827], [113.9213382, 22.5194081], [113.9213686, 22.5193911], [113.9213585, 22.5193757], [113.9213969, 22.5193544], [113.9214069, 22.5193698], [113.9214264, 22.519359], [113.9214629, 22.519415], [113.9214285, 22.5194342], [113.9213768, 22.5195205], [113.9213775, 22.5195576], [113.9213067, 22.5195588], [113.9213063, 22.5195379], [113.9212868, 22.5195382], [113.921286, 22.5194969], [113.9213055, 22.5194965], [113.9213048, 22.5194637], [113.9212552, 22.5194384]]]]}}, {"type": "Feature", "id": "way/1433239287", "properties": {"tags": {"addr:housename": "康乐园", "addr:housename:en": "Kangle Garden", "addr:housename:zh": "康乐园", "building": "apartments", "building:levels": "7", "name": "11栋", "name:en": "Block 11", "name:zh": "11栋"}, "heightStatus": "levels_only_unverified", "source": "OpenStreetMap", "license": "ODbL-1.0"}, "geometry": {"type": "MultiPolygon", "coordinates": [[[[113.9214264, 22.519359], [113.9214458, 22.5193482], [113.9214358, 22.5193327], [113.9214741, 22.5193114], [113.9214842, 22.5193268], [113.9215146, 22.5193099], [113.9215136, 22.5192575], [113.9215824, 22.5192564], [113.9215835, 22.5193087], [113.9216145, 22.5193246], [113.921624, 22.5193088], [113.9216631, 22.5193288], [113.9216537, 22.5193446], [113.9216736, 22.5193548], [113.9216393, 22.519412], [113.9216041, 22.519394], [113.9214973, 22.5193959], [113.9214629, 22.519415], [113.9214264, 22.519359]]]]}}, {"type": "Feature", "id": "way/1433239288", "properties": {"tags": {"addr:housename": "康乐园", "addr:housename:en": "Kangle Garden", "addr:housename:zh": "康乐园", "building": "apartments", "building:levels": "7", "name": "10栋", "name:en": "Block 10", "name:zh": "10栋"}, "heightStatus": "levels_only_unverified", "source": "OpenStreetMap", "license": "ODbL-1.0"}, "geometry": {"type": "MultiPolygon", "coordinates": [[[[113.9215368, 22.5196445], [113.9215561, 22.5196335], [113.921546, 22.5196181], [113.9215841, 22.5195966], [113.9215943, 22.5196119], [113.9216246, 22.5195948], [113.9216232, 22.5195425], [113.921692, 22.5195409], [113.9216934, 22.5195932], [113.9217246, 22.5196089], [113.921734, 22.519593], [113.9217733, 22.5196128], [113.921764, 22.5196286], [113.9217839, 22.5196387], [113.9217501, 22.5196961], [113.9217148, 22.5196784], [113.921608, 22.5196809], [113.9215737, 22.5197003], [113.9215368, 22.5196445]]]]}}, {"type": "Feature", "id": "way/1433239289", "properties": {"tags": {"addr:housename": "康乐园", "addr:housename:en": "Kangle Garden", "addr:housename:zh": "康乐园", "building": "apartments", "building:levels": "7", "name": "9栋", "name:en": "Block 9", "name:zh": "9栋"}, "heightStatus": "levels_only_unverified", "source": "OpenStreetMap", "license": "ODbL-1.0"}, "geometry": {"type": "MultiPolygon", "coordinates": [[[[113.9216524, 22.5199361], [113.9216718, 22.5199251], [113.9216616, 22.5199097], [113.9216998, 22.5198882], [113.9217099, 22.5199035], [113.9217402, 22.5198864], [113.9217388, 22.5198341], [113.9218076, 22.5198324], [113.9218091, 22.5198848], [113.9218403, 22.5199005], [113.9218496, 22.5198846], [113.9218889, 22.5199044], [113.9218796, 22.5199202], [113.9218995, 22.5199303], [113.9218657, 22.5199877], [113.9218304, 22.51997], [113.9217236, 22.5199725], [113.9216893, 22.5199919], [113.9216524, 22.5199361]]]]}}, {"type": "Feature", "id": "way/1433239290", "properties": {"tags": {"addr:housename": "康乐园", "addr:housename:en": "Kangle Garden", "addr:housename:zh": "康乐园", "building": "apartments", "building:levels": "7", "name": "8栋", "name:en": "Block 8", "name:zh": "8栋"}, "heightStatus": "levels_only_unverified", "source": "OpenStreetMap", "license": "ODbL-1.0"}, "geometry": {"type": "MultiPolygon", "coordinates": [[[[113.9217771, 22.5202173], [113.9217965, 22.5202063], [113.9217863, 22.520191], [113.9218245, 22.5201694], [113.9218347, 22.5201848], [113.921865, 22.5201676], [113.9218635, 22.5201153], [113.9219324, 22.5201137], [113.9219338, 22.520166], [113.921965, 22.5201817], [113.9219743, 22.5201659], [113.9220136, 22.5201856], [113.9220043, 22.5202014], [113.9220243, 22.5202115], [113.9219904, 22.5202689], [113.9219551, 22.5202512], [113.9218483, 22.5202537], [113.9218141, 22.5202731], [113.9217771, 22.5202173]]]]}}, {"type": "Feature", "id": "way/1433239291", "properties": {"tags": {"addr:housename": "康乐园", "addr:housename:en": "Kangle Garden", "addr:housename:zh": "康乐园", "building": "apartments", "building:levels": "7", "name": "6栋", "name:en": "Block 6", "name:zh": "6栋"}, "heightStatus": "levels_only_unverified", "source": "OpenStreetMap", "license": "ODbL-1.0"}, "geometry": {"type": "MultiPolygon", "coordinates": [[[[113.9218871, 22.5204985], [113.9219065, 22.5204875], [113.9218963, 22.5204722], [113.9219345, 22.5204506], [113.9219446, 22.520466], [113.9219749, 22.5204489], [113.9219735, 22.5203965], [113.9220423, 22.5203949], [113.9220438, 22.5204472], [113.922075, 22.5204629], [113.9220843, 22.5204471], [113.9221236, 22.5204668], [113.9221143, 22.5204827], [113.9221342, 22.5204927], [113.9221004, 22.5205501], [113.9220651, 22.5205324], [113.9219583, 22.5205349], [113.921924, 22.5205543], [113.9218871, 22.5204985]]]]}}, {"type": "Feature", "id": "way/1433239292", "properties": {"tags": {"addr:housename": "康乐园", "addr:housename:en": "Kangle Garden", "addr:housename:zh": "康乐园", "building": "apartments", "building:levels": "7", "name": "5栋", "name:en": "Block 5", "name:zh": "5栋"}, "heightStatus": "levels_only_unverified", "source": "OpenStreetMap", "license": "ODbL-1.0"}, "geometry": {"type": "MultiPolygon", "coordinates": [[[[113.9215867, 22.5205567], [113.9216061, 22.5205458], [113.9215959, 22.5205304], [113.921634, 22.5205088], [113.9216442, 22.5205242], [113.9216745, 22.5205071], [113.9216731, 22.5204547], [113.9217419, 22.5204531], [113.9217434, 22.5205055], [113.9217746, 22.5205211], [113.9217839, 22.5205053], [113.9218232, 22.5205251], [113.9218139, 22.5205409], [113.9218338, 22.5205509], [113.9218, 22.5206084], [113.9217647, 22.5205906], [113.9216579, 22.5205931], [113.9216236, 22.5206125], [113.9215867, 22.5205567]]]]}}, {"type": "Feature", "id": "way/1433239293", "properties": {"tags": {"addr:housename": "康乐园", "addr:housename:en": "Kangle Garden", "addr:housename:zh": "康乐园", "building": "apartments", "building:levels": "7", "name": "7栋", "name:en": "Block 7", "name:zh": "7栋"}, "heightStatus": "levels_only_unverified", "source": "OpenStreetMap", "license": "ODbL-1.0"}, "geometry": {"type": "MultiPolygon", "coordinates": [[[[113.9213648, 22.5203222], [113.9213842, 22.5203112], [113.921374, 22.5202958], [113.9214122, 22.5202743], [113.9214224, 22.5202896], [113.9214527, 22.5202725], [113.9214513, 22.5202202], [113.9215201, 22.5202185], [113.9215215, 22.5202709], [113.9215527, 22.5202866], [113.9215621, 22.5202707], [113.9216014, 22.5202905], [113.921592, 22.5203063], [113.921612, 22.5203164], [113.9215782, 22.5203738], [113.9215429, 22.5203561], [113.9214361, 22.5203586], [113.9214018, 22.520378], [113.9213648, 22.5203222]]]]}}, {"type": "Feature", "id": "way/1433239294", "properties": {"tags": {"addr:housename": "康乐园", "addr:housename:en": "Kangle Garden", "addr:housename:zh": "康乐园", "building": "apartments", "building:levels": "7", "name": "1栋", "name:en": "Block 1", "name:zh": "1栋"}, "heightStatus": "levels_only_unverified", "source": "OpenStreetMap", "license": "ODbL-1.0"}, "geometry": {"type": "MultiPolygon", "coordinates": [[[[113.920563, 22.519946], [113.9205741, 22.5199076], [113.9206287, 22.519921], [113.9206379, 22.519889], [113.9206105, 22.5198823], [113.9206336, 22.519802], [113.920807, 22.5198447], [113.9207839, 22.5199249], [113.9207565, 22.5199182], [113.9207473, 22.5199502], [113.9208018, 22.5199636], [113.9207908, 22.520002], [113.9207782, 22.5199989], [113.9207683, 22.5200332], [113.9206788, 22.5200112], [113.9206887, 22.5199769], [113.9206651, 22.5199711], [113.9206552, 22.5200054], [113.9205657, 22.5199834], [113.9205756, 22.5199491], [113.920563, 22.519946]]]]}}, {"type": "Feature", "id": "way/1433239295", "properties": {"tags": {"addr:housename": "康乐园", "addr:housename:en": "Kangle Garden", "addr:housename:zh": "康乐园", "building": "apartments", "building:levels": "7", "name": "2栋", "name:en": "Block 2", "name:zh": "2栋"}, "heightStatus": "levels_only_unverified", "source": "OpenStreetMap", "license": "ODbL-1.0"}, "geometry": {"type": "MultiPolygon", "coordinates": [[[[113.9207738, 22.5201779], [113.9207849, 22.5201395], [113.9208394, 22.5201529], [113.9208487, 22.520121], [113.9208213, 22.5201142], [113.9208444, 22.520034], [113.9210178, 22.5200766], [113.9209947, 22.5201569], [113.9209673, 22.5201501], [113.9209581, 22.5201821], [113.9210126, 22.5201955], [113.9210016, 22.5202339], [113.920989, 22.5202308], [113.9209791, 22.5202651], [113.9208896, 22.5202431], [113.9208995, 22.5202088], [113.9208759, 22.520203], [113.920866, 22.5202373], [113.9207765, 22.5202153], [113.9207864, 22.520181], [113.9207738, 22.5201779]]]]}}, {"type": "Feature", "id": "way/1433239296", "properties": {"tags": {"addr:housename": "康乐园", "addr:housename:en": "Kangle Garden", "addr:housename:zh": "康乐园", "building": "apartments", "building:levels": "7", "name": "3栋", "name:en": "Block 3", "name:zh": "3栋"}, "heightStatus": "levels_only_unverified", "source": "OpenStreetMap", "license": "ODbL-1.0"}, "geometry": {"type": "MultiPolygon", "coordinates": [[[[113.9209949, 22.5204154], [113.9210059, 22.520377], [113.9210605, 22.5203905], [113.9210697, 22.5203585], [113.9210423, 22.5203517], [113.9210654, 22.5202715], [113.9212388, 22.5203141], [113.9212157, 22.5203944], [113.9211883, 22.5203876], [113.9211791, 22.5204196], [113.9212337, 22.520433], [113.9212226, 22.5204714], [113.92121, 22.5204683], [113.9212001, 22.5205027], [113.9211106, 22.5204807], [113.9211205, 22.5204463], [113.921097, 22.5204405], [113.9210871, 22.5204749], [113.9209976, 22.5204529], [113.9210075, 22.5204185], [113.9209949, 22.5204154]]]]}}, {"type": "Feature", "id": "way/1433239297", "properties": {"tags": {"addr:housename": "康乐园", "addr:housename:en": "Kangle Garden", "addr:housename:zh": "康乐园", "building": "apartments", "building:levels": "7", "name": "4栋", "name:en": "Block 4", "name:zh": "4栋"}, "heightStatus": "levels_only_unverified", "source": "OpenStreetMap", "license": "ODbL-1.0"}, "geometry": {"type": "MultiPolygon", "coordinates": [[[[113.9212195, 22.520646], [113.9212306, 22.5206076], [113.9212851, 22.5206211], [113.9212943, 22.5205891], [113.921267, 22.5205823], [113.9212901, 22.5205021], [113.9214635, 22.5205447], [113.9214403, 22.520625], [113.921413, 22.5206182], [113.9214037, 22.5206502], [113.9214583, 22.5206636], [113.9214472, 22.520702], [113.9214346, 22.5206989], [113.9214247, 22.5207332], [113.9213352, 22.5207112], [113.9213451, 22.5206769], [113.9213216, 22.5206711], [113.9213117, 22.5207055], [113.9212222, 22.5206834], [113.9212321, 22.5206491], [113.9212195, 22.520646]]]]}}, {"type": "Feature", "id": "way/1433239298", "properties": {"tags": {"addr:housename": "现代城华庭", "addr:housename:en": "Xiandaicheng Huating", "addr:housename:zh": "现代城华庭", "building": "apartments", "building:levels": "33", "name": "6栋", "name:en": "Block 6", "name:zh": "6栋"}, "heightStatus": "levels_only_unverified", "source": "OpenStreetMap", "license": "ODbL-1.0"}, "geometry": {"type": "MultiPolygon", "coordinates": [[[[113.9202714, 22.5202044], [113.9203994, 22.5201043], [113.9206755, 22.5204058], [113.9205884, 22.5204739], [113.920443, 22.5203152], [113.9204021, 22.5203471], [113.9202714, 22.5202044]]]]}}, {"type": "Feature", "id": "way/1433492655", "properties": {"tags": {"addr:housename": "东方海雅居", "addr:housename:en": "Dongfang Haiya Ju", "addr:housename:zh": "东方海雅居", "building": "commercial", "building:levels": "25", "name": "2栋", "name:en": "Block 2", "name:zh": "2栋"}, "heightStatus": "levels_only_unverified", "source": "OpenStreetMap", "license": "ODbL-1.0"}, "geometry": {"type": "MultiPolygon", "coordinates": [[[[113.9191156, 22.518939], [113.919272, 22.5188347], [113.9194939, 22.5191185], [113.9193983, 22.5191823], [113.9192896, 22.5190433], [113.9191861, 22.5191124], [113.9191383, 22.5190512], [113.9192418, 22.5189822], [113.9192127, 22.518945], [113.919152, 22.5189855], [113.9191156, 22.518939]]]]}}, {"type": "Feature", "id": "way/1442269811", "properties": {"tags": {"building": "school"}, "heightStatus": "unknown", "source": "OpenStreetMap", "license": "ODbL-1.0"}, "geometry": {"type": "MultiPolygon", "coordinates": [[[[113.9216281, 22.5210767], [113.9216552, 22.5210549], [113.9219577, 22.5209421], [113.9219913, 22.521019], [113.9219508, 22.5210341], [113.9219617, 22.5210659], [113.9219658, 22.5210991], [113.9219627, 22.5211324], [113.9219527, 22.5211645], [113.921936, 22.5211941], [113.9219134, 22.5212202], [113.9218857, 22.5212416], [113.9218578, 22.521212], [113.9217997, 22.5212588], [113.9216281, 22.5210767]]]]}}, {"type": "Feature", "id": "relation/19716353", "properties": {"tags": {"building": "school"}, "heightStatus": "unknown", "source": "OpenStreetMap", "license": "ODbL-1.0"}, "geometry": {"type": "MultiPolygon", "coordinates": [[[[113.9224746, 22.5219523], [113.9224756, 22.5218625], [113.9226375, 22.5218641], [113.9226378, 22.5218366], [113.9226622, 22.521835], [113.922686, 22.5218405], [113.9227067, 22.5218525], [113.9227225, 22.5218698], [113.9227316, 22.5218908], [113.9227333, 22.5219134], [113.9227273, 22.5219353], [113.9227143, 22.5219545], [113.9226955, 22.521969], [113.9226728, 22.5219774], [113.9226918, 22.5220246], [113.923048, 22.5219024], [113.9230811, 22.5219847], [113.9230577, 22.5219927], [113.9231259, 22.5221622], [113.9231824, 22.5221428], [113.9232277, 22.5222554], [113.9226816, 22.5224429], [113.9226494, 22.5223629], [113.9227726, 22.5223206], [113.9227129, 22.522172], [113.9225672, 22.5222221], [113.9225238, 22.5221143], [113.9226523, 22.5220702], [113.922641, 22.5220421], [113.9226657, 22.5220336], [113.9226356, 22.5219589], [113.9224964, 22.5220066], [113.9224746, 22.5219523]], [[113.9227242, 22.5221079], [113.9228053, 22.5223094], [113.9230585, 22.5222225], [113.9230382, 22.5221721], [113.9230848, 22.5221562], [113.923024, 22.522005], [113.9227242, 22.5221079]]]]}}, {"type": "Feature", "id": "way/1442269815", "properties": {"tags": {"addr:housename": "龙城新苑", "addr:housename:en": "Longcheng Xinyuan", "addr:housename:zh": "龙城新苑", "building": "apartments", "name": "10栋", "name:en": "Block 10", "name:zh": "10栋"}, "heightStatus": "unknown", "source": "OpenStreetMap", "license": "ODbL-1.0"}, "geometry": {"type": "MultiPolygon", "coordinates": [[[[113.9214177, 22.5227081], [113.9214294, 22.5227058], [113.9214179, 22.5226556], [113.9215526, 22.5226293], [113.9215641, 22.5226795], [113.9215795, 22.5226765], [113.9215884, 22.5227156], [113.9214266, 22.5227471], [113.9214177, 22.5227081]]]]}}, {"type": "Feature", "id": "way/1442269816", "properties": {"tags": {"addr:housename": "龙城新苑", "addr:housename:en": "Longcheng Xinyuan", "addr:housename:zh": "龙城新苑", "building": "apartments", "name": "13栋", "name:en": "Block 13", "name:zh": "13栋"}, "heightStatus": "unknown", "source": "OpenStreetMap", "license": "ODbL-1.0"}, "geometry": {"type": "MultiPolygon", "coordinates": [[[[113.9214759, 22.5229034], [113.9214875, 22.5229011], [113.9214761, 22.5228509], [113.9216108, 22.5228246], [113.9216223, 22.5228748], [113.9216377, 22.5228718], [113.9216466, 22.5229109], [113.9214848, 22.5229424], [113.9214759, 22.5229034]]]]}}, {"type": "Feature", "id": "way/1442269817", "properties": {"tags": {"building": "apartments"}, "heightStatus": "unknown", "source": "OpenStreetMap", "license": "ODbL-1.0"}, "geometry": {"type": "MultiPolygon", "coordinates": [[[[113.9216702, 22.5227415], [113.9218396, 22.5227085], [113.9218178, 22.5226131], [113.9219249, 22.5225922], [113.9219675, 22.5227787], [113.9216911, 22.5228326], [113.9216702, 22.5227415]]]]}}, {"type": "Feature", "id": "way/1442269818", "properties": {"tags": {"addr:housename": "龙城新苑", "addr:housename:en": "Longcheng Xinyuan", "addr:housename:zh": "龙城新苑", "building": "apartments", "name": "11栋", "name:en": "Block 11", "name:zh": "11栋"}, "heightStatus": "unknown", "source": "OpenStreetMap", "license": "ODbL-1.0"}, "geometry": {"type": "MultiPolygon", "coordinates": [[[[113.9213703, 22.5224589], [113.9215009, 22.5224335], [113.9214924, 22.5223962], [113.9215847, 22.5223782], [113.9216024, 22.5224554], [113.9214768, 22.5224799], [113.921486, 22.52252], [113.9213886, 22.522539], [113.9213703, 22.5224589]]]]}}, {"type": "Feature", "id": "way/1442269819", "properties": {"tags": {"addr:housename": "龙城新苑", "addr:housename:en": "Longcheng Xinyuan", "addr:housename:zh": "龙城新苑", "building": "apartments", "name": "9栋", "name:en": "Block 9", "name:zh": "9栋"}, "heightStatus": "unknown", "source": "OpenStreetMap", "license": "ODbL-1.0"}, "geometry": {"type": "MultiPolygon", "coordinates": [[[[113.9216016, 22.5224928], [113.9218444, 22.5224455], [113.9218353, 22.5224055], [113.9219424, 22.5223846], [113.9219724, 22.5225157], [113.9216225, 22.522584], [113.9216016, 22.5224928]]]]}}, {"type": "Feature", "id": "way/1442269820", "properties": {"tags": {"addr:housename": "龙城新苑", "addr:housename:en": "Longcheng Xinyuan", "addr:housename:zh": "龙城新苑", "building": "apartments", "name": "8栋", "name:en": "Block 8", "name:zh": "8栋"}, "heightStatus": "unknown", "source": "OpenStreetMap", "license": "ODbL-1.0"}, "geometry": {"type": "MultiPolygon", "coordinates": [[[[113.9217224, 22.522259], [113.9218072, 22.5222425], [113.9217934, 22.5221822], [113.9218774, 22.5221658], [113.921882, 22.5221861], [113.9219051, 22.5221816], [113.9219351, 22.5223127], [113.9217432, 22.5223501], [113.9217224, 22.522259]]]]}}, {"type": "Feature", "id": "way/1442269821", "properties": {"tags": {"addr:housename": "龙城新苑", "addr:housename:en": "Longcheng Xinyuan", "addr:housename:zh": "龙城新苑", "building": "apartments", "name": "7栋", "name:en": "Block 7", "name:zh": "7栋"}, "heightStatus": "unknown", "source": "OpenStreetMap", "license": "ODbL-1.0"}, "geometry": {"type": "MultiPolygon", "coordinates": [[[[113.9216814, 22.5220568], [113.9217662, 22.5220403], [113.9217524, 22.5219799], [113.9218363, 22.5219636], [113.921841, 22.5219839], [113.9218641, 22.5219793], [113.9218941, 22.5221105], [113.9217022, 22.5221479], [113.9216814, 22.5220568]]]]}}, {"type": "Feature", "id": "way/1442269822", "properties": {"tags": {"addr:housename": "龙城新苑", "addr:housename:en": "Longcheng Xinyuan", "addr:housename:zh": "龙城新苑", "building": "apartments", "name": "5栋", "name:en": "Block 5", "name:zh": "5栋"}, "heightStatus": "unknown", "source": "OpenStreetMap", "license": "ODbL-1.0"}, "geometry": {"type": "MultiPolygon", "coordinates": [[[[113.9214666, 22.52186], [113.9215139, 22.5218508], [113.921511, 22.5218382], [113.9215647, 22.5218277], [113.9215727, 22.5218626], [113.9216396, 22.5218496], [113.9216426, 22.5218627], [113.921685, 22.5218544], [113.9216649, 22.5217664], [113.9217243, 22.5217548], [113.9217293, 22.5217765], [113.9217817, 22.5217663], [113.9218147, 22.5219106], [113.9215935, 22.5219538], [113.9215848, 22.5219155], [113.9214837, 22.5219352], [113.9214666, 22.52186]]]]}}, {"type": "Feature", "id": "way/1442269823", "properties": {"tags": {"addr:housename": "龙城新苑", "addr:housename:en": "Longcheng Xinyuan", "addr:housename:zh": "龙城新苑", "building": "apartments", "name": "2栋", "name:en": "Block 2", "name:zh": "2栋"}, "heightStatus": "unknown", "source": "OpenStreetMap", "license": "ODbL-1.0"}, "geometry": {"type": "MultiPolygon", "coordinates": [[[[113.921365, 22.5216707], [113.9214123, 22.5216614], [113.9214094, 22.5216488], [113.9214631, 22.5216383], [113.9214711, 22.5216732], [113.921538, 22.5216602], [113.921541, 22.5216733], [113.9215833, 22.521665], [113.9215632, 22.521577], [113.9216227, 22.5215654], [113.9216277, 22.5215871], [113.9216801, 22.5215769], [113.9217131, 22.5217213], [113.9214919, 22.5217644], [113.9214831, 22.5217261], [113.9213821, 22.5217458], [113.921365, 22.5216707]]]]}}, {"type": "Feature", "id": "way/1442269824", "properties": {"tags": {"addr:housename": "龙城新苑", "addr:housename:en": "Longcheng Xinyuan", "addr:housename:zh": "龙城新苑", "building": "apartments", "name": "1栋", "name:en": "Block 1", "name:zh": "1栋"}, "heightStatus": "unknown", "source": "OpenStreetMap", "license": "ODbL-1.0"}, "geometry": {"type": "MultiPolygon", "coordinates": [[[[113.9213274, 22.5215315], [113.9213581, 22.5215068], [113.9213437, 22.5214916], [113.9213797, 22.5214626], [113.9213759, 22.5214446], [113.9213374, 22.5214516], [113.9213301, 22.521417], [113.9213498, 22.5214134], [113.9213418, 22.521376], [113.9214706, 22.5213526], [113.9214786, 22.5213901], [113.9214983, 22.5213865], [113.9215057, 22.5214211], [113.9214672, 22.5214281], [113.921471, 22.521446], [113.9215162, 22.5214603], [113.9215091, 22.5214794], [113.9215476, 22.5214915], [113.9215256, 22.5215513], [113.9214692, 22.5215335], [113.9214172, 22.521543], [113.9213723, 22.5215791], [113.9213274, 22.5215315]]]]}}, {"type": "Feature", "id": "way/1442269825", "properties": {"tags": {"building": "apartments"}, "heightStatus": "unknown", "source": "OpenStreetMap", "license": "ODbL-1.0"}, "geometry": {"type": "MultiPolygon", "coordinates": [[[[113.9207779, 22.5214812], [113.9208504, 22.5214044], [113.9209383, 22.5214753], [113.9210293, 22.521379], [113.9209412, 22.5213081], [113.9211687, 22.5210673], [113.9212567, 22.5211382], [113.9212706, 22.5211235], [113.9213553, 22.5211918], [113.9210332, 22.5215328], [113.9208558, 22.5215439], [113.9207779, 22.5214812]]]]}}, {"type": "Feature", "id": "way/1442269826", "properties": {"tags": {"addr:housename": "南光城市花园", "addr:housename:en": "Nanguang City Garden", "addr:housename:zh": "南光城市花园", "building": "apartments", "building:levels": "32", "name": "1A栋", "name:en": "Block 1A", "name:zh": "1A栋"}, "heightStatus": "levels_only_unverified", "source": "OpenStreetMap", "license": "ODbL-1.0"}, "geometry": {"type": "MultiPolygon", "coordinates": [[[[113.9196419, 22.522409], [113.9197443, 22.5222496], [113.9198662, 22.5223165], [113.9198992, 22.5222652], [113.9199958, 22.5223182], [113.9198186, 22.5225938], [113.919722, 22.5225408], [113.9197638, 22.5224758], [113.9196419, 22.522409]]]]}}, {"type": "Feature", "id": "way/1442269827", "properties": {"tags": {"addr:housename": "南光城市花园", "addr:housename:en": "Nanguang City Garden", "addr:housename:zh": "南光城市花园", "building": "apartments", "building:levels": "32", "name": "1B栋", "name:en": "Block 1B", "name:zh": "1B栋"}, "heightStatus": "levels_only_unverified", "source": "OpenStreetMap", "license": "ODbL-1.0"}, "geometry": {"type": "MultiPolygon", "coordinates": [[[[113.9190736, 22.5225507], [113.9191185, 22.5224568], [113.91916, 22.5224737], [113.9191824, 22.5224269], [113.9191156, 22.5223996], [113.9191469, 22.5223342], [113.9192307, 22.5223684], [113.9192709, 22.5222844], [113.9194107, 22.5223415], [113.9193621, 22.522443], [113.9194264, 22.5224693], [113.9193835, 22.522559], [113.9193192, 22.5225328], [113.9192719, 22.5226316], [113.9190736, 22.5225507]]]]}}, {"type": "Feature", "id": "way/1442269828", "properties": {"tags": {"addr:housename": "南光城市花园", "addr:housename:en": "Nanguang City Garden", "addr:housename:zh": "南光城市花园", "building": "apartments", "building:levels": "32", "name": "1D栋", "name:en": "Block 1D", "name:zh": "1D栋"}, "heightStatus": "levels_only_unverified", "source": "OpenStreetMap", "license": "ODbL-1.0"}, "geometry": {"type": "MultiPolygon", "coordinates": [[[[113.9187373, 22.5219881], [113.9188184, 22.5218186], [113.918948, 22.5218716], [113.9189741, 22.5218171], [113.9190769, 22.521859], [113.9189303, 22.5221652], [113.9188276, 22.5221232], [113.9188669, 22.5220411], [113.9187373, 22.5219881]]]]}}, {"type": "Feature", "id": "way/1442269829", "properties": {"tags": {"addr:housename": "南光城市花园", "addr:housename:en": "Nanguang City Garden", "addr:housename:zh": "南光城市花园", "building": "apartments", "building:levels": "32", "name": "1C栋", "name:en": "Block 1C", "name:zh": "1C栋"}, "heightStatus": "levels_only_unverified", "source": "OpenStreetMap", "license": "ODbL-1.0"}, "geometry": {"type": "MultiPolygon", "coordinates": [[[[113.9185779, 22.5224318], [113.9187422, 22.5220884], [113.9188276, 22.5221232], [113.9189303, 22.5221652], [113.918766, 22.5225087], [113.9185779, 22.5224318]]]]}}, {"type": "Feature", "id": "way/1442269830", "properties": {"tags": {"addr:housename": "南光城市花园", "addr:housename:en": "Nanguang City Garden", "addr:housename:zh": "南光城市花园", "building": "apartments", "building:levels": "32", "name": "2栋", "name:en": "Block 2", "name:zh": "2栋"}, "heightStatus": "levels_only_unverified", "source": "OpenStreetMap", "license": "ODbL-1.0"}, "geometry": {"type": "MultiPolygon", "coordinates": [[[[113.9189114, 22.5215754], [113.9191713, 22.5210324], [113.919344, 22.521103], [113.9190841, 22.521646], [113.9189114, 22.5215754]]]]}}, {"type": "Feature", "id": "way/1442269831", "properties": {"tags": {"building": "apartments"}, "heightStatus": "unknown", "source": "OpenStreetMap", "license": "ODbL-1.0"}, "geometry": {"type": "MultiPolygon", "coordinates": [[[[113.9209066, 22.5218791], [113.9211953, 22.5218201], [113.921215, 22.5219024], [113.9211566, 22.5219144], [113.9211772, 22.5220005], [113.9212128, 22.5219933], [113.9212169, 22.5220103], [113.9212521, 22.5220031], [113.9212399, 22.521952], [113.9213468, 22.5219301], [113.9213683, 22.5220198], [113.9213521, 22.5220231], [113.9213757, 22.5221218], [113.9214097, 22.5221148], [113.9214157, 22.5221398], [113.921461, 22.5221305], [113.9214494, 22.5220822], [113.9215768, 22.5220561], [113.921623, 22.5222491], [113.9213898, 22.5222967], [113.9213676, 22.522204], [113.9213502, 22.5222076], [113.9213388, 22.5221601], [113.921295, 22.522169], [113.9212814, 22.5221126], [113.9212432, 22.5221204], [113.9212556, 22.522172], [113.9211825, 22.522187], [113.9211458, 22.5220341], [113.9209891, 22.5220661], [113.9209623, 22.5219541], [113.9209263, 22.5219615], [113.9209066, 22.5218791]]]]}}, {"type": "Feature", "id": "way/1442270340", "properties": {"tags": {"addr:housename": "缤纷假日豪园", "addr:housename:en": "Binfen Holiday Garden", "addr:housename:zh": "缤纷假日豪园", "building": "apartments", "name": "F栋", "name:en": "Block F", "name:zh": "F栋"}, "heightStatus": "unknown", "source": "OpenStreetMap", "license": "ODbL-1.0"}, "geometry": {"type": "MultiPolygon", "coordinates": [[[[113.9229449, 22.5236101], [113.9230145, 22.5235974], [113.9230102, 22.5235775], [113.9231359, 22.5235545], [113.9231884, 22.5237991], [113.9231648, 22.5238035], [113.9232104, 22.5240157], [113.9231083, 22.5240344], [113.923065, 22.5238328], [113.9230204, 22.5238409], [113.9230111, 22.5237977], [113.9229861, 22.5238022], [113.9229449, 22.5236101]]]]}}, {"type": "Feature", "id": "way/1442270342", "properties": {"tags": {"addr:housename": "缤纷假日豪园", "addr:housename:en": "Binfen Holiday Garden", "addr:housename:zh": "缤纷假日豪园", "building": "apartments", "name": "C栋", "name:en": "Block C", "name:zh": "C栋"}, "heightStatus": "unknown", "source": "OpenStreetMap", "license": "ODbL-1.0"}, "geometry": {"type": "MultiPolygon", "coordinates": [[[[113.9224009, 22.5230821], [113.9224335, 22.5230762], [113.9224214, 22.523019], [113.922456, 22.5230127], [113.9224595, 22.5230292], [113.9224992, 22.523022], [113.9225033, 22.5230414], [113.9225169, 22.5231056], [113.9225393, 22.5231015], [113.9225848, 22.5233161], [113.9225624, 22.5233201], [113.9225801, 22.5234037], [113.9225403, 22.5234109], [113.9225438, 22.5234273], [113.9225092, 22.5234336], [113.9224971, 22.5233763], [113.9224645, 22.5233822], [113.9224009, 22.5230821]]]]}}, {"type": "Feature", "id": "way/1442270343", "properties": {"tags": {"addr:housename": "缤纷假日豪园", "addr:housename:en": "Binfen Holiday Garden", "addr:housename:zh": "缤纷假日豪园", "building": "apartments", "name": "D栋", "name:en": "Block D", "name:zh": "D栋"}, "heightStatus": "unknown", "source": "OpenStreetMap", "license": "ODbL-1.0"}, "geometry": {"type": "MultiPolygon", "coordinates": [[[[113.9225239, 22.5229151], [113.9227473, 22.5228745], [113.9227413, 22.5228466], [113.9228978, 22.5228182], [113.9229038, 22.5228464], [113.9229477, 22.5228384], [113.9229806, 22.5229926], [113.9229472, 22.5229986], [113.9229532, 22.5230267], [113.9227764, 22.5230589], [113.9227704, 22.5230308], [113.9225933, 22.523063], [113.9225837, 22.5230177], [113.9225472, 22.5230243], [113.9225239, 22.5229151]]]]}}, {"type": "Feature", "id": "way/1442270344", "properties": {"tags": {"addr:housename": "缤纷假日豪园", "addr:housename:en": "Binfen Holiday Garden", "addr:housename:zh": "缤纷假日豪园", "building": "apartments", "name": "A栋", "name:en": "Block A", "name:zh": "A栋"}, "heightStatus": "unknown", "source": "OpenStreetMap", "license": "ODbL-1.0"}, "geometry": {"type": "MultiPolygon", "coordinates": [[[[113.9226578, 22.5242898], [113.9227234, 22.5242779], [113.9227104, 22.5242167], [113.9227502, 22.5242096], [113.922746, 22.5241901], [113.9230313, 22.5241386], [113.923039, 22.5241748], [113.9230722, 22.5241688], [113.9231047, 22.5243224], [113.9230608, 22.5243304], [113.9230667, 22.5243584], [113.9229102, 22.5243867], [113.9229042, 22.5243587], [113.9226809, 22.524399], [113.9226578, 22.5242898]]]]}}, {"type": "Feature", "id": "way/1468285029", "properties": {"tags": {"building": "yes"}, "heightStatus": "unknown", "source": "OpenStreetMap", "license": "ODbL-1.0"}, "geometry": {"type": "MultiPolygon", "coordinates": [[[[113.9231593, 22.5226906], [113.9232287, 22.5226764], [113.9234811, 22.5230251], [113.9235257, 22.5232116], [113.9232954, 22.5232587], [113.9231593, 22.5226906]]]]}}]}