{"type": "FeatureCollection", "features": [{"type": "Feature", "id": "way/105683422", "properties": {"tags": {"addr:city": "深圳市", "addr:district": "南山区", "addr:housenumber": "12", "addr:province": "广东省", "addr:street": "太子路", "building": "apartments", "name": "恒景阁", "source": "Bing"}, "heightStatus": "unknown", "source": "OpenStreetMap", "license": "ODbL-1.0"}, "geometry": {"type": "MultiPolygon", "coordinates": [[[[113.908706, 22.4846492], [113.9087468, 22.4845935], [113.9088497, 22.4846558], [113.9088373, 22.4846279], [113.9089012, 22.4846017], [113.9089615, 22.4847344], [113.9088958, 22.484759], [113.9088816, 22.4847295], [113.908871, 22.484841], [113.9088018, 22.4848344], [113.9088107, 22.4847246], [113.9088071, 22.4847115], [113.908706, 22.4846492]]]]}}, {"type": "Feature", "id": "way/105683423", "properties": {"tags": {"addr:city": "深圳市", "addr:district": "南山区", "addr:housenumber": "14", "addr:province": "广东省", "addr:street": "太子路", "building": "apartments", "name": "美景阁", "source": "Bing"}, "heightStatus": "unknown", "source": "OpenStreetMap", "license": "ODbL-1.0"}, "geometry": {"type": "MultiPolygon", "coordinates": [[[[113.9088586, 22.4849754], [113.9088976, 22.4849197], [113.9090023, 22.4849803], [113.9089881, 22.4849508], [113.9090537, 22.484923], [113.909114, 22.4850557], [113.9090502, 22.4850803], [113.909036, 22.4850525], [113.9090289, 22.4851639], [113.9089579, 22.4851574], [113.9089632, 22.4850492], [113.9089597, 22.4850344], [113.9088586, 22.4849754]]]]}}, {"type": "Feature", "id": "way/105683424", "properties": {"tags": {"addr:city": "深圳市", "addr:district": "南山区", "addr:housenumber": "16", "addr:province": "广东省", "addr:street": "太子路", "building": "apartments", "name": "怡景阁", "source": "Bing"}, "heightStatus": "unknown", "source": "OpenStreetMap", "license": "ODbL-1.0"}, "geometry": {"type": "MultiPolygon", "coordinates": [[[[113.9090005, 22.4852934], [113.9090395, 22.4852393], [113.9091442, 22.4853], [113.90913, 22.4852721], [113.9091957, 22.4852442], [113.909256, 22.4853754], [113.9091903, 22.4854016], [113.9091779, 22.4853721], [113.909169, 22.4854836], [113.9090998, 22.4854786], [113.9091052, 22.4853688], [113.9091016, 22.4853557], [113.9090005, 22.4852934]]]]}}, {"type": "Feature", "id": "way/105683428", "properties": {"tags": {"building:levels": "30", "building:part": "yes", "height": "160"}, "heightStatus": "height_tag_unverified", "source": "OpenStreetMap", "license": "ODbL-1.0"}, "geometry": {"type": "MultiPolygon", "coordinates": [[[[113.9094321, 22.485918], [113.909464, 22.4858088], [113.9095159, 22.4857071], [113.9096034, 22.4856301], [113.9097428, 22.4856785], [113.9098119, 22.4856527], [113.909841, 22.4856895], [113.9098654, 22.4857203], [113.9098814, 22.4857994], [113.9098921, 22.4858817], [113.909871, 22.4859644], [113.9098333, 22.4860251], [113.9097744, 22.4860811], [113.9097013, 22.4861239], [113.9096229, 22.4861354], [113.9095986, 22.4861013], [113.9095809, 22.4860765], [113.9094415, 22.4860281], [113.9094321, 22.485918]]]]}}, {"type": "Feature", "id": "way/105683429", "properties": {"tags": {"addr:housenumber": "3", "addr:place": "蛇口兴华路19号", "building": "ship", "name": "明华轮", "name:en": "Minghua", "name:zh": "明华轮", "name:zh-Hans": "明华轮", "name:zh-Hant": "明華輪", "source": "Bing", "tourism": "attraction", "wikidata": "Q2845729", "wikimedia_commons": "Category:IMO 5015957", "wikipedia": "en:Minghua (ship)"}, "heightStatus": "unknown", "source": "OpenStreetMap", "license": "ODbL-1.0"}, "geometry": {"type": "MultiPolygon", "coordinates": [[[[113.9114448, 22.4857465], [113.9114629, 22.4857177], [113.9114978, 22.4857126], [113.9115664, 22.4857453], [113.9116047, 22.4857774], [113.9116623, 22.4858301], [113.9117456, 22.4859184], [113.9118177, 22.4860077], [113.9121443, 22.4864438], [113.9122083, 22.4865287], [113.9122667, 22.4866161], [113.9123121, 22.4866862], [113.9123538, 22.4867623], [113.9123874, 22.4868339], [113.9124114, 22.486904], [113.9124143, 22.4869425], [113.9124075, 22.486962], [113.9123918, 22.4869723], [113.9123712, 22.486969], [113.9123378, 22.4869494], [113.9122776, 22.4869062], [113.9122174, 22.4868518], [113.9121581, 22.4867926], [113.9121014, 22.4867294], [113.9120574, 22.4866772], [113.912035, 22.4866505], [113.9119685, 22.486564], [113.9117931, 22.4863341], [113.9116644, 22.4861653], [113.9116285, 22.4861183], [113.9115726, 22.4860428], [113.911504, 22.4859304], [113.9114724, 22.4858643], [113.9114491, 22.4858057], [113.9114448, 22.4857465]]]]}}, {"type": "Feature", "id": "way/106213997", "properties": {"tags": {"addr:city": "深圳市", "addr:district": "南山区", "addr:housenumber": "10", "addr:province": "广东省", "addr:street": "太子路", "building": "apartments", "name": "昌景阁", "source": "Bing"}, "heightStatus": "unknown", "source": "OpenStreetMap", "license": "ODbL-1.0"}, "geometry": {"type": "MultiPolygon", "coordinates": [[[[113.908633, 22.4842989], [113.908687, 22.4842558], [113.908769, 22.4843408], [113.908765, 22.4843095], [113.9088358, 22.4842993], [113.9088558, 22.4844413], [113.9087849, 22.4844496], [113.90878, 22.4844183], [113.90874, 22.4845234], [113.9086732, 22.4845013], [113.9087121, 22.4843971], [113.9087118, 22.484383], [113.908633, 22.4842989]]]]}}, {"type": "Feature", "id": "way/106356103", "properties": {"tags": {"building": "apartments", "source": "Bing"}, "heightStatus": "unknown", "source": "OpenStreetMap", "license": "ODbL-1.0"}, "geometry": {"type": "MultiPolygon", "coordinates": [[[[113.9176818, 22.488223], [113.9177614, 22.4882218], [113.9177602, 22.4881704], [113.9177499, 22.4881707], [113.9177483, 22.4881246], [113.9179112, 22.4881199], [113.9179128, 22.4881674], [113.9179007, 22.4881676], [113.917902, 22.488219], [113.9179971, 22.4882176], [113.9179983, 22.4882773], [113.9180079, 22.4882777], [113.9180106, 22.488332], [113.9176976, 22.4883373], [113.9176965, 22.488283], [113.917683, 22.4882828], [113.9176818, 22.488223]]]]}}, {"type": "Feature", "id": "way/106356109", "properties": {"tags": {"building": "apartments", "source": "Bing"}, "heightStatus": "unknown", "source": "OpenStreetMap", "license": "ODbL-1.0"}, "geometry": {"type": "MultiPolygon", "coordinates": [[[[113.9172251, 22.48825], [113.9172424, 22.4881978], [113.9172298, 22.4881935], [113.9172471, 22.488137], [113.9173239, 22.4881573], [113.9173396, 22.488108], [113.9173302, 22.4881051], [113.9173443, 22.4880617], [113.917501, 22.4881022], [113.9174869, 22.4881486], [113.9174744, 22.4881442], [113.9174587, 22.4881935], [113.9175496, 22.4882181], [113.9175308, 22.4882775], [113.9175402, 22.4882789], [113.9175261, 22.4883311], [113.9172251, 22.48825]]]]}}, {"type": "Feature", "id": "way/106356128", "properties": {"tags": {"building": "yes", "source": "Bing"}, "heightStatus": "unknown", "source": "OpenStreetMap", "license": "ODbL-1.0"}, "geometry": {"type": "MultiPolygon", "coordinates": [[[[113.9169693, 22.487972], [113.9169751, 22.4879356], [113.9169917, 22.4879021], [113.9170179, 22.4878743], [113.9170516, 22.4878545], [113.9170899, 22.4878442], [113.9171297, 22.4878443], [113.917168, 22.4878548], [113.9172014, 22.4878748], [113.9172275, 22.4879028], [113.9172439, 22.4879363], [113.9172495, 22.4879728], [113.9172437, 22.4880093], [113.917227, 22.4880427], [113.9172008, 22.4880705], [113.9171672, 22.4880903], [113.9171289, 22.4881006], [113.917089, 22.4881005], [113.9170508, 22.48809], [113.9170173, 22.48807], [113.9169913, 22.4880421], [113.9169748, 22.4880085], [113.9169693, 22.487972]]]]}}, {"type": "Feature", "id": "way/106356131", "properties": {"tags": {"building": "apartments", "source": "Bing"}, "heightStatus": "unknown", "source": "OpenStreetMap", "license": "ODbL-1.0"}, "geometry": {"type": "MultiPolygon", "coordinates": [[[[113.9175808, 22.4877961], [113.9180588, 22.4877916], [113.9180603, 22.4879331], [113.9175824, 22.4879376], [113.9175808, 22.4877961]]]]}}, {"type": "Feature", "id": "way/135951436", "properties": {"tags": {"addr:housenumber": "59", "addr:street": "Taizi Road", "building": "yes"}, "heightStatus": "unknown", "source": "OpenStreetMap", "license": "ODbL-1.0"}, "geometry": {"type": "MultiPolygon", "coordinates": [[[[113.9105483, 22.4892225], [113.9106747, 22.4891673], [113.9109654, 22.4897358], [113.9109406, 22.4897466], [113.9109733, 22.4898105], [113.9108716, 22.4898548], [113.9105483, 22.4892225]]]]}}, {"type": "Feature", "id": "way/135951438", "properties": {"tags": {"building": "retail"}, "heightStatus": "unknown", "source": "OpenStreetMap", "license": "ODbL-1.0"}, "geometry": {"type": "MultiPolygon", "coordinates": [[[[113.9097088, 22.4868929], [113.9107418, 22.4864351], [113.9108124, 22.4864667], [113.9108488, 22.486508], [113.9108668, 22.4865511], [113.9108754, 22.48659], [113.9101401, 22.487149], [113.9101177, 22.4871247], [113.9100346, 22.4871901], [113.9100174, 22.4871714], [113.9099901, 22.4871929], [113.9097088, 22.4868929]]]]}}, {"type": "Feature", "id": "way/135951439", "properties": {"tags": {"building": "yes"}, "heightStatus": "unknown", "source": "OpenStreetMap", "license": "ODbL-1.0"}, "geometry": {"type": "MultiPolygon", "coordinates": [[[[113.9080244, 22.4893429], [113.9080929, 22.4893139], [113.9081093, 22.4893471], [113.9081309, 22.489338], [113.9080481, 22.4891711], [113.9083987, 22.4890226], [113.9088289, 22.4898896], [113.9084872, 22.4900343], [113.9084074, 22.4898736], [113.9083813, 22.4898847], [113.9083951, 22.4899125], [113.9083275, 22.4899411], [113.9082452, 22.4897754], [113.9083142, 22.4897462], [113.9083267, 22.4897713], [113.9083425, 22.4897646], [113.9081854, 22.4894481], [113.9081604, 22.4894587], [113.908172, 22.4894821], [113.9081071, 22.4895096], [113.9080244, 22.4893429]]]]}}, {"type": "Feature", "id": "way/135951440", "properties": {"tags": {"addr:city": "深圳市", "addr:district": "南山区", "addr:housenumber": "33", "addr:province": "广东省", "addr:street": "太子路", "building": "yes", "name": "振兴大厦", "name:en": "Zhenxing Building", "name:zh": "振兴大厦"}, "heightStatus": "unknown", "source": "OpenStreetMap", "license": "ODbL-1.0"}, "geometry": {"type": "MultiPolygon", "coordinates": [[[[113.9099546, 22.4895704], [113.9100231, 22.4895414], [113.9100396, 22.4895746], [113.9100611, 22.4895655], [113.9099783, 22.4893986], [113.9103289, 22.4892501], [113.9107591, 22.4901171], [113.9104175, 22.4902618], [113.9103377, 22.4901011], [113.9103053, 22.4901148], [113.9103191, 22.4901426], [113.9102577, 22.4901686], [113.9101755, 22.4900029], [113.9102445, 22.4899737], [113.910257, 22.4899988], [113.9102727, 22.4899921], [113.9101156, 22.4896756], [113.9100907, 22.4896862], [113.9101023, 22.4897096], [113.9100373, 22.4897371], [113.9099546, 22.4895704]]]]}}, {"type": "Feature", "id": "way/135951442", "properties": {"tags": {"building": "yes"}, "heightStatus": "unknown", "source": "OpenStreetMap", "license": "ODbL-1.0"}, "geometry": {"type": "MultiPolygon", "coordinates": [[[[113.9086303, 22.4889173], [113.9089864, 22.4887644], [113.9090514, 22.4888935], [113.9091168, 22.4888654], [113.9091978, 22.4890263], [113.9091328, 22.4890542], [113.909269, 22.489325], [113.9093284, 22.4892995], [113.9094104, 22.4894625], [113.9093471, 22.4894898], [113.9094251, 22.4896448], [113.909439, 22.4896389], [113.9094823, 22.489725], [113.9094639, 22.4897329], [113.9095387, 22.4898814], [113.9096099, 22.4898508], [113.9096912, 22.4900126], [113.9096359, 22.4900363], [113.9097727, 22.4903083], [113.9098324, 22.4902827], [113.9099202, 22.4904572], [113.9098629, 22.4904818], [113.9099313, 22.4906176], [113.9095648, 22.490775], [113.9086303, 22.4889173]]]]}}, {"type": "Feature", "id": "way/135951443", "properties": {"tags": {"addr:housenumber": "9", "addr:street": "蛇口兴华路", "building": "retail"}, "heightStatus": "unknown", "source": "OpenStreetMap", "license": "ODbL-1.0"}, "geometry": {"type": "MultiPolygon", "coordinates": [[[[113.9105805, 22.4873686], [113.9110576, 22.487016], [113.9111195, 22.4869755], [113.9111812, 22.4869421], [113.9112606, 22.4869243], [113.9113376, 22.4869354], [113.911405, 22.4869665], [113.9114531, 22.4870065], [113.9114844, 22.4870443], [113.9118705, 22.4872744], [113.9119595, 22.4873278], [113.9118669, 22.4874711], [113.9114561, 22.487241], [113.9114444, 22.487261], [113.9114246, 22.4872832], [113.9114039, 22.4872951], [113.9112933, 22.4871788], [113.9112389, 22.4872071], [113.9111817, 22.4871404], [113.9107132, 22.4874727], [113.9105805, 22.4873686]]]]}}, {"type": "Feature", "id": "way/188371111", "properties": {"tags": {"addr:city": "深圳市", "addr:district": "南山区", "addr:housenumber": "8", "addr:province": "广东省", "addr:street": "太子路", "building": "yes"}, "heightStatus": "unknown", "source": "OpenStreetMap", "license": "ODbL-1.0"}, "geometry": {"type": "MultiPolygon", "coordinates": [[[[113.9083957, 22.4835674], [113.9084189, 22.4835211], [113.9087418, 22.4834743], [113.9088195, 22.483519], [113.9088437, 22.483685], [113.9087847, 22.4837693], [113.908802, 22.4838328], [113.9088798, 22.4838279], [113.9089376, 22.484032], [113.9085284, 22.4841079], [113.9084908, 22.4840088], [113.9084962, 22.4839146], [113.9085284, 22.4839072], [113.9085138, 22.4838337], [113.9084515, 22.4838433], [113.9083957, 22.4835674]]]]}}, {"type": "Feature", "id": "way/248985515", "properties": {"tags": {"building": "commercial", "name": "海景广场", "name:en": "Sea View Square", "name:zh": "海景广场", "name:zh-Hans": "海景广场", "name:zh-Hant": "海景廣場", "source": "Bing"}, "heightStatus": "unknown", "source": "OpenStreetMap", "license": "ODbL-1.0"}, "geometry": {"type": "MultiPolygon", "coordinates": [[[[113.9094321, 22.485918], [113.909464, 22.4858088], [113.9095159, 22.4857071], [113.9096034, 22.4856301], [113.9097428, 22.4856785], [113.9098119, 22.4856527], [113.909841, 22.4856895], [113.9099379, 22.4856429], [113.9101714, 22.4861261], [113.9097493, 22.4865935], [113.9095169, 22.4861409], [113.9095986, 22.4861013], [113.9095809, 22.4860765], [113.9094415, 22.4860281], [113.9094321, 22.485918]]]]}}, {"type": "Feature", "id": "way/248985519", "properties": {"tags": {"addr:city": "深圳市", "addr:district": "南山区", "addr:housenumber": "1008", "addr:postcode": "518067", "addr:province": "广东省", "addr:street": "望海路", "building": "commercial", "building:levels": "38", "building:material": "mirror", "height": "211", "name": "招商局广场写字楼", "wikidata": "Q23945453"}, "heightStatus": "height_tag_unverified", "source": "OpenStreetMap", "license": "ODbL-1.0"}, "geometry": {"type": "MultiPolygon", "coordinates": [[[[113.9106587, 22.4843321], [113.9106715, 22.4842724], [113.9110097, 22.4841252], [113.9110794, 22.4841534], [113.9112418, 22.4844769], [113.9112146, 22.4845431], [113.9108839, 22.484687], [113.9108296, 22.484672], [113.9106587, 22.4843321]]]]}}, {"type": "Feature", "id": "way/261690638", "properties": {"tags": {"building": "commercial"}, "heightStatus": "unknown", "source": "OpenStreetMap", "license": "ODbL-1.0"}, "geometry": {"type": "MultiPolygon", "coordinates": [[[[113.9114961, 22.4900649], [113.911644, 22.48976], [113.9117688, 22.4898117], [113.9118134, 22.4897197], [113.9124952, 22.4900021], [113.9124531, 22.4900887], [113.9125884, 22.4901448], [113.9124379, 22.490455], [113.9114961, 22.4900649]]]]}}, {"type": "Feature", "id": "way/261690641", "properties": {"tags": {"building": "yes", "name": "太子宾馆", "name:en": "Taizi Hotel", "name:zh": "太子宾馆", "name:zh-Hans": "太子宾馆", "name:zh-Hant": "太子賓館", "tourism": "hotel"}, "heightStatus": "unknown", "source": "OpenStreetMap", "license": "ODbL-1.0"}, "geometry": {"type": "MultiPolygon", "coordinates": [[[[113.9090614, 22.4867577], [113.9091783, 22.4867102], [113.9090718, 22.4864866], [113.9092385, 22.4864188], [113.9093757, 22.4867067], [113.9092477, 22.4867588], [113.9093311, 22.4869338], [113.9092436, 22.4869694], [113.9092338, 22.4869487], [113.9091656, 22.4869764], [113.9090614, 22.4867577]]]]}}, {"type": "Feature", "id": "way/360821672", "properties": {"tags": {"building": "commercial"}, "heightStatus": "unknown", "source": "OpenStreetMap", "license": "ODbL-1.0"}, "geometry": {"type": "MultiPolygon", "coordinates": [[[[113.9117355, 22.4894485], [113.9118889, 22.4891348], [113.9128488, 22.4895354], [113.9127041, 22.4898312], [113.9125725, 22.4897763], [113.9125302, 22.4898629], [113.9123549, 22.4897898], [113.9123947, 22.4897083], [113.9120845, 22.4895789], [113.9120483, 22.4896531], [113.9118832, 22.4895842], [113.9119132, 22.4895226], [113.9117355, 22.4894485]]]]}}, {"type": "Feature", "id": "way/360821673", "properties": {"tags": {"building": "commercial"}, "heightStatus": "unknown", "source": "OpenStreetMap", "license": "ODbL-1.0"}, "geometry": {"type": "MultiPolygon", "coordinates": [[[[113.9126125, 22.4904827], [113.9127481, 22.4902015], [113.9129049, 22.490266], [113.9129408, 22.4901915], [113.9131144, 22.490263], [113.91308, 22.4903343], [113.9133887, 22.4904614], [113.9134233, 22.4903897], [113.9135828, 22.4904554], [113.9135538, 22.4905155], [113.9137325, 22.4905891], [113.9135989, 22.490866], [113.9127708, 22.490525], [113.912739, 22.4905909], [113.9126507, 22.4905545], [113.9126733, 22.4905077], [113.9126125, 22.4904827]]]]}}, {"type": "Feature", "id": "way/371167792", "properties": {"tags": {"addr:city": "深圳市", "addr:district": "南山区", "addr:housenumber": "1177号", "addr:postcode": "518067", "addr:province": "广东省", "addr:street": "望海路", "building": "hotel", "name": "深圳蛇口希尔顿南海酒店 - 主楼", "name:en": "Hilton Shenzhen Shekou Nanhai - Main Building", "name:zh": "深圳蛇口希尔顿南海酒店 - 主楼", "rooms": "323", "wheelchair": "yes"}, "heightStatus": "unknown", "source": "OpenStreetMap", "license": "ODbL-1.0"}, "geometry": {"type": "MultiPolygon", "coordinates": [[[[113.9105258, 22.4821693], [113.9105311, 22.4821448], [113.9105561, 22.4821077], [113.9107192, 22.4820119], [113.9105698, 22.4819513], [113.9106892, 22.4818708], [113.9112876, 22.4821078], [113.9113356, 22.4821181], [113.9113808, 22.4821163], [113.911434, 22.482107], [113.9117875, 22.4819905], [113.9119294, 22.48207], [113.9119043, 22.4820794], [113.9119015, 22.4820911], [113.9119, 22.4821055], [113.9118791, 22.4822305], [113.9118515, 22.4822408], [113.9118556, 22.4822651], [113.9118437, 22.4822932], [113.9118184, 22.4823088], [113.9116001, 22.4823867], [113.9115292, 22.482412], [113.9114937, 22.4824307], [113.9114598, 22.4824651], [113.9114404, 22.4825227], [113.9114527, 22.4826718], [113.911321, 22.4827514], [113.911319, 22.4827326], [113.9112273, 22.4827417], [113.9112301, 22.4827782], [113.9112279, 22.4828062], [113.9112154, 22.4828353], [113.9111954, 22.4828545], [113.9111613, 22.4828653], [113.9110153, 22.4828776], [113.9108471, 22.4828917], [113.9108108, 22.4828851], [113.9107861, 22.4828725], [113.9107693, 22.482855], [113.9107588, 22.4828341], [113.9107519, 22.4827997], [113.9107249, 22.4825103], [113.9106805, 22.4825033], [113.9106547, 22.4824901], [113.910637, 22.4824662], [113.9106303, 22.4824337], [113.9106325, 22.4823162], [113.9105956, 22.4823098], [113.9105782, 22.4823022], [113.9105648, 22.482289], [113.9105373, 22.4822319], [113.910528, 22.482201], [113.9105258, 22.4821693]]]]}}, {"type": "Feature", "id": "way/375959601", "properties": {"tags": {"building": "yes"}, "heightStatus": "unknown", "source": "OpenStreetMap", "license": "ODbL-1.0"}, "geometry": {"type": "MultiPolygon", "coordinates": [[[[113.910916, 22.490318], [113.9109955, 22.4902868], [113.9112467, 22.4903622], [113.9112857, 22.4904456], [113.9110331, 22.4905537], [113.910916, 22.490318]]]]}}, {"type": "Feature", "id": "way/492141036", "properties": {"tags": {"addr:city": "深圳市", "addr:district": "南山区", "addr:housenumber": "6", "addr:province": "广东省", "addr:street": "太子路", "building": "apartments", "name": "迎朝大厦"}, "heightStatus": "unknown", "source": "OpenStreetMap", "license": "ODbL-1.0"}, "geometry": {"type": "MultiPolygon", "coordinates": [[[[113.9082925, 22.4830149], [113.908441, 22.4829912], [113.9085215, 22.4834227], [113.908373, 22.4834464], [113.9082925, 22.4830149]]]]}}, {"type": "Feature", "id": "way/492141037", "properties": {"tags": {"addr:city": "深圳市", "addr:district": "南山区", "addr:housenumber": "4", "addr:province": "广东省", "addr:street": "太子路", "building": "apartments", "name": "迎晖公寓"}, "heightStatus": "unknown", "source": "OpenStreetMap", "license": "ODbL-1.0"}, "geometry": {"type": "MultiPolygon", "coordinates": [[[[113.9082007, 22.4825308], [113.9083375, 22.4825083], [113.9084172, 22.4829211], [113.9082803, 22.4829436], [113.9082007, 22.4825308]]]]}}, {"type": "Feature", "id": "way/492141038", "properties": {"tags": {"addr:city": "深圳市", "addr:district": "南山区", "addr:housenumber": "2", "addr:province": "广东省", "addr:street": "太子路", "building": "apartments", "name": "迎宾大厦"}, "heightStatus": "unknown", "source": "OpenStreetMap", "license": "ODbL-1.0"}, "geometry": {"type": "MultiPolygon", "coordinates": [[[[113.9081133, 22.4820548], [113.9081812, 22.4820436], [113.9081573, 22.4819193], [113.9084938, 22.481864], [113.9085497, 22.4821547], [113.9083929, 22.4821805], [113.9083698, 22.4823008], [113.908305, 22.4823114], [113.9083296, 22.4824389], [113.9081917, 22.4824616], [113.9081133, 22.4820548]]]]}}, {"type": "Feature", "id": "way/492141039", "properties": {"tags": {"building": "house"}, "heightStatus": "unknown", "source": "OpenStreetMap", "license": "ODbL-1.0"}, "geometry": {"type": "MultiPolygon", "coordinates": [[[[113.9089889, 22.4838916], [113.9091279, 22.4838789], [113.9091368, 22.4839625], [113.9089978, 22.4839752], [113.9089889, 22.4838916]]]]}}, {"type": "Feature", "id": "way/492141041", "properties": {"tags": {"building": "house"}, "heightStatus": "unknown", "source": "OpenStreetMap", "license": "ODbL-1.0"}, "geometry": {"type": "MultiPolygon", "coordinates": [[[[113.9089703, 22.4837943], [113.9091039, 22.4837764], [113.9091158, 22.4838523], [113.9089822, 22.4838701], [113.9089703, 22.4837943]]]]}}, {"type": "Feature", "id": "way/492141042", "properties": {"tags": {"building": "house"}, "heightStatus": "unknown", "source": "OpenStreetMap", "license": "ODbL-1.0"}, "geometry": {"type": "MultiPolygon", "coordinates": [[[[113.9089486, 22.4836763], [113.9090818, 22.4836655], [113.9090885, 22.4837347], [113.9089552, 22.4837456], [113.9089486, 22.4836763]]]]}}, {"type": "Feature", "id": "way/492141044", "properties": {"tags": {"building": "house"}, "heightStatus": "unknown", "source": "OpenStreetMap", "license": "ODbL-1.0"}, "geometry": {"type": "MultiPolygon", "coordinates": [[[[113.908931, 22.483575], [113.909053, 22.4835616], [113.9090632, 22.4836409], [113.9089412, 22.4836542], [113.908931, 22.483575]]]]}}, {"type": "Feature", "id": "way/492141045", "properties": {"tags": {"building": "house"}, "heightStatus": "unknown", "source": "OpenStreetMap", "license": "ODbL-1.0"}, "geometry": {"type": "MultiPolygon", "coordinates": [[[[113.9089105, 22.4834587], [113.9090373, 22.4834335], [113.9090564, 22.4835152], [113.9089296, 22.4835405], [113.9089105, 22.4834587]]]]}}, {"type": "Feature", "id": "way/492141046", "properties": {"tags": {"building": "house"}, "heightStatus": "unknown", "source": "OpenStreetMap", "license": "ODbL-1.0"}, "geometry": {"type": "MultiPolygon", "coordinates": [[[[113.9086216, 22.4833119], [113.908756, 22.483292], [113.9087677, 22.4833596], [113.9086333, 22.4833795], [113.9086216, 22.4833119]]]]}}, {"type": "Feature", "id": "way/492141048", "properties": {"tags": {"building": "house"}, "heightStatus": "unknown", "source": "OpenStreetMap", "license": "ODbL-1.0"}, "geometry": {"type": "MultiPolygon", "coordinates": [[[[113.908601, 22.4832029], [113.9087356, 22.4831834], [113.9087487, 22.4832605], [113.908614, 22.48328], [113.908601, 22.4832029]]]]}}, {"type": "Feature", "id": "way/492141049", "properties": {"tags": {"building": "house"}, "heightStatus": "unknown", "source": "OpenStreetMap", "license": "ODbL-1.0"}, "geometry": {"type": "MultiPolygon", "coordinates": [[[[113.908588, 22.4830765], [113.9087158, 22.4830601], [113.9087264, 22.4831306], [113.9085986, 22.483147], [113.908588, 22.4830765]]]]}}, {"type": "Feature", "id": "way/492141050", "properties": {"tags": {"building": "house"}, "heightStatus": "unknown", "source": "OpenStreetMap", "license": "ODbL-1.0"}, "geometry": {"type": "MultiPolygon", "coordinates": [[[[113.9085682, 22.4829557], [113.9086991, 22.4829394], [113.9087107, 22.4830186], [113.9085798, 22.483035], [113.9085682, 22.4829557]]]]}}, {"type": "Feature", "id": "way/492141051", "properties": {"tags": {"building": "house"}, "heightStatus": "unknown", "source": "OpenStreetMap", "license": "ODbL-1.0"}, "geometry": {"type": "MultiPolygon", "coordinates": [[[[113.9085484, 22.4828361], [113.9086887, 22.482819], [113.9087007, 22.4829032], [113.9085603, 22.4829202], [113.9085484, 22.4828361]]]]}}, {"type": "Feature", "id": "way/492141052", "properties": {"tags": {"building": "house"}, "heightStatus": "unknown", "source": "OpenStreetMap", "license": "ODbL-1.0"}, "geometry": {"type": "MultiPolygon", "coordinates": [[[[113.9085343, 22.4827111], [113.9086741, 22.4826964], [113.908684, 22.4827768], [113.9085442, 22.4827915], [113.9085343, 22.4827111]]]]}}, {"type": "Feature", "id": "way/492141053", "properties": {"tags": {"building": "house"}, "heightStatus": "unknown", "source": "OpenStreetMap", "license": "ODbL-1.0"}, "geometry": {"type": "MultiPolygon", "coordinates": [[[[113.9085171, 22.4825867], [113.9086511, 22.4825705], [113.9086635, 22.4826587], [113.9085296, 22.4826749], [113.9085171, 22.4825867]]]]}}, {"type": "Feature", "id": "way/492141055", "properties": {"tags": {"building": "house"}, "heightStatus": "unknown", "source": "OpenStreetMap", "license": "ODbL-1.0"}, "geometry": {"type": "MultiPolygon", "coordinates": [[[[113.9085013, 22.4823506], [113.90862, 22.48234], [113.9086289, 22.482427], [113.9085103, 22.4824374], [113.9085013, 22.4823506]]]]}}, {"type": "Feature", "id": "way/492141056", "properties": {"tags": {"building": "house"}, "heightStatus": "unknown", "source": "OpenStreetMap", "license": "ODbL-1.0"}, "geometry": {"type": "MultiPolygon", "coordinates": [[[[113.9084866, 22.4822439], [113.9086281, 22.482238], [113.9086317, 22.4823101], [113.9084902, 22.4823161], [113.9084866, 22.4822439]]]]}}, {"type": "Feature", "id": "way/492141833", "properties": {"tags": {"building": "retail"}, "heightStatus": "unknown", "source": "OpenStreetMap", "license": "ODbL-1.0"}, "geometry": {"type": "MultiPolygon", "coordinates": [[[[113.91153, 22.4865256], [113.9115967, 22.4864783], [113.9116623, 22.48645], [113.9117589, 22.4864282], [113.9121544, 22.4868909], [113.9121876, 22.4869315], [113.9121245, 22.4869803], [113.9121035, 22.4869643], [113.911665, 22.4866289], [113.91153, 22.4865256]]]]}}, {"type": "Feature", "id": "way/492141834", "properties": {"tags": {"building": "retail"}, "heightStatus": "unknown", "source": "OpenStreetMap", "license": "ODbL-1.0"}, "geometry": {"type": "MultiPolygon", "coordinates": [[[[113.9113062, 22.4867282], [113.9114175, 22.4866205], [113.9116096, 22.4866854], [113.9120753, 22.4870061], [113.9121124, 22.4870316], [113.9120156, 22.4871562], [113.9113062, 22.4867282]]]]}}, {"type": "Feature", "id": "way/492468557", "properties": {"tags": {"building": "apartments"}, "heightStatus": "unknown", "source": "OpenStreetMap", "license": "ODbL-1.0"}, "geometry": {"type": "MultiPolygon", "coordinates": [[[[113.9160205, 22.4858368], [113.9161003, 22.4856275], [113.9169264, 22.4863113], [113.9168626, 22.486494], [113.9160205, 22.4858368]]]]}}, {"type": "Feature", "id": "way/492468558", "properties": {"tags": {"building": "apartments"}, "heightStatus": "unknown", "source": "OpenStreetMap", "license": "ODbL-1.0"}, "geometry": {"type": "MultiPolygon", "coordinates": [[[[113.9158674, 22.4862317], [113.915944, 22.4860785], [113.9168562, 22.4867327], [113.916802, 22.486942], [113.9158674, 22.4862317]]]]}}, {"type": "Feature", "id": "way/492468560", "properties": {"tags": {"building": "apartments"}, "heightStatus": "unknown", "source": "OpenStreetMap", "license": "ODbL-1.0"}, "geometry": {"type": "MultiPolygon", "coordinates": [[[[113.9157335, 22.4866708], [113.9158036, 22.4864675], [113.9168052, 22.4872072], [113.9167478, 22.4873988], [113.9157335, 22.4866708]]]]}}, {"type": "Feature", "id": "way/492468561", "properties": {"tags": {"building": "apartments"}, "heightStatus": "unknown", "source": "OpenStreetMap", "license": "ODbL-1.0"}, "geometry": {"type": "MultiPolygon", "coordinates": [[[[113.9155485, 22.4871395], [113.9156314, 22.4869508], [113.916818, 22.4878379], [113.9167063, 22.4880089], [113.9155485, 22.4871395]]]]}}, {"type": "Feature", "id": "way/492468563", "properties": {"tags": {"building": "apartments"}, "heightStatus": "unknown", "source": "OpenStreetMap", "license": "ODbL-1.0"}, "geometry": {"type": "MultiPolygon", "coordinates": [[[[113.91617, 22.4854177], [113.9162383, 22.4852424], [113.9169666, 22.4857401], [113.9169211, 22.4859609], [113.91617, 22.4854177]]]]}}, {"type": "Feature", "id": "way/492468564", "properties": {"tags": {"building": "apartments"}, "heightStatus": "unknown", "source": "OpenStreetMap", "license": "ODbL-1.0"}, "geometry": {"type": "MultiPolygon", "coordinates": [[[[113.9163179, 22.4850672], [113.9164128, 22.4849024], [113.9170349, 22.4853265], [113.9169438, 22.4855018], [113.9163179, 22.4850672]]]]}}, {"type": "Feature", "id": "way/492470033", "properties": {"tags": {"building": "apartments"}, "heightStatus": "unknown", "source": "OpenStreetMap", "license": "ODbL-1.0"}, "geometry": {"type": "MultiPolygon", "coordinates": [[[[113.9175261, 22.4883311], [113.9175402, 22.4882789], [113.9175308, 22.4882775], [113.9175496, 22.4882181], [113.9176818, 22.488223], [113.917683, 22.4882828], [113.9176965, 22.488283], [113.9176976, 22.4883373], [113.9175261, 22.4883311]]]]}}, {"type": "Feature", "id": "way/492470051", "properties": {"tags": {"addr:housename": "海湾花园", "addr:housename:zh": "海湾花园", "building": "apartments", "building:levels": "7", "name": "4栋", "name:zh": "4栋"}, "heightStatus": "levels_only_unverified", "source": "OpenStreetMap", "license": "ODbL-1.0"}, "geometry": {"type": "MultiPolygon", "coordinates": [[[[113.9177179, 22.4888856], [113.9177373, 22.4888849], [113.9177355, 22.4888421], [113.9177549, 22.4888414], [113.9177528, 22.4887917], [113.9179594, 22.4887843], [113.9179615, 22.488834], [113.9179809, 22.4888333], [113.9179827, 22.4888762], [113.9180021, 22.4888755], [113.9180034, 22.4889044], [113.9177191, 22.4889145], [113.9177179, 22.4888856]]]]}}, {"type": "Feature", "id": "way/492470053", "properties": {"tags": {"addr:housename": "海湾花园", "addr:housename:zh": "海湾花园", "building": "apartments", "building:levels": "7", "name": "5栋", "name:zh": "5栋"}, "heightStatus": "levels_only_unverified", "source": "OpenStreetMap", "license": "ODbL-1.0"}, "geometry": {"type": "MultiPolygon", "coordinates": [[[[113.91738, 22.4888963], [113.9173994, 22.4888956], [113.9173976, 22.4888527], [113.9174171, 22.488852], [113.917415, 22.4888023], [113.9176216, 22.4887949], [113.9176236, 22.4888447], [113.9176431, 22.488844], [113.9176449, 22.4888868], [113.9176643, 22.4888861], [113.9176655, 22.488915], [113.9173812, 22.4889252], [113.91738, 22.4888963]]]]}}, {"type": "Feature", "id": "way/492470055", "properties": {"tags": {"addr:housename": "海湾花园", "addr:housename:zh": "海湾花园", "building": "apartments", "building:levels": "7", "name": "6栋", "name:zh": "6栋"}, "heightStatus": "levels_only_unverified", "source": "OpenStreetMap", "license": "ODbL-1.0"}, "geometry": {"type": "MultiPolygon", "coordinates": [[[[113.9170488, 22.4889315], [113.9170682, 22.4889308], [113.9170664, 22.4888879], [113.9170859, 22.4888872], [113.9170838, 22.4888375], [113.9172904, 22.4888301], [113.9172924, 22.4888799], [113.9173119, 22.4888792], [113.9173137, 22.488922], [113.9173331, 22.4889213], [113.9173343, 22.4889502], [113.91705, 22.4889604], [113.9170488, 22.4889315]]]]}}, {"type": "Feature", "id": "way/492470057", "properties": {"tags": {"building": "school"}, "heightStatus": "unknown", "source": "OpenStreetMap", "license": "ODbL-1.0"}, "geometry": {"type": "MultiPolygon", "coordinates": [[[[113.9160793, 22.4882708], [113.916189, 22.4881387], [113.9168338, 22.4885964], [113.9167241, 22.4887285], [113.9160793, 22.4882708]]]]}}, {"type": "Feature", "id": "way/492470059", "properties": {"tags": {"addr:housename": "海湾花园", "addr:housename:zh": "海湾花园", "building": "apartments", "building:levels": "7", "name": "7栋", "name:zh": "7栋"}, "heightStatus": "levels_only_unverified", "source": "OpenStreetMap", "license": "ODbL-1.0"}, "geometry": {"type": "MultiPolygon", "coordinates": [[[[113.9167322, 22.4888812], [113.9169643, 22.4888717], [113.916968, 22.4889496], [113.9167359, 22.488959], [113.9167322, 22.4888812]]]]}}, {"type": "Feature", "id": "way/492470061", "properties": {"tags": {"building": "school"}, "heightStatus": "unknown", "source": "OpenStreetMap", "license": "ODbL-1.0"}, "geometry": {"type": "MultiPolygon", "coordinates": [[[[113.9153346, 22.4878446], [113.9155224, 22.4876227], [113.9156305, 22.4877008], [113.9154883, 22.4878688], [113.9156507, 22.4879861], [113.9157147, 22.4879105], [113.915867, 22.4880206], [113.9159493, 22.4879234], [113.9160775, 22.488016], [113.9159364, 22.4881827], [113.9158265, 22.4881033], [113.9157857, 22.4881515], [113.9156254, 22.4880357], [113.9155643, 22.4881079], [113.9153906, 22.4879824], [113.9154417, 22.487922], [113.9153346, 22.4878446]]]]}}, {"type": "Feature", "id": "way/492613720", "properties": {"tags": {"building": "retail"}, "heightStatus": "unknown", "source": "OpenStreetMap", "license": "ODbL-1.0"}, "geometry": {"type": "MultiPolygon", "coordinates": [[[[113.9108725, 22.486344], [113.9109099, 22.486312], [113.9108915, 22.4862937], [113.9110196, 22.4861569], [113.9110353, 22.4861478], [113.9110581, 22.486147], [113.9110845, 22.4861626], [113.9111791, 22.4862704], [113.9111892, 22.4862887], [113.9111887, 22.4863105], [113.9111568, 22.486365], [113.9111161, 22.48641], [113.9110654, 22.4864541], [113.9110228, 22.486477], [113.9110083, 22.4864832], [113.9109962, 22.4864805], [113.9109766, 22.4864597], [113.9109588, 22.486475], [113.9108728, 22.4863894], [113.9108971, 22.4863685], [113.9108725, 22.486344]]]]}}, {"type": "Feature", "id": "way/492613721", "properties": {"tags": {"addr:housenumber": "4", "addr:place": "蛇口兴华路19号", "brand": "Vivo", "brand:wikidata": "Q18301787", "brand:wikipedia": "en:Vivo (technology company)", "building": "retail", "name": "Vivo", "shop": "mobile_phone"}, "heightStatus": "unknown", "source": "OpenStreetMap", "license": "ODbL-1.0"}, "geometry": {"type": "MultiPolygon", "coordinates": [[[[113.9111893, 22.4859689], [113.9111967, 22.4859248], [113.9112095, 22.485889], [113.9112258, 22.4858692], [113.911247, 22.4858567], [113.9112725, 22.4858511], [113.9113007, 22.4858615], [113.9113277, 22.4858781], [113.9113515, 22.485901], [113.9113825, 22.4859376], [113.9114022, 22.4859639], [113.911414, 22.4859876], [113.9114281, 22.4860153], [113.9114394, 22.4860469], [113.9114447, 22.48608], [113.9114434, 22.4861124], [113.9114372, 22.4861485], [113.9114142, 22.4861761], [113.911382, 22.4861913], [113.911345, 22.4861938], [113.9113111, 22.4861846], [113.9112738, 22.4861655], [113.9112472, 22.486141], [113.9112243, 22.4861144], [113.9112029, 22.4860753], [113.9111895, 22.4860226], [113.9111893, 22.4859689]]]]}}, {"type": "Feature", "id": "way/492613728", "properties": {"tags": {"building": "retail", "name": "蛇口金融中心"}, "heightStatus": "unknown", "source": "OpenStreetMap", "license": "ODbL-1.0"}, "geometry": {"type": "MultiPolygon", "coordinates": [[[[113.9101238, 22.4876355], [113.9102825, 22.4875052], [113.9105318, 22.4876528], [113.9104422, 22.4878054], [113.910247, 22.4878831], [113.9101238, 22.4876355]]]]}}, {"type": "Feature", "id": "way/492613731", "properties": {"tags": {"addr:housename": "海滨花园", "addr:housename:zh": "海滨花园", "building": "apartments", "building:levels": "20", "name": "海虹阁", "name:zh": "海虹阁"}, "heightStatus": "levels_only_unverified", "source": "OpenStreetMap", "license": "ODbL-1.0"}, "geometry": {"type": "MultiPolygon", "coordinates": [[[[113.9118932, 22.4880566], [113.9119227, 22.4880147], [113.9119214, 22.4879861], [113.9119853, 22.4879837], [113.911987, 22.4880218], [113.9120159, 22.4880207], [113.9120122, 22.4879384], [113.9120761, 22.487936], [113.9120776, 22.4879698], [113.912108, 22.4879687], [113.9121048, 22.4878956], [113.9122025, 22.4878919], [113.9122385, 22.487976], [113.912165, 22.4880029], [113.9121761, 22.488029], [113.9122102, 22.4880165], [113.9122338, 22.4880715], [113.9121509, 22.4881018], [113.9121615, 22.4881266], [113.9121999, 22.4881126], [113.9122234, 22.4881675], [113.9121946, 22.4881781], [113.9121651, 22.4882199], [113.912128, 22.4881976], [113.9121221, 22.488206], [113.9120813, 22.4881815], [113.9121009, 22.4881536], [113.9120875, 22.4881456], [113.912102, 22.488125], [113.9120128, 22.4880714], [113.9119983, 22.488092], [113.9119849, 22.4880839], [113.9119653, 22.4881118], [113.9119245, 22.4880873], [113.9119304, 22.4880789], [113.9118932, 22.4880566]]]]}}, {"type": "Feature", "id": "way/492613732", "properties": {"tags": {"addr:housename": "海滨花园", "addr:housename:zh": "海滨花园", "building": "apartments", "building:levels": "20", "name": "海阳阁", "name:zh": "海阳阁"}, "heightStatus": "levels_only_unverified", "source": "OpenStreetMap", "license": "ODbL-1.0"}, "geometry": {"type": "MultiPolygon", "coordinates": [[[[113.9114149, 22.487776], [113.9114444, 22.4877342], [113.9114436, 22.4877063], [113.9115075, 22.4877039], [113.9115087, 22.4877412], [113.9115376, 22.4877401], [113.911534, 22.4876578], [113.9115979, 22.4876554], [113.9115994, 22.4876892], [113.9116297, 22.4876881], [113.9116265, 22.4876151], [113.9117242, 22.4876114], [113.9117602, 22.4876954], [113.9116867, 22.4877223], [113.9116979, 22.4877484], [113.911732, 22.4877359], [113.9117555, 22.4877909], [113.9116726, 22.4878212], [113.9116832, 22.487846], [113.9117216, 22.487832], [113.9117452, 22.4878869], [113.9117163, 22.4878975], [113.9116868, 22.4879394], [113.9116497, 22.4879171], [113.9116438, 22.4879254], [113.911603, 22.4879009], [113.9116227, 22.4878731], [113.9116092, 22.487865], [113.9116237, 22.4878444], [113.9115345, 22.4877908], [113.91152, 22.4878114], [113.9115066, 22.4878033], [113.911487, 22.4878312], [113.9114462, 22.4878067], [113.9114521, 22.4877983], [113.9114149, 22.487776]]]]}}, {"type": "Feature", "id": "way/492613733", "properties": {"tags": {"building": "yes"}, "heightStatus": "unknown", "source": "OpenStreetMap", "license": "ODbL-1.0"}, "geometry": {"type": "MultiPolygon", "coordinates": [[[[113.9116868, 22.4879394], [113.9117163, 22.4878975], [113.9117452, 22.4878869], [113.9117216, 22.487832], [113.9118686, 22.4877782], [113.9119792, 22.4878446], [113.9119853, 22.4879837], [113.9119214, 22.4879861], [113.9119227, 22.4880147], [113.9118932, 22.4880566], [113.9116868, 22.4879394]]]]}}, {"type": "Feature", "id": "way/492613734", "properties": {"tags": {"addr:housename": "海滨花园", "addr:housename:zh": "海滨花园", "building": "house", "building:levels": "4"}, "heightStatus": "levels_only_unverified", "source": "OpenStreetMap", "license": "ODbL-1.0"}, "geometry": {"type": "MultiPolygon", "coordinates": [[[[113.9119632, 22.4874962], [113.9120409, 22.4873806], [113.9123038, 22.4875316], [113.912226, 22.4876471], [113.9119632, 22.4874962]]]]}}, {"type": "Feature", "id": "way/492613735", "properties": {"tags": {"addr:housename": "海滨花园", "addr:housename:zh": "海滨花园", "building": "house", "building:levels": "4"}, "heightStatus": "levels_only_unverified", "source": "OpenStreetMap", "license": "ODbL-1.0"}, "geometry": {"type": "MultiPolygon", "coordinates": [[[[113.9122924, 22.4876819], [113.9123702, 22.4875664], [113.912633, 22.4877173], [113.9125553, 22.4878329], [113.9122924, 22.4876819]]]]}}, {"type": "Feature", "id": "way/492613736", "properties": {"tags": {"addr:housename": "海滨花园", "addr:housename:zh": "海滨花园", "building": "house", "building:levels": "4"}, "heightStatus": "levels_only_unverified", "source": "OpenStreetMap", "license": "ODbL-1.0"}, "geometry": {"type": "MultiPolygon", "coordinates": [[[[113.9126348, 22.48788], [113.9127125, 22.4877644], [113.9129753, 22.4879154], [113.9128976, 22.4880309], [113.9126348, 22.48788]]]]}}, {"type": "Feature", "id": "way/492613737", "properties": {"tags": {"addr:housename": "海滨花园", "addr:housename:zh": "海滨花园", "building": "house", "building:levels": "4"}, "heightStatus": "levels_only_unverified", "source": "OpenStreetMap", "license": "ODbL-1.0"}, "geometry": {"type": "MultiPolygon", "coordinates": [[[[113.9129913, 22.488078], [113.9130691, 22.4879624], [113.9133319, 22.4881134], [113.9132542, 22.4882289], [113.9129913, 22.488078]]]]}}, {"type": "Feature", "id": "way/492613738", "properties": {"tags": {"addr:housename": "海滨花园", "addr:housename:zh": "海滨花园", "building": "apartments", "building:levels": "6", "name": "5栋", "name:zh": "5栋"}, "heightStatus": "levels_only_unverified", "source": "OpenStreetMap", "license": "ODbL-1.0"}, "geometry": {"type": "MultiPolygon", "coordinates": [[[[113.9134075, 22.4882305], [113.913451, 22.4881626], [113.913703, 22.4883008], [113.9136595, 22.4883687], [113.9134075, 22.4882305]]]]}}, {"type": "Feature", "id": "way/493720282", "properties": {"tags": {"building": "detached"}, "heightStatus": "unknown", "source": "OpenStreetMap", "license": "ODbL-1.0"}, "geometry": {"type": "MultiPolygon", "coordinates": [[[[113.9086952, 22.482216], [113.9088461, 22.4821968], [113.9088571, 22.4822704], [113.9087063, 22.4822897], [113.9086952, 22.482216]]]]}}, {"type": "Feature", "id": "way/493720283", "properties": {"tags": {"building": "detached"}, "heightStatus": "unknown", "source": "OpenStreetMap", "license": "ODbL-1.0"}, "geometry": {"type": "MultiPolygon", "coordinates": [[[[113.9087097, 22.4823258], [113.908862, 22.4823258], [113.908862, 22.4824001], [113.9087098, 22.4824002], [113.9087097, 22.4823258]]]]}}, {"type": "Feature", "id": "way/493720284", "properties": {"tags": {"building": "detached"}, "heightStatus": "unknown", "source": "OpenStreetMap", "license": "ODbL-1.0"}, "geometry": {"type": "MultiPolygon", "coordinates": [[[[113.9087154, 22.4824456], [113.9088673, 22.4824368], [113.9088724, 22.482511], [113.9087205, 22.4825199], [113.9087154, 22.4824456]]]]}}, {"type": "Feature", "id": "way/493720285", "properties": {"tags": {"building": "detached"}, "heightStatus": "unknown", "source": "OpenStreetMap", "license": "ODbL-1.0"}, "geometry": {"type": "MultiPolygon", "coordinates": [[[[113.9087325, 22.4825754], [113.908883, 22.4825541], [113.9088952, 22.4826276], [113.9087446, 22.4826489], [113.9087325, 22.4825754]]]]}}, {"type": "Feature", "id": "way/493720286", "properties": {"tags": {"building": "detached"}, "heightStatus": "unknown", "source": "OpenStreetMap", "license": "ODbL-1.0"}, "geometry": {"type": "MultiPolygon", "coordinates": [[[[113.9087435, 22.4826955], [113.908894, 22.4826742], [113.9089062, 22.4827478], [113.9087557, 22.482769], [113.9087435, 22.4826955]]]]}}, {"type": "Feature", "id": "way/493720287", "properties": {"tags": {"building": "detached"}, "heightStatus": "unknown", "source": "OpenStreetMap", "license": "ODbL-1.0"}, "geometry": {"type": "MultiPolygon", "coordinates": [[[[113.9087582, 22.4828127], [113.9089086, 22.4827915], [113.9089208, 22.482865], [113.9087704, 22.4828863], [113.9087582, 22.4828127]]]]}}, {"type": "Feature", "id": "way/493720288", "properties": {"tags": {"building": "detached"}, "heightStatus": "unknown", "source": "OpenStreetMap", "license": "ODbL-1.0"}, "geometry": {"type": "MultiPolygon", "coordinates": [[[[113.9087768, 22.4829203], [113.9089273, 22.482899], [113.9089395, 22.4829726], [113.9087889, 22.4829937], [113.9087768, 22.4829203]]]]}}, {"type": "Feature", "id": "way/493720289", "properties": {"tags": {"building": "detached"}, "heightStatus": "unknown", "source": "OpenStreetMap", "license": "ODbL-1.0"}, "geometry": {"type": "MultiPolygon", "coordinates": [[[[113.9087932, 22.4830406], [113.9089436, 22.4830194], [113.9089557, 22.4830928], [113.9088053, 22.4831141], [113.9087932, 22.4830406]]]]}}, {"type": "Feature", "id": "way/493720290", "properties": {"tags": {"building": "detached"}, "heightStatus": "unknown", "source": "OpenStreetMap", "license": "ODbL-1.0"}, "geometry": {"type": "MultiPolygon", "coordinates": [[[[113.9088123, 22.4831539], [113.9089627, 22.4831326], [113.9089748, 22.4832061], [113.9088244, 22.4832274], [113.9088123, 22.4831539]]]]}}, {"type": "Feature", "id": "way/493720295", "properties": {"tags": {"building": "commercial", "name": "海洋石油大厦"}, "heightStatus": "unknown", "source": "OpenStreetMap", "license": "ODbL-1.0"}, "geometry": {"type": "MultiPolygon", "coordinates": [[[[113.9082217, 22.4863245], [113.9085816, 22.4861649], [113.9086561, 22.4863084], [113.9087213, 22.4862795], [113.9087696, 22.4863723], [113.9085872, 22.4864532], [113.9087779, 22.4868222], [113.9088584, 22.4869796], [113.9088211, 22.4869968], [113.9087821, 22.4870063], [113.9087465, 22.4870102], [113.9086957, 22.487006], [113.9086583, 22.4869922], [113.9086224, 22.4869632], [113.9085895, 22.4869163], [113.9085238, 22.4867892], [113.9083941, 22.4865389], [113.9083445, 22.4865609], [113.9082217, 22.4863245]]]]}}, {"type": "Feature", "id": "way/493720296", "properties": {"tags": {"building": "detached"}, "heightStatus": "unknown", "source": "OpenStreetMap", "license": "ODbL-1.0"}, "geometry": {"type": "MultiPolygon", "coordinates": [[[[113.9096049, 22.4850919], [113.9097536, 22.4850619], [113.9097708, 22.4851346], [113.909622, 22.4851645], [113.9096049, 22.4850919]]]]}}, {"type": "Feature", "id": "way/493720297", "properties": {"tags": {"building": "detached"}, "heightStatus": "unknown", "source": "OpenStreetMap", "license": "ODbL-1.0"}, "geometry": {"type": "MultiPolygon", "coordinates": [[[[113.9095769, 22.4849733], [113.9097256, 22.4849433], [113.9097427, 22.4850159], [113.909594, 22.4850459], [113.9095769, 22.4849733]]]]}}, {"type": "Feature", "id": "way/493720298", "properties": {"tags": {"building": "detached"}, "heightStatus": "unknown", "source": "OpenStreetMap", "license": "ODbL-1.0"}, "geometry": {"type": "MultiPolygon", "coordinates": [[[[113.9095337, 22.4848481], [113.9096824, 22.4848181], [113.9096995, 22.4848908], [113.9095508, 22.4849207], [113.9095337, 22.4848481]]]]}}, {"type": "Feature", "id": "way/493720299", "properties": {"tags": {"building": "detached"}, "heightStatus": "unknown", "source": "OpenStreetMap", "license": "ODbL-1.0"}, "geometry": {"type": "MultiPolygon", "coordinates": [[[[113.9095045, 22.4847316], [113.9096532, 22.4847016], [113.9096704, 22.4847743], [113.9095216, 22.4848042], [113.9095045, 22.4847316]]]]}}, {"type": "Feature", "id": "way/493720300", "properties": {"tags": {"building": "detached"}, "heightStatus": "unknown", "source": "OpenStreetMap", "license": "ODbL-1.0"}, "geometry": {"type": "MultiPolygon", "coordinates": [[[[113.9094695, 22.484614], [113.9096182, 22.4845841], [113.9096353, 22.4846567], [113.9094866, 22.4846867], [113.9094695, 22.484614]]]]}}, {"type": "Feature", "id": "way/493720301", "properties": {"tags": {"building": "detached"}, "heightStatus": "unknown", "source": "OpenStreetMap", "license": "ODbL-1.0"}, "geometry": {"type": "MultiPolygon", "coordinates": [[[[113.9094333, 22.4844943], [113.909582, 22.4844643], [113.9095991, 22.4845369], [113.9094504, 22.4845669], [113.9094333, 22.4844943]]]]}}, {"type": "Feature", "id": "way/493720302", "properties": {"tags": {"building": "detached"}, "heightStatus": "unknown", "source": "OpenStreetMap", "license": "ODbL-1.0"}, "geometry": {"type": "MultiPolygon", "coordinates": [[[[113.9094006, 22.4843627], [113.9095493, 22.4843327], [113.9095664, 22.4844053], [113.9094177, 22.4844353], [113.9094006, 22.4843627]]]]}}, {"type": "Feature", "id": "way/493720303", "properties": {"tags": {"building": "detached"}, "heightStatus": "unknown", "source": "OpenStreetMap", "license": "ODbL-1.0"}, "geometry": {"type": "MultiPolygon", "coordinates": [[[[113.9093644, 22.4842322], [113.9095131, 22.4842022], [113.9095303, 22.4842748], [113.9093815, 22.4843048], [113.9093644, 22.4842322]]]]}}, {"type": "Feature", "id": "way/493720304", "properties": {"tags": {"building": "detached"}, "heightStatus": "unknown", "source": "OpenStreetMap", "license": "ODbL-1.0"}, "geometry": {"type": "MultiPolygon", "coordinates": [[[[113.9093259, 22.4841135], [113.9094746, 22.4840835], [113.9094917, 22.4841561], [113.909343, 22.4841861], [113.9093259, 22.4841135]]]]}}, {"type": "Feature", "id": "way/493720305", "properties": {"tags": {"building": "detached"}, "heightStatus": "unknown", "source": "OpenStreetMap", "license": "ODbL-1.0"}, "geometry": {"type": "MultiPolygon", "coordinates": [[[[113.9092535, 22.4838546], [113.9094022, 22.4838246], [113.9094193, 22.4838972], [113.9092706, 22.4839272], [113.9092535, 22.4838546]]]]}}, {"type": "Feature", "id": "way/493720306", "properties": {"tags": {"building": "detached"}, "heightStatus": "unknown", "source": "OpenStreetMap", "license": "ODbL-1.0"}, "geometry": {"type": "MultiPolygon", "coordinates": [[[[113.9092243, 22.4837284], [113.909373, 22.4836984], [113.9093902, 22.483771], [113.9092414, 22.483801], [113.9092243, 22.4837284]]]]}}, {"type": "Feature", "id": "way/493720307", "properties": {"tags": {"building": "detached"}, "heightStatus": "unknown", "source": "OpenStreetMap", "license": "ODbL-1.0"}, "geometry": {"type": "MultiPolygon", "coordinates": [[[[113.9091893, 22.4835838], [113.909338, 22.4835539], [113.9093551, 22.4836265], [113.9092064, 22.4836565], [113.9091893, 22.4835838]]]]}}, {"type": "Feature", "id": "way/493720308", "properties": {"tags": {"building": "detached"}, "heightStatus": "unknown", "source": "OpenStreetMap", "license": "ODbL-1.0"}, "geometry": {"type": "MultiPolygon", "coordinates": [[[[113.9091566, 22.4834576], [113.9093053, 22.4834276], [113.9093224, 22.4835003], [113.9091737, 22.4835302], [113.9091566, 22.4834576]]]]}}, {"type": "Feature", "id": "way/493720309", "properties": {"tags": {"building": "detached"}, "heightStatus": "unknown", "source": "OpenStreetMap", "license": "ODbL-1.0"}, "geometry": {"type": "MultiPolygon", "coordinates": [[[[113.9091179, 22.4832312], [113.9092666, 22.4832012], [113.9092838, 22.4832738], [113.9091351, 22.4833038], [113.9091179, 22.4832312]]]]}}, {"type": "Feature", "id": "way/493720310", "properties": {"tags": {"building": "detached"}, "heightStatus": "unknown", "source": "OpenStreetMap", "license": "ODbL-1.0"}, "geometry": {"type": "MultiPolygon", "coordinates": [[[[113.9090924, 22.4831219], [113.9092411, 22.483092], [113.9092583, 22.4831646], [113.9091095, 22.4831946], [113.9090924, 22.4831219]]]]}}, {"type": "Feature", "id": "way/493720311", "properties": {"tags": {"building": "detached"}, "heightStatus": "unknown", "source": "OpenStreetMap", "license": "ODbL-1.0"}, "geometry": {"type": "MultiPolygon", "coordinates": [[[[113.9090782, 22.4829978], [113.9092269, 22.4829678], [113.9092441, 22.4830404], [113.9090954, 22.4830704], [113.9090782, 22.4829978]]]]}}, {"type": "Feature", "id": "way/493720312", "properties": {"tags": {"building": "detached"}, "heightStatus": "unknown", "source": "OpenStreetMap", "license": "ODbL-1.0"}, "geometry": {"type": "MultiPolygon", "coordinates": [[[[113.9090636, 22.4828843], [113.9092123, 22.4828543], [113.9092295, 22.4829269], [113.9090808, 22.4829569], [113.9090636, 22.4828843]]]]}}, {"type": "Feature", "id": "way/493720313", "properties": {"tags": {"building": "detached"}, "heightStatus": "unknown", "source": "OpenStreetMap", "license": "ODbL-1.0"}, "geometry": {"type": "MultiPolygon", "coordinates": [[[[113.9090417, 22.4827749], [113.9091904, 22.482745], [113.9092076, 22.4828176], [113.9090589, 22.4828476], [113.9090417, 22.4827749]]]]}}, {"type": "Feature", "id": "way/493720314", "properties": {"tags": {"building": "detached"}, "heightStatus": "unknown", "source": "OpenStreetMap", "license": "ODbL-1.0"}, "geometry": {"type": "MultiPolygon", "coordinates": [[[[113.9090106, 22.4826642], [113.9091594, 22.4826342], [113.9091765, 22.4827068], [113.9090278, 22.4827368], [113.9090106, 22.4826642]]]]}}, {"type": "Feature", "id": "way/493720315", "properties": {"tags": {"building": "detached"}, "heightStatus": "unknown", "source": "OpenStreetMap", "license": "ODbL-1.0"}, "geometry": {"type": "MultiPolygon", "coordinates": [[[[113.9090048, 22.4825386], [113.9091536, 22.4825086], [113.9091707, 22.4825812], [113.909022, 22.4826112], [113.9090048, 22.4825386]]]]}}, {"type": "Feature", "id": "way/493720316", "properties": {"tags": {"building": "detached"}, "heightStatus": "unknown", "source": "OpenStreetMap", "license": "ODbL-1.0"}, "geometry": {"type": "MultiPolygon", "coordinates": [[[[113.9089951, 22.4824146], [113.9091473, 22.4824124], [113.9091486, 22.4824867], [113.9089964, 22.4824889], [113.9089951, 22.4824146]]]]}}, {"type": "Feature", "id": "way/493720317", "properties": {"tags": {"building": "detached"}, "heightStatus": "unknown", "source": "OpenStreetMap", "license": "ODbL-1.0"}, "geometry": {"type": "MultiPolygon", "coordinates": [[[[113.9089796, 22.4823556], [113.9089836, 22.4822814], [113.9091356, 22.4822882], [113.9091317, 22.4823624], [113.9089796, 22.4823556]]]]}}, {"type": "Feature", "id": "way/493720318", "properties": {"tags": {"building": "detached"}, "heightStatus": "unknown", "source": "OpenStreetMap", "license": "ODbL-1.0"}, "geometry": {"type": "MultiPolygon", "coordinates": [[[[113.9089999, 22.4822271], [113.909023, 22.4821559], [113.9091688, 22.4821964], [113.9091456, 22.4822677], [113.9089999, 22.4822271]]]]}}, {"type": "Feature", "id": "way/493720658", "properties": {"tags": {"building": "detached"}, "heightStatus": "unknown", "source": "OpenStreetMap", "license": "ODbL-1.0"}, "geometry": {"type": "MultiPolygon", "coordinates": [[[[113.9093941, 22.4853184], [113.9095428, 22.4852884], [113.90956, 22.4853611], [113.9094112, 22.485391], [113.9093941, 22.4853184]]]]}}, {"type": "Feature", "id": "way/493720659", "properties": {"tags": {"building": "detached"}, "heightStatus": "unknown", "source": "OpenStreetMap", "license": "ODbL-1.0"}, "geometry": {"type": "MultiPolygon", "coordinates": [[[[113.9093651, 22.485205], [113.9095138, 22.485175], [113.909531, 22.4852477], [113.9093822, 22.4852776], [113.9093651, 22.485205]]]]}}, {"type": "Feature", "id": "way/493720660", "properties": {"tags": {"building": "detached"}, "heightStatus": "unknown", "source": "OpenStreetMap", "license": "ODbL-1.0"}, "geometry": {"type": "MultiPolygon", "coordinates": [[[[113.9092617, 22.4848126], [113.9094104, 22.4847826], [113.9094276, 22.4848553], [113.9092788, 22.4848852], [113.9092617, 22.4848126]]]]}}, {"type": "Feature", "id": "way/493720661", "properties": {"tags": {"building": "detached"}, "heightStatus": "unknown", "source": "OpenStreetMap", "license": "ODbL-1.0"}, "geometry": {"type": "MultiPolygon", "coordinates": [[[[113.9092231, 22.4847018], [113.9093718, 22.4846718], [113.909389, 22.4847445], [113.9092402, 22.4847744], [113.9092231, 22.4847018]]]]}}, {"type": "Feature", "id": "way/493720662", "properties": {"tags": {"building": "detached"}, "heightStatus": "unknown", "source": "OpenStreetMap", "license": "ODbL-1.0"}, "geometry": {"type": "MultiPolygon", "coordinates": [[[[113.9091955, 22.4846011], [113.9093442, 22.4845711], [113.9093614, 22.4846438], [113.9092126, 22.4846737], [113.9091955, 22.4846011]]]]}}, {"type": "Feature", "id": "way/493720663", "properties": {"tags": {"building": "detached"}, "heightStatus": "unknown", "source": "OpenStreetMap", "license": "ODbL-1.0"}, "geometry": {"type": "MultiPolygon", "coordinates": [[[[113.9091679, 22.4844992], [113.9093166, 22.4844692], [113.9093338, 22.4845419], [113.909185, 22.4845718], [113.9091679, 22.4844992]]]]}}, {"type": "Feature", "id": "way/493720664", "properties": {"tags": {"building": "detached"}, "heightStatus": "unknown", "source": "OpenStreetMap", "license": "ODbL-1.0"}, "geometry": {"type": "MultiPolygon", "coordinates": [[[[113.909139, 22.4843922], [113.9092877, 22.4843622], [113.9093049, 22.4844349], [113.9091561, 22.4844648], [113.909139, 22.4843922]]]]}}, {"type": "Feature", "id": "way/493720665", "properties": {"tags": {"building": "detached"}, "heightStatus": "unknown", "source": "OpenStreetMap", "license": "ODbL-1.0"}, "geometry": {"type": "MultiPolygon", "coordinates": [[[[113.9091059, 22.4843005], [113.9092546, 22.4842705], [113.9092718, 22.4843432], [113.909123, 22.4843731], [113.9091059, 22.4843005]]]]}}, {"type": "Feature", "id": "way/493720666", "properties": {"tags": {"building": "detached"}, "heightStatus": "unknown", "source": "OpenStreetMap", "license": "ODbL-1.0"}, "geometry": {"type": "MultiPolygon", "coordinates": [[[[113.9090811, 22.4841922], [113.9092298, 22.4841622], [113.909247, 22.4842349], [113.9090982, 22.4842648], [113.9090811, 22.4841922]]]]}}, {"type": "Feature", "id": "way/493722121", "properties": {"tags": {"addr:housename": "海滨花园", "addr:housename:zh": "海滨花园", "building": "apartments", "building:levels": "20", "name": "海晖阁", "name:zh": "海晖阁"}, "heightStatus": "levels_only_unverified", "source": "OpenStreetMap", "license": "ODbL-1.0"}, "geometry": {"type": "MultiPolygon", "coordinates": [[[[113.9109373, 22.4874962], [113.9109667, 22.4874544], [113.9109655, 22.4874257], [113.9110294, 22.4874233], [113.9110311, 22.4874614], [113.9110599, 22.4874603], [113.9110563, 22.487378], [113.9111202, 22.4873756], [113.9111217, 22.4874094], [113.9111521, 22.4874083], [113.9111488, 22.4873353], [113.9112466, 22.4873316], [113.9112826, 22.4874156], [113.911209, 22.4874425], [113.9112202, 22.4874686], [113.9112543, 22.4874561], [113.9112778, 22.4875111], [113.9111949, 22.4875414], [113.9112056, 22.4875662], [113.9112439, 22.4875522], [113.9112675, 22.4876071], [113.9112386, 22.4876177], [113.911209, 22.4876596], [113.911172, 22.4876373], [113.9111662, 22.4876456], [113.9111254, 22.4876211], [113.911145, 22.4875933], [113.9111316, 22.4875852], [113.911146, 22.4875646], [113.9110568, 22.487511], [113.9110423, 22.4875316], [113.9110289, 22.4875235], [113.9110093, 22.4875514], [113.9109685, 22.4875269], [113.9109744, 22.4875185], [113.9109373, 22.4874962]]]]}}, {"type": "Feature", "id": "way/521215963", "properties": {"tags": {"building": "yes", "internet_access": "wlan", "internet_access:fee": "no", "name": "深圳金銮富众酒店", "name:en": "Fuzon Hotel", "name:zh": "深圳金銮富众酒店", "smoking": "dedicated", "stars": "4", "tourism": "hotel"}, "heightStatus": "unknown", "source": "OpenStreetMap", "license": "ODbL-1.0"}, "geometry": {"type": "MultiPolygon", "coordinates": [[[[113.9139171, 22.4905502], [113.9141434, 22.4900736], [113.914279, 22.4900713], [113.9142834, 22.4902941], [113.9142863, 22.4904036], [113.9143453, 22.4904037], [113.9143541, 22.4906811], [113.9139216, 22.4906929], [113.9139171, 22.4905502]]]]}}, {"type": "Feature", "id": "way/521224779", "properties": {"tags": {"building": "yes", "name": "Port Office Shopping Centre", "shop": "mall", "wheelchair": "yes"}, "heightStatus": "unknown", "source": "OpenStreetMap", "license": "ODbL-1.0"}, "geometry": {"type": "MultiPolygon", "coordinates": [[[[113.9109046, 22.4881623], [113.9109612, 22.4880112], [113.9113563, 22.4882075], [113.911463, 22.4882605], [113.9114726, 22.4883668], [113.9111691, 22.4883834], [113.9109046, 22.4881623]]]]}}, {"type": "Feature", "id": "way/521224780", "properties": {"tags": {"building": "yes", "name": "Port Office Shopping Centre", "shop": "mall"}, "heightStatus": "unknown", "source": "OpenStreetMap", "license": "ODbL-1.0"}, "geometry": {"type": "MultiPolygon", "coordinates": [[[[113.9104443, 22.4880699], [113.910618, 22.4879914], [113.9107315, 22.4878344], [113.9108377, 22.4879023], [113.9108105, 22.4880309], [113.9104737, 22.4881533], [113.9104443, 22.4880699]]]]}}, {"type": "Feature", "id": "way/521224781", "properties": {"tags": {"building": "yes", "name": "Port Office Shopping Centre", "shop": "mall"}, "heightStatus": "unknown", "source": "OpenStreetMap", "license": "ODbL-1.0"}, "geometry": {"type": "MultiPolygon", "coordinates": [[[[113.9112687, 22.488932], [113.9112803, 22.4889085], [113.9114153, 22.4886161], [113.9113339, 22.4885201], [113.911323, 22.4884475], [113.9114639, 22.4884294], [113.9116207, 22.4884093], [113.9117902, 22.4885028], [113.9117646, 22.488587], [113.9117315, 22.4886559], [113.9115397, 22.4890458], [113.9112687, 22.488932]]]]}}, {"type": "Feature", "id": "way/521224782", "properties": {"tags": {"building": "yes", "shop": "mall"}, "heightStatus": "unknown", "source": "OpenStreetMap", "license": "ODbL-1.0"}, "geometry": {"type": "MultiPolygon", "coordinates": [[[[113.9105501, 22.488154], [113.9108123, 22.4880503], [113.9108317, 22.4881417], [113.9108815, 22.4881829], [113.9111282, 22.4883905], [113.911282, 22.488446], [113.9113021, 22.4885176], [113.9113796, 22.4886059], [113.9112188, 22.488893], [113.9109101, 22.4890216], [113.9108928, 22.4889862], [113.9107054, 22.4886248], [113.9107452, 22.4885752], [113.910586, 22.4882314], [113.9105583, 22.4881718], [113.9105501, 22.488154]]]]}}, {"type": "Feature", "id": "way/521226439", "properties": {"tags": {"addr:housenumber": "1", "addr:street": "工业三路", "building": "commercial", "building:levels": "27", "building:material": "mirror", "height": "110", "name": "招商局港口大厦", "office": "Port Authority"}, "heightStatus": "height_tag_unverified", "source": "OpenStreetMap", "license": "ODbL-1.0"}, "geometry": {"type": "MultiPolygon", "coordinates": [[[[113.9109633, 22.4890718], [113.9111779, 22.4889698], [113.9112372, 22.4889674], [113.9114824, 22.4890683], [113.9113375, 22.4893744], [113.911115, 22.4893871], [113.9109633, 22.4890718]]]]}}, {"type": "Feature", "id": "way/539914039", "properties": {"tags": {"building": "commercial"}, "heightStatus": "unknown", "source": "OpenStreetMap", "license": "ODbL-1.0"}, "geometry": {"type": "MultiPolygon", "coordinates": [[[[113.9128644, 22.4899059], [113.9130085, 22.4896114], [113.9139639, 22.4900103], [113.9138213, 22.490302], [113.9136897, 22.4902471], [113.9136516, 22.4903248], [113.9134771, 22.4902519], [113.9135108, 22.4901829], [113.9132038, 22.4900548], [113.9131675, 22.4901289], [113.9129995, 22.4900588], [113.9130386, 22.4899787], [113.9128644, 22.4899059]]]]}}, {"type": "Feature", "id": "way/539914040", "properties": {"tags": {"building": "commercial"}, "heightStatus": "unknown", "source": "OpenStreetMap", "license": "ODbL-1.0"}, "geometry": {"type": "MultiPolygon", "coordinates": [[[[113.913105, 22.489459], [113.9132381, 22.4891707], [113.9133933, 22.4892319], [113.9134284, 22.489156], [113.9140756, 22.4894111], [113.9140406, 22.4894868], [113.9142094, 22.4895533], [113.9140754, 22.4898436], [113.9137572, 22.4897182], [113.9137313, 22.4897742], [113.9136671, 22.4897489], [113.9136938, 22.4896911], [113.913105, 22.489459]]]]}}, {"type": "Feature", "id": "way/539914041", "properties": {"tags": {"building": "commercial"}, "heightStatus": "unknown", "source": "OpenStreetMap", "license": "ODbL-1.0"}, "geometry": {"type": "MultiPolygon", "coordinates": [[[[113.9119759, 22.4889938], [113.9121168, 22.488707], [113.912263, 22.4887683], [113.9123086, 22.4886755], [113.9124742, 22.4887449], [113.9124573, 22.4887793], [113.9127546, 22.488904], [113.9127719, 22.4888687], [113.9129461, 22.4889418], [113.9129073, 22.4890208], [113.9129401, 22.4890346], [113.9130248, 22.4889766], [113.9131295, 22.4891072], [113.9130227, 22.4891803], [113.9129199, 22.4893895], [113.9119759, 22.4889938]]]]}}, {"type": "Feature", "id": "way/543176168", "properties": {"tags": {"alt_name": "海上世界C区", "building": "yes", "name": "环船广场", "shop": "mall"}, "heightStatus": "unknown", "source": "OpenStreetMap", "license": "ODbL-1.0"}, "geometry": {"type": "MultiPolygon", "coordinates": [[[[113.9125387, 22.4855775], [113.9125481, 22.4855134], [113.9125955, 22.4854026], [113.9125636, 22.4853656], [113.9126333, 22.4851985], [113.9126768, 22.4852431], [113.9127009, 22.4851901], [113.912814, 22.4853123], [113.9128008, 22.4853704], [113.9130026, 22.4855775], [113.9132014, 22.485805], [113.9133402, 22.4859916], [113.9133686, 22.4860528], [113.9133623, 22.4861141], [113.9133276, 22.4861928], [113.9129174, 22.4867701], [113.9127911, 22.4866477], [113.9128984, 22.4863823], [113.9126144, 22.4858225], [113.9125671, 22.4857175], [113.9125418, 22.4856388], [113.9125387, 22.4855775]]]]}}, {"type": "Feature", "id": "way/543176171", "properties": {"tags": {"building": "commercial", "layer": "1"}, "heightStatus": "unknown", "source": "OpenStreetMap", "license": "ODbL-1.0"}, "geometry": {"type": "MultiPolygon", "coordinates": [[[[113.9116001, 22.4823867], [113.9118184, 22.4823088], [113.9118437, 22.4822932], [113.9118556, 22.4822651], [113.9118515, 22.4822408], [113.9118791, 22.4822305], [113.9119, 22.4821055], [113.9119908, 22.4821354], [113.9120061, 22.4821573], [113.9120517, 22.4822698], [113.91205, 22.4822948], [113.9120365, 22.4823166], [113.9118437, 22.4824463], [113.911815, 22.4824526], [113.9117828, 22.4824479], [113.9116001, 22.4823867]]]]}}, {"type": "Feature", "id": "way/543176172", "properties": {"tags": {"building": "commercial"}, "heightStatus": "unknown", "source": "OpenStreetMap", "license": "ODbL-1.0"}, "geometry": {"type": "MultiPolygon", "coordinates": [[[[113.9108064, 22.4829075], [113.9108108, 22.4828851], [113.9108471, 22.4828917], [113.9110153, 22.4828776], [113.9110185, 22.4829241], [113.9110057, 22.4829502], [113.9109159, 22.4829999], [113.9108852, 22.4829999], [113.9108621, 22.4829881], [113.9108108, 22.4829261], [113.9108064, 22.4829075]]]]}}, {"type": "Feature", "id": "way/543176178", "properties": {"tags": {"alt_name": "海上世界B区", "building": "yes", "name": "船尾广场", "shop": "mall"}, "heightStatus": "unknown", "source": "OpenStreetMap", "license": "ODbL-1.0"}, "geometry": {"type": "MultiPolygon", "coordinates": [[[[113.910285, 22.4853579], [113.9102985, 22.4853219], [113.9103374, 22.4852954], [113.9103713, 22.4852875], [113.9104169, 22.4852875], [113.9104863, 22.4853252], [113.9105283, 22.4853425], [113.9105577, 22.4853467], [113.9105791, 22.4853629], [113.9105892, 22.4853852], [113.9105892, 22.4854075], [113.9106065, 22.4854264], [113.9106324, 22.4854366], [113.9106565, 22.4854359], [113.9106797, 22.4854245], [113.910696, 22.485404], [113.9107005, 22.4853818], [113.9106914, 22.4853598], [113.910674, 22.485348], [113.9106232, 22.4853296], [113.9105871, 22.4853221], [113.9105444, 22.4853243], [113.9105071, 22.4853089], [113.9104748, 22.4852793], [113.9104631, 22.4852496], [113.9104609, 22.4852219], [113.9104756, 22.4851819], [113.9105015, 22.4851563], [113.911134, 22.4848797], [113.9114215, 22.4847578], [113.911621, 22.4846531], [113.9117242, 22.4847438], [113.9116481, 22.4848672], [113.9115348, 22.484886], [113.9114824, 22.4849516], [113.911249, 22.485036], [113.9111585, 22.4850836], [113.9111796, 22.4851125], [113.9112101, 22.4850969], [113.911227, 22.4852579], [113.9112067, 22.4852993], [113.9111678, 22.4853454], [113.911112, 22.4853782], [113.9110748, 22.4853813], [113.911041, 22.4853719], [113.910997, 22.4853344], [113.9109446, 22.4853344], [113.9109637, 22.4854052], [113.9109511, 22.4854297], [113.9109239, 22.4854475], [113.9108651, 22.4854876], [113.91086, 22.4855118], [113.91086, 22.4855626], [113.9108468, 22.4855883], [113.9108224, 22.485614], [113.9107856, 22.4856266], [113.9107454, 22.4856279], [113.910723, 22.4856188], [113.910696, 22.4855969], [113.9106858, 22.485561], [113.9106824, 22.485511], [113.9106672, 22.4854985], [113.9106469, 22.4854969], [113.910637, 22.4855087], [113.9106341, 22.4855242], [113.9106368, 22.4855422], [113.9106638, 22.4855813], [113.9106824, 22.4856188], [113.9106909, 22.4856469], [113.9107027, 22.485661], [113.9107247, 22.485661], [113.9107602, 22.4856454], [113.9107941, 22.4856501], [113.9108109, 22.4856535], [113.9108329, 22.4856688], [113.9108499, 22.4857063], [113.910855, 22.4857429], [113.910858, 22.4858746], [113.9108499, 22.4858938], [113.9108313, 22.4859173], [113.9107547, 22.4859516], [113.9107416, 22.4859642], [113.9107309, 22.4859791], [113.9107163, 22.4859907], [113.9106975, 22.4859985], [113.9106772, 22.486001], [113.9106534, 22.4859967], [113.9106326, 22.4859853], [113.9106187, 22.4859701], [113.9106104, 22.4859517], [113.9106083, 22.4859349], [113.9106111, 22.4859182], [113.9106185, 22.4859027], [113.910285, 22.4853579]]]]}}, {"type": "Feature", "id": "way/543176179", "properties": {"tags": {"building": "commercial"}, "heightStatus": "unknown", "source": "OpenStreetMap", "license": "ODbL-1.0"}, "geometry": {"type": "MultiPolygon", "coordinates": [[[[113.9117703, 22.4848482], [113.9118653, 22.484713], [113.9119854, 22.4847851], [113.9118904, 22.4849203], [113.9117703, 22.4848482]]]]}}, {"type": "Feature", "id": "way/543176180", "properties": {"tags": {"building": "commercial"}, "heightStatus": "unknown", "source": "OpenStreetMap", "license": "ODbL-1.0"}, "geometry": {"type": "MultiPolygon", "coordinates": [[[[113.9116032, 22.4850199], [113.911718, 22.4849178], [113.9118177, 22.4850135], [113.9117029, 22.4851156], [113.9116032, 22.4850199]]]]}}, {"type": "Feature", "id": "way/543176181", "properties": {"tags": {"building": "commercial"}, "heightStatus": "unknown", "source": "OpenStreetMap", "license": "ODbL-1.0"}, "geometry": {"type": "MultiPolygon", "coordinates": [[[[113.9112949, 22.4852572], [113.9114309, 22.4851684], [113.9115435, 22.4850643], [113.9116428, 22.4851497], [113.9115238, 22.4852593], [113.9114913, 22.485228], [113.9114776, 22.4852391], [113.9115037, 22.485275], [113.9113718, 22.48536], [113.9112949, 22.4852572]]]]}}, {"type": "Feature", "id": "way/543176182", "properties": {"tags": {"building": "commercial"}, "heightStatus": "unknown", "source": "OpenStreetMap", "license": "ODbL-1.0"}, "geometry": {"type": "MultiPolygon", "coordinates": [[[[113.911084, 22.485487], [113.9112141, 22.4853661], [113.911318, 22.4854616], [113.911188, 22.4855825], [113.911084, 22.485487]]]]}}, {"type": "Feature", "id": "way/543176183", "properties": {"tags": {"building": "roof", "layer": "1"}, "heightStatus": "unknown", "source": "OpenStreetMap", "license": "ODbL-1.0"}, "geometry": {"type": "MultiPolygon", "coordinates": [[[[113.9116096, 22.4866854], [113.9116257, 22.486669], [113.911665, 22.4866289], [113.9121035, 22.4869643], [113.912095, 22.4869768], [113.9120753, 22.4870061], [113.9116096, 22.4866854]]]]}}, {"type": "Feature", "id": "way/579823019", "properties": {"tags": {"addr:housename": "海滨花园", "addr:housename:zh": "海滨花园", "building": "apartments", "building:levels": "6", "name": "10栋", "name:zh": "10栋"}, "heightStatus": "levels_only_unverified", "source": "OpenStreetMap", "license": "ODbL-1.0"}, "geometry": {"type": "MultiPolygon", "coordinates": [[[[113.9122922, 22.4883349], [113.9123705, 22.4883284], [113.912369, 22.4883125], [113.9123456, 22.4883012], [113.912393, 22.4882181], [113.9125421, 22.4882907], [113.9124905, 22.4883812], [113.9124732, 22.4883728], [113.9124817, 22.4884607], [113.912387, 22.4884686], [113.9123817, 22.488413], [113.9123004, 22.4884197], [113.9122922, 22.4883349]]]]}}, {"type": "Feature", "id": "way/579823020", "properties": {"tags": {"addr:housename": "海滨花园", "addr:housename:zh": "海滨花园", "building": "apartments", "building:levels": "6", "name": "11栋", "name:zh": "11栋"}, "heightStatus": "levels_only_unverified", "source": "OpenStreetMap", "license": "ODbL-1.0"}, "geometry": {"type": "MultiPolygon", "coordinates": [[[[113.9125199, 22.4884689], [113.9125982, 22.4884625], [113.9125967, 22.4884466], [113.9125733, 22.4884352], [113.9126207, 22.4883522], [113.9127698, 22.4884248], [113.9127182, 22.4885153], [113.9127009, 22.4885068], [113.9127094, 22.4885948], [113.9126147, 22.4886026], [113.9126093, 22.4885471], [113.9125281, 22.4885538], [113.9125199, 22.4884689]]]]}}, {"type": "Feature", "id": "way/579823021", "properties": {"tags": {"addr:housename": "海滨花园", "addr:housename:zh": "海滨花园", "building": "apartments", "building:levels": "6", "name": "12栋", "name:zh": "12栋"}, "heightStatus": "levels_only_unverified", "source": "OpenStreetMap", "license": "ODbL-1.0"}, "geometry": {"type": "MultiPolygon", "coordinates": [[[[113.9127723, 22.4885676], [113.9128506, 22.4885612], [113.9128491, 22.4885453], [113.9128257, 22.4885339], [113.9128731, 22.4884509], [113.9130222, 22.4885235], [113.9129706, 22.488614], [113.9129533, 22.4886056], [113.9129618, 22.4886935], [113.9128671, 22.4887013], [113.9128618, 22.4886458], [113.9127805, 22.4886525], [113.9127723, 22.4885676]]]]}}, {"type": "Feature", "id": "way/579823022", "properties": {"tags": {"addr:housename": "海滨花园", "addr:housename:zh": "海滨花园", "building": "apartments", "building:levels": "6", "name": "9栋", "name:zh": "9栋"}, "heightStatus": "levels_only_unverified", "source": "OpenStreetMap", "license": "ODbL-1.0"}, "geometry": {"type": "MultiPolygon", "coordinates": [[[[113.9131623, 22.4884125], [113.9132406, 22.488406], [113.9132391, 22.4883901], [113.9132158, 22.4883788], [113.9132631, 22.4882957], [113.9134123, 22.4883683], [113.9133607, 22.4884588], [113.9133433, 22.4884504], [113.9133518, 22.4885383], [113.9132572, 22.4885462], [113.9132518, 22.4884906], [113.9131705, 22.4884973], [113.9131623, 22.4884125]]]]}}, {"type": "Feature", "id": "way/579823023", "properties": {"tags": {"addr:housename": "海滨花园", "addr:housename:zh": "海滨花园", "building": "apartments", "building:levels": "6", "name": "13栋", "name:zh": "13栋"}, "heightStatus": "levels_only_unverified", "source": "OpenStreetMap", "license": "ODbL-1.0"}, "geometry": {"type": "MultiPolygon", "coordinates": [[[[113.9130187, 22.4886638], [113.913097, 22.4886573], [113.9130955, 22.4886414], [113.9130722, 22.4886301], [113.9131195, 22.488547], [113.9132687, 22.4886196], [113.9132171, 22.4887101], [113.9131997, 22.4887017], [113.9132082, 22.4887896], [113.9131136, 22.4887975], [113.9131082, 22.4887419], [113.9130269, 22.4887486], [113.9130187, 22.4886638]]]]}}, {"type": "Feature", "id": "way/727329188", "properties": {"tags": {"building:levels": "16", "building:part": "yes"}, "heightStatus": "levels_only_unverified", "source": "OpenStreetMap", "license": "ODbL-1.0"}, "geometry": {"type": "MultiPolygon", "coordinates": [[[[113.9112924, 22.4824344], [113.9112985, 22.4823953], [113.9113227, 22.4823468], [113.9113583, 22.4823089], [113.9113986, 22.4822754], [113.9114591, 22.4822481], [113.9119015, 22.4820911], [113.9119, 22.4821055], [113.9118791, 22.4822305], [113.9118515, 22.4822408], [113.9115206, 22.4823627], [113.9114763, 22.482383], [113.9114519, 22.4824076], [113.9114383, 22.482433], [113.9114355, 22.4824638], [113.9114404, 22.4825227], [113.9114527, 22.4826718], [113.911321, 22.4827514], [113.911319, 22.4827326], [113.9112938, 22.4824866], [113.9112924, 22.4824344]]]]}}, {"type": "Feature", "id": "way/727329189", "properties": {"tags": {"building:levels": "16", "building:part": "yes"}, "heightStatus": "levels_only_unverified", "source": "OpenStreetMap", "license": "ODbL-1.0"}, "geometry": {"type": "MultiPolygon", "coordinates": [[[[113.9110059, 22.4822428], [113.9110079, 22.4822316], [113.9110314, 22.4821882], [113.9110401, 22.4821801], [113.9110502, 22.4821773], [113.911063, 22.482177], [113.9110726, 22.4821553], [113.9112187, 22.4822145], [113.9112102, 22.4822326], [113.9112159, 22.4822412], [113.9112176, 22.4822496], [113.9112162, 22.4822602], [113.91119, 22.4823124], [113.9111772, 22.4823223], [113.9111631, 22.482326], [113.911149, 22.4823242], [113.9111329, 22.4823179], [113.9110193, 22.4822624], [113.9110092, 22.4822531], [113.9110059, 22.4822428]]]]}}, {"type": "Feature", "id": "way/736397465", "properties": {"tags": {"addr:housename": "双玺花园", "addr:housename:en": "Shuangxi Garden", "addr:housename:zh": "双玺花园", "building": "apartments", "building:levels": "53", "building:material": "glass", "height": "187.9", "name": "B座", "name:en": "Block B", "name:zh": "B座"}, "heightStatus": "height_tag_unverified", "source": "OpenStreetMap", "license": "ODbL-1.0"}, "geometry": {"type": "MultiPolygon", "coordinates": [[[[113.916125, 22.4831018], [113.9162697, 22.4827824], [113.9166223, 22.482919], [113.9164777, 22.4832383], [113.916125, 22.4831018]]]]}}, {"type": "Feature", "id": "way/736397466", "properties": {"tags": {"addr:housename": "双玺花园", "addr:housename:en": "Shuangxi Garden", "addr:housename:zh": "双玺花园", "building": "apartments", "building:levels": "53", "building:material": "glass", "height": "187.9", "name": "A座", "name:en": "Block", "name:zh": "A座"}, "heightStatus": "height_tag_unverified", "source": "OpenStreetMap", "license": "ODbL-1.0"}, "geometry": {"type": "MultiPolygon", "coordinates": [[[[113.915196, 22.4828831], [113.9155373, 22.4827667], [113.9156682, 22.4830912], [113.9153272, 22.4832086], [113.915196, 22.4828831]]]]}}, {"type": "Feature", "id": "way/740022003", "properties": {"tags": {"building": "public", "layer": "1"}, "heightStatus": "unknown", "source": "OpenStreetMap", "license": "ODbL-1.0"}, "geometry": {"type": "MultiPolygon", "coordinates": [[[[113.9112607, 22.4834954], [113.911354, 22.4834524], [113.9112611, 22.4833368], [113.9121001, 22.4827757], [113.9125321, 22.4824867], [113.9127883, 22.4827949], [113.9127673, 22.4828158], [113.9127154, 22.4828703], [113.912802, 22.4829392], [113.9124676, 22.4833065], [113.9125394, 22.4833623], [113.9123204, 22.4836029], [113.9122469, 22.4835465], [113.9119066, 22.4839159], [113.9118265, 22.4838529], [113.9117515, 22.4837936], [113.9116614, 22.4837225], [113.9116034, 22.4837633], [113.9115211, 22.4836607], [113.911384, 22.4837239], [113.9112607, 22.4834954]]]]}}, {"type": "Feature", "id": "way/740022025", "properties": {"tags": {"addr:housename": "双玺花园", "addr:housename:en": "Shuangxi Garden", "addr:housename:zh": "双玺花园", "building": "house", "building:levels": "4", "name": "C栋", "name:zh": "C栋"}, "heightStatus": "levels_only_unverified", "source": "OpenStreetMap", "license": "ODbL-1.0"}, "geometry": {"type": "MultiPolygon", "coordinates": [[[[113.9135733, 22.4841481], [113.9138485, 22.4838521], [113.9139192, 22.4839966], [113.9138597, 22.4840606], [113.9139113, 22.4841016], [113.9138333, 22.4841855], [113.9137817, 22.4841445], [113.9136913, 22.4842417], [113.9135733, 22.4841481]]]]}}, {"type": "Feature", "id": "way/740022026", "properties": {"tags": {"addr:housename": "双玺花园", "addr:housename:en": "Shuangxi Garden", "addr:housename:zh": "双玺花园", "building": "house", "building:levels": "4", "name": "A栋", "name:zh": "A栋"}, "heightStatus": "levels_only_unverified", "source": "OpenStreetMap", "license": "ODbL-1.0"}, "geometry": {"type": "MultiPolygon", "coordinates": [[[[113.9130087, 22.484747], [113.9132839, 22.4844511], [113.9133546, 22.4845956], [113.9132951, 22.4846596], [113.9133468, 22.4847006], [113.9132687, 22.4847845], [113.9132171, 22.4847435], [113.9131267, 22.4848407], [113.9130087, 22.484747]]]]}}, {"type": "Feature", "id": "way/740022027", "properties": {"tags": {"addr:housename": "双玺花园", "addr:housename:en": "Shuangxi Garden", "addr:housename:zh": "双玺花园", "building": "house", "building:levels": "4", "name": "E栋", "name:zh": "E栋"}, "heightStatus": "levels_only_unverified", "source": "OpenStreetMap", "license": "ODbL-1.0"}, "geometry": {"type": "MultiPolygon", "coordinates": [[[[113.9141458, 22.4835427], [113.914421, 22.4832468], [113.9144917, 22.4833913], [113.9144322, 22.4834553], [113.9144838, 22.4834963], [113.9144058, 22.4835802], [113.9143542, 22.4835392], [113.9142638, 22.4836364], [113.9141458, 22.4835427]]]]}}, {"type": "Feature", "id": "way/740022028", "properties": {"tags": {"addr:housename": "双玺花园", "addr:housename:en": "Shuangxi Garden", "addr:housename:zh": "双玺花园", "building": "house", "building:levels": "4", "name": "K栋", "name:zh": "K栋"}, "heightStatus": "levels_only_unverified", "source": "OpenStreetMap", "license": "ODbL-1.0"}, "geometry": {"type": "MultiPolygon", "coordinates": [[[[113.9140565, 22.4846194], [113.9140583, 22.4844757], [113.914385, 22.4844792], [113.9144557, 22.4846237], [113.9140565, 22.4846194]]]]}}, {"type": "Feature", "id": "way/740022029", "properties": {"tags": {"addr:housename": "双玺花园", "addr:housename:en": "Shuangxi Garden", "addr:housename:zh": "双玺花园", "building": "house", "building:levels": "4", "name": "M栋", "name:zh": "M栋"}, "heightStatus": "levels_only_unverified", "source": "OpenStreetMap", "license": "ODbL-1.0"}, "geometry": {"type": "MultiPolygon", "coordinates": [[[[113.9135781, 22.4852825], [113.9135799, 22.4851388], [113.9139065, 22.4851423], [113.9139772, 22.4852868], [113.9135781, 22.4852825]]]]}}, {"type": "Feature", "id": "way/740022030", "properties": {"tags": {"addr:housename": "双玺花园", "addr:housename:en": "Shuangxi Garden", "addr:housename:zh": "双玺花园", "building": "house", "building:levels": "4", "name": "H栋", "name:zh": "H栋"}, "heightStatus": "levels_only_unverified", "source": "OpenStreetMap", "license": "ODbL-1.0"}, "geometry": {"type": "MultiPolygon", "coordinates": [[[[113.9147236, 22.4841075], [113.9147255, 22.4839637], [113.9150521, 22.4839673], [113.9151228, 22.4841118], [113.9147236, 22.4841075]]]]}}, {"type": "Feature", "id": "way/740022031", "properties": {"tags": {"addr:housename": "双玺花园", "addr:housename:en": "Shuangxi Garden", "addr:housename:zh": "双玺花园", "building": "apartments", "building:levels": "37", "name": "2栋", "name:zh": "2栋", "ref": "2"}, "heightStatus": "levels_only_unverified", "source": "OpenStreetMap", "license": "ODbL-1.0"}, "geometry": {"type": "MultiPolygon", "coordinates": [[[[113.9145026, 22.4851953], [113.9148176, 22.4851258], [113.9148877, 22.4853968], [113.9145726, 22.4854663], [113.9145026, 22.4851953]]]]}}, {"type": "Feature", "id": "way/740022032", "properties": {"tags": {"addr:housename": "双玺花园", "addr:housename:en": "Shuangxi Garden", "addr:housename:zh": "双玺花园", "building": "apartments", "building:levels": "37", "name": "1栋", "name:zh": "1栋", "ref": "1"}, "heightStatus": "levels_only_unverified", "source": "OpenStreetMap", "license": "ODbL-1.0"}, "geometry": {"type": "MultiPolygon", "coordinates": [[[[113.9149594, 22.4845784], [113.9152744, 22.4845089], [113.9153445, 22.4847798], [113.9150295, 22.4848494], [113.9149594, 22.4845784]]]]}}, {"type": "Feature", "id": "way/740022033", "properties": {"tags": {"addr:housename": "双玺花园", "addr:housename:en": "Shuangxi Garden", "addr:housename:zh": "双玺花园", "building": "apartments", "building:levels": "37", "name": "3栋", "name:zh": "3栋", "ref": "3"}, "heightStatus": "levels_only_unverified", "source": "OpenStreetMap", "license": "ODbL-1.0"}, "geometry": {"type": "MultiPolygon", "coordinates": [[[[113.9140434, 22.4858274], [113.9143584, 22.4857578], [113.9144285, 22.4860288], [113.9141135, 22.4860984], [113.9140434, 22.4858274]]]]}}, {"type": "Feature", "id": "way/740022034", "properties": {"tags": {"addr:housename": "双玺花园", "addr:housename:en": "Shuangxi Garden", "addr:housename:zh": "双玺花园", "building": "apartments", "name": "7栋", "name:zh": "7栋"}, "heightStatus": "unknown", "source": "OpenStreetMap", "license": "ODbL-1.0"}, "geometry": {"type": "MultiPolygon", "coordinates": [[[[113.9149741, 22.4857769], [113.9152354, 22.4857093], [113.9154684, 22.4857483], [113.9156861, 22.4856247], [113.9157372, 22.4857016], [113.9154872, 22.4858435], [113.9152436, 22.4857991], [113.9149999, 22.4858621], [113.9149741, 22.4857769]]]]}}, {"type": "Feature", "id": "way/740022035", "properties": {"tags": {"addr:housename": "双玺花园", "addr:housename:en": "Shuangxi Garden", "addr:housename:zh": "双玺花园", "building": "apartments", "name": "6栋", "name:zh": "6栋"}, "heightStatus": "unknown", "source": "OpenStreetMap", "license": "ODbL-1.0"}, "geometry": {"type": "MultiPolygon", "coordinates": [[[[113.9148388, 22.4860863], [113.9151001, 22.4860188], [113.9153332, 22.4860578], [113.9155508, 22.4859342], [113.9156019, 22.4860111], [113.9153519, 22.486153], [113.9151083, 22.4861086], [113.9148646, 22.4861716], [113.9148388, 22.4860863]]]]}}, {"type": "Feature", "id": "way/740022036", "properties": {"tags": {"addr:housename": "双玺花园", "addr:housename:en": "Shuangxi Garden", "addr:housename:zh": "双玺花园", "building": "apartments", "name": "8栋", "name:zh": "8栋"}, "heightStatus": "unknown", "source": "OpenStreetMap", "license": "ODbL-1.0"}, "geometry": {"type": "MultiPolygon", "coordinates": [[[[113.9150891, 22.4854088], [113.9153503, 22.4853412], [113.9155834, 22.4853802], [113.9158011, 22.4852567], [113.9158522, 22.4853335], [113.9156022, 22.4854754], [113.9153585, 22.4854311], [113.9151149, 22.485494], [113.9150891, 22.4854088]]]]}}, {"type": "Feature", "id": "way/740022037", "properties": {"tags": {"addr:housename": "双玺花园", "addr:housename:en": "Shuangxi Garden", "addr:housename:zh": "双玺花园", "building": "apartments", "name": "9栋", "name:zh": "9栋"}, "heightStatus": "unknown", "source": "OpenStreetMap", "license": "ODbL-1.0"}, "geometry": {"type": "MultiPolygon", "coordinates": [[[[113.9152129, 22.4851129], [113.9154741, 22.4850454], [113.9157072, 22.4850843], [113.9159248, 22.4849608], [113.915976, 22.4850376], [113.915726, 22.4851796], [113.9154823, 22.4851352], [113.9152387, 22.4851981], [113.9152129, 22.4851129]]]]}}, {"type": "Feature", "id": "way/740022038", "properties": {"tags": {"addr:housename": "双玺花园", "addr:housename:en": "Shuangxi Garden", "addr:housename:zh": "双玺花园", "building": "apartments", "building:levels": "31", "name": "5栋", "name:zh": "5栋", "ref": "5"}, "heightStatus": "levels_only_unverified", "source": "OpenStreetMap", "license": "ODbL-1.0"}, "geometry": {"type": "MultiPolygon", "coordinates": [[[[113.914743, 22.4866352], [113.9148355, 22.4863699], [113.9151438, 22.4864617], [113.9150513, 22.4867269], [113.914743, 22.4866352]]]]}}, {"type": "Feature", "id": "way/740022039", "properties": {"tags": {"building": "yes", "name": "船头广场", "shop": "mall"}, "heightStatus": "unknown", "source": "OpenStreetMap", "license": "ODbL-1.0"}, "geometry": {"type": "MultiPolygon", "coordinates": [[[[113.912978, 22.4873322], [113.9129828, 22.4872866], [113.9130015, 22.4872294], [113.9130365, 22.4871712], [113.913082, 22.487127], [113.9131461, 22.487085], [113.9131986, 22.487057], [113.9132552, 22.4870263], [113.9132854, 22.4870053], [113.9133001, 22.4869891], [113.91332, 22.4869556], [113.9133351, 22.4868931], [113.9133491, 22.4868479], [113.9133713, 22.4867907], [113.91339, 22.4867498], [113.9134331, 22.4866797], [113.9134973, 22.4866021], [113.9135346, 22.4865687], [113.9135883, 22.4865557], [113.913656, 22.4865536], [113.9137085, 22.4865687], [113.9137446, 22.4865967], [113.913775, 22.4866355], [113.9137913, 22.4866797], [113.913789, 22.486726], [113.9137738, 22.486767], [113.913635, 22.4869697], [113.9136, 22.4870095], [113.913558, 22.487044], [113.9135125, 22.4870678], [113.9134705, 22.487085], [113.9134261, 22.4870969], [113.9133841, 22.4871012], [113.9133933, 22.4872237], [113.9133946, 22.4872639], [113.91339, 22.4873011], [113.9133825, 22.4873274], [113.9133701, 22.4873566], [113.9133488, 22.4873918], [113.91332, 22.4874283], [113.9132855, 22.487465], [113.9132544, 22.4874911], [113.9132144, 22.4875086], [113.9131759, 22.4875173], [113.9131347, 22.4875162], [113.913096, 22.4875076], [113.9130586, 22.4874882], [113.9130305, 22.487467], [113.9130085, 22.4874391], [113.912991, 22.4874086], [113.9129814, 22.4873779], [113.912978, 22.4873322]]]]}}, {"type": "Feature", "id": "way/783232509", "properties": {"tags": {"building": "yes"}, "heightStatus": "unknown", "source": "OpenStreetMap", "license": "ODbL-1.0"}, "geometry": {"type": "MultiPolygon", "coordinates": [[[[113.9103267, 22.4837823], [113.9103549, 22.4837701], [113.9105822, 22.4836718], [113.9106293, 22.4836515], [113.9108763, 22.4841395], [113.9105736, 22.4842703], [113.9103267, 22.4837823]]]]}}, {"type": "Feature", "id": "way/783232510", "properties": {"tags": {"building": "yes"}, "heightStatus": "unknown", "source": "OpenStreetMap", "license": "ODbL-1.0"}, "geometry": {"type": "MultiPolygon", "coordinates": [[[[113.9101135, 22.4846513], [113.9104223, 22.4845163], [113.9105891, 22.4848423], [113.9102804, 22.4849772], [113.9101135, 22.4846513]]]]}}, {"type": "Feature", "id": "way/783232511", "properties": {"tags": {"building:levels": "4", "building:part": "yes", "roof:colour": "white"}, "heightStatus": "levels_only_unverified", "source": "OpenStreetMap", "license": "ODbL-1.0"}, "geometry": {"type": "MultiPolygon", "coordinates": [[[[113.911354, 22.4834524], [113.9116651, 22.483309], [113.9117884, 22.4835375], [113.9115603, 22.4836426], [113.9115211, 22.4836607], [113.911354, 22.4834524]]]]}}, {"type": "Feature", "id": "way/783232512", "properties": {"tags": {"building:levels": "4", "building:min_level": "2", "building:part": "yes", "roof:colour": "white"}, "heightStatus": "levels_only_unverified", "source": "OpenStreetMap", "license": "ODbL-1.0"}, "geometry": {"type": "MultiPolygon", "coordinates": [[[[113.9112607, 22.4834954], [113.911354, 22.4834524], [113.9115211, 22.4836607], [113.911384, 22.4837239], [113.9112607, 22.4834954]]]]}}, {"type": "Feature", "id": "way/783232513", "properties": {"tags": {"building:levels": "4", "building:part": "yes", "roof:colour": "white"}, "heightStatus": "levels_only_unverified", "source": "OpenStreetMap", "license": "ODbL-1.0"}, "geometry": {"type": "MultiPolygon", "coordinates": [[[[113.9120369, 22.4833825], [113.912256, 22.483142], [113.9124676, 22.4833065], [113.9122469, 22.4835465], [113.9121668, 22.4834835], [113.9120369, 22.4833825]]]]}}, {"type": "Feature", "id": "way/783232514", "properties": {"tags": {"building:levels": "4", "building:min_level": "2", "building:part": "yes", "roof:colour": "white"}, "heightStatus": "levels_only_unverified", "source": "OpenStreetMap", "license": "ODbL-1.0"}, "geometry": {"type": "MultiPolygon", "coordinates": [[[[113.9122469, 22.4835465], [113.9124676, 22.4833065], [113.9125394, 22.4833623], [113.9123204, 22.4836029], [113.9122469, 22.4835465]]]]}}, {"type": "Feature", "id": "way/783232515", "properties": {"tags": {"building:levels": "2", "building:part": "yes", "roof:material": "grass"}, "heightStatus": "levels_only_unverified", "source": "OpenStreetMap", "license": "ODbL-1.0"}, "geometry": {"type": "MultiPolygon", "coordinates": [[[[113.9112611, 22.4833368], [113.9121001, 22.4827757], [113.9121207, 22.4828018], [113.9121731, 22.4828683], [113.9124048, 22.482623], [113.9124627, 22.4826691], [113.9122118, 22.4829326], [113.9124622, 22.4831362], [113.9127154, 22.4828703], [113.912802, 22.4829392], [113.9124676, 22.4833065], [113.912256, 22.483142], [113.9120369, 22.4833825], [113.9121668, 22.4834835], [113.9118265, 22.4838529], [113.9117515, 22.4837936], [113.9116614, 22.4837225], [113.9115603, 22.4836426], [113.9117884, 22.4835375], [113.9116651, 22.483309], [113.911354, 22.4834524], [113.9112611, 22.4833368]]]]}}, {"type": "Feature", "id": "way/783232516", "properties": {"tags": {"building:levels": "0", "building:part": "yes", "roof:direction": "320", "roof:levels": "2", "roof:shape": "skillion"}, "heightStatus": "levels_only_unverified", "source": "OpenStreetMap", "license": "ODbL-1.0"}, "geometry": {"type": "MultiPolygon", "coordinates": [[[[113.9118265, 22.4838529], [113.9121668, 22.4834835], [113.9122469, 22.4835465], [113.9119066, 22.4839159], [113.9118265, 22.4838529]]]]}}, {"type": "Feature", "id": "way/783232517", "properties": {"tags": {"building:levels": "1", "building:part": "yes"}, "heightStatus": "levels_only_unverified", "source": "OpenStreetMap", "license": "ODbL-1.0"}, "geometry": {"type": "MultiPolygon", "coordinates": [[[[113.9115211, 22.4836607], [113.9115603, 22.4836426], [113.9116614, 22.4837225], [113.9116034, 22.4837633], [113.9115211, 22.4836607]]]]}}, {"type": "Feature", "id": "way/783232518", "properties": {"tags": {"building:levels": "4", "building:part": "yes", "roof:colour": "white"}, "heightStatus": "levels_only_unverified", "source": "OpenStreetMap", "license": "ODbL-1.0"}, "geometry": {"type": "MultiPolygon", "coordinates": [[[[113.9122118, 22.4829326], [113.9124627, 22.4826691], [113.9125928, 22.4827727], [113.9127154, 22.4828703], [113.9124622, 22.4831362], [113.9122118, 22.4829326]]]]}}, {"type": "Feature", "id": "way/783232519", "properties": {"tags": {"building:levels": "4", "building:min_level": "2", "building:part": "yes", "roof:colour": "white"}, "heightStatus": "levels_only_unverified", "source": "OpenStreetMap", "license": "ODbL-1.0"}, "geometry": {"type": "MultiPolygon", "coordinates": [[[[113.9124627, 22.4826691], [113.9125168, 22.4826123], [113.9127673, 22.4828158], [113.9127154, 22.4828703], [113.9125928, 22.4827727], [113.9124627, 22.4826691]]]]}}, {"type": "Feature", "id": "way/783232520", "properties": {"tags": {"building:levels": "0", "building:part": "yes", "roof:direction": "136", "roof:levels": "2", "roof:shape": "skillion"}, "heightStatus": "levels_only_unverified", "source": "OpenStreetMap", "license": "ODbL-1.0"}, "geometry": {"type": "MultiPolygon", "coordinates": [[[[113.9121001, 22.4827757], [113.9125321, 22.4824867], [113.9127883, 22.4827949], [113.9127673, 22.4828158], [113.9127154, 22.4828703], [113.9125928, 22.4827727], [113.9124627, 22.4826691], [113.9124048, 22.482623], [113.9121731, 22.4828683], [113.9121207, 22.4828018], [113.9121001, 22.4827757]]]]}}, {"type": "Feature", "id": "way/783232525", "properties": {"tags": {"building:levels": "8", "building:part": "yes"}, "heightStatus": "levels_only_unverified", "source": "OpenStreetMap", "license": "ODbL-1.0"}, "geometry": {"type": "MultiPolygon", "coordinates": [[[[113.9082552, 22.4863432], [113.9084685, 22.4862485], [113.9085661, 22.4864361], [113.9083529, 22.4865309], [113.9082552, 22.4863432]]]]}}, {"type": "Feature", "id": "way/783232526", "properties": {"tags": {"building:levels": "25", "building:material": "glass", "building:part": "yes", "height": "100"}, "heightStatus": "height_tag_unverified", "source": "OpenStreetMap", "license": "ODbL-1.0"}, "geometry": {"type": "MultiPolygon", "coordinates": [[[[113.9085238, 22.4867892], [113.9085918, 22.48676], [113.9086319, 22.4867515], [113.9086831, 22.4867499], [113.9087269, 22.4867644], [113.9087566, 22.4867906], [113.9087779, 22.4868222], [113.9088584, 22.4869796], [113.9088211, 22.4869968], [113.9087821, 22.4870063], [113.9087465, 22.4870102], [113.9086957, 22.487006], [113.9086583, 22.4869922], [113.9086224, 22.4869632], [113.9085895, 22.4869163], [113.9085238, 22.4867892]]]]}}, {"type": "Feature", "id": "way/783232528", "properties": {"tags": {"building": "commercial", "building:levels": "24", "building:material": "mirror", "height": "204.8", "name": "太子广场", "name:en": "Prince Plaza", "name:zh": "太子广场", "wikidata": "Q29837413"}, "heightStatus": "height_tag_unverified", "source": "OpenStreetMap", "license": "ODbL-1.0"}, "geometry": {"type": "MultiPolygon", "coordinates": [[[[113.9089679, 22.4873921], [113.9093418, 22.4872305], [113.9094464, 22.4874382], [113.9095396, 22.4876234], [113.9092925, 22.4877312], [113.9091671, 22.4877854], [113.9089679, 22.4873921]]]]}}, {"type": "Feature", "id": "way/783232529", "properties": {"tags": {"building": "retail", "building:levels": "4", "name": "汇港购物中心二期", "name:en": "Gateway One Shopping Center II", "name:zh": "汇港购物中心二期", "roof:levels": "1", "shop": "mall"}, "heightStatus": "levels_only_unverified", "source": "OpenStreetMap", "license": "ODbL-1.0"}, "geometry": {"type": "MultiPolygon", "coordinates": [[[[113.9092548, 22.4879375], [113.9093597, 22.487842], [113.9092925, 22.4877312], [113.9095396, 22.4876234], [113.9096254, 22.4877948], [113.9097938, 22.4877875], [113.910103, 22.4883954], [113.9101321, 22.4884527], [113.9100081, 22.4885197], [113.9102511, 22.4889976], [113.9098764, 22.4891602], [113.9092548, 22.4879375]]]]}}, {"type": "Feature", "id": "way/783232530", "properties": {"tags": {"building:levels": "20", "building:part": "yes"}, "heightStatus": "levels_only_unverified", "source": "OpenStreetMap", "license": "ODbL-1.0"}, "geometry": {"type": "MultiPolygon", "coordinates": [[[[113.910176, 22.4876882], [113.9103349, 22.4875567], [113.9104379, 22.4876036], [113.9104721, 22.4876981], [113.9103132, 22.4878297], [113.9102093, 22.4877826], [113.910176, 22.4876882]]]]}}, {"type": "Feature", "id": "way/783526935", "properties": {"tags": {"building": "apartments", "building:levels": "28"}, "heightStatus": "levels_only_unverified", "source": "OpenStreetMap", "license": "ODbL-1.0"}, "geometry": {"type": "MultiPolygon", "coordinates": [[[[113.9097925, 22.48261], [113.9099332, 22.4825518], [113.9099436, 22.4825732], [113.9099941, 22.4825523], [113.9100606, 22.4826899], [113.9100101, 22.4827108], [113.9100243, 22.4827402], [113.9098836, 22.4827983], [113.9097925, 22.48261]]]]}}, {"type": "Feature", "id": "way/783526936", "properties": {"tags": {"building": "apartments", "building:levels": "28"}, "heightStatus": "levels_only_unverified", "source": "OpenStreetMap", "license": "ODbL-1.0"}, "geometry": {"type": "MultiPolygon", "coordinates": [[[[113.9098085, 22.4830105], [113.9099493, 22.4829524], [113.9099596, 22.4829737], [113.9100102, 22.4829529], [113.9100767, 22.4830904], [113.9100262, 22.4831113], [113.9100404, 22.4831407], [113.9098996, 22.4831988], [113.9098085, 22.4830105]]]]}}, {"type": "Feature", "id": "way/783526937", "properties": {"tags": {"building": "apartments", "building:levels": "28"}, "heightStatus": "levels_only_unverified", "source": "OpenStreetMap", "license": "ODbL-1.0"}, "geometry": {"type": "MultiPolygon", "coordinates": [[[[113.9098032, 22.4834178], [113.9099431, 22.483358], [113.9099537, 22.4833793], [113.910004, 22.4833578], [113.9100724, 22.4834946], [113.9100222, 22.483516], [113.9100368, 22.4835452], [113.9098968, 22.483605], [113.9098032, 22.4834178]]]]}}, {"type": "Feature", "id": "way/783526938", "properties": {"tags": {"building": "yes"}, "heightStatus": "unknown", "source": "OpenStreetMap", "license": "ODbL-1.0"}, "geometry": {"type": "MultiPolygon", "coordinates": [[[[113.9100611, 22.4832118], [113.9102917, 22.4831115], [113.9104282, 22.4833795], [113.9104236, 22.4833815], [113.9101977, 22.4834798], [113.9100611, 22.4832118]]]]}}, {"type": "Feature", "id": "way/969647540", "properties": {"tags": {"building": "yes", "layer": "1"}, "heightStatus": "unknown", "source": "OpenStreetMap", "license": "ODbL-1.0"}, "geometry": {"type": "MultiPolygon", "coordinates": [[[[113.9101977, 22.4834798], [113.9104236, 22.4833815], [113.9105822, 22.4836718], [113.9103549, 22.4837701], [113.9101977, 22.4834798]]]]}}, {"type": "Feature", "id": "way/1169319904", "properties": {"tags": {"building": "detached"}, "heightStatus": "unknown", "source": "OpenStreetMap", "license": "ODbL-1.0"}, "geometry": {"type": "MultiPolygon", "coordinates": [[[[113.9088315, 22.4832623], [113.908982, 22.4832411], [113.9089941, 22.4833145], [113.9088436, 22.4833358], [113.9088315, 22.4832623]]]]}}, {"type": "Feature", "id": "way/1303505492", "properties": {"tags": {"building": "train_station", "building:levels": "0", "building:levels:underground": "2", "layer": "-1", "location": "underground", "name": "海上世界站", "name:en": "Sea World Station", "name:zh": "海上世界站", "public_transport": "station", "start_date": "2010-12-28", "wikidata": "Q5942466", "wikipedia": "zh:海上世界站"}, "heightStatus": "levels_only_unverified", "source": "OpenStreetMap", "license": "ODbL-1.0"}, "geometry": {"type": "MultiPolygon", "coordinates": [[[[113.908226, 22.4877241], [113.9084068, 22.4876451], [113.9083964, 22.4876248], [113.9085144, 22.4875732], [113.9084961, 22.4875375], [113.9087089, 22.4874444], [113.9087271, 22.48748], [113.9087705, 22.487461], [113.9088312, 22.4875794], [113.9087919, 22.4875965], [113.9089054, 22.4878179], [113.9089762, 22.487787], [113.9091025, 22.4880335], [113.9091134, 22.4880288], [113.9091535, 22.4881071], [113.9091478, 22.4881095], [113.9092086, 22.4882281], [113.9091811, 22.4882401], [113.9091923, 22.4882618], [113.9091514, 22.4882797], [113.9091751, 22.4883258], [113.9092632, 22.4882873], [113.9093279, 22.4884137], [113.9100363, 22.4881038], [113.9099561, 22.4879473], [113.9098231, 22.4880055], [113.9097337, 22.4878312], [113.9097941, 22.4878048], [113.9097637, 22.4877454], [113.909621, 22.4878078], [113.9095576, 22.4876841], [113.9097449, 22.4876022], [113.9096817, 22.4874788], [113.909884, 22.4873903], [113.9099446, 22.4875087], [113.9099307, 22.4875148], [113.9099577, 22.4875675], [113.9099927, 22.4875538], [113.9100065, 22.4873336], [113.9102382, 22.4871465], [113.9102239, 22.4871328], [113.9102841, 22.4870848], [113.9103607, 22.4871641], [113.9103019, 22.4872134], [113.9102887, 22.4871995], [113.9100776, 22.4873744], [113.9100616, 22.4875934], [113.9099906, 22.4876276], [113.9106155, 22.4888225], [113.9106435, 22.4888103], [113.9107055, 22.4889314], [113.9103243, 22.4890981], [113.9101058, 22.4886716], [113.9101241, 22.4886636], [113.9100671, 22.4885523], [113.9102351, 22.4884788], [113.9101096, 22.4882338], [113.9093677, 22.4885583], [113.9093985, 22.4886186], [113.9093453, 22.4886419], [113.90942, 22.4887876], [113.9094769, 22.4887627], [113.909639, 22.4886954], [113.9096879, 22.4887883], [113.909525, 22.4888621], [113.9097593, 22.489314], [113.9095046, 22.4894254], [113.9094425, 22.4893042], [113.9094662, 22.4892938], [113.9092819, 22.488934], [113.9092387, 22.4889529], [113.9093423, 22.4891622], [113.9092927, 22.4891833], [113.9091512, 22.4889005], [113.9092362, 22.4888633], [113.9089695, 22.4883428], [113.9089365, 22.4883573], [113.90894, 22.4883641], [113.9088667, 22.4883961], [113.9088811, 22.4884242], [113.9088471, 22.4884391], [113.9085907, 22.4879385], [113.9086523, 22.4879115], [113.9086855, 22.4879764], [113.9087471, 22.4879494], [113.9087075, 22.487872], [113.9087137, 22.4878693], [113.9087, 22.4878425], [113.9086273, 22.4878743], [113.908608, 22.4878366], [113.9085252, 22.4878728], [113.9084166, 22.4876608], [113.9082994, 22.4877121], [113.9083527, 22.4878161], [113.9082877, 22.4878445], [113.908226, 22.4877241]]]]}}, {"type": "Feature", "id": "way/1409276414", "properties": {"tags": {"building": "yes", "building:levels": "2", "building:min_level": "1", "layer": "1"}, "heightStatus": "levels_only_unverified", "source": "OpenStreetMap", "license": "ODbL-1.0"}, "geometry": {"type": "MultiPolygon", "coordinates": [[[[113.910103, 22.4883954], [113.910401, 22.4882371], [113.9105583, 22.4881718], [113.910586, 22.4882314], [113.910436, 22.4882936], [113.9101321, 22.4884527], [113.910103, 22.4883954]]]]}}, {"type": "Feature", "id": "way/1426663921", "properties": {"tags": {"building": "yes", "name": "会所"}, "heightStatus": "unknown", "source": "OpenStreetMap", "license": "ODbL-1.0"}, "geometry": {"type": "MultiPolygon", "coordinates": [[[[113.9156351, 22.4827398], [113.9156928, 22.4827308], [113.9157509, 22.4827244], [113.9158092, 22.4827206], [113.9158677, 22.4827194], [113.9159262, 22.4827207], [113.9159846, 22.4827246], [113.9160427, 22.4827311], [113.9161003, 22.4827402], [113.9161575, 22.4827517], [113.9161044, 22.4829525], [113.9160577, 22.482943], [113.9160105, 22.4829356], [113.915984, 22.4831046], [113.9159453, 22.4831003], [113.9159063, 22.4830977], [113.9158674, 22.4830968], [113.9158284, 22.4830976], [113.9157894, 22.4831001], [113.915772, 22.4829302], [113.9157245, 22.4829354], [113.9156773, 22.4829427], [113.9156351, 22.4827398]]]]}}, {"type": "Feature", "id": "way/1426663925", "properties": {"tags": {"amenity": "kindergarten", "building": "school", "education": "kindergarten", "name": "双玺幼儿园", "name:zh": "双玺幼儿园"}, "heightStatus": "unknown", "source": "OpenStreetMap", "license": "ODbL-1.0"}, "geometry": {"type": "MultiPolygon", "coordinates": [[[[113.9160475, 22.4839589], [113.916095, 22.4839213], [113.916078, 22.483903], [113.916296, 22.4837303], [113.9164907, 22.4837934], [113.9164433, 22.4839182], [113.9163066, 22.4838739], [113.9161117, 22.4840282], [113.9160475, 22.4839589]]]]}}, {"type": "Feature", "id": "way/1426663926", "properties": {"tags": {"addr:housename": "双玺花园", "addr:housename:en": "Shuangxi Garden", "addr:housename:zh": "双玺花园", "building": "house", "building:levels": "4", "name": "L栋", "name:zh": "L栋"}, "heightStatus": "levels_only_unverified", "source": "OpenStreetMap", "license": "ODbL-1.0"}, "geometry": {"type": "MultiPolygon", "coordinates": [[[[113.9139065, 22.4851423], [113.9141344, 22.4848973], [113.9142524, 22.4849909], [113.9139772, 22.4852868], [113.9139065, 22.4851423]]]]}}, {"type": "Feature", "id": "way/1426663927", "properties": {"tags": {"addr:housename": "双玺花园", "addr:housename:en": "Shuangxi Garden", "addr:housename:zh": "双玺花园", "building": "house", "building:levels": "4", "name": "J栋", "name:zh": "J栋"}, "heightStatus": "levels_only_unverified", "source": "OpenStreetMap", "license": "ODbL-1.0"}, "geometry": {"type": "MultiPolygon", "coordinates": [[[[113.914385, 22.4844792], [113.9146129, 22.4842341], [113.9147309, 22.4843278], [113.9144557, 22.4846237], [113.914385, 22.4844792]]]]}}, {"type": "Feature", "id": "way/1426663928", "properties": {"tags": {"addr:housename": "双玺花园", "addr:housename:en": "Shuangxi Garden", "addr:housename:zh": "双玺花园", "building": "house", "building:levels": "4", "name": "G栋", "name:zh": "G栋"}, "heightStatus": "levels_only_unverified", "source": "OpenStreetMap", "license": "ODbL-1.0"}, "geometry": {"type": "MultiPolygon", "coordinates": [[[[113.9150521, 22.4839673], [113.91528, 22.4837222], [113.915398, 22.4838158], [113.9151228, 22.4841118], [113.9150521, 22.4839673]]]]}}, {"type": "Feature", "id": "way/1426663929", "properties": {"tags": {"addr:housename": "双玺花园", "addr:housename:en": "Shuangxi Garden", "addr:housename:zh": "双玺花园", "building": "house", "building:levels": "4", "name": "F栋", "name:zh": "F栋"}, "heightStatus": "levels_only_unverified", "source": "OpenStreetMap", "license": "ODbL-1.0"}, "geometry": {"type": "MultiPolygon", "coordinates": [[[[113.914421, 22.4832468], [113.9148202, 22.4832511], [113.9148184, 22.4833948], [113.9147044, 22.4833936], [113.9147036, 22.4834565], [113.9145803, 22.4834551], [113.9145811, 22.4833923], [113.9144917, 22.4833913], [113.914421, 22.4832468]]]]}}, {"type": "Feature", "id": "way/1426663930", "properties": {"tags": {"addr:housename": "双玺花园", "addr:housename:en": "Shuangxi Garden", "addr:housename:zh": "双玺花园", "building": "house", "building:levels": "4", "name": "D栋", "name:zh": "D栋"}, "heightStatus": "levels_only_unverified", "source": "OpenStreetMap", "license": "ODbL-1.0"}, "geometry": {"type": "MultiPolygon", "coordinates": [[[[113.9138485, 22.4838521], [113.9142477, 22.4838564], [113.9142459, 22.4840001], [113.9141319, 22.4839989], [113.9141311, 22.4840618], [113.9140078, 22.4840605], [113.9140086, 22.4839976], [113.9139192, 22.4839966], [113.9138485, 22.4838521]]]]}}, {"type": "Feature", "id": "way/1426663931", "properties": {"tags": {"addr:housename": "双玺花园", "addr:housename:en": "Shuangxi Garden", "addr:housename:zh": "双玺花园", "building": "house", "building:levels": "4", "name": "B栋", "name:zh": "B栋"}, "heightStatus": "levels_only_unverified", "source": "OpenStreetMap", "license": "ODbL-1.0"}, "geometry": {"type": "MultiPolygon", "coordinates": [[[[113.9132839, 22.4844511], [113.9136831, 22.4844554], [113.9136813, 22.4845991], [113.9135673, 22.4845979], [113.9135665, 22.4846608], [113.9134432, 22.4846594], [113.913444, 22.4845966], [113.9133546, 22.4845956], [113.9132839, 22.4844511]]]]}}, {"type": "Feature", "id": "way/1426989848", "properties": {"tags": {"building": "yes"}, "heightStatus": "unknown", "source": "OpenStreetMap", "license": "ODbL-1.0"}, "geometry": {"type": "MultiPolygon", "coordinates": [[[[113.911209, 22.4876596], [113.9112386, 22.4876177], [113.9112675, 22.4876071], [113.9112439, 22.4875522], [113.9113908, 22.4874984], [113.9115014, 22.4875648], [113.9115075, 22.4877039], [113.9114436, 22.4877063], [113.9114444, 22.4877342], [113.9114149, 22.487776], [113.911209, 22.4876596]]]]}}, {"type": "Feature", "id": "way/1426989849", "properties": {"tags": {"addr:housename": "海滨花园", "addr:housename:zh": "海滨花园", "building": "apartments", "building:levels": "6", "name": "8栋", "name:zh": "8栋"}, "heightStatus": "levels_only_unverified", "source": "OpenStreetMap", "license": "ODbL-1.0"}, "geometry": {"type": "MultiPolygon", "coordinates": [[[[113.9143809, 22.4888633], [113.9144045, 22.4888628], [113.914404, 22.4888396], [113.9144999, 22.4888377], [113.9145042, 22.4888308], [113.914482, 22.4888188], [113.9145159, 22.4887652], [113.9146282, 22.4888259], [113.9145943, 22.4888795], [113.914572, 22.4888674], [113.9145676, 22.4888743], [113.9146128, 22.4889525], [113.9145906, 22.4889634], [113.9146018, 22.4889826], [113.9145648, 22.4890009], [113.9145061, 22.4888996], [113.9143818, 22.488902], [113.9143809, 22.4888633]]]]}}, {"type": "Feature", "id": "way/1426989850", "properties": {"tags": {"addr:housename": "海滨花园", "addr:housename:zh": "海滨花园", "building": "apartments", "building:levels": "6", "name": "7栋", "name:zh": "7栋"}, "heightStatus": "levels_only_unverified", "source": "OpenStreetMap", "license": "ODbL-1.0"}, "geometry": {"type": "MultiPolygon", "coordinates": [[[[113.9140634, 22.4886975], [113.914087, 22.4886972], [113.9140866, 22.488674], [113.9141825, 22.4886727], [113.9141869, 22.4886658], [113.9141647, 22.4886536], [113.914199, 22.4886003], [113.9143109, 22.4886617], [113.9142766, 22.488715], [113.9142544, 22.4887028], [113.91425, 22.4887097], [113.9142946, 22.4887881], [113.9142724, 22.488799], [113.9142834, 22.4888182], [113.9142462, 22.4888363], [113.9141883, 22.4887346], [113.914064, 22.4887363], [113.9140634, 22.4886975]]]]}}, {"type": "Feature", "id": "way/1426989851", "properties": {"tags": {"addr:housename": "海滨花园", "addr:housename:zh": "海滨花园", "building": "apartments", "building:levels": "6", "name": "6栋", "name:zh": "6栋"}, "heightStatus": "levels_only_unverified", "source": "OpenStreetMap", "license": "ODbL-1.0"}, "geometry": {"type": "MultiPolygon", "coordinates": [[[[113.9137445, 22.4885461], [113.9137458, 22.4885074], [113.9137693, 22.4885081], [113.9137701, 22.4884848], [113.913866, 22.4884876], [113.9138707, 22.4884809], [113.9138491, 22.4884678], [113.913886, 22.4884159], [113.9139948, 22.4884819], [113.9139579, 22.4885338], [113.9139363, 22.4885207], [113.9139316, 22.4885273], [113.9139724, 22.4886076], [113.9139496, 22.4886174], [113.9139596, 22.4886372], [113.9139216, 22.4886536], [113.9138688, 22.4885497], [113.9137445, 22.4885461]]]]}}, {"type": "Feature", "id": "way/1426989853", "properties": {"tags": {"addr:housename": "海滨花园", "addr:housename:zh": "海滨花园", "building": "apartments", "building:levels": "6", "name": "18栋", "name:zh": "18栋"}, "heightStatus": "levels_only_unverified", "source": "OpenStreetMap", "license": "ODbL-1.0"}, "geometry": {"type": "MultiPolygon", "coordinates": [[[[113.9143306, 22.4892668], [113.914366, 22.4892163], [113.9144068, 22.4892408], [113.9144459, 22.489185], [113.9145502, 22.4892475], [113.9145111, 22.4893032], [113.9145519, 22.4893276], [113.9145165, 22.4893781], [113.9144512, 22.489339], [113.9144619, 22.4893238], [113.9144066, 22.4892906], [113.9143959, 22.4893059], [113.9143306, 22.4892668]]]]}}, {"type": "Feature", "id": "way/1426989854", "properties": {"tags": {"addr:housename": "海滨花园", "addr:housename:zh": "海滨花园", "building": "apartments", "building:levels": "6", "name": "16栋", "name:zh": "16栋"}, "heightStatus": "levels_only_unverified", "source": "OpenStreetMap", "license": "ODbL-1.0"}, "geometry": {"type": "MultiPolygon", "coordinates": [[[[113.9138374, 22.4890617], [113.9138728, 22.4890112], [113.9139136, 22.4890356], [113.9139527, 22.4889799], [113.914057, 22.4890423], [113.9140179, 22.4890981], [113.9140587, 22.4891225], [113.9140233, 22.4891729], [113.913958, 22.4891339], [113.9139687, 22.4891186], [113.9139134, 22.4890855], [113.9139027, 22.4891007], [113.9138374, 22.4890617]]]]}}, {"type": "Feature", "id": "way/1426989855", "properties": {"tags": {"addr:housename": "海滨花园", "addr:housename:zh": "海滨花园", "building": "apartments", "building:levels": "6", "name": "17栋", "name:zh": "17栋"}, "heightStatus": "levels_only_unverified", "source": "OpenStreetMap", "license": "ODbL-1.0"}, "geometry": {"type": "MultiPolygon", "coordinates": [[[[113.9140862, 22.4891696], [113.9141216, 22.4891191], [113.9141624, 22.4891435], [113.9142015, 22.4890878], [113.9143057, 22.4891502], [113.9142667, 22.489206], [113.9143074, 22.4892304], [113.9142721, 22.4892809], [113.9142068, 22.4892418], [113.9142175, 22.4892265], [113.9141622, 22.4891934], [113.9141515, 22.4892087], [113.9140862, 22.4891696]]]]}}, {"type": "Feature", "id": "way/1426989856", "properties": {"tags": {"addr:housename": "海滨花园", "addr:housename:zh": "海滨花园", "building": "apartments", "building:levels": "6", "name": "15栋", "name:zh": "15栋"}, "heightStatus": "levels_only_unverified", "source": "OpenStreetMap", "license": "ODbL-1.0"}, "geometry": {"type": "MultiPolygon", "coordinates": [[[[113.9135917, 22.488954], [113.9136271, 22.4889035], [113.9136679, 22.4889279], [113.913707, 22.4888722], [113.9138112, 22.4889346], [113.9137721, 22.4889904], [113.9138129, 22.4890148], [113.9137776, 22.4890652], [113.9137123, 22.4890262], [113.913723, 22.4890109], [113.9136676, 22.4889778], [113.913657, 22.488993], [113.9135917, 22.488954]]]]}}, {"type": "Feature", "id": "way/1426989857", "properties": {"tags": {"addr:housename": "海滨花园", "addr:housename:zh": "海滨花园", "building": "apartments", "building:levels": "6", "name": "14栋", "name:zh": "14栋"}, "heightStatus": "levels_only_unverified", "source": "OpenStreetMap", "license": "ODbL-1.0"}, "geometry": {"type": "MultiPolygon", "coordinates": [[[[113.9133429, 22.4888461], [113.9133783, 22.4887956], [113.9134191, 22.48882], [113.9134582, 22.4887643], [113.9135624, 22.4888267], [113.9135234, 22.4888824], [113.9135642, 22.4889069], [113.9135288, 22.4889573], [113.9134635, 22.4889183], [113.9134742, 22.488903], [113.9134189, 22.4888699], [113.9134082, 22.4888851], [113.9133429, 22.4888461]]]]}}, {"type": "Feature", "id": "way/1426990816", "properties": {"tags": {"addr:housename": "海湾花园", "addr:housename:zh": "海湾花园", "building": "apartments", "building:levels": "7", "name": "29栋", "name:zh": "29栋"}, "heightStatus": "levels_only_unverified", "source": "OpenStreetMap", "license": "ODbL-1.0"}, "geometry": {"type": "MultiPolygon", "coordinates": [[[[113.9150295, 22.4889377], [113.9150473, 22.4888408], [113.9153001, 22.4888804], [113.9152823, 22.4889773], [113.9150295, 22.4889377]]]]}}, {"type": "Feature", "id": "way/1426990817", "properties": {"tags": {"addr:housename": "海湾花园", "addr:housename:zh": "海湾花园", "building": "apartments", "building:levels": "7", "name": "30栋", "name:zh": "30栋"}, "heightStatus": "levels_only_unverified", "source": "OpenStreetMap", "license": "ODbL-1.0"}, "geometry": {"type": "MultiPolygon", "coordinates": [[[[113.9147767, 22.488898], [113.9147945, 22.4888011], [113.9150473, 22.4888408], [113.9150295, 22.4889377], [113.9147767, 22.488898]]]]}}, {"type": "Feature", "id": "way/1426990818", "properties": {"tags": {"addr:housename": "海湾花园", "addr:housename:zh": "海湾花园", "building": "apartments", "building:levels": "7", "name": "28栋", "name:zh": "28栋"}, "heightStatus": "levels_only_unverified", "source": "OpenStreetMap", "license": "ODbL-1.0"}, "geometry": {"type": "MultiPolygon", "coordinates": [[[[113.9153529, 22.4890788], [113.9153691, 22.4889348], [113.9155283, 22.4889502], [113.915512, 22.4890941], [113.9153529, 22.4890788]]]]}}, {"type": "Feature", "id": "way/1426990819", "properties": {"tags": {"addr:housename": "海湾花园", "addr:housename:zh": "海湾花园", "building": "apartments", "building:levels": "7", "name": "27栋", "name:zh": "27栋"}, "heightStatus": "levels_only_unverified", "source": "OpenStreetMap", "license": "ODbL-1.0"}, "geometry": {"type": "MultiPolygon", "coordinates": [[[[113.9155476, 22.488896], [113.9157075, 22.4888893], [113.9157145, 22.4890339], [113.9155546, 22.4890405], [113.9155476, 22.488896]]]]}}, {"type": "Feature", "id": "way/1426990820", "properties": {"tags": {"addr:housename": "海湾花园", "addr:housename:zh": "海湾花园", "building": "apartments", "building:levels": "7", "name": "26栋", "name:zh": "26栋"}, "heightStatus": "levels_only_unverified", "source": "OpenStreetMap", "license": "ODbL-1.0"}, "geometry": {"type": "MultiPolygon", "coordinates": [[[[113.9157487, 22.4888873], [113.9159086, 22.4888807], [113.9159156, 22.4890252], [113.9157557, 22.4890318], [113.9157487, 22.4888873]]]]}}, {"type": "Feature", "id": "way/1426990822", "properties": {"tags": {"addr:housename": "海湾花园", "addr:housename:zh": "海湾花园", "building": "apartments", "building:levels": "8", "name": "24栋", "name:zh": "24栋"}, "heightStatus": "levels_only_unverified", "source": "OpenStreetMap", "license": "ODbL-1.0"}, "geometry": {"type": "MultiPolygon", "coordinates": [[[[113.9169417, 22.4895645], [113.9171157, 22.4895572], [113.9171202, 22.4896486], [113.9169462, 22.489656], [113.9169417, 22.4895645]]]]}}, {"type": "Feature", "id": "way/1426990823", "properties": {"tags": {"addr:housename": "海湾花园", "addr:housename:zh": "海湾花园", "building": "apartments", "building:levels": "8", "name": "22栋", "name:zh": "22栋"}, "heightStatus": "levels_only_unverified", "source": "OpenStreetMap", "license": "ODbL-1.0"}, "geometry": {"type": "MultiPolygon", "coordinates": [[[[113.9172898, 22.4895499], [113.9174638, 22.4895425], [113.9174683, 22.489634], [113.9172943, 22.4896413], [113.9172898, 22.4895499]]]]}}, {"type": "Feature", "id": "way/1426990824", "properties": {"tags": {"addr:housename": "海湾花园", "addr:housename:zh": "海湾花园", "building": "apartments", "building:levels": "8", "name": "21栋", "name:zh": "21栋"}, "heightStatus": "levels_only_unverified", "source": "OpenStreetMap", "license": "ODbL-1.0"}, "geometry": {"type": "MultiPolygon", "coordinates": [[[[113.9174638, 22.4895425], [113.9176379, 22.4895352], [113.9176424, 22.4896266], [113.9174683, 22.489634], [113.9174638, 22.4895425]]]]}}, {"type": "Feature", "id": "way/1426990825", "properties": {"tags": {"addr:housename": "海湾花园", "addr:housename:zh": "海湾花园", "building": "apartments", "building:levels": "8", "name": "20栋", "name:zh": "20栋"}, "heightStatus": "levels_only_unverified", "source": "OpenStreetMap", "license": "ODbL-1.0"}, "geometry": {"type": "MultiPolygon", "coordinates": [[[[113.9176379, 22.4895352], [113.9178119, 22.4895279], [113.9178164, 22.4896193], [113.9176424, 22.4896266], [113.9176379, 22.4895352]]]]}}, {"type": "Feature", "id": "way/1426990826", "properties": {"tags": {"addr:housename": "海湾花园", "addr:housename:zh": "海湾花园", "building": "apartments", "building:levels": "8", "name": "19栋", "name:zh": "19栋"}, "heightStatus": "levels_only_unverified", "source": "OpenStreetMap", "license": "ODbL-1.0"}, "geometry": {"type": "MultiPolygon", "coordinates": [[[[113.9178119, 22.4895279], [113.917986, 22.4895205], [113.9179905, 22.489612], [113.9178164, 22.4896193], [113.9178119, 22.4895279]]]]}}, {"type": "Feature", "id": "way/1426990827", "properties": {"tags": {"addr:housename": "海湾花园", "addr:housename:zh": "海湾花园", "building": "apartments", "building:levels": "8", "name": "23栋", "name:zh": "23栋"}, "heightStatus": "levels_only_unverified", "source": "OpenStreetMap", "license": "ODbL-1.0"}, "geometry": {"type": "MultiPolygon", "coordinates": [[[[113.9171157, 22.4895572], [113.9172898, 22.4895499], [113.9172943, 22.4896413], [113.9171202, 22.4896486], [113.9171157, 22.4895572]]]]}}, {"type": "Feature", "id": "way/1426990828", "properties": {"tags": {"addr:housename": "海湾花园", "addr:housename:zh": "海湾花园", "building": "apartments", "building:levels": "7", "name": "17栋", "name:zh": "17栋"}, "heightStatus": "levels_only_unverified", "source": "OpenStreetMap", "license": "ODbL-1.0"}, "geometry": {"type": "MultiPolygon", "coordinates": [[[[113.9171674, 22.4893319], [113.9173506, 22.4893242], [113.9173544, 22.489402], [113.9171713, 22.4894097], [113.9171697, 22.4893779], [113.9171674, 22.4893319]]]]}}, {"type": "Feature", "id": "way/1426990829", "properties": {"tags": {"addr:housename": "海湾花园", "addr:housename:zh": "海湾花园", "building": "apartments", "building:levels": "7", "name": "18栋", "name:zh": "18栋"}, "heightStatus": "levels_only_unverified", "source": "OpenStreetMap", "license": "ODbL-1.0"}, "geometry": {"type": "MultiPolygon", "coordinates": [[[[113.9169827, 22.4893078], [113.9171659, 22.4893001], [113.9171674, 22.4893319], [113.9171697, 22.4893779], [113.9169865, 22.4893856], [113.9169827, 22.4893078]]]]}}, {"type": "Feature", "id": "way/1426990830", "properties": {"tags": {"addr:housename": "海湾花园", "addr:housename:zh": "海湾花园", "building": "apartments", "building:levels": "7", "name": "15栋", "name:zh": "15栋"}, "heightStatus": "levels_only_unverified", "source": "OpenStreetMap", "license": "ODbL-1.0"}, "geometry": {"type": "MultiPolygon", "coordinates": [[[[113.917844, 22.489274], [113.9180326, 22.4892644], [113.9180388, 22.4893683], [113.9178502, 22.4893779], [113.9178457, 22.4893028], [113.917844, 22.489274]]]]}}, {"type": "Feature", "id": "way/1426990831", "properties": {"tags": {"addr:housename": "海湾花园", "addr:housename:zh": "海湾花园", "building": "apartments", "building:levels": "7", "name": "16栋", "name:zh": "16栋"}, "heightStatus": "levels_only_unverified", "source": "OpenStreetMap", "license": "ODbL-1.0"}, "geometry": {"type": "MultiPolygon", "coordinates": [[[[113.9176568, 22.4893124], [113.9178457, 22.4893028], [113.9178502, 22.4893779], [113.9178519, 22.4894067], [113.9176629, 22.4894163], [113.9176568, 22.4893124]]]]}}, {"type": "Feature", "id": "way/1426990832", "properties": {"tags": {"addr:housename": "海湾花园", "addr:housename:zh": "海湾花园", "building": "apartments", "building:levels": "7", "name": "11栋", "name:zh": "11栋"}, "heightStatus": "levels_only_unverified", "source": "OpenStreetMap", "license": "ODbL-1.0"}, "geometry": {"type": "MultiPolygon", "coordinates": [[[[113.9176394, 22.4890664], [113.917828, 22.4890569], [113.9178342, 22.4891608], [113.9176456, 22.4891703], [113.9176411, 22.4890953], [113.9176394, 22.4890664]]]]}}, {"type": "Feature", "id": "way/1426990833", "properties": {"tags": {"addr:housename": "海湾花园", "addr:housename:zh": "海湾花园", "building": "apartments", "building:levels": "7", "name": "12栋", "name:zh": "12栋"}, "heightStatus": "levels_only_unverified", "source": "OpenStreetMap", "license": "ODbL-1.0"}, "geometry": {"type": "MultiPolygon", "coordinates": [[[[113.9174521, 22.4891049], [113.9176411, 22.4890953], [113.9176456, 22.4891703], [113.9176473, 22.4891992], [113.9174583, 22.4892088], [113.917454, 22.4891353], [113.9174521, 22.4891049]]]]}}, {"type": "Feature", "id": "way/1426990834", "properties": {"tags": {"addr:housename": "海湾花园", "addr:housename:zh": "海湾花园", "building": "apartments", "building:levels": "7", "name": "13栋", "name:zh": "13栋"}, "heightStatus": "levels_only_unverified", "source": "OpenStreetMap", "license": "ODbL-1.0"}, "geometry": {"type": "MultiPolygon", "coordinates": [[[[113.9172645, 22.4891449], [113.917454, 22.4891353], [113.9174583, 22.4892088], [113.9174601, 22.4892391], [113.9172707, 22.4892488], [113.9172662, 22.4891743], [113.9172645, 22.4891449]]]]}}, {"type": "Feature", "id": "way/1426990835", "properties": {"tags": {"addr:housename": "海湾花园", "addr:housename:zh": "海湾花园", "building": "apartments", "building:levels": "7", "name": "14栋", "name:zh": "14栋"}, "heightStatus": "levels_only_unverified", "source": "OpenStreetMap", "license": "ODbL-1.0"}, "geometry": {"type": "MultiPolygon", "coordinates": [[[[113.9170861, 22.4890888], [113.9172606, 22.48908], [113.9172645, 22.4891449], [113.9172662, 22.4891743], [113.9170917, 22.4891832], [113.9170861, 22.4890888]]]]}}, {"type": "Feature", "id": "way/1426990836", "properties": {"tags": {"addr:housename": "海湾花园", "addr:housename:zh": "海湾花园", "building": "apartments", "building:levels": "7", "name": "8栋", "name:zh": "8栋"}, "heightStatus": "levels_only_unverified", "source": "OpenStreetMap", "license": "ODbL-1.0"}, "geometry": {"type": "MultiPolygon", "coordinates": [[[[113.9164639, 22.4888664], [113.916696, 22.4888568], [113.9166998, 22.4889346], [113.9164677, 22.4889442], [113.9164654, 22.4888977], [113.9164639, 22.4888664]]]]}}, {"type": "Feature", "id": "way/1426990837", "properties": {"tags": {"addr:housename": "海湾花园", "addr:housename:zh": "海湾花园", "building": "apartments", "building:levels": "7", "name": "9栋", "name:zh": "9栋"}, "heightStatus": "levels_only_unverified", "source": "OpenStreetMap", "license": "ODbL-1.0"}, "geometry": {"type": "MultiPolygon", "coordinates": [[[[113.9162345, 22.4889072], [113.9164654, 22.4888977], [113.9164677, 22.4889442], [113.9164692, 22.4889755], [113.9162383, 22.488985], [113.9162358, 22.4889334], [113.9162345, 22.4889072]]]]}}, {"type": "Feature", "id": "way/1426990838", "properties": {"tags": {"addr:housename": "海湾花园", "addr:housename:zh": "海湾花园", "building": "apartments", "building:levels": "7", "name": "10栋", "name:zh": "10栋"}, "heightStatus": "levels_only_unverified", "source": "OpenStreetMap", "license": "ODbL-1.0"}, "geometry": {"type": "MultiPolygon", "coordinates": [[[[113.9160041, 22.488943], [113.9162358, 22.4889334], [113.9162383, 22.488985], [113.9162396, 22.4890112], [113.9160079, 22.4890208], [113.9160041, 22.488943]]]]}}, {"type": "Feature", "id": "way/1427022607", "properties": {"tags": {"building": "apartments", "name": "9栋", "name:zh": "9栋"}, "heightStatus": "unknown", "source": "OpenStreetMap", "license": "ODbL-1.0"}, "geometry": {"type": "MultiPolygon", "coordinates": [[[[113.9155035, 22.4908863], [113.9158142, 22.4908737], [113.9158176, 22.4909449], [113.9155069, 22.4909575], [113.9155035, 22.4908863]]]]}}, {"type": "Feature", "id": "way/1427022608", "properties": {"tags": {"building": "apartments", "name": "8栋", "name:zh": "8栋"}, "heightStatus": "unknown", "source": "OpenStreetMap", "license": "ODbL-1.0"}, "geometry": {"type": "MultiPolygon", "coordinates": [[[[113.9150071, 22.4909225], [113.9153592, 22.4909082], [113.9153577, 22.4908751], [113.9154214, 22.4908725], [113.9154264, 22.4909769], [113.9150105, 22.4909938], [113.9150071, 22.4909225]]]]}}, {"type": "Feature", "id": "way/1427022609", "properties": {"tags": {"building": "apartments", "name": "7栋", "name:zh": "7栋"}, "heightStatus": "unknown", "source": "OpenStreetMap", "license": "ODbL-1.0"}, "geometry": {"type": "MultiPolygon", "coordinates": [[[[113.9145083, 22.4909435], [113.9148604, 22.4909293], [113.9148589, 22.4908961], [113.9149226, 22.4908935], [113.9149276, 22.4909979], [113.9145117, 22.4910148], [113.9145083, 22.4909435]]]]}}, {"type": "Feature", "id": "way/1427022610", "properties": {"tags": {"building": "apartments", "name": "5栋", "name:zh": "5栋"}, "heightStatus": "unknown", "source": "OpenStreetMap", "license": "ODbL-1.0"}, "geometry": {"type": "MultiPolygon", "coordinates": [[[[113.9149945, 22.4907234], [113.9154104, 22.4907066], [113.9154138, 22.4907778], [113.9149979, 22.4907947], [113.9149945, 22.4907234]]]]}}, {"type": "Feature", "id": "way/1427022611", "properties": {"tags": {"building": "apartments", "name": "4栋", "name:zh": "4栋"}, "heightStatus": "unknown", "source": "OpenStreetMap", "license": "ODbL-1.0"}, "geometry": {"type": "MultiPolygon", "coordinates": [[[[113.9145009, 22.4907565], [113.914853, 22.4907422], [113.9148515, 22.490709], [113.9149152, 22.4907065], [113.9149202, 22.4908109], [113.9145043, 22.4908277], [113.9145009, 22.4907565]]]]}}, {"type": "Feature", "id": "way/1427022612", "properties": {"tags": {"building": "apartments", "name": "6栋", "name:zh": "6栋"}, "heightStatus": "unknown", "source": "OpenStreetMap", "license": "ODbL-1.0"}, "geometry": {"type": "MultiPolygon", "coordinates": [[[[113.9154952, 22.4907024], [113.9158059, 22.4906898], [113.9158093, 22.4907611], [113.9154986, 22.4907737], [113.9154952, 22.4907024]]]]}}, {"type": "Feature", "id": "way/1427022613", "properties": {"tags": {"building": "apartments", "name": "3栋", "name:zh": "3栋"}, "heightStatus": "unknown", "source": "OpenStreetMap", "license": "ODbL-1.0"}, "geometry": {"type": "MultiPolygon", "coordinates": [[[[113.9154888, 22.4904766], [113.9157996, 22.490464], [113.915803, 22.4905353], [113.9154922, 22.4905479], [113.9154888, 22.4904766]]]]}}, {"type": "Feature", "id": "way/1427022614", "properties": {"tags": {"building": "apartments", "name": "2栋", "name:zh": "2栋"}, "heightStatus": "unknown", "source": "OpenStreetMap", "license": "ODbL-1.0"}, "geometry": {"type": "MultiPolygon", "coordinates": [[[[113.9149881, 22.4904976], [113.915404, 22.4904808], [113.9154074, 22.490552], [113.9149915, 22.4905689], [113.9149881, 22.4904976]]]]}}, {"type": "Feature", "id": "way/1427022615", "properties": {"tags": {"building": "apartments", "name": "1栋", "name:zh": "1栋"}, "heightStatus": "unknown", "source": "OpenStreetMap", "license": "ODbL-1.0"}, "geometry": {"type": "MultiPolygon", "coordinates": [[[[113.9144927, 22.4905149], [113.9149086, 22.490498], [113.9149119, 22.4905693], [113.914496, 22.4905862], [113.9144927, 22.4905149]]]]}}, {"type": "Feature", "id": "way/1427022616", "properties": {"tags": {"building": "apartments", "building:levels": "28"}, "heightStatus": "levels_only_unverified", "source": "OpenStreetMap", "license": "ODbL-1.0"}, "geometry": {"type": "MultiPolygon", "coordinates": [[[[113.9139028, 22.4910754], [113.9139352, 22.4910555], [113.9139379, 22.4910193], [113.9139506, 22.4909849], [113.9139291, 22.490955], [113.9140546, 22.4908781], [113.9140761, 22.490908], [113.9141153, 22.4909105], [113.9141524, 22.4909223], [113.9141849, 22.4909024], [113.9142681, 22.4910183], [113.9142357, 22.4910382], [113.914233, 22.4910744], [113.9142202, 22.4911088], [113.9142417, 22.4911387], [113.9141163, 22.4912156], [113.9140948, 22.4911857], [113.9140556, 22.4911832], [113.9140184, 22.4911714], [113.913986, 22.4911913], [113.9139028, 22.4910754]]]]}}, {"type": "Feature", "id": "way/1427022623", "properties": {"tags": {"building": "apartments"}, "heightStatus": "unknown", "source": "OpenStreetMap", "license": "ODbL-1.0"}, "geometry": {"type": "MultiPolygon", "coordinates": [[[[113.9171054, 22.4909643], [113.9171537, 22.4909593], [113.9171485, 22.4909168], [113.9171291, 22.4909188], [113.917123, 22.4908689], [113.9173306, 22.4908472], [113.9173367, 22.4908971], [113.9173174, 22.4908991], [113.9173226, 22.4909416], [113.9173709, 22.4909365], [113.9173823, 22.4910291], [113.9171167, 22.491057], [113.9171054, 22.4909643]]]]}}, {"type": "Feature", "id": "way/1427022624", "properties": {"tags": {"building": "apartments"}, "heightStatus": "unknown", "source": "OpenStreetMap", "license": "ODbL-1.0"}, "geometry": {"type": "MultiPolygon", "coordinates": [[[[113.9168398, 22.4909922], [113.9168881, 22.4909871], [113.9168829, 22.4909446], [113.9168636, 22.4909467], [113.9168575, 22.4908967], [113.917065, 22.490875], [113.9170712, 22.4909249], [113.9170519, 22.4909269], [113.9170571, 22.4909694], [113.9171054, 22.4909643], [113.9171167, 22.491057], [113.9168512, 22.4910848], [113.9168398, 22.4909922]]]]}}, {"type": "Feature", "id": "way/1427022625", "properties": {"tags": {"building": "apartments"}, "heightStatus": "unknown", "source": "OpenStreetMap", "license": "ODbL-1.0"}, "geometry": {"type": "MultiPolygon", "coordinates": [[[[113.9165743, 22.49102], [113.9166226, 22.4910149], [113.9166174, 22.4909725], [113.9165981, 22.4909745], [113.9165919, 22.4909246], [113.9167995, 22.4909028], [113.9168056, 22.4909527], [113.9167863, 22.4909548], [113.9167915, 22.4909972], [113.9168398, 22.4909922], [113.9168512, 22.4910848], [113.9165857, 22.4911126], [113.9165743, 22.49102]]]]}}, {"type": "Feature", "id": "way/1427022632", "properties": {"tags": {"addr:housename": "南水小区", "addr:housename:zh": "南水小区", "building": "apartments", "name": "B区1栋", "name:zh": "B区1栋"}, "heightStatus": "unknown", "source": "OpenStreetMap", "license": "ODbL-1.0"}, "geometry": {"type": "MultiPolygon", "coordinates": [[[[113.9163736, 22.490515], [113.9167813, 22.4904653], [113.9167912, 22.4905348], [113.9163836, 22.4905845], [113.9163736, 22.490515]]]]}}, {"type": "Feature", "id": "way/1427022633", "properties": {"tags": {"addr:housename": "南水小区", "addr:housename:zh": "南水小区", "building": "apartments", "name": "B区2栋", "name:zh": "B区2栋"}, "heightStatus": "unknown", "source": "OpenStreetMap", "license": "ODbL-1.0"}, "geometry": {"type": "MultiPolygon", "coordinates": [[[[113.9168672, 22.4904537], [113.9172665, 22.4904051], [113.9172766, 22.4904756], [113.9168773, 22.4905243], [113.9168672, 22.4904537]]]]}}, {"type": "Feature", "id": "way/1427022634", "properties": {"tags": {"addr:housename": "南水小区", "addr:housename:zh": "南水小区", "building": "apartments", "name": "B区4栋", "name:zh": "B区4栋"}, "heightStatus": "unknown", "source": "OpenStreetMap", "license": "ODbL-1.0"}, "geometry": {"type": "MultiPolygon", "coordinates": [[[[113.9168988, 22.4906749], [113.9173064, 22.4906252], [113.9173163, 22.4906947], [113.9169087, 22.4907444], [113.9168988, 22.4906749]]]]}}, {"type": "Feature", "id": "way/1427022635", "properties": {"tags": {"addr:housename": "南水小区", "addr:housename:zh": "南水小区", "building": "apartments", "name": "B区3栋", "name:zh": "B区3栋"}, "heightStatus": "unknown", "source": "OpenStreetMap", "license": "ODbL-1.0"}, "geometry": {"type": "MultiPolygon", "coordinates": [[[[113.9164133, 22.4907341], [113.9168127, 22.4906854], [113.9168228, 22.490756], [113.9164234, 22.4908046], [113.9164133, 22.4907341]]]]}}, {"type": "Feature", "id": "way/1427022642", "properties": {"tags": {"addr:housename": "南水小区", "addr:housename:zh": "南水小区", "building": "apartments", "name": "B区6栋", "name:zh": "B区6栋"}, "heightStatus": "unknown", "source": "OpenStreetMap", "license": "ODbL-1.0"}, "geometry": {"type": "MultiPolygon", "coordinates": [[[[113.917779, 22.4904217], [113.9178066, 22.4904034], [113.9177937, 22.4903867], [113.9178213, 22.4903685], [113.9178083, 22.4903518], [113.9178359, 22.4903335], [113.9178229, 22.4903168], [113.9178633, 22.4902901], [113.9179674, 22.4902749], [113.9180147, 22.4902888], [113.9180079, 22.4903084], [113.9180403, 22.4903179], [113.9180728, 22.4903131], [113.9180857, 22.4903885], [113.9179372, 22.4904102], [113.9178267, 22.4904833], [113.917779, 22.4904217]]]]}}, {"type": "Feature", "id": "way/1427022645", "properties": {"tags": {"addr:housename": "南水小区", "addr:housename:zh": "南水小区", "building": "apartments", "name": "B区5栋", "name:zh": "B区5栋"}, "heightStatus": "unknown", "source": "OpenStreetMap", "license": "ODbL-1.0"}, "geometry": {"type": "MultiPolygon", "coordinates": [[[[113.9173995, 22.4904749], [113.9174271, 22.4904567], [113.9174141, 22.49044], [113.9174417, 22.4904217], [113.9174288, 22.490405], [113.9174564, 22.4903867], [113.9174434, 22.49037], [113.9174837, 22.4903433], [113.9175879, 22.4903281], [113.9176352, 22.490342], [113.9176284, 22.4903616], [113.9176608, 22.4903711], [113.917654, 22.4903907], [113.9176864, 22.4904002], [113.9176796, 22.4904198], [113.917712, 22.4904293], [113.9176871, 22.4905015], [113.9175577, 22.4904634], [113.9174472, 22.4905365], [113.9173995, 22.4904749]]]]}}, {"type": "Feature", "id": "way/1427022646", "properties": {"tags": {"addr:housename": "南水小区", "addr:housename:zh": "南水小区", "building": "apartments", "name": "B区8栋", "name:zh": "B区8栋"}, "heightStatus": "unknown", "source": "OpenStreetMap", "license": "ODbL-1.0"}, "geometry": {"type": "MultiPolygon", "coordinates": [[[[113.9174557, 22.4907425], [113.9174747, 22.490739], [113.9174663, 22.4906994], [113.9175945, 22.490676], [113.9176029, 22.4907157], [113.9176411, 22.4907087], [113.9176326, 22.4906691], [113.9177608, 22.4906457], [113.9177693, 22.4906854], [113.9178074, 22.4906784], [113.917799, 22.4906388], [113.9179272, 22.4906154], [113.9179356, 22.490655], [113.9179547, 22.4906516], [113.9179679, 22.4907133], [113.9174688, 22.4908042], [113.9174557, 22.4907425]]]]}}, {"type": "Feature", "id": "way/1427022647", "properties": {"tags": {"addr:housename": "南水小区", "addr:housename:zh": "南水小区", "building": "apartments", "name": "B区9栋", "name:zh": "B区9栋"}, "heightStatus": "unknown", "source": "OpenStreetMap", "license": "ODbL-1.0"}, "geometry": {"type": "MultiPolygon", "coordinates": [[[[113.9175169, 22.4909945], [113.9176906, 22.490963], [113.9176821, 22.4909234], [113.9178103, 22.4909], [113.9178188, 22.4909397], [113.9178569, 22.4909327], [113.9178485, 22.4908931], [113.9179767, 22.4908697], [113.9179851, 22.4909094], [113.9180042, 22.4909059], [113.9180174, 22.4909676], [113.9176587, 22.4910328], [113.9176091, 22.4911012], [113.9176143, 22.4911255], [113.9175475, 22.4911377], [113.9175169, 22.4909945]]]]}}, {"type": "Feature", "id": "way/1498799581", "properties": {"tags": {"building": "yes"}, "heightStatus": "unknown", "source": "OpenStreetMap", "license": "ODbL-1.0"}, "geometry": {"type": "MultiPolygon", "coordinates": [[[[113.9085377, 22.4905252], [113.9089394, 22.4903437], [113.9088826, 22.4902361], [113.909018, 22.4901823], [113.9091242, 22.4904123], [113.9085988, 22.4906463], [113.9085377, 22.4905252]]]]}}, {"type": "Feature", "id": "way/1498799582", "properties": {"tags": {"building": "yes"}, "heightStatus": "unknown", "source": "OpenStreetMap", "license": "ODbL-1.0"}, "geometry": {"type": "MultiPolygon", "coordinates": [[[[113.9083689, 22.4901783], [113.9088797, 22.4899457], [113.9089743, 22.4901097], [113.9088681, 22.4901635], [113.9088375, 22.4901124], [113.9084256, 22.4902886], [113.9083689, 22.4901783]]]]}}]}