{"type": "FeatureCollection", "features": [{"type": "Feature", "id": "way/493739612", "properties": {"tags": {"building": "house"}, "heightStatus": "unknown", "source": "OpenStreetMap", "license": "ODbL-1.0"}, "geometry": {"type": "MultiPolygon", "coordinates": [[[[113.907119, 22.4906561], [113.9072389, 22.4904701], [113.9073793, 22.4905474], [113.9072595, 22.4907334], [113.907119, 22.4906561]]]]}}, {"type": "Feature", "id": "way/493739613", "properties": {"tags": {"building": "house"}, "heightStatus": "unknown", "source": "OpenStreetMap", "license": "ODbL-1.0"}, "geometry": {"type": "MultiPolygon", "coordinates": [[[[113.9067839, 22.4906765], [113.9069424, 22.4905172], [113.9070628, 22.4906194], [113.9069043, 22.4907787], [113.9067839, 22.4906765]]]]}}, {"type": "Feature", "id": "way/493739614", "properties": {"tags": {"building": "house"}, "heightStatus": "unknown", "source": "OpenStreetMap", "license": "ODbL-1.0"}, "geometry": {"type": "MultiPolygon", "coordinates": [[[[113.906249, 22.4909362], [113.9062745, 22.4908625], [113.906299, 22.4908697], [113.9063199, 22.4908094], [113.9065076, 22.4908648], [113.9064913, 22.4909119], [113.9065013, 22.4909148], [113.9064724, 22.4909984], [113.9064635, 22.4909958], [113.9064428, 22.4910554], [113.9062557, 22.4910002], [113.9062751, 22.4909439], [113.906249, 22.4909362]]]]}}, {"type": "Feature", "id": "way/493739618", "properties": {"tags": {"building": "house"}, "heightStatus": "unknown", "source": "OpenStreetMap", "license": "ODbL-1.0"}, "geometry": {"type": "MultiPolygon", "coordinates": [[[[113.9058584, 22.4908425], [113.9059093, 22.4908177], [113.9058797, 22.4907657], [113.9059435, 22.4907346], [113.9059303, 22.4907115], [113.9060645, 22.4906461], [113.9061219, 22.4907466], [113.9060673, 22.4907732], [113.9061069, 22.4908424], [113.9060539, 22.4908682], [113.906059, 22.4908772], [113.9059825, 22.4909144], [113.9059709, 22.4908941], [113.9059059, 22.4909257], [113.9058584, 22.4908425]]]]}}, {"type": "Feature", "id": "way/493739619", "properties": {"tags": {"building": "house"}, "heightStatus": "unknown", "source": "OpenStreetMap", "license": "ODbL-1.0"}, "geometry": {"type": "MultiPolygon", "coordinates": [[[[113.9061596, 22.4903251], [113.9062603, 22.4902008], [113.9062962, 22.4902256], [113.906325, 22.49019], [113.9064482, 22.4902753], [113.9062986, 22.49046], [113.906183, 22.4903801], [113.9062032, 22.4903552], [113.9061596, 22.4903251]]]]}}, {"type": "Feature", "id": "way/493739620", "properties": {"tags": {"building": "house"}, "heightStatus": "unknown", "source": "OpenStreetMap", "license": "ODbL-1.0"}, "geometry": {"type": "MultiPolygon", "coordinates": [[[[113.9070141, 22.4902584], [113.9071615, 22.4901929], [113.9072631, 22.4903879], [113.9071158, 22.4904535], [113.9070141, 22.4902584]]]]}}, {"type": "Feature", "id": "way/493739621", "properties": {"tags": {"building": "house"}, "heightStatus": "unknown", "source": "OpenStreetMap", "license": "ODbL-1.0"}, "geometry": {"type": "MultiPolygon", "coordinates": [[[[113.9068979, 22.4900156], [113.907046, 22.4899513], [113.9071456, 22.4901472], [113.9069975, 22.4902114], [113.9068979, 22.4900156]]]]}}, {"type": "Feature", "id": "way/493739622", "properties": {"tags": {"building": "house"}, "heightStatus": "unknown", "source": "OpenStreetMap", "license": "ODbL-1.0"}, "geometry": {"type": "MultiPolygon", "coordinates": [[[[113.9065752, 22.489924], [113.9068342, 22.4898884], [113.9068584, 22.4900385], [113.9068185, 22.490044], [113.9068254, 22.4900867], [113.9066664, 22.4901086], [113.9066588, 22.4900617], [113.9065988, 22.4900699], [113.9065752, 22.489924]]]]}}, {"type": "Feature", "id": "way/493739623", "properties": {"tags": {"building": "house"}, "heightStatus": "unknown", "source": "OpenStreetMap", "license": "ODbL-1.0"}, "geometry": {"type": "MultiPolygon", "coordinates": [[[[113.906572, 22.4908838], [113.9067782, 22.4907811], [113.9068558, 22.490914], [113.9066496, 22.4910167], [113.906572, 22.4908838]]]]}}, {"type": "Feature", "id": "way/493739624", "properties": {"tags": {"building": "house"}, "heightStatus": "unknown", "source": "OpenStreetMap", "license": "ODbL-1.0"}, "geometry": {"type": "MultiPolygon", "coordinates": [[[[113.9059801, 22.4905163], [113.9061019, 22.4903822], [113.9061438, 22.4904147], [113.9061567, 22.4904005], [113.9062634, 22.4904832], [113.9061096, 22.4906524], [113.9059971, 22.4905651], [113.9060161, 22.4905442], [113.9059801, 22.4905163]]]]}}, {"type": "Feature", "id": "way/493739625", "properties": {"tags": {"building": "house"}, "heightStatus": "unknown", "source": "OpenStreetMap", "license": "ODbL-1.0"}, "geometry": {"type": "MultiPolygon", "coordinates": [[[[113.90627, 22.4900879], [113.9063837, 22.4899617], [113.9064274, 22.4899953], [113.906442, 22.489979], [113.9065446, 22.4900579], [113.9063955, 22.4902234], [113.9062928, 22.4901444], [113.9063135, 22.4901214], [113.90627, 22.4900879]]]]}}, {"type": "Feature", "id": "way/579823024", "properties": {"tags": {"building": "detached"}, "heightStatus": "unknown", "source": "OpenStreetMap", "license": "ODbL-1.0"}, "geometry": {"type": "MultiPolygon", "coordinates": [[[[113.9042513, 22.4852167], [113.9043591, 22.4851828], [113.904369, 22.4852097], [113.9044169, 22.4851946], [113.9044489, 22.4852815], [113.9044216, 22.4852901], [113.9044337, 22.485323], [113.9043053, 22.4853633], [113.9042513, 22.4852167]]]]}}, {"type": "Feature", "id": "way/579823025", "properties": {"tags": {"building": "detached"}, "heightStatus": "unknown", "source": "OpenStreetMap", "license": "ODbL-1.0"}, "geometry": {"type": "MultiPolygon", "coordinates": [[[[113.9040818, 22.4856495], [113.9042108, 22.4856113], [113.9042512, 22.4857278], [113.9041221, 22.4857659], [113.9040818, 22.4856495]]]]}}, {"type": "Feature", "id": "way/579823026", "properties": {"tags": {"building": "detached"}, "heightStatus": "unknown", "source": "OpenStreetMap", "license": "ODbL-1.0"}, "geometry": {"type": "MultiPolygon", "coordinates": [[[[113.9043008, 22.485575], [113.9044298, 22.4855368], [113.9044702, 22.4856533], [113.9043411, 22.4856914], [113.9043008, 22.485575]]]]}}, {"type": "Feature", "id": "way/579823027", "properties": {"tags": {"building": "detached"}, "heightStatus": "unknown", "source": "OpenStreetMap", "license": "ODbL-1.0"}, "geometry": {"type": "MultiPolygon", "coordinates": [[[[113.9045126, 22.4855019], [113.9046416, 22.4854637], [113.9046819, 22.4855802], [113.9045529, 22.4856183], [113.9045126, 22.4855019]]]]}}, {"type": "Feature", "id": "way/579823028", "properties": {"tags": {"building": "detached"}, "heightStatus": "unknown", "source": "OpenStreetMap", "license": "ODbL-1.0"}, "geometry": {"type": "MultiPolygon", "coordinates": [[[[113.9047473, 22.4854335], [113.9048764, 22.4853954], [113.9049167, 22.4855118], [113.9047877, 22.48555], [113.9047473, 22.4854335]]]]}}, {"type": "Feature", "id": "way/579823029", "properties": {"tags": {"building": "detached"}, "heightStatus": "unknown", "source": "OpenStreetMap", "license": "ODbL-1.0"}, "geometry": {"type": "MultiPolygon", "coordinates": [[[[113.9042191, 22.485931], [113.9043482, 22.4858928], [113.9043885, 22.4860093], [113.9042595, 22.4860474], [113.9042191, 22.485931]]]]}}, {"type": "Feature", "id": "way/579823030", "properties": {"tags": {"building": "detached"}, "heightStatus": "unknown", "source": "OpenStreetMap", "license": "ODbL-1.0"}, "geometry": {"type": "MultiPolygon", "coordinates": [[[[113.9039078, 22.4860536], [113.9040369, 22.4860154], [113.9040772, 22.4861319], [113.9039482, 22.48617], [113.9039078, 22.4860536]]]]}}, {"type": "Feature", "id": "way/579823031", "properties": {"tags": {"building": "detached"}, "heightStatus": "unknown", "source": "OpenStreetMap", "license": "ODbL-1.0"}, "geometry": {"type": "MultiPolygon", "coordinates": [[[[113.9036756, 22.4861078], [113.9038047, 22.4860696], [113.903845, 22.4861861], [113.903716, 22.4862243], [113.9036756, 22.4861078]]]]}}, {"type": "Feature", "id": "way/579823032", "properties": {"tags": {"building": "detached"}, "heightStatus": "unknown", "source": "OpenStreetMap", "license": "ODbL-1.0"}, "geometry": {"type": "MultiPolygon", "coordinates": [[[[113.9037981, 22.4863624], [113.9039272, 22.4863243], [113.9039675, 22.4864407], [113.9038384, 22.4864789], [113.9037981, 22.4863624]]]]}}, {"type": "Feature", "id": "way/579823033", "properties": {"tags": {"building": "detached"}, "heightStatus": "unknown", "source": "OpenStreetMap", "license": "ODbL-1.0"}, "geometry": {"type": "MultiPolygon", "coordinates": [[[[113.9039971, 22.4863011], [113.9041262, 22.486263], [113.9041665, 22.4863794], [113.9040375, 22.4864176], [113.9039971, 22.4863011]]]]}}, {"type": "Feature", "id": "way/579823034", "properties": {"tags": {"building": "detached"}, "heightStatus": "unknown", "source": "OpenStreetMap", "license": "ODbL-1.0"}, "geometry": {"type": "MultiPolygon", "coordinates": [[[[113.9037624, 22.4857989], [113.9038914, 22.4857608], [113.9039318, 22.4858773], [113.9038027, 22.4859154], [113.9037624, 22.4857989]]]]}}, {"type": "Feature", "id": "way/579823035", "properties": {"tags": {"building": "detached"}, "heightStatus": "unknown", "source": "OpenStreetMap", "license": "ODbL-1.0"}, "geometry": {"type": "MultiPolygon", "coordinates": [[[[113.9042959, 22.4862172], [113.9044249, 22.486179], [113.9044652, 22.4862955], [113.9043362, 22.4863337], [113.9042959, 22.4862172]]]]}}, {"type": "Feature", "id": "way/579823036", "properties": {"tags": {"building": "detached"}, "heightStatus": "unknown", "source": "OpenStreetMap", "license": "ODbL-1.0"}, "geometry": {"type": "MultiPolygon", "coordinates": [[[[113.9045006, 22.4861421], [113.9046296, 22.4861039], [113.9046699, 22.4862204], [113.9045409, 22.4862585], [113.9045006, 22.4861421]]]]}}, {"type": "Feature", "id": "way/579823037", "properties": {"tags": {"building": "yes"}, "heightStatus": "unknown", "source": "OpenStreetMap", "license": "ODbL-1.0"}, "geometry": {"type": "MultiPolygon", "coordinates": [[[[113.9068716, 22.4845222], [113.9069708, 22.4845023], [113.9069566, 22.4844415], [113.9071754, 22.4843977], [113.9072738, 22.484817], [113.9070801, 22.4847957], [113.9070474, 22.4846563], [113.906992, 22.4846674], [113.9069831, 22.4846296], [113.9069007, 22.4846461], [113.9068716, 22.4845222]]]]}}, {"type": "Feature", "id": "way/579823038", "properties": {"tags": {"building": "yes"}, "heightStatus": "unknown", "source": "OpenStreetMap", "license": "ODbL-1.0"}, "geometry": {"type": "MultiPolygon", "coordinates": [[[[113.9066407, 22.4838003], [113.9067557, 22.48379], [113.9067629, 22.4838588], [113.9067866, 22.4838566], [113.9067825, 22.4838174], [113.9068739, 22.4838092], [113.9068812, 22.4838796], [113.9069068, 22.4838773], [113.9069134, 22.48394], [113.9068935, 22.4839418], [113.906902, 22.4840232], [113.9068167, 22.4840308], [113.9068133, 22.4839985], [113.9067931, 22.4840003], [113.906802, 22.4840851], [113.9066752, 22.4840965], [113.9066661, 22.4840103], [113.9067373, 22.4840039], [113.9067248, 22.4838848], [113.9066502, 22.4838914], [113.9066407, 22.4838003]]]]}}, {"type": "Feature", "id": "way/579823039", "properties": {"tags": {"building": "yes"}, "heightStatus": "unknown", "source": "OpenStreetMap", "license": "ODbL-1.0"}, "geometry": {"type": "MultiPolygon", "coordinates": [[[[113.9056538, 22.4855172], [113.905654, 22.4854358], [113.9058188, 22.4854362], [113.9058186, 22.4855175], [113.9056538, 22.4855172]]]]}}, {"type": "Feature", "id": "way/783232521", "properties": {"tags": {"building": "commercial", "building:levels:underground": "3", "name": "新时代广场", "name:en": "New Era Plaza", "name:zh": "新时代广场"}, "heightStatus": "unknown", "source": "OpenStreetMap", "license": "ODbL-1.0"}, "geometry": {"type": "MultiPolygon", "coordinates": [[[[113.9078052, 22.4851972], [113.9082394, 22.4850221], [113.9084123, 22.4853881], [113.9085149, 22.4856055], [113.9080807, 22.4857806], [113.9079781, 22.4855632], [113.9078052, 22.4851972]]]]}}, {"type": "Feature", "id": "way/783232522", "properties": {"tags": {"building:levels": "3", "building:part": "yes"}, "heightStatus": "levels_only_unverified", "source": "OpenStreetMap", "license": "ODbL-1.0"}, "geometry": {"type": "MultiPolygon", "coordinates": [[[[113.9079781, 22.4855632], [113.9084123, 22.4853881], [113.9085149, 22.4856055], [113.9080807, 22.4857806], [113.9079781, 22.4855632]]]]}}, {"type": "Feature", "id": "relation/10869509", "properties": {"tags": {"building:levels": "30", "building:part": "commercial", "height": "159.8", "source": "Bing"}, "heightStatus": "height_tag_unverified", "source": "OpenStreetMap", "license": "ODbL-1.0"}, "geometry": {"type": "MultiPolygon", "coordinates": [[[[113.9078052, 22.4851972], [113.9082394, 22.4850221], [113.9084123, 22.4853881], [113.9079781, 22.4855632], [113.9078052, 22.4851972]], [[113.9079417, 22.4852307], [113.9080422, 22.485445], [113.9082747, 22.4853519], [113.9081741, 22.4851376], [113.9079417, 22.4852307]]]]}}, {"type": "Feature", "id": "way/783232523", "properties": {"tags": {"building:levels": "33", "building:part": "yes", "height": "188.8", "roof:height": "14.5", "roof:shape": "pyramidal"}, "heightStatus": "height_tag_unverified", "source": "OpenStreetMap", "license": "ODbL-1.0"}, "geometry": {"type": "MultiPolygon", "coordinates": [[[[113.9079417, 22.4852307], [113.9081741, 22.4851376], [113.9082747, 22.4853519], [113.9080422, 22.485445], [113.9079417, 22.4852307]]]]}}, {"type": "Feature", "id": "way/997076924", "properties": {"tags": {"building": "detached"}, "heightStatus": "unknown", "source": "OpenStreetMap", "license": "ODbL-1.0"}, "geometry": {"type": "MultiPolygon", "coordinates": [[[[113.9046818, 22.4859474], [113.9047876, 22.4858582], [113.9048829, 22.4859546], [113.9047771, 22.4860438], [113.9046818, 22.4859474]]]]}}, {"type": "Feature", "id": "way/997076925", "properties": {"tags": {"building": "detached"}, "heightStatus": "unknown", "source": "OpenStreetMap", "license": "ODbL-1.0"}, "geometry": {"type": "MultiPolygon", "coordinates": [[[[113.9048559, 22.4858031], [113.9049616, 22.4857139], [113.9050569, 22.4858103], [113.9049511, 22.4858995], [113.9048559, 22.4858031]]]]}}, {"type": "Feature", "id": "way/997076926", "properties": {"tags": {"building": "detached"}, "heightStatus": "unknown", "source": "OpenStreetMap", "license": "ODbL-1.0"}, "geometry": {"type": "MultiPolygon", "coordinates": [[[[113.9050246, 22.4856716], [113.9051304, 22.4855824], [113.9052256, 22.4856788], [113.9051198, 22.485768], [113.9050246, 22.4856716]]]]}}, {"type": "Feature", "id": "way/997076927", "properties": {"tags": {"building": "detached"}, "heightStatus": "unknown", "source": "OpenStreetMap", "license": "ODbL-1.0"}, "geometry": {"type": "MultiPolygon", "coordinates": [[[[113.9051838, 22.485497], [113.9052889, 22.4854051], [113.9054037, 22.4855172], [113.9052987, 22.4856091], [113.9051838, 22.485497]]]]}}, {"type": "Feature", "id": "way/997076928", "properties": {"tags": {"building": "detached"}, "heightStatus": "unknown", "source": "OpenStreetMap", "license": "ODbL-1.0"}, "geometry": {"type": "MultiPolygon", "coordinates": [[[[113.9049338, 22.4854631], [113.9049647, 22.4853542], [113.905103, 22.4853877], [113.9050721, 22.4854966], [113.9049338, 22.4854631]]]]}}, {"type": "Feature", "id": "way/997076929", "properties": {"tags": {"building": "yes"}, "heightStatus": "unknown", "source": "OpenStreetMap", "license": "ODbL-1.0"}, "geometry": {"type": "MultiPolygon", "coordinates": [[[[113.9059715, 22.4846709], [113.9060372, 22.4845866], [113.9061231, 22.4846387], [113.9062062, 22.4845891], [113.9066421, 22.4845445], [113.9066461, 22.4845693], [113.9066729, 22.4845854], [113.906685, 22.4846139], [113.906685, 22.4846374], [113.9066756, 22.4846647], [113.9066528, 22.4846833], [113.9066152, 22.4846845], [113.9065804, 22.4846734], [113.9065643, 22.4846449], [113.9062572, 22.4846684], [113.9062183, 22.4846734], [113.9061539, 22.4846858], [113.9059943, 22.4847514], [113.9059729, 22.4847044], [113.9059903, 22.4846969], [113.9059715, 22.4846709]]]]}}, {"type": "Feature", "id": "way/997076930", "properties": {"tags": {"building": "yes"}, "heightStatus": "unknown", "source": "OpenStreetMap", "license": "ODbL-1.0"}, "geometry": {"type": "MultiPolygon", "coordinates": [[[[113.9062562, 22.4839115], [113.9063712, 22.4839012], [113.9063784, 22.48397], [113.9064021, 22.4839678], [113.906398, 22.4839286], [113.9064894, 22.4839204], [113.9064967, 22.4839908], [113.9065223, 22.4839885], [113.9065289, 22.4840512], [113.906509, 22.484053], [113.9065175, 22.4841344], [113.9064322, 22.484142], [113.9064288, 22.4841097], [113.9064086, 22.4841115], [113.9064175, 22.4841963], [113.9062907, 22.4842077], [113.9062816, 22.4841215], [113.9063528, 22.4841151], [113.9063403, 22.483996], [113.9062657, 22.4840026], [113.9062562, 22.4839115]]]]}}, {"type": "Feature", "id": "way/997076931", "properties": {"tags": {"building": "detached"}, "heightStatus": "unknown", "source": "OpenStreetMap", "license": "ODbL-1.0"}, "geometry": {"type": "MultiPolygon", "coordinates": [[[[113.9062745, 22.4837079], [113.9063637, 22.4836469], [113.9064472, 22.483751], [113.906358, 22.483812], [113.9062745, 22.4837079]]]]}}, {"type": "Feature", "id": "way/997076932", "properties": {"tags": {"building": "detached"}, "heightStatus": "unknown", "source": "OpenStreetMap", "license": "ODbL-1.0"}, "geometry": {"type": "MultiPolygon", "coordinates": [[[[113.9065764, 22.4835836], [113.9066787, 22.4835403], [113.9067351, 22.4836539], [113.9066328, 22.4836972], [113.9065764, 22.4835836]]]]}}, {"type": "Feature", "id": "way/997076933", "properties": {"tags": {"building": "detached"}, "heightStatus": "unknown", "source": "OpenStreetMap", "license": "ODbL-1.0"}, "geometry": {"type": "MultiPolygon", "coordinates": [[[[113.9065909, 22.4833728], [113.9066937, 22.4833251], [113.906756, 22.4834394], [113.9066531, 22.4834872], [113.9065909, 22.4833728]]]]}}, {"type": "Feature", "id": "way/997076934", "properties": {"tags": {"building": "detached"}, "heightStatus": "unknown", "source": "OpenStreetMap", "license": "ODbL-1.0"}, "geometry": {"type": "MultiPolygon", "coordinates": [[[[113.906098, 22.4834473], [113.9062035, 22.483353], [113.9063009, 22.4834461], [113.9061954, 22.4835403], [113.906098, 22.4834473]]]]}}, {"type": "Feature", "id": "way/997076935", "properties": {"tags": {"building": "detached"}, "heightStatus": "unknown", "source": "OpenStreetMap", "license": "ODbL-1.0"}, "geometry": {"type": "MultiPolygon", "coordinates": [[[[113.9062839, 22.4832853], [113.9064413, 22.4832589], [113.9064623, 22.4833662], [113.906305, 22.4833926], [113.9062839, 22.4832853]]]]}}, {"type": "Feature", "id": "way/997076936", "properties": {"tags": {"building": "detached"}, "heightStatus": "unknown", "source": "OpenStreetMap", "license": "ODbL-1.0"}, "geometry": {"type": "MultiPolygon", "coordinates": [[[[113.9058921, 22.4832368], [113.9059875, 22.4831772], [113.9060684, 22.4832878], [113.905973, 22.4833474], [113.9058921, 22.4832368]]]]}}, {"type": "Feature", "id": "way/997076938", "properties": {"tags": {"building": "detached"}, "heightStatus": "unknown", "source": "OpenStreetMap", "license": "ODbL-1.0"}, "geometry": {"type": "MultiPolygon", "coordinates": [[[[113.9027938, 22.4859074], [113.9029231, 22.4858287], [113.9030196, 22.4859641], [113.9029378, 22.4860139], [113.9029151, 22.485982], [113.9028676, 22.486011], [113.9027938, 22.4859074]]]]}}, {"type": "Feature", "id": "way/997076939", "properties": {"tags": {"building": "detached"}, "heightStatus": "unknown", "source": "OpenStreetMap", "license": "ODbL-1.0"}, "geometry": {"type": "MultiPolygon", "coordinates": [[[[113.9026206, 22.4860118], [113.9027499, 22.4859332], [113.9028463, 22.4860686], [113.9027646, 22.4861183], [113.9027419, 22.4860865], [113.9026944, 22.4861154], [113.9026206, 22.4860118]]]]}}, {"type": "Feature", "id": "way/997076940", "properties": {"tags": {"building": "detached"}, "heightStatus": "unknown", "source": "OpenStreetMap", "license": "ODbL-1.0"}, "geometry": {"type": "MultiPolygon", "coordinates": [[[[113.9024203, 22.4861257], [113.9025496, 22.486047], [113.9026461, 22.4861825], [113.9025643, 22.4862322], [113.9025416, 22.4862003], [113.9024941, 22.4862293], [113.9024203, 22.4861257]]]]}}, {"type": "Feature", "id": "way/997076941", "properties": {"tags": {"building": "detached"}, "heightStatus": "unknown", "source": "OpenStreetMap", "license": "ODbL-1.0"}, "geometry": {"type": "MultiPolygon", "coordinates": [[[[113.9022354, 22.4862538], [113.9023647, 22.4861752], [113.9024612, 22.4863106], [113.9023795, 22.4863603], [113.9023568, 22.4863285], [113.9023092, 22.4863574], [113.9022354, 22.4862538]]]]}}, {"type": "Feature", "id": "way/997076942", "properties": {"tags": {"building": "detached"}, "heightStatus": "unknown", "source": "OpenStreetMap", "license": "ODbL-1.0"}, "geometry": {"type": "MultiPolygon", "coordinates": [[[[113.9020536, 22.4863833], [113.9021829, 22.4863047], [113.9022794, 22.4864401], [113.9021977, 22.4864898], [113.902175, 22.486458], [113.9021275, 22.4864869], [113.9020536, 22.4863833]]]]}}, {"type": "Feature", "id": "way/997076943", "properties": {"tags": {"building": "detached"}, "heightStatus": "unknown", "source": "OpenStreetMap", "license": "ODbL-1.0"}, "geometry": {"type": "MultiPolygon", "coordinates": [[[[113.9018595, 22.4865043], [113.9019888, 22.4864257], [113.9020853, 22.4865611], [113.9020036, 22.4866108], [113.9019809, 22.486579], [113.9019334, 22.4866079], [113.9018595, 22.4865043]]]]}}, {"type": "Feature", "id": "way/997076944", "properties": {"tags": {"building": "detached"}, "heightStatus": "unknown", "source": "OpenStreetMap", "license": "ODbL-1.0"}, "geometry": {"type": "MultiPolygon", "coordinates": [[[[113.9016701, 22.4866353], [113.9017994, 22.4865566], [113.9018958, 22.486692], [113.9018141, 22.4867417], [113.9017914, 22.4867099], [113.9017439, 22.4867389], [113.9016701, 22.4866353]]]]}}, {"type": "Feature", "id": "way/997076945", "properties": {"tags": {"building": "detached"}, "heightStatus": "unknown", "source": "OpenStreetMap", "license": "ODbL-1.0"}, "geometry": {"type": "MultiPolygon", "coordinates": [[[[113.9014767, 22.4867514], [113.901606, 22.4866728], [113.9017025, 22.4868082], [113.9016207, 22.4868579], [113.9015981, 22.4868261], [113.9015505, 22.486855], [113.9014767, 22.4867514]]]]}}, {"type": "Feature", "id": "way/997076946", "properties": {"tags": {"building": "detached"}, "heightStatus": "unknown", "source": "OpenStreetMap", "license": "ODbL-1.0"}, "geometry": {"type": "MultiPolygon", "coordinates": [[[[113.9024056, 22.4864981], [113.9025349, 22.4864194], [113.9026314, 22.4865548], [113.9025497, 22.4866045], [113.902527, 22.4865727], [113.9024795, 22.4866016], [113.9024056, 22.4864981]]]]}}, {"type": "Feature", "id": "way/997076947", "properties": {"tags": {"building": "detached"}, "heightStatus": "unknown", "source": "OpenStreetMap", "license": "ODbL-1.0"}, "geometry": {"type": "MultiPolygon", "coordinates": [[[[113.9025905, 22.4863913], [113.9027198, 22.4863126], [113.9028163, 22.4864481], [113.9027345, 22.4864978], [113.9027119, 22.486466], [113.9026643, 22.4864949], [113.9025905, 22.4863913]]]]}}, {"type": "Feature", "id": "way/997076948", "properties": {"tags": {"building": "detached"}, "heightStatus": "unknown", "source": "OpenStreetMap", "license": "ODbL-1.0"}, "geometry": {"type": "MultiPolygon", "coordinates": [[[[113.9027831, 22.4862774], [113.9029124, 22.4861988], [113.9030088, 22.4863342], [113.9029271, 22.4863839], [113.9029044, 22.4863521], [113.9028569, 22.486381], [113.9027831, 22.4862774]]]]}}, {"type": "Feature", "id": "way/997076949", "properties": {"tags": {"building": "detached"}, "heightStatus": "unknown", "source": "OpenStreetMap", "license": "ODbL-1.0"}, "geometry": {"type": "MultiPolygon", "coordinates": [[[[113.9029618, 22.4861664], [113.9030911, 22.4860878], [113.9031875, 22.4862232], [113.9031058, 22.4862729], [113.9030831, 22.4862411], [113.9030356, 22.48627], [113.9029618, 22.4861664]]]]}}, {"type": "Feature", "id": "way/997076950", "properties": {"tags": {"building": "detached"}, "heightStatus": "unknown", "source": "OpenStreetMap", "license": "ODbL-1.0"}, "geometry": {"type": "MultiPolygon", "coordinates": [[[[113.9031405, 22.4860639], [113.9032698, 22.4859853], [113.9033662, 22.4861207], [113.9032845, 22.4861704], [113.9032618, 22.4861386], [113.9032143, 22.4861675], [113.9031405, 22.4860639]]]]}}, {"type": "Feature", "id": "way/997076951", "properties": {"tags": {"building": "detached"}, "heightStatus": "unknown", "source": "OpenStreetMap", "license": "ODbL-1.0"}, "geometry": {"type": "MultiPolygon", "coordinates": [[[[113.9013435, 22.4864113], [113.9014195, 22.4863601], [113.90146, 22.4864114], [113.9015099, 22.4863777], [113.9015838, 22.4864714], [113.9014578, 22.4865562], [113.9013435, 22.4864113]]]]}}, {"type": "Feature", "id": "way/997076952", "properties": {"tags": {"building": "detached"}, "heightStatus": "unknown", "source": "OpenStreetMap", "license": "ODbL-1.0"}, "geometry": {"type": "MultiPolygon", "coordinates": [[[[113.9015298, 22.4863119], [113.9016058, 22.4862607], [113.9016462, 22.4863119], [113.9016962, 22.4862783], [113.90177, 22.4863719], [113.9016441, 22.4864567], [113.9015298, 22.4863119]]]]}}, {"type": "Feature", "id": "way/997076953", "properties": {"tags": {"building": "detached"}, "heightStatus": "unknown", "source": "OpenStreetMap", "license": "ODbL-1.0"}, "geometry": {"type": "MultiPolygon", "coordinates": [[[[113.9017095, 22.4862164], [113.9017855, 22.4861652], [113.9018259, 22.4862165], [113.9018759, 22.4861829], [113.9019497, 22.4862765], [113.9018238, 22.4863613], [113.9017095, 22.4862164]]]]}}, {"type": "Feature", "id": "way/997076954", "properties": {"tags": {"building": "detached"}, "heightStatus": "unknown", "source": "OpenStreetMap", "license": "ODbL-1.0"}, "geometry": {"type": "MultiPolygon", "coordinates": [[[[113.9019112, 22.4861084], [113.9020255, 22.4860217], [113.9021088, 22.4861156], [113.9019945, 22.4862022], [113.9019112, 22.4861084]]]]}}, {"type": "Feature", "id": "way/997076955", "properties": {"tags": {"building": "detached"}, "heightStatus": "unknown", "source": "OpenStreetMap", "license": "ODbL-1.0"}, "geometry": {"type": "MultiPolygon", "coordinates": [[[[113.902058, 22.485961], [113.9021724, 22.4858744], [113.9022556, 22.4859683], [113.9021413, 22.4860549], [113.902058, 22.485961]]]]}}, {"type": "Feature", "id": "way/997076956", "properties": {"tags": {"building": "detached"}, "heightStatus": "unknown", "source": "OpenStreetMap", "license": "ODbL-1.0"}, "geometry": {"type": "MultiPolygon", "coordinates": [[[[113.9012135, 22.4865669], [113.9013093, 22.4864777], [113.9014172, 22.4865768], [113.9013214, 22.4866659], [113.9012135, 22.4865669]]]]}}, {"type": "Feature", "id": "way/997076958", "properties": {"tags": {"building": "detached"}, "heightStatus": "unknown", "source": "OpenStreetMap", "license": "ODbL-1.0"}, "geometry": {"type": "MultiPolygon", "coordinates": [[[[113.9024097, 22.4857125], [113.9024849, 22.4855807], [113.9026043, 22.4856388], [113.902529, 22.4857707], [113.9024097, 22.4857125]]]]}}, {"type": "Feature", "id": "way/997076959", "properties": {"tags": {"building": "detached"}, "heightStatus": "unknown", "source": "OpenStreetMap", "license": "ODbL-1.0"}, "geometry": {"type": "MultiPolygon", "coordinates": [[[[113.9025045, 22.4855207], [113.9025797, 22.4853888], [113.902699, 22.4854469], [113.9026238, 22.4855788], [113.9025045, 22.4855207]]]]}}, {"type": "Feature", "id": "way/997076960", "properties": {"tags": {"building": "detached"}, "heightStatus": "unknown", "source": "OpenStreetMap", "license": "ODbL-1.0"}, "geometry": {"type": "MultiPolygon", "coordinates": [[[[113.9025939, 22.4853272], [113.9026691, 22.4851954], [113.9027885, 22.4852535], [113.9027132, 22.4853853], [113.9025939, 22.4853272]]]]}}, {"type": "Feature", "id": "way/997076961", "properties": {"tags": {"building": "detached"}, "heightStatus": "unknown", "source": "OpenStreetMap", "license": "ODbL-1.0"}, "geometry": {"type": "MultiPolygon", "coordinates": [[[[113.9026839, 22.4849948], [113.9028019, 22.4849797], [113.9028231, 22.4851211], [113.9027051, 22.4851362], [113.9026839, 22.4849948]]]]}}, {"type": "Feature", "id": "way/997076962", "properties": {"tags": {"building": "detached"}, "heightStatus": "unknown", "source": "OpenStreetMap", "license": "ODbL-1.0"}, "geometry": {"type": "MultiPolygon", "coordinates": [[[[113.9025685, 22.4848212], [113.9026617, 22.4847552], [113.9027501, 22.4848619], [113.9026569, 22.4849278], [113.9025685, 22.4848212]]]]}}, {"type": "Feature", "id": "way/997076963", "properties": {"tags": {"building": "detached"}, "heightStatus": "unknown", "source": "OpenStreetMap", "license": "ODbL-1.0"}, "geometry": {"type": "MultiPolygon", "coordinates": [[[[113.9023809, 22.484739], [113.9024209, 22.4846426], [113.9025475, 22.4846874], [113.9025075, 22.4847838], [113.9023809, 22.484739]]]]}}, {"type": "Feature", "id": "way/997076964", "properties": {"tags": {"building": "detached"}, "heightStatus": "unknown", "source": "OpenStreetMap", "license": "ODbL-1.0"}, "geometry": {"type": "MultiPolygon", "coordinates": [[[[113.9021842, 22.4846629], [113.9022242, 22.4845665], [113.9023507, 22.4846113], [113.9023107, 22.4847077], [113.9021842, 22.4846629]]]]}}, {"type": "Feature", "id": "way/997076965", "properties": {"tags": {"building": "detached"}, "heightStatus": "unknown", "source": "OpenStreetMap", "license": "ODbL-1.0"}, "geometry": {"type": "MultiPolygon", "coordinates": [[[[113.9031215, 22.4857637], [113.9033477, 22.4856563], [113.9033788, 22.4857122], [113.9033326, 22.4857342], [113.9033551, 22.4857747], [113.9032273, 22.4858354], [113.9032058, 22.4857968], [113.9031537, 22.4858215], [113.9031215, 22.4857637]]]]}}, {"type": "Feature", "id": "way/997076966", "properties": {"tags": {"building": "detached"}, "heightStatus": "unknown", "source": "OpenStreetMap", "license": "ODbL-1.0"}, "geometry": {"type": "MultiPolygon", "coordinates": [[[[113.9034258, 22.4857049], [113.9035757, 22.4856805], [113.9035883, 22.4857466], [113.9034384, 22.485771], [113.9034258, 22.4857049]]]]}}, {"type": "Feature", "id": "way/997076967", "properties": {"tags": {"building": "detached"}, "heightStatus": "unknown", "source": "OpenStreetMap", "license": "ODbL-1.0"}, "geometry": {"type": "MultiPolygon", "coordinates": [[[[113.9019967, 22.4844789], [113.9020615, 22.4844322], [113.9021478, 22.4845344], [113.9020829, 22.4845811], [113.9019967, 22.4844789]]]]}}, {"type": "Feature", "id": "way/997076968", "properties": {"tags": {"building": "detached"}, "heightStatus": "unknown", "source": "OpenStreetMap", "license": "ODbL-1.0"}, "geometry": {"type": "MultiPolygon", "coordinates": [[[[113.9019434, 22.4843173], [113.901973, 22.4841945], [113.9020896, 22.4842184], [113.9020601, 22.4843413], [113.9019434, 22.4843173]]]]}}, {"type": "Feature", "id": "way/997076969", "properties": {"tags": {"building": "detached"}, "heightStatus": "unknown", "source": "OpenStreetMap", "license": "ODbL-1.0"}, "geometry": {"type": "MultiPolygon", "coordinates": [[[[113.9020468, 22.4840434], [113.9021522, 22.4839665], [113.9022391, 22.4840683], [113.9021337, 22.4841452], [113.9020468, 22.4840434]]]]}}, {"type": "Feature", "id": "way/997076970", "properties": {"tags": {"building": "detached"}, "heightStatus": "unknown", "source": "OpenStreetMap", "license": "ODbL-1.0"}, "geometry": {"type": "MultiPolygon", "coordinates": [[[[113.9022813, 22.4839278], [113.9024043, 22.4838998], [113.9024348, 22.4840141], [113.9023118, 22.4840421], [113.9022813, 22.4839278]]]]}}, {"type": "Feature", "id": "way/997076971", "properties": {"tags": {"building": "detached"}, "heightStatus": "unknown", "source": "OpenStreetMap", "license": "ODbL-1.0"}, "geometry": {"type": "MultiPolygon", "coordinates": [[[[113.9024842, 22.4838913], [113.9026236, 22.4838549], [113.9026573, 22.4839652], [113.9025178, 22.4840016], [113.9024842, 22.4838913]]]]}}, {"type": "Feature", "id": "way/997076972", "properties": {"tags": {"building": "detached"}, "heightStatus": "unknown", "source": "OpenStreetMap", "license": "ODbL-1.0"}, "geometry": {"type": "MultiPolygon", "coordinates": [[[[113.9026902, 22.4838343], [113.9028062, 22.4837551], [113.9028793, 22.4838464], [113.9027632, 22.4839256], [113.9026902, 22.4838343]]]]}}, {"type": "Feature", "id": "way/997076973", "properties": {"tags": {"building": "detached"}, "heightStatus": "unknown", "source": "OpenStreetMap", "license": "ODbL-1.0"}, "geometry": {"type": "MultiPolygon", "coordinates": [[[[113.9022261, 22.4842645], [113.9023108, 22.4841873], [113.9023944, 22.4842656], [113.9023096, 22.4843428], [113.9022261, 22.4842645]]]]}}, {"type": "Feature", "id": "way/997076974", "properties": {"tags": {"building": "detached"}, "heightStatus": "unknown", "source": "OpenStreetMap", "license": "ODbL-1.0"}, "geometry": {"type": "MultiPolygon", "coordinates": [[[[113.9024124, 22.4841562], [113.9025542, 22.4841341], [113.9025737, 22.4842413], [113.9024319, 22.4842634], [113.9024124, 22.4841562]]]]}}, {"type": "Feature", "id": "way/997076975", "properties": {"tags": {"building": "detached"}, "heightStatus": "unknown", "source": "OpenStreetMap", "license": "ODbL-1.0"}, "geometry": {"type": "MultiPolygon", "coordinates": [[[[113.9026152, 22.4841275], [113.9027368, 22.4840825], [113.9027864, 22.4841967], [113.9026648, 22.4842417], [113.9026152, 22.4841275]]]]}}, {"type": "Feature", "id": "way/997076976", "properties": {"tags": {"building": "detached"}, "heightStatus": "unknown", "source": "OpenStreetMap", "license": "ODbL-1.0"}, "geometry": {"type": "MultiPolygon", "coordinates": [[[[113.9027989, 22.4840571], [113.9029044, 22.4839849], [113.9029828, 22.4840827], [113.9028773, 22.4841549], [113.9027989, 22.4840571]]]]}}, {"type": "Feature", "id": "way/997076977", "properties": {"tags": {"building": "detached"}, "heightStatus": "unknown", "source": "OpenStreetMap", "license": "ODbL-1.0"}, "geometry": {"type": "MultiPolygon", "coordinates": [[[[113.9023825, 22.4844822], [113.902434, 22.4843581], [113.902561, 22.4844031], [113.9025096, 22.4845272], [113.9023825, 22.4844822]]]]}}, {"type": "Feature", "id": "way/997076978", "properties": {"tags": {"building": "detached"}, "heightStatus": "unknown", "source": "OpenStreetMap", "license": "ODbL-1.0"}, "geometry": {"type": "MultiPolygon", "coordinates": [[[[113.9025708, 22.4845586], [113.9026257, 22.4844325], [113.9027444, 22.4844767], [113.9026895, 22.4846028], [113.9025708, 22.4845586]]]]}}, {"type": "Feature", "id": "way/997076979", "properties": {"tags": {"building": "detached"}, "heightStatus": "unknown", "source": "OpenStreetMap", "license": "ODbL-1.0"}, "geometry": {"type": "MultiPolygon", "coordinates": [[[[113.9027268, 22.4846374], [113.9028359, 22.4845492], [113.9029115, 22.4846292], [113.9028023, 22.4847173], [113.9027268, 22.4846374]]]]}}, {"type": "Feature", "id": "way/997076980", "properties": {"tags": {"building": "detached"}, "heightStatus": "unknown", "source": "OpenStreetMap", "license": "ODbL-1.0"}, "geometry": {"type": "MultiPolygon", "coordinates": [[[[113.9028478, 22.4847517], [113.9029828, 22.4846768], [113.9030647, 22.4848026], [113.9029297, 22.4848776], [113.9028478, 22.4847517]]]]}}, {"type": "Feature", "id": "way/997076981", "properties": {"tags": {"building": "detached"}, "heightStatus": "unknown", "source": "OpenStreetMap", "license": "ODbL-1.0"}, "geometry": {"type": "MultiPolygon", "coordinates": [[[[113.9029597, 22.4849043], [113.9031057, 22.4848693], [113.9031448, 22.4850086], [113.9029988, 22.4850436], [113.9029597, 22.4849043]]]]}}, {"type": "Feature", "id": "way/997076982", "properties": {"tags": {"building": "detached"}, "heightStatus": "unknown", "source": "OpenStreetMap", "license": "ODbL-1.0"}, "geometry": {"type": "MultiPolygon", "coordinates": [[[[113.9029599, 22.4852273], [113.902999, 22.4850916], [113.903125, 22.4851226], [113.9030859, 22.4852583], [113.9029599, 22.4852273]]]]}}, {"type": "Feature", "id": "way/997076983", "properties": {"tags": {"building": "detached"}, "heightStatus": "unknown", "source": "OpenStreetMap", "license": "ODbL-1.0"}, "geometry": {"type": "MultiPolygon", "coordinates": [[[[113.9028722, 22.4853976], [113.9029479, 22.4852554], [113.9030799, 22.4853155], [113.9030042, 22.4854576], [113.9028722, 22.4853976]]]]}}, {"type": "Feature", "id": "way/997076984", "properties": {"tags": {"building": "detached"}, "heightStatus": "unknown", "source": "OpenStreetMap", "license": "ODbL-1.0"}, "geometry": {"type": "MultiPolygon", "coordinates": [[[[113.9027871, 22.4855515], [113.9028628, 22.4854093], [113.9029948, 22.4854694], [113.9029191, 22.4856115], [113.9027871, 22.4855515]]]]}}, {"type": "Feature", "id": "way/997076985", "properties": {"tags": {"building": "detached"}, "heightStatus": "unknown", "source": "OpenStreetMap", "license": "ODbL-1.0"}, "geometry": {"type": "MultiPolygon", "coordinates": [[[[113.9044557, 22.48515], [113.9045634, 22.4851161], [113.9045733, 22.485143], [113.9046213, 22.4851279], [113.9046533, 22.4852149], [113.904626, 22.4852235], [113.9046381, 22.4852563], [113.9045097, 22.4852967], [113.9044557, 22.48515]]]]}}, {"type": "Feature", "id": "way/997076986", "properties": {"tags": {"building": "detached"}, "heightStatus": "unknown", "source": "OpenStreetMap", "license": "ODbL-1.0"}, "geometry": {"type": "MultiPolygon", "coordinates": [[[[113.9046591, 22.485083], [113.9047669, 22.4850492], [113.9047768, 22.485076], [113.9048247, 22.485061], [113.9048567, 22.4851479], [113.9048294, 22.4851565], [113.9048415, 22.4851893], [113.9047131, 22.4852297], [113.9046591, 22.485083]]]]}}, {"type": "Feature", "id": "way/997076987", "properties": {"tags": {"building": "detached"}, "heightStatus": "unknown", "source": "OpenStreetMap", "license": "ODbL-1.0"}, "geometry": {"type": "MultiPolygon", "coordinates": [[[[113.9048906, 22.4850329], [113.9050338, 22.485022], [113.9050471, 22.485171], [113.9049039, 22.485182], [113.9048906, 22.4850329]]]]}}, {"type": "Feature", "id": "way/997076988", "properties": {"tags": {"building": "detached"}, "heightStatus": "unknown", "source": "OpenStreetMap", "license": "ODbL-1.0"}, "geometry": {"type": "MultiPolygon", "coordinates": [[[[113.905101, 22.4851824], [113.905141, 22.4850282], [113.9052863, 22.4850604], [113.9052463, 22.4852146], [113.905101, 22.4851824]]]]}}, {"type": "Feature", "id": "way/997076989", "properties": {"tags": {"building": "detached"}, "heightStatus": "unknown", "source": "OpenStreetMap", "license": "ODbL-1.0"}, "geometry": {"type": "MultiPolygon", "coordinates": [[[[113.905313, 22.4852253], [113.905353, 22.4850711], [113.9054983, 22.4851033], [113.9054583, 22.4852575], [113.905313, 22.4852253]]]]}}, {"type": "Feature", "id": "way/997076990", "properties": {"tags": {"building": "detached"}, "heightStatus": "unknown", "source": "OpenStreetMap", "license": "ODbL-1.0"}, "geometry": {"type": "MultiPolygon", "coordinates": [[[[113.9054832, 22.4850719], [113.9055232, 22.4849178], [113.9056685, 22.48495], [113.9056285, 22.4851041], [113.9054832, 22.4850719]]]]}}, {"type": "Feature", "id": "way/997076991", "properties": {"tags": {"building": "detached"}, "heightStatus": "unknown", "source": "OpenStreetMap", "license": "ODbL-1.0"}, "geometry": {"type": "MultiPolygon", "coordinates": [[[[113.9052298, 22.4850114], [113.9052698, 22.4848572], [113.9054151, 22.4848894], [113.9053751, 22.4850435], [113.9052298, 22.4850114]]]]}}, {"type": "Feature", "id": "way/997076992", "properties": {"tags": {"building": "detached"}, "heightStatus": "unknown", "source": "OpenStreetMap", "license": "ODbL-1.0"}, "geometry": {"type": "MultiPolygon", "coordinates": [[[[113.9050118, 22.4849721], [113.9050518, 22.4848179], [113.9051971, 22.4848501], [113.9051571, 22.4850042], [113.9050118, 22.4849721]]]]}}, {"type": "Feature", "id": "way/997076993", "properties": {"tags": {"building": "detached"}, "heightStatus": "unknown", "source": "OpenStreetMap", "license": "ODbL-1.0"}, "geometry": {"type": "MultiPolygon", "coordinates": [[[[113.9047627, 22.4848535], [113.9048948, 22.4848315], [113.9049242, 22.484983], [113.9047922, 22.4850049], [113.9047627, 22.4848535]]]]}}, {"type": "Feature", "id": "way/997076994", "properties": {"tags": {"building": "detached"}, "heightStatus": "unknown", "source": "OpenStreetMap", "license": "ODbL-1.0"}, "geometry": {"type": "MultiPolygon", "coordinates": [[[[113.9045374, 22.4850093], [113.9045536, 22.4848577], [113.9046845, 22.4848697], [113.9046683, 22.4850213], [113.9045374, 22.4850093]]]]}}, {"type": "Feature", "id": "way/997076995", "properties": {"tags": {"building": "detached"}, "heightStatus": "unknown", "source": "OpenStreetMap", "license": "ODbL-1.0"}, "geometry": {"type": "MultiPolygon", "coordinates": [[[[113.9042821, 22.4849291], [113.9043455, 22.4847824], [113.904473, 22.4848294], [113.9044095, 22.4849761], [113.9042821, 22.4849291]]]]}}, {"type": "Feature", "id": "way/997076996", "properties": {"tags": {"building": "detached"}, "heightStatus": "unknown", "source": "OpenStreetMap", "license": "ODbL-1.0"}, "geometry": {"type": "MultiPolygon", "coordinates": [[[[113.9041581, 22.4851051], [113.9042409, 22.4849816], [113.9043545, 22.4850467], [113.9042716, 22.4851701], [113.9041581, 22.4851051]]]]}}, {"type": "Feature", "id": "way/997076997", "properties": {"tags": {"building": "detached"}, "heightStatus": "unknown", "source": "OpenStreetMap", "license": "ODbL-1.0"}, "geometry": {"type": "MultiPolygon", "coordinates": [[[[113.9040629, 22.485257], [113.9042003, 22.4852301], [113.904235, 22.4853815], [113.9040976, 22.4854084], [113.9040629, 22.485257]]]]}}, {"type": "Feature", "id": "way/997076998", "properties": {"tags": {"building": "detached"}, "heightStatus": "unknown", "source": "OpenStreetMap", "license": "ODbL-1.0"}, "geometry": {"type": "MultiPolygon", "coordinates": [[[[113.9035624, 22.4852343], [113.9037073, 22.4852201], [113.9037147, 22.4852848], [113.9038533, 22.4852713], [113.9038683, 22.4854029], [113.9036985, 22.4854195], [113.9036922, 22.4853645], [113.9035786, 22.4853756], [113.9035624, 22.4852343]]]]}}, {"type": "Feature", "id": "way/997076999", "properties": {"tags": {"building": "detached"}, "heightStatus": "unknown", "source": "OpenStreetMap", "license": "ODbL-1.0"}, "geometry": {"type": "MultiPolygon", "coordinates": [[[[113.9037571, 22.4851577], [113.903836, 22.4850353], [113.9039391, 22.485092], [113.9038602, 22.4852144], [113.9037571, 22.4851577]]]]}}, {"type": "Feature", "id": "way/997077000", "properties": {"tags": {"building": "detached"}, "heightStatus": "unknown", "source": "OpenStreetMap", "license": "ODbL-1.0"}, "geometry": {"type": "MultiPolygon", "coordinates": [[[[113.9038572, 22.4849816], [113.903936, 22.4848592], [113.9040392, 22.484916], [113.9039603, 22.4850384], [113.9038572, 22.4849816]]]]}}, {"type": "Feature", "id": "way/997077001", "properties": {"tags": {"building": "detached"}, "heightStatus": "unknown", "source": "OpenStreetMap", "license": "ODbL-1.0"}, "geometry": {"type": "MultiPolygon", "coordinates": [[[[113.9034352, 22.4850531], [113.9035725, 22.4850217], [113.9036078, 22.4851535], [113.9034704, 22.4851848], [113.9034352, 22.4850531]]]]}}, {"type": "Feature", "id": "way/997077002", "properties": {"tags": {"building": "detached"}, "heightStatus": "unknown", "source": "OpenStreetMap", "license": "ODbL-1.0"}, "geometry": {"type": "MultiPolygon", "coordinates": [[[[113.9033878, 22.4848415], [113.9035252, 22.4848102], [113.9035604, 22.4849419], [113.903423, 22.4849733], [113.9033878, 22.4848415]]]]}}, {"type": "Feature", "id": "way/997077003", "properties": {"tags": {"building": "detached"}, "heightStatus": "unknown", "source": "OpenStreetMap", "license": "ODbL-1.0"}, "geometry": {"type": "MultiPolygon", "coordinates": [[[[113.9033475, 22.4846467], [113.9034849, 22.4846153], [113.9035201, 22.4847471], [113.9033827, 22.4847784], [113.9033475, 22.4846467]]]]}}, {"type": "Feature", "id": "way/997077004", "properties": {"tags": {"building": "detached"}, "heightStatus": "unknown", "source": "OpenStreetMap", "license": "ODbL-1.0"}, "geometry": {"type": "MultiPolygon", "coordinates": [[[[113.9039828, 22.4848056], [113.9040271, 22.4846865], [113.9041561, 22.4847274], [113.9041118, 22.4848465], [113.9039828, 22.4848056]]]]}}, {"type": "Feature", "id": "way/997077005", "properties": {"tags": {"building": "detached"}, "heightStatus": "unknown", "source": "OpenStreetMap", "license": "ODbL-1.0"}, "geometry": {"type": "MultiPolygon", "coordinates": [[[[113.9036351, 22.4846707], [113.9036962, 22.4845593], [113.9038181, 22.4846164], [113.903757, 22.4847277], [113.9036351, 22.4846707]]]]}}, {"type": "Feature", "id": "way/997077006", "properties": {"tags": {"building": "detached"}, "heightStatus": "unknown", "source": "OpenStreetMap", "license": "ODbL-1.0"}, "geometry": {"type": "MultiPolygon", "coordinates": [[[[113.9037766, 22.4847335], [113.903832, 22.484619], [113.9039559, 22.4846702], [113.9039005, 22.4847847], [113.9037766, 22.4847335]]]]}}, {"type": "Feature", "id": "way/997077007", "properties": {"tags": {"building": "detached"}, "heightStatus": "unknown", "source": "OpenStreetMap", "license": "ODbL-1.0"}, "geometry": {"type": "MultiPolygon", "coordinates": [[[[113.903398, 22.4845647], [113.9034044, 22.4844314], [113.9035482, 22.4844372], [113.9035418, 22.4845706], [113.903398, 22.4845647]]]]}}, {"type": "Feature", "id": "way/997077008", "properties": {"tags": {"building": "detached"}, "heightStatus": "unknown", "source": "OpenStreetMap", "license": "ODbL-1.0"}, "geometry": {"type": "MultiPolygon", "coordinates": [[[[113.903049, 22.4840978], [113.9032154, 22.4840738], [113.9032372, 22.4842028], [113.9031902, 22.4842096], [113.9031965, 22.484247], [113.9031377, 22.4842555], [113.9031312, 22.4842173], [113.9030707, 22.484226], [113.903049, 22.4840978]]]]}}, {"type": "Feature", "id": "way/997077009", "properties": {"tags": {"building": "detached"}, "heightStatus": "unknown", "source": "OpenStreetMap", "license": "ODbL-1.0"}, "geometry": {"type": "MultiPolygon", "coordinates": [[[[113.9030383, 22.4843221], [113.9032046, 22.4842981], [113.9032264, 22.4844271], [113.9031794, 22.4844339], [113.9031857, 22.4844713], [113.9031269, 22.4844798], [113.9031204, 22.4844415], [113.9030599, 22.4844503], [113.9030383, 22.4843221]]]]}}, {"type": "Feature", "id": "way/997077010", "properties": {"tags": {"building": "detached"}, "heightStatus": "unknown", "source": "OpenStreetMap", "license": "ODbL-1.0"}, "geometry": {"type": "MultiPolygon", "coordinates": [[[[113.9030219, 22.4845165], [113.9031882, 22.4844925], [113.9032101, 22.4846216], [113.903163, 22.4846284], [113.9031694, 22.4846657], [113.9031105, 22.4846742], [113.9031041, 22.484636], [113.9030436, 22.4846447], [113.9030219, 22.4845165]]]]}}, {"type": "Feature", "id": "way/997077015", "properties": {"tags": {"building": "yes"}, "heightStatus": "unknown", "source": "OpenStreetMap", "license": "ODbL-1.0"}, "geometry": {"type": "MultiPolygon", "coordinates": [[[[113.9051049, 22.4843172], [113.9051129, 22.4841874], [113.9051721, 22.4841905], [113.9051702, 22.484222], [113.9052289, 22.4842251], [113.9052276, 22.4842462], [113.9053779, 22.4842542], [113.9053796, 22.4842278], [113.9054356, 22.4842308], [113.9054371, 22.4842057], [113.9054962, 22.4842088], [113.9054879, 22.484343], [113.905432, 22.48434], [113.9054301, 22.4843693], [113.9053718, 22.4843662], [113.9053702, 22.4843914], [113.9052046, 22.4843827], [113.9052064, 22.4843527], [113.9051562, 22.4843501], [113.905158, 22.48432], [113.9051049, 22.4843172]]]]}}, {"type": "Feature", "id": "way/997077016", "properties": {"tags": {"building": "detached"}, "heightStatus": "unknown", "source": "OpenStreetMap", "license": "ODbL-1.0"}, "geometry": {"type": "MultiPolygon", "coordinates": [[[[113.9053853, 22.4837575], [113.9053959, 22.4836003], [113.905545, 22.4836089], [113.9055344, 22.4837661], [113.9053853, 22.4837575]]]]}}, {"type": "Feature", "id": "way/997077017", "properties": {"tags": {"building": "detached"}, "heightStatus": "unknown", "source": "OpenStreetMap", "license": "ODbL-1.0"}, "geometry": {"type": "MultiPolygon", "coordinates": [[[[113.9052013, 22.4838288], [113.9052119, 22.4836716], [113.905361, 22.4836802], [113.9053504, 22.4838373], [113.9052013, 22.4838288]]]]}}, {"type": "Feature", "id": "way/997077018", "properties": {"tags": {"building": "detached"}, "heightStatus": "unknown", "source": "OpenStreetMap", "license": "ODbL-1.0"}, "geometry": {"type": "MultiPolygon", "coordinates": [[[[113.9050224, 22.4839141], [113.905033, 22.483757], [113.9051821, 22.4837655], [113.9051715, 22.4839227], [113.9050224, 22.4839141]]]]}}, {"type": "Feature", "id": "way/997077019", "properties": {"tags": {"building": "detached"}, "heightStatus": "unknown", "source": "OpenStreetMap", "license": "ODbL-1.0"}, "geometry": {"type": "MultiPolygon", "coordinates": [[[[113.9048517, 22.4838298], [113.9048623, 22.4836727], [113.9050114, 22.4836813], [113.9050008, 22.4838384], [113.9048517, 22.4838298]]]]}}, {"type": "Feature", "id": "way/997077020", "properties": {"tags": {"building": "yes"}, "heightStatus": "unknown", "source": "OpenStreetMap", "license": "ODbL-1.0"}, "geometry": {"type": "MultiPolygon", "coordinates": [[[[113.9045163, 22.4840676], [113.9045302, 22.4839336], [113.9047292, 22.483945], [113.9047308, 22.4839208], [113.9049391, 22.4839308], [113.9049344, 22.484099], [113.9047354, 22.4841503], [113.9047061, 22.4840776], [113.9046876, 22.4840776], [113.904686, 22.4841289], [113.9045487, 22.4841617], [113.9045163, 22.4840676]]]]}}, {"type": "Feature", "id": "way/997077021", "properties": {"tags": {"building": "detached"}, "heightStatus": "unknown", "source": "OpenStreetMap", "license": "ODbL-1.0"}, "geometry": {"type": "MultiPolygon", "coordinates": [[[[113.9042148, 22.4840987], [113.9043615, 22.4840798], [113.9043838, 22.4842273], [113.9042371, 22.4842462], [113.9042148, 22.4840987]]]]}}, {"type": "Feature", "id": "way/997077022", "properties": {"tags": {"building": "detached"}, "heightStatus": "unknown", "source": "OpenStreetMap", "license": "ODbL-1.0"}, "geometry": {"type": "MultiPolygon", "coordinates": [[[[113.9040176, 22.4841247], [113.9041643, 22.4841057], [113.9041866, 22.4842533], [113.9040399, 22.4842722], [113.9040176, 22.4841247]]]]}}, {"type": "Feature", "id": "way/997077023", "properties": {"tags": {"building": "detached"}, "heightStatus": "unknown", "source": "OpenStreetMap", "license": "ODbL-1.0"}, "geometry": {"type": "MultiPolygon", "coordinates": [[[[113.9037866, 22.4841595], [113.9039333, 22.4841405], [113.9039556, 22.4842881], [113.9038089, 22.484307], [113.9037866, 22.4841595]]]]}}, {"type": "Feature", "id": "way/997077024", "properties": {"tags": {"building": "detached"}, "heightStatus": "unknown", "source": "OpenStreetMap", "license": "ODbL-1.0"}, "geometry": {"type": "MultiPolygon", "coordinates": [[[[113.9035466, 22.4842799], [113.9036606, 22.4841599], [113.9037643, 22.484244], [113.9036503, 22.484364], [113.9035466, 22.4842799]]]]}}, {"type": "Feature", "id": "way/997077025", "properties": {"tags": {"building": "detached"}, "heightStatus": "unknown", "source": "OpenStreetMap", "license": "ODbL-1.0"}, "geometry": {"type": "MultiPolygon", "coordinates": [[[[113.9037436, 22.4844582], [113.9038242, 22.4843236], [113.9039498, 22.4843879], [113.9038692, 22.4845224], [113.9037436, 22.4844582]]]]}}, {"type": "Feature", "id": "way/997077026", "properties": {"tags": {"building": "detached"}, "heightStatus": "unknown", "source": "OpenStreetMap", "license": "ODbL-1.0"}, "geometry": {"type": "MultiPolygon", "coordinates": [[[[113.9039399, 22.4845301], [113.9039947, 22.4843911], [113.9041277, 22.4844358], [113.9040728, 22.4845749], [113.9039399, 22.4845301]]]]}}, {"type": "Feature", "id": "way/997077035", "properties": {"tags": {"building": "detached"}, "heightStatus": "unknown", "source": "OpenStreetMap", "license": "ODbL-1.0"}, "geometry": {"type": "MultiPolygon", "coordinates": [[[[113.9032791, 22.4839245], [113.9033988, 22.4838809], [113.9034525, 22.4840067], [113.9033327, 22.4840504], [113.9032791, 22.4839245]]]]}}, {"type": "Feature", "id": "way/997077036", "properties": {"tags": {"building": "detached"}, "heightStatus": "unknown", "source": "OpenStreetMap", "license": "ODbL-1.0"}, "geometry": {"type": "MultiPolygon", "coordinates": [[[[113.9034803, 22.4838894], [113.9036001, 22.4838458], [113.9036538, 22.4839717], [113.903534, 22.4840153], [113.9034803, 22.4838894]]]]}}, {"type": "Feature", "id": "way/997077037", "properties": {"tags": {"building": "detached"}, "heightStatus": "unknown", "source": "OpenStreetMap", "license": "ODbL-1.0"}, "geometry": {"type": "MultiPolygon", "coordinates": [[[[113.9036712, 22.4838628], [113.9037909, 22.4838192], [113.9038446, 22.483945], [113.9037248, 22.4839886], [113.9036712, 22.4838628]]]]}}, {"type": "Feature", "id": "way/997077038", "properties": {"tags": {"building": "detached"}, "heightStatus": "unknown", "source": "OpenStreetMap", "license": "ODbL-1.0"}, "geometry": {"type": "MultiPolygon", "coordinates": [[[[113.9038648, 22.483826], [113.9039845, 22.4837824], [113.9040382, 22.4839082], [113.9039184, 22.4839518], [113.9038648, 22.483826]]]]}}, {"type": "Feature", "id": "way/997077039", "properties": {"tags": {"building": "detached"}, "heightStatus": "unknown", "source": "OpenStreetMap", "license": "ODbL-1.0"}, "geometry": {"type": "MultiPolygon", "coordinates": [[[[113.9040707, 22.4837993], [113.9041905, 22.4837557], [113.9042442, 22.4838816], [113.9041244, 22.4839252], [113.9040707, 22.4837993]]]]}}, {"type": "Feature", "id": "way/997077040", "properties": {"tags": {"building": "detached"}, "heightStatus": "unknown", "source": "OpenStreetMap", "license": "ODbL-1.0"}, "geometry": {"type": "MultiPolygon", "coordinates": [[[[113.904339, 22.4837149], [113.9044306, 22.4836277], [113.9045278, 22.4837149], [113.9044362, 22.4838021], [113.904339, 22.4837149]]]]}}, {"type": "Feature", "id": "way/997077041", "properties": {"tags": {"building": "detached"}, "heightStatus": "unknown", "source": "OpenStreetMap", "license": "ODbL-1.0"}, "geometry": {"type": "MultiPolygon", "coordinates": [[[[113.9044804, 22.4835423], [113.9045721, 22.4834551], [113.9046693, 22.4835424], [113.9045776, 22.4836295], [113.9044804, 22.4835423]]]]}}, {"type": "Feature", "id": "way/997077042", "properties": {"tags": {"building": "detached"}, "heightStatus": "unknown", "source": "OpenStreetMap", "license": "ODbL-1.0"}, "geometry": {"type": "MultiPolygon", "coordinates": [[[[113.9045724, 22.4833951], [113.9046641, 22.483308], [113.9047612, 22.4833952], [113.9046696, 22.4834824], [113.9045724, 22.4833951]]]]}}, {"type": "Feature", "id": "way/997077043", "properties": {"tags": {"building": "detached"}, "heightStatus": "unknown", "source": "OpenStreetMap", "license": "ODbL-1.0"}, "geometry": {"type": "MultiPolygon", "coordinates": [[[[113.9046313, 22.4832336], [113.9047551, 22.4831025], [113.9048196, 22.4831546], [113.904772, 22.4832049], [113.9048606, 22.4832763], [113.9047843, 22.4833571], [113.9046313, 22.4832336]]]]}}, {"type": "Feature", "id": "way/997077044", "properties": {"tags": {"building": "detached"}, "heightStatus": "unknown", "source": "OpenStreetMap", "license": "ODbL-1.0"}, "geometry": {"type": "MultiPolygon", "coordinates": [[[[113.9047529, 22.4830765], [113.9048488, 22.4829756], [113.9049553, 22.483062], [113.9048594, 22.4831629], [113.9047529, 22.4830765]]]]}}, {"type": "Feature", "id": "way/997077045", "properties": {"tags": {"building": "detached"}, "heightStatus": "unknown", "source": "OpenStreetMap", "license": "ODbL-1.0"}, "geometry": {"type": "MultiPolygon", "coordinates": [[[[113.9049662, 22.4830316], [113.9050621, 22.4829307], [113.9051687, 22.4830171], [113.9050728, 22.483118], [113.9049662, 22.4830316]]]]}}, {"type": "Feature", "id": "way/997077046", "properties": {"tags": {"building": "detached"}, "heightStatus": "unknown", "source": "OpenStreetMap", "license": "ODbL-1.0"}, "geometry": {"type": "MultiPolygon", "coordinates": [[[[113.9048288, 22.4829145], [113.9049247, 22.4828136], [113.9050312, 22.4829001], [113.9049353, 22.483001], [113.9048288, 22.4829145]]]]}}, {"type": "Feature", "id": "way/997077047", "properties": {"tags": {"building": "detached"}, "heightStatus": "unknown", "source": "OpenStreetMap", "license": "ODbL-1.0"}, "geometry": {"type": "MultiPolygon", "coordinates": [[[[113.9048969, 22.4827643], [113.9049928, 22.4826634], [113.9050993, 22.4827499], [113.9050034, 22.4828508], [113.9048969, 22.4827643]]]]}}, {"type": "Feature", "id": "way/997077048", "properties": {"tags": {"building": "detached"}, "heightStatus": "unknown", "source": "OpenStreetMap", "license": "ODbL-1.0"}, "geometry": {"type": "MultiPolygon", "coordinates": [[[[113.9043147, 22.4833897], [113.9043209, 22.483301], [113.9043913, 22.4833053], [113.904404, 22.4832911], [113.9043704, 22.4832362], [113.9044335, 22.4832032], [113.9044874, 22.4832911], [113.9044892, 22.4833237], [113.9044348, 22.4833831], [113.9043995, 22.4833948], [113.9043147, 22.4833897]]]]}}, {"type": "Feature", "id": "way/997077049", "properties": {"tags": {"building": "detached"}, "heightStatus": "unknown", "source": "OpenStreetMap", "license": "ODbL-1.0"}, "geometry": {"type": "MultiPolygon", "coordinates": [[[[113.9044924, 22.483102], [113.9045671, 22.4830927], [113.9045752, 22.4830768], [113.9045207, 22.4830207], [113.9045724, 22.4829778], [113.9046531, 22.4830609], [113.9046586, 22.4830893], [113.9046359, 22.4831412], [113.9046115, 22.483163], [113.9045033, 22.4831766], [113.9044924, 22.483102]]]]}}, {"type": "Feature", "id": "way/997077050", "properties": {"tags": {"building": "detached"}, "heightStatus": "unknown", "source": "OpenStreetMap", "license": "ODbL-1.0"}, "geometry": {"type": "MultiPolygon", "coordinates": [[[[113.9045965, 22.482907], [113.904616, 22.4828294], [113.9046885, 22.4828449], [113.9047021, 22.4828307], [113.9046745, 22.4827664], [113.904743, 22.4827413], [113.9047899, 22.4828508], [113.9047872, 22.4828759], [113.9047356, 22.4829236], [113.9047048, 22.4829303], [113.9045965, 22.482907]]]]}}, {"type": "Feature", "id": "way/997077052", "properties": {"tags": {"building": "detached"}, "heightStatus": "unknown", "source": "OpenStreetMap", "license": "ODbL-1.0"}, "geometry": {"type": "MultiPolygon", "coordinates": [[[[113.903847, 22.482939], [113.9039783, 22.4829372], [113.9039818, 22.4831598], [113.9038505, 22.4831616], [113.903847, 22.482939]]]]}}, {"type": "Feature", "id": "way/997077053", "properties": {"tags": {"building": "detached"}, "heightStatus": "unknown", "source": "OpenStreetMap", "license": "ODbL-1.0"}, "geometry": {"type": "MultiPolygon", "coordinates": [[[[113.9035293, 22.4831718], [113.9037005, 22.4831671], [113.9037057, 22.4833291], [113.9035346, 22.4833338], [113.9035293, 22.4831718]]]]}}, {"type": "Feature", "id": "way/997077054", "properties": {"tags": {"building": "detached"}, "heightStatus": "unknown", "source": "OpenStreetMap", "license": "ODbL-1.0"}, "geometry": {"type": "MultiPolygon", "coordinates": [[[[113.9033316, 22.4833054], [113.9033342, 22.4831372], [113.9035022, 22.4831394], [113.9034996, 22.4833076], [113.9033316, 22.4833054]]]]}}, {"type": "Feature", "id": "way/997077055", "properties": {"tags": {"building": "detached"}, "heightStatus": "unknown", "source": "OpenStreetMap", "license": "ODbL-1.0"}, "geometry": {"type": "MultiPolygon", "coordinates": [[[[113.9031124, 22.4832152], [113.9031619, 22.4830729], [113.9033095, 22.4831167], [113.9032599, 22.483259], [113.9031124, 22.4832152]]]]}}, {"type": "Feature", "id": "way/997077056", "properties": {"tags": {"building": "detached"}, "heightStatus": "unknown", "source": "OpenStreetMap", "license": "ODbL-1.0"}, "geometry": {"type": "MultiPolygon", "coordinates": [[[[113.9029055, 22.4831501], [113.902955, 22.4830078], [113.9031025, 22.4830516], [113.903053, 22.4831939], [113.9029055, 22.4831501]]]]}}, {"type": "Feature", "id": "way/997077057", "properties": {"tags": {"building": "detached"}, "heightStatus": "unknown", "source": "OpenStreetMap", "license": "ODbL-1.0"}, "geometry": {"type": "MultiPolygon", "coordinates": [[[[113.902678, 22.4829531], [113.9028532, 22.4829241], [113.9028804, 22.4830648], [113.9027052, 22.4830937], [113.902678, 22.4829531]]]]}}, {"type": "Feature", "id": "way/997077058", "properties": {"tags": {"building": "detached"}, "heightStatus": "unknown", "source": "OpenStreetMap", "license": "ODbL-1.0"}, "geometry": {"type": "MultiPolygon", "coordinates": [[[[113.902462, 22.4829345], [113.9026293, 22.4829102], [113.9026526, 22.4830476], [113.9024853, 22.4830719], [113.902462, 22.4829345]]]]}}, {"type": "Feature", "id": "way/997077059", "properties": {"tags": {"building": "detached"}, "heightStatus": "unknown", "source": "OpenStreetMap", "license": "ODbL-1.0"}, "geometry": {"type": "MultiPolygon", "coordinates": [[[[113.9022532, 22.4830419], [113.9023991, 22.4829673], [113.9024648, 22.4830771], [113.9023189, 22.4831517], [113.9022532, 22.4830419]]]]}}, {"type": "Feature", "id": "way/997077060", "properties": {"tags": {"building": "detached"}, "heightStatus": "unknown", "source": "OpenStreetMap", "license": "ODbL-1.0"}, "geometry": {"type": "MultiPolygon", "coordinates": [[[[113.9020742, 22.483164], [113.9022086, 22.4830759], [113.9022824, 22.4831721], [113.9021481, 22.4832602], [113.9020742, 22.483164]]]]}}, {"type": "Feature", "id": "way/997077061", "properties": {"tags": {"building": "detached"}, "heightStatus": "unknown", "source": "OpenStreetMap", "license": "ODbL-1.0"}, "geometry": {"type": "MultiPolygon", "coordinates": [[[[113.9019121, 22.483307], [113.9020464, 22.483219], [113.9021202, 22.4833152], [113.9019859, 22.4834032], [113.9019121, 22.483307]]]]}}, {"type": "Feature", "id": "way/997077062", "properties": {"tags": {"building": "detached"}, "heightStatus": "unknown", "source": "OpenStreetMap", "license": "ODbL-1.0"}, "geometry": {"type": "MultiPolygon", "coordinates": [[[[113.901716, 22.483433], [113.9018504, 22.4833449], [113.9019242, 22.4834411], [113.9017899, 22.4835292], [113.901716, 22.483433]]]]}}, {"type": "Feature", "id": "way/997077063", "properties": {"tags": {"building": "detached"}, "heightStatus": "unknown", "source": "OpenStreetMap", "license": "ODbL-1.0"}, "geometry": {"type": "MultiPolygon", "coordinates": [[[[113.9015343, 22.483539], [113.9016687, 22.4834509], [113.9017425, 22.4835471], [113.9016082, 22.4836352], [113.9015343, 22.483539]]]]}}, {"type": "Feature", "id": "way/997077064", "properties": {"tags": {"building": "detached"}, "heightStatus": "unknown", "source": "OpenStreetMap", "license": "ODbL-1.0"}, "geometry": {"type": "MultiPolygon", "coordinates": [[[[113.9015701, 22.4831052], [113.9017114, 22.4830235], [113.9017789, 22.4831231], [113.9016376, 22.4832048], [113.9015701, 22.4831052]]]]}}, {"type": "Feature", "id": "way/997077065", "properties": {"tags": {"building": "detached"}, "heightStatus": "unknown", "source": "OpenStreetMap", "license": "ODbL-1.0"}, "geometry": {"type": "MultiPolygon", "coordinates": [[[[113.901791, 22.4829697], [113.9019323, 22.482888], [113.9019998, 22.4829877], [113.9018585, 22.4830694], [113.901791, 22.4829697]]]]}}, {"type": "Feature", "id": "way/997077066", "properties": {"tags": {"building": "detached"}, "heightStatus": "unknown", "source": "OpenStreetMap", "license": "ODbL-1.0"}, "geometry": {"type": "MultiPolygon", "coordinates": [[[[113.9020086, 22.4828206], [113.9021499, 22.4827389], [113.9022174, 22.4828386], [113.9020761, 22.4829203], [113.9020086, 22.4828206]]]]}}, {"type": "Feature", "id": "way/997077067", "properties": {"tags": {"building": "detached"}, "heightStatus": "unknown", "source": "OpenStreetMap", "license": "ODbL-1.0"}, "geometry": {"type": "MultiPolygon", "coordinates": [[[[113.9021221, 22.4835672], [113.9022634, 22.4834855], [113.9023309, 22.4835852], [113.9021896, 22.4836669], [113.9021221, 22.4835672]]]]}}, {"type": "Feature", "id": "way/997077068", "properties": {"tags": {"building": "detached"}, "heightStatus": "unknown", "source": "OpenStreetMap", "license": "ODbL-1.0"}, "geometry": {"type": "MultiPolygon", "coordinates": [[[[113.9023073, 22.4834627], [113.9024558, 22.4834004], [113.9025007, 22.4834917], [113.9023522, 22.483554], [113.9023073, 22.4834627]]]]}}, {"type": "Feature", "id": "way/997077069", "properties": {"tags": {"building": "detached"}, "heightStatus": "unknown", "source": "OpenStreetMap", "license": "ODbL-1.0"}, "geometry": {"type": "MultiPolygon", "coordinates": [[[[113.9025166, 22.4833898], [113.9026717, 22.4833444], [113.9027056, 22.4834435], [113.9025505, 22.4834889], [113.9025166, 22.4833898]]]]}}, {"type": "Feature", "id": "way/997077070", "properties": {"tags": {"building": "detached"}, "heightStatus": "unknown", "source": "OpenStreetMap", "license": "ODbL-1.0"}, "geometry": {"type": "MultiPolygon", "coordinates": [[[[113.9027354, 22.4833462], [113.9028986, 22.4833462], [113.9028986, 22.4834473], [113.9027354, 22.4834472], [113.9027354, 22.4833462]]]]}}, {"type": "Feature", "id": "way/997077071", "properties": {"tags": {"building": "detached"}, "heightStatus": "unknown", "source": "OpenStreetMap", "license": "ODbL-1.0"}, "geometry": {"type": "MultiPolygon", "coordinates": [[[[113.9029254, 22.48346], [113.9029509, 22.4833694], [113.9031146, 22.4834088], [113.9030891, 22.4834993], [113.9029254, 22.48346]]]]}}, {"type": "Feature", "id": "way/997077072", "properties": {"tags": {"building": "detached"}, "heightStatus": "unknown", "source": "OpenStreetMap", "license": "ODbL-1.0"}, "geometry": {"type": "MultiPolygon", "coordinates": [[[[113.9031195, 22.4835383], [113.9031452, 22.4834415], [113.9033033, 22.4834773], [113.9032776, 22.4835742], [113.9031195, 22.4835383]]]]}}, {"type": "Feature", "id": "way/997077073", "properties": {"tags": {"building": "detached"}, "heightStatus": "unknown", "source": "OpenStreetMap", "license": "ODbL-1.0"}, "geometry": {"type": "MultiPolygon", "coordinates": [[[[113.903321, 22.4835754], [113.9033274, 22.4834699], [113.9035017, 22.4834789], [113.9034953, 22.4835844], [113.903321, 22.4835754]]]]}}, {"type": "Feature", "id": "way/997077074", "properties": {"tags": {"building": "detached"}, "heightStatus": "unknown", "source": "OpenStreetMap", "license": "ODbL-1.0"}, "geometry": {"type": "MultiPolygon", "coordinates": [[[[113.9035201, 22.4834847], [113.9036844, 22.4834804], [113.9036875, 22.4835798], [113.9035232, 22.4835841], [113.9035201, 22.4834847]]]]}}, {"type": "Feature", "id": "way/997077075", "properties": {"tags": {"building": "detached"}, "heightStatus": "unknown", "source": "OpenStreetMap", "license": "ODbL-1.0"}, "geometry": {"type": "MultiPolygon", "coordinates": [[[[113.9037049, 22.4834712], [113.9038631, 22.4834311], [113.9038896, 22.4835208], [113.9037315, 22.4835608], [113.9037049, 22.4834712]]]]}}, {"type": "Feature", "id": "way/997077076", "properties": {"tags": {"building": "detached"}, "heightStatus": "unknown", "source": "OpenStreetMap", "license": "ODbL-1.0"}, "geometry": {"type": "MultiPolygon", "coordinates": [[[[113.9017649, 22.4837426], [113.9019328, 22.4836851], [113.9019705, 22.483779], [113.9018025, 22.4838364], [113.9017649, 22.4837426]]]]}}, {"type": "Feature", "id": "way/997077077", "properties": {"tags": {"building": "detached"}, "heightStatus": "unknown", "source": "OpenStreetMap", "license": "ODbL-1.0"}, "geometry": {"type": "MultiPolygon", "coordinates": [[[[113.9015144, 22.4838045], [113.901695, 22.4837704], [113.9017201, 22.4838837], [113.9015394, 22.4839178], [113.9015144, 22.4838045]]]]}}, {"type": "Feature", "id": "way/997077078", "properties": {"tags": {"building": "detached"}, "heightStatus": "unknown", "source": "OpenStreetMap", "license": "ODbL-1.0"}, "geometry": {"type": "MultiPolygon", "coordinates": [[[[113.90135, 22.4840307], [113.9013734, 22.4839772], [113.9014273, 22.4839973], [113.9014038, 22.4840508], [113.90135, 22.4840307]]]]}}, {"type": "Feature", "id": "way/997077079", "properties": {"tags": {"building": "detached"}, "heightStatus": "unknown", "source": "OpenStreetMap", "license": "ODbL-1.0"}, "geometry": {"type": "MultiPolygon", "coordinates": [[[[113.9012832, 22.4836582], [113.9013919, 22.4835963], [113.9014834, 22.4837336], [113.9013748, 22.4837955], [113.9012832, 22.4836582]]]]}}, {"type": "Feature", "id": "way/997077080", "properties": {"tags": {"building": "detached"}, "heightStatus": "unknown", "source": "OpenStreetMap", "license": "ODbL-1.0"}, "geometry": {"type": "MultiPolygon", "coordinates": [[[[113.9022166, 22.4827309], [113.9023648, 22.4826725], [113.9024045, 22.4827586], [113.9022563, 22.4828169], [113.9022166, 22.4827309]]]]}}, {"type": "Feature", "id": "way/997077081", "properties": {"tags": {"building": "detached"}, "heightStatus": "unknown", "source": "OpenStreetMap", "license": "ODbL-1.0"}, "geometry": {"type": "MultiPolygon", "coordinates": [[[[113.9024284, 22.4826599], [113.9025961, 22.4826468], [113.9026046, 22.4827399], [113.902437, 22.482753], [113.9024284, 22.4826599]]]]}}, {"type": "Feature", "id": "way/997077082", "properties": {"tags": {"building": "detached"}, "heightStatus": "unknown", "source": "OpenStreetMap", "license": "ODbL-1.0"}, "geometry": {"type": "MultiPolygon", "coordinates": [[[[113.9030614, 22.4828505], [113.9030938, 22.482757], [113.9032453, 22.4828019], [113.9032129, 22.4828953], [113.9030614, 22.4828505]]]]}}, {"type": "Feature", "id": "way/997077083", "properties": {"tags": {"building": "detached"}, "heightStatus": "unknown", "source": "OpenStreetMap", "license": "ODbL-1.0"}, "geometry": {"type": "MultiPolygon", "coordinates": [[[[113.9032658, 22.4829188], [113.9032812, 22.4828176], [113.9034497, 22.4828395], [113.9034343, 22.4829407], [113.9032658, 22.4829188]]]]}}, {"type": "Feature", "id": "way/997077084", "properties": {"tags": {"building": "detached"}, "heightStatus": "unknown", "source": "OpenStreetMap", "license": "ODbL-1.0"}, "geometry": {"type": "MultiPolygon", "coordinates": [[[[113.9026536, 22.4827379], [113.9026621, 22.4826416], [113.9028205, 22.4826535], [113.902812, 22.4827498], [113.9026536, 22.4827379]]]]}}, {"type": "Feature", "id": "way/997077085", "properties": {"tags": {"building": "detached"}, "heightStatus": "unknown", "source": "OpenStreetMap", "license": "ODbL-1.0"}, "geometry": {"type": "MultiPolygon", "coordinates": [[[[113.9019035, 22.4826504], [113.9019902, 22.4825993], [113.9020736, 22.4827202], [113.9019868, 22.4827712], [113.9019035, 22.4826504]]]]}}, {"type": "Feature", "id": "way/997077086", "properties": {"tags": {"building": "detached"}, "heightStatus": "unknown", "source": "OpenStreetMap", "license": "ODbL-1.0"}, "geometry": {"type": "MultiPolygon", "coordinates": [[[[113.9018158, 22.482483], [113.9019218, 22.4824176], [113.9020046, 22.4825322], [113.9018986, 22.4825976], [113.9018158, 22.482483]]]]}}, {"type": "Feature", "id": "way/997077087", "properties": {"tags": {"building": "detached"}, "heightStatus": "unknown", "source": "OpenStreetMap", "license": "ODbL-1.0"}, "geometry": {"type": "MultiPolygon", "coordinates": [[[[113.9016768, 22.4823087], [113.9017801, 22.4822398], [113.9018824, 22.4823707], [113.9017791, 22.4824396], [113.9016768, 22.4823087]]]]}}, {"type": "Feature", "id": "way/997077088", "properties": {"tags": {"building": "detached"}, "heightStatus": "unknown", "source": "OpenStreetMap", "license": "ODbL-1.0"}, "geometry": {"type": "MultiPolygon", "coordinates": [[[[113.9016525, 22.4828143], [113.9017903, 22.4827449], [113.9018484, 22.4828433], [113.9017105, 22.4829128], [113.9016525, 22.4828143]]]]}}, {"type": "Feature", "id": "way/997077089", "properties": {"tags": {"building": "detached"}, "heightStatus": "unknown", "source": "OpenStreetMap", "license": "ODbL-1.0"}, "geometry": {"type": "MultiPolygon", "coordinates": [[[[113.9014928, 22.4825506], [113.9015698, 22.4824419], [113.9016941, 22.4825171], [113.9016171, 22.4826258], [113.9014928, 22.4825506]]]]}}, {"type": "Feature", "id": "way/997077090", "properties": {"tags": {"building": "detached"}, "heightStatus": "unknown", "source": "OpenStreetMap", "license": "ODbL-1.0"}, "geometry": {"type": "MultiPolygon", "coordinates": [[[[113.9061111, 22.4831432], [113.9061983, 22.4830675], [113.9062988, 22.4831662], [113.9062117, 22.4832419], [113.9061111, 22.4831432]]]]}}, {"type": "Feature", "id": "way/997077091", "properties": {"tags": {"building": "detached"}, "heightStatus": "unknown", "source": "OpenStreetMap", "license": "ODbL-1.0"}, "geometry": {"type": "MultiPolygon", "coordinates": [[[[113.905965, 22.4830297], [113.9060506, 22.4829614], [113.9061359, 22.4830525], [113.9060503, 22.4831208], [113.905965, 22.4830297]]]]}}, {"type": "Feature", "id": "way/997077092", "properties": {"tags": {"building": "detached"}, "heightStatus": "unknown", "source": "OpenStreetMap", "license": "ODbL-1.0"}, "geometry": {"type": "MultiPolygon", "coordinates": [[[[113.9057397, 22.4828969], [113.9058219, 22.4827759], [113.9059345, 22.4828413], [113.9058522, 22.4829623], [113.9057397, 22.4828969]]]]}}, {"type": "Feature", "id": "way/997077093", "properties": {"tags": {"building": "detached"}, "heightStatus": "unknown", "source": "OpenStreetMap", "license": "ODbL-1.0"}, "geometry": {"type": "MultiPolygon", "coordinates": [[[[113.9058377, 22.4827382], [113.9059175, 22.4826047], [113.9060243, 22.4826593], [113.9059444, 22.4827928], [113.9058377, 22.4827382]]]]}}, {"type": "Feature", "id": "way/997077094", "properties": {"tags": {"building": "detached"}, "heightStatus": "unknown", "source": "OpenStreetMap", "license": "ODbL-1.0"}, "geometry": {"type": "MultiPolygon", "coordinates": [[[[113.9056008, 22.4826801], [113.9056861, 22.4825453], [113.9058061, 22.4826102], [113.9057208, 22.482745], [113.9056008, 22.4826801]]]]}}, {"type": "Feature", "id": "way/997077095", "properties": {"tags": {"building": "detached"}, "heightStatus": "unknown", "source": "OpenStreetMap", "license": "ODbL-1.0"}, "geometry": {"type": "MultiPolygon", "coordinates": [[[[113.9064146, 22.4829692], [113.9064322, 22.4828201], [113.9065716, 22.4828343], [113.9065539, 22.4829833], [113.9064146, 22.4829692]]]]}}, {"type": "Feature", "id": "way/997077096", "properties": {"tags": {"building": "detached"}, "heightStatus": "unknown", "source": "OpenStreetMap", "license": "ODbL-1.0"}, "geometry": {"type": "MultiPolygon", "coordinates": [[[[113.9063797, 22.4827303], [113.9064122, 22.4825822], [113.9065465, 22.4826074], [113.906514, 22.4827555], [113.9063797, 22.4827303]]]]}}, {"type": "Feature", "id": "way/997077097", "properties": {"tags": {"building": "detached"}, "heightStatus": "unknown", "source": "OpenStreetMap", "license": "ODbL-1.0"}, "geometry": {"type": "MultiPolygon", "coordinates": [[[[113.9057117, 22.4825123], [113.9057971, 22.4823775], [113.905917, 22.4824423], [113.9058317, 22.4825771], [113.9057117, 22.4825123]]]]}}, {"type": "Feature", "id": "way/997077098", "properties": {"tags": {"building": "detached"}, "heightStatus": "unknown", "source": "OpenStreetMap", "license": "ODbL-1.0"}, "geometry": {"type": "MultiPolygon", "coordinates": [[[[113.9054481, 22.4828681], [113.9055434, 22.4827152], [113.9056799, 22.4827879], [113.9055846, 22.4829408], [113.9054481, 22.4828681]]]]}}, {"type": "Feature", "id": "way/997077099", "properties": {"tags": {"building": "detached"}, "heightStatus": "unknown", "source": "OpenStreetMap", "license": "ODbL-1.0"}, "geometry": {"type": "MultiPolygon", "coordinates": [[[[113.9067024, 22.4832359], [113.9067869, 22.4831578], [113.9068864, 22.4832498], [113.906802, 22.4833278], [113.9067024, 22.4832359]]]]}}, {"type": "Feature", "id": "way/997077100", "properties": {"tags": {"building": "detached"}, "heightStatus": "unknown", "source": "OpenStreetMap", "license": "ODbL-1.0"}, "geometry": {"type": "MultiPolygon", "coordinates": [[[[113.9066806, 22.4828638], [113.9067534, 22.4827685], [113.9068652, 22.4828415], [113.9067924, 22.4829367], [113.9066806, 22.4828638]]]]}}, {"type": "Feature", "id": "way/997077101", "properties": {"tags": {"building": "detached"}, "heightStatus": "unknown", "source": "OpenStreetMap", "license": "ODbL-1.0"}, "geometry": {"type": "MultiPolygon", "coordinates": [[[[113.9066678, 22.4826737], [113.9067415, 22.4825937], [113.9068403, 22.4826714], [113.9067666, 22.4827514], [113.9066678, 22.4826737]]]]}}, {"type": "Feature", "id": "way/997077102", "properties": {"tags": {"building": "detached"}, "heightStatus": "unknown", "source": "OpenStreetMap", "license": "ODbL-1.0"}, "geometry": {"type": "MultiPolygon", "coordinates": [[[[113.9066726, 22.4825032], [113.9067622, 22.4824153], [113.9068551, 22.4824961], [113.9067655, 22.482584], [113.9066726, 22.4825032]]]]}}, {"type": "Feature", "id": "way/997077103", "properties": {"tags": {"building": "detached"}, "heightStatus": "unknown", "source": "OpenStreetMap", "license": "ODbL-1.0"}, "geometry": {"type": "MultiPolygon", "coordinates": [[[[113.9060163, 22.4825314], [113.9060305, 22.4823353], [113.9062173, 22.4823469], [113.906203, 22.482543], [113.9060163, 22.4825314]]]]}}, {"type": "Feature", "id": "way/997077104", "properties": {"tags": {"building": "detached"}, "heightStatus": "unknown", "source": "OpenStreetMap", "license": "ODbL-1.0"}, "geometry": {"type": "MultiPolygon", "coordinates": [[[[113.9058958, 22.4820338], [113.9060235, 22.4820299], [113.9060287, 22.4821757], [113.9059011, 22.4821796], [113.9058958, 22.4820338]]]]}}, {"type": "Feature", "id": "way/997077111", "properties": {"tags": {"building": "yes"}, "heightStatus": "unknown", "source": "OpenStreetMap", "license": "ODbL-1.0"}, "geometry": {"type": "MultiPolygon", "coordinates": [[[[113.9051261, 22.4824401], [113.9051421, 22.4821951], [113.9054764, 22.4822138], [113.9054604, 22.4824587], [113.9051261, 22.4824401]]]]}}, {"type": "Feature", "id": "way/997079594", "properties": {"tags": {"addr:housename": "鲸山觐海", "addr:housename:en": "Jingshan The Ninth", "addr:housename:zh": "鲸山觐海", "building": "house", "name": "24A栋", "name:en": "Block 24A", "name:zh": "24A栋"}, "heightStatus": "unknown", "source": "OpenStreetMap", "license": "ODbL-1.0"}, "geometry": {"type": "MultiPolygon", "coordinates": [[[[113.9023639, 22.4823878], [113.9025606, 22.4822943], [113.9025979, 22.4823613], [113.9025607, 22.482379], [113.9025899, 22.4824315], [113.9024788, 22.4824842], [113.9024591, 22.4824489], [113.9024107, 22.4824719], [113.9023639, 22.4823878]]]]}}, {"type": "Feature", "id": "way/997079595", "properties": {"tags": {"addr:housename": "鲸山觐海", "addr:housename:en": "Jingshan The Ninth", "addr:housename:zh": "鲸山觐海", "building": "house", "name": "24B栋", "name:en": "Block 24B", "name:zh": "24B栋"}, "heightStatus": "unknown", "source": "OpenStreetMap", "license": "ODbL-1.0"}, "geometry": {"type": "MultiPolygon", "coordinates": [[[[113.9022282, 22.4823015], [113.9023993, 22.4821587], [113.902461, 22.4822218], [113.9024161, 22.4822593], [113.9024628, 22.4823071], [113.9024112, 22.4823501], [113.9023905, 22.482329], [113.9023281, 22.482381], [113.9023056, 22.482358], [113.9022934, 22.4823682], [113.9022282, 22.4823015]]]]}}, {"type": "Feature", "id": "way/997079596", "properties": {"tags": {"addr:housename": "鲸山觐海", "addr:housename:en": "Jingshan The Ninth", "addr:housename:zh": "鲸山觐海", "building": "house", "name": "24C栋", "name:en": "Block 24C", "name:zh": "24C栋"}, "heightStatus": "unknown", "source": "OpenStreetMap", "license": "ODbL-1.0"}, "geometry": {"type": "MultiPolygon", "coordinates": [[[[113.9020943, 22.4822172], [113.9022492, 22.482085], [113.9023052, 22.482141], [113.9022635, 22.4821766], [113.902302, 22.4822151], [113.9022495, 22.48226], [113.9022372, 22.4822478], [113.9022109, 22.4822702], [113.9021895, 22.4822488], [113.9021552, 22.4822781], [113.9020943, 22.4822172]]]]}}, {"type": "Feature", "id": "way/997870967", "properties": {"tags": {"building": "detached"}, "heightStatus": "unknown", "source": "OpenStreetMap", "license": "ODbL-1.0"}, "geometry": {"type": "MultiPolygon", "coordinates": [[[[113.9044521, 22.4866597], [113.9044697, 22.4865335], [113.9046457, 22.4865544], [113.9046317, 22.4866549], [113.9045583, 22.4866462], [113.9045547, 22.4866719], [113.9044521, 22.4866597]]]]}}, {"type": "Feature", "id": "way/997870968", "properties": {"tags": {"building": "detached"}, "heightStatus": "unknown", "source": "OpenStreetMap", "license": "ODbL-1.0"}, "geometry": {"type": "MultiPolygon", "coordinates": [[[[113.9044233, 22.4868355], [113.9045546, 22.4868064], [113.9045879, 22.4869348], [113.9044566, 22.4869639], [113.9044233, 22.4868355]]]]}}, {"type": "Feature", "id": "way/997870969", "properties": {"tags": {"building": "detached"}, "heightStatus": "unknown", "source": "OpenStreetMap", "license": "ODbL-1.0"}, "geometry": {"type": "MultiPolygon", "coordinates": [[[[113.9039045, 22.4866735], [113.9039484, 22.4866653], [113.9039442, 22.4866464], [113.9040543, 22.4866258], [113.9040823, 22.4867538], [113.9039284, 22.4867826], [113.9039045, 22.4866735]]]]}}, {"type": "Feature", "id": "way/997870970", "properties": {"tags": {"building": "detached"}, "heightStatus": "unknown", "source": "OpenStreetMap", "license": "ODbL-1.0"}, "geometry": {"type": "MultiPolygon", "coordinates": [[[[113.9040979, 22.486876], [113.9041833, 22.4867375], [113.9043199, 22.4868094], [113.9042344, 22.4869479], [113.9040979, 22.486876]]]]}}, {"type": "Feature", "id": "way/998073092", "properties": {"tags": {"addr:housename": "鲸山觐海", "addr:housename:en": "Jingshan The Ninth", "addr:housename:zh": "鲸山觐海", "building": "apartments", "name": "16栋", "name:en": "Block 16", "name:zh": "16栋"}, "heightStatus": "unknown", "source": "OpenStreetMap", "license": "ODbL-1.0"}, "geometry": {"type": "MultiPolygon", "coordinates": [[[[113.9011114, 22.482001], [113.9012356, 22.481916], [113.9015242, 22.4822758], [113.9013999, 22.4823609], [113.9011114, 22.482001]]]]}}, {"type": "Feature", "id": "way/1050513119", "properties": {"tags": {"building": "yes", "layer": "2"}, "heightStatus": "unknown", "source": "OpenStreetMap", "license": "ODbL-1.0"}, "geometry": {"type": "MultiPolygon", "coordinates": [[[[113.898467, 22.4824466], [113.8985857, 22.4823123], [113.8989883, 22.4826162], [113.8991745, 22.4824055], [113.8993032, 22.4825026], [113.8989983, 22.4828475], [113.898467, 22.4824466]]]]}}, {"type": "Feature", "id": "way/1050513127", "properties": {"tags": {"building": "yes", "layer": "2"}, "heightStatus": "unknown", "source": "OpenStreetMap", "license": "ODbL-1.0"}, "geometry": {"type": "MultiPolygon", "coordinates": [[[[113.8993388, 22.4822299], [113.8997082, 22.4818044], [113.9002086, 22.4821751], [113.8998401, 22.4825996], [113.8996932, 22.4824907], [113.8999705, 22.4821712], [113.899765, 22.4820189], [113.8994867, 22.4823395], [113.8993388, 22.4822299]]]]}}, {"type": "Feature", "id": "way/1050513131", "properties": {"tags": {"building": "yes", "layer": "2"}, "heightStatus": "unknown", "source": "OpenStreetMap", "license": "ODbL-1.0"}, "geometry": {"type": "MultiPolygon", "coordinates": [[[[113.8992301, 22.4830161], [113.8995788, 22.4826063], [113.8997274, 22.4827144], [113.8993787, 22.4831241], [113.8992301, 22.4830161]]]]}}, {"type": "Feature", "id": "way/1050513132", "properties": {"tags": {"building": "yes", "layer": "2"}, "heightStatus": "unknown", "source": "OpenStreetMap", "license": "ODbL-1.0"}, "geometry": {"type": "MultiPolygon", "coordinates": [[[[113.8986425, 22.4836906], [113.89898, 22.4832995], [113.8991254, 22.4834066], [113.8987879, 22.4837978], [113.8986425, 22.4836906]]]]}}, {"type": "Feature", "id": "way/1289564519", "properties": {"tags": {"addr:housename": "鲸山觐海", "addr:housename:en": "Jingshan The Ninth", "addr:housename:zh": "鲸山觐海", "building": "apartments", "name": "17栋", "name:en": "Block 17", "name:zh": "17栋"}, "heightStatus": "unknown", "source": "OpenStreetMap", "license": "ODbL-1.0"}, "geometry": {"type": "MultiPolygon", "coordinates": [[[[113.90368, 22.4823049], [113.9037759, 22.4821798], [113.9041477, 22.4824231], [113.9040539, 22.4825454], [113.903988, 22.4825023], [113.9039674, 22.4825291], [113.903903, 22.482487], [113.9039239, 22.4824597], [113.9038082, 22.4823839], [113.9037861, 22.4824127], [113.9037215, 22.4823704], [113.9037411, 22.4823449], [113.90368, 22.4823049]]]]}}, {"type": "Feature", "id": "way/1315046001", "properties": {"tags": {"building": "yes"}, "heightStatus": "unknown", "source": "OpenStreetMap", "license": "ODbL-1.0"}, "geometry": {"type": "MultiPolygon", "coordinates": [[[[113.9069401, 22.4895953], [113.907003, 22.4894864], [113.9073696, 22.4895482], [113.907358, 22.4896447], [113.9070828, 22.4896691], [113.9069401, 22.4895953]]]]}}, {"type": "Feature", "id": "way/1315046003", "properties": {"tags": {"building": "retail", "name": "美伦会所"}, "heightStatus": "unknown", "source": "OpenStreetMap", "license": "ODbL-1.0"}, "geometry": {"type": "MultiPolygon", "coordinates": [[[[113.90626, 22.4893054], [113.9062607, 22.4891312], [113.9063272, 22.4891281], [113.9063381, 22.4891149], [113.9063516, 22.489101], [113.9063734, 22.4890853], [113.9063949, 22.4890756], [113.9064198, 22.4890674], [113.9064504, 22.4890618], [113.9064815, 22.4890658], [113.9065059, 22.489072], [113.9065269, 22.4890829], [113.9065496, 22.4890954], [113.9065646, 22.4891083], [113.9065732, 22.4891233], [113.9066893, 22.4891233], [113.9067923, 22.4890504], [113.9069982, 22.4890605], [113.9071026, 22.4891153], [113.9072919, 22.4890024], [113.9073488, 22.4890646], [113.9073464, 22.4891278], [113.9073343, 22.4891963], [113.9072874, 22.4892584], [113.9072332, 22.4893093], [113.9070711, 22.4894107], [113.9069887, 22.4892968], [113.9066479, 22.4892985], [113.9066415, 22.4895731], [113.9064045, 22.4895706], [113.9064023, 22.4893075], [113.90626, 22.4893054]]]]}}, {"type": "Feature", "id": "way/1409276404", "properties": {"tags": {"building": "apartments"}, "heightStatus": "unknown", "source": "OpenStreetMap", "license": "ODbL-1.0"}, "geometry": {"type": "MultiPolygon", "coordinates": [[[[113.906016, 22.4874062], [113.9062428, 22.4868738], [113.9063269, 22.4869044], [113.9063207, 22.4869189], [113.9064118, 22.486952], [113.9063559, 22.4870832], [113.9063638, 22.4871285], [113.9063622, 22.4871755], [113.906348, 22.4872256], [113.9063212, 22.4872693], [113.9062884, 22.487305], [113.9062499, 22.4873323], [113.9061993, 22.487451], [113.9061053, 22.4874168], [113.9060972, 22.4874357], [113.906016, 22.4874062]]]]}}, {"type": "Feature", "id": "way/1409276405", "properties": {"tags": {"building": "apartments"}, "heightStatus": "unknown", "source": "OpenStreetMap", "license": "ODbL-1.0"}, "geometry": {"type": "MultiPolygon", "coordinates": [[[[113.9060421, 22.4877132], [113.9060881, 22.487609], [113.9061618, 22.4876371], [113.9061983, 22.4876252], [113.9062337, 22.4875457], [113.9063974, 22.487608], [113.9063634, 22.4876842], [113.9063871, 22.4877224], [113.9064623, 22.4877509], [113.9064164, 22.487855], [113.9063406, 22.4878263], [113.9062942, 22.4878396], [113.9062578, 22.4879212], [113.9060938, 22.4878594], [113.906131, 22.4877762], [113.9061167, 22.4877415], [113.9060421, 22.4877132]]]]}}, {"type": "Feature", "id": "way/1409276411", "properties": {"tags": {"building": "retail"}, "heightStatus": "unknown", "source": "OpenStreetMap", "license": "ODbL-1.0"}, "geometry": {"type": "MultiPolygon", "coordinates": [[[[113.907043, 22.4888312], [113.9072107, 22.4887811], [113.9072659, 22.4889389], [113.9070982, 22.488989], [113.907043, 22.4888312]]]]}}, {"type": "Feature", "id": "way/1409276412", "properties": {"tags": {"building": "hotel"}, "heightStatus": "unknown", "source": "OpenStreetMap", "license": "ODbL-1.0"}, "geometry": {"type": "MultiPolygon", "coordinates": [[[[113.9059942, 22.4878219], [113.9060421, 22.4877132], [113.9060881, 22.487609], [113.9061549, 22.4874575], [113.9060972, 22.4874357], [113.9061053, 22.4874168], [113.9061993, 22.487451], [113.9062499, 22.4873323], [113.9062884, 22.487305], [113.9063212, 22.4872693], [113.906348, 22.4872256], [113.9063622, 22.4871755], [113.9063638, 22.4871285], [113.9063559, 22.4870832], [113.9064118, 22.486952], [113.9063207, 22.4869189], [113.9063269, 22.4869044], [113.9063413, 22.4868631], [113.90662, 22.4870014], [113.9066061, 22.4870322], [113.9066815, 22.4870085], [113.9066886, 22.4870797], [113.9066153, 22.4871126], [113.9065614, 22.487153], [113.9065243, 22.4871989], [113.9065058, 22.4872503], [113.9065025, 22.4873126], [113.9065114, 22.4873749], [113.9065384, 22.4874289], [113.9064912, 22.4874527], [113.9064781, 22.4874841], [113.9065586, 22.4875192], [113.906562, 22.4875462], [113.9065573, 22.4875761], [113.9065458, 22.4876107], [113.9065285, 22.487637], [113.9065013, 22.4876625], [113.9064623, 22.4877509], [113.9064164, 22.487855], [113.9063688, 22.487963], [113.9062578, 22.4879212], [113.9060938, 22.4878594], [113.9059942, 22.4878219]]]]}}, {"type": "Feature", "id": "way/1409276413", "properties": {"tags": {"building": "apartments"}, "heightStatus": "unknown", "source": "OpenStreetMap", "license": "ODbL-1.0"}, "geometry": {"type": "MultiPolygon", "coordinates": [[[[113.9067871, 22.4869077], [113.9067947, 22.4868912], [113.9068041, 22.4868764], [113.9068239, 22.486865], [113.9068635, 22.4868511], [113.9069229, 22.486838], [113.906986, 22.4868311], [113.9070511, 22.4868337], [113.9071189, 22.4868433], [113.907184, 22.4868607], [113.9072396, 22.4868851], [113.907282, 22.4869147], [113.907315, 22.4869461], [113.9073546, 22.4869844], [113.9073829, 22.4870192], [113.9074074, 22.4870654], [113.9074196, 22.487102], [113.9074196, 22.4871211], [113.9074159, 22.487142], [113.9074036, 22.4871612], [113.9073876, 22.487169], [113.9073678, 22.4871743], [113.9073423, 22.4871725], [113.9073254, 22.4871629], [113.9073131, 22.4871516], [113.9072905, 22.4871359], [113.9072368, 22.4870967], [113.9071717, 22.4870628], [113.9071265, 22.4870392], [113.9070577, 22.4870149], [113.9069747, 22.4869922], [113.9068993, 22.4869739], [113.9068437, 22.4869652], [113.9068135, 22.4869548], [113.9067956, 22.4869434], [113.9067881, 22.4869278], [113.9067871, 22.4869077]]]]}}, {"type": "Feature", "id": "way/1409276415", "properties": {"tags": {"building": "yes"}, "heightStatus": "unknown", "source": "OpenStreetMap", "license": "ODbL-1.0"}, "geometry": {"type": "MultiPolygon", "coordinates": [[[[113.9066262, 22.4877661], [113.906647, 22.4877027], [113.9067168, 22.4877222], [113.9067327, 22.4876736], [113.9068758, 22.4877137], [113.9068592, 22.4877644], [113.9069274, 22.4877835], [113.9069075, 22.4878447], [113.9066262, 22.4877661]]]]}}, {"type": "Feature", "id": "way/1409276416", "properties": {"tags": {"building": "yes"}, "heightStatus": "unknown", "source": "OpenStreetMap", "license": "ODbL-1.0"}, "geometry": {"type": "MultiPolygon", "coordinates": [[[[113.9068379, 22.4880582], [113.9069075, 22.4878447], [113.9069274, 22.4877835], [113.9069536, 22.4877031], [113.9074074, 22.4878294], [113.9073773, 22.4879218], [113.9070337, 22.4878261], [113.9069791, 22.4879935], [113.9072627, 22.4880725], [113.9072317, 22.4881678], [113.9068379, 22.4880582]]]]}}, {"type": "Feature", "id": "way/1435009232", "properties": {"tags": {"addr:housename": "鲸山觐海", "addr:housename:en": "Jingshan The Ninth", "addr:housename:zh": "鲸山觐海", "building": "house", "name": "18栋", "name:en": "Block 18", "name:zh": "18栋"}, "heightStatus": "unknown", "source": "OpenStreetMap", "license": "ODbL-1.0"}, "geometry": {"type": "MultiPolygon", "coordinates": [[[[113.9031085, 22.4824408], [113.9032318, 22.4822677], [113.903378, 22.4823565], [113.9032546, 22.4825297], [113.9031085, 22.4824408]]]]}}, {"type": "Feature", "id": "way/1435009233", "properties": {"tags": {"addr:housename": "鲸山觐海", "addr:housename:en": "Jingshan The Ninth", "addr:housename:zh": "鲸山觐海", "building": "house", "name": "19栋", "name:en": "Block 19", "name:zh": "19栋"}, "heightStatus": "unknown", "source": "OpenStreetMap", "license": "ODbL-1.0"}, "geometry": {"type": "MultiPolygon", "coordinates": [[[[113.9028284, 22.4822795], [113.9029698, 22.4821186], [113.9031056, 22.4822205], [113.9029641, 22.4823814], [113.9028284, 22.4822795]]]]}}, {"type": "Feature", "id": "way/1498799583", "properties": {"tags": {"building": "yes"}, "heightStatus": "unknown", "source": "OpenStreetMap", "license": "ODbL-1.0"}, "geometry": {"type": "MultiPolygon", "coordinates": [[[[113.9073762, 22.4904067], [113.9075911, 22.4903298], [113.9075436, 22.4902267], [113.9074493, 22.4902655], [113.9074128, 22.4901928], [113.9075994, 22.4901235], [113.9077283, 22.4903636], [113.9074887, 22.490443], [113.9075317, 22.4905275], [113.9077192, 22.4905867], [113.9079918, 22.4905301], [113.9079525, 22.4903365], [113.9081263, 22.4903019], [113.9081509, 22.4903771], [113.9080714, 22.4903974], [113.9081253, 22.4905935], [113.9077347, 22.4906653], [113.9074622, 22.4905892], [113.9073762, 22.4904067]]]]}}, {"type": "Feature", "id": "way/1498799584", "properties": {"tags": {"building": "yes"}, "heightStatus": "unknown", "source": "OpenStreetMap", "license": "ODbL-1.0"}, "geometry": {"type": "MultiPolygon", "coordinates": [[[[113.9071377, 22.4898306], [113.907233, 22.4898164], [113.9072741, 22.4899886], [113.90742, 22.489969], [113.9074014, 22.4898873], [113.9075069, 22.4898567], [113.9075569, 22.4900388], [113.9073247, 22.4900905], [113.907442, 22.4903365], [113.9073652, 22.4903678], [113.9071968, 22.4900103], [113.9071377, 22.4898306]]]]}}, {"type": "Feature", "id": "way/1498799585", "properties": {"tags": {"building": "yes"}, "heightStatus": "unknown", "source": "OpenStreetMap", "license": "ODbL-1.0"}, "geometry": {"type": "MultiPolygon", "coordinates": [[[[113.9072778, 22.4898105], [113.9074243, 22.4897706], [113.907419, 22.4895092], [113.9076587, 22.4893975], [113.9077295, 22.489525], [113.9076549, 22.4895545], [113.9076134, 22.4895088], [113.9075314, 22.4895668], [113.9075521, 22.4898385], [113.9073108, 22.4898966], [113.9072778, 22.4898105]]]]}}, {"type": "Feature", "id": "way/1498799586", "properties": {"tags": {"building": "yes"}, "heightStatus": "unknown", "source": "OpenStreetMap", "license": "ODbL-1.0"}, "geometry": {"type": "MultiPolygon", "coordinates": [[[[113.9076299, 22.4897465], [113.9077205, 22.4897145], [113.9077487, 22.4897859], [113.9078558, 22.4897416], [113.907892, 22.4898208], [113.9076986, 22.4898986], [113.9076299, 22.4897465]]]]}}, {"type": "Feature", "id": "way/1498799587", "properties": {"tags": {"building": "yes"}, "heightStatus": "unknown", "source": "OpenStreetMap", "license": "ODbL-1.0"}, "geometry": {"type": "MultiPolygon", "coordinates": [[[[113.9077033, 22.4899931], [113.907844, 22.4899574], [113.907827, 22.4898873], [113.9079266, 22.48987], [113.907965, 22.4900384], [113.9080422, 22.4901107], [113.9081232, 22.4902525], [113.9080385, 22.4902766], [113.9079967, 22.4902173], [113.9078385, 22.4902799], [113.9077961, 22.4901942], [113.9079431, 22.4901402], [113.9078563, 22.4900561], [113.9077343, 22.4900819], [113.9077033, 22.4899931]]]]}}, {"type": "Feature", "id": "way/1498799588", "properties": {"tags": {"building": "house"}, "heightStatus": "unknown", "source": "OpenStreetMap", "license": "ODbL-1.0"}, "geometry": {"type": "MultiPolygon", "coordinates": [[[[113.9051977, 22.4903675], [113.9053671, 22.490341], [113.905374, 22.4904078], [113.9052061, 22.4904287], [113.9051977, 22.4903675]]]]}}, {"type": "Feature", "id": "way/1498799589", "properties": {"tags": {"building": "house"}, "heightStatus": "unknown", "source": "OpenStreetMap", "license": "ODbL-1.0"}, "geometry": {"type": "MultiPolygon", "coordinates": [[[[113.905188, 22.4902559], [113.905378, 22.490233], [113.9053852, 22.4903068], [113.905199, 22.4903265], [113.905188, 22.4902559]]]]}}, {"type": "Feature", "id": "way/1498799590", "properties": {"tags": {"building": "house"}, "heightStatus": "unknown", "source": "OpenStreetMap", "license": "ODbL-1.0"}, "geometry": {"type": "MultiPolygon", "coordinates": [[[[113.9052028, 22.490158], [113.905378, 22.4901344], [113.9053852, 22.4902006], [113.9052114, 22.4902213], [113.9052028, 22.490158]]]]}}, {"type": "Feature", "id": "way/1498799591", "properties": {"tags": {"building": "house"}, "heightStatus": "unknown", "source": "OpenStreetMap", "license": "ODbL-1.0"}, "geometry": {"type": "MultiPolygon", "coordinates": [[[[113.9051945, 22.4900572], [113.9053735, 22.4900336], [113.9053832, 22.4901036], [113.9052031, 22.4901233], [113.9051945, 22.4900572]]]]}}, {"type": "Feature", "id": "way/1498799592", "properties": {"tags": {"building": "house"}, "heightStatus": "unknown", "source": "OpenStreetMap", "license": "ODbL-1.0"}, "geometry": {"type": "MultiPolygon", "coordinates": [[[[113.9054076, 22.4899102], [113.905558, 22.4898463], [113.905588, 22.4899144], [113.9054358, 22.4899757], [113.9054076, 22.4899102]]]]}}, {"type": "Feature", "id": "way/1498799593", "properties": {"tags": {"building": "house"}, "heightStatus": "unknown", "source": "OpenStreetMap", "license": "ODbL-1.0"}, "geometry": {"type": "MultiPolygon", "coordinates": [[[[113.9054203, 22.489803], [113.9055639, 22.4897471], [113.9055949, 22.4898151], [113.9054541, 22.4898702], [113.9054203, 22.489803]]]]}}, {"type": "Feature", "id": "way/1498799594", "properties": {"tags": {"building": "house"}, "heightStatus": "unknown", "source": "OpenStreetMap", "license": "ODbL-1.0"}, "geometry": {"type": "MultiPolygon", "coordinates": [[[[113.9054517, 22.4896847], [113.9055887, 22.4896262], [113.9056207, 22.4896987], [113.9054851, 22.4897518], [113.9054517, 22.4896847]]]]}}, {"type": "Feature", "id": "way/1498799595", "properties": {"tags": {"building": "house"}, "heightStatus": "unknown", "source": "OpenStreetMap", "license": "ODbL-1.0"}, "geometry": {"type": "MultiPolygon", "coordinates": [[[[113.906105, 22.4896824], [113.9062522, 22.489649], [113.9062608, 22.4897065], [113.9061184, 22.4897373], [113.906105, 22.4896824]]]]}}, {"type": "Feature", "id": "way/1498799596", "properties": {"tags": {"building": "house"}, "heightStatus": "unknown", "source": "OpenStreetMap", "license": "ODbL-1.0"}, "geometry": {"type": "MultiPolygon", "coordinates": [[[[113.9061704, 22.4895676], [113.9063337, 22.4895437], [113.9063478, 22.4896259], [113.906183, 22.4896447], [113.9061704, 22.4895676]]]]}}, {"type": "Feature", "id": "way/1498799597", "properties": {"tags": {"building": "house"}, "heightStatus": "unknown", "source": "OpenStreetMap", "license": "ODbL-1.0"}, "geometry": {"type": "MultiPolygon", "coordinates": [[[[113.9061414, 22.4894861], [113.9063455, 22.4894416], [113.9063432, 22.4895363], [113.9061549, 22.4895546], [113.9061414, 22.4894861]]]]}}, {"type": "Feature", "id": "way/1498799598", "properties": {"tags": {"building": "house"}, "heightStatus": "unknown", "source": "OpenStreetMap", "license": "ODbL-1.0"}, "geometry": {"type": "MultiPolygon", "coordinates": [[[[113.9058994, 22.4892434], [113.9060344, 22.4892025], [113.9060693, 22.4893263], [113.9059329, 22.4893611], [113.9058994, 22.4892434]]]]}}, {"type": "Feature", "id": "way/1498799599", "properties": {"tags": {"building": "house"}, "heightStatus": "unknown", "source": "OpenStreetMap", "license": "ODbL-1.0"}, "geometry": {"type": "MultiPolygon", "coordinates": [[[[113.9058059, 22.4888353], [113.9060337, 22.488827], [113.9060392, 22.4890272], [113.905889, 22.4890311], [113.9058862, 22.4889377], [113.9058097, 22.4889393], [113.9058059, 22.4888353]]]]}}, {"type": "Feature", "id": "way/1498799600", "properties": {"tags": {"building": "house"}, "heightStatus": "unknown", "source": "OpenStreetMap", "license": "ODbL-1.0"}, "geometry": {"type": "MultiPolygon", "coordinates": [[[[113.9061133, 22.4888238], [113.9063147, 22.4887477], [113.9063836, 22.4888712], [113.9062306, 22.4889364], [113.9062026, 22.4888785], [113.906151, 22.4888919], [113.9061133, 22.4888238]]]]}}, {"type": "Feature", "id": "way/1498799601", "properties": {"tags": {"building": "house"}, "heightStatus": "unknown", "source": "OpenStreetMap", "license": "ODbL-1.0"}, "geometry": {"type": "MultiPolygon", "coordinates": [[[[113.9063542, 22.488694], [113.9064906, 22.4886204], [113.9065255, 22.4886754], [113.9063919, 22.4887471], [113.9063542, 22.488694]]]]}}, {"type": "Feature", "id": "way/1498799602", "properties": {"tags": {"building": "house"}, "heightStatus": "unknown", "source": "OpenStreetMap", "license": "ODbL-1.0"}, "geometry": {"type": "MultiPolygon", "coordinates": [[[[113.9064702, 22.4887992], [113.9064798, 22.488733], [113.9066283, 22.4887614], [113.9066142, 22.4888235], [113.9064702, 22.4887992]]]]}}, {"type": "Feature", "id": "way/1498799603", "properties": {"tags": {"building": "house"}, "heightStatus": "unknown", "source": "OpenStreetMap", "license": "ODbL-1.0"}, "geometry": {"type": "MultiPolygon", "coordinates": [[[[113.9067995, 22.4886074], [113.9069175, 22.4885396], [113.9069476, 22.4885936], [113.9068327, 22.488656], [113.9067995, 22.4886074]]]]}}, {"type": "Feature", "id": "way/1498799604", "properties": {"tags": {"building": "house"}, "heightStatus": "unknown", "source": "OpenStreetMap", "license": "ODbL-1.0"}, "geometry": {"type": "MultiPolygon", "coordinates": [[[[113.9068555, 22.4886601], [113.9070054, 22.4885683], [113.9070397, 22.4886221], [113.9068884, 22.4887084], [113.9068555, 22.4886601]]]]}}, {"type": "Feature", "id": "way/1498799605", "properties": {"tags": {"building": "house"}, "heightStatus": "unknown", "source": "OpenStreetMap", "license": "ODbL-1.0"}, "geometry": {"type": "MultiPolygon", "coordinates": [[[[113.9066998, 22.4885779], [113.9068154, 22.4885047], [113.9068476, 22.4885476], [113.906733, 22.4886173], [113.9066998, 22.4885779]]]]}}, {"type": "Feature", "id": "way/1498799606", "properties": {"tags": {"building": "house"}, "heightStatus": "unknown", "source": "OpenStreetMap", "license": "ODbL-1.0"}, "geometry": {"type": "MultiPolygon", "coordinates": [[[[113.9053852, 22.4890244], [113.9054053, 22.4888791], [113.9056333, 22.4888945], [113.9056136, 22.4890028], [113.9055412, 22.4889969], [113.9055352, 22.4890371], [113.9053852, 22.4890244]]]]}}, {"type": "Feature", "id": "way/1498799607", "properties": {"tags": {"building": "house"}, "heightStatus": "unknown", "source": "OpenStreetMap", "license": "ODbL-1.0"}, "geometry": {"type": "MultiPolygon", "coordinates": [[[[113.9052091, 22.4889895], [113.9052111, 22.4888871], [113.9053233, 22.4888846], [113.9053179, 22.4889907], [113.9052091, 22.4889895]]]]}}, {"type": "Feature", "id": "way/1498799608", "properties": {"tags": {"building": "house"}, "heightStatus": "unknown", "source": "OpenStreetMap", "license": "ODbL-1.0"}, "geometry": {"type": "MultiPolygon", "coordinates": [[[[113.905476, 22.4887324], [113.9056142, 22.4885892], [113.9057277, 22.4886972], [113.9055982, 22.4888292], [113.905476, 22.4887324]]]]}}, {"type": "Feature", "id": "way/1498799609", "properties": {"tags": {"building": "house"}, "heightStatus": "unknown", "source": "OpenStreetMap", "license": "ODbL-1.0"}, "geometry": {"type": "MultiPolygon", "coordinates": [[[[113.9056842, 22.4885437], [113.9058175, 22.4884772], [113.9058925, 22.4885969], [113.9057746, 22.4886625], [113.9056842, 22.4885437]]]]}}, {"type": "Feature", "id": "way/1498799610", "properties": {"tags": {"building": "house"}, "heightStatus": "unknown", "source": "OpenStreetMap", "license": "ODbL-1.0"}, "geometry": {"type": "MultiPolygon", "coordinates": [[[[113.9058379, 22.48845], [113.9059156, 22.4884166], [113.9059688, 22.4885341], [113.9058935, 22.4885641], [113.9058379, 22.48845]]]]}}, {"type": "Feature", "id": "way/1498799611", "properties": {"tags": {"building": "house"}, "heightStatus": "unknown", "source": "OpenStreetMap", "license": "ODbL-1.0"}, "geometry": {"type": "MultiPolygon", "coordinates": [[[[113.9061071, 22.4882972], [113.9061881, 22.4882508], [113.9062604, 22.4883705], [113.9061827, 22.4884122], [113.9061071, 22.4882972]]]]}}, {"type": "Feature", "id": "way/1498799612", "properties": {"tags": {"building": "yes"}, "heightStatus": "unknown", "source": "OpenStreetMap", "license": "ODbL-1.0"}, "geometry": {"type": "MultiPolygon", "coordinates": [[[[113.9074522, 22.4882865], [113.9080842, 22.4875045], [113.9081444, 22.4875615], [113.9075327, 22.488331], [113.9074522, 22.4882865]]]]}}]}