{"type": "FeatureCollection", "features": [{"type": "Feature", "id": "way/246780190", "properties": {"tags": {"building": "yes", "leisure": "sports_centre"}, "heightStatus": "unknown", "source": "OpenStreetMap", "license": "ODbL-1.0"}, "geometry": {"type": "MultiPolygon", "coordinates": [[[[113.9805996, 22.5419481], [113.9806074, 22.5415666], [113.9806549, 22.541521], [113.9809955, 22.5415265], [113.9810531, 22.5415824], [113.9810468, 22.5419595], [113.9809899, 22.5420116], [113.980652, 22.5420016], [113.9805996, 22.5419481]]]]}}, {"type": "Feature", "id": "way/264254194", "properties": {"tags": {"building": "commercial", "name": "汉唐大厦"}, "heightStatus": "unknown", "source": "OpenStreetMap", "license": "ODbL-1.0"}, "geometry": {"type": "MultiPolygon", "coordinates": [[[[113.979183, 22.537788], [113.9791843, 22.5376251], [113.979281, 22.5376258], [113.9792812, 22.5376035], [113.9797073, 22.5376066], [113.9797066, 22.537681], [113.9797799, 22.5376815], [113.9797789, 22.5377986], [113.9796901, 22.537798], [113.9796898, 22.5378242], [113.9792776, 22.5378213], [113.9792779, 22.5377887], [113.979183, 22.537788]]]]}}, {"type": "Feature", "id": "way/264298139", "properties": {"tags": {"addr:city": "深圳市", "addr:district": "南山区", "addr:housenumber": "2号", "addr:province": "广东省", "addr:street": "杜鹃山东街", "building": "public", "building:levels": "2", "name": "综合馆"}, "heightStatus": "levels_only_unverified", "source": "OpenStreetMap", "license": "ODbL-1.0"}, "geometry": {"type": "MultiPolygon", "coordinates": [[[[113.9772882, 22.5433229], [113.9776395, 22.5430058], [113.977689, 22.5430662], [113.9777173, 22.5431297], [113.9777388, 22.5432015], [113.9777541, 22.543278], [113.9777549, 22.5433626], [113.9777442, 22.5434394], [113.9777173, 22.5435038], [113.9776837, 22.5435567], [113.9776434, 22.5436062], [113.9776112, 22.5436359], [113.9772882, 22.5433229]]]]}}, {"type": "Feature", "id": "way/386764373", "properties": {"tags": {"addr:housename": "海景花园", "addr:housename:zh": "海景花园", "building": "apartments", "building:levels": "33", "name": "海虹阁", "name:zh": "海虹阁"}, "heightStatus": "levels_only_unverified", "source": "OpenStreetMap", "license": "ODbL-1.0"}, "geometry": {"type": "MultiPolygon", "coordinates": [[[[113.9830217, 22.5390997], [113.9831155, 22.5390665], [113.9830891, 22.5390031], [113.9831839, 22.5389696], [113.9831873, 22.538916], [113.9832404, 22.5389188], [113.9832357, 22.5389931], [113.9832658, 22.5389948], [113.9832705, 22.5389205], [113.9833236, 22.5389233], [113.9833192, 22.5389924], [113.9833856, 22.5390408], [113.9833401, 22.5390941], [113.9833929, 22.5391324], [113.9833287, 22.5392078], [113.9832716, 22.5391663], [113.9832861, 22.5391493], [113.9832272, 22.5391064], [113.9831118, 22.5391473], [113.9831202, 22.5391675], [113.9830589, 22.5391892], [113.9830217, 22.5390997]]]]}}, {"type": "Feature", "id": "way/386764728", "properties": {"tags": {"addr:housename": "海景花园", "addr:housename:zh": "海景花园", "building": "apartments", "building:levels": "33", "name": "海涛阁", "name:zh": "海涛阁"}, "heightStatus": "levels_only_unverified", "source": "OpenStreetMap", "license": "ODbL-1.0"}, "geometry": {"type": "MultiPolygon", "coordinates": [[[[113.9835404, 22.5391374], [113.98362, 22.5390808], [113.9835751, 22.539027], [113.9836555, 22.5389698], [113.9836422, 22.5389176], [113.9836939, 22.5389063], [113.9837124, 22.5389787], [113.9837418, 22.5389723], [113.9837233, 22.5388999], [113.9837751, 22.5388886], [113.9837923, 22.538956], [113.9838709, 22.5389848], [113.9838438, 22.5390479], [113.9839062, 22.5390707], [113.983868, 22.5391598], [113.9838005, 22.5391351], [113.9838091, 22.5391151], [113.9837394, 22.5390896], [113.9836415, 22.5391592], [113.9836557, 22.5391763], [113.9836038, 22.5392133], [113.9835404, 22.5391374]]]]}}, {"type": "Feature", "id": "way/533174206", "properties": {"tags": {"building": "hospital"}, "heightStatus": "unknown", "source": "OpenStreetMap", "license": "ODbL-1.0"}, "geometry": {"type": "MultiPolygon", "coordinates": [[[[113.9854499, 22.5445251], [113.9855976, 22.5444003], [113.9859429, 22.5447816], [113.9858578, 22.5448533], [113.9856451, 22.5447192], [113.9854499, 22.5445251]]]]}}, {"type": "Feature", "id": "way/533174209", "properties": {"tags": {"building": "hospital"}, "heightStatus": "unknown", "source": "OpenStreetMap", "license": "ODbL-1.0"}, "geometry": {"type": "MultiPolygon", "coordinates": [[[[113.9854825, 22.5448293], [113.9856002, 22.5447255], [113.985773, 22.5448926], [113.9856552, 22.5449966], [113.9855214, 22.5448672], [113.985496, 22.5448424], [113.9854825, 22.5448293]]]]}}, {"type": "Feature", "id": "way/533174211", "properties": {"tags": {"building": "hospital"}, "heightStatus": "unknown", "source": "OpenStreetMap", "license": "ODbL-1.0"}, "geometry": {"type": "MultiPolygon", "coordinates": [[[[113.9854392, 22.5448918], [113.985496, 22.5448424], [113.9855214, 22.5448672], [113.9854646, 22.5449167], [113.9854392, 22.5448918]]]]}}, {"type": "Feature", "id": "way/533174212", "properties": {"tags": {"building": "hospital"}, "heightStatus": "unknown", "source": "OpenStreetMap", "license": "ODbL-1.0"}, "geometry": {"type": "MultiPolygon", "coordinates": [[[[113.9859481, 22.5444207], [113.9863006, 22.5441393], [113.9863686, 22.5442119], [113.9864343, 22.5441595], [113.986499, 22.5442287], [113.9863632, 22.5443371], [113.9863124, 22.5442828], [113.9861204, 22.5444361], [113.9861781, 22.5444977], [113.9860529, 22.5445976], [113.9859683, 22.5445073], [113.9860031, 22.5444795], [113.9859481, 22.5444207]]]]}}, {"type": "Feature", "id": "way/610188490", "properties": {"tags": {"building": "commercial", "name": "华侨城集团办公大厦"}, "heightStatus": "unknown", "source": "OpenStreetMap", "license": "ODbL-1.0"}, "geometry": {"type": "MultiPolygon", "coordinates": [[[[113.9787722, 22.5372219], [113.9790576, 22.5372219], [113.9791295, 22.5371133], [113.9792036, 22.5372179], [113.979696, 22.5372179], [113.9795413, 22.5374594], [113.979465, 22.5373547], [113.9791164, 22.5373588], [113.9789705, 22.5375841], [113.9787722, 22.5372219]]]]}}, {"type": "Feature", "id": "way/610762997", "properties": {"tags": {"building": "yes", "disused:railway": "station", "monorail": "yes", "name": "华夏艺术中心", "operator": "深圳华侨城欢乐谷旅游公司", "station": "monorail"}, "heightStatus": "unknown", "source": "OpenStreetMap", "license": "ODbL-1.0"}, "geometry": {"type": "MultiPolygon", "coordinates": [[[[113.9800884, 22.5378921], [113.9802027, 22.53789], [113.9802043, 22.5379629], [113.98009, 22.537965], [113.9800884, 22.5378921]]]]}}, {"type": "Feature", "id": "way/610762998", "properties": {"tags": {"building": "yes", "disused:railway": "station", "monorail": "yes", "name": "生态广场", "operator": "深圳华侨城欢乐谷旅游公司", "station": "monorail"}, "heightStatus": "unknown", "source": "OpenStreetMap", "license": "ODbL-1.0"}, "geometry": {"type": "MultiPolygon", "coordinates": [[[[113.9783846, 22.5404017], [113.9783862, 22.5403607], [113.9783927, 22.5403224], [113.9784069, 22.5402822], [113.9784243, 22.540248], [113.9784483, 22.5402128], [113.9784189, 22.5401886], [113.9784864, 22.5401182], [113.9785169, 22.5401434], [113.9785494, 22.5401189], [113.9785811, 22.540098], [113.9786128, 22.540081], [113.9786525, 22.5400699], [113.9786879, 22.5400639], [113.9786901, 22.5400981], [113.9786803, 22.5401524], [113.9786651, 22.5401957], [113.9786433, 22.5402399], [113.9786117, 22.5402802], [113.9785736, 22.5403154], [113.9785311, 22.5403456], [113.9784908, 22.5403687], [113.9784401, 22.5403897], [113.9783846, 22.5404017]]]]}}, {"type": "Feature", "id": "way/610762999", "properties": {"tags": {"building": "yes", "disused:railway": "station", "monorail": "yes", "name": "魔幻城堡", "operator": "深圳华侨城欢乐谷旅游公司", "station": "monorail"}, "heightStatus": "unknown", "source": "OpenStreetMap", "license": "ODbL-1.0"}, "geometry": {"type": "MultiPolygon", "coordinates": [[[[113.9769235, 22.5411326], [113.976926, 22.5410509], [113.9770976, 22.5410554], [113.9770951, 22.5411371], [113.9769235, 22.5411326]]]]}}, {"type": "Feature", "id": "way/610763001", "properties": {"tags": {"building": "yes"}, "heightStatus": "unknown", "source": "OpenStreetMap", "license": "ODbL-1.0"}, "geometry": {"type": "MultiPolygon", "coordinates": [[[[113.979977, 22.5374396], [113.9800535, 22.5374391], [113.9801786, 22.5374376], [113.9801795, 22.5375042], [113.9802527, 22.5374383], [113.9804539, 22.537437], [113.9805111, 22.5374857], [113.9806019, 22.5375632], [113.980456, 22.5377093], [113.9803625, 22.5377098], [113.9802507, 22.5377105], [113.9801815, 22.5376507], [113.9801818, 22.5377112], [113.9800473, 22.5377117], [113.9799792, 22.5377122], [113.979977, 22.5374396]]]]}}, {"type": "Feature", "id": "way/610763002", "properties": {"tags": {"amenity": "arts_centre", "building": "yes", "name": "华夏艺术中心", "name:en": "Huaxia Art Center", "name:zh": "华夏艺术中心"}, "heightStatus": "unknown", "source": "OpenStreetMap", "license": "ODbL-1.0"}, "geometry": {"type": "MultiPolygon", "coordinates": [[[[113.979977, 22.5374396], [113.9800535, 22.5374391], [113.9800544, 22.5371502], [113.9800349, 22.5371272], [113.9800356, 22.5370504], [113.9800561, 22.5370627], [113.9801063, 22.5370972], [113.980147, 22.537054], [113.9809709, 22.5370477], [113.9807914, 22.5372173], [113.9807934, 22.5372756], [113.9806206, 22.537437], [113.9805657, 22.537437], [113.9805111, 22.5374857], [113.9806019, 22.5375632], [113.980456, 22.5377093], [113.9803625, 22.5377098], [113.9802364, 22.5378482], [113.9800474, 22.5378501], [113.9800473, 22.5377117], [113.9799792, 22.5377122], [113.979977, 22.5374396]]]]}}, {"type": "Feature", "id": "way/612730334", "properties": {"tags": {"building": "yes"}, "heightStatus": "unknown", "source": "OpenStreetMap", "license": "ODbL-1.0"}, "geometry": {"type": "MultiPolygon", "coordinates": [[[[113.9837759, 22.5430947], [113.9837959, 22.5429606], [113.9840762, 22.5430114], [113.9843715, 22.5431363], [113.9843065, 22.5432657], [113.9840812, 22.5431964], [113.9840212, 22.5431409], [113.9837759, 22.5430947]]]]}}, {"type": "Feature", "id": "way/613256836", "properties": {"tags": {"building": "commercial", "name": "生态广场C座"}, "heightStatus": "unknown", "source": "OpenStreetMap", "license": "ODbL-1.0"}, "geometry": {"type": "MultiPolygon", "coordinates": [[[[113.9786437, 22.5426588], [113.9790607, 22.5421986], [113.9792312, 22.5423304], [113.9788143, 22.5427907], [113.9786437, 22.5426588]]]]}}, {"type": "Feature", "id": "way/613256837", "properties": {"tags": {"building": "commercial", "name": "生态广场B座"}, "heightStatus": "unknown", "source": "OpenStreetMap", "license": "ODbL-1.0"}, "geometry": {"type": "MultiPolygon", "coordinates": [[[[113.9783795, 22.5415985], [113.9790864, 22.5408344], [113.979218, 22.5409383], [113.9790071, 22.5411662], [113.979064, 22.5412111], [113.978692, 22.5416132], [113.9793488, 22.5421315], [113.9792248, 22.5422656], [113.9783795, 22.5415985]]]]}}, {"type": "Feature", "id": "way/613256838", "properties": {"tags": {"building": "commercial", "name": "生态广场A座"}, "heightStatus": "unknown", "source": "OpenStreetMap", "license": "ODbL-1.0"}, "geometry": {"type": "MultiPolygon", "coordinates": [[[[113.9781384, 22.5405729], [113.9782781, 22.5404299], [113.9789231, 22.5409676], [113.9787834, 22.5411106], [113.9781384, 22.5405729]]]]}}, {"type": "Feature", "id": "way/613987712", "properties": {"tags": {"building": "yes", "landuse": "depot", "operator": "深圳华侨城欢乐谷旅游公司", "type": "monorail"}, "heightStatus": "unknown", "source": "OpenStreetMap", "license": "ODbL-1.0"}, "geometry": {"type": "MultiPolygon", "coordinates": [[[[113.9798338, 22.5435855], [113.980113, 22.5434287], [113.9801955, 22.543554], [113.9799163, 22.5437108], [113.9798338, 22.5435855]]]]}}, {"type": "Feature", "id": "way/654101107", "properties": {"tags": {"brand": "城市客栈", "building": "yes", "name": "城市客栈酒店", "tourism": "hotel"}, "heightStatus": "unknown", "source": "OpenStreetMap", "license": "ODbL-1.0"}, "geometry": {"type": "MultiPolygon", "coordinates": [[[[113.9812841, 22.5370656], [113.981326, 22.5369779], [113.9817683, 22.5369751], [113.9819218, 22.5369742], [113.9819623, 22.5370412], [113.9819481, 22.5370486], [113.9820925, 22.5372878], [113.9820932, 22.5373303], [113.9820089, 22.5373316], [113.9819621, 22.5372561], [113.9819426, 22.5372665], [113.9818357, 22.5370942], [113.9813635, 22.537099], [113.9813633, 22.5370755], [113.9813464, 22.537064], [113.9812841, 22.5370656]]]]}}, {"type": "Feature", "id": "way/694439493", "properties": {"tags": {"addr:city": "深圳市", "addr:district": "南山区", "addr:postcode": "518053", "addr:province": "广东省", "addr:street": "兴隆西街", "building": "commercial", "building:levels": "60", "building:material": "mirror", "height": "300", "name": "华侨城大厦", "name:en": "OCT Tower", "name:zh": "华侨城大厦", "wikidata": "Q55696728", "wikimedia_commons": "Category:OCT Tower", "wikipedia": "zh:華僑城大廈"}, "heightStatus": "height_tag_unverified", "source": "OpenStreetMap", "license": "ODbL-1.0"}, "geometry": {"type": "MultiPolygon", "coordinates": [[[[113.9772253, 22.5376302], [113.9772391, 22.537436], [113.9777811, 22.5373047], [113.9779248, 22.5373927], [113.9775828, 22.5378451], [113.9773582, 22.5378], [113.9772253, 22.5376302]]]]}}, {"type": "Feature", "id": "way/694439494", "properties": {"tags": {"addr:city": "深圳市", "addr:district": "南山区", "addr:housenumber": "15号", "addr:postcode": "518053", "addr:province": "广东省", "addr:street": "侨城西街", "building": "yes", "name": "华·生活馆", "name:en": "Hua Living Space", "name:zh": "华·生活馆", "operator": "华侨城物业", "shop": "mall"}, "heightStatus": "unknown", "source": "OpenStreetMap", "license": "ODbL-1.0"}, "geometry": {"type": "MultiPolygon", "coordinates": [[[[113.97733, 22.5393164], [113.9773315, 22.539194], [113.9773765, 22.5391949], [113.9773774, 22.5390953], [113.9773427, 22.5390949], [113.9773447, 22.5388728], [113.9774088, 22.5388167], [113.9774441, 22.5388161], [113.9775075, 22.5388741], [113.9775795, 22.5388069], [113.9778475, 22.5388119], [113.9778683, 22.5388309], [113.9778839, 22.5387942], [113.9779057, 22.5387694], [113.9779339, 22.538751], [113.9779665, 22.5387403], [113.9778036, 22.5385823], [113.9778019, 22.5381137], [113.9786361, 22.5381261], [113.9786334, 22.5380615], [113.9788404, 22.5380642], [113.9788352, 22.5385696], [113.9788601, 22.5385863], [113.9788801, 22.5386079], [113.9788941, 22.5386332], [113.9789015, 22.5386608], [113.9789017, 22.5386892], [113.9788948, 22.5387169], [113.9788812, 22.5387424], [113.9788616, 22.5387643], [113.978837, 22.5387814], [113.9788088, 22.5387928], [113.9787785, 22.5387978], [113.9787478, 22.5387963], [113.9786446, 22.5388923], [113.9782517, 22.5388889], [113.9781843, 22.5388967], [113.9781197, 22.538916], [113.9780601, 22.5389462], [113.9780085, 22.5389855], [113.9779657, 22.5390329], [113.9779331, 22.5390868], [113.9779119, 22.5391454], [113.9779027, 22.5392065], [113.977906, 22.5392682], [113.9779215, 22.5393283], [113.9779488, 22.5393846], [113.9779869, 22.5394354], [113.9780345, 22.5394787], [113.9781483, 22.5395845], [113.9780828, 22.5396457], [113.9781373, 22.5396955], [113.9781381, 22.5397338], [113.9780894, 22.5397791], [113.9782071, 22.5398873], [113.9782617, 22.5398365], [113.9782909, 22.5398359], [113.9783574, 22.5398967], [113.9780152, 22.5402902], [113.9778438, 22.5401529], [113.9777501, 22.540101], [113.9777019, 22.5400589], [113.9776631, 22.5400144], [113.9776403, 22.5399711], [113.9776269, 22.5399315], [113.9776216, 22.5398808], [113.9776229, 22.5398215], [113.977635, 22.5397646], [113.977655, 22.5397176], [113.9776805, 22.5396755], [113.9776333, 22.5396298], [113.9776925, 22.539576], [113.9776179, 22.5395061], [113.9776171, 22.5394791], [113.9776824, 22.5394173], [113.9775615, 22.5393083], [113.9775006, 22.5393659], [113.9774652, 22.5393676], [113.9774004, 22.5393089], [113.9773593, 22.5393475], [113.97733, 22.5393164]]]]}}, {"type": "Feature", "id": "way/694439495", "properties": {"tags": {"addr:housename": "中旅广场", "addr:housename:zh": "中旅广场", "building": "apartments", "name": "齐云阁", "name:zh": "齐云阁"}, "heightStatus": "unknown", "source": "OpenStreetMap", "license": "ODbL-1.0"}, "geometry": {"type": "MultiPolygon", "coordinates": [[[[113.9780828, 22.5396457], [113.9781483, 22.5395845], [113.9782016, 22.5395347], [113.9782545, 22.5395831], [113.9782983, 22.539585], [113.9783588, 22.5395287], [113.9784766, 22.5396369], [113.9784127, 22.5396964], [113.9784142, 22.539729], [113.9784763, 22.5397857], [113.9783574, 22.5398967], [113.9782909, 22.5398359], [113.9782617, 22.5398365], [113.9782071, 22.5398873], [113.9780894, 22.5397791], [113.9781381, 22.5397338], [113.9781373, 22.5396955], [113.9780828, 22.5396457]]]]}}, {"type": "Feature", "id": "way/694439496", "properties": {"tags": {"addr:housename": "中旅广场", "addr:housename:zh": "中旅广场", "building": "apartments", "name": "飞云阁", "name:zh": "飞云阁"}, "heightStatus": "unknown", "source": "OpenStreetMap", "license": "ODbL-1.0"}, "geometry": {"type": "MultiPolygon", "coordinates": [[[[113.9772841, 22.5394184], [113.9773593, 22.5393475], [113.9774004, 22.5393089], [113.9774652, 22.5393676], [113.9775006, 22.5393659], [113.9775615, 22.5393083], [113.9776824, 22.5394173], [113.9776171, 22.5394791], [113.9776179, 22.5395061], [113.9776925, 22.539576], [113.9776333, 22.5396298], [113.9775743, 22.5396835], [113.9775075, 22.5396209], [113.9774661, 22.5396219], [113.9774125, 22.5396726], [113.9772916, 22.5395636], [113.9773436, 22.5395144], [113.9773453, 22.5394739], [113.9772841, 22.5394184]]]]}}, {"type": "Feature", "id": "way/694439497", "properties": {"tags": {"addr:housename": "中旅广场", "addr:housename:zh": "中旅广场", "building": "apartments", "name": "碧云阁", "name:zh": "碧云阁"}, "heightStatus": "unknown", "source": "OpenStreetMap", "license": "ODbL-1.0"}, "geometry": {"type": "MultiPolygon", "coordinates": [[[[113.9772307, 22.5387617], [113.9772852, 22.538714], [113.9772844, 22.5386735], [113.9772317, 22.5386259], [113.9773487, 22.5385154], [113.9774017, 22.5385633], [113.9774455, 22.5385651], [113.9775059, 22.5385089], [113.9776237, 22.5386171], [113.9775598, 22.5386765], [113.9775614, 22.5387092], [113.9776234, 22.5387659], [113.9775795, 22.5388069], [113.9775075, 22.5388741], [113.9774441, 22.5388161], [113.9774088, 22.5388167], [113.9773447, 22.5388728], [113.9772307, 22.5387617]]]]}}, {"type": "Feature", "id": "way/694439501", "properties": {"tags": {"building": "commercial"}, "heightStatus": "unknown", "source": "OpenStreetMap", "license": "ODbL-1.0"}, "geometry": {"type": "MultiPolygon", "coordinates": [[[[113.9780419, 22.5392973], [113.9780459, 22.5391077], [113.9781352, 22.5391093], [113.9781368, 22.5390311], [113.9783358, 22.5390346], [113.9783345, 22.5390954], [113.9787028, 22.539102], [113.9787016, 22.5391629], [113.9787694, 22.5391641], [113.9787647, 22.5393867], [113.9786769, 22.5393851], [113.9786755, 22.5394562], [113.9784678, 22.5394526], [113.9784693, 22.5393817], [113.9781252, 22.5393756], [113.9781268, 22.5392989], [113.9780419, 22.5392973]]]]}}, {"type": "Feature", "id": "way/741503069", "properties": {"tags": {"building": "roof"}, "heightStatus": "unknown", "source": "OpenStreetMap", "license": "ODbL-1.0"}, "geometry": {"type": "MultiPolygon", "coordinates": [[[[113.9790395, 22.5415513], [113.9790472, 22.5415381], [113.9790558, 22.5415184], [113.9790573, 22.5415006], [113.9790548, 22.5414805], [113.9790451, 22.5414584], [113.9790634, 22.5414533], [113.9790857, 22.5414415], [113.9791111, 22.541419], [113.979128, 22.541436], [113.9791581, 22.541451], [113.9791542, 22.5414766], [113.9791604, 22.5415071], [113.9791735, 22.5415249], [113.9791927, 22.5415384], [113.9791885, 22.541564], [113.9791908, 22.5415895], [113.9792081, 22.5416194], [113.9792206, 22.5416353], [113.9792406, 22.5416502], [113.9792674, 22.5416614], [113.9792543, 22.5416792], [113.9792512, 22.5417026], [113.9792589, 22.5417282], [113.979273, 22.5417459], [113.979292, 22.5417581], [113.9792853, 22.5417675], [113.9792833, 22.5417811], [113.9792924, 22.5417919], [113.979297, 22.5418111], [113.9793087, 22.5418275], [113.9793249, 22.5418303], [113.9793132, 22.5418482], [113.9793148, 22.5418594], [113.9793225, 22.5418698], [113.9793183, 22.5418885], [113.9793213, 22.5419055], [113.979329, 22.5419204], [113.9793452, 22.5419391], [113.9793336, 22.5419546], [113.9793259, 22.5419696], [113.9793052, 22.5419684], [113.9792915, 22.5419711], [113.9792804, 22.5419758], [113.9792655, 22.5419865], [113.9792645, 22.5419565], [113.9792604, 22.5419396], [113.9792518, 22.5419293], [113.97923, 22.5419143], [113.9792061, 22.5419077], [113.9792117, 22.5418861], [113.9792061, 22.5418707], [113.979197, 22.5418664], [113.9792025, 22.5418571], [113.979199, 22.5418463], [113.9791914, 22.5418374], [113.9791751, 22.5418308], [113.9791898, 22.5418153], [113.9791959, 22.5417952], [113.9791919, 22.5417764], [113.9791888, 22.541759], [113.9791848, 22.5417478], [113.9791706, 22.5417359], [113.9791579, 22.5417276], [113.9791655, 22.5417131], [113.9791675, 22.5416873], [113.9791619, 22.5416657], [113.9791436, 22.5416494], [113.9791248, 22.5416457], [113.9791035, 22.5416498], [113.9791045, 22.5416244], [113.9790903, 22.5415972], [113.9790751, 22.541586], [113.9790624, 22.5415846], [113.9790634, 22.5415682], [113.9790573, 22.5415574], [113.9790395, 22.5415513]]]]}}, {"type": "Feature", "id": "way/741503086", "properties": {"tags": {"building": "commercial", "name": "鸿波会议中心"}, "heightStatus": "unknown", "source": "OpenStreetMap", "license": "ODbL-1.0"}, "geometry": {"type": "MultiPolygon", "coordinates": [[[[113.9777905, 22.5409721], [113.9779409, 22.5408113], [113.9779699, 22.5407797], [113.9779958, 22.5407581], [113.9780236, 22.5407474], [113.978051, 22.5407458], [113.9780755, 22.5407511], [113.9780986, 22.5407646], [113.9781277, 22.540788], [113.9785102, 22.5410931], [113.9784079, 22.5412026], [113.9781603, 22.5410052], [113.9780201, 22.5411552], [113.9777905, 22.5409721]]]]}}, {"type": "Feature", "id": "way/741503087", "properties": {"tags": {"building": "residential", "name": "汇文楼"}, "heightStatus": "unknown", "source": "OpenStreetMap", "license": "ODbL-1.0"}, "geometry": {"type": "MultiPolygon", "coordinates": [[[[113.9783448, 22.5423344], [113.9784062, 22.5422802], [113.9784074, 22.5422272], [113.9783509, 22.5421734], [113.9784082, 22.542122], [113.9784665, 22.5420698], [113.9785234, 22.5421239], [113.978582, 22.5421247], [113.9786422, 22.5420715], [113.9787014, 22.5421286], [113.9787555, 22.5421808], [113.9787005, 22.5422294], [113.9786997, 22.5422919], [113.9787532, 22.5423429], [113.9786976, 22.5423927], [113.9786376, 22.5424464], [113.97858, 22.5423916], [113.9785181, 22.5423906], [113.9784581, 22.5424437], [113.9784034, 22.542391], [113.9783448, 22.5423344]]]]}}, {"type": "Feature", "id": "way/741503088", "properties": {"tags": {"building": "residential", "name": "荔海楼"}, "heightStatus": "unknown", "source": "OpenStreetMap", "license": "ODbL-1.0"}, "geometry": {"type": "MultiPolygon", "coordinates": [[[[113.9791084, 22.543525], [113.9791698, 22.5434707], [113.9791711, 22.5434178], [113.9791145, 22.5433639], [113.9791719, 22.5433125], [113.9792302, 22.5432603], [113.979287, 22.5433145], [113.9793456, 22.5433153], [113.9794059, 22.543262], [113.979465, 22.5433191], [113.9795191, 22.5433714], [113.9794642, 22.5434199], [113.9794634, 22.5434824], [113.9795169, 22.5435334], [113.9794613, 22.5435832], [113.9794012, 22.543637], [113.9793437, 22.5435822], [113.9792817, 22.5435812], [113.9792217, 22.5436343], [113.979167, 22.5435815], [113.9791084, 22.543525]]]]}}, {"type": "Feature", "id": "way/741503089", "properties": {"tags": {"building": "yes", "name": "燕晗山酒店", "name:en": "Yanhanshan Hotel", "name:zh": "燕晗山酒店", "official_name": "暨南大学深圳旅游学院燕晗山酒店", "tourism": "hotel"}, "heightStatus": "unknown", "source": "OpenStreetMap", "license": "ODbL-1.0"}, "geometry": {"type": "MultiPolygon", "coordinates": [[[[113.9806385, 22.5431648], [113.9806386, 22.5431544], [113.9806422, 22.543143], [113.980648, 22.5431336], [113.9806561, 22.5431254], [113.9806467, 22.5431143], [113.9808644, 22.5429561], [113.9810361, 22.5431576], [113.9810889, 22.5431192], [113.9811611, 22.5432039], [113.9809349, 22.5433683], [113.9808081, 22.5432195], [113.9807638, 22.5432517], [113.9807158, 22.5431954], [113.9807067, 22.5431992], [113.9806958, 22.543203], [113.980683, 22.5432044], [113.9806699, 22.5432024], [113.980658, 22.5431972], [113.9806478, 22.5431892], [113.9806412, 22.5431779], [113.9806385, 22.5431648]]]]}}, {"type": "Feature", "id": "way/765565843", "properties": {"tags": {"addr:city": "深圳市", "addr:district": "南山区", "addr:housenumber": "3-5号", "addr:province": "广东省", "addr:street": "光侨街", "building": "yes", "name": "深圳海景嘉途酒店", "name:en": "Seaview O'City Hotel", "name:zh": "深圳海景嘉途酒店", "tourism": "hotel", "website": "http://www.ocityhotel.cn/"}, "heightStatus": "unknown", "source": "OpenStreetMap", "license": "ODbL-1.0"}, "geometry": {"type": "MultiPolygon", "coordinates": [[[[113.9807939, 22.5375621], [113.9808639, 22.5374901], [113.9808996, 22.5375199], [113.9809422, 22.5374762], [113.9809897, 22.5374759], [113.9809893, 22.5374342], [113.9812863, 22.5374321], [113.9813791, 22.5375214], [113.9814143, 22.5374902], [113.9814138, 22.5374441], [113.9817168, 22.5374415], [113.9817175, 22.5375086], [113.9817819, 22.5375081], [113.9817839, 22.5377073], [113.9809773, 22.5377144], [113.9807939, 22.5375621]]]]}}, {"type": "Feature", "id": "way/765565844", "properties": {"tags": {"building": "hotel"}, "heightStatus": "unknown", "source": "OpenStreetMap", "license": "ODbL-1.0"}, "geometry": {"type": "MultiPolygon", "coordinates": [[[[113.9808996, 22.5375199], [113.9809422, 22.5374762], [113.9809897, 22.5374759], [113.9809893, 22.5374342], [113.9812863, 22.5374321], [113.9813791, 22.5375214], [113.981296, 22.5375216], [113.9812963, 22.537608], [113.9810066, 22.537609], [113.9808996, 22.5375199]]]]}}, {"type": "Feature", "id": "way/765565848", "properties": {"tags": {"building": "yes"}, "heightStatus": "unknown", "source": "OpenStreetMap", "license": "ODbL-1.0"}, "geometry": {"type": "MultiPolygon", "coordinates": [[[[113.9817413, 22.5377963], [113.9819676, 22.5377933], [113.9819661, 22.5376945], [113.9818039, 22.5376966], [113.9818019, 22.5375613], [113.9822066, 22.5375561], [113.9822085, 22.5376777], [113.9822463, 22.5378104], [113.9822483, 22.5379409], [113.9817802, 22.5379471], [113.981779, 22.5378721], [113.9817425, 22.5378726], [113.9817413, 22.5377963]]]]}}, {"type": "Feature", "id": "way/765565849", "properties": {"tags": {"building": "yes"}, "heightStatus": "unknown", "source": "OpenStreetMap", "license": "ODbL-1.0"}, "geometry": {"type": "MultiPolygon", "coordinates": [[[[113.9807625, 22.5378369], [113.9808389, 22.5378359], [113.9808945, 22.5378352], [113.9808954, 22.5378937], [113.9809333, 22.5378932], [113.9809337, 22.5379219], [113.9810339, 22.5379206], [113.9810333, 22.5378801], [113.9810817, 22.5378794], [113.9810809, 22.5378271], [113.9812143, 22.5378254], [113.9812158, 22.5379236], [113.9811341, 22.5379246], [113.981135, 22.5379826], [113.9808285, 22.5379865], [113.9808275, 22.5379195], [113.9807637, 22.5379203], [113.980763, 22.5378764], [113.9807625, 22.5378369]]]]}}, {"type": "Feature", "id": "way/765565850", "properties": {"tags": {"building": "yes"}, "heightStatus": "unknown", "source": "OpenStreetMap", "license": "ODbL-1.0"}, "geometry": {"type": "MultiPolygon", "coordinates": [[[[113.9812249, 22.5378217], [113.9817178, 22.5378201], [113.9817185, 22.5379769], [113.9816455, 22.5379772], [113.9816454, 22.537959], [113.9815168, 22.5379595], [113.9815169, 22.5379942], [113.9814732, 22.5379943], [113.9814731, 22.5379601], [113.9813355, 22.5379606], [113.9813356, 22.5379987], [113.981302, 22.5379988], [113.9813018, 22.5379614], [113.981236, 22.5379616], [113.9812359, 22.5379272], [113.9812253, 22.5379272], [113.9812249, 22.5378217]]]]}}, {"type": "Feature", "id": "way/765565852", "properties": {"tags": {"building": "yes"}, "heightStatus": "unknown", "source": "OpenStreetMap", "license": "ODbL-1.0"}, "geometry": {"type": "MultiPolygon", "coordinates": [[[[113.980632, 22.5377358], [113.9806506, 22.5377357], [113.9806503, 22.5376901], [113.9807873, 22.5376892], [113.9807877, 22.5377385], [113.9808382, 22.5377382], [113.9808389, 22.5378359], [113.9807625, 22.5378369], [113.980763, 22.5378764], [113.9807034, 22.5378768], [113.9807032, 22.537837], [113.9806327, 22.5378374], [113.980632, 22.5377358]]]]}}, {"type": "Feature", "id": "way/765565855", "properties": {"tags": {"amenity": "restaurant", "building": "yes", "name": "庭悦", "name:en": "Taya Asia", "name:zh": "庭悦"}, "heightStatus": "unknown", "source": "OpenStreetMap", "license": "ODbL-1.0"}, "geometry": {"type": "MultiPolygon", "coordinates": [[[[113.9800214, 22.5380383], [113.9804779, 22.538027], [113.9804845, 22.5382546], [113.9800279, 22.5382658], [113.9800214, 22.5380383]]]]}}, {"type": "Feature", "id": "way/776369899", "properties": {"tags": {"building": "yes"}, "heightStatus": "unknown", "source": "OpenStreetMap", "license": "ODbL-1.0"}, "geometry": {"type": "MultiPolygon", "coordinates": [[[[113.9777503, 22.5378905], [113.9777584, 22.5377641], [113.977871, 22.5376229], [113.9779984, 22.5376786], [113.9780011, 22.5377976], [113.9779367, 22.5378905], [113.9777503, 22.5378905]]]]}}, {"type": "Feature", "id": "way/776369900", "properties": {"tags": {"building": "yes"}, "heightStatus": "unknown", "source": "OpenStreetMap", "license": "ODbL-1.0"}, "geometry": {"type": "MultiPolygon", "coordinates": [[[[113.9780185, 22.5377579], [113.9780695, 22.5377059], [113.9782023, 22.5377554], [113.9782412, 22.5378905], [113.9780239, 22.5378917], [113.9780185, 22.5377579]]]]}}, {"type": "Feature", "id": "way/776369901", "properties": {"tags": {"building": "yes"}, "heightStatus": "unknown", "source": "OpenStreetMap", "license": "ODbL-1.0"}, "geometry": {"type": "MultiPolygon", "coordinates": [[[[113.9782814, 22.5377331], [113.9784396, 22.5376675], [113.9786194, 22.5377864], [113.9786261, 22.5379041], [113.9783659, 22.5378991], [113.9782814, 22.5377331]]]]}}, {"type": "Feature", "id": "way/776369902", "properties": {"tags": {"building": "yes"}, "heightStatus": "unknown", "source": "OpenStreetMap", "license": "ODbL-1.0"}, "geometry": {"type": "MultiPolygon", "coordinates": [[[[113.9784276, 22.5374495], [113.9785308, 22.5373293], [113.9787414, 22.5375957], [113.9786676, 22.5376464], [113.9784343, 22.5375808], [113.9784276, 22.5374495]]]]}}, {"type": "Feature", "id": "way/776369903", "properties": {"tags": {"building": "yes"}, "heightStatus": "unknown", "source": "OpenStreetMap", "license": "ODbL-1.0"}, "geometry": {"type": "MultiPolygon", "coordinates": [[[[113.9781835, 22.5373665], [113.9782559, 22.5372203], [113.9784008, 22.5371968], [113.9784383, 22.5372389], [113.9783847, 22.5374148], [113.9782237, 22.5374421], [113.9781835, 22.5373665]]]]}}, {"type": "Feature", "id": "way/1204575504", "properties": {"tags": {"addr:housename": "湖滨花园", "addr:housename:zh": "湖滨花园", "building": "apartments", "building:levels": "33", "name": "涵晖阁"}, "heightStatus": "levels_only_unverified", "source": "OpenStreetMap", "license": "ODbL-1.0"}, "geometry": {"type": "MultiPolygon", "coordinates": [[[[113.9791952, 22.5392699], [113.9792701, 22.5392679], [113.9792691, 22.5392363], [113.9792324, 22.5392373], [113.9792298, 22.539157], [113.979289, 22.5391554], [113.9792875, 22.5391107], [113.9793118, 22.5391101], [113.97931, 22.5390527], [113.9794431, 22.5390491], [113.9794449, 22.5391064], [113.9794692, 22.5391058], [113.9794706, 22.5391504], [113.9795298, 22.5391488], [113.9795324, 22.5392291], [113.9794956, 22.5392301], [113.9794967, 22.5392617], [113.9795716, 22.5392597], [113.9795734, 22.5393161], [113.979466, 22.5393191], [113.9794621, 22.5393314], [113.9794511, 22.5393393], [113.9794371, 22.5393397], [113.9794256, 22.5393324], [113.9794209, 22.5393203], [113.9794193, 22.5392692], [113.9793478, 22.5392712], [113.9793495, 22.5393223], [113.9793455, 22.5393346], [113.9793345, 22.5393425], [113.9793206, 22.5393429], [113.9793091, 22.5393356], [113.9793044, 22.5393235], [113.979197, 22.5393264], [113.9791952, 22.5392699]]]]}}, {"type": "Feature", "id": "way/1204575505", "properties": {"tags": {"addr:housename": "湖滨花园", "addr:housename:zh": "湖滨花园", "building": "apartments", "building:levels": "33", "name": "潋芳阁"}, "heightStatus": "levels_only_unverified", "source": "OpenStreetMap", "license": "ODbL-1.0"}, "geometry": {"type": "MultiPolygon", "coordinates": [[[[113.9796538, 22.5391039], [113.979658, 22.5390938], [113.9796687, 22.5390893], [113.9796678, 22.539061], [113.9797923, 22.5390576], [113.9797903, 22.5389941], [113.9798146, 22.5389934], [113.9798128, 22.5389361], [113.9799458, 22.5389324], [113.9799476, 22.5389898], [113.979972, 22.5389891], [113.9799734, 22.539033], [113.9800672, 22.5390304], [113.9800698, 22.5391107], [113.9800331, 22.5391117], [113.9800341, 22.5391433], [113.980109, 22.5391413], [113.9801108, 22.5391977], [113.9800035, 22.5392007], [113.9799995, 22.539213], [113.9799885, 22.5392209], [113.9799746, 22.5392213], [113.9799631, 22.539214], [113.9799584, 22.5392019], [113.9799563, 22.5391382], [113.9796705, 22.539146], [113.9796696, 22.5391176], [113.9796586, 22.5391138], [113.9796538, 22.5391039]]]]}}, {"type": "Feature", "id": "way/1204575506", "properties": {"tags": {"addr:housename": "湖滨花园", "addr:housename:zh": "湖滨花园", "building": "apartments", "building:levels": "33", "name": "滟翠阁"}, "heightStatus": "levels_only_unverified", "source": "OpenStreetMap", "license": "ODbL-1.0"}, "geometry": {"type": "MultiPolygon", "coordinates": [[[[113.9801044, 22.5392275], [113.9801085, 22.5392174], [113.9801193, 22.539213], [113.9801183, 22.5391846], [113.9802428, 22.5391812], [113.9802408, 22.5391177], [113.9802651, 22.5391171], [113.9802633, 22.5390597], [113.9803963, 22.5390561], [113.9803982, 22.5391134], [113.9804225, 22.5391128], [113.9804245, 22.5391763], [113.9805256, 22.5391735], [113.9805265, 22.5392018], [113.9805374, 22.5392057], [113.9805423, 22.5392156], [113.9805381, 22.5392257], [113.9805274, 22.5392302], [113.9805283, 22.5392585], [113.9801211, 22.5392696], [113.9801202, 22.5392413], [113.9801092, 22.5392374], [113.9801044, 22.5392275]]]]}}, {"type": "Feature", "id": "way/1302652254", "properties": {"tags": {"building": "train_station", "building:levels": "0", "building:levels:underground": "2", "layer": "-1", "location": "underground", "name": "华侨城站", "name:en": "Overseas Chinese Town Station", "name:zh": "华侨城站", "start_date": "2004-12-28", "wikidata": "Q6125819", "wikimedia_commons": "Category:Overseas Chinese Town Station", "wikipedia": "zh:华侨城站"}, "heightStatus": "levels_only_unverified", "source": "OpenStreetMap", "license": "ODbL-1.0"}, "geometry": {"type": "MultiPolygon", "coordinates": [[[[113.9791066, 22.5363182], [113.9800076, 22.5362898], [113.9800008, 22.5361073], [113.9797624, 22.5361148], [113.9797613, 22.536087], [113.9797603, 22.536058], [113.9800619, 22.5360485], [113.9800708, 22.536287], [113.9807711, 22.5362649], [113.9807622, 22.5360244], [113.9811489, 22.5360122], [113.9811499, 22.5360405], [113.981151, 22.5360698], [113.9808272, 22.53608], [113.980834, 22.5362624], [113.9813787, 22.5362451], [113.981386, 22.5364424], [113.9808417, 22.5364595], [113.9808522, 22.5367427], [113.9811755, 22.5367325], [113.9811768, 22.536767], [113.9811778, 22.5367948], [113.9807916, 22.536807], [113.9807789, 22.5364621], [113.9800786, 22.5364842], [113.9800908, 22.5368156], [113.9795201, 22.5368336], [113.9795191, 22.5368056], [113.9795183, 22.5367845], [113.9800257, 22.5367685], [113.9800153, 22.536487], [113.9791139, 22.5365154], [113.9791066, 22.5363182]]]]}}, {"type": "Feature", "id": "way/1348495985", "properties": {"tags": {"addr:housename": "光华街社区", "addr:housename:zh": "光华街社区", "building": "apartments", "building:levels": "7", "name": "17栋", "name:zh": "17栋"}, "heightStatus": "levels_only_unverified", "source": "OpenStreetMap", "license": "ODbL-1.0"}, "geometry": {"type": "MultiPolygon", "coordinates": [[[[113.9852713, 22.5384506], [113.9852806, 22.5383481], [113.9857597, 22.5383851], [113.9857504, 22.5384876], [113.9852713, 22.5384506]]]]}}, {"type": "Feature", "id": "way/1348495986", "properties": {"tags": {"addr:housename": "光华街社区", "addr:housename:zh": "光华街社区", "building": "apartments", "building:levels": "7", "name": "18栋", "name:zh": "18栋"}, "heightStatus": "levels_only_unverified", "source": "OpenStreetMap", "license": "ODbL-1.0"}, "geometry": {"type": "MultiPolygon", "coordinates": [[[[113.9846503, 22.5384052], [113.9846596, 22.5383027], [113.9851518, 22.5383407], [113.9851425, 22.5384432], [113.9846503, 22.5384052]]]]}}, {"type": "Feature", "id": "way/1348495987", "properties": {"tags": {"addr:housename": "光华街社区", "addr:housename:zh": "光华街社区", "building": "apartments", "building:levels": "7", "name": "14栋", "name:zh": "14栋"}, "heightStatus": "levels_only_unverified", "source": "OpenStreetMap", "license": "ODbL-1.0"}, "geometry": {"type": "MultiPolygon", "coordinates": [[[[113.98361, 22.5380959], [113.9836192, 22.5379934], [113.9840416, 22.538026], [113.9840324, 22.5381285], [113.98361, 22.5380959]]]]}}, {"type": "Feature", "id": "way/1348495988", "properties": {"tags": {"addr:housename": "光华街社区", "addr:housename:zh": "光华街社区", "building": "apartments", "building:levels": "7", "name": "13栋", "name:zh": "13栋"}, "heightStatus": "levels_only_unverified", "source": "OpenStreetMap", "license": "ODbL-1.0"}, "geometry": {"type": "MultiPolygon", "coordinates": [[[[113.9841773, 22.5381409], [113.9841866, 22.5380384], [113.984609, 22.538071], [113.9845997, 22.5381735], [113.9841773, 22.5381409]]]]}}, {"type": "Feature", "id": "way/1348495989", "properties": {"tags": {"addr:housename": "光华街社区", "addr:housename:zh": "光华街社区", "building": "apartments", "building:levels": "7", "name": "12栋", "name:zh": "12栋"}, "heightStatus": "levels_only_unverified", "source": "OpenStreetMap", "license": "ODbL-1.0"}, "geometry": {"type": "MultiPolygon", "coordinates": [[[[113.9847251, 22.5381852], [113.9847344, 22.5380827], [113.9851568, 22.5381153], [113.9851475, 22.5382178], [113.9847251, 22.5381852]]]]}}, {"type": "Feature", "id": "way/1348495990", "properties": {"tags": {"addr:housename": "光华街社区", "addr:housename:zh": "光华街社区", "building": "apartments", "building:levels": "7", "name": "23栋", "name:zh": "23栋"}, "heightStatus": "levels_only_unverified", "source": "OpenStreetMap", "license": "ODbL-1.0"}, "geometry": {"type": "MultiPolygon", "coordinates": [[[[113.9852764, 22.5382253], [113.9852857, 22.5381227], [113.9857544, 22.5381589], [113.9857451, 22.5382614], [113.9852764, 22.5382253]]]]}}, {"type": "Feature", "id": "way/1348495991", "properties": {"tags": {"addr:housename": "光华街社区", "addr:housename:zh": "光华街社区", "building": "apartments", "building:levels": "7", "name": "8栋", "name:zh": "8栋"}, "heightStatus": "levels_only_unverified", "source": "OpenStreetMap", "license": "ODbL-1.0"}, "geometry": {"type": "MultiPolygon", "coordinates": [[[[113.9852965, 22.5379726], [113.9853058, 22.5378701], [113.9857282, 22.5379026], [113.9857189, 22.5380051], [113.9852965, 22.5379726]]]]}}, {"type": "Feature", "id": "way/1348495992", "properties": {"tags": {"addr:housename": "光华街社区", "addr:housename:zh": "光华街社区", "building": "apartments", "building:levels": "7", "name": "16栋", "name:zh": "16栋"}, "heightStatus": "levels_only_unverified", "source": "OpenStreetMap", "license": "ODbL-1.0"}, "geometry": {"type": "MultiPolygon", "coordinates": [[[[113.9832225, 22.5375526], [113.9832318, 22.5374501], [113.9836035, 22.5374787], [113.9835942, 22.5375813], [113.9832225, 22.5375526]]]]}}, {"type": "Feature", "id": "way/1348495993", "properties": {"tags": {"addr:housename": "光华街社区", "addr:housename:zh": "光华街社区", "building": "apartments", "building:levels": "7", "name": "9栋", "name:zh": "9栋"}, "heightStatus": "levels_only_unverified", "source": "OpenStreetMap", "license": "ODbL-1.0"}, "geometry": {"type": "MultiPolygon", "coordinates": [[[[113.9847452, 22.5379325], [113.9847545, 22.53783], [113.9851769, 22.5378626], [113.9851677, 22.5379651], [113.9847452, 22.5379325]]]]}}, {"type": "Feature", "id": "way/1348495994", "properties": {"tags": {"addr:housename": "光华街社区", "addr:housename:zh": "光华街社区", "building": "apartments", "building:levels": "7", "name": "6栋", "name:zh": "6栋"}, "heightStatus": "levels_only_unverified", "source": "OpenStreetMap", "license": "ODbL-1.0"}, "geometry": {"type": "MultiPolygon", "coordinates": [[[[113.9847567, 22.5376231], [113.9847659, 22.5375206], [113.9851883, 22.5375532], [113.9851791, 22.5376557], [113.9847567, 22.5376231]]]]}}, {"type": "Feature", "id": "way/1348495995", "properties": {"tags": {"addr:housename": "光华街社区", "addr:housename:zh": "光华街社区", "building": "apartments", "building:levels": "7", "name": "7栋", "name:zh": "7栋"}, "heightStatus": "levels_only_unverified", "source": "OpenStreetMap", "license": "ODbL-1.0"}, "geometry": {"type": "MultiPolygon", "coordinates": [[[[113.9842376, 22.5375831], [113.9842469, 22.5374805], [113.9846693, 22.5375131], [113.98466, 22.5376156], [113.9842376, 22.5375831]]]]}}, {"type": "Feature", "id": "way/1348495996", "properties": {"tags": {"addr:housename": "光华街社区", "addr:housename:zh": "光华街社区", "building": "apartments", "building:levels": "7", "name": "10栋", "name:zh": "10栋"}, "heightStatus": "levels_only_unverified", "source": "OpenStreetMap", "license": "ODbL-1.0"}, "geometry": {"type": "MultiPolygon", "coordinates": [[[[113.9841974, 22.5378882], [113.9842067, 22.5377857], [113.9846291, 22.5378183], [113.9846198, 22.5379208], [113.9841974, 22.5378882]]]]}}, {"type": "Feature", "id": "way/1348495997", "properties": {"tags": {"addr:housename": "光华街社区", "addr:housename:zh": "光华街社区", "building": "apartments", "building:levels": "7", "name": "11栋", "name:zh": "11栋"}, "heightStatus": "levels_only_unverified", "source": "OpenStreetMap", "license": "ODbL-1.0"}, "geometry": {"type": "MultiPolygon", "coordinates": [[[[113.9836301, 22.5378432], [113.9836394, 22.5377407], [113.9840618, 22.5377733], [113.9840525, 22.5378758], [113.9836301, 22.5378432]]]]}}, {"type": "Feature", "id": "way/1348495998", "properties": {"tags": {"addr:housename": "光华街社区", "addr:housename:zh": "光华街社区", "building": "apartments", "building:levels": "7", "name": "15栋", "name:zh": "15栋"}, "heightStatus": "levels_only_unverified", "source": "OpenStreetMap", "license": "ODbL-1.0"}, "geometry": {"type": "MultiPolygon", "coordinates": [[[[113.9836469, 22.5375436], [113.9836561, 22.5374411], [113.9840786, 22.5374737], [113.9840693, 22.5375762], [113.9836469, 22.5375436]]]]}}, {"type": "Feature", "id": "way/1348495999", "properties": {"tags": {"addr:housename": "光华街社区", "addr:housename:zh": "光华街社区", "building": "apartments", "building:levels": "7", "name": "5栋", "name:zh": "5栋"}, "heightStatus": "levels_only_unverified", "source": "OpenStreetMap", "license": "ODbL-1.0"}, "geometry": {"type": "MultiPolygon", "coordinates": [[[[113.9836868, 22.5372588], [113.9836961, 22.5371563], [113.9841185, 22.5371889], [113.9841092, 22.5372914], [113.9836868, 22.5372588]]]]}}, {"type": "Feature", "id": "way/1348496000", "properties": {"tags": {"addr:housename": "光华街社区", "addr:housename:zh": "光华街社区", "building": "apartments", "building:levels": "7", "name": "1栋", "name:zh": "1栋"}, "heightStatus": "levels_only_unverified", "source": "OpenStreetMap", "license": "ODbL-1.0"}, "geometry": {"type": "MultiPolygon", "coordinates": [[[[113.9858769, 22.5374226], [113.9858861, 22.5373201], [113.9863086, 22.5373527], [113.9862993, 22.5374552], [113.9858769, 22.5374226]]]]}}, {"type": "Feature", "id": "way/1348496001", "properties": {"tags": {"addr:housename": "光华街社区", "addr:housename:zh": "光华街社区", "building": "apartments", "building:levels": "7", "name": "2栋", "name:zh": "2栋"}, "heightStatus": "levels_only_unverified", "source": "OpenStreetMap", "license": "ODbL-1.0"}, "geometry": {"type": "MultiPolygon", "coordinates": [[[[113.9853578, 22.5373826], [113.9853671, 22.5372801], [113.9857895, 22.5373127], [113.9857802, 22.5374152], [113.9853578, 22.5373826]]]]}}, {"type": "Feature", "id": "way/1348496002", "properties": {"tags": {"addr:housename": "光华街社区", "addr:housename:zh": "光华街社区", "building": "apartments", "building:levels": "7", "name": "3栋", "name:zh": "3栋"}, "heightStatus": "levels_only_unverified", "source": "OpenStreetMap", "license": "ODbL-1.0"}, "geometry": {"type": "MultiPolygon", "coordinates": [[[[113.9847966, 22.5373383], [113.9848059, 22.5372358], [113.9852283, 22.5372684], [113.985219, 22.5373709], [113.9847966, 22.5373383]]]]}}, {"type": "Feature", "id": "way/1348496003", "properties": {"tags": {"addr:housename": "光华街社区", "addr:housename:zh": "光华街社区", "building": "apartments", "building:levels": "7", "name": "4栋", "name:zh": "4栋"}, "heightStatus": "levels_only_unverified", "source": "OpenStreetMap", "license": "ODbL-1.0"}, "geometry": {"type": "MultiPolygon", "coordinates": [[[[113.9842775, 22.5372983], [113.9842868, 22.5371958], [113.9847092, 22.5372283], [113.9846999, 22.5373308], [113.9842775, 22.5372983]]]]}}, {"type": "Feature", "id": "way/1348496004", "properties": {"tags": {"addr:housename": "光华街社区", "addr:housename:zh": "光华街社区", "building": "apartments", "building:levels": "7", "name": "22栋", "name:zh": "22栋"}, "heightStatus": "levels_only_unverified", "source": "OpenStreetMap", "license": "ODbL-1.0"}, "geometry": {"type": "MultiPolygon", "coordinates": [[[[113.9843094, 22.5370333], [113.9843187, 22.5369308], [113.9847411, 22.5369634], [113.9847318, 22.5370659], [113.9843094, 22.5370333]]]]}}, {"type": "Feature", "id": "way/1348496005", "properties": {"tags": {"addr:housename": "光华街社区", "addr:housename:zh": "光华街社区", "building": "apartments", "building:levels": "7", "name": "19栋", "name:zh": "19栋"}, "heightStatus": "levels_only_unverified", "source": "OpenStreetMap", "license": "ODbL-1.0"}, "geometry": {"type": "MultiPolygon", "coordinates": [[[[113.9837187, 22.5369938], [113.9837279, 22.5368913], [113.9841503, 22.5369239], [113.9841411, 22.5370264], [113.9837187, 22.5369938]]]]}}, {"type": "Feature", "id": "way/1348496008", "properties": {"tags": {"addr:housename": "光华街社区", "addr:housename:zh": "光华街社区", "building": "apartments", "building:levels": "7", "name": "21栋", "name:zh": "21栋"}, "heightStatus": "levels_only_unverified", "source": "OpenStreetMap", "license": "ODbL-1.0"}, "geometry": {"type": "MultiPolygon", "coordinates": [[[[113.9848207, 22.5370407], [113.984828, 22.5369316], [113.9849837, 22.5369406], [113.9849874, 22.5368855], [113.9851566, 22.5368953], [113.9851529, 22.5369503], [113.9853085, 22.5369593], [113.9853012, 22.5370684], [113.9851455, 22.5370594], [113.985149, 22.5370068], [113.9849799, 22.536997], [113.9849763, 22.5370497], [113.9848207, 22.5370407]]]]}}, {"type": "Feature", "id": "way/1361617540", "properties": {"tags": {"addr:housename": "光侨小区", "addr:housename:zh": "光侨小区", "building": "apartments", "building:levels": "6", "name": "7栋", "name:zh": "7栋"}, "heightStatus": "levels_only_unverified", "source": "OpenStreetMap", "license": "ODbL-1.0"}, "geometry": {"type": "MultiPolygon", "coordinates": [[[[113.9818435, 22.5391717], [113.982241, 22.539154], [113.9822452, 22.5392359], [113.9818478, 22.5392536], [113.9818435, 22.5391717]]]]}}, {"type": "Feature", "id": "way/1361617541", "properties": {"tags": {"addr:housename": "光侨小区", "addr:housename:zh": "光侨小区", "building": "apartments", "building:levels": "6", "name": "6栋", "name:zh": "6栋"}, "heightStatus": "levels_only_unverified", "source": "OpenStreetMap", "license": "ODbL-1.0"}, "geometry": {"type": "MultiPolygon", "coordinates": [[[[113.9818432, 22.5388911], [113.9822406, 22.5388734], [113.9822449, 22.5389553], [113.9818475, 22.538973], [113.9818432, 22.5388911]]]]}}, {"type": "Feature", "id": "way/1361617542", "properties": {"tags": {"addr:housename": "光侨小区", "addr:housename:zh": "光侨小区", "building": "apartments", "building:levels": "6", "name": "5栋", "name:zh": "5栋"}, "heightStatus": "levels_only_unverified", "source": "OpenStreetMap", "license": "ODbL-1.0"}, "geometry": {"type": "MultiPolygon", "coordinates": [[[[113.9818266, 22.5386215], [113.982224, 22.5386038], [113.9822283, 22.5386857], [113.9818309, 22.5387034], [113.9818266, 22.5386215]]]]}}, {"type": "Feature", "id": "way/1361617543", "properties": {"tags": {"addr:housename": "光侨小区", "addr:housename:zh": "光侨小区", "building": "apartments", "building:levels": "6", "name": "4栋", "name:zh": "4栋"}, "heightStatus": "levels_only_unverified", "source": "OpenStreetMap", "license": "ODbL-1.0"}, "geometry": {"type": "MultiPolygon", "coordinates": [[[[113.9818015, 22.5383565], [113.9821989, 22.5383388], [113.9822032, 22.5384207], [113.9818057, 22.5384384], [113.9818015, 22.5383565]]]]}}, {"type": "Feature", "id": "way/1361617544", "properties": {"tags": {"addr:housename": "光侨小区", "addr:housename:zh": "光侨小区", "building": "apartments", "building:levels": "6", "name": "8栋", "name:zh": "8栋"}, "heightStatus": "levels_only_unverified", "source": "OpenStreetMap", "license": "ODbL-1.0"}, "geometry": {"type": "MultiPolygon", "coordinates": [[[[113.9812119, 22.5383798], [113.9816744, 22.5383592], [113.9816787, 22.5384411], [113.9812162, 22.5384617], [113.9812119, 22.5383798]]]]}}, {"type": "Feature", "id": "way/1361617545", "properties": {"tags": {"addr:housename": "光侨小区", "addr:housename:zh": "光侨小区", "building": "apartments", "building:levels": "6", "name": "9栋", "name:zh": "9栋"}, "heightStatus": "levels_only_unverified", "source": "OpenStreetMap", "license": "ODbL-1.0"}, "geometry": {"type": "MultiPolygon", "coordinates": [[[[113.9812371, 22.5386448], [113.9816996, 22.5386242], [113.9817039, 22.5387061], [113.9812413, 22.5387267], [113.9812371, 22.5386448]]]]}}, {"type": "Feature", "id": "way/1361617546", "properties": {"tags": {"addr:housename": "光侨小区", "addr:housename:zh": "光侨小区", "building": "apartments", "building:levels": "6", "name": "10栋", "name:zh": "10栋"}, "heightStatus": "levels_only_unverified", "source": "OpenStreetMap", "license": "ODbL-1.0"}, "geometry": {"type": "MultiPolygon", "coordinates": [[[[113.9812461, 22.5389161], [113.9817086, 22.5388955], [113.9817129, 22.5389774], [113.9812504, 22.538998], [113.9812461, 22.5389161]]]]}}, {"type": "Feature", "id": "way/1361617547", "properties": {"tags": {"addr:housename": "光侨小区", "addr:housename:zh": "光侨小区", "building": "apartments", "building:levels": "6", "name": "11栋", "name:zh": "11栋"}, "heightStatus": "levels_only_unverified", "source": "OpenStreetMap", "license": "ODbL-1.0"}, "geometry": {"type": "MultiPolygon", "coordinates": [[[[113.9812464, 22.5391967], [113.9817089, 22.5391761], [113.9817132, 22.539258], [113.9812507, 22.5392786], [113.9812464, 22.5391967]]]]}}, {"type": "Feature", "id": "way/1361617548", "properties": {"tags": {"addr:housename": "光侨小区", "addr:housename:zh": "光侨小区", "building": "apartments", "building:levels": "6", "name": "14栋", "name:zh": "14栋"}, "heightStatus": "levels_only_unverified", "source": "OpenStreetMap", "license": "ODbL-1.0"}, "geometry": {"type": "MultiPolygon", "coordinates": [[[[113.9809457, 22.5392375], [113.9809651, 22.5392368], [113.9809637, 22.5392016], [113.9809928, 22.5392006], [113.9809923, 22.5391868], [113.9811495, 22.539178], [113.9811501, 22.5391918], [113.9811793, 22.5391907], [113.9811807, 22.5392259], [113.9812001, 22.5392253], [113.981202, 22.5392713], [113.9809476, 22.5392835], [113.9809457, 22.5392375]]]]}}, {"type": "Feature", "id": "way/1361617549", "properties": {"tags": {"addr:housename": "光侨小区", "addr:housename:zh": "光侨小区", "building": "apartments", "building:levels": "6", "name": "18栋", "name:zh": "18栋"}, "heightStatus": "levels_only_unverified", "source": "OpenStreetMap", "license": "ODbL-1.0"}, "geometry": {"type": "MultiPolygon", "coordinates": [[[[113.980642, 22.5392541], [113.9806614, 22.5392535], [113.98066, 22.5392183], [113.9806891, 22.5392172], [113.9806886, 22.5392035], [113.9808458, 22.5391947], [113.9808464, 22.5392084], [113.9808755, 22.5392074], [113.980877, 22.5392426], [113.9808964, 22.5392419], [113.9808983, 22.5392879], [113.9806439, 22.5393001], [113.980642, 22.5392541]]]]}}, {"type": "Feature", "id": "way/1361617550", "properties": {"tags": {"addr:housename": "光侨小区", "addr:housename:zh": "光侨小区", "building": "apartments", "building:levels": "6", "name": "17栋", "name:zh": "17栋"}, "heightStatus": "levels_only_unverified", "source": "OpenStreetMap", "license": "ODbL-1.0"}, "geometry": {"type": "MultiPolygon", "coordinates": [[[[113.9806604, 22.5390202], [113.9806798, 22.5390195], [113.9806784, 22.5389843], [113.9807075, 22.5389833], [113.980707, 22.5389695], [113.9808173, 22.5389656], [113.9808178, 22.5389794], [113.980847, 22.5389784], [113.9808484, 22.5390135], [113.9808679, 22.5390129], [113.9808698, 22.5390589], [113.9806623, 22.5390662], [113.9806604, 22.5390202]]]]}}, {"type": "Feature", "id": "way/1361617551", "properties": {"tags": {"addr:housename": "光侨小区", "addr:housename:zh": "光侨小区", "building": "apartments", "building:levels": "6", "name": "13栋", "name:zh": "13栋"}, "heightStatus": "levels_only_unverified", "source": "OpenStreetMap", "license": "ODbL-1.0"}, "geometry": {"type": "MultiPolygon", "coordinates": [[[[113.9809163, 22.5390179], [113.9809391, 22.5390057], [113.9809302, 22.5389915], [113.9810254, 22.5389405], [113.9809522, 22.5389428], [113.9809495, 22.538873], [113.9811376, 22.5388669], [113.9811402, 22.5389368], [113.981067, 22.5389391], [113.9811658, 22.5389839], [113.981158, 22.5389986], [113.9811816, 22.5390094], [113.9811571, 22.5390555], [113.9810487, 22.5390064], [113.9809442, 22.5390623], [113.9809163, 22.5390179]]]]}}, {"type": "Feature", "id": "way/1361617552", "properties": {"tags": {"addr:housename": "光侨小区", "addr:housename:zh": "光侨小区", "building": "apartments", "building:levels": "6", "name": "16栋", "name:zh": "16栋"}, "heightStatus": "levels_only_unverified", "source": "OpenStreetMap", "license": "ODbL-1.0"}, "geometry": {"type": "MultiPolygon", "coordinates": [[[[113.9806257, 22.5387977], [113.9806485, 22.5387855], [113.9806396, 22.5387713], [113.9807348, 22.5387202], [113.9806616, 22.5387226], [113.980659, 22.5386527], [113.980847, 22.5386467], [113.9808496, 22.5387166], [113.9807764, 22.5387189], [113.9808752, 22.5387637], [113.9808674, 22.5387784], [113.980891, 22.5387891], [113.9808665, 22.5388353], [113.9807581, 22.5387861], [113.9806537, 22.5388421], [113.9806257, 22.5387977]]]]}}, {"type": "Feature", "id": "way/1361617553", "properties": {"tags": {"addr:housename": "光侨小区", "addr:housename:zh": "光侨小区", "building": "apartments", "building:levels": "6", "name": "12栋", "name:zh": "12栋"}, "heightStatus": "levels_only_unverified", "source": "OpenStreetMap", "license": "ODbL-1.0"}, "geometry": {"type": "MultiPolygon", "coordinates": [[[[113.9808869, 22.5385572], [113.9809097, 22.538545], [113.9809008, 22.5385308], [113.980996, 22.5384798], [113.9809228, 22.5384821], [113.9809201, 22.5384123], [113.9811082, 22.5384062], [113.9811108, 22.5384761], [113.9810376, 22.5384784], [113.9811364, 22.5385232], [113.9811286, 22.5385379], [113.9811522, 22.5385487], [113.9811277, 22.5385948], [113.9810193, 22.5385457], [113.9809148, 22.5386016], [113.9808869, 22.5385572]]]]}}, {"type": "Feature", "id": "way/1361617554", "properties": {"tags": {"addr:housename": "光侨小区", "addr:housename:zh": "光侨小区", "building": "apartments", "building:levels": "6", "name": "15栋", "name:zh": "15栋"}, "heightStatus": "levels_only_unverified", "source": "OpenStreetMap", "license": "ODbL-1.0"}, "geometry": {"type": "MultiPolygon", "coordinates": [[[[113.9806311, 22.5384522], [113.9806505, 22.5384516], [113.9806491, 22.5384164], [113.9806782, 22.5384153], [113.9806777, 22.5384016], [113.980788, 22.5383977], [113.9807885, 22.5384115], [113.9808177, 22.5384104], [113.9808192, 22.5384456], [113.9808386, 22.538445], [113.9808405, 22.538491], [113.980633, 22.5384982], [113.9806311, 22.5384522]]]]}}, {"type": "Feature", "id": "way/1361617555", "properties": {"tags": {"addr:housename": "光侨小区", "addr:housename:zh": "光侨小区", "building": "apartments", "building:levels": "6", "name": "3栋", "name:zh": "3栋"}, "heightStatus": "levels_only_unverified", "source": "OpenStreetMap", "license": "ODbL-1.0"}, "geometry": {"type": "MultiPolygon", "coordinates": [[[[113.9806471, 22.538128], [113.9810445, 22.5381103], [113.9810488, 22.5381922], [113.9806514, 22.53821], [113.9806471, 22.538128]]]]}}, {"type": "Feature", "id": "way/1361617556", "properties": {"tags": {"addr:housename": "光侨小区", "addr:housename:zh": "光侨小区", "building": "apartments", "building:levels": "6", "name": "1栋", "name:zh": "1栋"}, "heightStatus": "levels_only_unverified", "source": "OpenStreetMap", "license": "ODbL-1.0"}, "geometry": {"type": "MultiPolygon", "coordinates": [[[[113.9818063, 22.5380796], [113.9822037, 22.5380619], [113.982208, 22.5381438], [113.9818105, 22.5381615], [113.9818063, 22.5380796]]]]}}, {"type": "Feature", "id": "way/1361617557", "properties": {"tags": {"addr:housename": "光侨小区", "addr:housename:zh": "光侨小区", "building": "apartments", "building:levels": "6", "name": "2栋", "name:zh": "2栋"}, "heightStatus": "levels_only_unverified", "source": "OpenStreetMap", "license": "ODbL-1.0"}, "geometry": {"type": "MultiPolygon", "coordinates": [[[[113.9812167, 22.5381029], [113.9816269, 22.5380846], [113.9816312, 22.5381665], [113.981221, 22.5381848], [113.9812167, 22.5381029]]]]}}, {"type": "Feature", "id": "way/1426409974", "properties": {"tags": {"building": "school"}, "heightStatus": "unknown", "source": "OpenStreetMap", "license": "ODbL-1.0"}, "geometry": {"type": "MultiPolygon", "coordinates": [[[[113.9811702, 22.5413521], [113.9811712, 22.5413089], [113.9812609, 22.5413105], [113.9814511, 22.5414933], [113.9821872, 22.5415066], [113.9821827, 22.5417189], [113.98154, 22.5417072], [113.9811702, 22.5413521]]]]}}, {"type": "Feature", "id": "relation/19553172", "properties": {"tags": {"building": "school"}, "heightStatus": "unknown", "source": "OpenStreetMap", "license": "ODbL-1.0"}, "geometry": {"type": "MultiPolygon", "coordinates": [[[[113.9813046, 22.5410399], [113.9813093, 22.5408182], [113.9816909, 22.5408251], [113.9816915, 22.5407966], [113.9821032, 22.5408041], [113.9821006, 22.5409267], [113.9821563, 22.5409278], [113.9821541, 22.5410313], [113.9821129, 22.5410305], [113.9821114, 22.5411037], [113.9820321, 22.541174], [113.9820311, 22.5412211], [113.98215, 22.5412233], [113.9821478, 22.5413277], [113.9817006, 22.5413196], [113.981702, 22.5412534], [113.9815018, 22.5412497], [113.9815035, 22.5411703], [113.9814737, 22.5411697], [113.9814752, 22.541098], [113.9813661, 22.541096], [113.9813665, 22.5410763], [113.9813296, 22.5410756], [113.9813304, 22.5410403], [113.9813046, 22.5410399]], [[113.9814197, 22.5410754], [113.9816633, 22.5410798], [113.9816664, 22.5409317], [113.9814229, 22.5409273], [113.9814197, 22.5410754]], [[113.9817027, 22.5412174], [113.9819922, 22.5412227], [113.9819935, 22.5411585], [113.9820728, 22.5410881], [113.982074, 22.5410298], [113.9817069, 22.5410231], [113.9817027, 22.5412174]]]]}}, {"type": "Feature", "id": "relation/19553174", "properties": {"tags": {"building": "school"}, "heightStatus": "unknown", "source": "OpenStreetMap", "license": "ODbL-1.0"}, "geometry": {"type": "MultiPolygon", "coordinates": [[[[113.9818989, 22.5406235], [113.9819094, 22.5404981], [113.9820004, 22.5405046], [113.9820031, 22.5404719], [113.9820896, 22.5404781], [113.9820869, 22.5405108], [113.9825023, 22.5405405], [113.9824993, 22.5405761], [113.9826675, 22.5405882], [113.9826693, 22.5405575], [113.9826616, 22.5405242], [113.9826448, 22.5404939], [113.9826201, 22.5404687], [113.9825892, 22.5404502], [113.9825541, 22.5404398], [113.9824866, 22.5404361], [113.9824327, 22.5404328], [113.98238, 22.5404217], [113.9823298, 22.5404032], [113.9822834, 22.5403776], [113.9822419, 22.5403456], [113.9822064, 22.5403081], [113.9821777, 22.5402658], [113.9821564, 22.5402199], [113.9821433, 22.5401715], [113.9821385, 22.5401218], [113.9821357, 22.5400407], [113.9822387, 22.5400376], [113.9822359, 22.5399566], [113.9820456, 22.5399622], [113.9820357, 22.5396786], [113.9823087, 22.5396705], [113.9823136, 22.5398116], [113.9824089, 22.5398088], [113.9824114, 22.5398806], [113.9823161, 22.5398834], [113.9823242, 22.5401163], [113.9823334, 22.5401495], [113.9823497, 22.5401803], [113.9823331, 22.5401899], [113.9823582, 22.5402199], [113.9823895, 22.5402446], [113.9824255, 22.540263], [113.9824179, 22.5402796], [113.9824705, 22.540289], [113.9824698, 22.5403385], [113.982512, 22.540336], [113.9825542, 22.5403398], [113.9825951, 22.54035], [113.9826337, 22.5403661], [113.9826689, 22.5403879], [113.9826998, 22.5404147], [113.9827256, 22.5404458], [113.9827455, 22.5404804], [113.982759, 22.5405174], [113.9827658, 22.5405561], [113.9827657, 22.5405952], [113.9829351, 22.5406073], [113.9829422, 22.5405527], [113.9829382, 22.5404979], [113.9829233, 22.5404446], [113.9828979, 22.5403948], [113.9828631, 22.5403502], [113.9828236, 22.5403108], [113.9827793, 22.540276], [113.9827308, 22.5402463], [113.9826788, 22.5402221], [113.9826241, 22.5402038], [113.9825675, 22.5401909], [113.9825126, 22.5401783], [113.9824671, 22.5401473], [113.9824379, 22.5401025], [113.9824295, 22.5400509], [113.9824431, 22.5400002], [113.9824767, 22.5399581], [113.9825252, 22.5399312], [113.9825811, 22.5399234], [113.9826783, 22.5399276], [113.9826683, 22.5401231], [113.9827174, 22.5401395], [113.9827797, 22.5401685], [113.9828379, 22.5402041], [113.982891, 22.5402459], [113.9829385, 22.5402932], [113.9829821, 22.5403491], [113.9830151, 22.540414], [113.9830346, 22.5404835], [113.9830398, 22.5405551], [113.9830273, 22.5407043], [113.9829275, 22.5406972], [113.9824697, 22.5406644], [113.9824666, 22.5407013], [113.9820175, 22.5406691], [113.9820206, 22.5406322], [113.9818989, 22.5406235]], [[113.9825286, 22.5400552], [113.9825312, 22.5400715], [113.9825404, 22.5400856], [113.9825548, 22.5400954], [113.9825722, 22.5400994], [113.9825765, 22.5400149], [113.9825588, 22.5400173], [113.9825435, 22.5400259], [113.9825329, 22.5400391], [113.9825286, 22.5400552]]]]}}, {"type": "Feature", "id": "way/1426409983", "properties": {"tags": {"building": "school"}, "heightStatus": "unknown", "source": "OpenStreetMap", "license": "ODbL-1.0"}, "geometry": {"type": "MultiPolygon", "coordinates": [[[[113.9803403, 22.5428586], [113.9803495, 22.5428267], [113.9803672, 22.5427981], [113.9803924, 22.5427747], [113.980343, 22.5427156], [113.9803954, 22.5426782], [113.9803413, 22.5426136], [113.9805725, 22.5424487], [113.9806965, 22.5424634], [113.9809589, 22.5422763], [113.9809994, 22.5423247], [113.9811701, 22.5422029], [113.9811971, 22.5422352], [113.9810264, 22.542357], [113.9811068, 22.5424532], [113.9805778, 22.5428305], [113.9806465, 22.5429127], [113.9805596, 22.5429747], [113.9805288, 22.5429913], [113.9804943, 22.5429999], [113.9804586, 22.543], [113.9804241, 22.5429916], [113.9803931, 22.5429752], [113.9803677, 22.5429519], [113.9803498, 22.5429234], [113.9803404, 22.5428916], [113.9803403, 22.5428586]]]]}}, {"type": "Feature", "id": "way/1426409984", "properties": {"tags": {"building": "school"}, "heightStatus": "unknown", "source": "OpenStreetMap", "license": "ODbL-1.0"}, "geometry": {"type": "MultiPolygon", "coordinates": [[[[113.9815613, 22.542532], [113.9816887, 22.5424342], [113.9816983, 22.5424448], [113.9817235, 22.5424255], [113.981734, 22.5424216], [113.981745, 22.5424242], [113.9817523, 22.5424323], [113.981753, 22.5424428], [113.981747, 22.5424516], [113.9817218, 22.5424709], [113.9817366, 22.5424873], [113.9819214, 22.5423454], [113.981847, 22.5422628], [113.9818325, 22.5422739], [113.981822, 22.5422778], [113.981811, 22.5422752], [113.9818037, 22.5422671], [113.981803, 22.5422567], [113.981809, 22.5422478], [113.9818235, 22.5422367], [113.9818122, 22.5422242], [113.9817304, 22.5422871], [113.9816693, 22.5422193], [113.981806, 22.5421143], [113.9818483, 22.5421612], [113.981917, 22.5421084], [113.9819594, 22.5421555], [113.9819701, 22.5421525], [113.98198, 22.5421573], [113.9819833, 22.5421671], [113.9819781, 22.5421763], [113.9819477, 22.5421997], [113.9820145, 22.5422739], [113.981953, 22.5423212], [113.9819915, 22.542364], [113.9820188, 22.542343], [113.9820294, 22.5423391], [113.9820404, 22.5423417], [113.9820476, 22.5423498], [113.9820484, 22.5423603], [113.9820423, 22.5423691], [113.982015, 22.5423901], [113.982023, 22.542399], [113.9817364, 22.5426191], [113.9816765, 22.5425527], [113.9816194, 22.5425966], [113.9816091, 22.5426004], [113.9815983, 22.5425978], [113.9815911, 22.5425899], [113.9815904, 22.5425796], [113.9815964, 22.5425709], [113.9815613, 22.542532]]]]}}, {"type": "Feature", "id": "way/1426409985", "properties": {"tags": {"building": "school"}, "heightStatus": "unknown", "source": "OpenStreetMap", "license": "ODbL-1.0"}, "geometry": {"type": "MultiPolygon", "coordinates": [[[[113.9812271, 22.5430978], [113.9813545, 22.543], [113.9813641, 22.5430106], [113.9813893, 22.5429913], [113.9813998, 22.5429874], [113.9814108, 22.54299], [113.9814181, 22.5429981], [113.9814188, 22.5430086], [113.9814128, 22.5430174], [113.9813876, 22.5430367], [113.9814024, 22.5430531], [113.9815872, 22.5429112], [113.9815128, 22.5428286], [113.9814983, 22.5428397], [113.9814878, 22.5428436], [113.9814768, 22.542841], [113.9814695, 22.5428329], [113.9814688, 22.5428225], [113.9814748, 22.5428136], [113.9814893, 22.5428025], [113.981478, 22.54279], [113.9813962, 22.5428529], [113.9813351, 22.5427851], [113.9814718, 22.5426801], [113.9815141, 22.542727], [113.9815828, 22.5426742], [113.9816252, 22.5427213], [113.9816359, 22.5427183], [113.9816458, 22.5427231], [113.9816491, 22.5427329], [113.9816439, 22.5427421], [113.9816135, 22.5427655], [113.9816803, 22.5428397], [113.9816188, 22.542887], [113.9816573, 22.5429298], [113.9816846, 22.5429088], [113.9816952, 22.5429049], [113.9817062, 22.5429075], [113.9817134, 22.5429156], [113.9817142, 22.5429261], [113.9817081, 22.5429349], [113.9816808, 22.5429559], [113.9816888, 22.5429648], [113.9814022, 22.5431849], [113.9813423, 22.5431185], [113.9812852, 22.5431624], [113.9812749, 22.5431662], [113.9812641, 22.5431636], [113.9812569, 22.5431557], [113.9812562, 22.5431454], [113.9812622, 22.5431367], [113.9812271, 22.5430978]]]]}}, {"type": "Feature", "id": "way/1426517018", "properties": {"tags": {"amenity": "parking", "building": "parking", "name": "海景花园停车场", "name:zh": "海景花园停车场", "parking": "multi-storey"}, "heightStatus": "unknown", "source": "OpenStreetMap", "license": "ODbL-1.0"}, "geometry": {"type": "MultiPolygon", "coordinates": [[[[113.9825801, 22.5384673], [113.9826194, 22.538195], [113.9826273, 22.5381695], [113.9826413, 22.5381464], [113.9826606, 22.5381268], [113.9826843, 22.5381119], [113.982711, 22.5381023], [113.9827394, 22.5380987], [113.982768, 22.5381011], [113.9827952, 22.5381095], [113.9828196, 22.5381234], [113.9828399, 22.5381421], [113.9829389, 22.5382343], [113.9833263, 22.538282], [113.9833359, 22.5382509], [113.9833545, 22.5382236], [113.9833807, 22.5382021], [113.9834124, 22.5381884], [113.983447, 22.5381835], [113.9834817, 22.5381877], [113.9835137, 22.5382009], [113.9835404, 22.5382218], [113.9835596, 22.5382488], [113.9835698, 22.5382797], [113.9835701, 22.5383021], [113.9842294, 22.5382667], [113.9842771, 22.5382743], [113.9843235, 22.5382871], [113.9843679, 22.5383049], [113.9844097, 22.5383274], [113.9844484, 22.5383543], [113.9844567, 22.5384872], [113.9835378, 22.5385365], [113.9834531, 22.5385261], [113.9834465, 22.5385425], [113.9834328, 22.5385547], [113.9834147, 22.5385601], [113.9833959, 22.5385578], [113.98338, 22.5385482], [113.9833702, 22.5385331], [113.9833685, 22.5385157], [113.9832838, 22.5385052], [113.9832769, 22.5385531], [113.9825801, 22.5384673]]]]}}, {"type": "Feature", "id": "way/1426517019", "properties": {"tags": {"addr:housename": "海景花园", "addr:housename:zh": "海景花园", "building": "apartments", "building:levels": "33", "name": "海韵阁", "name:zh": "海韵阁"}, "heightStatus": "levels_only_unverified", "source": "OpenStreetMap", "license": "ODbL-1.0"}, "geometry": {"type": "MultiPolygon", "coordinates": [[[[113.9839017, 22.5388738], [113.9839835, 22.53882], [113.9839408, 22.5387647], [113.9840234, 22.5387103], [113.9840122, 22.5386576], [113.9840643, 22.5386481], [113.9840799, 22.5387211], [113.9841095, 22.5387157], [113.9840939, 22.5386427], [113.9841461, 22.5386332], [113.9841606, 22.5387011], [113.984238, 22.5387325], [113.9842085, 22.5387947], [113.9842699, 22.5388196], [113.9842282, 22.5389074], [113.9841617, 22.5388804], [113.9841711, 22.5388606], [113.9841025, 22.5388328], [113.9840018, 22.5388991], [113.9840154, 22.5389167], [113.983962, 22.5389519], [113.9839017, 22.5388738]]]]}}, {"type": "Feature", "id": "way/1426517020", "properties": {"tags": {"addr:housename": "海景花园", "addr:housename:zh": "海景花园", "building": "apartments", "building:levels": "33", "name": "海天阁", "name:zh": "海天阁"}, "heightStatus": "levels_only_unverified", "source": "OpenStreetMap", "license": "ODbL-1.0"}, "geometry": {"type": "MultiPolygon", "coordinates": [[[[113.9825967, 22.5388753], [113.9826904, 22.5388421], [113.9826641, 22.5387788], [113.9827589, 22.5387452], [113.9827623, 22.5386916], [113.9828153, 22.5386945], [113.9828106, 22.5387688], [113.9828407, 22.5387704], [113.9828454, 22.5386961], [113.9828985, 22.538699], [113.9828941, 22.5387681], [113.9829606, 22.5388164], [113.9829151, 22.5388697], [113.9829678, 22.5389081], [113.9829036, 22.5389834], [113.9828466, 22.5389419], [113.9828611, 22.5389249], [113.9828022, 22.5388821], [113.9826867, 22.538923], [113.9826951, 22.5389432], [113.9826339, 22.5389649], [113.9825967, 22.5388753]]]]}}, {"type": "Feature", "id": "way/1426521436", "properties": {"tags": {"addr:housename": "西组团社区", "addr:housename:zh": "西组团社区", "building": "apartments", "building:levels": "7", "name": "26栋", "name:zh": "26栋"}, "heightStatus": "levels_only_unverified", "source": "OpenStreetMap", "license": "ODbL-1.0"}, "geometry": {"type": "MultiPolygon", "coordinates": [[[[113.9766853, 22.5395921], [113.9766871, 22.5395438], [113.9767138, 22.5395446], [113.9767155, 22.5394976], [113.9770558, 22.5395079], [113.9770541, 22.5395549], [113.9770808, 22.5395557], [113.9770791, 22.5396041], [113.9770005, 22.5396017], [113.9769995, 22.5396297], [113.976958, 22.5396284], [113.976959, 22.5396004], [113.9768968, 22.5395985], [113.9768978, 22.5395703], [113.9768687, 22.5395694], [113.9768677, 22.5395976], [113.9768054, 22.5395958], [113.9768044, 22.5396238], [113.976763, 22.5396225], [113.976764, 22.5395945], [113.9766853, 22.5395921]]]]}}, {"type": "Feature", "id": "way/1426521442", "properties": {"tags": {"addr:housename": "西组团社区", "addr:housename:zh": "西组团社区", "building": "apartments", "building:levels": "7", "name": "1栋", "name:zh": "1栋"}, "heightStatus": "levels_only_unverified", "source": "OpenStreetMap", "license": "ODbL-1.0"}, "geometry": {"type": "MultiPolygon", "coordinates": [[[[113.9766222, 22.5385874], [113.9766254, 22.5384968], [113.9770529, 22.5385098], [113.9770497, 22.5386004], [113.9766222, 22.5385874]]]]}}, {"type": "Feature", "id": "way/1426521443", "properties": {"tags": {"addr:housename": "西组团社区", "addr:housename:zh": "西组团社区", "building": "apartments", "building:levels": "7", "name": "7栋", "name:zh": "7栋"}, "heightStatus": "levels_only_unverified", "source": "OpenStreetMap", "license": "ODbL-1.0"}, "geometry": {"type": "MultiPolygon", "coordinates": [[[[113.9765975, 22.5393319], [113.9766008, 22.5392413], [113.9770282, 22.5392543], [113.977025, 22.5393449], [113.9765975, 22.5393319]]]]}}, {"type": "Feature", "id": "way/1426521444", "properties": {"tags": {"addr:housename": "西组团社区", "addr:housename:zh": "西组团社区", "building": "apartments", "building:levels": "7", "name": "6栋", "name:zh": "6栋"}, "heightStatus": "levels_only_unverified", "source": "OpenStreetMap", "license": "ODbL-1.0"}, "geometry": {"type": "MultiPolygon", "coordinates": [[[[113.9766051, 22.5390884], [113.9766084, 22.5389978], [113.9770358, 22.5390108], [113.9770326, 22.5391014], [113.9766051, 22.5390884]]]]}}, {"type": "Feature", "id": "way/1426521445", "properties": {"tags": {"addr:housename": "西组团社区", "addr:housename:zh": "西组团社区", "building": "apartments", "building:levels": "7", "name": "5栋", "name:zh": "5栋"}, "heightStatus": "levels_only_unverified", "source": "OpenStreetMap", "license": "ODbL-1.0"}, "geometry": {"type": "MultiPolygon", "coordinates": [[[[113.976611, 22.5388541], [113.9766143, 22.5387635], [113.9770417, 22.5387764], [113.9770385, 22.5388671], [113.976611, 22.5388541]]]]}}, {"type": "Feature", "id": "way/1426521454", "properties": {"tags": {"addr:housename": "西组团社区", "addr:housename:zh": "西组团社区", "building": "apartments", "building:levels": "7", "name": "玫瑰阁", "name:zh": "玫瑰阁"}, "heightStatus": "levels_only_unverified", "source": "OpenStreetMap", "license": "ODbL-1.0"}, "geometry": {"type": "MultiPolygon", "coordinates": [[[[113.9767935, 22.5381903], [113.9767948, 22.5381329], [113.9768152, 22.5381333], [113.9768155, 22.5381185], [113.976857, 22.5381193], [113.9768697, 22.538108], [113.9768566, 22.5380954], [113.976884, 22.5380711], [113.9768971, 22.5380838], [113.9769471, 22.5380395], [113.9768864, 22.5379811], [113.9768879, 22.5379193], [113.9769091, 22.5379197], [113.9769241, 22.5379341], [113.9769435, 22.5379345], [113.9769425, 22.5379771], [113.9770268, 22.5379787], [113.9770278, 22.5379362], [113.9770471, 22.5379366], [113.9770628, 22.5379227], [113.977084, 22.5379231], [113.9770826, 22.5379849], [113.9770193, 22.5380409], [113.9770673, 22.5380871], [113.9770809, 22.538075], [113.9771072, 22.5381003], [113.9770935, 22.5381124], [113.9771057, 22.5381242], [113.9771472, 22.538125], [113.9771468, 22.5381398], [113.9771672, 22.5381402], [113.9771658, 22.5381976], [113.9770656, 22.5381956], [113.9769815, 22.5381146], [113.9768938, 22.5381923], [113.9767935, 22.5381903]]]]}}, {"type": "Feature", "id": "way/1426521456", "properties": {"tags": {"addr:housename": "西组团社区", "addr:housename:zh": "西组团社区", "building": "apartments", "building:levels": "7", "name": "玉兰阁", "name:zh": "玉兰阁"}, "heightStatus": "levels_only_unverified", "source": "OpenStreetMap", "license": "ODbL-1.0"}, "geometry": {"type": "MultiPolygon", "coordinates": [[[[113.9764445, 22.5378742], [113.9764455, 22.5378305], [113.9764618, 22.5378308], [113.9764625, 22.5378016], [113.9764989, 22.5378023], [113.9765387, 22.5377671], [113.9765292, 22.5377579], [113.9765445, 22.5377444], [113.9764945, 22.5376962], [113.9764954, 22.5376591], [113.976581, 22.5376607], [113.9765801, 22.5377008], [113.9766056, 22.5377013], [113.9766066, 22.5376613], [113.9766922, 22.5376629], [113.9766913, 22.5377], [113.9766391, 22.5377463], [113.9766538, 22.5377604], [113.9766439, 22.5377691], [113.9766821, 22.5378059], [113.9767185, 22.5378066], [113.9767178, 22.5378359], [113.9767341, 22.5378362], [113.9767331, 22.5378798], [113.97663, 22.5378778], [113.976631, 22.5378333], [113.9765486, 22.5378317], [113.9765476, 22.5378762], [113.9764445, 22.5378742]]]]}}, {"type": "Feature", "id": "way/1426521459", "properties": {"tags": {"addr:housename": "西组团社区", "addr:housename:zh": "西组团社区", "building": "apartments", "building:levels": "7", "name": "石榴阁", "name:zh": "石榴阁"}, "heightStatus": "levels_only_unverified", "source": "OpenStreetMap", "license": "ODbL-1.0"}, "geometry": {"type": "MultiPolygon", "coordinates": [[[[113.9764389, 22.5383152], [113.9764399, 22.5382716], [113.9764563, 22.5382719], [113.9764569, 22.5382427], [113.9764933, 22.5382434], [113.9765332, 22.5382081], [113.9765237, 22.538199], [113.976539, 22.5381854], [113.9764889, 22.5381372], [113.9764898, 22.5381001], [113.9765754, 22.5381018], [113.9765745, 22.5381418], [113.9766001, 22.5381423], [113.976601, 22.5381023], [113.9766866, 22.538104], [113.9766858, 22.5381411], [113.9766336, 22.5381873], [113.9766482, 22.5382014], [113.9766383, 22.5382102], [113.9766765, 22.538247], [113.9767129, 22.5382477], [113.9767122, 22.5382769], [113.9767286, 22.5382772], [113.9767275, 22.5383209], [113.9766244, 22.5383189], [113.9766255, 22.5382743], [113.9765431, 22.5382727], [113.9765421, 22.5383172], [113.9764389, 22.5383152]]]]}}, {"type": "Feature", "id": "way/1426521463", "properties": {"tags": {"addr:housename": "西组团社区", "addr:housename:zh": "西组团社区", "building": "apartments", "building:levels": "7", "name": "13栋", "name:zh": "13栋"}, "heightStatus": "levels_only_unverified", "source": "OpenStreetMap", "license": "ODbL-1.0"}, "geometry": {"type": "MultiPolygon", "coordinates": [[[[113.9761328, 22.539368], [113.976133, 22.5393393], [113.97614, 22.5393393], [113.9761403, 22.5393106], [113.9761817, 22.5393109], [113.9762187, 22.5392771], [113.976219, 22.5392438], [113.976248, 22.539244], [113.976248, 22.5392374], [113.9763711, 22.5392381], [113.9763711, 22.5392448], [113.9764001, 22.539245], [113.9763998, 22.5392783], [113.9764363, 22.5393125], [113.9764778, 22.5393128], [113.9764776, 22.5393415], [113.9764846, 22.5393415], [113.9764844, 22.5393702], [113.9764647, 22.5393701], [113.9764646, 22.5393946], [113.9764287, 22.5393944], [113.9764289, 22.5393699], [113.9763357, 22.5393693], [113.9763364, 22.5392758], [113.9762822, 22.5392755], [113.9762815, 22.5393689], [113.9761883, 22.5393683], [113.9761881, 22.5393929], [113.9761522, 22.5393926], [113.9761524, 22.5393681], [113.9761328, 22.539368]]]]}}, {"type": "Feature", "id": "way/1429435221", "properties": {"tags": {"addr:housename": "东组团社区", "addr:housename:en": "East Cluster Community", "addr:housename:zh": "东组团社区", "building": "apartments", "building:levels": "7", "name": "25栋", "name:en": "Block 25", "name:zh": "25栋"}, "heightStatus": "levels_only_unverified", "source": "OpenStreetMap", "license": "ODbL-1.0"}, "geometry": {"type": "MultiPolygon", "coordinates": [[[[113.9855347, 22.5421041], [113.9855635, 22.5420569], [113.985622, 22.5420874], [113.9856936, 22.5420932], [113.9858287, 22.5420499], [113.9858381, 22.5419662], [113.9859439, 22.5419763], [113.9859346, 22.5420599], [113.9859992, 22.5420947], [113.9859697, 22.5421415], [113.9859116, 22.5421103], [113.9858401, 22.5421035], [113.9857058, 22.5421467], [113.9856978, 22.5422304], [113.9855918, 22.5422218], [113.9855998, 22.542138], [113.9855347, 22.5421041]]]]}}, {"type": "Feature", "id": "way/1429435222", "properties": {"tags": {"addr:housename": "东组团社区", "addr:housename:en": "East Cluster Community", "addr:housename:zh": "东组团社区", "building": "apartments", "building:levels": "7", "name": "24栋", "name:en": "Block 24", "name:zh": "24栋"}, "heightStatus": "levels_only_unverified", "source": "OpenStreetMap", "license": "ODbL-1.0"}, "geometry": {"type": "MultiPolygon", "coordinates": [[[[113.9853735, 22.541829], [113.9854023, 22.5417818], [113.9854608, 22.5418123], [113.9855324, 22.5418181], [113.9856676, 22.5417748], [113.9856769, 22.5416911], [113.9857828, 22.5417012], [113.9857734, 22.5417848], [113.985838, 22.5418196], [113.9858085, 22.5418664], [113.9857505, 22.5418352], [113.9856789, 22.5418284], [113.9855446, 22.5418716], [113.9855366, 22.5419553], [113.9854306, 22.5419467], [113.9854386, 22.5418629], [113.9853735, 22.541829]]]]}}, {"type": "Feature", "id": "way/1429435223", "properties": {"tags": {"addr:housename": "东组团社区", "addr:housename:en": "East Cluster Community", "addr:housename:zh": "东组团社区", "building": "apartments", "building:levels": "7", "name": "23栋", "name:en": "Block 23", "name:zh": "23栋"}, "heightStatus": "levels_only_unverified", "source": "OpenStreetMap", "license": "ODbL-1.0"}, "geometry": {"type": "MultiPolygon", "coordinates": [[[[113.9851225, 22.5415403], [113.9851445, 22.5414901], [113.9852067, 22.5415133], [113.9852786, 22.5415106], [113.9854066, 22.5414515], [113.9854041, 22.5413674], [113.9855105, 22.5413648], [113.9855129, 22.5414489], [113.9855818, 22.5414756], [113.9855591, 22.5415256], [113.9854972, 22.5415015], [113.9854253, 22.5415033], [113.9852982, 22.5415621], [113.9853019, 22.5416462], [113.9851956, 22.5416502], [113.9851918, 22.5415662], [113.9851225, 22.5415403]]]]}}, {"type": "Feature", "id": "way/1429435225", "properties": {"tags": {"addr:housename": "东组团社区", "addr:housename:en": "East Cluster Community", "addr:housename:zh": "东组团社区", "building": "apartments", "building:levels": "7", "name": "22栋", "name:en": "Block 22", "name:zh": "22栋"}, "heightStatus": "levels_only_unverified", "source": "OpenStreetMap", "license": "ODbL-1.0"}, "geometry": {"type": "MultiPolygon", "coordinates": [[[[113.9856403, 22.5414947], [113.985706, 22.5414618], [113.9856995, 22.5413779], [113.9858056, 22.5413709], [113.9858121, 22.5414548], [113.9859457, 22.541502], [113.9860175, 22.5414982], [113.9861424, 22.5414368], [113.9861359, 22.5413529], [113.9862421, 22.5413459], [113.9862486, 22.5414297], [113.9863187, 22.5414537], [113.9862984, 22.5415052], [113.9862354, 22.541483], [113.9861637, 22.5414877], [113.986038, 22.5415495], [113.9860432, 22.5416334], [113.9859369, 22.541639], [113.9859318, 22.5415551], [113.985799, 22.541508], [113.9857272, 22.5415127], [113.9856682, 22.5415423], [113.9856403, 22.5414947]]]]}}, {"type": "Feature", "id": "way/1429435226", "properties": {"tags": {"addr:housename": "东组团社区", "addr:housename:en": "East Cluster Community", "addr:housename:zh": "东组团社区", "building": "apartments", "building:levels": "7", "name": "14栋", "name:en": "Block 14", "name:zh": "14栋"}, "heightStatus": "levels_only_unverified", "source": "OpenStreetMap", "license": "ODbL-1.0"}, "geometry": {"type": "MultiPolygon", "coordinates": [[[[113.9854187, 22.5402618], [113.9854257, 22.5401935], [113.9855973, 22.5402086], [113.9857467, 22.5401587], [113.9857515, 22.5400748], [113.985827, 22.5400785], [113.9858219, 22.5401674], [113.9859468, 22.5402427], [113.9859059, 22.5403006], [113.9857761, 22.5402224], [113.9856085, 22.5402784], [113.9854187, 22.5402618]]]]}}, {"type": "Feature", "id": "way/1429435227", "properties": {"tags": {"addr:housename": "东组团社区", "addr:housename:en": "East Cluster Community", "addr:housename:zh": "东组团社区", "building": "apartments", "building:levels": "7", "name": "15栋", "name:en": "Block 15", "name:zh": "15栋"}, "heightStatus": "levels_only_unverified", "source": "OpenStreetMap", "license": "ODbL-1.0"}, "geometry": {"type": "MultiPolygon", "coordinates": [[[[113.9857388, 22.5404309], [113.9857753, 22.5403705], [113.9859106, 22.5404401], [113.9860597, 22.5403791], [113.98609, 22.5404424], [113.9859448, 22.5405018], [113.9859464, 22.5405858], [113.9858708, 22.540587], [113.9858691, 22.5404979], [113.9857388, 22.5404309]]]]}}, {"type": "Feature", "id": "way/1429435228", "properties": {"tags": {"addr:housename": "东组团社区", "addr:housename:en": "East Cluster Community", "addr:housename:zh": "东组团社区", "building": "apartments", "building:levels": "7", "name": "19栋", "name:en": "Block 19", "name:zh": "19栋"}, "heightStatus": "levels_only_unverified", "source": "OpenStreetMap", "license": "ODbL-1.0"}, "geometry": {"type": "MultiPolygon", "coordinates": [[[[113.9856743, 22.5412325], [113.9857034, 22.5411659], [113.9858812, 22.5412323], [113.9860211, 22.5412061], [113.9860365, 22.5412765], [113.9858737, 22.541307], [113.9856743, 22.5412325]]]]}}, {"type": "Feature", "id": "way/1429435229", "properties": {"tags": {"addr:housename": "东组团社区", "addr:housename:en": "East Cluster Community", "addr:housename:zh": "东组团社区", "building": "apartments", "building:levels": "7", "name": "20栋", "name:en": "Block 20", "name:zh": "20栋"}, "heightStatus": "levels_only_unverified", "source": "OpenStreetMap", "license": "ODbL-1.0"}, "geometry": {"type": "MultiPolygon", "coordinates": [[[[113.9852515, 22.5411878], [113.9852807, 22.5411212], [113.9854584, 22.5411876], [113.9855983, 22.5411614], [113.9856137, 22.5412318], [113.9854509, 22.5412623], [113.9852515, 22.5411878]]]]}}, {"type": "Feature", "id": "way/1429435230", "properties": {"tags": {"addr:housename": "东组团社区", "addr:housename:en": "East Cluster Community", "addr:housename:zh": "东组团社区", "building": "apartments", "building:levels": "7", "name": "16栋", "name:en": "Block 16", "name:zh": "16栋"}, "heightStatus": "levels_only_unverified", "source": "OpenStreetMap", "license": "ODbL-1.0"}, "geometry": {"type": "MultiPolygon", "coordinates": [[[[113.9854998, 22.5406586], [113.9855397, 22.5406], [113.9856708, 22.5406762], [113.9858232, 22.5406227], [113.9858498, 22.5406874], [113.9856625, 22.5407532], [113.9854998, 22.5406586]]]]}}, {"type": "Feature", "id": "way/1429435231", "properties": {"tags": {"addr:housename": "东组团社区", "addr:housename:en": "East Cluster Community", "addr:housename:zh": "东组团社区", "building": "apartments", "building:levels": "7", "name": "18栋", "name:en": "Block 18", "name:zh": "18栋"}, "heightStatus": "levels_only_unverified", "source": "OpenStreetMap", "license": "ODbL-1.0"}, "geometry": {"type": "MultiPolygon", "coordinates": [[[[113.9852988, 22.5409098], [113.9854481, 22.5408599], [113.9854529, 22.540776], [113.9855284, 22.5407797], [113.9855234, 22.5408687], [113.9856482, 22.5409439], [113.9856073, 22.5410019], [113.9854775, 22.5409237], [113.9853243, 22.5409749], [113.9852988, 22.5409098]]]]}}, {"type": "Feature", "id": "way/1429435232", "properties": {"tags": {"addr:housename": "东组团社区", "addr:housename:en": "East Cluster Community", "addr:housename:zh": "东组团社区", "building": "apartments", "building:levels": "7", "name": "17栋", "name:en": "Block 17", "name:zh": "17栋"}, "heightStatus": "levels_only_unverified", "source": "OpenStreetMap", "license": "ODbL-1.0"}, "geometry": {"type": "MultiPolygon", "coordinates": [[[[113.9857127, 22.5409445], [113.9858621, 22.5408946], [113.9858669, 22.5408107], [113.9859424, 22.5408144], [113.9859373, 22.5409034], [113.9860622, 22.5409786], [113.9860212, 22.5410366], [113.9858915, 22.5409584], [113.9857382, 22.5410096], [113.9857127, 22.5409445]]]]}}, {"type": "Feature", "id": "way/1429435234", "properties": {"tags": {"addr:housename": "东组团社区", "addr:housename:en": "East Cluster Community", "addr:housename:zh": "东组团社区", "building": "apartments", "building:levels": "7", "name": "7栋", "name:en": "Block 7", "name:zh": "7栋"}, "heightStatus": "levels_only_unverified", "source": "OpenStreetMap", "license": "ODbL-1.0"}, "geometry": {"type": "MultiPolygon", "coordinates": [[[[113.985823, 22.5395019], [113.9858269, 22.5394049], [113.9859988, 22.5394109], [113.9859962, 22.5394755], [113.9861679, 22.5394815], [113.9861653, 22.5395454], [113.986336, 22.5395513], [113.9863321, 22.5396482], [113.9861611, 22.5396423], [113.9861637, 22.5395784], [113.985992, 22.5395724], [113.9859946, 22.5395078], [113.985823, 22.5395019]]]]}}, {"type": "Feature", "id": "way/1429435238", "properties": {"tags": {"addr:housename": "东组团社区", "addr:housename:zh": "东组团社区", "building": "apartments", "building:levels": "7", "name": "9栋", "name:zh": "9栋"}, "heightStatus": "levels_only_unverified", "source": "OpenStreetMap", "license": "ODbL-1.0"}, "geometry": {"type": "MultiPolygon", "coordinates": [[[[113.9850461, 22.5401599], [113.985084, 22.5401011], [113.9851769, 22.5401521], [113.9852317, 22.5400672], [113.9852954, 22.5401022], [113.9852546, 22.5401655], [113.9852372, 22.540156], [113.9851999, 22.5402139], [113.9852238, 22.540227], [113.9852074, 22.5402525], [113.9852278, 22.5402637], [113.9852089, 22.540293], [113.9851095, 22.5402383], [113.9851303, 22.5402062], [113.9850461, 22.5401599]]]]}}, {"type": "Feature", "id": "way/1429435239", "properties": {"tags": {"addr:housename": "东组团社区", "addr:housename:en": "East Cluster Community", "addr:housename:zh": "东组团社区", "building": "apartments", "building:levels": "7", "name": "26栋", "name:en": "Block 26", "name:zh": "26栋"}, "heightStatus": "levels_only_unverified", "source": "OpenStreetMap", "license": "ODbL-1.0"}, "geometry": {"type": "MultiPolygon", "coordinates": [[[[113.9848275, 22.5400021], [113.9848288, 22.5399336], [113.9849369, 22.5399353], [113.9849387, 22.5398365], [113.9850128, 22.5398376], [113.9850115, 22.5399113], [113.9849913, 22.539911], [113.98499, 22.5399783], [113.9850179, 22.5399788], [113.9850173, 22.5400084], [113.985041, 22.5400088], [113.9850404, 22.5400429], [113.9849248, 22.540041], [113.9849255, 22.5400036], [113.9848275, 22.5400021]]]]}}, {"type": "Feature", "id": "way/1429435240", "properties": {"tags": {"addr:housename": "东组团社区", "addr:housename:en": "East Cluster Community", "addr:housename:zh": "东组团社区", "building": "apartments", "building:levels": "7", "name": "8栋", "name:en": "Block 8", "name:zh": "8栋"}, "heightStatus": "levels_only_unverified", "source": "OpenStreetMap", "license": "ODbL-1.0"}, "geometry": {"type": "MultiPolygon", "coordinates": [[[[113.9849213, 22.5395586], [113.9849596, 22.5395001], [113.9850521, 22.5395518], [113.9851076, 22.5394672], [113.985171, 22.5395027], [113.9851297, 22.5395657], [113.9851124, 22.539556], [113.9850746, 22.5396137], [113.9850985, 22.539627], [113.9850818, 22.5396523], [113.9851021, 22.5396637], [113.985083, 22.5396929], [113.9849841, 22.5396375], [113.9850051, 22.5396055], [113.9849213, 22.5395586]]]]}}, {"type": "Feature", "id": "way/1429435241", "properties": {"tags": {"addr:housename": "东组团社区", "addr:housename:en": "East Cluster Community", "addr:housename:zh": "东组团社区", "building": "apartments", "building:levels": "7", "name": "27栋", "name:en": "Block 27", "name:zh": "27栋"}, "heightStatus": "levels_only_unverified", "source": "OpenStreetMap", "license": "ODbL-1.0"}, "geometry": {"type": "MultiPolygon", "coordinates": [[[[113.9843986, 22.5397871], [113.9843992, 22.539753], [113.9844229, 22.5397534], [113.9844234, 22.5397237], [113.9844513, 22.5397242], [113.9844525, 22.5396568], [113.9844323, 22.5396565], [113.9844337, 22.5395828], [113.9845078, 22.539584], [113.984506, 22.5396829], [113.9847222, 22.5396863], [113.984724, 22.5395874], [113.9847981, 22.5395886], [113.9847968, 22.5396622], [113.9847766, 22.5396619], [113.9847754, 22.5397293], [113.9848032, 22.5397297], [113.9848027, 22.5397594], [113.9848263, 22.5397597], [113.9848257, 22.5397938], [113.9847101, 22.539792], [113.9847108, 22.5397546], [113.9845149, 22.5397515], [113.9845142, 22.5397889], [113.9843986, 22.5397871]]]]}}, {"type": "Feature", "id": "way/1429435242", "properties": {"tags": {"addr:housename": "东组团社区", "addr:housename:en": "East Cluster Community", "addr:housename:zh": "东组团社区", "building": "apartments", "building:levels": "7", "name": "11栋", "name:en": "Block 11", "name:zh": "11栋"}, "heightStatus": "levels_only_unverified", "source": "OpenStreetMap", "license": "ODbL-1.0"}, "geometry": {"type": "MultiPolygon", "coordinates": [[[[113.9852178, 22.539903], [113.985224, 22.5398339], [113.9852752, 22.5397939], [113.9852793, 22.5397488], [113.9853592, 22.539755], [113.9854104, 22.5397147], [113.9854144, 22.5396696], [113.9855763, 22.5396815], [113.9855722, 22.5397266], [113.9856155, 22.5397738], [113.9856666, 22.5397338], [113.9856707, 22.5396887], [113.9858325, 22.5397017], [113.9858284, 22.5397468], [113.9858716, 22.5397943], [113.9859516, 22.5398005], [113.9859475, 22.5398456], [113.9859794, 22.5398804], [113.9860613, 22.5398867], [113.9860573, 22.5399318], [113.9861006, 22.539979], [113.9860943, 22.5400481], [113.9860261, 22.5400429], [113.9860288, 22.5400134], [113.9859846, 22.5399619], [113.9859164, 22.5399567], [113.985919, 22.5399272], [113.9858648, 22.5398631], [113.9857973, 22.5398579], [113.9857999, 22.5398284], [113.9857763, 22.5398026], [113.9857081, 22.5397968], [113.9856801, 22.5398187], [113.9856775, 22.5398482], [113.9855411, 22.5398377], [113.9855437, 22.5398082], [113.9855201, 22.5397824], [113.9854518, 22.5397777], [113.9854238, 22.5397995], [113.9854212, 22.539829], [113.9853537, 22.5398238], [113.9852887, 22.5398788], [113.985286, 22.5399083], [113.9852178, 22.539903]]]]}}, {"type": "Feature", "id": "way/1429435243", "properties": {"tags": {"addr:housename": "东组团社区", "addr:housename:en": "East Cluster Community", "addr:housename:zh": "东组团社区", "building": "apartments", "building:levels": "7", "name": "6栋", "name:en": "Block 6", "name:zh": "6栋"}, "heightStatus": "levels_only_unverified", "source": "OpenStreetMap", "license": "ODbL-1.0"}, "geometry": {"type": "MultiPolygon", "coordinates": [[[[113.9858615, 22.5391715], [113.9858717, 22.5390671], [113.9859522, 22.5390732], [113.9859481, 22.5391183], [113.9859917, 22.5391653], [113.9860723, 22.5391715], [113.9860682, 22.5392166], [113.9861115, 22.5392639], [113.9861627, 22.5392239], [113.9861667, 22.5391788], [113.9862474, 22.5391849], [113.986238, 22.5392895], [113.9862041, 22.5392869], [113.9861762, 22.5393087], [113.9861735, 22.5393382], [113.9860371, 22.5393277], [113.9860398, 22.5392982], [113.9860161, 22.5392724], [113.9859823, 22.5392698], [113.9859852, 22.5392346], [113.985917, 22.5392294], [113.9859196, 22.5391999], [113.985896, 22.5391741], [113.9858615, 22.5391715]]]]}}, {"type": "Feature", "id": "way/1429435244", "properties": {"tags": {"addr:housename": "东组团社区", "addr:housename:en": "East Cluster Community", "addr:housename:zh": "东组团社区", "building": "apartments", "building:levels": "7", "name": "9栋", "name:en": "Block 9", "name:zh": "9栋"}, "heightStatus": "levels_only_unverified", "source": "OpenStreetMap", "license": "ODbL-1.0"}, "geometry": {"type": "MultiPolygon", "coordinates": [[[[113.9846249, 22.538844], [113.9846343, 22.5387395], [113.9846682, 22.5387421], [113.9846961, 22.5387202], [113.9846988, 22.5386907], [113.9848352, 22.5387012], [113.9848325, 22.5387307], [113.9848562, 22.5387565], [113.9849708, 22.5387652], [113.9849668, 22.5388103], [113.9850103, 22.5388573], [113.9850909, 22.5388635], [113.9850869, 22.5389087], [113.9851302, 22.5389559], [113.9851813, 22.5389159], [113.9851854, 22.5388708], [113.985266, 22.538877], [113.9853174, 22.5388373], [113.9853214, 22.5387921], [113.9854361, 22.5388011], [113.985464, 22.5387792], [113.9854667, 22.5387497], [113.9855349, 22.538755], [113.9855286, 22.5388241], [113.9854775, 22.5388641], [113.9854734, 22.5389092], [113.9853588, 22.5389003], [113.9853308, 22.5389221], [113.9853282, 22.5389516], [113.98526, 22.5389464], [113.9852566, 22.5389815], [113.9852227, 22.5389789], [113.9851948, 22.5390008], [113.9851921, 22.5390302], [113.9850557, 22.5390198], [113.9850584, 22.5389903], [113.9850347, 22.5389645], [113.9850009, 22.5389619], [113.9850038, 22.5389267], [113.9849356, 22.5389214], [113.9849383, 22.538892], [113.9849146, 22.5388661], [113.9848, 22.5388574], [113.984804, 22.5388123], [113.9847607, 22.5387651], [113.9847096, 22.5388051], [113.9847055, 22.5388502], [113.9846249, 22.538844]]]]}}, {"type": "Feature", "id": "way/1429435245", "properties": {"tags": {"addr:housename": "东组团社区", "addr:housename:en": "East Cluster Community", "addr:housename:zh": "东组团社区", "building": "apartments", "building:levels": "7", "name": "10栋", "name:en": "Block 10", "name:zh": "10栋"}, "heightStatus": "levels_only_unverified", "source": "OpenStreetMap", "license": "ODbL-1.0"}, "geometry": {"type": "MultiPolygon", "coordinates": [[[[113.9844566, 22.5392984], [113.984466, 22.5391938], [113.9844999, 22.5391964], [113.9845278, 22.5391746], [113.9845305, 22.5391451], [113.9845987, 22.5391503], [113.9846021, 22.5391152], [113.9846359, 22.5391178], [113.9846639, 22.5390959], [113.9846665, 22.5390665], [113.9848029, 22.5390769], [113.9848003, 22.5391064], [113.9848239, 22.5391322], [113.9848578, 22.5391348], [113.9848548, 22.53917], [113.984923, 22.5391753], [113.9849204, 22.5392047], [113.984944, 22.5392305], [113.9850117, 22.5392358], [113.9850397, 22.5392139], [113.9850423, 22.5391844], [113.9851787, 22.5391949], [113.9851761, 22.5392244], [113.9851997, 22.5392502], [113.9852674, 22.5392554], [113.9852954, 22.5392335], [113.985298, 22.5392041], [113.9854344, 22.5392145], [113.9854318, 22.539244], [113.9854554, 22.5392698], [113.9854893, 22.5392724], [113.9854799, 22.539377], [113.9853992, 22.5393708], [113.9854033, 22.5393256], [113.98536, 22.5392784], [113.9853089, 22.5393184], [113.9853048, 22.5393635], [113.9851435, 22.5393511], [113.9851476, 22.539306], [113.9851043, 22.5392588], [113.9850532, 22.5392987], [113.9850491, 22.5393439], [113.9848878, 22.5393315], [113.9848919, 22.5392864], [113.9848483, 22.5392393], [113.9847677, 22.5392332], [113.9847718, 22.539188], [113.9847285, 22.5391408], [113.9846773, 22.5391808], [113.9846733, 22.5392259], [113.9845926, 22.5392197], [113.9845413, 22.5392594], [113.9845372, 22.5393045], [113.9844566, 22.5392984]]]]}}, {"type": "Feature", "id": "way/1434786872", "properties": {"tags": {"addr:housename": "东组团社区", "addr:housename:en": "East Cluster Community", "addr:housename:zh": "东组团社区", "building": "apartments", "name": "松山村1栋", "name:en": "Songshan Village Block 1", "name:zh": "松山村1栋"}, "heightStatus": "unknown", "source": "OpenStreetMap", "license": "ODbL-1.0"}, "geometry": {"type": "MultiPolygon", "coordinates": [[[[113.9852511, 22.540586], [113.9852702, 22.5405469], [113.9852834, 22.5405524], [113.9853038, 22.5405108], [113.985354, 22.5405318], [113.985364, 22.5405114], [113.9853374, 22.5405003], [113.9853543, 22.5404659], [113.9853622, 22.5404692], [113.9853791, 22.5404349], [113.9854954, 22.5404835], [113.9854785, 22.5405179], [113.9854912, 22.5405232], [113.9854743, 22.5405576], [113.9854276, 22.540538], [113.9854176, 22.5405584], [113.9854678, 22.5405794], [113.9854474, 22.540621], [113.9854606, 22.5406265], [113.9854415, 22.5406656], [113.9853884, 22.5406435], [113.9853982, 22.5406235], [113.9853139, 22.5405882], [113.9853041, 22.5406082], [113.9852511, 22.540586]]]]}}, {"type": "Feature", "id": "way/1434786873", "properties": {"tags": {"addr:housename": "东组团社区", "addr:housename:en": "East Cluster Community", "addr:housename:zh": "东组团社区", "building": "apartments", "name": "松山村8栋", "name:en": "Songshan Village Block 8", "name:zh": "松山村8栋"}, "heightStatus": "unknown", "source": "OpenStreetMap", "license": "ODbL-1.0"}, "geometry": {"type": "MultiPolygon", "coordinates": [[[[113.9843567, 22.5416081], [113.984371, 22.5416059], [113.9843628, 22.5415608], [113.9844172, 22.5415524], [113.9844132, 22.5415303], [113.9843844, 22.5415348], [113.9843776, 22.5414976], [113.9843862, 22.5414962], [113.9843795, 22.541459], [113.9845054, 22.5414395], [113.9845121, 22.5414768], [113.9845258, 22.5414746], [113.9845326, 22.5415118], [113.984482, 22.5415197], [113.984486, 22.5415417], [113.9845404, 22.5415333], [113.9845485, 22.5415784], [113.9845628, 22.5415762], [113.9845705, 22.5416185], [113.9845131, 22.5416274], [113.9845092, 22.5416058], [113.9844179, 22.5416199], [113.9844218, 22.5416415], [113.9843644, 22.5416504], [113.9843567, 22.5416081]]]]}}, {"type": "Feature", "id": "way/1434786874", "properties": {"tags": {"addr:housename": "东组团社区", "addr:housename:en": "East Cluster Community", "addr:housename:zh": "东组团社区", "building": "apartments", "name": "松山村3栋", "name:en": "Songshan Village Block 3", "name:zh": "松山村3栋"}, "heightStatus": "unknown", "source": "OpenStreetMap", "license": "ODbL-1.0"}, "geometry": {"type": "MultiPolygon", "coordinates": [[[[113.9847592, 22.54142], [113.9847612, 22.5413771], [113.9847757, 22.5413777], [113.9847779, 22.5413321], [113.984833, 22.5413344], [113.9848341, 22.541312], [113.9848049, 22.5413108], [113.9848067, 22.5412731], [113.9848154, 22.5412735], [113.9848173, 22.5412358], [113.9849448, 22.5412411], [113.984943, 22.5412788], [113.9849569, 22.5412794], [113.984955, 22.5413171], [113.9849038, 22.5413149], [113.9849027, 22.5413373], [113.9849578, 22.5413395], [113.9849556, 22.5413852], [113.98497, 22.5413858], [113.9849679, 22.5414287], [113.9849098, 22.5414263], [113.9849108, 22.5414044], [113.9848184, 22.5414005], [113.9848173, 22.5414224], [113.9847592, 22.54142]]]]}}, {"type": "Feature", "id": "way/1434786875", "properties": {"tags": {"addr:housename": "东组团社区", "addr:housename:en": "East Cluster Community", "addr:housename:zh": "东组团社区", "building": "apartments", "name": "松山村6栋", "name:en": "Songshan Village Block 6", "name:zh": "松山村6栋"}, "heightStatus": "unknown", "source": "OpenStreetMap", "license": "ODbL-1.0"}, "geometry": {"type": "MultiPolygon", "coordinates": [[[[113.9843376, 22.5409672], [113.9843934, 22.5409634], [113.9844494, 22.5409663], [113.9845044, 22.5409758], [113.9845577, 22.5409918], [113.9846106, 22.5410154], [113.9846596, 22.5410453], [113.9847037, 22.5410811], [113.9847422, 22.5411221], [113.9846833, 22.5411692], [113.9846484, 22.5411319], [113.9846122, 22.5411025], [113.9845721, 22.541078], [113.9845286, 22.5410587], [113.9844851, 22.5410456], [113.98444, 22.5410378], [113.9843942, 22.5410354], [113.9843434, 22.5410389], [113.9843376, 22.5409672]]]]}}, {"type": "Feature", "id": "way/1434786876", "properties": {"tags": {"addr:housename": "东组团社区", "addr:housename:en": "East Cluster Community", "addr:housename:zh": "东组团社区", "building": "apartments", "name": "松山村5栋", "name:en": "Songshan Village Block 5", "name:zh": "松山村5栋"}, "heightStatus": "unknown", "source": "OpenStreetMap", "license": "ODbL-1.0"}, "geometry": {"type": "MultiPolygon", "coordinates": [[[[113.9849563, 22.5419908], [113.9850111, 22.5419804], [113.985067, 22.5419766], [113.9851229, 22.5419796], [113.985178, 22.5419893], [113.9852337, 22.5420064], [113.9852864, 22.5420303], [113.9853351, 22.5420607], [113.9853789, 22.5420968], [113.9853271, 22.5421504], [113.9852872, 22.5421175], [113.9852473, 22.5420927], [113.9852041, 22.542073], [113.9851583, 22.542059], [113.9851134, 22.5420511], [113.9850676, 22.5420487], [113.9850218, 22.5420517], [113.9849719, 22.5420612], [113.9849563, 22.5419908]]]]}}, {"type": "Feature", "id": "way/1434786877", "properties": {"tags": {"addr:housename": "东组团社区", "addr:housename:en": "East Cluster Community", "addr:housename:zh": "东组团社区", "building": "apartments", "name": "松山村9栋", "name:en": "Songshan Village Block 9", "name:zh": "松山村9栋"}, "heightStatus": "unknown", "source": "OpenStreetMap", "license": "ODbL-1.0"}, "geometry": {"type": "MultiPolygon", "coordinates": [[[[113.9843122, 22.5419188], [113.9843647, 22.5418927], [113.984421, 22.5418746], [113.9844797, 22.541865], [113.9845393, 22.541864], [113.9845983, 22.5418718], [113.9846553, 22.541888], [113.9847087, 22.5419124], [113.9847574, 22.5419442], [113.9847999, 22.5419828], [113.9848354, 22.5420271], [113.9847728, 22.5420698], [113.984741, 22.5420301], [113.9847073, 22.5419996], [113.9846688, 22.5419743], [113.9846264, 22.541955], [113.9845813, 22.5419421], [113.9845345, 22.541936], [113.9844873, 22.5419367], [113.9844408, 22.5419444], [113.9843961, 22.5419587], [113.9843491, 22.5419821], [113.9843122, 22.5419188]]]]}}, {"type": "Feature", "id": "way/1434786878", "properties": {"tags": {"addr:housename": "东组团社区", "addr:housename:en": "East Cluster Community", "addr:housename:zh": "东组团社区", "building": "apartments", "name": "松山村4栋", "name:en": "Songshan Village Block 4", "name:zh": "松山村4栋"}, "heightStatus": "unknown", "source": "OpenStreetMap", "license": "ODbL-1.0"}, "geometry": {"type": "MultiPolygon", "coordinates": [[[[113.9847489, 22.5415547], [113.9848231, 22.5415329], [113.9848393, 22.5415799], [113.9848606, 22.5416188], [113.9848884, 22.5416541], [113.9849218, 22.541685], [113.98496, 22.5417106], [113.9850022, 22.5417303], [113.9850472, 22.5417436], [113.9850939, 22.5417501], [113.9851411, 22.5417498], [113.9851938, 22.5417417], [113.9852067, 22.5418125], [113.9851479, 22.5418216], [113.9850883, 22.541822], [113.9850293, 22.5418138], [113.9849726, 22.541797], [113.9849194, 22.5417721], [113.9848711, 22.5417398], [113.984829, 22.5417009], [113.984794, 22.5416563], [113.9847671, 22.5416072], [113.9847489, 22.5415547]]]]}}, {"type": "Feature", "id": "way/1434786879", "properties": {"tags": {"addr:housename": "东组团社区", "addr:housename:en": "East Cluster Community", "addr:housename:zh": "东组团社区", "building": "apartments", "name": "松山村7栋", "name:en": "Songshan Village Block 7", "name:zh": "松山村7栋"}, "heightStatus": "unknown", "source": "OpenStreetMap", "license": "ODbL-1.0"}, "geometry": {"type": "MultiPolygon", "coordinates": [[[[113.9842958, 22.5412072], [113.9843603, 22.5411669], [113.9843847, 22.5412003], [113.9844154, 22.541229], [113.9844512, 22.541252], [113.984491, 22.5412685], [113.9845333, 22.541278], [113.9845769, 22.5412802], [113.9846201, 22.541275], [113.9846302, 22.5413463], [113.9845798, 22.5413524], [113.9845219, 22.5413494], [113.9844656, 22.5413368], [113.9844127, 22.5413148], [113.9843651, 22.5412842], [113.9843243, 22.5412461], [113.9842958, 22.5412072]]]]}}, {"type": "Feature", "id": "way/1434786880", "properties": {"tags": {"addr:housename": "东组团社区", "addr:housename:en": "East Cluster Community", "addr:housename:zh": "东组团社区", "building": "apartments", "name": "松山村2栋", "name:en": "Songshan Village Block 2", "name:zh": "松山村2栋"}, "heightStatus": "unknown", "source": "OpenStreetMap", "license": "ODbL-1.0"}, "geometry": {"type": "MultiPolygon", "coordinates": [[[[113.9848789, 22.5411], [113.9849136, 22.5410657], [113.9849603, 22.5410339], [113.9850125, 22.5410106], [113.9850684, 22.5409964], [113.9851262, 22.540992], [113.9851839, 22.5409975], [113.9852326, 22.5410107], [113.9852107, 22.5410797], [113.9851688, 22.5410683], [113.9851254, 22.5410642], [113.985082, 22.5410675], [113.9850399, 22.5410781], [113.9850006, 22.5410957], [113.9849655, 22.5411196], [113.9849358, 22.541149], [113.9848789, 22.5411]]]]}}]}