{"type": "FeatureCollection", "features": [{"type": "Feature", "id": "way/181234749", "properties": {"tags": {"addr:city": "深圳市", "addr:district": "南山区", "addr:housenumber": "9028", "addr:postcode": "518053", "addr:province": "广东省", "addr:street": "深南大道", "building": "commercial", "name": "益田假日广场", "name:en": "Yitian Holiday Plaza", "name:zh": "益田假日广场", "shop": "mall"}, "heightStatus": "unknown", "source": "OpenStreetMap", "license": "ODbL-1.0"}, "geometry": {"type": "MultiPolygon", "coordinates": [[[[113.9686541, 22.5408096], [113.9702644, 22.5402246], [113.9705796, 22.5401147], [113.9710147, 22.5399581], [113.9712286, 22.5398832], [113.9715017, 22.5399607], [113.9714737, 22.5400274], [113.9716002, 22.540073], [113.971339, 22.5406157], [113.9709189, 22.5407698], [113.9703524, 22.5406292], [113.9688126, 22.5411843], [113.9686541, 22.5408096]]]]}}, {"type": "Feature", "id": "way/238024765", "properties": {"tags": {"building": "yes"}, "heightStatus": "unknown", "source": "OpenStreetMap", "license": "ODbL-1.0"}, "geometry": {"type": "MultiPolygon", "coordinates": [[[[113.967159, 22.5421415], [113.9671608, 22.541863], [113.9671624, 22.5416292], [113.9671624, 22.5416276], [113.9671634, 22.5414976], [113.9673011, 22.54154], [113.9673763, 22.5415632], [113.9673756, 22.5416794], [113.9673744, 22.5418631], [113.9673753, 22.5421417], [113.9673725, 22.5421417], [113.9673725, 22.5421427], [113.9673135, 22.5421423], [113.9671625, 22.5421431], [113.9671625, 22.5421415], [113.967159, 22.5421415]]]]}}, {"type": "Feature", "id": "way/238024766", "properties": {"tags": {"building": "commercial", "building:colour": "gold", "building:levels": "5", "building:material": "glass"}, "heightStatus": "levels_only_unverified", "source": "OpenStreetMap", "license": "ODbL-1.0"}, "geometry": {"type": "MultiPolygon", "coordinates": [[[[113.9673391, 22.5413185], [113.9680246, 22.5410771], [113.9681299, 22.5413321], [113.9674443, 22.5415734], [113.9673391, 22.5413185]]]]}}, {"type": "Feature", "id": "way/245754223", "properties": {"tags": {"building": "yes", "depot": "monorail", "railway": "depot"}, "heightStatus": "unknown", "source": "OpenStreetMap", "license": "ODbL-1.0"}, "geometry": {"type": "MultiPolygon", "coordinates": [[[[113.9672443, 22.5374028], [113.9672712, 22.5373421], [113.9673007, 22.5372753], [113.9675287, 22.5373613], [113.9674723, 22.5374888], [113.9672443, 22.5374028]]]]}}, {"type": "Feature", "id": "way/245754224", "properties": {"tags": {"building": "yes", "name": "凯撒宫", "name:en": "Caesar's Palace", "name:zh": "凯撒宫", "tourism": "attraction"}, "heightStatus": "unknown", "source": "OpenStreetMap", "license": "ODbL-1.0"}, "geometry": {"type": "MultiPolygon", "coordinates": [[[[113.9681571, 22.5379901], [113.9681625, 22.5376663], [113.9688722, 22.5376778], [113.9688656, 22.5380012], [113.9681571, 22.5379901]]]]}}, {"type": "Feature", "id": "way/246778694", "properties": {"tags": {"building": "yes"}, "heightStatus": "unknown", "source": "OpenStreetMap", "license": "ODbL-1.0"}, "geometry": {"type": "MultiPolygon", "coordinates": [[[[113.9752331, 22.5424672], [113.9752536, 22.5423515], [113.9753105, 22.5422467], [113.9753986, 22.5421623], [113.9755074, 22.5421069], [113.9756289, 22.5420831], [113.9757527, 22.5420932], [113.9758679, 22.5421362], [113.9759645, 22.5422084], [113.9760341, 22.5423035], [113.9760706, 22.5424132], [113.9760709, 22.5425279], [113.9760349, 22.5426378], [113.9759657, 22.5427331], [113.9758695, 22.5428057], [113.9757518, 22.5428498], [113.9756253, 22.5428594], [113.9755015, 22.5428339], [113.9753915, 22.5427753], [113.9753053, 22.5426892], [113.9752509, 22.5425833], [113.9752331, 22.5424672]]]]}}, {"type": "Feature", "id": "way/264187657", "properties": {"tags": {"building": "yes", "layer": "1", "name": "巴黎凯旋门微缩模型", "name:en": "Arc de Triomphe replica", "name:zh": "巴黎凯旋门微缩模型", "tourism": "attraction"}, "heightStatus": "unknown", "source": "OpenStreetMap", "license": "ODbL-1.0"}, "geometry": {"type": "MultiPolygon", "coordinates": [[[[113.9689517, 22.5361153], [113.9690251, 22.5360881], [113.9690982, 22.536061], [113.9691152, 22.5361001], [113.9691301, 22.5361344], [113.9690575, 22.5361613], [113.9689836, 22.5361887], [113.968969, 22.5361551], [113.9689517, 22.5361153]]]]}}, {"type": "Feature", "id": "way/264187661", "properties": {"tags": {"building": "yes", "height": "170", "man_made": "tower", "name": "埃菲尔铁塔", "name:en": "Eiffel Tower replica", "name:zh": "埃菲尔铁塔", "roof:height": "170", "roof:shape": "pyramidal", "tourism": "attraction", "tower:construction": "lattice", "tower:type": "monument"}, "heightStatus": "height_tag_unverified", "source": "OpenStreetMap", "license": "ODbL-1.0"}, "geometry": {"type": "MultiPolygon", "coordinates": [[[[113.9691871, 22.5369371], [113.9692474, 22.5369134], [113.9693079, 22.5369368], [113.9693853, 22.5369276], [113.9694416, 22.5368896], [113.969473, 22.5368318], [113.9695377, 22.5368079], [113.969563, 22.5368668], [113.9695315, 22.5369294], [113.9695433, 22.5370021], [113.9695884, 22.5370525], [113.9696541, 22.5370775], [113.9696818, 22.5371416], [113.9696165, 22.5371656], [113.9695453, 22.5371418], [113.9694711, 22.5371471], [113.9694204, 22.5371854], [113.9693934, 22.5372487], [113.9693312, 22.5372707], [113.9693072, 22.5372168], [113.9693267, 22.5371528], [113.9693159, 22.5370805], [113.9692709, 22.5370174], [113.9692084, 22.5369911], [113.9691871, 22.5369371]]]]}}, {"type": "Feature", "id": "way/264194869", "properties": {"tags": {"building": "yes", "name": "Pyramide du Louvre replica"}, "heightStatus": "unknown", "source": "OpenStreetMap", "license": "ODbL-1.0"}, "geometry": {"type": "MultiPolygon", "coordinates": [[[[113.9701918, 22.539011], [113.9703239, 22.5389604], [113.9703526, 22.5390244], [113.9703788, 22.539083], [113.9702468, 22.5391336], [113.970233, 22.5391029], [113.9702012, 22.5390321], [113.9701918, 22.539011]]]]}}, {"type": "Feature", "id": "way/264350257", "properties": {"tags": {"building": "yes", "leisure": "sports_hall", "name": "阿尔卑斯冰雪世界", "name:en": "Alps Ice and Snow World", "name:zh": "阿尔卑斯冰雪世界", "sport": "skiing"}, "heightStatus": "unknown", "source": "OpenStreetMap", "license": "ODbL-1.0"}, "geometry": {"type": "MultiPolygon", "coordinates": [[[[113.9675963, 22.5374266], [113.9676043, 22.5373201], [113.9676204, 22.5372284], [113.9676419, 22.5371343], [113.9676821, 22.5370501], [113.9677089, 22.5370055], [113.9677331, 22.5369807], [113.9677652, 22.5369658], [113.9678108, 22.5369584], [113.9678457, 22.5369609], [113.9678718, 22.5369675], [113.9679235, 22.5370005], [113.9679476, 22.5370352], [113.9679664, 22.5370823], [113.9679852, 22.5371442], [113.9680066, 22.537216], [113.9680201, 22.5373027], [113.9680254, 22.5374093], [113.9680227, 22.5375232], [113.9680066, 22.5376273], [113.967984, 22.5376997], [113.9679619, 22.5377447], [113.9679423, 22.5377734], [113.9679155, 22.5377933], [113.9678833, 22.5378106], [113.9678377, 22.537823], [113.9678055, 22.5378255], [113.9677492, 22.537818], [113.9677009, 22.5378007], [113.9676633, 22.537766], [113.9676338, 22.5377264], [113.9676177, 22.5376818], [113.967607, 22.5376322], [113.967599, 22.5375455], [113.9675963, 22.5374266]]]]}}, {"type": "Feature", "id": "way/264350258", "properties": {"tags": {"building": "yes"}, "heightStatus": "unknown", "source": "OpenStreetMap", "license": "ODbL-1.0"}, "geometry": {"type": "MultiPolygon", "coordinates": [[[[113.9678718, 22.5369675], [113.9678959, 22.5369298], [113.967922, 22.5369028], [113.9679496, 22.5368807], [113.9679886, 22.5368618], [113.9680222, 22.5368514], [113.968048, 22.53695], [113.9680635, 22.5370287], [113.96807, 22.5370971], [113.9681032, 22.5370996], [113.9681029, 22.5372633], [113.9681032, 22.5372928], [113.968122, 22.537325], [113.9681354, 22.5373622], [113.9681354, 22.5375108], [113.9681273, 22.537548], [113.9681005, 22.5375976], [113.9680974, 22.5376659], [113.9680978, 22.5377462], [113.9679619, 22.5377447], [113.967984, 22.5376997], [113.9680066, 22.5376273], [113.9680227, 22.5375232], [113.9680254, 22.5374093], [113.9680201, 22.5373027], [113.9680066, 22.537216], [113.9679852, 22.5371442], [113.9679664, 22.5370823], [113.9679476, 22.5370352], [113.9679235, 22.5370005], [113.9678718, 22.5369675]]]]}}, {"type": "Feature", "id": "way/264350263", "properties": {"tags": {"building": "yes"}, "heightStatus": "unknown", "source": "OpenStreetMap", "license": "ODbL-1.0"}, "geometry": {"type": "MultiPolygon", "coordinates": [[[[113.9681545, 22.5381299], [113.9681571, 22.5379901], [113.9688656, 22.5380012], [113.968863, 22.538141], [113.9681545, 22.5381299]]]]}}, {"type": "Feature", "id": "way/264353334", "properties": {"tags": {"building": "yes", "name": "罗马假日广场", "name:en": "Roman Holiday Plaza", "name:zh": "罗马假日广场"}, "heightStatus": "unknown", "source": "OpenStreetMap", "license": "ODbL-1.0"}, "geometry": {"type": "MultiPolygon", "coordinates": [[[[113.9685558, 22.5372229], [113.9687298, 22.5372175], [113.9688153, 22.5371121], [113.9687819, 22.5370454], [113.9688799, 22.5370039], [113.9688401, 22.5369231], [113.9688877, 22.536904], [113.9689394, 22.5370098], [113.9689903, 22.5371139], [113.968985, 22.5371635], [113.9689957, 22.5371882], [113.9689877, 22.5372229], [113.9689608, 22.5372427], [113.968926, 22.5372452], [113.9688804, 22.5372725], [113.9685585, 22.5372749], [113.9685558, 22.5372229]]]]}}, {"type": "Feature", "id": "way/494899357", "properties": {"tags": {"addr:housename": "荔枝苑西区", "addr:housename:en": "Lizhi Court (West)", "addr:housename:zh": "荔枝苑西区", "building": "apartments", "name": "1栋", "name:en": "Block 1", "name:zh": "1栋"}, "heightStatus": "unknown", "source": "OpenStreetMap", "license": "ODbL-1.0"}, "geometry": {"type": "MultiPolygon", "coordinates": [[[[113.9732805, 22.539157], [113.9732831, 22.5390826], [113.9733849, 22.5390806], [113.973382, 22.538907], [113.9738439, 22.5386879], [113.9738957, 22.538781], [113.9734369, 22.5389956], [113.9734377, 22.5390797], [113.9735487, 22.5390818], [113.9735503, 22.5391541], [113.9732805, 22.539157]]]]}}, {"type": "Feature", "id": "way/494899359", "properties": {"tags": {"building": "residential"}, "heightStatus": "unknown", "source": "OpenStreetMap", "license": "ODbL-1.0"}, "geometry": {"type": "MultiPolygon", "coordinates": [[[[113.9732636, 22.5395811], [113.9734828, 22.5395793], [113.9734837, 22.5396659], [113.9732644, 22.5396677], [113.9732636, 22.5395811]]]]}}, {"type": "Feature", "id": "way/494899360", "properties": {"tags": {"addr:housename": "荔枝苑西区", "addr:housename:en": "Lizhi Court (West)", "addr:housename:zh": "荔枝苑西区", "building": "apartments", "name": "2栋", "name:en": "Block 2", "name:zh": "2栋"}, "heightStatus": "unknown", "source": "OpenStreetMap", "license": "ODbL-1.0"}, "geometry": {"type": "MultiPolygon", "coordinates": [[[[113.9733563, 22.5393849], [113.9737128, 22.5392815], [113.9737103, 22.5391558], [113.9738159, 22.539154], [113.9738184, 22.5392783], [113.9739112, 22.5392767], [113.9739131, 22.5393735], [113.9737818, 22.5393758], [113.9733916, 22.5394889], [113.9733563, 22.5393849]]]]}}, {"type": "Feature", "id": "way/494899361", "properties": {"tags": {"addr:housename": "荔枝苑西区", "addr:housename:en": "Lizhi Court (West)", "addr:housename:zh": "荔枝苑西区", "building": "apartments", "name": "3栋", "name:en": "Block 3", "name:zh": "3栋"}, "heightStatus": "unknown", "source": "OpenStreetMap", "license": "ODbL-1.0"}, "geometry": {"type": "MultiPolygon", "coordinates": [[[[113.973549, 22.5395835], [113.9739032, 22.5395807], [113.9739043, 22.5396902], [113.97355, 22.5396931], [113.973549, 22.5395835]]]]}}, {"type": "Feature", "id": "way/494899362", "properties": {"tags": {"addr:housename": "荔枝苑西区", "addr:housename:en": "Lizhi Court (West)", "addr:housename:zh": "荔枝苑西区", "building": "apartments", "name": "4栋", "name:en": "Block 4", "name:zh": "4栋"}, "heightStatus": "unknown", "source": "OpenStreetMap", "license": "ODbL-1.0"}, "geometry": {"type": "MultiPolygon", "coordinates": [[[[113.9733247, 22.5399061], [113.9733258, 22.5397992], [113.9738113, 22.5398034], [113.9738074, 22.5401868], [113.9733455, 22.5401828], [113.9733464, 22.5400866], [113.9736603, 22.5400893], [113.9736621, 22.539909], [113.9733247, 22.5399061]]]]}}, {"type": "Feature", "id": "way/494899364", "properties": {"tags": {"addr:housename": "西组团社区", "addr:housename:zh": "西组团社区", "building": "apartments", "building:levels": "7", "name": "29栋", "name:zh": "29栋"}, "heightStatus": "levels_only_unverified", "source": "OpenStreetMap", "license": "ODbL-1.0"}, "geometry": {"type": "MultiPolygon", "coordinates": [[[[113.9740873, 22.5397984], [113.9740898, 22.539686], [113.9745219, 22.5396944], [113.9745193, 22.5398068], [113.9740873, 22.5397984]]]]}}, {"type": "Feature", "id": "way/540657605", "properties": {"tags": {"building": "hotel"}, "heightStatus": "unknown", "source": "OpenStreetMap", "license": "ODbL-1.0"}, "geometry": {"type": "MultiPolygon", "coordinates": [[[[113.9718234, 22.5396471], [113.9730227, 22.5392103], [113.9730586, 22.5392943], [113.9730791, 22.5392979], [113.9730978, 22.5393066], [113.9731119, 22.5393178], [113.9731689, 22.5394552], [113.9731783, 22.5394775], [113.9731774, 22.5395], [113.9731657, 22.5395234], [113.9730913, 22.5395485], [113.973183, 22.5397808], [113.9731327, 22.5397978], [113.9731019, 22.5398081], [113.9731698, 22.5399803], [113.9730992, 22.5400041], [113.9731745, 22.5401949], [113.9731277, 22.5402107], [113.9731741, 22.5403283], [113.973053, 22.540369], [113.9730216, 22.5402895], [113.9729164, 22.5403249], [113.9728679, 22.540202], [113.9725802, 22.5401982], [113.9724147, 22.5401176], [113.9719165, 22.5398652], [113.9718234, 22.5396471]]]]}}, {"type": "Feature", "id": "way/551273494", "properties": {"tags": {"building": "yes", "name": "华夏典藏美术馆", "tourism": "gallery"}, "heightStatus": "unknown", "source": "OpenStreetMap", "license": "ODbL-1.0"}, "geometry": {"type": "MultiPolygon", "coordinates": [[[[113.9755656, 22.5363435], [113.9756514, 22.5363052], [113.9756172, 22.5362398], [113.9756555, 22.5362227], [113.9756248, 22.536164], [113.9759024, 22.53604], [113.9759411, 22.5361139], [113.9758552, 22.5361523], [113.9758929, 22.5362243], [113.9758306, 22.5362521], [113.9758978, 22.5363805], [113.9757966, 22.5364257], [113.975775, 22.5363845], [113.9756746, 22.5364293], [113.9757031, 22.5364839], [113.97567, 22.5364987], [113.9756932, 22.5365431], [113.9756282, 22.5365722], [113.9755924, 22.5365037], [113.9756219, 22.5364905], [113.9755854, 22.5364207], [113.9756021, 22.5364132], [113.9755656, 22.5363435]]]]}}, {"type": "Feature", "id": "way/555332449", "properties": {"tags": {"building": "yes"}, "heightStatus": "unknown", "source": "OpenStreetMap", "license": "ODbL-1.0"}, "geometry": {"type": "MultiPolygon", "coordinates": [[[[113.9681055, 22.5398575], [113.9683322, 22.5397718], [113.9683706, 22.5398584], [113.9681438, 22.5399441], [113.9681256, 22.5399029], [113.9681055, 22.5398575]]]]}}, {"type": "Feature", "id": "way/565253609", "properties": {"tags": {"building": "office"}, "heightStatus": "unknown", "source": "OpenStreetMap", "license": "ODbL-1.0"}, "geometry": {"type": "MultiPolygon", "coordinates": [[[[113.9744706, 22.5414719], [113.9745189, 22.5413208], [113.9746879, 22.5413715], [113.9747344, 22.5413843], [113.9747378, 22.541374], [113.9747925, 22.5413891], [113.9747892, 22.5413994], [113.9748341, 22.5414118], [113.9749782, 22.5414157], [113.9749787, 22.5414029], [113.9750769, 22.5414056], [113.9750765, 22.5414184], [113.9751734, 22.5414211], [113.9753525, 22.5413937], [113.975351, 22.5413855], [113.9754877, 22.5413646], [113.9754892, 22.5413728], [113.9755462, 22.5413641], [113.9755704, 22.541509], [113.9755123, 22.541518], [113.9755178, 22.5415487], [113.9753829, 22.5415695], [113.9753774, 22.5415388], [113.9751694, 22.541571], [113.9748321, 22.5415625], [113.974824, 22.5415861], [113.9747692, 22.541571], [113.9747742, 22.5415554], [113.9744706, 22.5414719]]]]}}, {"type": "Feature", "id": "way/565253612", "properties": {"tags": {"building": "roof", "information": "office", "tourism": "information"}, "heightStatus": "unknown", "source": "OpenStreetMap", "license": "ODbL-1.0"}, "geometry": {"type": "MultiPolygon", "coordinates": [[[[113.9739117, 22.541514], [113.973929, 22.5415036], [113.9739431, 22.5415235], [113.9739717, 22.5415062], [113.9739577, 22.5414863], [113.9739781, 22.541474], [113.9739926, 22.5414945], [113.9740221, 22.5414767], [113.9740076, 22.5414562], [113.9740267, 22.5414446], [113.9740901, 22.5415248], [113.9740701, 22.5415363], [113.9740594, 22.5415204], [113.9740251, 22.54154], [113.9740358, 22.541556], [113.9740161, 22.5415672], [113.9740056, 22.5415516], [113.9739687, 22.5415727], [113.9739793, 22.5415884], [113.973962, 22.5415982], [113.9739117, 22.541514]]]]}}, {"type": "Feature", "id": "way/565253626", "properties": {"tags": {"amenity": "food_court", "building": "yes", "outdoor_seating": "yes"}, "heightStatus": "unknown", "source": "OpenStreetMap", "license": "ODbL-1.0"}, "geometry": {"type": "MultiPolygon", "coordinates": [[[[113.9741562, 22.5417753], [113.9741575, 22.5417468], [113.9741676, 22.5417171], [113.9741877, 22.5416911], [113.9742272, 22.5416529], [113.9743292, 22.5417437], [113.9743898, 22.5417958], [113.9743493, 22.5418335], [113.974415, 22.5418973], [113.9744378, 22.5418763], [113.9745974, 22.5420299], [113.9746544, 22.5420714], [113.9747684, 22.5421711], [113.9747107, 22.542233], [113.9746859, 22.5422423], [113.9746624, 22.5422435], [113.974643, 22.5422343], [113.9746346, 22.5422055], [113.9746131, 22.5421828], [113.9745739, 22.5421655], [113.9745176, 22.5421475], [113.9744351, 22.542059], [113.9744318, 22.5420218], [113.9743607, 22.5419568], [113.9743412, 22.5419729], [113.9741749, 22.541828], [113.9741602, 22.5418007], [113.9741562, 22.5417753]]]]}}, {"type": "Feature", "id": "way/565253629", "properties": {"tags": {"building": "yes", "information": "office", "tourism": "information", "wheelchair": "yes"}, "heightStatus": "unknown", "source": "OpenStreetMap", "license": "ODbL-1.0"}, "geometry": {"type": "MultiPolygon", "coordinates": [[[[113.9741253, 22.5413839], [113.9742038, 22.5413158], [113.9742563, 22.5412118], [113.9743439, 22.5412421], [113.9743473, 22.5412545], [113.9742849, 22.5413672], [113.9743214, 22.5413988], [113.974299, 22.5414192], [113.9744358, 22.5415456], [113.9743687, 22.5416069], [113.9744244, 22.541662], [113.9743292, 22.5417437], [113.9742272, 22.5416529], [113.9743077, 22.5415815], [113.9741273, 22.5414149], [113.9741253, 22.5413839]]]]}}, {"type": "Feature", "id": "way/565253632", "properties": {"tags": {"amenity": "food_court", "building": "yes", "outdoor_seating": "yes"}, "heightStatus": "unknown", "source": "OpenStreetMap", "license": "ODbL-1.0"}, "geometry": {"type": "MultiPolygon", "coordinates": [[[[113.9737572, 22.5421754], [113.9737645, 22.5415985], [113.9738443, 22.5416001], [113.9738792, 22.5416979], [113.9738698, 22.5419456], [113.9739168, 22.5419543], [113.9740066, 22.5419556], [113.9740697, 22.5419382], [113.9741045, 22.5419072], [113.9742695, 22.5420534], [113.9743426, 22.5421197], [113.9743339, 22.542129], [113.9744613, 22.5422491], [113.9743902, 22.5423148], [113.9741119, 22.5420652], [113.9739858, 22.5420466], [113.973843, 22.5420429], [113.9738403, 22.5421773], [113.9737572, 22.5421754]]]]}}, {"type": "Feature", "id": "way/565999392", "properties": {"tags": {"building": "roof", "layer": "1"}, "heightStatus": "unknown", "source": "OpenStreetMap", "license": "ODbL-1.0"}, "geometry": {"type": "MultiPolygon", "coordinates": [[[[113.9745927, 22.542342], [113.9746196, 22.5422877], [113.974643, 22.5422343], [113.9746624, 22.5422435], [113.9747456, 22.5422787], [113.9746935, 22.5423847], [113.9745927, 22.542342]]]]}}, {"type": "Feature", "id": "way/610188488", "properties": {"tags": {"amenity": "police", "building": "yes", "name": "深圳市公安局南山公交保安大队"}, "heightStatus": "unknown", "source": "OpenStreetMap", "license": "ODbL-1.0"}, "geometry": {"type": "MultiPolygon", "coordinates": [[[[113.9748158, 22.5389997], [113.9748354, 22.5388611], [113.9748177, 22.5388517], [113.9748614, 22.5387814], [113.9748791, 22.5387908], [113.974999, 22.5387056], [113.9750424, 22.5387575], [113.9749458, 22.5388263], [113.9749932, 22.5388515], [113.9749495, 22.5389217], [113.974902, 22.5388965], [113.9748862, 22.5390082], [113.9748158, 22.5389997]]]]}}, {"type": "Feature", "id": "way/610762992", "properties": {"tags": {"building": "yes", "disused:railway": "station", "monorail": "yes", "name": "欢乐谷", "station": "monorail"}, "heightStatus": "unknown", "source": "OpenStreetMap", "license": "ODbL-1.0"}, "geometry": {"type": "MultiPolygon", "coordinates": [[[[113.9741792, 22.5411722], [113.9742121, 22.5410956], [113.9743639, 22.5411512], [113.9743309, 22.5412278], [113.9741792, 22.5411722]]]]}}, {"type": "Feature", "id": "way/610762993", "properties": {"tags": {"building": "yes", "disused:railway": "station", "monorail": "yes", "name": "世界之窗", "operator": "深圳华侨城欢乐谷旅游公司", "station": "monorail"}, "heightStatus": "unknown", "source": "OpenStreetMap", "license": "ODbL-1.0"}, "geometry": {"type": "MultiPolygon", "coordinates": [[[[113.9719222, 22.5383005], [113.9720585, 22.538244], [113.9721012, 22.5383319], [113.9719649, 22.5383885], [113.9719222, 22.5383005]]]]}}, {"type": "Feature", "id": "way/610762994", "properties": {"tags": {"building": "yes", "disused:railway": "station", "monorail": "yes", "name": "东方花园", "operator": "深圳华侨城欢乐谷旅游公司", "station": "monorail"}, "heightStatus": "unknown", "source": "OpenStreetMap", "license": "ODbL-1.0"}, "geometry": {"type": "MultiPolygon", "coordinates": [[[[113.9752953, 22.5367846], [113.9753085, 22.5366809], [113.975395, 22.5366903], [113.9753818, 22.536794], [113.9752953, 22.5367846]]]]}}, {"type": "Feature", "id": "way/620053662", "properties": {"tags": {"addr:housename": "东方花园", "addr:housename:zh": "东方花园", "building": "apartments", "building:levels": "28", "name": "金辉阁", "name:zh": "金辉阁"}, "heightStatus": "levels_only_unverified", "source": "OpenStreetMap", "license": "ODbL-1.0"}, "geometry": {"type": "MultiPolygon", "coordinates": [[[[113.9738013, 22.5370856], [113.9738786, 22.5370848], [113.973878, 22.5370064], [113.9739506, 22.5370064], [113.9739759, 22.5369335], [113.9741352, 22.536982], [113.9741101, 22.5370501], [113.9741671, 22.5370999], [113.974119, 22.5371497], [113.9741787, 22.5372043], [113.9740968, 22.5372809], [113.9740354, 22.537223], [113.9740721, 22.5371861], [113.9740611, 22.5371755], [113.9740291, 22.537203], [113.973979, 22.5371697], [113.9739164, 22.537169], [113.9739109, 22.5371252], [113.9738969, 22.5371259], [113.9738978, 22.5371901], [113.9738027, 22.5371921], [113.9738013, 22.5370856]]]]}}, {"type": "Feature", "id": "way/620053663", "properties": {"tags": {"addr:housename": "东方花园", "addr:housename:zh": "东方花园", "building": "apartments", "building:levels": "28", "name": "玉蕊阁"}, "heightStatus": "levels_only_unverified", "source": "OpenStreetMap", "license": "ODbL-1.0"}, "geometry": {"type": "MultiPolygon", "coordinates": [[[[113.9730187, 22.5374806], [113.973104, 22.5373471], [113.9731707, 22.5373843], [113.9732355, 22.5373434], [113.9732779, 22.5373975], [113.9733484, 22.5373552], [113.973412, 22.5374454], [113.9733376, 22.5374885], [113.9733064, 22.5374475], [113.9732929, 22.5374552], [113.9733152, 22.5374899], [113.9732692, 22.537528], [113.9732552, 22.5375844], [113.9732077, 22.53758], [113.9732055, 22.5375928], [113.9732735, 22.5376057], [113.9732555, 22.5376919], [113.9731425, 22.5376705], [113.9731581, 22.5376005], [113.973075, 22.5375844], [113.9730904, 22.5375189], [113.9730187, 22.5374806]]]]}}, {"type": "Feature", "id": "way/620053664", "properties": {"tags": {"addr:housename": "东方花园", "addr:housename:zh": "东方花园", "building": "apartments", "building:levels": "28", "name": "丹霞阁", "name:zh": "丹霞阁"}, "heightStatus": "levels_only_unverified", "source": "OpenStreetMap", "license": "ODbL-1.0"}, "geometry": {"type": "MultiPolygon", "coordinates": [[[[113.973207, 22.5367539], [113.9733314, 22.5366499], [113.973383, 22.5367037], [113.9734581, 22.5366825], [113.9734812, 22.5367458], [113.9735621, 22.5367248], [113.9735938, 22.5368284], [113.9735089, 22.5368491], [113.9734923, 22.5368014], [113.9734769, 22.536805], [113.973487, 22.5368442], [113.9734309, 22.536868], [113.9733993, 22.536918], [113.9733554, 22.5369007], [113.9733491, 22.5369123], [113.9734099, 22.5369434], [113.9733649, 22.5370207], [113.9732639, 22.5369692], [113.9733014, 22.5369067], [113.9732272, 22.5368685], [113.9732631, 22.5368102], [113.973207, 22.5367539]]]]}}, {"type": "Feature", "id": "way/620053665", "properties": {"tags": {"building": "commercial"}, "heightStatus": "unknown", "source": "OpenStreetMap", "license": "ODbL-1.0"}, "geometry": {"type": "MultiPolygon", "coordinates": [[[[113.9733385, 22.5375755], [113.9733404, 22.537556], [113.9733492, 22.5375381], [113.9733639, 22.5375238], [113.973455, 22.5374814], [113.9733892, 22.5373597], [113.9734684, 22.5373231], [113.9734365, 22.5372641], [113.9736523, 22.5371646], [113.9736842, 22.5372235], [113.9737692, 22.5371843], [113.9738351, 22.5373061], [113.9739315, 22.5372613], [113.9739526, 22.5372584], [113.9739735, 22.537262], [113.973992, 22.5372717], [113.9740048, 22.5372846], [113.9740129, 22.5373004], [113.9740157, 22.5373178], [113.9740129, 22.5373351], [113.9740048, 22.5373509], [113.973992, 22.5373639], [113.9734269, 22.5376262], [113.9734084, 22.5376304], [113.9733895, 22.5376294], [113.9733717, 22.5376233], [113.973355, 22.5376112], [113.9733435, 22.5375946], [113.9733385, 22.5375755]]]]}}, {"type": "Feature", "id": "way/620053666", "properties": {"tags": {"addr:housenumber": "U1", "building": "house"}, "heightStatus": "unknown", "source": "OpenStreetMap", "license": "ODbL-1.0"}, "geometry": {"type": "MultiPolygon", "coordinates": [[[[113.9743053, 22.5370357], [113.9747588, 22.5368313], [113.9748239, 22.5369545], [113.9743705, 22.537159], [113.9743053, 22.5370357]]]]}}, {"type": "Feature", "id": "way/620053667", "properties": {"tags": {"addr:housenumber": "W5", "building": "house"}, "heightStatus": "unknown", "source": "OpenStreetMap", "license": "ODbL-1.0"}, "geometry": {"type": "MultiPolygon", "coordinates": [[[[113.972892, 22.5364299], [113.9728923, 22.5363725], [113.9729109, 22.5363726], [113.9729113, 22.5362832], [113.9730936, 22.536284], [113.9730932, 22.5363742], [113.9731116, 22.5363743], [113.9731113, 22.5364311], [113.9730693, 22.5364309], [113.9730692, 22.5364568], [113.9729286, 22.5364562], [113.9729287, 22.53643], [113.972892, 22.5364299]]]]}}, {"type": "Feature", "id": "way/620053668", "properties": {"tags": {"addr:housenumber": "W4", "building": "house"}, "heightStatus": "unknown", "source": "OpenStreetMap", "license": "ODbL-1.0"}, "geometry": {"type": "MultiPolygon", "coordinates": [[[[113.9727263, 22.5361678], [113.9727266, 22.5361104], [113.9727451, 22.5361105], [113.9727456, 22.5360211], [113.9729279, 22.5360219], [113.9729274, 22.5361121], [113.9729458, 22.5361122], [113.9729455, 22.536169], [113.9729036, 22.5361688], [113.9729034, 22.5361947], [113.9727629, 22.5361941], [113.972763, 22.5361679], [113.9727263, 22.5361678]]]]}}, {"type": "Feature", "id": "way/620053669", "properties": {"tags": {"addr:housenumber": "W3", "building": "house"}, "heightStatus": "unknown", "source": "OpenStreetMap", "license": "ODbL-1.0"}, "geometry": {"type": "MultiPolygon", "coordinates": [[[[113.9730567, 22.5362008], [113.973057, 22.5361434], [113.9730755, 22.5361434], [113.973076, 22.5360541], [113.9732583, 22.5360549], [113.9732578, 22.5361451], [113.9732762, 22.5361452], [113.9732759, 22.536202], [113.973234, 22.5362018], [113.9732338, 22.5362277], [113.9730933, 22.5362271], [113.9730934, 22.5362009], [113.9730567, 22.5362008]]]]}}, {"type": "Feature", "id": "way/620053671", "properties": {"tags": {"addr:housenumber": "W2", "building": "house"}, "heightStatus": "unknown", "source": "OpenStreetMap", "license": "ODbL-1.0"}, "geometry": {"type": "MultiPolygon", "coordinates": [[[[113.9734027, 22.5362585], [113.973403, 22.5362011], [113.9734216, 22.5362012], [113.973422, 22.5361118], [113.9736044, 22.5361126], [113.9736039, 22.5362028], [113.9736223, 22.5362029], [113.973622, 22.5362597], [113.97358, 22.5362596], [113.9735799, 22.5362854], [113.9734393, 22.5362848], [113.9734395, 22.5362587], [113.9734027, 22.5362585]]]]}}, {"type": "Feature", "id": "way/620053672", "properties": {"tags": {"addr:housenumber": "U2", "building": "house"}, "heightStatus": "unknown", "source": "OpenStreetMap", "license": "ODbL-1.0"}, "geometry": {"type": "MultiPolygon", "coordinates": [[[[113.9741215, 22.5366272], [113.974184, 22.5365948], [113.9741738, 22.536578], [113.9742444, 22.5365414], [113.974286, 22.5366097], [113.9742683, 22.5366188], [113.9742799, 22.5366379], [113.974354, 22.5365994], [113.9743956, 22.5366678], [113.9743779, 22.5366769], [113.9743886, 22.5366944], [113.9744557, 22.5366596], [113.974497, 22.5367274], [113.9744423, 22.5367558], [113.9744502, 22.5367687], [113.9743721, 22.5368092], [113.974333, 22.5367451], [113.9743668, 22.5367276], [113.9743539, 22.5367064], [113.9742701, 22.5367499], [113.9742308, 22.5366852], [113.9742558, 22.5366722], [113.9742419, 22.5366493], [113.9741606, 22.5366915], [113.9741215, 22.5366272]]]]}}, {"type": "Feature", "id": "way/620053673", "properties": {"tags": {"addr:housenumber": "U3", "building": "house"}, "heightStatus": "unknown", "source": "OpenStreetMap", "license": "ODbL-1.0"}, "geometry": {"type": "MultiPolygon", "coordinates": [[[[113.9736823, 22.5363916], [113.9737447, 22.5363592], [113.9737345, 22.5363425], [113.9738052, 22.5363058], [113.9738467, 22.5363741], [113.9738291, 22.5363832], [113.9738407, 22.5364023], [113.9739148, 22.5363639], [113.9739563, 22.5364322], [113.9739387, 22.5364413], [113.9739494, 22.5364589], [113.9740165, 22.536424], [113.9740577, 22.5364919], [113.9740031, 22.5365202], [113.974011, 22.5365331], [113.9739328, 22.5365737], [113.9738938, 22.5365095], [113.9739276, 22.536492], [113.9739147, 22.5364708], [113.9738309, 22.5365143], [113.9737915, 22.5364496], [113.9738166, 22.5364366], [113.9738026, 22.5364137], [113.9737214, 22.5364559], [113.9736823, 22.5363916]]]]}}, {"type": "Feature", "id": "way/620053693", "properties": {"tags": {"building": "apartments"}, "heightStatus": "unknown", "source": "OpenStreetMap", "license": "ODbL-1.0"}, "geometry": {"type": "MultiPolygon", "coordinates": [[[[113.9739181, 22.5360351], [113.9740353, 22.5360343], [113.9740351, 22.5359985], [113.9741262, 22.5359979], [113.9741259, 22.5359659], [113.9742648, 22.5359649], [113.9742656, 22.536068], [113.9742015, 22.5360684], [113.9742021, 22.5361333], [113.9740635, 22.5361343], [113.9740639, 22.536178], [113.9739193, 22.536179], [113.9739181, 22.5360351]]]]}}, {"type": "Feature", "id": "way/620127964", "properties": {"tags": {"building": "yes", "name": "东华花园会所"}, "heightStatus": "unknown", "source": "OpenStreetMap", "license": "ODbL-1.0"}, "geometry": {"type": "MultiPolygon", "coordinates": [[[[113.9723758, 22.5363193], [113.9723822, 22.5362766], [113.9724005, 22.536237], [113.9724294, 22.5362031], [113.9724669, 22.5361775], [113.9725104, 22.5361617], [113.9725568, 22.5361571], [113.9726029, 22.5361638], [113.9726455, 22.5361814], [113.9726816, 22.5362087], [113.9727087, 22.5362438], [113.9727272, 22.5362962], [113.972726, 22.5363512], [113.9727116, 22.5363866], [113.9728104, 22.5366159], [113.9727964, 22.5366132], [113.9728365, 22.5366342], [113.9728675, 22.5366658], [113.9728864, 22.5367047], [113.9728912, 22.5367471], [113.9728816, 22.5367887], [113.9728583, 22.5368255], [113.9728238, 22.5368539], [113.9727815, 22.5368709], [113.9727356, 22.5368749], [113.9726906, 22.5368655], [113.972651, 22.5368436], [113.9726207, 22.5368115], [113.9725686, 22.5367065], [113.9725546, 22.5367114], [113.972455, 22.536479], [113.9724319, 22.5364861], [113.9723817, 22.5363621], [113.9723758, 22.5363193]]]]}}, {"type": "Feature", "id": "way/694607672", "properties": {"tags": {"building": "yes", "layer": "1"}, "heightStatus": "unknown", "source": "OpenStreetMap", "license": "ODbL-1.0"}, "geometry": {"type": "MultiPolygon", "coordinates": [[[[113.9695002, 22.5375584], [113.969503, 22.537517], [113.9695196, 22.5374785], [113.9695484, 22.5374467], [113.9695865, 22.5374247], [113.9696301, 22.5374148], [113.9696749, 22.537418], [113.9697164, 22.5374339], [113.9697504, 22.5374609], [113.9697736, 22.5374964], [113.9697814, 22.5375207], [113.969784, 22.5375458], [113.9697779, 22.5375837], [113.9697603, 22.5376184], [113.9697326, 22.5376468], [113.9696971, 22.5376667], [113.969657, 22.5376763], [113.9696156, 22.5376748], [113.9695764, 22.5376624], [113.9695427, 22.5376398], [113.969525, 22.5376207], [113.9695116, 22.5375986], [113.9695002, 22.5375584]]]]}}, {"type": "Feature", "id": "relation/9653205", "properties": {"tags": {"building": "grandstand"}, "heightStatus": "unknown", "source": "OpenStreetMap", "license": "ODbL-1.0"}, "geometry": {"type": "MultiPolygon", "coordinates": [[[[113.9690688, 22.537937], [113.9690903, 22.5378304], [113.9691305, 22.5377264], [113.9692056, 22.5376149], [113.9692646, 22.537548], [113.9693478, 22.5374762], [113.9694524, 22.5374043], [113.96957, 22.5373525], [113.969692, 22.5373252], [113.9698334, 22.5373153], [113.9700183, 22.5373275], [113.9701605, 22.5373572], [113.9702812, 22.5374142], [113.970367, 22.5374836], [113.9704609, 22.5376124], [113.9705011, 22.5377388], [113.9704984, 22.53788], [113.9704582, 22.5379989], [113.9703777, 22.5381054], [113.9703223, 22.5381639], [113.9702449, 22.5382245], [113.9701744, 22.5382713], [113.970092, 22.5383167], [113.97001, 22.5383537], [113.9699205, 22.5383857], [113.9698576, 22.5384043], [113.9697404, 22.5384264], [113.9696429, 22.5384361], [113.9695242, 22.5384305], [113.9694309, 22.5384138], [113.9693236, 22.538373], [113.9692418, 22.5383271], [113.9691708, 22.5382615], [113.9691265, 22.5381909], [113.9690916, 22.5381104], [113.9690741, 22.5380274], [113.9690688, 22.537937]], [[113.9693533, 22.5380101], [113.9693761, 22.5380758], [113.9694216, 22.5381291], [113.9694874, 22.5381712], [113.9695705, 22.5381966], [113.9696577, 22.5382046], [113.9697462, 22.5382021], [113.9698374, 22.5381885], [113.9699246, 22.5381613], [113.9700037, 22.5381278], [113.9700774, 22.5380807], [113.9701298, 22.5380324], [113.9701914, 22.5379742], [113.970233, 22.537911], [113.9702531, 22.5378355], [113.9702464, 22.5377463], [113.9702236, 22.5376856], [113.9701834, 22.537641], [113.9701284, 22.5376039], [113.9700654, 22.537584], [113.9699762, 22.5375785], [113.9698924, 22.537584], [113.9698575, 22.5376472], [113.9698173, 22.5376906], [113.9697569, 22.5377277], [113.9696926, 22.53775], [113.9696201, 22.5377612], [113.9695491, 22.5377562], [113.96949, 22.5377438], [113.9694297, 22.5377921], [113.9693804, 22.5378641], [113.9693546, 22.5379408], [113.9693533, 22.5380101]]]]}}, {"type": "Feature", "id": "way/694607674", "properties": {"tags": {"building": "yes", "layer": "1"}, "heightStatus": "unknown", "source": "OpenStreetMap", "license": "ODbL-1.0"}, "geometry": {"type": "MultiPolygon", "coordinates": [[[[113.9694135, 22.5376368], [113.9695116, 22.5375986], [113.969525, 22.5376207], [113.9695427, 22.5376398], [113.9694342, 22.5376821], [113.9694135, 22.5376368]]]]}}, {"type": "Feature", "id": "way/694607675", "properties": {"tags": {"building": "yes", "layer": "1"}, "heightStatus": "unknown", "source": "OpenStreetMap", "license": "ODbL-1.0"}, "geometry": {"type": "MultiPolygon", "coordinates": [[[[113.9697736, 22.5374964], [113.9698688, 22.5374593], [113.9698896, 22.5375047], [113.969784, 22.5375458], [113.9697814, 22.5375207], [113.9697736, 22.5374964]]]]}}, {"type": "Feature", "id": "way/914215467", "properties": {"tags": {"building": "commercial", "building:colour": "gold", "building:levels": "34", "building:material": "glass", "height": "113", "name": "瑞思中心", "name:en": "Reith Center", "name:zh": "瑞思中心"}, "heightStatus": "height_tag_unverified", "source": "OpenStreetMap", "license": "ODbL-1.0"}, "geometry": {"type": "MultiPolygon", "coordinates": [[[[113.9680561, 22.5410659], [113.9683086, 22.5409761], [113.9684055, 22.5412085], [113.968153, 22.5412982], [113.9680561, 22.5410659]]]]}}, {"type": "Feature", "id": "way/914215468", "properties": {"tags": {"building:colour": "#82bfb3", "building:levels": "20", "building:material": "concrete", "building:min_level": "15", "building:part": "apartments", "height": "64.6", "min_height": "48.4"}, "heightStatus": "height_tag_unverified", "source": "OpenStreetMap", "license": "ODbL-1.0"}, "geometry": {"type": "MultiPolygon", "coordinates": [[[[113.967159, 22.5421415], [113.9671608, 22.541863], [113.9671624, 22.5416292], [113.9671624, 22.5416276], [113.9672615, 22.5416281], [113.9672611, 22.5416788], [113.9673756, 22.5416794], [113.9673744, 22.5418631], [113.9673725, 22.5421417], [113.9673725, 22.5421427], [113.9673135, 22.5421423], [113.9671625, 22.5421415], [113.967159, 22.5421415]]]]}}, {"type": "Feature", "id": "way/914215469", "properties": {"tags": {"building:colour": "gold", "building:levels": "12", "building:material": "glass", "building:min_level": "10", "building:part": "apartments", "height": "38.7", "min_height": "32.3"}, "heightStatus": "height_tag_unverified", "source": "OpenStreetMap", "license": "ODbL-1.0"}, "geometry": {"type": "MultiPolygon", "coordinates": [[[[113.9671624, 22.5416276], [113.9671634, 22.5414976], [113.9673011, 22.54154], [113.9673763, 22.5415632], [113.9673756, 22.5416794], [113.9672611, 22.5416788], [113.9672615, 22.5416281], [113.9671624, 22.5416276]]]]}}, {"type": "Feature", "id": "way/914215470", "properties": {"tags": {"building:colour": "gold", "building:levels": "5", "building:material": "glass", "building:part": "apartments", "height": "16.1"}, "heightStatus": "height_tag_unverified", "source": "OpenStreetMap", "license": "ODbL-1.0"}, "geometry": {"type": "MultiPolygon", "coordinates": [[[[113.967159, 22.5421415], [113.9671608, 22.541863], [113.9671624, 22.5416292], [113.9671624, 22.5416276], [113.9671634, 22.5414976], [113.9673011, 22.54154], [113.9673763, 22.5415632], [113.9673756, 22.5416794], [113.9673744, 22.5418631], [113.9673725, 22.5421417], [113.9673725, 22.5421427], [113.9673135, 22.5421423], [113.9671625, 22.5421415], [113.967159, 22.5421415]]]]}}, {"type": "Feature", "id": "way/914215471", "properties": {"tags": {"building:colour": "#7ea8ca", "building:levels": "15", "building:material": "concrete", "building:min_level": "10", "building:part": "apartments", "height": "48.4", "min_height": "32.3"}, "heightStatus": "height_tag_unverified", "source": "OpenStreetMap", "license": "ODbL-1.0"}, "geometry": {"type": "MultiPolygon", "coordinates": [[[[113.9671594, 22.5416292], [113.9671624, 22.5416292], [113.9672586, 22.5416287], [113.9672588, 22.5416794], [113.9673733, 22.5416788], [113.9673744, 22.5418631], [113.9673753, 22.5421417], [113.9673725, 22.5421417], [113.9673135, 22.5421423], [113.9671625, 22.5421431], [113.9671625, 22.5421415], [113.9671608, 22.541863], [113.9671594, 22.5416292]]]]}}, {"type": "Feature", "id": "way/914215472", "properties": {"tags": {"building:colour": "#e6d49a", "building:levels": "10", "building:material": "concrete", "building:min_level": "5", "building:part": "yes", "height": "32.3", "min_height": "16.1"}, "heightStatus": "height_tag_unverified", "source": "OpenStreetMap", "license": "ODbL-1.0"}, "geometry": {"type": "MultiPolygon", "coordinates": [[[[113.967159, 22.5421415], [113.9671608, 22.541863], [113.9671624, 22.5416292], [113.9671624, 22.5416276], [113.9672615, 22.5416281], [113.9673006, 22.5416282], [113.9673011, 22.54154], [113.9673763, 22.5415632], [113.9673756, 22.5416794], [113.9673744, 22.5418631], [113.9673725, 22.5421417], [113.9673725, 22.5421427], [113.9673135, 22.5421423], [113.9671625, 22.5421415], [113.967159, 22.5421415]]]]}}, {"type": "Feature", "id": "way/914215473", "properties": {"tags": {"building:colour": "gold", "building:levels": "10", "building:material": "glass", "building:min_level": "5", "building:part": "yes", "height": "32.3", "min_height": "16.1"}, "heightStatus": "height_tag_unverified", "source": "OpenStreetMap", "license": "ODbL-1.0"}, "geometry": {"type": "MultiPolygon", "coordinates": [[[[113.9671624, 22.5416276], [113.9671634, 22.5414976], [113.9673011, 22.54154], [113.9673006, 22.5416282], [113.9672615, 22.5416281], [113.9671624, 22.5416276]]]]}}, {"type": "Feature", "id": "way/914215474", "properties": {"tags": {"building:colour": "#e6d49a", "building:levels": "25", "building:material": "concrete", "building:min_level": "20", "building:part": "apartments", "height": "80.7", "min_height": "64.6"}, "heightStatus": "height_tag_unverified", "source": "OpenStreetMap", "license": "ODbL-1.0"}, "geometry": {"type": "MultiPolygon", "coordinates": [[[[113.9671594, 22.5416292], [113.9671624, 22.5416292], [113.9672586, 22.5416287], [113.9672588, 22.5416794], [113.9673733, 22.5416788], [113.9673744, 22.5418631], [113.9673753, 22.5421417], [113.9673725, 22.5421417], [113.9673135, 22.5421423], [113.9671625, 22.5421431], [113.9671625, 22.5421415], [113.9671608, 22.541863], [113.9671594, 22.5416292]]]]}}, {"type": "Feature", "id": "way/914215475", "properties": {"tags": {"building:colour": "#82bfb3", "building:levels": "33", "building:material": "concrete", "building:min_level": "30", "building:part": "apartments", "height": "113", "min_height": "96.9"}, "heightStatus": "height_tag_unverified", "source": "OpenStreetMap", "license": "ODbL-1.0"}, "geometry": {"type": "MultiPolygon", "coordinates": [[[[113.9671594, 22.5416292], [113.9671624, 22.5416292], [113.9672586, 22.5416287], [113.9672588, 22.5416794], [113.9673733, 22.5416788], [113.9673726, 22.5418509], [113.9673753, 22.5421417], [113.9673725, 22.5421417], [113.9673135, 22.5421423], [113.9671625, 22.5421431], [113.9671625, 22.5421415], [113.9671608, 22.541863], [113.9671594, 22.5416292]]]]}}, {"type": "Feature", "id": "way/914215476", "properties": {"tags": {"building:colour": "#7ea8ca", "building:levels": "30", "building:material": "concrete", "building:min_level": "25", "building:part": "apartments", "height": "96.9", "min_height": "80.7"}, "heightStatus": "height_tag_unverified", "source": "OpenStreetMap", "license": "ODbL-1.0"}, "geometry": {"type": "MultiPolygon", "coordinates": [[[[113.967159, 22.5421415], [113.9671608, 22.541863], [113.9671624, 22.5416292], [113.9671624, 22.5416276], [113.9672615, 22.5416281], [113.9672611, 22.5416788], [113.9673756, 22.5416794], [113.9673744, 22.5418631], [113.9673725, 22.5421417], [113.9673725, 22.5421427], [113.9673135, 22.5421423], [113.9671625, 22.5421415], [113.967159, 22.5421415]]]]}}, {"type": "Feature", "id": "way/914215487", "properties": {"tags": {"building": "yes"}, "heightStatus": "unknown", "source": "OpenStreetMap", "license": "ODbL-1.0"}, "geometry": {"type": "MultiPolygon", "coordinates": [[[[113.9709172, 22.5410391], [113.9713513, 22.5408752], [113.9714371, 22.541069], [113.971003, 22.541233], [113.9709172, 22.5410391]]]]}}, {"type": "Feature", "id": "way/1150884223", "properties": {"tags": {"building": "yes", "name": "泰姬玛哈尔陵微缩模型", "name:en": "Taji Mahal replica", "name:zh": "泰姬玛哈尔陵微缩模型", "tourism": "attraction"}, "heightStatus": "unknown", "source": "OpenStreetMap", "license": "ODbL-1.0"}, "geometry": {"type": "MultiPolygon", "coordinates": [[[[113.9717782, 22.5365113], [113.9719164, 22.5364632], [113.9719651, 22.5365825], [113.9718269, 22.5366307], [113.9717782, 22.5365113]]]]}}, {"type": "Feature", "id": "way/1150884224", "properties": {"tags": {"building": "yes", "building:levels": "0", "name": "基撒金字塔群微缩模型", "name:en": "Pyramids of Giza replica", "name:zh": "基撒金字塔群微缩模型", "roof:colour": "#fdf4bf", "roof:levels": "2", "roof:shape": "pyramidal", "tourism": "attraction"}, "heightStatus": "levels_only_unverified", "source": "OpenStreetMap", "license": "ODbL-1.0"}, "geometry": {"type": "MultiPolygon", "coordinates": [[[[113.9672695, 22.5364711], [113.9673262, 22.5363423], [113.9674661, 22.5363949], [113.9674093, 22.5365237], [113.9672695, 22.5364711]]]]}}, {"type": "Feature", "id": "way/1150884225", "properties": {"tags": {"building": "yes", "building:levels": "0", "name": "基撒金字塔群微缩模型", "name:en": "Pyramids of Giza replica", "name:zh": "基撒金字塔群微缩模型", "roof:colour": "#fdf4bf", "roof:levels": "2", "roof:shape": "pyramidal", "tourism": "attraction"}, "heightStatus": "levels_only_unverified", "source": "OpenStreetMap", "license": "ODbL-1.0"}, "geometry": {"type": "MultiPolygon", "coordinates": [[[[113.9669944, 22.536576], [113.9670444, 22.5364581], [113.9671736, 22.5365049], [113.9671526, 22.5365545], [113.9671236, 22.5366227], [113.9669944, 22.536576]]]]}}, {"type": "Feature", "id": "way/1150884226", "properties": {"tags": {"building": "yes", "building:levels": "0", "name": "基撒金字塔群微缩模型", "name:en": "Pyramids of Giza replica", "name:zh": "基撒金字塔群微缩模型", "roof:colour": "#fdf4bf", "roof:levels": "1", "roof:shape": "pyramidal", "tourism": "attraction"}, "heightStatus": "levels_only_unverified", "source": "OpenStreetMap", "license": "ODbL-1.0"}, "geometry": {"type": "MultiPolygon", "coordinates": [[[[113.9667398, 22.5366218], [113.9667704, 22.5365435], [113.966852, 22.5365707], [113.9668215, 22.536649], [113.9667398, 22.5366218]]]]}}, {"type": "Feature", "id": "way/1150884235", "properties": {"tags": {"building": "retail", "name": "巴黎春天购物广场", "name:en": "Paris Spring Shopping Plaza", "name:zh": "巴黎春天购物广场"}, "heightStatus": "unknown", "source": "OpenStreetMap", "license": "ODbL-1.0"}, "geometry": {"type": "MultiPolygon", "coordinates": [[[[113.9684696, 22.5360902], [113.9685186, 22.5360714], [113.9688834, 22.536883], [113.9688346, 22.5369017], [113.9684696, 22.5360902]]]]}}, {"type": "Feature", "id": "way/1150884236", "properties": {"tags": {"building": "yes", "name": "桂离宫微缩模型", "name:en": "Katsura Detached Palace replica", "name:zh": "桂离宫微缩模型", "tourism": "attraction"}, "heightStatus": "unknown", "source": "OpenStreetMap", "license": "ODbL-1.0"}, "geometry": {"type": "MultiPolygon", "coordinates": [[[[113.9715197, 22.5378168], [113.9716303, 22.5376759], [113.9716989, 22.5377219], [113.9717154, 22.537701], [113.9717708, 22.537738], [113.9718116, 22.5376859], [113.9718749, 22.5377282], [113.9719166, 22.537675], [113.972028, 22.5377495], [113.9719119, 22.5378975], [113.9720698, 22.5380031], [113.9720168, 22.5380707], [113.9717256, 22.5378758], [113.9717086, 22.5378974], [113.9716627, 22.5378667], [113.9716392, 22.5378967], [113.9715197, 22.5378168]]]]}}, {"type": "Feature", "id": "way/1197685533", "properties": {"tags": {"building": "train_station", "building:levels": "0", "building:levels:underground": "3", "layer": "-1", "location": "underground", "name": "世界之窗站", "name:en": "Window of the World Station", "name:zh": "世界之窗站"}, "heightStatus": "levels_only_unverified", "source": "OpenStreetMap", "license": "ODbL-1.0"}, "geometry": {"type": "MultiPolygon", "coordinates": [[[[113.9672968, 22.5403852], [113.9681456, 22.5400665], [113.9680593, 22.5398676], [113.9685026, 22.5396962], [113.9685931, 22.5398985], [113.9689321, 22.5397712], [113.9688871, 22.5396664], [113.9687817, 22.539705], [113.9687405, 22.5396091], [113.968833, 22.5395752], [113.9688043, 22.5395085], [113.968872, 22.5394837], [113.9689019, 22.5395532], [113.9692166, 22.5394378], [113.9692102, 22.5394231], [113.9691054, 22.5394617], [113.9690718, 22.5393837], [113.9691765, 22.5393452], [113.9691401, 22.539261], [113.9691635, 22.5392524], [113.9691275, 22.5391692], [113.969323, 22.539097], [113.969396, 22.5392659], [113.9697678, 22.539129], [113.969803, 22.5392104], [113.9694313, 22.5393474], [113.9695193, 22.5395508], [113.9698786, 22.5394159], [113.9698163, 22.5392717], [113.969839, 22.5392633], [113.9698032, 22.5391805], [113.9702012, 22.5390321], [113.9701918, 22.539011], [113.9703239, 22.5389604], [113.9703788, 22.539083], [113.9702468, 22.5391336], [113.970233, 22.5391029], [113.9699054, 22.5392251], [113.9699907, 22.539423], [113.9702854, 22.5393125], [113.9705026, 22.5398086], [113.9706932, 22.5397385], [113.9707182, 22.5397964], [113.9700247, 22.540051], [113.970019, 22.540056], [113.9700187, 22.5400632], [113.9700895, 22.5402277], [113.9700254, 22.5402512], [113.9699463, 22.5400673], [113.9699443, 22.5400569], [113.969944, 22.5400473], [113.9699464, 22.5400375], [113.9699509, 22.5400288], [113.9699565, 22.5400225], [113.969965, 22.5400175], [113.9701337, 22.5399556], [113.9700742, 22.5398174], [113.969696, 22.5399593], [113.9698935, 22.5404157], [113.9696743, 22.5404965], [113.9694775, 22.5400413], [113.9694, 22.5400704], [113.9694719, 22.5402378], [113.9692128, 22.5403327], [113.9692223, 22.5403546], [113.9692626, 22.5403399], [113.9692836, 22.5403888], [113.9691868, 22.5404242], [113.969156, 22.5403524], [113.9690854, 22.5403782], [113.9690608, 22.5403209], [113.9691607, 22.5402844], [113.9691517, 22.5402142], [113.9691331, 22.5401706], [113.9687544, 22.5403126], [113.9687819, 22.5403771], [113.9685731, 22.5405866], [113.9682461, 22.5407059], [113.9682144, 22.5406319], [113.9683129, 22.540596], [113.968349, 22.5405052], [113.9683354, 22.5404699], [113.967476, 22.5407924], [113.9672968, 22.5403852]]]]}}, {"type": "Feature", "id": "way/1426521426", "properties": {"tags": {"addr:housename": "西组团社区", "addr:housename:zh": "西组团社区", "building": "yes", "name": "9栋", "name:zh": "9栋"}, "heightStatus": "unknown", "source": "OpenStreetMap", "license": "ODbL-1.0"}, "geometry": {"type": "MultiPolygon", "coordinates": [[[[113.97458, 22.5398109], [113.9745818, 22.5397349], [113.9745951, 22.5397351], [113.9745965, 22.5396745], [113.974611, 22.5396748], [113.9746118, 22.5396431], [113.9746235, 22.5396434], [113.9746243, 22.5396083], [113.9746813, 22.5396094], [113.9746839, 22.5394932], [113.974845, 22.5394963], [113.9748423, 22.5396172], [113.9748208, 22.5396167], [113.9748173, 22.5397677], [113.9748388, 22.5397681], [113.9748377, 22.539816], [113.97458, 22.5398109]]]]}}, {"type": "Feature", "id": "way/1426521427", "properties": {"tags": {"addr:housename": "西组团社区", "addr:housename:zh": "西组团社区", "building": "yes", "name": "27栋", "name:zh": "27栋"}, "heightStatus": "unknown", "source": "OpenStreetMap", "license": "ODbL-1.0"}, "geometry": {"type": "MultiPolygon", "coordinates": [[[[113.9742967, 22.5396431], [113.9742987, 22.5395542], [113.9743615, 22.5395554], [113.9743621, 22.5395308], [113.974363, 22.5394894], [113.974365, 22.5394057], [113.974606, 22.5394104], [113.9746344, 22.5394391], [113.9745499, 22.5395106], [113.9745257, 22.5394862], [113.974436, 22.5394844], [113.9744323, 22.5396458], [113.9742967, 22.5396431]]]]}}, {"type": "Feature", "id": "way/1426521428", "properties": {"tags": {"addr:housename": "西组团社区", "addr:housename:zh": "西组团社区", "building": "apartments", "building:levels": "7", "name": "8栋", "name:zh": "8栋"}, "heightStatus": "levels_only_unverified", "source": "OpenStreetMap", "license": "ODbL-1.0"}, "geometry": {"type": "MultiPolygon", "coordinates": [[[[113.9745916, 22.5393037], [113.9746196, 22.5392893], [113.9746144, 22.5392806], [113.9746419, 22.5392666], [113.9746428, 22.5392048], [113.9747676, 22.5392064], [113.9747667, 22.5392682], [113.9747937, 22.5392828], [113.9747883, 22.5392914], [113.9748159, 22.5393064], [113.9747835, 22.5393574], [113.9747196, 22.5393227], [113.9746874, 22.5393223], [113.9746225, 22.5393554], [113.9745916, 22.5393037]]]]}}, {"type": "Feature", "id": "way/1426521430", "properties": {"tags": {"addr:housename": "西组团社区", "addr:housename:zh": "西组团社区", "building": "apartments", "building:levels": "7", "name": "海棠阁", "name:zh": "海棠阁"}, "heightStatus": "levels_only_unverified", "source": "OpenStreetMap", "license": "ODbL-1.0"}, "geometry": {"type": "MultiPolygon", "coordinates": [[[[113.9741367, 22.5395264], [113.9741377, 22.539485], [113.9741554, 22.5394854], [113.9741559, 22.5394621], [113.9741752, 22.5394625], [113.9741758, 22.5394343], [113.9742123, 22.539402], [113.9741652, 22.5393566], [113.9741666, 22.5392948], [113.9741879, 22.5392952], [113.9742029, 22.5393097], [113.9742223, 22.53931], [113.9742213, 22.5393526], [113.9742447, 22.539353], [113.9742443, 22.5393708], [113.974253, 22.539371], [113.9742618, 22.5393711], [113.9742622, 22.5393534], [113.9742856, 22.5393538], [113.9742866, 22.5393113], [113.9743059, 22.5393117], [113.9743216, 22.5392978], [113.9743428, 22.5392982], [113.9743414, 22.53936], [113.9742923, 22.5394035], [113.9743272, 22.5394372], [113.9743266, 22.5394655], [113.9743458, 22.5394658], [113.9743453, 22.5394891], [113.974363, 22.5394894], [113.9743621, 22.5395308], [113.9742924, 22.5395295], [113.974293, 22.5395034], [113.9742671, 22.5395029], [113.9742679, 22.5394676], [113.9742512, 22.5394515], [113.9742337, 22.539467], [113.9742329, 22.5395023], [113.974207, 22.5395017], [113.9742064, 22.5395278], [113.9741367, 22.5395264]]]]}}, {"type": "Feature", "id": "way/1426521431", "properties": {"tags": {"addr:housename": "西组团社区", "addr:housename:zh": "西组团社区", "building": "apartments", "building:levels": "7", "name": "金旋阁", "name:zh": "金旋阁"}, "heightStatus": "levels_only_unverified", "source": "OpenStreetMap", "license": "ODbL-1.0"}, "geometry": {"type": "MultiPolygon", "coordinates": [[[[113.9740879, 22.5391843], [113.9740889, 22.5391429], [113.9741066, 22.5391433], [113.9741071, 22.53912], [113.9741264, 22.5391204], [113.974127, 22.5390922], [113.9741635, 22.5390599], [113.9741164, 22.5390145], [113.9741178, 22.5389527], [113.9741391, 22.5389531], [113.9741541, 22.5389676], [113.9741735, 22.538968], [113.9741725, 22.5390105], [113.9741959, 22.539011], [113.9741955, 22.5390287], [113.9742042, 22.5390289], [113.974213, 22.5390291], [113.9742134, 22.5390113], [113.9742368, 22.5390118], [113.9742378, 22.5389692], [113.9742571, 22.5389696], [113.9742728, 22.5389557], [113.974294, 22.5389562], [113.9742926, 22.539018], [113.9742435, 22.5390615], [113.9742784, 22.5390952], [113.9742778, 22.5391234], [113.974297, 22.5391238], [113.9742965, 22.539147], [113.9743142, 22.5391474], [113.9743133, 22.5391888], [113.9742436, 22.5391874], [113.9742442, 22.5391614], [113.9742183, 22.5391609], [113.9742191, 22.5391255], [113.9742024, 22.5391094], [113.9741849, 22.5391249], [113.9741841, 22.5391602], [113.9741582, 22.5391597], [113.9741576, 22.5391857], [113.9740879, 22.5391843]]]]}}, {"type": "Feature", "id": "way/1426521432", "properties": {"tags": {"addr:housename": "西组团社区", "addr:housename:zh": "西组团社区", "building": "apartments", "building:levels": "7", "name": "春桃阁", "name:zh": "春桃阁"}, "heightStatus": "levels_only_unverified", "source": "OpenStreetMap", "license": "ODbL-1.0"}, "geometry": {"type": "MultiPolygon", "coordinates": [[[[113.9743079, 22.5390543], [113.9743088, 22.5390129], [113.9743265, 22.5390132], [113.9743271, 22.53899], [113.9743463, 22.5389904], [113.974347, 22.5389621], [113.9743835, 22.5389298], [113.9743364, 22.5388845], [113.9743378, 22.5388226], [113.974359, 22.5388231], [113.9743741, 22.5388375], [113.9743934, 22.5388379], [113.9743924, 22.5388804], [113.9744159, 22.5388809], [113.9744154, 22.5388987], [113.9744242, 22.5388988], [113.9744329, 22.538899], [113.9744333, 22.5388812], [113.9744567, 22.5388817], [113.9744577, 22.5388392], [113.9744771, 22.5388396], [113.9744927, 22.5388257], [113.974514, 22.5388261], [113.9745126, 22.5388879], [113.9744634, 22.5389314], [113.9744984, 22.5389651], [113.9744977, 22.5389933], [113.974517, 22.5389937], [113.9745164, 22.5390169], [113.9745342, 22.5390173], [113.9745332, 22.5390587], [113.9744635, 22.5390573], [113.9744641, 22.5390313], [113.9744383, 22.5390308], [113.9744391, 22.5389955], [113.9744223, 22.5389793], [113.9744048, 22.5389948], [113.974404, 22.5390301], [113.9743782, 22.5390296], [113.9743776, 22.5390556], [113.9743079, 22.5390543]]]]}}, {"type": "Feature", "id": "way/1426521433", "properties": {"tags": {"addr:housename": "西组团社区", "addr:housename:zh": "西组团社区", "building": "apartments", "building:levels": "7", "name": "芙蓉阁", "name:zh": "芙蓉阁"}, "heightStatus": "levels_only_unverified", "source": "OpenStreetMap", "license": "ODbL-1.0"}, "geometry": {"type": "MultiPolygon", "coordinates": [[[[113.9741, 22.5388301], [113.974101, 22.5387887], [113.9741187, 22.538789], [113.9741192, 22.5387658], [113.9741385, 22.5387662], [113.9741391, 22.5387379], [113.9741756, 22.5387056], [113.9741285, 22.5386603], [113.9741299, 22.5385984], [113.9741512, 22.5385989], [113.9741662, 22.5386133], [113.9741855, 22.5386137], [113.9741846, 22.5386562], [113.974208, 22.5386567], [113.9742076, 22.5386745], [113.9742163, 22.5386746], [113.974225, 22.5386748], [113.9742254, 22.538657], [113.9742489, 22.5386575], [113.9742498, 22.538615], [113.9742692, 22.5386154], [113.9742849, 22.5386015], [113.9743061, 22.5386019], [113.9743047, 22.5386637], [113.9742556, 22.5387072], [113.9742905, 22.5387409], [113.9742899, 22.5387691], [113.9743091, 22.5387695], [113.9743086, 22.5387927], [113.9743263, 22.5387931], [113.9743253, 22.5388345], [113.9742556, 22.5388331], [113.9742562, 22.5388071], [113.9742304, 22.5388066], [113.9742312, 22.5387713], [113.9742144, 22.5387551], [113.974197, 22.5387706], [113.9741962, 22.5388059], [113.9741703, 22.5388054], [113.9741697, 22.5388314], [113.9741, 22.5388301]]]]}}, {"type": "Feature", "id": "way/1426521434", "properties": {"tags": {"addr:housename": "西组团社区", "addr:housename:zh": "西组团社区", "building": "apartments", "building:levels": "7"}, "heightStatus": "levels_only_unverified", "source": "OpenStreetMap", "license": "ODbL-1.0"}, "geometry": {"type": "MultiPolygon", "coordinates": [[[[113.9744178, 22.5387248], [113.9744188, 22.5386834], [113.9744365, 22.5386837], [113.9744371, 22.5386605], [113.9744563, 22.5386609], [113.974457, 22.5386326], [113.9744934, 22.5386004], [113.9744463, 22.538555], [113.9744477, 22.5384932], [113.974469, 22.5384936], [113.974484, 22.538508], [113.9745034, 22.5385084], [113.9745024, 22.538551], [113.9745258, 22.5385514], [113.9745254, 22.5385692], [113.9745341, 22.5385693], [113.9745429, 22.5385695], [113.9745433, 22.5385518], [113.9745667, 22.5385522], [113.9745677, 22.5385097], [113.974587, 22.5385101], [113.9746027, 22.5384962], [113.974624, 22.5384966], [113.9746225, 22.5385584], [113.9745734, 22.5386019], [113.9746084, 22.5386356], [113.9746077, 22.5386638], [113.974627, 22.5386642], [113.9746264, 22.5386875], [113.9746441, 22.5386878], [113.9746432, 22.5387292], [113.9745735, 22.5387278], [113.9745741, 22.5387018], [113.9745482, 22.5387013], [113.974549, 22.538666], [113.9745323, 22.5386499], [113.9745148, 22.5386653], [113.974514, 22.5387006], [113.9744881, 22.5387001], [113.9744876, 22.5387262], [113.9744178, 22.5387248]]]]}}, {"type": "Feature", "id": "way/1426521435", "properties": {"tags": {"addr:housename": "西组团社区", "addr:housename:zh": "西组团社区", "building": "apartments", "building:levels": "7", "name": "红杏阁", "name:zh": "红杏阁"}, "heightStatus": "levels_only_unverified", "source": "OpenStreetMap", "license": "ODbL-1.0"}, "geometry": {"type": "MultiPolygon", "coordinates": [[[[113.9746496, 22.5385503], [113.9746506, 22.5385089], [113.9746683, 22.5385093], [113.9746688, 22.538486], [113.9746881, 22.5384864], [113.9746887, 22.5384582], [113.9747252, 22.5384259], [113.9746781, 22.5383805], [113.9746795, 22.5383187], [113.9747008, 22.5383191], [113.9747158, 22.5383336], [113.9747352, 22.538334], [113.9747342, 22.5383765], [113.9747576, 22.538377], [113.9747572, 22.5383947], [113.9747659, 22.5383949], [113.9747747, 22.5383951], [113.9747751, 22.5383773], [113.9747985, 22.5383778], [113.9747995, 22.5383352], [113.9748188, 22.5383356], [113.9748345, 22.5383217], [113.9748557, 22.5383222], [113.9748543, 22.538384], [113.9748052, 22.5384275], [113.9748401, 22.5384612], [113.9748395, 22.5384894], [113.9748587, 22.5384898], [113.9748582, 22.538513], [113.9748759, 22.5385134], [113.974875, 22.5385548], [113.9748053, 22.5385534], [113.9748059, 22.5385274], [113.97478, 22.5385269], [113.9747808, 22.5384916], [113.9747641, 22.5384754], [113.9747466, 22.5384909], [113.9747458, 22.5385262], [113.9747199, 22.5385257], [113.9747193, 22.5385517], [113.9746496, 22.5385503]]]]}}, {"type": "Feature", "id": "way/1426521437", "properties": {"tags": {"building": "apartments", "name": "25栋", "name:zh": "25栋"}, "heightStatus": "unknown", "source": "OpenStreetMap", "license": "ODbL-1.0"}, "geometry": {"type": "MultiPolygon", "coordinates": [[[[113.9745299, 22.5400602], [113.9745738, 22.5400401], [113.9745736, 22.5400172], [113.9745619, 22.5400173], [113.9745616, 22.5399805], [113.9745734, 22.5399804], [113.9745731, 22.5399515], [113.9747125, 22.5399506], [113.9747128, 22.5399795], [113.9747245, 22.5399794], [113.9747248, 22.5400162], [113.974713, 22.5400163], [113.9747132, 22.5400392], [113.9747574, 22.5400588], [113.9747415, 22.5400894], [113.9747545, 22.5400952], [113.9747355, 22.5401319], [113.9746439, 22.5400913], [113.9745529, 22.5401331], [113.9745333, 22.5400966], [113.9745463, 22.5400906], [113.9745299, 22.5400602]]]]}}, {"type": "Feature", "id": "way/1426521438", "properties": {"tags": {"building": "apartments", "name": "23栋", "name:zh": "23栋"}, "heightStatus": "unknown", "source": "OpenStreetMap", "license": "ODbL-1.0"}, "geometry": {"type": "MultiPolygon", "coordinates": [[[[113.9752608, 22.5400713], [113.9753047, 22.5400512], [113.9753045, 22.5400283], [113.9752928, 22.5400284], [113.9752925, 22.5399916], [113.9753043, 22.5399915], [113.975304, 22.5399627], [113.9754435, 22.5399618], [113.9754437, 22.5399907], [113.9754554, 22.5399906], [113.9754557, 22.5400274], [113.9754439, 22.5400275], [113.9754441, 22.5400504], [113.9754883, 22.5400699], [113.9754724, 22.5401006], [113.9754854, 22.5401063], [113.9754664, 22.5401431], [113.9753748, 22.5401025], [113.9752838, 22.5401442], [113.9752642, 22.5401077], [113.9752772, 22.5401018], [113.9752608, 22.5400713]]]]}}, {"type": "Feature", "id": "way/1426521439", "properties": {"tags": {"building": "apartments", "name": "24栋", "name:zh": "24栋"}, "heightStatus": "unknown", "source": "OpenStreetMap", "license": "ODbL-1.0"}, "geometry": {"type": "MultiPolygon", "coordinates": [[[[113.9748995, 22.5400677], [113.9749433, 22.5400476], [113.9749432, 22.5400247], [113.9749315, 22.5400248], [113.9749312, 22.539988], [113.9749429, 22.5399879], [113.9749427, 22.539959], [113.9750821, 22.5399582], [113.9750823, 22.539987], [113.975094, 22.539987], [113.9750943, 22.5400238], [113.9750826, 22.5400238], [113.9750827, 22.5400467], [113.9751269, 22.5400663], [113.975111, 22.5400969], [113.9751241, 22.5401027], [113.975105, 22.5401394], [113.9750134, 22.5400989], [113.9749224, 22.5401406], [113.9749028, 22.5401041], [113.9749158, 22.5400982], [113.9748995, 22.5400677]]]]}}, {"type": "Feature", "id": "way/1426521440", "properties": {"tags": {"addr:housename": "西组团社区", "addr:housename:zh": "西组团社区", "building": "apartments", "building:levels": "7", "name": "19栋", "name:zh": "19栋"}, "heightStatus": "levels_only_unverified", "source": "OpenStreetMap", "license": "ODbL-1.0"}, "geometry": {"type": "MultiPolygon", "coordinates": [[[[113.9753412, 22.5393578], [113.9753415, 22.5393138], [113.9753512, 22.5393139], [113.9753515, 22.539282], [113.9754556, 22.5392826], [113.9754554, 22.5393117], [113.9754972, 22.5393119], [113.9754972, 22.5393207], [113.9755349, 22.5393209], [113.9755344, 22.5393879], [113.9754967, 22.5393877], [113.9754965, 22.539409], [113.9754465, 22.5394087], [113.9754469, 22.5393584], [113.9753412, 22.5393578]]]]}}, {"type": "Feature", "id": "way/1426521441", "properties": {"tags": {"addr:housename": "西组团社区", "addr:housename:zh": "西组团社区", "building": "apartments", "building:levels": "7", "name": "17栋", "name:zh": "17栋"}, "heightStatus": "levels_only_unverified", "source": "OpenStreetMap", "license": "ODbL-1.0"}, "geometry": {"type": "MultiPolygon", "coordinates": [[[[113.975342, 22.5390906], [113.9753424, 22.5390467], [113.9753521, 22.5390467], [113.9753523, 22.5390148], [113.9754565, 22.5390155], [113.9754563, 22.5390445], [113.9754981, 22.5390448], [113.975498, 22.5390535], [113.9755357, 22.5390538], [113.9755352, 22.5391208], [113.9754975, 22.5391205], [113.9754973, 22.5391419], [113.9754473, 22.5391416], [113.9754477, 22.5390913], [113.975342, 22.5390906]]]]}}, {"type": "Feature", "id": "way/1426521446", "properties": {"tags": {"addr:housename": "西组团社区", "addr:housename:zh": "西组团社区", "building": "apartments", "building:levels": "7", "name": "12栋", "name:zh": "12栋"}, "heightStatus": "levels_only_unverified", "source": "OpenStreetMap", "license": "ODbL-1.0"}, "geometry": {"type": "MultiPolygon", "coordinates": [[[[113.9760551, 22.5390666], [113.9760583, 22.5389759], [113.976487, 22.5389889], [113.9764838, 22.5390796], [113.9760551, 22.5390666]]]]}}, {"type": "Feature", "id": "way/1426521447", "properties": {"tags": {"addr:housename": "西组团社区", "addr:housename:zh": "西组团社区", "building": "apartments", "building:levels": "7", "name": "4栋", "name:zh": "4栋"}, "heightStatus": "levels_only_unverified", "source": "OpenStreetMap", "license": "ODbL-1.0"}, "geometry": {"type": "MultiPolygon", "coordinates": [[[[113.9750603, 22.5385407], [113.9750635, 22.5384501], [113.9755085, 22.5384636], [113.9755053, 22.5385542], [113.9750603, 22.5385407]]]]}}, {"type": "Feature", "id": "way/1426521448", "properties": {"tags": {"addr:housename": "西组团社区", "addr:housename:zh": "西组团社区", "building": "apartments", "building:levels": "7", "name": "2栋", "name:zh": "2栋"}, "heightStatus": "levels_only_unverified", "source": "OpenStreetMap", "license": "ODbL-1.0"}, "geometry": {"type": "MultiPolygon", "coordinates": [[[[113.9761141, 22.5385726], [113.9761173, 22.5384819], [113.9764968, 22.5384935], [113.9764935, 22.5385841], [113.9761141, 22.5385726]]]]}}, {"type": "Feature", "id": "way/1426521449", "properties": {"tags": {"addr:housename": "西组团社区", "addr:housename:zh": "西组团社区", "building": "apartments", "building:levels": "7", "name": "3栋", "name:zh": "3栋"}, "heightStatus": "levels_only_unverified", "source": "OpenStreetMap", "license": "ODbL-1.0"}, "geometry": {"type": "MultiPolygon", "coordinates": [[[[113.9756069, 22.5385564], [113.9756101, 22.5384657], [113.9759896, 22.5384772], [113.9759864, 22.5385679], [113.9756069, 22.5385564]]]]}}, {"type": "Feature", "id": "way/1426521450", "properties": {"tags": {"addr:housename": "西组团社区", "addr:housename:zh": "西组团社区", "building": "apartments", "building:levels": "7", "name": "10栋", "name:zh": "10栋"}, "heightStatus": "levels_only_unverified", "source": "OpenStreetMap", "license": "ODbL-1.0"}, "geometry": {"type": "MultiPolygon", "coordinates": [[[[113.9761029, 22.5388112], [113.9761061, 22.5387206], [113.9764856, 22.5387321], [113.9764824, 22.5388227], [113.9761029, 22.5388112]]]]}}, {"type": "Feature", "id": "way/1426521451", "properties": {"tags": {"addr:housename": "西组团社区", "addr:housename:zh": "西组团社区", "building": "apartments", "building:levels": "7", "name": "11栋", "name:zh": "11栋"}, "heightStatus": "levels_only_unverified", "source": "OpenStreetMap", "license": "ODbL-1.0"}, "geometry": {"type": "MultiPolygon", "coordinates": [[[[113.9756005, 22.5387952], [113.9756037, 22.5387046], [113.9759832, 22.5387161], [113.9759799, 22.5388067], [113.9756005, 22.5387952]]]]}}, {"type": "Feature", "id": "way/1426521452", "properties": {"tags": {"addr:housename": "西组团社区", "addr:housename:zh": "西组团社区", "building": "apartments", "building:levels": "7", "name": "紫薇阁", "name:zh": "紫薇阁"}, "heightStatus": "levels_only_unverified", "source": "OpenStreetMap", "license": "ODbL-1.0"}, "geometry": {"type": "MultiPolygon", "coordinates": [[[[113.9751182, 22.5382936], [113.9751192, 22.5382522], [113.9751369, 22.5382526], [113.9751374, 22.5382293], [113.9751567, 22.5382297], [113.9751573, 22.5382015], [113.9751938, 22.5381692], [113.9751467, 22.5381238], [113.9751481, 22.538062], [113.9751694, 22.5380624], [113.9751844, 22.5380769], [113.9752038, 22.5380773], [113.9752028, 22.5381198], [113.9752262, 22.5381202], [113.9752258, 22.538138], [113.9752345, 22.5381382], [113.9752432, 22.5381384], [113.9752437, 22.5381206], [113.9752671, 22.538121], [113.9752681, 22.5380785], [113.9752874, 22.5380789], [113.9753031, 22.538065], [113.9753243, 22.5380654], [113.9753229, 22.5381273], [113.9752738, 22.5381708], [113.9753087, 22.5382044], [113.9753081, 22.5382327], [113.9753273, 22.538233], [113.9753268, 22.5382563], [113.9753445, 22.5382566], [113.9753436, 22.538298], [113.9752739, 22.5382967], [113.9752745, 22.5382706], [113.9752486, 22.5382701], [113.9752494, 22.5382348], [113.9752327, 22.5382187], [113.9752152, 22.5382342], [113.9752144, 22.5382695], [113.9751885, 22.538269], [113.9751879, 22.538295], [113.9751182, 22.5382936]]]]}}, {"type": "Feature", "id": "way/1426521453", "properties": {"tags": {"addr:housename": "西组团社区", "addr:housename:zh": "西组团社区", "building": "apartments", "building:levels": "7", "name": "金桂阁", "name:zh": "金桂阁"}, "heightStatus": "levels_only_unverified", "source": "OpenStreetMap", "license": "ODbL-1.0"}, "geometry": {"type": "MultiPolygon", "coordinates": [[[[113.9753963, 22.5382971], [113.9753972, 22.5382557], [113.9754149, 22.5382561], [113.9754155, 22.5382328], [113.9754347, 22.5382332], [113.9754354, 22.538205], [113.9754718, 22.5381727], [113.9754247, 22.5381273], [113.9754262, 22.5380655], [113.9754474, 22.5380659], [113.9754624, 22.5380804], [113.9754818, 22.5380808], [113.9754808, 22.5381233], [113.9755042, 22.5381237], [113.9755038, 22.5381415], [113.9755126, 22.5381417], [113.9755213, 22.5381418], [113.9755217, 22.5381241], [113.9755451, 22.5381245], [113.9755461, 22.538082], [113.9755654, 22.5380824], [113.9755811, 22.5380685], [113.9756024, 22.5380689], [113.975601, 22.5381308], [113.9755518, 22.5381743], [113.9755868, 22.5382079], [113.9755861, 22.5382362], [113.9756054, 22.5382365], [113.9756048, 22.5382598], [113.9756226, 22.5382601], [113.9756216, 22.5383015], [113.9755519, 22.5383002], [113.9755525, 22.5382741], [113.9755266, 22.5382736], [113.9755275, 22.5382383], [113.9755107, 22.5382222], [113.9754932, 22.5382377], [113.9754924, 22.538273], [113.9754666, 22.5382725], [113.975466, 22.5382985], [113.9753963, 22.5382971]]]]}}, {"type": "Feature", "id": "way/1426521455", "properties": {"tags": {"addr:housename": "西组团社区", "addr:housename:zh": "西组团社区", "building": "apartments", "building:levels": "7", "name": "樱花阁", "name:zh": "樱花阁"}, "heightStatus": "levels_only_unverified", "source": "OpenStreetMap", "license": "ODbL-1.0"}, "geometry": {"type": "MultiPolygon", "coordinates": [[[[113.9756874, 22.5380978], [113.9756887, 22.5380404], [113.9757091, 22.5380407], [113.9757094, 22.5380259], [113.9757508, 22.5380267], [113.9757636, 22.5380155], [113.9757505, 22.5380028], [113.9757778, 22.5379786], [113.975791, 22.5379912], [113.9758409, 22.537947], [113.9757803, 22.5378885], [113.9757817, 22.5378267], [113.975803, 22.5378271], [113.975818, 22.5378416], [113.9758374, 22.537842], [113.9758364, 22.5378845], [113.9759206, 22.5378862], [113.9759216, 22.5378436], [113.975941, 22.537844], [113.9759566, 22.5378301], [113.9759779, 22.5378306], [113.9759765, 22.5378924], [113.9759132, 22.5379484], [113.9759611, 22.5379946], [113.9759748, 22.5379825], [113.9760011, 22.5380078], [113.9759874, 22.5380199], [113.9759996, 22.5380316], [113.976041, 22.5380324], [113.9760407, 22.5380473], [113.976061, 22.5380477], [113.9760597, 22.5381051], [113.9759594, 22.5381031], [113.9758754, 22.5380221], [113.9757876, 22.5380997], [113.9756874, 22.5380978]]]]}}, {"type": "Feature", "id": "way/1426521457", "properties": {"tags": {"addr:housename": "西组团社区", "addr:housename:zh": "西组团社区", "building": "apartments", "building:levels": "7", "name": "杜鹃阁", "name:zh": "杜鹃阁"}, "heightStatus": "levels_only_unverified", "source": "OpenStreetMap", "license": "ODbL-1.0"}, "geometry": {"type": "MultiPolygon", "coordinates": [[[[113.9760933, 22.5378679], [113.9760943, 22.5378242], [113.9761106, 22.5378245], [113.9761113, 22.5377953], [113.9761477, 22.537796], [113.9761875, 22.5377607], [113.976178, 22.5377516], [113.9761933, 22.5377381], [113.9761433, 22.5376899], [113.9761441, 22.5376527], [113.9762298, 22.5376544], [113.9762288, 22.5376944], [113.9762544, 22.5376949], [113.9762553, 22.5376549], [113.976341, 22.5376566], [113.9763401, 22.5376937], [113.9762879, 22.5377399], [113.9763025, 22.5377541], [113.9762927, 22.5377628], [113.9763308, 22.5377996], [113.9763672, 22.5378003], [113.9763665, 22.5378295], [113.9763829, 22.5378299], [113.9763819, 22.5378735], [113.9762788, 22.5378715], [113.9762798, 22.537827], [113.9761974, 22.5378254], [113.9761964, 22.5378699], [113.9760933, 22.5378679]]]]}}, {"type": "Feature", "id": "way/1426521458", "properties": {"tags": {"addr:housename": "西组团社区", "addr:housename:zh": "西组团社区", "building": "apartments", "building:levels": "7", "name": "茶花阁", "name:zh": "茶花阁"}, "heightStatus": "levels_only_unverified", "source": "OpenStreetMap", "license": "ODbL-1.0"}, "geometry": {"type": "MultiPolygon", "coordinates": [[[[113.9760877, 22.5383089], [113.9760887, 22.5382652], [113.976105, 22.5382656], [113.9761057, 22.5382363], [113.9761421, 22.538237], [113.9761819, 22.5382018], [113.9761725, 22.5381927], [113.9761877, 22.5381791], [113.9761377, 22.5381309], [113.9761386, 22.5380938], [113.9762242, 22.5380955], [113.9762233, 22.5381355], [113.9762488, 22.538136], [113.9762498, 22.538096], [113.9763354, 22.5380976], [113.9763345, 22.5381348], [113.9762823, 22.538181], [113.976297, 22.5381951], [113.9762871, 22.5382038], [113.9763253, 22.5382406], [113.9763617, 22.5382414], [113.976361, 22.5382706], [113.9763773, 22.5382709], [113.9763763, 22.5383146], [113.9762732, 22.5383125], [113.9762742, 22.538268], [113.9761918, 22.5382664], [113.9761908, 22.5383109], [113.9760877, 22.5383089]]]]}}, {"type": "Feature", "id": "way/1426521460", "properties": {"tags": {"addr:housename": "西组团社区", "addr:housename:zh": "西组团社区", "building": "apartments", "building:levels": "7", "name": "18栋", "name:zh": "18栋"}, "heightStatus": "levels_only_unverified", "source": "OpenStreetMap", "license": "ODbL-1.0"}, "geometry": {"type": "MultiPolygon", "coordinates": [[[[113.9748951, 22.539154], [113.9748953, 22.5391253], [113.9749023, 22.5391253], [113.9749026, 22.5390966], [113.974944, 22.5390969], [113.974981, 22.5390632], [113.9749813, 22.5390298], [113.9750103, 22.53903], [113.9750103, 22.5390234], [113.9751334, 22.5390242], [113.9751334, 22.5390308], [113.9751624, 22.539031], [113.9751621, 22.5390643], [113.9751986, 22.5390985], [113.9752401, 22.5390988], [113.9752399, 22.5391275], [113.9752469, 22.5391275], [113.9752467, 22.5391563], [113.975098, 22.5391553], [113.9750987, 22.5390619], [113.9750445, 22.5390615], [113.9750438, 22.539155], [113.9748951, 22.539154]]]]}}, {"type": "Feature", "id": "way/1426521461", "properties": {"tags": {"addr:housename": "西组团社区", "addr:housename:zh": "西组团社区", "building": "apartments", "building:levels": "7", "name": "20栋", "name:zh": "20栋"}, "heightStatus": "levels_only_unverified", "source": "OpenStreetMap", "license": "ODbL-1.0"}, "geometry": {"type": "MultiPolygon", "coordinates": [[[[113.9748839, 22.5394619], [113.9748841, 22.5394332], [113.9748912, 22.5394332], [113.9748914, 22.5394045], [113.9749329, 22.5394048], [113.9749699, 22.539371], [113.9749701, 22.5393377], [113.9749991, 22.5393379], [113.9749992, 22.5393313], [113.9751223, 22.539332], [113.9751222, 22.5393387], [113.9751512, 22.5393389], [113.975151, 22.5393722], [113.9751875, 22.5394064], [113.9752289, 22.5394067], [113.9752287, 22.5394354], [113.9752357, 22.5394354], [113.9752355, 22.5394641], [113.9750868, 22.5394632], [113.9750875, 22.5393697], [113.9750333, 22.5393694], [113.9750326, 22.5394628], [113.9748839, 22.5394619]]]]}}, {"type": "Feature", "id": "way/1426521462", "properties": {"tags": {"addr:housename": "西组团社区", "addr:housename:zh": "西组团社区", "building": "apartments", "building:levels": "7", "name": "15栋", "name:zh": "15栋"}, "heightStatus": "levels_only_unverified", "source": "OpenStreetMap", "license": "ODbL-1.0"}, "geometry": {"type": "MultiPolygon", "coordinates": [[[[113.9756858, 22.5395529], [113.975686, 22.5395242], [113.975693, 22.5395242], [113.9756933, 22.5394955], [113.9757347, 22.5394958], [113.9757717, 22.539462], [113.975772, 22.5394287], [113.975801, 22.5394289], [113.975801, 22.5394223], [113.9759241, 22.539423], [113.9759241, 22.5394297], [113.9759531, 22.5394299], [113.9759528, 22.5394632], [113.9759893, 22.5394974], [113.9760308, 22.5394976], [113.9760306, 22.5395264], [113.9760376, 22.5395264], [113.9760374, 22.5395551], [113.9760177, 22.539555], [113.9760176, 22.5395795], [113.9759817, 22.5395793], [113.9759819, 22.5395548], [113.9758887, 22.5395542], [113.9758894, 22.5394607], [113.9758352, 22.5394604], [113.9758345, 22.5395538], [113.9757413, 22.5395532], [113.9757411, 22.5395778], [113.9757053, 22.5395775], [113.9757054, 22.539553], [113.9756858, 22.5395529]]]]}}, {"type": "Feature", "id": "way/1426521464", "properties": {"tags": {"addr:housename": "西组团社区", "addr:housename:zh": "西组团社区", "building": "apartments", "building:levels": "7", "name": "14栋", "name:zh": "14栋"}, "heightStatus": "levels_only_unverified", "source": "OpenStreetMap", "license": "ODbL-1.0"}, "geometry": {"type": "MultiPolygon", "coordinates": [[[[113.9762022, 22.5396686], [113.9762024, 22.5396399], [113.9762095, 22.5396399], [113.9762097, 22.5396112], [113.9762512, 22.5396114], [113.9762882, 22.5395777], [113.9762884, 22.5395444], [113.9763174, 22.5395446], [113.9763175, 22.5395379], [113.9764406, 22.5395387], [113.9764405, 22.5395454], [113.9764695, 22.5395456], [113.9764693, 22.5395789], [113.9765058, 22.5396131], [113.9765472, 22.5396133], [113.976547, 22.5396421], [113.976554, 22.5396421], [113.9765538, 22.5396708], [113.9764051, 22.5396699], [113.9764058, 22.5395764], [113.9763516, 22.5395761], [113.9763509, 22.5396695], [113.9762022, 22.5396686]]]]}}, {"type": "Feature", "id": "way/1426521465", "properties": {"tags": {"addr:housename": "西组团社区", "addr:housename:zh": "西组团社区", "building": "apartments", "building:levels": "7", "name": "16栋", "name:zh": "16栋"}, "heightStatus": "levels_only_unverified", "source": "OpenStreetMap", "license": "ODbL-1.0"}, "geometry": {"type": "MultiPolygon", "coordinates": [[[[113.9758439, 22.5398092], [113.9758441, 22.5397805], [113.9758511, 22.5397805], [113.9758513, 22.5397518], [113.9758928, 22.5397521], [113.9759298, 22.5397184], [113.9759301, 22.539685], [113.9759591, 22.5396852], [113.9759591, 22.5396786], [113.9760822, 22.5396794], [113.9760821, 22.539686], [113.9761111, 22.5396862], [113.9761109, 22.5397195], [113.9761474, 22.5397537], [113.9761889, 22.539754], [113.9761886, 22.5397827], [113.9761957, 22.5397827], [113.9761955, 22.5398114], [113.9760467, 22.5398105], [113.9760474, 22.539717], [113.9759933, 22.5397167], [113.9759926, 22.5398101], [113.9758439, 22.5398092]]]]}}, {"type": "Feature", "id": "way/1426521466", "properties": {"tags": {"addr:housename": "西组团社区", "addr:housename:zh": "西组团社区", "building": "apartments", "building:levels": "7", "name": "21栋", "name:zh": "21栋"}, "heightStatus": "levels_only_unverified", "source": "OpenStreetMap", "license": "ODbL-1.0"}, "geometry": {"type": "MultiPolygon", "coordinates": [[[[113.9753558, 22.5397865], [113.975356, 22.5397577], [113.9753631, 22.5397578], [113.9753633, 22.5397291], [113.9754048, 22.5397293], [113.9754418, 22.5396956], [113.975442, 22.5396623], [113.975471, 22.5396625], [113.9754711, 22.5396558], [113.9755942, 22.5396566], [113.9755941, 22.5396633], [113.9756231, 22.5396634], [113.9756229, 22.5396968], [113.9756594, 22.539731], [113.9757008, 22.5397312], [113.9757006, 22.5397599], [113.9757076, 22.53976], [113.9757074, 22.5397887], [113.9755587, 22.5397878], [113.9755594, 22.5396943], [113.9755052, 22.539694], [113.9755045, 22.5397874], [113.9753558, 22.5397865]]]]}}, {"type": "Feature", "id": "way/1426521467", "properties": {"tags": {"addr:housename": "西组团社区", "addr:housename:zh": "西组团社区", "building": "apartments", "building:levels": "7", "name": "22栋", "name:zh": "22栋"}, "heightStatus": "levels_only_unverified", "source": "OpenStreetMap", "license": "ODbL-1.0"}, "geometry": {"type": "MultiPolygon", "coordinates": [[[[113.9748732, 22.5397832], [113.9748734, 22.5397545], [113.9748804, 22.5397546], [113.9748807, 22.5397258], [113.9749221, 22.5397261], [113.9749591, 22.5396924], [113.9749594, 22.5396591], [113.9749884, 22.5396592], [113.9749884, 22.5396526], [113.9751115, 22.5396534], [113.9751115, 22.53966], [113.9751405, 22.5396602], [113.9751402, 22.5396935], [113.9751767, 22.5397277], [113.9752182, 22.539728], [113.975218, 22.5397567], [113.975225, 22.5397568], [113.9752248, 22.5397855], [113.9750761, 22.5397845], [113.9750768, 22.5396911], [113.9750226, 22.5396907], [113.9750219, 22.5397842], [113.9748732, 22.5397832]]]]}}, {"type": "Feature", "id": "way/1426523010", "properties": {"tags": {"addr:housename": "假日湾", "addr:housename:zh": "假日湾", "building": "apartments", "building:levels": "28", "name": "2栋", "name:zh": "2栋"}, "heightStatus": "levels_only_unverified", "source": "OpenStreetMap", "license": "ODbL-1.0"}, "geometry": {"type": "MultiPolygon", "coordinates": [[[[113.9726549, 22.5422131], [113.9726559, 22.5421988], [113.9726598, 22.5421942], [113.9726654, 22.5421922], [113.9726713, 22.5421933], [113.9726553, 22.5421545], [113.972688, 22.5421429], [113.972683, 22.542131], [113.9727059, 22.5421229], [113.9727204, 22.542158], [113.9727447, 22.5421494], [113.9727859, 22.542051], [113.9729954, 22.5421257], [113.9729542, 22.5422241], [113.972966, 22.5422456], [113.9730022, 22.5422287], [113.9730133, 22.5422488], [113.973001, 22.5422546], [113.9730168, 22.5422834], [113.9729766, 22.5423022], [113.9729818, 22.5423051], [113.9729845, 22.5423101], [113.972984, 22.5423159], [113.9729744, 22.542327], [113.9729628, 22.5423365], [113.9729497, 22.542344], [113.9729353, 22.5423493], [113.9729202, 22.5423523], [113.9729048, 22.542353], [113.9728995, 22.5423498], [113.9728967, 22.5423448], [113.9728973, 22.5423393], [113.9728571, 22.5423581], [113.9728413, 22.5423293], [113.972829, 22.542335], [113.9728179, 22.5423148], [113.9728541, 22.5422979], [113.9728424, 22.5422764], [113.9728674, 22.5422647], [113.9727795, 22.5422333], [113.9727895, 22.5422576], [113.9727651, 22.5422662], [113.9727796, 22.5423012], [113.9727568, 22.5423093], [113.9727518, 22.5422973], [113.9727191, 22.5423089], [113.9727031, 22.54227], [113.9726994, 22.5422745], [113.9726938, 22.5422764], [113.9726876, 22.5422755], [113.9726766, 22.5422654], [113.9726676, 22.5422538], [113.9726609, 22.542241], [113.9726566, 22.5422272], [113.9726549, 22.5422131]]]]}}, {"type": "Feature", "id": "way/1426523011", "properties": {"tags": {"addr:housename": "假日湾", "addr:housename:zh": "假日湾", "building": "apartments", "building:levels": "28", "name": "1栋", "name:zh": "1栋"}, "heightStatus": "levels_only_unverified", "source": "OpenStreetMap", "license": "ODbL-1.0"}, "geometry": {"type": "MultiPolygon", "coordinates": [[[[113.9727707, 22.542714], [113.9727716, 22.5426998], [113.9727755, 22.5426952], [113.9727812, 22.5426932], [113.9727871, 22.5426943], [113.972771, 22.5426554], [113.9728037, 22.5426439], [113.9727987, 22.5426319], [113.9728216, 22.5426239], [113.9728361, 22.5426589], [113.9728605, 22.5426503], [113.9729016, 22.5425519], [113.9731111, 22.5426267], [113.97307, 22.5427251], [113.9730817, 22.5427465], [113.973118, 22.5427296], [113.973129, 22.5427498], [113.9731167, 22.5427555], [113.9731325, 22.5427844], [113.9730923, 22.5428032], [113.9730975, 22.542806], [113.9731002, 22.542811], [113.9730998, 22.5428168], [113.9730901, 22.542828], [113.9730785, 22.5428374], [113.9730654, 22.5428449], [113.9730511, 22.5428502], [113.973036, 22.5428533], [113.9730205, 22.5428539], [113.9729803, 22.5428727], [113.9729728, 22.542859], [113.972957, 22.5428302], [113.9729447, 22.542836], [113.9729336, 22.5428158], [113.9729699, 22.5427988], [113.9729581, 22.5427774], [113.9729831, 22.5427656], [113.9728952, 22.5427343], [113.9729052, 22.5427585], [113.9728809, 22.5427671], [113.9728954, 22.5428021], [113.9728725, 22.5428102], [113.9728676, 22.5427983], [113.9728349, 22.5428098], [113.9728188, 22.5427709], [113.9728152, 22.5427754], [113.9728095, 22.5427774], [113.9728033, 22.5427764], [113.9727923, 22.5427663], [113.9727833, 22.5427547], [113.9727766, 22.5427419], [113.9727723, 22.5427282], [113.9727707, 22.542714]]]]}}, {"type": "Feature", "id": "way/1426523012", "properties": {"tags": {"addr:housename": "假日湾", "addr:housename:zh": "假日湾", "building": "apartments", "building:levels": "28", "name": "3栋", "name:zh": "3栋"}, "heightStatus": "levels_only_unverified", "source": "OpenStreetMap", "license": "ODbL-1.0"}, "geometry": {"type": "MultiPolygon", "coordinates": [[[[113.9722631, 22.5429163], [113.9722648, 22.5429021], [113.9722692, 22.5428884], [113.9722741, 22.5428848], [113.9722801, 22.542884], [113.9722856, 22.5428863], [113.9722793, 22.5428451], [113.9723139, 22.5428406], [113.972312, 22.5428279], [113.9723362, 22.5428247], [113.9723419, 22.5428619], [113.9723677, 22.5428585], [113.9724316, 22.5427711], [113.9726178, 22.542887], [113.9725539, 22.5429745], [113.9725602, 22.5429978], [113.9725997, 22.5429888], [113.9726056, 22.5430107], [113.9725922, 22.5430138], [113.9726006, 22.5430452], [113.9725569, 22.5430552], [113.9725613, 22.5430591], [113.9725627, 22.5430645], [113.9725609, 22.5430701], [113.9725488, 22.5430789], [113.9725352, 22.5430858], [113.9725206, 22.5430904], [113.9725053, 22.5430926], [113.9724899, 22.5430925], [113.9724747, 22.5430899], [113.9724702, 22.5430857], [113.9724688, 22.5430803], [113.9724707, 22.5430751], [113.972427, 22.5430851], [113.9724185, 22.5430537], [113.9724051, 22.5430568], [113.9723992, 22.5430349], [113.9724386, 22.5430258], [113.9724323, 22.5430025], [113.9724595, 22.5429962], [113.9723813, 22.5429475], [113.9723853, 22.5429732], [113.9723595, 22.5429766], [113.9723652, 22.5430137], [113.9723409, 22.5430169], [113.972339, 22.5430042], [113.9723043, 22.5430087], [113.972298, 22.5429676], [113.9722934, 22.5429712], [113.9722874, 22.5429719], [113.9722816, 22.5429697], [113.9722733, 22.5429576], [113.9722674, 22.5429445], [113.9722639, 22.5429306], [113.9722631, 22.5429163]]]]}}, {"type": "Feature", "id": "way/1426523875", "properties": {"tags": {"addr:housename": "世界花园雅兰居", "addr:housename:zh": "世界花园雅兰居", "building": "apartments", "name": "2栋", "name:zh": "2栋"}, "heightStatus": "unknown", "source": "OpenStreetMap", "license": "ODbL-1.0"}, "geometry": {"type": "MultiPolygon", "coordinates": [[[[113.9692574, 22.542137], [113.9692608, 22.54196], [113.9693893, 22.541962], [113.9693879, 22.5420354], [113.969575, 22.5420384], [113.969579, 22.5418219], [113.969502, 22.5418207], [113.9695034, 22.541748], [113.9696896, 22.541751], [113.9696822, 22.5421438], [113.9692574, 22.542137]]]]}}, {"type": "Feature", "id": "way/1426523876", "properties": {"tags": {"addr:housename": "世界花园雅兰居", "addr:housename:zh": "世界花园雅兰居", "building": "apartments", "name": "5栋", "name:zh": "5栋"}, "heightStatus": "unknown", "source": "OpenStreetMap", "license": "ODbL-1.0"}, "geometry": {"type": "MultiPolygon", "coordinates": [[[[113.9690216, 22.5418663], [113.969024, 22.5417566], [113.9691083, 22.5417581], [113.9691106, 22.5416497], [113.9692227, 22.5416518], [113.9692236, 22.541609], [113.9694197, 22.5416126], [113.9694158, 22.5417944], [113.9692962, 22.5417922], [113.9692979, 22.54171], [113.9692215, 22.5417086], [113.9692203, 22.5417672], [113.9691433, 22.5417658], [113.9691411, 22.5418685], [113.9690216, 22.5418663]]]]}}, {"type": "Feature", "id": "way/1426523877", "properties": {"tags": {"addr:housename": "世界花园雅兰居", "addr:housename:zh": "世界花园雅兰居", "building": "apartments", "name": "3栋", "name:zh": "3栋"}, "heightStatus": "unknown", "source": "OpenStreetMap", "license": "ODbL-1.0"}, "geometry": {"type": "MultiPolygon", "coordinates": [[[[113.9692956, 22.5413783], [113.9692992, 22.5411965], [113.9694964, 22.5411999], [113.9694974, 22.5411493], [113.9696945, 22.5411527], [113.9696867, 22.5415452], [113.9694892, 22.5415418], [113.9694913, 22.5414346], [113.9695685, 22.541436], [113.9695722, 22.5412502], [113.9694953, 22.5412489], [113.9694943, 22.5412996], [113.9694178, 22.5412982], [113.9694162, 22.5413804], [113.9692956, 22.5413783]]]]}}, {"type": "Feature", "id": "way/1426523878", "properties": {"tags": {"addr:housename": "世界花园雅兰居", "addr:housename:zh": "世界花园雅兰居", "building": "apartments", "name": "1栋", "name:zh": "1栋"}, "heightStatus": "unknown", "source": "OpenStreetMap", "license": "ODbL-1.0"}, "geometry": {"type": "MultiPolygon", "coordinates": [[[[113.9687535, 22.542134], [113.9687613, 22.5417415], [113.9689588, 22.5417449], [113.9689567, 22.5418521], [113.9688795, 22.5418507], [113.9688758, 22.5420365], [113.9689527, 22.5420378], [113.9689515, 22.5420965], [113.9690279, 22.5420978], [113.9690295, 22.5420157], [113.9691501, 22.5420177], [113.9691465, 22.5421996], [113.9689494, 22.5421962], [113.9689506, 22.5421374], [113.9687535, 22.542134]]]]}}, {"type": "Feature", "id": "way/1426523879", "properties": {"tags": {"addr:housename": "世界花园雅兰居", "addr:housename:zh": "世界花园雅兰居", "building": "apartments", "name": "4栋", "name:zh": "4栋"}, "heightStatus": "unknown", "source": "OpenStreetMap", "license": "ODbL-1.0"}, "geometry": {"type": "MultiPolygon", "coordinates": [[[[113.968775, 22.5415529], [113.9687789, 22.541371], [113.9689753, 22.5413746], [113.9689765, 22.5413159], [113.9691726, 22.5413195], [113.9691687, 22.5415014], [113.9690491, 22.5414992], [113.9690508, 22.541417], [113.9689744, 22.5414156], [113.9689732, 22.5414742], [113.9688962, 22.5414728], [113.9688944, 22.5415551], [113.968775, 22.5415529]]]]}}, {"type": "Feature", "id": "way/1426523880", "properties": {"tags": {"addr:housename": "世界花园海华居", "addr:housename:zh": "世界花园海华居", "building": "apartments", "name": "3栋", "name:zh": "3栋"}, "heightStatus": "unknown", "source": "OpenStreetMap", "license": "ODbL-1.0"}, "geometry": {"type": "MultiPolygon", "coordinates": [[[[113.9697443, 22.5427615], [113.9697863, 22.5427442], [113.9697747, 22.5427202], [113.9698072, 22.5427068], [113.9697599, 22.5426089], [113.9699256, 22.5425407], [113.9699406, 22.5425718], [113.9699732, 22.5425584], [113.9699834, 22.5425794], [113.9700062, 22.5425701], [113.9700207, 22.5426002], [113.9700544, 22.5425863], [113.9701282, 22.5427393], [113.9700222, 22.542783], [113.9700366, 22.5428129], [113.9700106, 22.5428237], [113.9700294, 22.5428625], [113.9699916, 22.542878], [113.9699728, 22.5428392], [113.9699621, 22.5428436], [113.9699387, 22.5427951], [113.9698605, 22.5427674], [113.9698079, 22.542789], [113.9698032, 22.5427791], [113.9697611, 22.5427964], [113.9697443, 22.5427615]]]]}}, {"type": "Feature", "id": "way/1426523881", "properties": {"tags": {"addr:housename": "世界花园海华居", "addr:housename:zh": "世界花园海华居", "building": "apartments", "name": "1栋", "name:zh": "1栋"}, "heightStatus": "unknown", "source": "OpenStreetMap", "license": "ODbL-1.0"}, "geometry": {"type": "MultiPolygon", "coordinates": [[[[113.9687757, 22.5427059], [113.9688526, 22.5426742], [113.9688183, 22.5426032], [113.9690756, 22.5424972], [113.9691543, 22.5426603], [113.9691217, 22.5426738], [113.9691347, 22.5427008], [113.9690669, 22.5427287], [113.9690514, 22.5427661], [113.9690816, 22.5428287], [113.9690524, 22.5428407], [113.9690669, 22.5428708], [113.9688903, 22.5429435], [113.9687757, 22.5427059]]]]}}, {"type": "Feature", "id": "way/1426523882", "properties": {"tags": {"addr:housename": "世界花园海华居", "addr:housename:zh": "世界花园海华居", "building": "apartments", "name": "2栋", "name:zh": "2栋"}, "heightStatus": "unknown", "source": "OpenStreetMap", "license": "ODbL-1.0"}, "geometry": {"type": "MultiPolygon", "coordinates": [[[[113.9691666, 22.5424593], [113.9694239, 22.5423534], [113.9694582, 22.5424245], [113.9695351, 22.5423928], [113.9696498, 22.5426304], [113.9694732, 22.5427031], [113.9694587, 22.542673], [113.9694294, 22.542685], [113.9693992, 22.5426224], [113.9693587, 22.5426081], [113.9692909, 22.542636], [113.9692779, 22.542609], [113.9692453, 22.5426224], [113.9691666, 22.5424593]]]]}}, {"type": "Feature", "id": "way/1426523883", "properties": {"tags": {"addr:housename": "世界花园海华居", "addr:housename:zh": "世界花园海华居", "building": "apartments", "name": "5栋", "name:zh": "5栋"}, "heightStatus": "unknown", "source": "OpenStreetMap", "license": "ODbL-1.0"}, "geometry": {"type": "MultiPolygon", "coordinates": [[[[113.9706388, 22.5429601], [113.9706435, 22.5427816], [113.9709251, 22.5427879], [113.970923, 22.5428656], [113.9710072, 22.5428675], [113.9710005, 22.5431276], [113.9708072, 22.5431233], [113.9708081, 22.5430904], [113.9707761, 22.5430896], [113.9707779, 22.5430211], [113.9707479, 22.5429921], [113.9706737, 22.5429905], [113.9706745, 22.5429609], [113.9706388, 22.5429601]]]]}}, {"type": "Feature", "id": "way/1426523884", "properties": {"tags": {"addr:housename": "世界花园海华居", "addr:housename:zh": "世界花园海华居", "building": "apartments", "name": "4栋", "name:zh": "4栋"}, "heightStatus": "unknown", "source": "OpenStreetMap", "license": "ODbL-1.0"}, "geometry": {"type": "MultiPolygon", "coordinates": [[[[113.9701691, 22.5431096], [113.9701758, 22.5428495], [113.97026, 22.5428514], [113.970262, 22.5427736], [113.9705436, 22.5427799], [113.970539, 22.5429584], [113.9705033, 22.5429576], [113.9705026, 22.5429871], [113.9704284, 22.5429855], [113.970397, 22.5430131], [113.9703952, 22.5430817], [113.9703632, 22.543081], [113.9703623, 22.5431139], [113.9701691, 22.5431096]]]]}}, {"type": "Feature", "id": "way/1434749056", "properties": {"tags": {"addr:housename": "世界花园米兰居", "addr:housename:en": "Shijie Garden Milan Residence", "addr:housename:zh": "世界花园米兰居", "building": "apartments", "building:levels": "5", "name": "3栋", "name:en": "Block 3", "name:zh": "3栋"}, "heightStatus": "levels_only_unverified", "source": "OpenStreetMap", "license": "ODbL-1.0"}, "geometry": {"type": "MultiPolygon", "coordinates": [[[[113.9671905, 22.5429465], [113.9671915, 22.5428502], [113.967924, 22.5428573], [113.967923, 22.5429535], [113.9671905, 22.5429465]]]]}}, {"type": "Feature", "id": "way/1434749057", "properties": {"tags": {"addr:housename": "世界花园米兰居", "addr:housename:en": "Shijie Garden Milan Residence", "addr:housename:zh": "世界花园米兰居", "building": "apartments", "building:levels": "5", "name": "1栋", "name:en": "Block 1", "name:zh": "1栋"}, "heightStatus": "levels_only_unverified", "source": "OpenStreetMap", "license": "ODbL-1.0"}, "geometry": {"type": "MultiPolygon", "coordinates": [[[[113.9671985, 22.5425464], [113.9671996, 22.5424501], [113.9679321, 22.5424572], [113.967931, 22.5425535], [113.9671985, 22.5425464]]]]}}, {"type": "Feature", "id": "way/1434749058", "properties": {"tags": {"addr:housename": "世界花园米兰居", "addr:housename:en": "Shijie Garden Milan Residence", "addr:housename:zh": "世界花园米兰居", "building": "apartments", "building:levels": "5", "name": "2栋", "name:en": "Block 2", "name:zh": "2栋"}, "heightStatus": "levels_only_unverified", "source": "OpenStreetMap", "license": "ODbL-1.0"}, "geometry": {"type": "MultiPolygon", "coordinates": [[[[113.9671965, 22.5427483], [113.9671976, 22.542652], [113.9679301, 22.5426591], [113.967929, 22.5427554], [113.9671965, 22.5427483]]]]}}, {"type": "Feature", "id": "way/1434749059", "properties": {"tags": {"addr:housename": "深业鹤塘岭花园", "addr:housename:en": "Shum Yip Hetangling Garden", "addr:housename:zh": "深业鹤塘岭花园", "building": "apartments", "building:levels": "45", "name": "1栋", "name:en": "Block 1", "name:zh": "1栋"}, "heightStatus": "levels_only_unverified", "source": "OpenStreetMap", "license": "ODbL-1.0"}, "geometry": {"type": "MultiPolygon", "coordinates": [[[[113.9677147, 22.5418378], [113.9682814, 22.5416434], [113.968312, 22.5415941], [113.9684419, 22.5416628], [113.9683929, 22.5417418], [113.9684733, 22.5417843], [113.9684276, 22.541858], [113.968457, 22.5418736], [113.9684178, 22.5419369], [113.9683289, 22.5418899], [113.9683455, 22.5418631], [113.9683259, 22.5418527], [113.9683371, 22.5418346], [113.9683089, 22.5417643], [113.9682187, 22.5417952], [113.9682256, 22.5418124], [113.9681512, 22.5418379], [113.9681247, 22.541772], [113.9680217, 22.5418073], [113.9680406, 22.5418542], [113.9679619, 22.5418812], [113.967943, 22.5418343], [113.9678552, 22.5418644], [113.9678817, 22.5419303], [113.9677677, 22.5419694], [113.9677147, 22.5418378]]]]}}, {"type": "Feature", "id": "way/1434749060", "properties": {"tags": {"addr:housename": "深业鹤塘岭花园", "addr:housename:en": "Shum Yip Hetangling Garden", "addr:housename:zh": "深业鹤塘岭花园", "building": "apartments", "building:levels": "45", "name": "2栋", "name:en": "Block 2", "name:zh": "2栋"}, "heightStatus": "levels_only_unverified", "source": "OpenStreetMap", "license": "ODbL-1.0"}, "geometry": {"type": "MultiPolygon", "coordinates": [[[[113.9680703, 22.5430392], [113.9680719, 22.5429008], [113.9683605, 22.5429036], [113.9683628, 22.5427038], [113.968271, 22.5427029], [113.9682698, 22.5428078], [113.9681738, 22.5428069], [113.9681769, 22.5425366], [113.9685059, 22.5425398], [113.9685047, 22.5426427], [113.9684458, 22.5426421], [113.9684413, 22.5430428], [113.9680703, 22.5430392]]]]}}, {"type": "Feature", "id": "way/1434774350", "properties": {"tags": {"building": "hotel", "building:levels": "17", "layer": "1"}, "heightStatus": "levels_only_unverified", "source": "OpenStreetMap", "license": "ODbL-1.0"}, "geometry": {"type": "MultiPolygon", "coordinates": [[[[113.9725264, 22.5401386], [113.9725936, 22.5399815], [113.9726347, 22.5399941], [113.9726774, 22.5400014], [113.9727207, 22.5400031], [113.9727639, 22.5399993], [113.9728066, 22.5399914], [113.9729478, 22.5399439], [113.9729175, 22.5398671], [113.9729628, 22.5398519], [113.9729009, 22.539695], [113.9730697, 22.5396382], [113.9731327, 22.5397978], [113.9731019, 22.5398081], [113.9731698, 22.5399803], [113.9730992, 22.5400041], [113.9731745, 22.5401949], [113.9731277, 22.5402107], [113.9730089, 22.5402507], [113.972956, 22.5401166], [113.9728643, 22.5401474], [113.9727972, 22.5401618], [113.9727288, 22.5401687], [113.9726601, 22.5401671], [113.9725922, 22.540157], [113.9725264, 22.5401386]]]]}}, {"type": "Feature", "id": "way/1434774351", "properties": {"tags": {"addr:housename": "荔枝苑西区", "addr:housename:en": "Lizhi Court (West)", "addr:housename:zh": "荔枝苑西区", "building": "apartments", "name": "5栋", "name:en": "Block 5", "name:zh": "5栋"}, "heightStatus": "unknown", "source": "OpenStreetMap", "license": "ODbL-1.0"}, "geometry": {"type": "MultiPolygon", "coordinates": [[[[113.9732471, 22.5404848], [113.9732487, 22.5403389], [113.9734888, 22.5403411], [113.9734895, 22.5402765], [113.9736639, 22.5402781], [113.9736632, 22.5403442], [113.9736474, 22.540344], [113.9736471, 22.5403694], [113.9735979, 22.540369], [113.9735972, 22.5404297], [113.9735424, 22.5404291], [113.9735412, 22.5405385], [113.9734162, 22.5405373], [113.9734174, 22.540428], [113.9733679, 22.5404275], [113.9733672, 22.5404859], [113.9732471, 22.5404848]]]]}}, {"type": "Feature", "id": "way/1434774352", "properties": {"tags": {"addr:housename": "荔枝苑东区", "addr:housename:en": "Lizhi Court (East)", "addr:housename:zh": "荔枝苑东区", "building": "apartments", "building:levels": "7", "name": "2栋", "name:en": "Block 2", "name:zh": "2栋"}, "heightStatus": "levels_only_unverified", "source": "OpenStreetMap", "license": "ODbL-1.0"}, "geometry": {"type": "MultiPolygon", "coordinates": [[[[113.9755994, 22.5406933], [113.9757719, 22.5406907], [113.9757713, 22.5406618], [113.9760927, 22.540657], [113.9760934, 22.540696], [113.9761907, 22.5406945], [113.9761904, 22.5406775], [113.9761423, 22.5406585], [113.9761652, 22.5406091], [113.9761488, 22.5406026], [113.9761611, 22.5405759], [113.9761888, 22.5405868], [113.9762281, 22.5405862], [113.9762284, 22.540601], [113.9762753, 22.5406003], [113.9762765, 22.5406658], [113.9762296, 22.5406665], [113.97623, 22.5406939], [113.976313, 22.5406927], [113.9763144, 22.5407689], [113.9760948, 22.5407722], [113.976094, 22.5407271], [113.9757726, 22.540732], [113.9757731, 22.5407608], [113.9756006, 22.5407634], [113.9755994, 22.5406933]]]]}}, {"type": "Feature", "id": "way/1434774353", "properties": {"tags": {"addr:housename": "荔枝苑东区", "addr:housename:en": "Lizhi Court (East)", "addr:housename:zh": "荔枝苑东区", "building": "apartments", "building:levels": "7", "name": "7栋", "name:en": "Block 7", "name:zh": "7栋"}, "heightStatus": "levels_only_unverified", "source": "OpenStreetMap", "license": "ODbL-1.0"}, "geometry": {"type": "MultiPolygon", "coordinates": [[[[113.9738588, 22.5407005], [113.973859, 22.5406329], [113.9739402, 22.5406331], [113.9739406, 22.5405077], [113.9739737, 22.5405078], [113.9739722, 22.5404092], [113.97401, 22.5404087], [113.9740095, 22.5403738], [113.9741189, 22.5403725], [113.9741198, 22.5404343], [113.9740773, 22.5404349], [113.9740401, 22.5404702], [113.9740407, 22.5405094], [113.9740188, 22.5405096], [113.9740183, 22.5406332], [113.9741619, 22.5406336], [113.9741621, 22.5405879], [113.9742741, 22.5405883], [113.9742739, 22.5406358], [113.9744134, 22.5406363], [113.9744131, 22.5407046], [113.9744344, 22.5407046], [113.9744339, 22.5408625], [113.9743501, 22.5408623], [113.9743507, 22.5407044], [113.9742737, 22.5407041], [113.9742738, 22.5406575], [113.9741628, 22.5406571], [113.9741627, 22.5407014], [113.9738588, 22.5407005]]]]}}, {"type": "Feature", "id": "way/1434774354", "properties": {"tags": {"addr:housename": "荔枝苑东区", "addr:housename:en": "Lizhi Court (East)", "addr:housename:zh": "荔枝苑东区", "building": "apartments", "building:levels": "7", "name": "4栋", "name:en": "Block 4", "name:zh": "4栋"}, "heightStatus": "levels_only_unverified", "source": "OpenStreetMap", "license": "ODbL-1.0"}, "geometry": {"type": "MultiPolygon", "coordinates": [[[[113.9745017, 22.5408705], [113.9745833, 22.5408705], [113.9745833, 22.5406763], [113.9747412, 22.5406763], [113.9747412, 22.5406298], [113.9748209, 22.5406299], [113.9748209, 22.5406768], [113.9749051, 22.5406768], [113.9749051, 22.5406299], [113.9750185, 22.5406299], [113.9750185, 22.5406982], [113.9749211, 22.5406982], [113.9749211, 22.540746], [113.9748207, 22.540746], [113.9748207, 22.5407072], [113.974741, 22.5407071], [113.9747409, 22.5407456], [113.9746614, 22.5407456], [113.9746613, 22.5408709], [113.9747098, 22.5408709], [113.9747098, 22.5409385], [113.9745017, 22.5409384], [113.9745017, 22.5408705]]]]}}, {"type": "Feature", "id": "way/1434774355", "properties": {"tags": {"addr:housename": "荔枝苑东区", "addr:housename:en": "Lizhi Court (East)", "addr:housename:zh": "荔枝苑东区", "building": "apartments", "building:levels": "7", "name": "5栋", "name:en": "Block 5", "name:zh": "5栋"}, "heightStatus": "levels_only_unverified", "source": "OpenStreetMap", "license": "ODbL-1.0"}, "geometry": {"type": "MultiPolygon", "coordinates": [[[[113.9748688, 22.5409889], [113.9750142, 22.5409867], [113.975209, 22.5408632], [113.9754026, 22.5408603], [113.9754039, 22.5409321], [113.9752893, 22.5409338], [113.9750945, 22.5410573], [113.9748701, 22.5410607], [113.9748688, 22.5409889]]]]}}, {"type": "Feature", "id": "way/1434774356", "properties": {"tags": {"addr:housename": "荔枝苑东区", "addr:housename:en": "Lizhi Court (East)", "addr:housename:zh": "荔枝苑东区", "building": "apartments", "building:levels": "7", "name": "1栋", "name:en": "Block 1", "name:zh": "1栋"}, "heightStatus": "levels_only_unverified", "source": "OpenStreetMap", "license": "ODbL-1.0"}, "geometry": {"type": "MultiPolygon", "coordinates": [[[[113.9754074, 22.5402548], [113.9754954, 22.5402537], [113.9754957, 22.5402794], [113.9755351, 22.5403147], [113.9755629, 22.5403144], [113.9755634, 22.5403528], [113.9757456, 22.5403505], [113.975745, 22.5403122], [113.9757728, 22.5403118], [113.9758111, 22.5402755], [113.9758107, 22.5402498], [113.9758655, 22.5402491], [113.9758848, 22.5402308], [113.9759556, 22.5402945], [113.9759776, 22.5402737], [113.9760936, 22.540378], [113.9760456, 22.5404235], [113.9758993, 22.5402919], [113.975793, 22.5403928], [113.9757462, 22.5403934], [113.9757467, 22.5404316], [113.9755646, 22.5404339], [113.9755641, 22.5403956], [113.975461, 22.5403969], [113.9754603, 22.5403493], [113.9754088, 22.54035], [113.9754074, 22.5402548]]]]}}, {"type": "Feature", "id": "way/1434774357", "properties": {"tags": {"addr:housename": "荔枝苑东区", "addr:housename:en": "Lizhi Court (East)", "addr:housename:zh": "荔枝苑东区", "building": "apartments", "building:levels": "7", "name": "3栋", "name:en": "Block 3", "name:zh": "3栋"}, "heightStatus": "levels_only_unverified", "source": "OpenStreetMap", "license": "ODbL-1.0"}, "geometry": {"type": "MultiPolygon", "coordinates": [[[[113.9747292, 22.5403775], [113.974767, 22.540377], [113.9747665, 22.5403421], [113.9748759, 22.5403407], [113.9748755, 22.5403161], [113.9750412, 22.5403141], [113.975041, 22.5402901], [113.9752067, 22.540288], [113.9752072, 22.5403252], [113.9752255, 22.5403443], [113.9752513, 22.5403233], [113.9755195, 22.5406045], [113.975459, 22.5406537], [113.9751751, 22.5403561], [113.975042, 22.5403577], [113.9750422, 22.5403817], [113.9748765, 22.5403837], [113.9748768, 22.5404026], [113.9748344, 22.5404031], [113.9747971, 22.5404384], [113.9747977, 22.5404776], [113.9747307, 22.5404785], [113.9747292, 22.5403775]]]]}}, {"type": "Feature", "id": "way/1434774358", "properties": {"tags": {"addr:housename": "荔枝苑东区", "addr:housename:en": "Lizhi Court (East)", "addr:housename:zh": "荔枝苑东区", "building": "apartments", "building:levels": "7", "name": "6栋", "name:en": "Block 6", "name:zh": "6栋"}, "heightStatus": "levels_only_unverified", "source": "OpenStreetMap", "license": "ODbL-1.0"}, "geometry": {"type": "MultiPolygon", "coordinates": [[[[113.9740622, 22.5400782], [113.9741303, 22.5400773], [113.9741294, 22.5400144], [113.9741977, 22.5400136], [113.9741988, 22.540091], [113.9742285, 22.5401177], [113.9742578, 22.5401173], [113.9742582, 22.5401444], [113.9742731, 22.5401578], [113.9743024, 22.5401574], [113.9743028, 22.5401845], [113.9743622, 22.5402379], [113.9743916, 22.5402376], [113.974392, 22.5402647], [113.9744068, 22.540278], [113.9744361, 22.5402777], [113.9744365, 22.5403048], [113.9744662, 22.5403315], [113.9744788, 22.5403313], [113.9744786, 22.540317], [113.974526, 22.5403164], [113.9745262, 22.5403307], [113.9745391, 22.5403306], [113.9745521, 22.5403304], [113.9745519, 22.5403161], [113.9745992, 22.5403155], [113.9745994, 22.5403298], [113.9746217, 22.5403296], [113.9746218, 22.5403385], [113.9746653, 22.5403776], [113.9746141, 22.5404262], [113.9745608, 22.5403783], [113.9745189, 22.5403788], [113.974467, 22.540428], [113.9741469, 22.5401402], [113.9740632, 22.5401412], [113.9740622, 22.5400782]]]]}}]}