{"type": "FeatureCollection", "features": [{"type": "Feature", "id": "way/1426345775", "properties": {"tags": {"building": "school"}, "heightStatus": "unknown", "source": "OpenStreetMap", "license": "ODbL-1.0"}, "geometry": {"type": "MultiPolygon", "coordinates": [[[[113.970105, 22.5536347], [113.970111, 22.5534159], [113.9702725, 22.5534197], [113.9702665, 22.5536385], [113.970105, 22.5536347]]]]}}, {"type": "Feature", "id": "relation/19551843", "properties": {"tags": {"building": "school"}, "heightStatus": "unknown", "source": "OpenStreetMap", "license": "ODbL-1.0"}, "geometry": {"type": "MultiPolygon", "coordinates": [[[[113.9701986, 22.553241], [113.9702032, 22.5530683], [113.9702281, 22.5530688], [113.9702309, 22.5529613], [113.970625, 22.5529701], [113.9706221, 22.553078], [113.9705185, 22.5530757], [113.9705168, 22.5531386], [113.9705921, 22.5531403], [113.9705909, 22.5531873], [113.9705156, 22.5531856], [113.9705139, 22.5532484], [113.9706176, 22.5532508], [113.9706148, 22.5533584], [113.9702204, 22.5533495], [113.9702232, 22.5532416], [113.9701986, 22.553241]], [[113.9702599, 22.5532424], [113.9704338, 22.5532465], [113.9704386, 22.5530738], [113.9702647, 22.5530697], [113.9702632, 22.5531236], [113.9703403, 22.5531254], [113.9703385, 22.5531904], [113.9702614, 22.5531885], [113.9702599, 22.5532424]]]]}}, {"type": "Feature", "id": "relation/19551844", "properties": {"tags": {"building": "school"}, "heightStatus": "unknown", "source": "OpenStreetMap", "license": "ODbL-1.0"}, "geometry": {"type": "MultiPolygon", "coordinates": [[[[113.9701799, 22.5539854], [113.9701846, 22.5538127], [113.9702094, 22.5538133], [113.9702124, 22.5537055], [113.9707839, 22.553719], [113.970781, 22.5538267], [113.9706855, 22.5538245], [113.9706837, 22.5538873], [113.970753, 22.553889], [113.9707517, 22.553936], [113.9706825, 22.5539343], [113.9706807, 22.5539972], [113.9707762, 22.5539994], [113.9707732, 22.5541072], [113.9702017, 22.5540938], [113.9702046, 22.553986], [113.9701799, 22.5539854]], [[113.9702413, 22.5539869], [113.9703533, 22.5539895], [113.9703548, 22.5539356], [113.9702428, 22.553933], [113.9702413, 22.5539869]], [[113.9702446, 22.553868], [113.9703566, 22.5538707], [113.9703581, 22.5538168], [113.9702461, 22.5538142], [113.9702446, 22.553868]], [[113.9703902, 22.5539904], [113.9705698, 22.5539946], [113.9705745, 22.5538219], [113.970395, 22.5538177], [113.9703902, 22.5539904]]]]}}, {"type": "Feature", "id": "way/1426346780", "properties": {"tags": {"addr:housename": "一辉花园", "addr:housename:zh": "一辉花园", "building": "apartments", "building:levels": "8", "name": "1栋", "name:zh": "1栋"}, "heightStatus": "levels_only_unverified", "source": "OpenStreetMap", "license": "ODbL-1.0"}, "geometry": {"type": "MultiPolygon", "coordinates": [[[[113.9672338, 22.5536838], [113.9672355, 22.5535905], [113.9674062, 22.5535932], [113.967407, 22.5535515], [113.9675787, 22.5535543], [113.9675792, 22.5535254], [113.9679228, 22.5535309], [113.9679222, 22.5535596], [113.9680939, 22.5535623], [113.9680931, 22.5536041], [113.9682637, 22.5536068], [113.968262, 22.5537001], [113.9680913, 22.5536974], [113.9680921, 22.5536556], [113.9679205, 22.5536529], [113.967921, 22.5536242], [113.9675774, 22.5536187], [113.9675769, 22.5536476], [113.9674052, 22.5536448], [113.9674045, 22.5536865], [113.9672338, 22.5536838]]]]}}, {"type": "Feature", "id": "way/1426346781", "properties": {"tags": {"addr:housename": "一辉花园", "addr:housename:zh": "一辉花园", "building": "apartments", "building:levels": "8", "name": "5栋", "name:zh": "5栋"}, "heightStatus": "levels_only_unverified", "source": "OpenStreetMap", "license": "ODbL-1.0"}, "geometry": {"type": "MultiPolygon", "coordinates": [[[[113.9678102, 22.5530308], [113.9678117, 22.5529522], [113.96787, 22.5529531], [113.9678722, 22.5528374], [113.9680018, 22.5528395], [113.9679996, 22.5529552], [113.9681163, 22.5529571], [113.9681185, 22.5528413], [113.9682481, 22.5528434], [113.9682459, 22.5529592], [113.9683043, 22.5529601], [113.9683028, 22.5530387], [113.9678102, 22.5530308]]]]}}, {"type": "Feature", "id": "way/1426346782", "properties": {"tags": {"addr:housename": "一辉花园", "addr:housename:zh": "一辉花园", "building": "apartments", "building:levels": "8", "name": "4栋", "name:zh": "4栋"}, "heightStatus": "levels_only_unverified", "source": "OpenStreetMap", "license": "ODbL-1.0"}, "geometry": {"type": "MultiPolygon", "coordinates": [[[[113.9672391, 22.553022], [113.9672406, 22.5529434], [113.9672989, 22.5529444], [113.9673011, 22.5528286], [113.9674307, 22.5528307], [113.9674285, 22.5529465], [113.9675452, 22.5529484], [113.9675474, 22.5528326], [113.967677, 22.5528347], [113.9676748, 22.5529504], [113.9677331, 22.5529514], [113.9677317, 22.55303], [113.9672391, 22.553022]]]]}}, {"type": "Feature", "id": "way/1426346783", "properties": {"tags": {"addr:housename": "一辉花园", "addr:housename:zh": "一辉花园", "building": "apartments", "building:levels": "8", "name": "3栋", "name:zh": "3栋"}, "heightStatus": "levels_only_unverified", "source": "OpenStreetMap", "license": "ODbL-1.0"}, "geometry": {"type": "MultiPolygon", "coordinates": [[[[113.9678184, 22.5533663], [113.9678201, 22.5532733], [113.9678882, 22.5532744], [113.9678886, 22.5532542], [113.9680038, 22.5532561], [113.9680034, 22.5532762], [113.9680715, 22.5532773], [113.9680711, 22.5532966], [113.9681389, 22.5532977], [113.9681393, 22.5532775], [113.9682545, 22.5532794], [113.9682541, 22.5532996], [113.9683222, 22.5533007], [113.9683204, 22.5533937], [113.9680691, 22.5533896], [113.9680694, 22.5533703], [113.9678184, 22.5533663]]]]}}, {"type": "Feature", "id": "way/1426346784", "properties": {"tags": {"addr:housename": "一辉花园", "addr:housename:zh": "一辉花园", "building": "apartments", "building:levels": "8", "name": "2栋", "name:zh": "2栋"}, "heightStatus": "levels_only_unverified", "source": "OpenStreetMap", "license": "ODbL-1.0"}, "geometry": {"type": "MultiPolygon", "coordinates": [[[[113.9672391, 22.5533784], [113.9672408, 22.5532854], [113.9673089, 22.5532865], [113.9673093, 22.5532664], [113.9674245, 22.5532682], [113.9674241, 22.5532884], [113.9674919, 22.5532895], [113.9674923, 22.5532702], [113.9675603, 22.5532713], [113.9675607, 22.5532511], [113.9676759, 22.553253], [113.9676755, 22.5532732], [113.9677436, 22.5532743], [113.9677419, 22.5533673], [113.9674908, 22.5533632], [113.9674904, 22.5533825], [113.9672391, 22.5533784]]]]}}, {"type": "Feature", "id": "way/1426346785", "properties": {"tags": {"addr:housename": "首地·容御", "addr:housename:zh": "首地·容御", "building": "apartments", "building:levels": "30", "name": "2栋", "name:zh": "2栋"}, "heightStatus": "levels_only_unverified", "source": "OpenStreetMap", "license": "ODbL-1.0"}, "geometry": {"type": "MultiPolygon", "coordinates": [[[[113.9693227, 22.5540495], [113.9693243, 22.5539427], [113.9694112, 22.5539438], [113.9694816, 22.5538831], [113.9694308, 22.5538328], [113.9695144, 22.5537607], [113.969434, 22.5536812], [113.9694843, 22.5536378], [113.9694461, 22.5536], [113.9695196, 22.5535367], [113.9694415, 22.5534595], [113.969558, 22.5533591], [113.9697338, 22.5535329], [113.9696275, 22.5536246], [113.9696748, 22.5536713], [113.9695963, 22.553739], [113.9696828, 22.5538245], [113.9696092, 22.553888], [113.9697045, 22.5539822], [113.9696146, 22.5540597], [113.9695291, 22.5539752], [113.9694891, 22.5540096], [113.9694885, 22.5540517], [113.9693227, 22.5540495]]]]}}, {"type": "Feature", "id": "way/1426346786", "properties": {"tags": {"building": "apartments", "building:levels": "30", "name": "1栋", "name:zh": "1栋"}, "heightStatus": "levels_only_unverified", "source": "OpenStreetMap", "license": "ODbL-1.0"}, "geometry": {"type": "MultiPolygon", "coordinates": [[[[113.9689238, 22.5530178], [113.9689252, 22.5529325], [113.9689566, 22.5529329], [113.9689584, 22.5528228], [113.9690955, 22.5528248], [113.9690937, 22.5529347], [113.9692055, 22.5529362], [113.9692073, 22.5528264], [113.9693747, 22.5528287], [113.9693729, 22.5529384], [113.969467, 22.5529397], [113.9694688, 22.5528301], [113.969633, 22.5528324], [113.9696312, 22.5529418], [113.9697268, 22.5529432], [113.9697245, 22.5530844], [113.969621, 22.553083], [113.9696219, 22.5530277], [113.9689238, 22.5530178]]]]}}, {"type": "Feature", "id": "way/1426346787", "properties": {"tags": {"addr:housename": "首地·容御", "addr:housename:zh": "首地·容御", "building": "apartments", "building:levels": "11", "name": "6栋", "name:zh": "6栋"}, "heightStatus": "levels_only_unverified", "source": "OpenStreetMap", "license": "ODbL-1.0"}, "geometry": {"type": "MultiPolygon", "coordinates": [[[[113.9667723, 22.553562], [113.9667736, 22.5534781], [113.9668319, 22.5534789], [113.9668337, 22.5533644], [113.966966, 22.5533662], [113.9669642, 22.5534807], [113.9670226, 22.5534815], [113.9670213, 22.5535653], [113.9667723, 22.553562]]]]}}, {"type": "Feature", "id": "way/1426347913", "properties": {"tags": {"addr:housename": "天鹅堡", "addr:housename:zh": "天鹅堡", "building": "apartments", "name": "N栋", "name:zh": "N栋"}, "heightStatus": "unknown", "source": "OpenStreetMap", "license": "ODbL-1.0"}, "geometry": {"type": "MultiPolygon", "coordinates": [[[[113.9757501, 22.5489157], [113.9757691, 22.5487459], [113.9758942, 22.5487578], [113.9760184, 22.5487761], [113.9761414, 22.5488008], [113.9762626, 22.5488317], [113.9762134, 22.5489963], [113.9760971, 22.5489666], [113.9759842, 22.5489439], [113.9758702, 22.5489271], [113.9757501, 22.5489157]]]]}}, {"type": "Feature", "id": "way/1426347914", "properties": {"tags": {"addr:housename": "天鹅堡", "addr:housename:zh": "天鹅堡", "building": "apartments", "name": "M栋", "name:zh": "M栋"}, "heightStatus": "unknown", "source": "OpenStreetMap", "license": "ODbL-1.0"}, "geometry": {"type": "MultiPolygon", "coordinates": [[[[113.9749183, 22.5488089], [113.9750658, 22.5487781], [113.9752151, 22.5487555], [113.9753655, 22.5487413], [113.9755166, 22.5487355], [113.9756677, 22.5487381], [113.9756643, 22.5489087], [113.9755187, 22.5489062], [113.9753788, 22.5489116], [113.9752394, 22.5489248], [113.9751012, 22.5489457], [113.9749591, 22.5489754], [113.9749183, 22.5488089]]]]}}, {"type": "Feature", "id": "way/1426347915", "properties": {"tags": {"addr:housename": "天鹅堡", "addr:housename:zh": "天鹅堡", "building": "apartments", "name": "H栋", "name:zh": "H栋"}, "heightStatus": "unknown", "source": "OpenStreetMap", "license": "ODbL-1.0"}, "geometry": {"type": "MultiPolygon", "coordinates": [[[[113.9727089, 22.5499442], [113.9727305, 22.5499335], [113.9727193, 22.5499141], [113.9727357, 22.549906], [113.9727263, 22.5498898], [113.9727764, 22.5498651], [113.972787, 22.5498835], [113.9728289, 22.5498628], [113.9728183, 22.5498444], [113.9728683, 22.5498197], [113.9728777, 22.5498358], [113.9728941, 22.5498277], [113.9729054, 22.5498472], [113.972927, 22.5498365], [113.9729706, 22.5499118], [113.9729481, 22.5499229], [113.9729687, 22.5499584], [113.9729518, 22.5499667], [113.9729668, 22.5499925], [113.972918, 22.5500166], [113.972885, 22.5499597], [113.9728431, 22.5499803], [113.9728761, 22.5500373], [113.9728273, 22.5500614], [113.9728124, 22.5500356], [113.9727955, 22.5500439], [113.972775, 22.5500084], [113.9727525, 22.5500195], [113.9727089, 22.5499442]]]]}}, {"type": "Feature", "id": "way/1426347916", "properties": {"tags": {"addr:housename": "天鹅堡", "addr:housename:zh": "天鹅堡", "building": "apartments", "name": "J栋", "name:zh": "J栋"}, "heightStatus": "unknown", "source": "OpenStreetMap", "license": "ODbL-1.0"}, "geometry": {"type": "MultiPolygon", "coordinates": [[[[113.9728184, 22.5495567], [113.97284, 22.549546], [113.9728288, 22.5495266], [113.9728452, 22.5495185], [113.9728358, 22.5495023], [113.9728859, 22.5494776], [113.9728965, 22.549496], [113.972983, 22.5494532], [113.9730034, 22.5494883], [113.9731331, 22.5494243], [113.9731128, 22.5493892], [113.9731993, 22.5493465], [113.9731887, 22.5493281], [113.9732388, 22.5493034], [113.9732481, 22.5493195], [113.9732645, 22.5493114], [113.9732758, 22.5493308], [113.9732974, 22.5493201], [113.973341, 22.5493955], [113.9733185, 22.5494066], [113.9733391, 22.5494421], [113.9733223, 22.5494504], [113.9733372, 22.5494762], [113.9732884, 22.5495003], [113.9732554, 22.5494433], [113.9729526, 22.5495928], [113.9729856, 22.5496498], [113.9729368, 22.5496739], [113.9729219, 22.5496481], [113.972905, 22.5496564], [113.9728845, 22.5496209], [113.972862, 22.549632], [113.9728184, 22.5495567]]]]}}, {"type": "Feature", "id": "way/1426347917", "properties": {"tags": {"addr:housename": "天鹅堡", "addr:housename:zh": "天鹅堡", "building": "apartments", "name": "L栋", "name:zh": "L栋"}, "heightStatus": "unknown", "source": "OpenStreetMap", "license": "ODbL-1.0"}, "geometry": {"type": "MultiPolygon", "coordinates": [[[[113.974197, 22.5489399], [113.9742187, 22.5489292], [113.9742074, 22.5489098], [113.9742239, 22.5489017], [113.9742145, 22.5488855], [113.9742646, 22.5488608], [113.9742752, 22.5488792], [113.9743617, 22.5488364], [113.974382, 22.5488715], [113.9745118, 22.5488075], [113.9744915, 22.5487724], [113.974578, 22.5487296], [113.9745674, 22.5487113], [113.9746174, 22.5486865], [113.9746268, 22.5487027], [113.9746432, 22.5486946], [113.9746544, 22.548714], [113.9746761, 22.5487033], [113.9747197, 22.5487786], [113.9746972, 22.5487897], [113.9747177, 22.5488253], [113.9747009, 22.5488336], [113.9747159, 22.5488594], [113.9746671, 22.5488835], [113.9746341, 22.5488265], [113.9743313, 22.548976], [113.9743643, 22.549033], [113.9743155, 22.5490571], [113.9743005, 22.5490313], [113.9742837, 22.5490396], [113.9742631, 22.5490041], [113.9742406, 22.5490152], [113.974197, 22.5489399]]]]}}, {"type": "Feature", "id": "way/1426347918", "properties": {"tags": {"addr:housename": "天鹅堡", "addr:housename:zh": "天鹅堡", "building": "apartments", "name": "K栋", "name:zh": "K栋"}, "heightStatus": "unknown", "source": "OpenStreetMap", "license": "ODbL-1.0"}, "geometry": {"type": "MultiPolygon", "coordinates": [[[[113.9734559, 22.5490988], [113.9734776, 22.5490881], [113.9734663, 22.5490687], [113.9734828, 22.5490606], [113.9734734, 22.5490444], [113.9735235, 22.5490197], [113.9735341, 22.5490381], [113.9736206, 22.5489954], [113.9736409, 22.5490305], [113.9737707, 22.5489664], [113.9737504, 22.5489313], [113.9738369, 22.5488886], [113.9738263, 22.5488702], [113.9738763, 22.5488455], [113.9738857, 22.5488616], [113.9739021, 22.5488535], [113.9739133, 22.5488729], [113.973935, 22.5488623], [113.9739786, 22.5489376], [113.9739561, 22.5489487], [113.9739766, 22.5489842], [113.9739598, 22.5489925], [113.9739748, 22.5490183], [113.973926, 22.5490424], [113.973893, 22.5489855], [113.9735902, 22.549135], [113.9736232, 22.549192], [113.9735744, 22.5492161], [113.9735594, 22.5491902], [113.9735426, 22.5491985], [113.973522, 22.549163], [113.9734995, 22.5491741], [113.9734559, 22.5490988]]]]}}, {"type": "Feature", "id": "way/1426347919", "properties": {"tags": {"addr:housename": "天鹅堡", "addr:housename:zh": "天鹅堡", "building": "apartments", "name": "Q栋", "name:zh": "Q栋"}, "heightStatus": "unknown", "source": "OpenStreetMap", "license": "ODbL-1.0"}, "geometry": {"type": "MultiPolygon", "coordinates": [[[[113.9749915, 22.5498283], [113.975002, 22.5497334], [113.9751332, 22.5497458], [113.9751501, 22.5495935], [113.975176, 22.549596], [113.9751832, 22.5495307], [113.9752747, 22.5495394], [113.9752548, 22.5497179], [113.9755122, 22.5497424], [113.9755321, 22.5495638], [113.9756235, 22.5495725], [113.9756163, 22.5496377], [113.9756421, 22.5496402], [113.9756333, 22.5497195], [113.9757361, 22.5497293], [113.9757175, 22.5498972], [113.9755707, 22.5498832], [113.975575, 22.5498443], [113.9751708, 22.549806], [113.9751665, 22.5498449], [113.9749915, 22.5498283]]]]}}, {"type": "Feature", "id": "way/1426347920", "properties": {"tags": {"addr:housename": "天鹅堡", "addr:housename:zh": "天鹅堡", "building": "apartments", "name": "G栋", "name:zh": "G栋"}, "heightStatus": "unknown", "source": "OpenStreetMap", "license": "ODbL-1.0"}, "geometry": {"type": "MultiPolygon", "coordinates": [[[[113.973948, 22.5499782], [113.9740735, 22.5499409], [113.9740227, 22.5497952], [113.9740474, 22.5497878], [113.9740256, 22.5497254], [113.9741131, 22.5496993], [113.9741727, 22.5498702], [113.974419, 22.5497969], [113.9743594, 22.5496261], [113.9744469, 22.5496], [113.9744687, 22.5496625], [113.9744935, 22.5496551], [113.9745443, 22.5498008], [113.9746698, 22.5497635], [113.9747014, 22.5498543], [113.974534, 22.5499042], [113.974521, 22.549867], [113.9741342, 22.549982], [113.9741472, 22.5500192], [113.9739797, 22.5500691], [113.973948, 22.5499782]]]]}}, {"type": "Feature", "id": "way/1426347921", "properties": {"tags": {"addr:housename": "天鹅堡", "addr:housename:zh": "天鹅堡", "building": "apartments", "name": "F栋", "name:zh": "F栋"}, "heightStatus": "unknown", "source": "OpenStreetMap", "license": "ODbL-1.0"}, "geometry": {"type": "MultiPolygon", "coordinates": [[[[113.973114, 22.5502226], [113.9731891, 22.5501737], [113.97323, 22.5502273], [113.9732513, 22.5502135], [113.973346, 22.5503376], [113.9735575, 22.5501999], [113.9734456, 22.5500532], [113.9735207, 22.5500043], [113.9735616, 22.5500579], [113.9735829, 22.5500441], [113.9736783, 22.5501692], [113.9737861, 22.5500991], [113.9738456, 22.5501771], [113.9737018, 22.5502707], [113.9736774, 22.5502388], [113.9733695, 22.5504391], [113.9733451, 22.5504072], [113.9731777, 22.550516], [113.9731181, 22.5504379], [113.9732251, 22.5503683], [113.973114, 22.5502226]]]]}}, {"type": "Feature", "id": "way/1426347922", "properties": {"tags": {"addr:housename": "天鹅堡", "addr:housename:zh": "天鹅堡", "building": "apartments", "name": "B栋", "name:zh": "B栋"}, "heightStatus": "unknown", "source": "OpenStreetMap", "license": "ODbL-1.0"}, "geometry": {"type": "MultiPolygon", "coordinates": [[[[113.9745941, 22.5511922], [113.9746677, 22.551164], [113.9746664, 22.5511489], [113.974675, 22.551136], [113.9746901, 22.5511302], [113.974706, 22.5511337], [113.9747167, 22.5511452], [113.9747297, 22.5511402], [113.9746682, 22.5510034], [113.9748607, 22.5509296], [113.9749222, 22.5510664], [113.9749352, 22.5510614], [113.9749339, 22.5510463], [113.9749425, 22.5510334], [113.9749576, 22.5510276], [113.9749735, 22.5510311], [113.9749842, 22.5510426], [113.9750578, 22.5510144], [113.9750903, 22.5510629], [113.9750546, 22.5510766], [113.9750704, 22.5511118], [113.9749658, 22.5511519], [113.9749731, 22.5511682], [113.9748939, 22.5511985], [113.9748709, 22.5511474], [113.9748281, 22.5511639], [113.974851, 22.551215], [113.9747719, 22.5512454], [113.9747646, 22.5512291], [113.9746599, 22.5512692], [113.9746441, 22.5512341], [113.9746084, 22.5512477], [113.9745941, 22.5511922]]]]}}, {"type": "Feature", "id": "way/1426347923", "properties": {"tags": {"addr:housename": "天鹅堡", "addr:housename:zh": "天鹅堡", "building": "apartments", "name": "C栋", "name:zh": "C栋"}, "heightStatus": "unknown", "source": "OpenStreetMap", "license": "ODbL-1.0"}, "geometry": {"type": "MultiPolygon", "coordinates": [[[[113.9740884, 22.551226], [113.9741696, 22.5512206], [113.9741735, 22.5512059], [113.974186, 22.5511961], [113.9742023, 22.551195], [113.9742163, 22.551203], [113.9742224, 22.551217], [113.9742365, 22.5512161], [113.9742249, 22.5510684], [113.9744329, 22.5510545], [113.9744444, 22.5512022], [113.9744585, 22.5512013], [113.9744624, 22.5511866], [113.9744749, 22.5511768], [113.9744913, 22.5511757], [113.9745052, 22.5511837], [113.9745114, 22.5511977], [113.9745941, 22.5511922], [113.9746084, 22.5512477], [113.9745665, 22.5512505], [113.9745695, 22.5512885], [113.9744565, 22.5512961], [113.9744579, 22.5513137], [113.9743724, 22.5513194], [113.974368, 22.5512642], [113.9743217, 22.5512673], [113.9743261, 22.5513225], [113.9742406, 22.5513282], [113.9742392, 22.5513106], [113.9741262, 22.5513182], [113.9741252, 22.5513064], [113.9741142, 22.5513047], [113.9741044, 22.5512996], [113.974097, 22.5512918], [113.9740928, 22.5512822], [113.9740884, 22.551226]]]]}}, {"type": "Feature", "id": "way/1426347925", "properties": {"tags": {"addr:housename": "天鹅堡", "addr:housename:zh": "天鹅堡", "building": "apartments", "name": "R栋", "name:zh": "R栋"}, "heightStatus": "unknown", "source": "OpenStreetMap", "license": "ODbL-1.0"}, "geometry": {"type": "MultiPolygon", "coordinates": [[[[113.9757701, 22.5512857], [113.9759216, 22.5512525], [113.9758771, 22.5510794], [113.9760753, 22.5510359], [113.9761198, 22.5512091], [113.9762712, 22.5511759], [113.9763062, 22.551279], [113.9757971, 22.5513906], [113.9757701, 22.5512857]]]]}}, {"type": "Feature", "id": "way/1426347927", "properties": {"tags": {"addr:housename": "天鹅堡", "addr:housename:zh": "天鹅堡", "building": "apartments", "name": "A栋", "name:zh": "A栋"}, "heightStatus": "unknown", "source": "OpenStreetMap", "license": "ODbL-1.0"}, "geometry": {"type": "MultiPolygon", "coordinates": [[[[113.9750578, 22.5510144], [113.9751204, 22.5509641], [113.975114, 22.5509502], [113.9751177, 22.5509354], [113.9751301, 22.5509255], [113.9751464, 22.5509242], [113.9751605, 22.550932], [113.9751711, 22.5509235], [113.9750659, 22.5508116], [113.9752234, 22.5506854], [113.9753285, 22.5507972], [113.9753392, 22.5507887], [113.9753328, 22.5507748], [113.9753365, 22.55076], [113.9753488, 22.5507501], [113.9753651, 22.5507488], [113.9753792, 22.5507566], [113.9754406, 22.5507073], [113.9754806, 22.5507498], [113.9754851, 22.5507594], [113.9754858, 22.5507697], [113.9754828, 22.5507797], [113.9754763, 22.5507882], [113.9754847, 22.5507971], [113.9753991, 22.5508657], [113.9754116, 22.550879], [113.9753469, 22.5509309], [113.9753076, 22.5508891], [113.9752725, 22.5509172], [113.9753118, 22.550959], [113.9752471, 22.5510109], [113.9752346, 22.5509976], [113.975149, 22.5510662], [113.975122, 22.5510375], [113.9750903, 22.5510629], [113.9750578, 22.5510144]]]]}}, {"type": "Feature", "id": "way/1426347928", "properties": {"tags": {"addr:housename": "天鹅堡", "addr:housename:zh": "天鹅堡", "building": "apartments", "name": "E栋", "name:zh": "E栋"}, "heightStatus": "unknown", "source": "OpenStreetMap", "license": "ODbL-1.0"}, "geometry": {"type": "MultiPolygon", "coordinates": [[[[113.9727077, 22.5511482], [113.9727167, 22.5511398], [113.9727108, 22.551131], [113.9727085, 22.5511208], [113.9727099, 22.5511106], [113.972715, 22.5511013], [113.9727578, 22.5510612], [113.9728158, 22.5511139], [113.9728303, 22.551107], [113.9728465, 22.5511092], [113.9728582, 22.5511198], [113.9728609, 22.5511348], [113.9728535, 22.5511483], [113.9728636, 22.5511574], [113.9729761, 22.5510519], [113.9731247, 22.5511871], [113.9730121, 22.5512926], [113.9730221, 22.5513017], [113.9730367, 22.5512947], [113.9730529, 22.551297], [113.9730645, 22.5513076], [113.9730672, 22.5513225], [113.9730599, 22.5513361], [113.9731178, 22.5513888], [113.973075, 22.551429], [113.9730651, 22.5514338], [113.973054, 22.5514353], [113.973043, 22.5514332], [113.9730333, 22.551428], [113.9730244, 22.5514363], [113.9729437, 22.5513629], [113.9729303, 22.5513754], [113.9728692, 22.5513199], [113.9729113, 22.5512804], [113.9728782, 22.5512503], [113.9728361, 22.5512898], [113.9727751, 22.5512342], [113.9727885, 22.5512216], [113.9727077, 22.5511482]]]]}}, {"type": "Feature", "id": "way/1426347929", "properties": {"tags": {"addr:housename": "天鹅堡", "addr:housename:zh": "天鹅堡", "building": "apartments", "name": "D栋", "name:zh": "D栋"}, "heightStatus": "unknown", "source": "OpenStreetMap", "license": "ODbL-1.0"}, "geometry": {"type": "MultiPolygon", "coordinates": [[[[113.97321, 22.5515104], [113.9732102, 22.5515], [113.97323, 22.5514467], [113.973307, 22.551471], [113.9733168, 22.5514588], [113.9733325, 22.5514544], [113.973348, 22.5514593], [113.9733574, 22.5514716], [113.9733572, 22.5514868], [113.9733705, 22.551491], [113.9734223, 22.5513508], [113.9736196, 22.551413], [113.9735678, 22.5515531], [113.9735811, 22.5515573], [113.973591, 22.5515452], [113.9736066, 22.5515408], [113.9736221, 22.5515457], [113.9736316, 22.551558], [113.9736313, 22.5515732], [113.9737083, 22.5515974], [113.9736887, 22.5516507], [113.973682, 22.5516591], [113.9736726, 22.5516649], [113.9736618, 22.5516675], [113.9736506, 22.5516666], [113.9736465, 22.5516777], [113.9735392, 22.5516439], [113.9735331, 22.5516606], [113.9734519, 22.551635], [113.9734713, 22.5515827], [113.9734273, 22.5515688], [113.973408, 22.5516212], [113.9733269, 22.5515956], [113.973333, 22.5515789], [113.9732258, 22.5515451], [113.9732299, 22.551534], [113.9732204, 22.5515284], [113.9732136, 22.5515202], [113.97321, 22.5515104]]]]}}, {"type": "Feature", "id": "way/1426525663", "properties": {"tags": {"building": "school"}, "heightStatus": "unknown", "source": "OpenStreetMap", "license": "ODbL-1.0"}, "geometry": {"type": "MultiPolygon", "coordinates": [[[[113.9679984, 22.545143], [113.9684952, 22.545142], [113.9684949, 22.5450344], [113.9691495, 22.5450331], [113.9691498, 22.5451606], [113.9689089, 22.5451611], [113.968909, 22.5452455], [113.9685993, 22.545246], [113.9685997, 22.5454351], [113.9690108, 22.5454343], [113.9690113, 22.5456583], [113.9686005, 22.545659], [113.968601, 22.5458605], [113.9691129, 22.5458596], [113.9691131, 22.5459664], [113.9683092, 22.5459679], [113.968309, 22.5459078], [113.9682263, 22.5459079], [113.9682262, 22.545868], [113.968003, 22.5458684], [113.9680029, 22.5458051], [113.9683088, 22.5458046], [113.9683089, 22.5458614], [113.9684973, 22.5458611], [113.9684968, 22.5456327], [113.9679995, 22.5456336], [113.9679991, 22.5454636], [113.9684961, 22.5454626], [113.9684956, 22.5452466], [113.9679986, 22.5452475], [113.9679984, 22.545143]]]]}}, {"type": "Feature", "id": "way/1426564267", "properties": {"tags": {"building": "yes"}, "heightStatus": "unknown", "source": "OpenStreetMap", "license": "ODbL-1.0"}, "geometry": {"type": "MultiPolygon", "coordinates": [[[[113.9750267, 22.5456706], [113.9750273, 22.5454823], [113.9755152, 22.5454835], [113.9755145, 22.5457106], [113.9751638, 22.5457098], [113.9751639, 22.545671], [113.9750267, 22.5456706]]]]}}, {"type": "Feature", "id": "way/1426564268", "properties": {"tags": {"building": "grandstand"}, "heightStatus": "unknown", "source": "OpenStreetMap", "license": "ODbL-1.0"}, "geometry": {"type": "MultiPolygon", "coordinates": [[[[113.9748171, 22.5464747], [113.9748599, 22.5463923], [113.9749161, 22.546307], [113.9749812, 22.5462273], [113.9750545, 22.5461539], [113.9751354, 22.5460877], [113.975223, 22.5460292], [113.9753165, 22.545979], [113.9754149, 22.5459376], [113.9755172, 22.5459054], [113.9756226, 22.5458828], [113.9757207, 22.5458711], [113.9757444, 22.5460403], [113.9756554, 22.546051], [113.975568, 22.5460698], [113.9754831, 22.5460964], [113.9754014, 22.5461308], [113.9753239, 22.5461724], [113.9752512, 22.546221], [113.9751841, 22.546276], [113.9751232, 22.5463369], [113.9750691, 22.546403], [113.9750225, 22.5464738], [113.9749837, 22.5465485], [113.9748171, 22.5464747]]]]}}, {"type": "Feature", "id": "way/1429433053", "properties": {"tags": {"addr:housename": "波托菲诺纯水岸", "addr:housename:zh": "波托菲诺纯水岸", "building": "apartments", "building:levels": "16", "name": "3-1栋", "name:zh": "3-1栋"}, "heightStatus": "levels_only_unverified", "source": "OpenStreetMap", "license": "ODbL-1.0"}, "geometry": {"type": "MultiPolygon", "coordinates": [[[[113.9669474, 22.5495335], [113.9670179, 22.5495064], [113.9669553, 22.5493678], [113.967177, 22.5492813], [113.9671918, 22.5492756], [113.9672548, 22.5494151], [113.9671973, 22.5494373], [113.9672452, 22.5495435], [113.9669953, 22.5496397], [113.9669474, 22.5495335]]]]}}, {"type": "Feature", "id": "way/1429433054", "properties": {"tags": {"addr:housename": "波托菲诺纯水岸", "addr:housename:zh": "波托菲诺纯水岸", "building": "apartments", "building:levels": "21", "name": "4-2栋", "name:zh": "4-2栋"}, "heightStatus": "levels_only_unverified", "source": "OpenStreetMap", "license": "ODbL-1.0"}, "geometry": {"type": "MultiPolygon", "coordinates": [[[[113.9669602, 22.5498802], [113.9671786, 22.5497557], [113.9672646, 22.5498844], [113.9672115, 22.5499146], [113.9672769, 22.5500125], [113.9671853, 22.5500658], [113.9670465, 22.5501438], [113.9669811, 22.5500459], [113.9670461, 22.5500089], [113.9669602, 22.5498802]]]]}}, {"type": "Feature", "id": "way/1429433055", "properties": {"tags": {"addr:housename": "波托菲诺纯水岸", "addr:housename:zh": "波托菲诺纯水岸", "building": "apartments", "building:levels": "28", "name": "5-2栋", "name:zh": "5-2栋"}, "heightStatus": "levels_only_unverified", "source": "OpenStreetMap", "license": "ODbL-1.0"}, "geometry": {"type": "MultiPolygon", "coordinates": [[[[113.9669696, 22.550632], [113.9671881, 22.5505075], [113.967274, 22.5506361], [113.9672209, 22.5506664], [113.9672863, 22.5507643], [113.9671947, 22.5508176], [113.9670559, 22.5508956], [113.9669905, 22.5507977], [113.9670555, 22.5507606], [113.9669696, 22.550632]]]]}}, {"type": "Feature", "id": "way/1429433056", "properties": {"tags": {"addr:housename": "波托菲诺纯水岸", "addr:housename:zh": "波托菲诺纯水岸", "building": "apartments", "building:levels": "12", "name": "1栋", "name:zh": "1栋"}, "heightStatus": "levels_only_unverified", "source": "OpenStreetMap", "license": "ODbL-1.0"}, "geometry": {"type": "MultiPolygon", "coordinates": [[[[113.9673862, 22.5512212], [113.9675579, 22.5509978], [113.9676626, 22.5510664], [113.9675693, 22.5511877], [113.9679872, 22.5514615], [113.9681707, 22.5512227], [113.9682789, 22.5512936], [113.9680169, 22.5516346], [113.9678217, 22.5515067], [113.9677979, 22.5515376], [113.9676127, 22.5514162], [113.9676365, 22.5513852], [113.9673862, 22.5512212]]]]}}, {"type": "Feature", "id": "way/1429433057", "properties": {"tags": {"addr:housenumber": "48", "building": "house"}, "heightStatus": "unknown", "source": "OpenStreetMap", "license": "ODbL-1.0"}, "geometry": {"type": "MultiPolygon", "coordinates": [[[[113.9681275, 22.5475926], [113.9681905, 22.5475063], [113.9682797, 22.5475619], [113.9683026, 22.5475307], [113.9683846, 22.5475819], [113.9682414, 22.5477779], [113.9681593, 22.5477267], [113.9682167, 22.5476482], [113.9681275, 22.5475926]]]]}}, {"type": "Feature", "id": "way/1429433058", "properties": {"tags": {"addr:housenumber": "33", "building": "house"}, "heightStatus": "unknown", "source": "OpenStreetMap", "license": "ODbL-1.0"}, "geometry": {"type": "MultiPolygon", "coordinates": [[[[113.9724477, 22.5457687], [113.9725825, 22.5457669], [113.9725852, 22.5459378], [113.9724504, 22.5459396], [113.9724477, 22.5457687]]]]}}, {"type": "Feature", "id": "way/1429433059", "properties": {"tags": {"addr:housenumber": "32", "building": "house"}, "heightStatus": "unknown", "source": "OpenStreetMap", "license": "ODbL-1.0"}, "geometry": {"type": "MultiPolygon", "coordinates": [[[[113.9726519, 22.5457468], [113.9727299, 22.5457433], [113.9727323, 22.5457896], [113.9728532, 22.5457842], [113.9728595, 22.5459034], [113.9727386, 22.5459089], [113.9727403, 22.5459407], [113.9726623, 22.5459442], [113.9726519, 22.5457468]]]]}}, {"type": "Feature", "id": "way/1429433060", "properties": {"tags": {"addr:housenumber": "38", "building": "house"}, "heightStatus": "unknown", "source": "OpenStreetMap", "license": "ODbL-1.0"}, "geometry": {"type": "MultiPolygon", "coordinates": [[[[113.971257, 22.5456657], [113.9713196, 22.545614], [113.9713948, 22.5456918], [113.9714513, 22.5456453], [113.9715256, 22.5457222], [113.9713633, 22.545856], [113.971289, 22.5457791], [113.9713322, 22.5457435], [113.971257, 22.5456657]]]]}}, {"type": "Feature", "id": "way/1429433061", "properties": {"tags": {"addr:housenumber": "35", "building": "house"}, "heightStatus": "unknown", "source": "OpenStreetMap", "license": "ODbL-1.0"}, "geometry": {"type": "MultiPolygon", "coordinates": [[[[113.9719628, 22.5459848], [113.9720976, 22.545983], [113.9721002, 22.5461539], [113.9719655, 22.5461557], [113.9719628, 22.5459848]]]]}}, {"type": "Feature", "id": "way/1429433062", "properties": {"tags": {"addr:housenumber": "34", "building": "house"}, "heightStatus": "unknown", "source": "OpenStreetMap", "license": "ODbL-1.0"}, "geometry": {"type": "MultiPolygon", "coordinates": [[[[113.9721416, 22.5458741], [113.9722162, 22.5458527], [113.9722311, 22.5458969], [113.9723466, 22.5458636], [113.9723851, 22.5459777], [113.9722695, 22.5460109], [113.9722798, 22.5460413], [113.9722053, 22.5460628], [113.9721416, 22.5458741]]]]}}, {"type": "Feature", "id": "way/1429433063", "properties": {"tags": {"addr:housenumber": "36", "building": "house"}, "heightStatus": "unknown", "source": "OpenStreetMap", "license": "ODbL-1.0"}, "geometry": {"type": "MultiPolygon", "coordinates": [[[[113.971653, 22.5460666], [113.9717294, 22.545882], [113.9718024, 22.5459078], [113.9717844, 22.545951], [113.9718975, 22.5459909], [113.9718513, 22.5461025], [113.9717382, 22.5460626], [113.9717259, 22.5460923], [113.971653, 22.5460666]]]]}}, {"type": "Feature", "id": "way/1429433064", "properties": {"tags": {"addr:housenumber": "31", "building": "house"}, "heightStatus": "unknown", "source": "OpenStreetMap", "license": "ODbL-1.0"}, "geometry": {"type": "MultiPolygon", "coordinates": [[[[113.9729236, 22.545691], [113.9731365, 22.5456885], [113.9731397, 22.5459171], [113.9729268, 22.5459197], [113.9729236, 22.545691]]]]}}, {"type": "Feature", "id": "way/1429433065", "properties": {"tags": {"addr:housenumber": "30", "building": "house"}, "heightStatus": "unknown", "source": "OpenStreetMap", "license": "ODbL-1.0"}, "geometry": {"type": "MultiPolygon", "coordinates": [[[[113.972919, 22.5462474], [113.9730196, 22.5462462], [113.9730191, 22.5462094], [113.9731263, 22.5462081], [113.9731292, 22.5464135], [113.9730162, 22.5464149], [113.9730155, 22.5463617], [113.9729206, 22.5463628], [113.972919, 22.5462474]]]]}}, {"type": "Feature", "id": "way/1429433066", "properties": {"tags": {"addr:housenumber": "29", "building": "house"}, "heightStatus": "unknown", "source": "OpenStreetMap", "license": "ODbL-1.0"}, "geometry": {"type": "MultiPolygon", "coordinates": [[[[113.9725449, 22.5462413], [113.9726207, 22.5462391], [113.9726182, 22.5461675], [113.9726867, 22.5461655], [113.97269, 22.5462638], [113.9727604, 22.5462618], [113.9727588, 22.5462133], [113.9728344, 22.5462111], [113.9728383, 22.5463262], [113.9727627, 22.5463284], [113.9727619, 22.5463041], [113.9726915, 22.5463062], [113.9726938, 22.5463742], [113.9726254, 22.5463762], [113.9726239, 22.5463346], [113.9725481, 22.5463368], [113.9725449, 22.5462413]]]]}}, {"type": "Feature", "id": "way/1429433067", "properties": {"tags": {"addr:housenumber": "27", "building": "house"}, "heightStatus": "unknown", "source": "OpenStreetMap", "license": "ODbL-1.0"}, "geometry": {"type": "MultiPolygon", "coordinates": [[[[113.9719584, 22.5465402], [113.9720341, 22.5465358], [113.9720292, 22.5464643], [113.9720975, 22.5464603], [113.9721042, 22.5465584], [113.9721745, 22.5465543], [113.9721712, 22.546506], [113.9722467, 22.5465016], [113.9722546, 22.5466165], [113.9721791, 22.5466209], [113.9721774, 22.5465966], [113.9721071, 22.5466007], [113.9721118, 22.5466686], [113.9720434, 22.5466726], [113.9720406, 22.5466312], [113.9719649, 22.5466356], [113.9719584, 22.5465402]]]]}}, {"type": "Feature", "id": "way/1429433068", "properties": {"tags": {"addr:housenumber": "17", "building": "house"}, "heightStatus": "unknown", "source": "OpenStreetMap", "license": "ODbL-1.0"}, "geometry": {"type": "MultiPolygon", "coordinates": [[[[113.971156, 22.5471392], [113.9711887, 22.5470836], [113.9712823, 22.5471306], [113.9713159, 22.5470734], [113.9712698, 22.5470503], [113.9713059, 22.5469889], [113.9714154, 22.5470439], [113.9713793, 22.5471053], [113.9713562, 22.5470937], [113.9713225, 22.5471508], [113.9713873, 22.5471834], [113.9713546, 22.5472389], [113.9713151, 22.547219], [113.9712788, 22.5472806], [113.9711879, 22.5472349], [113.9712242, 22.5471734], [113.971156, 22.5471392]]]]}}, {"type": "Feature", "id": "way/1429433069", "properties": {"tags": {"addr:housenumber": "43", "building": "house"}, "heightStatus": "unknown", "source": "OpenStreetMap", "license": "ODbL-1.0"}, "geometry": {"type": "MultiPolygon", "coordinates": [[[[113.9688993, 22.5477328], [113.9689713, 22.5476365], [113.9690153, 22.5476646], [113.9690391, 22.5476328], [113.9689921, 22.5476028], [113.9690363, 22.5475437], [113.969192, 22.547643], [113.9691118, 22.5477503], [113.9692015, 22.5478075], [113.9691417, 22.5478874], [113.9688993, 22.5477328]]]]}}, {"type": "Feature", "id": "way/1429433070", "properties": {"tags": {"addr:housenumber": "44", "building": "house"}, "heightStatus": "unknown", "source": "OpenStreetMap", "license": "ODbL-1.0"}, "geometry": {"type": "MultiPolygon", "coordinates": [[[[113.9690053, 22.5481372], [113.9691471, 22.5479486], [113.969267, 22.5480255], [113.9692436, 22.5480566], [113.9693506, 22.5481253], [113.9692787, 22.548221], [113.9691407, 22.5481325], [113.9690943, 22.5481942], [113.9690053, 22.5481372]]]]}}, {"type": "Feature", "id": "way/1429433071", "properties": {"tags": {"addr:housenumber": "45", "building": "house"}, "heightStatus": "unknown", "source": "OpenStreetMap", "license": "ODbL-1.0"}, "geometry": {"type": "MultiPolygon", "coordinates": [[[[113.9686671, 22.5481331], [113.9687386, 22.5480382], [113.9686834, 22.5480027], [113.9687601, 22.5479009], [113.9689703, 22.5480359], [113.9689137, 22.548111], [113.9688447, 22.5480667], [113.9687531, 22.5481884], [113.9686671, 22.5481331]]]]}}, {"type": "Feature", "id": "way/1429433072", "properties": {"tags": {"addr:housenumber": "46", "building": "house"}, "heightStatus": "unknown", "source": "OpenStreetMap", "license": "ODbL-1.0"}, "geometry": {"type": "MultiPolygon", "coordinates": [[[[113.9684333, 22.5479784], [113.9685592, 22.5478061], [113.9686413, 22.5478573], [113.9686185, 22.5478885], [113.9687077, 22.5479441], [113.9686447, 22.5480304], [113.9685555, 22.5479748], [113.9685154, 22.5480296], [113.9684333, 22.5479784]]]]}}, {"type": "Feature", "id": "way/1429433073", "properties": {"tags": {"addr:housenumber": "47", "building": "house"}, "heightStatus": "unknown", "source": "OpenStreetMap", "license": "ODbL-1.0"}, "geometry": {"type": "MultiPolygon", "coordinates": [[[[113.9682309, 22.5478473], [113.9683742, 22.5476513], [113.9684562, 22.5477025], [113.9684334, 22.5477337], [113.9685227, 22.5477893], [113.9684596, 22.5478756], [113.9683704, 22.5478199], [113.968313, 22.5478985], [113.9682309, 22.5478473]]]]}}, {"type": "Feature", "id": "way/1429433074", "properties": {"tags": {"addr:housenumber": "41", "building": "house"}, "heightStatus": "unknown", "source": "OpenStreetMap", "license": "ODbL-1.0"}, "geometry": {"type": "MultiPolygon", "coordinates": [[[[113.9685096, 22.5474432], [113.9686182, 22.5472946], [113.9687003, 22.5473458], [113.9686775, 22.547377], [113.9687668, 22.5474326], [113.9687037, 22.5475189], [113.9686145, 22.5474632], [113.9685917, 22.5474944], [113.9685096, 22.5474432]]]]}}, {"type": "Feature", "id": "way/1429433075", "properties": {"tags": {"addr:housenumber": "42", "building": "house"}, "heightStatus": "unknown", "source": "OpenStreetMap", "license": "ODbL-1.0"}, "geometry": {"type": "MultiPolygon", "coordinates": [[[[113.9687018, 22.5475849], [113.9688105, 22.5474363], [113.9688926, 22.5474875], [113.9688698, 22.5475187], [113.968959, 22.5475743], [113.9688959, 22.5476606], [113.9688067, 22.547605], [113.9687839, 22.5476361], [113.9687018, 22.5475849]]]]}}, {"type": "Feature", "id": "way/1429433076", "properties": {"tags": {"addr:housenumber": "40", "building": "house"}, "heightStatus": "unknown", "source": "OpenStreetMap", "license": "ODbL-1.0"}, "geometry": {"type": "MultiPolygon", "coordinates": [[[[113.9683108, 22.5473099], [113.9684195, 22.5471612], [113.9685016, 22.5472124], [113.9684788, 22.5472436], [113.968568, 22.5472993], [113.9685049, 22.5473855], [113.9684157, 22.5473299], [113.9683929, 22.5473611], [113.9683108, 22.5473099]]]]}}, {"type": "Feature", "id": "way/1429433077", "properties": {"tags": {"addr:housenumber": "39", "building": "house"}, "heightStatus": "unknown", "source": "OpenStreetMap", "license": "ODbL-1.0"}, "geometry": {"type": "MultiPolygon", "coordinates": [[[[113.9681356, 22.5471548], [113.9681986, 22.5470685], [113.9682879, 22.5471242], [113.9683107, 22.547093], [113.9683928, 22.5471441], [113.9682841, 22.5472928], [113.968202, 22.5472416], [113.9682248, 22.5472104], [113.9681356, 22.5471548]]]]}}, {"type": "Feature", "id": "way/1429433078", "properties": {"tags": {"addr:housenumber": "4", "building": "house"}, "heightStatus": "unknown", "source": "OpenStreetMap", "license": "ODbL-1.0"}, "geometry": {"type": "MultiPolygon", "coordinates": [[[[113.9693954, 22.5473694], [113.9694654, 22.5473054], [113.9694293, 22.5472716], [113.9695205, 22.5471883], [113.9697199, 22.5473744], [113.9696286, 22.5474578], [113.9695355, 22.5473709], [113.9694655, 22.5474349], [113.9693954, 22.5473694]]]]}}, {"type": "Feature", "id": "way/1429433079", "properties": {"tags": {"addr:housenumber": "2", "building": "house"}, "heightStatus": "unknown", "source": "OpenStreetMap", "license": "ODbL-1.0"}, "geometry": {"type": "MultiPolygon", "coordinates": [[[[113.9690573, 22.5471467], [113.9691766, 22.5469759], [113.9692811, 22.5470381], [113.9691617, 22.547209], [113.9690573, 22.5471467]]]]}}, {"type": "Feature", "id": "way/1429433080", "properties": {"tags": {"addr:housenumber": "23", "building": "house"}, "heightStatus": "unknown", "source": "OpenStreetMap", "license": "ODbL-1.0"}, "geometry": {"type": "MultiPolygon", "coordinates": [[[[113.9703514, 22.5462057], [113.9703749, 22.5461879], [113.970402, 22.5461755], [113.9704314, 22.5461688], [113.9704618, 22.5461683], [113.9704915, 22.546174], [113.970519, 22.5461857], [113.9705491, 22.5461427], [113.9706318, 22.546192], [113.9705148, 22.5463595], [113.970432, 22.5463102], [113.9704599, 22.5462703], [113.9703514, 22.5462057]]]]}}, {"type": "Feature", "id": "way/1429433081", "properties": {"tags": {"addr:housenumber": "28", "building": "house"}, "heightStatus": "unknown", "source": "OpenStreetMap", "license": "ODbL-1.0"}, "geometry": {"type": "MultiPolygon", "coordinates": [[[[113.9722503, 22.5463507], [113.9723475, 22.5463077], [113.9723613, 22.5463342], [113.972447, 22.5462963], [113.9725426, 22.5464806], [113.9724145, 22.5465373], [113.9724321, 22.5465712], [113.9723772, 22.5465954], [113.9722503, 22.5463507]]]]}}, {"type": "Feature", "id": "way/1429433082", "properties": {"tags": {"addr:housenumber": "25", "building": "house"}, "heightStatus": "unknown", "source": "OpenStreetMap", "license": "ODbL-1.0"}, "geometry": {"type": "MultiPolygon", "coordinates": [[[[113.971305, 22.5463995], [113.9714244, 22.5462287], [113.9715288, 22.5462909], [113.9714095, 22.5464618], [113.971305, 22.5463995]]]]}}, {"type": "Feature", "id": "way/1429433083", "properties": {"tags": {"addr:housenumber": "37", "building": "house"}, "heightStatus": "unknown", "source": "OpenStreetMap", "license": "ODbL-1.0"}, "geometry": {"type": "MultiPolygon", "coordinates": [[[[113.9714526, 22.5459289], [113.9715719, 22.545758], [113.9716764, 22.5458203], [113.971557, 22.5459911], [113.9714526, 22.5459289]]]]}}, {"type": "Feature", "id": "way/1429433084", "properties": {"tags": {"addr:housenumber": "24", "building": "house"}, "heightStatus": "unknown", "source": "OpenStreetMap", "license": "ODbL-1.0"}, "geometry": {"type": "MultiPolygon", "coordinates": [[[[113.9710419, 22.5462073], [113.971095, 22.5461306], [113.9710516, 22.546105], [113.9711098, 22.546021], [113.9713487, 22.546162], [113.9712905, 22.546246], [113.971179, 22.5461802], [113.9711259, 22.5462569], [113.9710419, 22.5462073]]]]}}, {"type": "Feature", "id": "way/1429433085", "properties": {"tags": {"addr:housenumber": "26", "building": "house"}, "heightStatus": "unknown", "source": "OpenStreetMap", "license": "ODbL-1.0"}, "geometry": {"type": "MultiPolygon", "coordinates": [[[[113.971634, 22.5464466], [113.971652, 22.5463452], [113.971904, 22.5463835], [113.9718678, 22.546587], [113.9717532, 22.5465696], [113.9717714, 22.5464675], [113.971634, 22.5464466]]]]}}, {"type": "Feature", "id": "way/1429433086", "properties": {"tags": {"addr:housenumber": "16", "building": "house"}, "heightStatus": "unknown", "source": "OpenStreetMap", "license": "ODbL-1.0"}, "geometry": {"type": "MultiPolygon", "coordinates": [[[[113.9707202, 22.547023], [113.9707826, 22.5469336], [113.9708206, 22.5469562], [113.9708495, 22.5469148], [113.9709069, 22.546949], [113.970878, 22.5469904], [113.9709905, 22.5470574], [113.970928, 22.5471468], [113.9708156, 22.5470798], [113.9707974, 22.5471059], [113.9707399, 22.5470716], [113.9707581, 22.5470456], [113.9707202, 22.547023]]]]}}, {"type": "Feature", "id": "way/1429433087", "properties": {"tags": {"addr:housenumber": "15", "building": "house"}, "heightStatus": "unknown", "source": "OpenStreetMap", "license": "ODbL-1.0"}, "geometry": {"type": "MultiPolygon", "coordinates": [[[[113.9704166, 22.5469038], [113.9704818, 22.5468356], [113.9704433, 22.5468042], [113.970537, 22.5467063], [113.9707494, 22.5468797], [113.9706557, 22.5469776], [113.9705566, 22.5468966], [113.9704913, 22.5469648], [113.9704166, 22.5469038]]]]}}, {"type": "Feature", "id": "way/1429433088", "properties": {"tags": {"addr:housenumber": "5", "building": "house"}, "heightStatus": "unknown", "source": "OpenStreetMap", "license": "ODbL-1.0"}, "geometry": {"type": "MultiPolygon", "coordinates": [[[[113.9696826, 22.5475956], [113.9697836, 22.5474546], [113.9698354, 22.5474863], [113.969861, 22.5474507], [113.9699148, 22.5474836], [113.9698892, 22.5475192], [113.9700509, 22.5476181], [113.9699585, 22.5477469], [113.9698705, 22.5476931], [113.9699023, 22.5476488], [113.9698343, 22.5476073], [113.9697939, 22.5476637], [113.9696826, 22.5475956]]]]}}, {"type": "Feature", "id": "way/1429433089", "properties": {"tags": {"addr:housenumber": "6", "building": "house"}, "heightStatus": "unknown", "source": "OpenStreetMap", "license": "ODbL-1.0"}, "geometry": {"type": "MultiPolygon", "coordinates": [[[[113.9701576, 22.5476545], [113.9702621, 22.5475906], [113.9702366, 22.547555], [113.9703057, 22.5475127], [113.9703313, 22.5475483], [113.9704058, 22.5475027], [113.9705069, 22.5476436], [113.9703956, 22.5477117], [113.9703551, 22.5476553], [113.9702872, 22.5476969], [113.9703189, 22.5477411], [113.9702499, 22.5477833], [113.9701576, 22.5476545]]]]}}, {"type": "Feature", "id": "way/1429433090", "properties": {"tags": {"addr:housenumber": "1", "building": "house"}, "heightStatus": "unknown", "source": "OpenStreetMap", "license": "ODbL-1.0"}, "geometry": {"type": "MultiPolygon", "coordinates": [[[[113.9688372, 22.5470032], [113.9688607, 22.5469855], [113.9688879, 22.5469731], [113.9689173, 22.5469664], [113.9689476, 22.5469659], [113.9689773, 22.5469716], [113.9690049, 22.5469832], [113.9690349, 22.5469403], [113.9691177, 22.5469896], [113.968984, 22.5471809], [113.9689013, 22.5471316], [113.9689458, 22.5470679], [113.9688372, 22.5470032]]]]}}, {"type": "Feature", "id": "way/1429433091", "properties": {"tags": {"addr:housenumber": "12", "building": "house"}, "heightStatus": "unknown", "source": "OpenStreetMap", "license": "ODbL-1.0"}, "geometry": {"type": "MultiPolygon", "coordinates": [[[[113.9698927, 22.5465376], [113.9699162, 22.5465199], [113.9699433, 22.5465074], [113.9699728, 22.5465008], [113.9700031, 22.5465003], [113.9700328, 22.546506], [113.9700604, 22.5465176], [113.9700904, 22.5464746], [113.9701731, 22.5465239], [113.9700561, 22.5466915], [113.9699734, 22.5466422], [113.9700012, 22.5466023], [113.9698927, 22.5465376]]]]}}, {"type": "Feature", "id": "way/1429433092", "properties": {"tags": {"addr:housenumber": "11", "building": "house"}, "heightStatus": "unknown", "source": "OpenStreetMap", "license": "ODbL-1.0"}, "geometry": {"type": "MultiPolygon", "coordinates": [[[[113.9694548, 22.5468506], [113.9694783, 22.5468329], [113.9695054, 22.5468204], [113.9695348, 22.5468138], [113.9695652, 22.5468133], [113.9695948, 22.546819], [113.9696224, 22.5468306], [113.9696525, 22.5467877], [113.9697352, 22.546837], [113.9696182, 22.5470045], [113.9695354, 22.5469552], [113.9695633, 22.5469153], [113.9694548, 22.5468506]]]]}}, {"type": "Feature", "id": "way/1429433093", "properties": {"tags": {"addr:housenumber": "13", "building": "house"}, "heightStatus": "unknown", "source": "OpenStreetMap", "license": "ODbL-1.0"}, "geometry": {"type": "MultiPolygon", "coordinates": [[[[113.9701196, 22.5466614], [113.9702389, 22.5464905], [113.9703434, 22.5465528], [113.9702241, 22.5467236], [113.9701196, 22.5466614]]]]}}, {"type": "Feature", "id": "way/1429433094", "properties": {"tags": {"addr:housenumber": "22", "building": "house"}, "heightStatus": "unknown", "source": "OpenStreetMap", "license": "ODbL-1.0"}, "geometry": {"type": "MultiPolygon", "coordinates": [[[[113.9705301, 22.5464114], [113.9706494, 22.5462406], [113.9707539, 22.5463028], [113.9706346, 22.5464737], [113.9705301, 22.5464114]]]]}}, {"type": "Feature", "id": "way/1429433095", "properties": {"tags": {"addr:housenumber": "21", "building": "house"}, "heightStatus": "unknown", "source": "OpenStreetMap", "license": "ODbL-1.0"}, "geometry": {"type": "MultiPolygon", "coordinates": [[[[113.9706509, 22.5465681], [113.9707703, 22.5463973], [113.9708747, 22.5464595], [113.9707554, 22.5466303], [113.9706509, 22.5465681]]]]}}, {"type": "Feature", "id": "way/1429433096", "properties": {"tags": {"addr:housenumber": "20", "building": "house"}, "heightStatus": "unknown", "source": "OpenStreetMap", "license": "ODbL-1.0"}, "geometry": {"type": "MultiPolygon", "coordinates": [[[[113.9708014, 22.5466354], [113.9708481, 22.5465686], [113.9709092, 22.5466051], [113.9709764, 22.5465089], [113.9710492, 22.5465523], [113.9709354, 22.5467152], [113.9708014, 22.5466354]]]]}}, {"type": "Feature", "id": "way/1429433097", "properties": {"tags": {"addr:housenumber": "19", "building": "house"}, "heightStatus": "unknown", "source": "OpenStreetMap", "license": "ODbL-1.0"}, "geometry": {"type": "MultiPolygon", "coordinates": [[[[113.9709696, 22.5467398], [113.9710889, 22.5465689], [113.9711934, 22.5466312], [113.971074, 22.546802], [113.9709696, 22.5467398]]]]}}, {"type": "Feature", "id": "way/1429433098", "properties": {"tags": {"addr:housenumber": "18", "building": "house"}, "heightStatus": "unknown", "source": "OpenStreetMap", "license": "ODbL-1.0"}, "geometry": {"type": "MultiPolygon", "coordinates": [[[[113.9711403, 22.5468063], [113.9712536, 22.5466441], [113.9713584, 22.5467065], [113.9713079, 22.5467788], [113.9714358, 22.5468551], [113.971373, 22.546945], [113.9711403, 22.5468063]]]]}}, {"type": "Feature", "id": "way/1429433099", "properties": {"tags": {"addr:housenumber": "7", "building": "house"}, "heightStatus": "unknown", "source": "OpenStreetMap", "license": "ODbL-1.0"}, "geometry": {"type": "MultiPolygon", "coordinates": [[[[113.9701387, 22.5473001], [113.9702521, 22.5471378], [113.9703568, 22.5472002], [113.9703063, 22.5472726], [113.9704343, 22.5473488], [113.9703714, 22.5474387], [113.9701387, 22.5473001]]]]}}, {"type": "Feature", "id": "way/1429433100", "properties": {"tags": {"addr:housenumber": "8", "building": "house"}, "heightStatus": "unknown", "source": "OpenStreetMap", "license": "ODbL-1.0"}, "geometry": {"type": "MultiPolygon", "coordinates": [[[[113.969968, 22.5472335], [113.9700874, 22.5470627], [113.9701918, 22.5471249], [113.9700725, 22.5472957], [113.969968, 22.5472335]]]]}}, {"type": "Feature", "id": "way/1429433101", "properties": {"tags": {"addr:housenumber": "10", "building": "house"}, "heightStatus": "unknown", "source": "OpenStreetMap", "license": "ODbL-1.0"}, "geometry": {"type": "MultiPolygon", "coordinates": [[[[113.9696494, 22.5470618], [113.9697688, 22.546891], [113.9698732, 22.5469532], [113.9697539, 22.5471241], [113.9696494, 22.5470618]]]]}}, {"type": "Feature", "id": "way/1429433102", "properties": {"tags": {"addr:housenumber": "14", "building": "house"}, "heightStatus": "unknown", "source": "OpenStreetMap", "license": "ODbL-1.0"}, "geometry": {"type": "MultiPolygon", "coordinates": [[[[113.9702652, 22.5467573], [113.9703789, 22.5465943], [113.970513, 22.5466741], [113.9704664, 22.5467409], [113.9704052, 22.5467045], [113.9703381, 22.5468007], [113.9702652, 22.5467573]]]]}}, {"type": "Feature", "id": "way/1429433103", "properties": {"tags": {"addr:housenumber": "3", "building": "house"}, "heightStatus": "unknown", "source": "OpenStreetMap", "license": "ODbL-1.0"}, "geometry": {"type": "MultiPolygon", "coordinates": [[[[113.969217, 22.5472626], [113.9693307, 22.5470996], [113.9694648, 22.5471794], [113.9694182, 22.5472462], [113.969357, 22.5472098], [113.9692899, 22.547306], [113.969217, 22.5472626]]]]}}, {"type": "Feature", "id": "way/1429433104", "properties": {"tags": {"addr:housenumber": "9", "building": "house"}, "heightStatus": "unknown", "source": "OpenStreetMap", "license": "ODbL-1.0"}, "geometry": {"type": "MultiPolygon", "coordinates": [[[[113.9697999, 22.5471291], [113.9698465, 22.5470624], [113.9699077, 22.5470988], [113.9699749, 22.5470027], [113.9700477, 22.5470461], [113.9699339, 22.547209], [113.9697999, 22.5471291]]]]}}, {"type": "Feature", "id": "way/1429433105", "properties": {"tags": {"building": "commercial", "name": "波托菲诺广场", "name:zh": "波托菲诺广场", "shop": "mall"}, "heightStatus": "unknown", "source": "OpenStreetMap", "license": "ODbL-1.0"}, "geometry": {"type": "MultiPolygon", "coordinates": [[[[113.9712588, 22.550358], [113.9715782, 22.5499404], [113.9716598, 22.5499937], [113.9717608, 22.5498616], [113.9716792, 22.5498084], [113.9717202, 22.5497548], [113.9719422, 22.5498996], [113.9718862, 22.5499729], [113.9718546, 22.5499523], [113.9717185, 22.5501302], [113.9716949, 22.5502276], [113.971785, 22.5502844], [113.9718035, 22.5503837], [113.9717391, 22.5504651], [113.9717967, 22.5505496], [113.9718681, 22.5505962], [113.9718965, 22.550559], [113.9719635, 22.5506027], [113.9718045, 22.5508105], [113.9712793, 22.5504679], [113.9712588, 22.550358]]]]}}, {"type": "Feature", "id": "way/1429433106", "properties": {"tags": {"addr:housename": "波托菲诺纯水岸", "addr:housename:zh": "波托菲诺纯水岸", "building": "apartments", "name": "Q栋", "name:zh": "Q栋"}, "heightStatus": "unknown", "source": "OpenStreetMap", "license": "ODbL-1.0"}, "geometry": {"type": "MultiPolygon", "coordinates": [[[[113.9704232, 22.5498837], [113.9705806, 22.54967], [113.9706815, 22.5497334], [113.9705241, 22.5499471], [113.9704232, 22.5498837]]]]}}, {"type": "Feature", "id": "way/1429433107", "properties": {"tags": {"addr:housename": "波托菲诺纯水岸", "addr:housename:zh": "波托菲诺纯水岸", "building": "apartments"}, "heightStatus": "unknown", "source": "OpenStreetMap", "license": "ODbL-1.0"}, "geometry": {"type": "MultiPolygon", "coordinates": [[[[113.9700722, 22.5493947], [113.9705615, 22.5491653], [113.9706262, 22.5492829], [113.9704975, 22.5493432], [113.9705445, 22.5494013], [113.9706085, 22.5494682], [113.9706781, 22.54953], [113.970753, 22.5495864], [113.9708326, 22.549637], [113.9709164, 22.5496814], [113.9710038, 22.5497194], [113.9710943, 22.5497506], [113.9711872, 22.549775], [113.971282, 22.5497922], [113.971378, 22.5498023], [113.9714801, 22.5498053], [113.9714758, 22.549931], [113.9713682, 22.5499279], [113.9712611, 22.5499166], [113.9711554, 22.5498974], [113.9710518, 22.5498702], [113.9709509, 22.5498354], [113.9708534, 22.549793], [113.97076, 22.5497435], [113.9706712, 22.5496871], [113.9705877, 22.5496242], [113.9705101, 22.5495553], [113.9704388, 22.5494807], [113.9703743, 22.549401], [113.9701368, 22.5495124], [113.9700722, 22.5493947]]]]}}, {"type": "Feature", "id": "way/1429433108", "properties": {"tags": {"addr:housename": "波托菲诺纯水岸", "addr:housename:zh": "波托菲诺纯水岸", "building": "apartments", "building:levels": "5", "name": "P栋", "name:zh": "P栋"}, "heightStatus": "levels_only_unverified", "source": "OpenStreetMap", "license": "ODbL-1.0"}, "geometry": {"type": "MultiPolygon", "coordinates": [[[[113.970406, 22.5486103], [113.9704125, 22.5485526], [113.9704278, 22.5484963], [113.9704515, 22.5484427], [113.9704832, 22.5483926], [113.9705222, 22.5483472], [113.9705678, 22.5483073], [113.970619, 22.5482737], [113.9706978, 22.5483763], [113.9706544, 22.5484047], [113.9706229, 22.5484323], [113.9705959, 22.5484638], [113.9705739, 22.5484984], [113.9705575, 22.5485356], [113.9705469, 22.5485745], [113.9705424, 22.5486145], [113.970544, 22.5486546], [113.9705518, 22.5486941], [113.970564, 22.5487282], [113.9706883, 22.548925], [113.9705707, 22.5489884], [113.9704393, 22.5487803], [113.9704195, 22.5487253], [113.9704083, 22.5486682], [113.970406, 22.5486103]]]]}}, {"type": "Feature", "id": "way/1429433109", "properties": {"tags": {"addr:housenumber": "T79", "building": "house"}, "heightStatus": "unknown", "source": "OpenStreetMap", "license": "ODbL-1.0"}, "geometry": {"type": "MultiPolygon", "coordinates": [[[[113.9675342, 22.5499645], [113.967539, 22.5499276], [113.9677136, 22.5499467], [113.9677044, 22.5500188], [113.9676083, 22.5500083], [113.9676128, 22.5499731], [113.9675342, 22.5499645]]]]}}, {"type": "Feature", "id": "way/1429433110", "properties": {"tags": {"addr:housenumber": "T77", "building": "house"}, "heightStatus": "unknown", "source": "OpenStreetMap", "license": "ODbL-1.0"}, "geometry": {"type": "MultiPolygon", "coordinates": [[[[113.9675725, 22.5497766], [113.9675859, 22.5497415], [113.9677517, 22.5497956], [113.9677236, 22.5498692], [113.9676288, 22.5498487], [113.9676471, 22.5498009], [113.9675725, 22.5497766]]]]}}, {"type": "Feature", "id": "way/1429433111", "properties": {"tags": {"addr:housenumber": "T78", "building": "house"}, "heightStatus": "unknown", "source": "OpenStreetMap", "license": "ODbL-1.0"}, "geometry": {"type": "MultiPolygon", "coordinates": [[[[113.967539, 22.5499276], [113.9675437, 22.5498907], [113.9676223, 22.5498993], [113.9676288, 22.5498487], [113.9677236, 22.5498692], [113.9677136, 22.5499467], [113.967539, 22.5499276]]]]}}, {"type": "Feature", "id": "way/1429433112", "properties": {"tags": {"addr:housenumber": "T81", "building": "house"}, "heightStatus": "unknown", "source": "OpenStreetMap", "license": "ODbL-1.0"}, "geometry": {"type": "MultiPolygon", "coordinates": [[[[113.9675536, 22.550242], [113.9677261, 22.5502103], [113.9677425, 22.5502869], [113.9676497, 22.550314], [113.967639, 22.5502642], [113.9675614, 22.5502785], [113.9675536, 22.550242]]]]}}, {"type": "Feature", "id": "way/1429433113", "properties": {"tags": {"addr:housenumber": "T82", "building": "house"}, "heightStatus": "unknown", "source": "OpenStreetMap", "license": "ODbL-1.0"}, "geometry": {"type": "MultiPolygon", "coordinates": [[[[113.9675998, 22.5503902], [113.9676721, 22.5503605], [113.9676497, 22.550314], [113.9677425, 22.5502869], [113.9677768, 22.5503582], [113.9676161, 22.5504241], [113.9675998, 22.5503902]]]]}}, {"type": "Feature", "id": "way/1429433114", "properties": {"tags": {"addr:housenumber": "T80", "building": "house"}, "heightStatus": "unknown", "source": "OpenStreetMap", "license": "ODbL-1.0"}, "geometry": {"type": "MultiPolygon", "coordinates": [[[[113.9675457, 22.5502055], [113.9676233, 22.5501913], [113.9676158, 22.5501566], [113.9677107, 22.5501392], [113.9677261, 22.5502103], [113.9675536, 22.550242], [113.9675457, 22.5502055]]]]}}, {"type": "Feature", "id": "way/1429433115", "properties": {"tags": {"addr:housenumber": "T83", "building": "house"}, "heightStatus": "unknown", "source": "OpenStreetMap", "license": "ODbL-1.0"}, "geometry": {"type": "MultiPolygon", "coordinates": [[[[113.9676161, 22.5504241], [113.9677768, 22.5503582], [113.9678087, 22.5504246], [113.9677203, 22.5504608], [113.9677048, 22.5504285], [113.9676324, 22.5504581], [113.9676161, 22.5504241]]]]}}, {"type": "Feature", "id": "way/1429433116", "properties": {"tags": {"addr:housenumber": "T9", "building": "house", "building:levels": "4"}, "heightStatus": "levels_only_unverified", "source": "OpenStreetMap", "license": "ODbL-1.0"}, "geometry": {"type": "MultiPolygon", "coordinates": [[[[113.9694166, 22.5507983], [113.969452, 22.5507807], [113.9694612, 22.5507964], [113.9694949, 22.5507795], [113.9695408, 22.5508582], [113.9695071, 22.550875], [113.9695447, 22.5509393], [113.9695093, 22.5509569], [113.9694166, 22.5507983]]]]}}, {"type": "Feature", "id": "way/1429433117", "properties": {"tags": {"addr:housenumber": "T14", "building": "house", "building:levels": "4"}, "heightStatus": "levels_only_unverified", "source": "OpenStreetMap", "license": "ODbL-1.0"}, "geometry": {"type": "MultiPolygon", "coordinates": [[[[113.9690291, 22.5509354], [113.9690456, 22.5508474], [113.9690833, 22.5508534], [113.9690866, 22.5508358], [113.9691263, 22.5508422], [113.9690931, 22.5510198], [113.9690534, 22.5510134], [113.9690669, 22.5509414], [113.9690291, 22.5509354]]]]}}, {"type": "Feature", "id": "way/1429433118", "properties": {"tags": {"addr:housenumber": "T11", "building": "house", "building:levels": "4"}, "heightStatus": "levels_only_unverified", "source": "OpenStreetMap", "license": "ODbL-1.0"}, "geometry": {"type": "MultiPolygon", "coordinates": [[[[113.9692754, 22.5508429], [113.9693152, 22.5508369], [113.9693183, 22.5508544], [113.9693566, 22.5508485], [113.9693877, 22.5509345], [113.9693339, 22.5509426], [113.9693467, 22.5510147], [113.9693069, 22.5510207], [113.9692754, 22.5508429]]]]}}, {"type": "Feature", "id": "way/1429433119", "properties": {"tags": {"addr:housenumber": "T12", "building": "house", "building:levels": "4"}, "heightStatus": "levels_only_unverified", "source": "OpenStreetMap", "license": "ODbL-1.0"}, "geometry": {"type": "MultiPolygon", "coordinates": [[[[113.9692004, 22.5508721], [113.9692388, 22.5508664], [113.9692357, 22.5508489], [113.9692754, 22.5508429], [113.9693069, 22.5510207], [113.9692672, 22.5510267], [113.9692544, 22.5509546], [113.9692006, 22.5509627], [113.9692004, 22.5508721]]]]}}, {"type": "Feature", "id": "way/1429433120", "properties": {"tags": {"addr:housenumber": "T10", "building": "house", "building:levels": "4"}, "heightStatus": "levels_only_unverified", "source": "OpenStreetMap", "license": "ODbL-1.0"}, "geometry": {"type": "MultiPolygon", "coordinates": [[[[113.9693566, 22.5508485], [113.9693903, 22.5508317], [113.9693811, 22.550816], [113.9694166, 22.5507983], [113.9695093, 22.5509569], [113.9694738, 22.5509746], [113.9694363, 22.5509103], [113.9693877, 22.5509345], [113.9693566, 22.5508485]]]]}}, {"type": "Feature", "id": "way/1429433121", "properties": {"tags": {"addr:housenumber": "T13", "building": "house", "building:levels": "4"}, "heightStatus": "levels_only_unverified", "source": "OpenStreetMap", "license": "ODbL-1.0"}, "geometry": {"type": "MultiPolygon", "coordinates": [[[[113.9690931, 22.5510198], [113.9691263, 22.5508422], [113.969166, 22.5508485], [113.9691627, 22.550866], [113.9692004, 22.5508721], [113.9692006, 22.5509627], [113.9691462, 22.5509541], [113.9691328, 22.5510261], [113.9690931, 22.5510198]]]]}}, {"type": "Feature", "id": "way/1429433122", "properties": {"tags": {"addr:housenumber": "T1", "building": "house", "building:levels": "4"}, "heightStatus": "levels_only_unverified", "source": "OpenStreetMap", "license": "ODbL-1.0"}, "geometry": {"type": "MultiPolygon", "coordinates": [[[[113.9700794, 22.5500539], [113.9701031, 22.5500239], [113.9701187, 22.5500344], [113.9701412, 22.5500058], [113.9702194, 22.5500583], [113.9701969, 22.5500869], [113.9702609, 22.5501299], [113.9702372, 22.55016], [113.9700794, 22.5500539]]]]}}, {"type": "Feature", "id": "way/1429433123", "properties": {"tags": {"addr:housenumber": "T4", "building": "house", "building:levels": "4"}, "heightStatus": "levels_only_unverified", "source": "OpenStreetMap", "license": "ODbL-1.0"}, "geometry": {"type": "MultiPolygon", "coordinates": [[[[113.9699557, 22.550241], [113.9699788, 22.5502119], [113.9699632, 22.5502014], [113.9699869, 22.5501713], [113.9701447, 22.5502774], [113.970121, 22.5503074], [113.9700571, 22.5502644], [113.9700345, 22.550293], [113.9699557, 22.550241]]]]}}, {"type": "Feature", "id": "way/1429433124", "properties": {"tags": {"addr:housenumber": "T2", "building": "house", "building:levels": "4"}, "heightStatus": "levels_only_unverified", "source": "OpenStreetMap", "license": "ODbL-1.0"}, "geometry": {"type": "MultiPolygon", "coordinates": [[[[113.9700487, 22.5501231], [113.9700713, 22.5500945], [113.9700557, 22.550084], [113.9700794, 22.5500539], [113.9702372, 22.55016], [113.9702135, 22.5501901], [113.9701495, 22.5501471], [113.970127, 22.5501757], [113.9700487, 22.5501231]]]]}}, {"type": "Feature", "id": "way/1429433125", "properties": {"tags": {"addr:housenumber": "T3", "building": "house", "building:levels": "4"}, "heightStatus": "levels_only_unverified", "source": "OpenStreetMap", "license": "ODbL-1.0"}, "geometry": {"type": "MultiPolygon", "coordinates": [[[[113.9699869, 22.5501713], [113.9700106, 22.5501412], [113.9700262, 22.5501517], [113.9700487, 22.5501231], [113.970127, 22.5501757], [113.9701044, 22.5502043], [113.9701684, 22.5502473], [113.9701447, 22.5502774], [113.9699869, 22.5501713]]]]}}, {"type": "Feature", "id": "way/1429433126", "properties": {"tags": {"addr:housenumber": "T5", "building": "house", "building:levels": "4"}, "heightStatus": "levels_only_unverified", "source": "OpenStreetMap", "license": "ODbL-1.0"}, "geometry": {"type": "MultiPolygon", "coordinates": [[[[113.9698939, 22.5502892], [113.9699176, 22.5502592], [113.9699332, 22.5502696], [113.9699557, 22.550241], [113.9700345, 22.550293], [113.9700114, 22.5503222], [113.9700754, 22.5503652], [113.9700517, 22.5503953], [113.9698939, 22.5502892]]]]}}, {"type": "Feature", "id": "way/1429433127", "properties": {"tags": {"addr:housenumber": "T8", "building": "house", "building:levels": "4"}, "heightStatus": "levels_only_unverified", "source": "OpenStreetMap", "license": "ODbL-1.0"}, "geometry": {"type": "MultiPolygon", "coordinates": [[[[113.9697708, 22.5504757], [113.9697933, 22.5504471], [113.9697777, 22.5504367], [113.9698014, 22.5504066], [113.9699592, 22.5505126], [113.9699355, 22.5505427], [113.9698716, 22.5504997], [113.969849, 22.5505283], [113.9697708, 22.5504757]]]]}}, {"type": "Feature", "id": "way/1429433128", "properties": {"tags": {"addr:housenumber": "T6", "building": "house", "building:levels": "4"}, "heightStatus": "levels_only_unverified", "source": "OpenStreetMap", "license": "ODbL-1.0"}, "geometry": {"type": "MultiPolygon", "coordinates": [[[[113.9698633, 22.5503584], [113.9698858, 22.5503298], [113.9698702, 22.5503193], [113.9698939, 22.5502892], [113.9700517, 22.5503953], [113.970028, 22.5504253], [113.969964, 22.5503823], [113.9699415, 22.550411], [113.9698633, 22.5503584]]]]}}, {"type": "Feature", "id": "way/1429433129", "properties": {"tags": {"addr:housenumber": "T7", "building": "house", "building:levels": "4"}, "heightStatus": "levels_only_unverified", "source": "OpenStreetMap", "license": "ODbL-1.0"}, "geometry": {"type": "MultiPolygon", "coordinates": [[[[113.9698014, 22.5504066], [113.9698251, 22.5503765], [113.9698407, 22.550387], [113.9698633, 22.5503584], [113.9699415, 22.550411], [113.9699189, 22.5504396], [113.9699829, 22.5504826], [113.9699592, 22.5505126], [113.9698014, 22.5504066]]]]}}, {"type": "Feature", "id": "way/1429433130", "properties": {"tags": {"building": "yes"}, "heightStatus": "unknown", "source": "OpenStreetMap", "license": "ODbL-1.0"}, "geometry": {"type": "MultiPolygon", "coordinates": [[[[113.9697079, 22.5495177], [113.9697355, 22.549444], [113.9698114, 22.5494098], [113.9698913, 22.5494353], [113.9699283, 22.5495054], [113.9699007, 22.5495792], [113.9698248, 22.5496133], [113.9697449, 22.5495879], [113.9697079, 22.5495177]]]]}}, {"type": "Feature", "id": "way/1429433131", "properties": {"tags": {"building": "yes"}, "heightStatus": "unknown", "source": "OpenStreetMap", "license": "ODbL-1.0"}, "geometry": {"type": "MultiPolygon", "coordinates": [[[[113.9695746, 22.5491055], [113.9698546, 22.5489671], [113.970067, 22.5493335], [113.9698931, 22.5494195], [113.9697668, 22.5492016], [113.9696607, 22.549254], [113.9695746, 22.5491055]]]]}}, {"type": "Feature", "id": "way/1429433132", "properties": {"tags": {"building": "yes"}, "heightStatus": "unknown", "source": "OpenStreetMap", "license": "ODbL-1.0"}, "geometry": {"type": "MultiPolygon", "coordinates": [[[[113.9692507, 22.5495259], [113.9695915, 22.5493574], [113.9698553, 22.5498125], [113.9699268, 22.5497772], [113.9699771, 22.5498641], [113.969711, 22.5499957], [113.9696618, 22.5499108], [113.9694413, 22.5500198], [113.9693733, 22.5499025], [113.969641, 22.5497701], [113.9695237, 22.5495676], [113.9693303, 22.5496633], [113.9692507, 22.5495259]]]]}}, {"type": "Feature", "id": "way/1429433133", "properties": {"tags": {"addr:housename": "波托菲诺纯水岸", "addr:housename:zh": "波托菲诺纯水岸", "building": "apartments", "building:levels": "30", "name": "2栋", "name:zh": "2栋"}, "heightStatus": "levels_only_unverified", "source": "OpenStreetMap", "license": "ODbL-1.0"}, "geometry": {"type": "MultiPolygon", "coordinates": [[[[113.9670302, 22.5518069], [113.9671481, 22.5516572], [113.967255, 22.551729], [113.9673783, 22.5515725], [113.9675044, 22.5516573], [113.9673811, 22.5518138], [113.9677573, 22.5520666], [113.9676095, 22.5522542], [113.9674197, 22.5521266], [113.9674496, 22.5520888], [113.9670302, 22.5518069]]]]}}, {"type": "Feature", "id": "way/1429433134", "properties": {"tags": {"addr:housename": "波托菲诺纯水岸", "addr:housename:zh": "波托菲诺纯水岸", "building": "apartments", "building:levels": "11", "name": "S栋", "name:zh": "S栋"}, "heightStatus": "levels_only_unverified", "source": "OpenStreetMap", "license": "ODbL-1.0"}, "geometry": {"type": "MultiPolygon", "coordinates": [[[[113.968463, 22.5516734], [113.968753, 22.551296], [113.9687794, 22.5513133], [113.9687816, 22.5512895], [113.968793, 22.5512681], [113.9688122, 22.5512522], [113.9688364, 22.5512438], [113.9688622, 22.5512443], [113.968886, 22.5512536], [113.9689018, 22.5512678], [113.9689054, 22.5512367], [113.9690574, 22.5512516], [113.9690537, 22.5512841], [113.9696146, 22.5512009], [113.9696, 22.5511711], [113.9697393, 22.5511129], [113.9697533, 22.5511415], [113.9697634, 22.5511234], [113.9697829, 22.5511077], [113.9698073, 22.5510998], [113.9698331, 22.5511007], [113.9698567, 22.5511103], [113.9698748, 22.5511273], [113.9698849, 22.5511493], [113.9699042, 22.5511252], [113.9703076, 22.5513997], [113.9702384, 22.5514865], [113.9698245, 22.5512048], [113.9695939, 22.5513011], [113.9696038, 22.5513576], [113.9695077, 22.5513719], [113.9695, 22.5513276], [113.9692055, 22.5513713], [113.9692132, 22.5514156], [113.9691171, 22.5514298], [113.9691073, 22.5513733], [113.9688557, 22.5513486], [113.9685581, 22.5517358], [113.968463, 22.5516734]]]]}}, {"type": "Feature", "id": "way/1429433135", "properties": {"tags": {"addr:housename": "波托菲诺纯水岸", "addr:housename:zh": "波托菲诺纯水岸", "building": "apartments", "building:levels": "11", "name": "R栋", "name:zh": "R栋"}, "heightStatus": "levels_only_unverified", "source": "OpenStreetMap", "license": "ODbL-1.0"}, "geometry": {"type": "MultiPolygon", "coordinates": [[[[113.970028, 22.5507306], [113.9700288, 22.5507096], [113.9700382, 22.5506905], [113.9700549, 22.5506761], [113.9700762, 22.5506688], [113.970099, 22.5506695], [113.9701197, 22.5506782], [113.9705687, 22.5509768], [113.9708668, 22.5505945], [113.9704178, 22.5502959], [113.9704022, 22.5502805], [113.9703943, 22.5502608], [113.9703951, 22.5502398], [113.9704045, 22.5502207], [113.9704212, 22.5502063], [113.9704425, 22.550199], [113.9704653, 22.5501997], [113.970486, 22.5502084], [113.9709245, 22.5505], [113.9709055, 22.5505243], [113.9709313, 22.5505265], [113.9709543, 22.5505372], [113.9709715, 22.550555], [113.9709803, 22.5505774], [113.9709796, 22.5506013], [113.9709695, 22.5506232], [113.9709513, 22.5506401], [113.9709276, 22.5506497], [113.9709539, 22.5506672], [113.970671, 22.5510301], [113.9706447, 22.5510126], [113.9706424, 22.5510364], [113.9706308, 22.5510577], [113.9706115, 22.5510735], [113.9705872, 22.5510817], [113.9705614, 22.551081], [113.9705376, 22.5510717], [113.9705193, 22.5510549], [113.970509, 22.551033], [113.97049, 22.5510573], [113.9700515, 22.5507657], [113.970036, 22.5507503], [113.970028, 22.5507306]]]]}}, {"type": "Feature", "id": "way/1429433136", "properties": {"tags": {"addr:housename": "波托菲诺纯水岸", "addr:housename:zh": "波托菲诺纯水岸", "building": "apartments", "building:levels": "9", "name": "L栋", "name:zh": "L栋"}, "heightStatus": "levels_only_unverified", "source": "OpenStreetMap", "license": "ODbL-1.0"}, "geometry": {"type": "MultiPolygon", "coordinates": [[[[113.9716268, 22.5493573], [113.9717535, 22.5491947], [113.9716698, 22.5490527], [113.9717723, 22.5490012], [113.9718332, 22.5491046], [113.9718057, 22.5491184], [113.9718298, 22.5491203], [113.9718553, 22.5491297], [113.9718767, 22.5491455], [113.9718923, 22.5491664], [113.9719006, 22.5491905], [113.971901, 22.5492159], [113.9718934, 22.5492402], [113.9718785, 22.5492615], [113.9718575, 22.5492778], [113.9718324, 22.5492879], [113.9718051, 22.5492907], [113.9717781, 22.5492862], [113.9718097, 22.5493072], [113.9717215, 22.5494203], [113.9716268, 22.5493573]]]]}}, {"type": "Feature", "id": "way/1429433137", "properties": {"tags": {"addr:housename": "波托菲诺纯水岸", "addr:housename:zh": "波托菲诺纯水岸", "building": "apartments", "building:levels": "9", "name": "M栋", "name:zh": "M栋"}, "heightStatus": "levels_only_unverified", "source": "OpenStreetMap", "license": "ODbL-1.0"}, "geometry": {"type": "MultiPolygon", "coordinates": [[[[113.9706985, 22.5491441], [113.9707667, 22.5490566], [113.9712649, 22.5493879], [113.9711967, 22.5494753], [113.9706985, 22.5491441]]]]}}, {"type": "Feature", "id": "way/1429433138", "properties": {"tags": {"addr:housename": "波托菲诺纯水岸", "addr:housename:zh": "波托菲诺纯水岸", "building": "apartments", "building:levels": "9"}, "heightStatus": "levels_only_unverified", "source": "OpenStreetMap", "license": "ODbL-1.0"}, "geometry": {"type": "MultiPolygon", "coordinates": [[[[113.9712589, 22.5495167], [113.9713271, 22.5494292], [113.9714846, 22.5495339], [113.9715955, 22.5493917], [113.9716902, 22.5494547], [113.971602, 22.5495678], [113.9715704, 22.5495468], [113.9715837, 22.549569], [113.9715894, 22.5495937], [113.9715871, 22.549619], [113.9715769, 22.5496425], [113.9715598, 22.5496623], [113.9715372, 22.5496767], [113.9715111, 22.5496844], [113.9714836, 22.5496848], [113.9714573, 22.5496778], [113.9714342, 22.549664], [113.9714165, 22.5496446], [113.9714057, 22.5496214], [113.9714026, 22.5495962], [113.9714075, 22.5495713], [113.9713848, 22.5496004], [113.9712589, 22.5495167]]]]}}, {"type": "Feature", "id": "way/1429433139", "properties": {"tags": {"addr:housename": "波托菲诺纯水岸", "addr:housename:zh": "波托菲诺纯水岸", "building": "apartments", "building:levels": "9", "name": "N栋", "name:zh": "N栋"}, "heightStatus": "levels_only_unverified", "source": "OpenStreetMap", "license": "ODbL-1.0"}, "geometry": {"type": "MultiPolygon", "coordinates": [[[[113.9710284, 22.548957], [113.9713073, 22.5488168], [113.9713631, 22.5489115], [113.9710842, 22.5490517], [113.9710284, 22.548957]]]]}}, {"type": "Feature", "id": "way/1429433140", "properties": {"tags": {"addr:housename": "波托菲诺纯水岸", "addr:housename:zh": "波托菲诺纯水岸", "building": "apartments", "building:levels": "9", "name": "K栋", "name:zh": "K栋"}, "heightStatus": "levels_only_unverified", "source": "OpenStreetMap", "license": "ODbL-1.0"}, "geometry": {"type": "MultiPolygon", "coordinates": [[[[113.9714759, 22.5487553], [113.9714797, 22.5487302], [113.9714912, 22.5487072], [113.9715095, 22.5486883], [113.9715329, 22.5486751], [113.9715595, 22.5486687], [113.9715869, 22.5486698], [113.9716128, 22.5486781], [113.971635, 22.548693], [113.9716164, 22.5486615], [113.9720153, 22.5484609], [113.9720711, 22.5485556], [113.971638, 22.5487733], [113.9717288, 22.5489273], [113.9716262, 22.5489788], [113.9715541, 22.5488564], [113.9715883, 22.5488392], [113.9715609, 22.5488406], [113.9715342, 22.5488347], [113.9715106, 22.5488218], [113.971492, 22.5488031], [113.9714801, 22.5487803], [113.9714759, 22.5487553]]]]}}, {"type": "Feature", "id": "way/1429433141", "properties": {"tags": {"addr:housename": "波托菲诺纯水岸", "addr:housename:zh": "波托菲诺纯水岸", "building": "apartments", "building:levels": "9", "name": "F栋", "name:zh": "F栋"}, "heightStatus": "levels_only_unverified", "source": "OpenStreetMap", "license": "ODbL-1.0"}, "geometry": {"type": "MultiPolygon", "coordinates": [[[[113.9728967, 22.5480454], [113.9729005, 22.5480203], [113.972912, 22.5479973], [113.9729303, 22.5479784], [113.9729537, 22.5479652], [113.9729803, 22.5479589], [113.9730077, 22.5479599], [113.9730336, 22.5479682], [113.9730558, 22.5479832], [113.9730372, 22.5479516], [113.9734361, 22.547751], [113.9734919, 22.5478457], [113.9730588, 22.5480635], [113.9731496, 22.5482174], [113.973047, 22.548269], [113.9729749, 22.5481465], [113.9730091, 22.5481294], [113.9729817, 22.5481308], [113.972955, 22.5481248], [113.9729314, 22.5481119], [113.9729128, 22.5480933], [113.9729009, 22.5480704], [113.9728967, 22.5480454]]]]}}, {"type": "Feature", "id": "way/1429433142", "properties": {"tags": {"addr:housename": "波托菲诺纯水岸", "addr:housename:zh": "波托菲诺纯水岸", "building": "apartments", "building:levels": "9", "name": "H栋", "name:zh": "H栋"}, "heightStatus": "levels_only_unverified", "source": "OpenStreetMap", "license": "ODbL-1.0"}, "geometry": {"type": "MultiPolygon", "coordinates": [[[[113.9721813, 22.5484141], [113.9721851, 22.548389], [113.9721966, 22.548366], [113.9722149, 22.5483471], [113.9722383, 22.5483339], [113.9722649, 22.5483275], [113.9722923, 22.5483285], [113.9723182, 22.5483369], [113.9723404, 22.5483518], [113.9723218, 22.5483202], [113.9727207, 22.5481197], [113.9727765, 22.5482144], [113.9723434, 22.5484321], [113.9724341, 22.5485861], [113.9723316, 22.5486376], [113.9722595, 22.5485152], [113.9722936, 22.548498], [113.9722663, 22.5484994], [113.9722396, 22.5484934], [113.972216, 22.5484806], [113.9721974, 22.5484619], [113.9721855, 22.5484391], [113.9721813, 22.5484141]]]]}}, {"type": "Feature", "id": "way/1429433143", "properties": {"tags": {"addr:housename": "波托菲诺纯水岸", "addr:housename:zh": "波托菲诺纯水岸", "building": "apartments", "building:levels": "9", "name": "E栋", "name:zh": "E栋"}, "heightStatus": "levels_only_unverified", "source": "OpenStreetMap", "license": "ODbL-1.0"}, "geometry": {"type": "MultiPolygon", "coordinates": [[[[113.9734355, 22.548324], [113.9738687, 22.5481062], [113.9736299, 22.5477011], [113.9737324, 22.5476496], [113.9739526, 22.5480231], [113.9739184, 22.5480403], [113.9739458, 22.5480389], [113.9739725, 22.5480449], [113.9739961, 22.5480578], [113.9740147, 22.5480764], [113.9740266, 22.5480992], [113.9740308, 22.5481243], [113.974027, 22.5481494], [113.9740154, 22.5481724], [113.9739972, 22.5481913], [113.9739737, 22.5482045], [113.9739472, 22.5482108], [113.9739198, 22.5482098], [113.9738939, 22.5482014], [113.9738717, 22.5481865], [113.9738903, 22.5482181], [113.9734913, 22.5484186], [113.9734355, 22.548324]]]]}}, {"type": "Feature", "id": "way/1429433144", "properties": {"tags": {"addr:housename": "波托菲诺纯水岸", "addr:housename:zh": "波托菲诺纯水岸", "building": "apartments", "building:levels": "9", "name": "G栋", "name:zh": "G栋"}, "heightStatus": "levels_only_unverified", "source": "OpenStreetMap", "license": "ODbL-1.0"}, "geometry": {"type": "MultiPolygon", "coordinates": [[[[113.9727283, 22.548691], [113.9731615, 22.5484733], [113.9730707, 22.5483193], [113.9731732, 22.5482678], [113.9732454, 22.5483902], [113.9732112, 22.5484074], [113.9732386, 22.548406], [113.9732653, 22.548412], [113.9732889, 22.5484248], [113.9733075, 22.5484435], [113.9733194, 22.5484663], [113.9733236, 22.5484913], [113.9733198, 22.5485164], [113.9733082, 22.5485394], [113.97329, 22.5485583], [113.9732666, 22.5485715], [113.97324, 22.5485779], [113.9732126, 22.5485769], [113.9731867, 22.5485685], [113.9731645, 22.5485536], [113.9731831, 22.5485852], [113.9727841, 22.5487857], [113.9727283, 22.548691]]]]}}, {"type": "Feature", "id": "way/1429433145", "properties": {"tags": {"addr:housename": "波托菲诺纯水岸", "addr:housename:zh": "波托菲诺纯水岸", "building": "apartments", "building:levels": "9", "name": "J栋", "name:zh": "J栋"}, "heightStatus": "levels_only_unverified", "source": "OpenStreetMap", "license": "ODbL-1.0"}, "geometry": {"type": "MultiPolygon", "coordinates": [[[[113.9720129, 22.5490597], [113.9724461, 22.5488419], [113.9723553, 22.548688], [113.9724578, 22.5486364], [113.97253, 22.5487589], [113.9724958, 22.548776], [113.9725232, 22.5487746], [113.9725499, 22.5487806], [113.9725735, 22.5487935], [113.9725921, 22.5488121], [113.972604, 22.548835], [113.9726082, 22.54886], [113.9726044, 22.5488851], [113.9725928, 22.5489081], [113.9725746, 22.548927], [113.9725511, 22.5489402], [113.9725246, 22.5489465], [113.9724972, 22.5489455], [113.9724713, 22.5489372], [113.9724491, 22.5489222], [113.9724677, 22.5489538], [113.9720687, 22.5491544], [113.9720129, 22.5490597]]]]}}, {"type": "Feature", "id": "way/1429433146", "properties": {"tags": {"addr:housename": "波托菲诺纯水岸", "addr:housename:zh": "波托菲诺纯水岸", "building": "apartments", "building:levels": "5", "name": "D栋", "name:zh": "D栋"}, "heightStatus": "levels_only_unverified", "source": "OpenStreetMap", "license": "ODbL-1.0"}, "geometry": {"type": "MultiPolygon", "coordinates": [[[[113.9728744, 22.5475753], [113.9733734, 22.5473244], [113.9731951, 22.5470219], [113.9733318, 22.5469532], [113.9735845, 22.5473819], [113.9729488, 22.5477015], [113.9728744, 22.5475753]]]]}}, {"type": "Feature", "id": "way/1429433147", "properties": {"tags": {"addr:housename": "波托菲诺纯水岸", "addr:housename:zh": "波托菲诺纯水岸", "building": "apartments", "building:levels": "5", "name": "C栋", "name:zh": "C栋"}, "heightStatus": "levels_only_unverified", "source": "OpenStreetMap", "license": "ODbL-1.0"}, "geometry": {"type": "MultiPolygon", "coordinates": [[[[113.9721502, 22.5479394], [113.9726492, 22.5476886], [113.9724306, 22.5473177], [113.9729482, 22.5470574], [113.9730226, 22.5471837], [113.9726417, 22.5473752], [113.9728603, 22.5477461], [113.9722246, 22.5480656], [113.9721502, 22.5479394]]]]}}, {"type": "Feature", "id": "way/1429433148", "properties": {"tags": {"addr:housename": "波托菲诺纯水岸", "addr:housename:zh": "波托菲诺纯水岸", "building": "apartments", "building:levels": "5", "name": "B栋", "name:zh": "B栋"}, "heightStatus": "levels_only_unverified", "source": "OpenStreetMap", "license": "ODbL-1.0"}, "geometry": {"type": "MultiPolygon", "coordinates": [[[[113.9714474, 22.548363], [113.9719464, 22.5481122], [113.971687, 22.547672], [113.9722047, 22.5474118], [113.9722861, 22.54755], [113.9719052, 22.5477415], [113.9721575, 22.5481697], [113.9715218, 22.5484892], [113.9714474, 22.548363]]]]}}, {"type": "Feature", "id": "way/1429433149", "properties": {"tags": {"addr:housename": "波托菲诺纯水岸", "addr:housename:zh": "波托菲诺纯水岸", "building": "apartments", "building:levels": "5", "name": "A栋", "name:zh": "A栋"}, "heightStatus": "levels_only_unverified", "source": "OpenStreetMap", "license": "ODbL-1.0"}, "geometry": {"type": "MultiPolygon", "coordinates": [[[[113.9707122, 22.5487457], [113.9712112, 22.5484949], [113.9709926, 22.548124], [113.9715103, 22.5478638], [113.9715847, 22.54799], [113.9712037, 22.5481815], [113.9714223, 22.5485524], [113.9707866, 22.548872], [113.9707122, 22.5487457]]]]}}, {"type": "Feature", "id": "way/1429433150", "properties": {"tags": {"addr:housenumber": "T18", "building": "house"}, "heightStatus": "unknown", "source": "OpenStreetMap", "license": "ODbL-1.0"}, "geometry": {"type": "MultiPolygon", "coordinates": [[[[113.972303, 22.5450105], [113.9723554, 22.5450098], [113.9723547, 22.5449629], [113.9724176, 22.5449621], [113.97242, 22.5451252], [113.9723572, 22.5451259], [113.9723564, 22.5450744], [113.9723039, 22.545075], [113.972303, 22.5450105]]]]}}, {"type": "Feature", "id": "way/1429433151", "properties": {"tags": {"addr:housenumber": "T16", "building": "house"}, "heightStatus": "unknown", "source": "OpenStreetMap", "license": "ODbL-1.0"}, "geometry": {"type": "MultiPolygon", "coordinates": [[[[113.9725337, 22.5450077], [113.9725861, 22.545007], [113.9725854, 22.54496], [113.9726483, 22.5449592], [113.9726507, 22.5451222], [113.9725879, 22.545123], [113.9725871, 22.5450716], [113.9725346, 22.5450723], [113.9725337, 22.5450077]]]]}}, {"type": "Feature", "id": "way/1429433152", "properties": {"tags": {"addr:housenumber": "T15", "building": "house"}, "heightStatus": "unknown", "source": "OpenStreetMap", "license": "ODbL-1.0"}, "geometry": {"type": "MultiPolygon", "coordinates": [[[[113.9726483, 22.5449592], [113.9727112, 22.5449584], [113.9727119, 22.5450054], [113.9727644, 22.5450048], [113.9727653, 22.5450693], [113.9727129, 22.54507], [113.9727136, 22.5451214], [113.9726507, 22.5451222], [113.9726483, 22.5449592]]]]}}, {"type": "Feature", "id": "way/1429433153", "properties": {"tags": {"addr:housenumber": "T17", "building": "house"}, "heightStatus": "unknown", "source": "OpenStreetMap", "license": "ODbL-1.0"}, "geometry": {"type": "MultiPolygon", "coordinates": [[[[113.9724176, 22.5449621], [113.9724805, 22.5449614], [113.9724812, 22.5450084], [113.9725337, 22.5450077], [113.9725346, 22.5450723], [113.9724822, 22.5450729], [113.9724829, 22.5451244], [113.97242, 22.5451252], [113.9724176, 22.5449621]]]]}}, {"type": "Feature", "id": "way/1429433154", "properties": {"tags": {"addr:housenumber": "T22", "building": "house"}, "heightStatus": "unknown", "source": "OpenStreetMap", "license": "ODbL-1.0"}, "geometry": {"type": "MultiPolygon", "coordinates": [[[[113.9718426, 22.545016], [113.9718951, 22.5450154], [113.9718944, 22.5449683], [113.9719573, 22.5449676], [113.9719597, 22.5451306], [113.9718968, 22.5451314], [113.971896, 22.5450799], [113.9718436, 22.5450806], [113.9718426, 22.545016]]]]}}, {"type": "Feature", "id": "way/1429433155", "properties": {"tags": {"addr:housenumber": "T20", "building": "house"}, "heightStatus": "unknown", "source": "OpenStreetMap", "license": "ODbL-1.0"}, "geometry": {"type": "MultiPolygon", "coordinates": [[[[113.9720733, 22.5450131], [113.9721258, 22.5450124], [113.9721251, 22.5449654], [113.972188, 22.5449646], [113.9721904, 22.5451276], [113.9721275, 22.5451284], [113.9721268, 22.545077], [113.9720743, 22.5450777], [113.9720733, 22.5450131]]]]}}, {"type": "Feature", "id": "way/1429433156", "properties": {"tags": {"addr:housenumber": "T19", "building": "house"}, "heightStatus": "unknown", "source": "OpenStreetMap", "license": "ODbL-1.0"}, "geometry": {"type": "MultiPolygon", "coordinates": [[[[113.972188, 22.5449646], [113.9722509, 22.5449638], [113.9722516, 22.5450111], [113.972303, 22.5450105], [113.9723039, 22.545075], [113.9722525, 22.5450757], [113.9722533, 22.5451268], [113.9721904, 22.5451276], [113.972188, 22.5449646]]]]}}, {"type": "Feature", "id": "way/1429433157", "properties": {"tags": {"addr:housenumber": "T21", "building": "house"}, "heightStatus": "unknown", "source": "OpenStreetMap", "license": "ODbL-1.0"}, "geometry": {"type": "MultiPolygon", "coordinates": [[[[113.9719573, 22.5449676], [113.9720201, 22.5449668], [113.9720208, 22.5450138], [113.9720733, 22.5450131], [113.9720743, 22.5450777], [113.9720218, 22.5450783], [113.9720226, 22.5451298], [113.9719597, 22.5451306], [113.9719573, 22.5449676]]]]}}, {"type": "Feature", "id": "way/1429433158", "properties": {"tags": {"addr:housenumber": "T36", "building": "house"}, "heightStatus": "unknown", "source": "OpenStreetMap", "license": "ODbL-1.0"}, "geometry": {"type": "MultiPolygon", "coordinates": [[[[113.9699226, 22.5457654], [113.9699236, 22.5457008], [113.969976, 22.5457015], [113.9699768, 22.5456545], [113.9700397, 22.5456553], [113.9700371, 22.5458183], [113.9699742, 22.5458175], [113.969975, 22.5457661], [113.9699226, 22.5457654]]]]}}, {"type": "Feature", "id": "way/1429433159", "properties": {"tags": {"addr:housenumber": "T38", "building": "house"}, "heightStatus": "unknown", "source": "OpenStreetMap", "license": "ODbL-1.0"}, "geometry": {"type": "MultiPolygon", "coordinates": [[[[113.9696919, 22.5457623], [113.9696929, 22.5456977], [113.9697453, 22.5456984], [113.9697461, 22.5456514], [113.969809, 22.5456522], [113.9698064, 22.5458152], [113.9697435, 22.5458144], [113.9697443, 22.545763], [113.9696919, 22.5457623]]]]}}, {"type": "Feature", "id": "way/1429433160", "properties": {"tags": {"addr:housenumber": "T34", "building": "house"}, "heightStatus": "unknown", "source": "OpenStreetMap", "license": "ODbL-1.0"}, "geometry": {"type": "MultiPolygon", "coordinates": [[[[113.9701533, 22.5457684], [113.9701543, 22.5457039], [113.9702068, 22.5457046], [113.9702075, 22.5456575], [113.9702704, 22.5456584], [113.9702678, 22.5458214], [113.9702049, 22.5458205], [113.9702057, 22.5457691], [113.9701533, 22.5457684]]]]}}, {"type": "Feature", "id": "way/1429433161", "properties": {"tags": {"addr:housenumber": "T37", "building": "house"}, "heightStatus": "unknown", "source": "OpenStreetMap", "license": "ODbL-1.0"}, "geometry": {"type": "MultiPolygon", "coordinates": [[[[113.9698064, 22.5458152], [113.969809, 22.5456522], [113.9698718, 22.5456531], [113.9698711, 22.5457001], [113.9699236, 22.5457008], [113.9699226, 22.5457654], [113.9698701, 22.5457647], [113.9698693, 22.5458161], [113.9698064, 22.5458152]]]]}}, {"type": "Feature", "id": "way/1429433162", "properties": {"tags": {"addr:housenumber": "T33", "building": "house"}, "heightStatus": "unknown", "source": "OpenStreetMap", "license": "ODbL-1.0"}, "geometry": {"type": "MultiPolygon", "coordinates": [[[[113.9702678, 22.5458214], [113.9702704, 22.5456584], [113.9703333, 22.5456592], [113.9703325, 22.5457062], [113.970385, 22.5457069], [113.970384, 22.5457715], [113.9703315, 22.5457708], [113.9703307, 22.5458222], [113.9702678, 22.5458214]]]]}}, {"type": "Feature", "id": "way/1429433163", "properties": {"tags": {"addr:housenumber": "T35", "building": "house"}, "heightStatus": "unknown", "source": "OpenStreetMap", "license": "ODbL-1.0"}, "geometry": {"type": "MultiPolygon", "coordinates": [[[[113.9700371, 22.5458183], [113.9700397, 22.5456553], [113.9701025, 22.5456561], [113.9701018, 22.5457032], [113.9701543, 22.5457039], [113.9701533, 22.5457684], [113.9701008, 22.5457677], [113.9701, 22.5458192], [113.9700371, 22.5458183]]]]}}, {"type": "Feature", "id": "way/1429433164", "properties": {"tags": {"addr:housenumber": "T32", "building": "house"}, "heightStatus": "unknown", "source": "OpenStreetMap", "license": "ODbL-1.0"}, "geometry": {"type": "MultiPolygon", "coordinates": [[[[113.9706029, 22.5454208], [113.9706487, 22.5453972], [113.9706238, 22.5453561], [113.9706787, 22.5453278], [113.9707649, 22.54547], [113.97071, 22.5454984], [113.9706828, 22.5454535], [113.970637, 22.5454772], [113.9706029, 22.5454208]]]]}}, {"type": "Feature", "id": "way/1429433165", "properties": {"tags": {"addr:housenumber": "T30", "building": "house"}, "heightStatus": "unknown", "source": "OpenStreetMap", "license": "ODbL-1.0"}, "geometry": {"type": "MultiPolygon", "coordinates": [[[[113.9708042, 22.5453167], [113.97085, 22.5452931], [113.9708251, 22.545252], [113.97088, 22.5452236], [113.9709662, 22.5453659], [113.9709114, 22.5453943], [113.9708842, 22.5453494], [113.9708384, 22.5453731], [113.9708042, 22.5453167]]]]}}, {"type": "Feature", "id": "way/1429433166", "properties": {"tags": {"addr:housenumber": "T29", "building": "house"}, "heightStatus": "unknown", "source": "OpenStreetMap", "license": "ODbL-1.0"}, "geometry": {"type": "MultiPolygon", "coordinates": [[[[113.97088, 22.5452236], [113.9709349, 22.5451953], [113.9709598, 22.5452363], [113.9710055, 22.5452126], [113.9710397, 22.545269], [113.9709939, 22.5452926], [113.9710211, 22.5453375], [113.9709662, 22.5453659], [113.97088, 22.5452236]]]]}}, {"type": "Feature", "id": "way/1429433167", "properties": {"tags": {"addr:housenumber": "T31", "building": "house"}, "heightStatus": "unknown", "source": "OpenStreetMap", "license": "ODbL-1.0"}, "geometry": {"type": "MultiPolygon", "coordinates": [[[[113.9706787, 22.5453278], [113.9707336, 22.5452994], [113.9707584, 22.5453404], [113.9708042, 22.5453167], [113.9708384, 22.5453731], [113.9707926, 22.5453967], [113.9708198, 22.5454416], [113.9707649, 22.54547], [113.9706787, 22.5453278]]]]}}, {"type": "Feature", "id": "way/1429433168", "properties": {"tags": {"addr:housenumber": "T23", "building": "house"}, "heightStatus": "unknown", "source": "OpenStreetMap", "license": "ODbL-1.0"}, "geometry": {"type": "MultiPolygon", "coordinates": [[[[113.9716366, 22.5450102], [113.9716965, 22.5449926], [113.9717119, 22.5450374], [113.9717619, 22.5450228], [113.9717831, 22.5450843], [113.971733, 22.545099], [113.9717499, 22.545148], [113.9716899, 22.5451656], [113.9716366, 22.5450102]]]]}}, {"type": "Feature", "id": "way/1429433169", "properties": {"tags": {"addr:housenumber": "T26", "building": "house"}, "heightStatus": "unknown", "source": "OpenStreetMap", "license": "ODbL-1.0"}, "geometry": {"type": "MultiPolygon", "coordinates": [[[[113.9713221, 22.5451516], [113.9713721, 22.545137], [113.9713567, 22.5450921], [113.9714166, 22.5450746], [113.97147, 22.54523], [113.97141, 22.5452475], [113.9713932, 22.5451985], [113.9713432, 22.5452131], [113.9713221, 22.5451516]]]]}}, {"type": "Feature", "id": "way/1429433170", "properties": {"tags": {"addr:housenumber": "T28", "building": "house"}, "heightStatus": "unknown", "source": "OpenStreetMap", "license": "ODbL-1.0"}, "geometry": {"type": "MultiPolygon", "coordinates": [[[[113.9711021, 22.545216], [113.9711521, 22.5452014], [113.9711368, 22.5451565], [113.9711967, 22.545139], [113.97125, 22.5452944], [113.9711901, 22.5453119], [113.9711733, 22.5452629], [113.9711232, 22.5452776], [113.9711021, 22.545216]]]]}}, {"type": "Feature", "id": "way/1429433171", "properties": {"tags": {"addr:housenumber": "T24", "building": "house"}, "heightStatus": "unknown", "source": "OpenStreetMap", "license": "ODbL-1.0"}, "geometry": {"type": "MultiPolygon", "coordinates": [[[[113.971542, 22.5450872], [113.971592, 22.5450725], [113.9715766, 22.5450277], [113.9716366, 22.5450102], [113.9716899, 22.5451656], [113.97163, 22.5451831], [113.9716132, 22.5451341], [113.9715631, 22.5451487], [113.971542, 22.5450872]]]]}}, {"type": "Feature", "id": "way/1429433172", "properties": {"tags": {"addr:housenumber": "T27", "building": "house"}, "heightStatus": "unknown", "source": "OpenStreetMap", "license": "ODbL-1.0"}, "geometry": {"type": "MultiPolygon", "coordinates": [[[[113.9711967, 22.545139], [113.9712566, 22.5451214], [113.971272, 22.5451663], [113.9713221, 22.5451516], [113.9713432, 22.5452131], [113.9712932, 22.5452278], [113.97131, 22.5452768], [113.97125, 22.5452944], [113.9711967, 22.545139]]]]}}, {"type": "Feature", "id": "way/1429433173", "properties": {"tags": {"addr:housenumber": "T25", "building": "house"}, "heightStatus": "unknown", "source": "OpenStreetMap", "license": "ODbL-1.0"}, "geometry": {"type": "MultiPolygon", "coordinates": [[[[113.9714166, 22.5450746], [113.9714766, 22.545057], [113.971492, 22.5451018], [113.971542, 22.5450872], [113.9715631, 22.5451487], [113.9715131, 22.5451634], [113.9715299, 22.5452124], [113.97147, 22.54523], [113.9714166, 22.5450746]]]]}}, {"type": "Feature", "id": "way/1429433174", "properties": {"tags": {"building": "house"}, "heightStatus": "unknown", "source": "OpenStreetMap", "license": "ODbL-1.0"}, "geometry": {"type": "MultiPolygon", "coordinates": [[[[113.9687145, 22.5463689], [113.9687827, 22.5463498], [113.9687982, 22.5463973], [113.9688592, 22.5463802], [113.9688967, 22.5464948], [113.9688409, 22.5465104], [113.9688495, 22.5465368], [113.9687762, 22.5465573], [113.9687145, 22.5463689]]]]}}, {"type": "Feature", "id": "way/1429433175", "properties": {"tags": {"building": "house"}, "heightStatus": "unknown", "source": "OpenStreetMap", "license": "ODbL-1.0"}, "geometry": {"type": "MultiPolygon", "coordinates": [[[[113.9689932, 22.5462908], [113.9690614, 22.5462718], [113.969077, 22.5463192], [113.9691379, 22.5463022], [113.9691754, 22.5464167], [113.9691196, 22.5464323], [113.9691282, 22.5464588], [113.9690549, 22.5464792], [113.9689932, 22.5462908]]]]}}, {"type": "Feature", "id": "way/1429433176", "properties": {"tags": {"building": "house"}, "heightStatus": "unknown", "source": "OpenStreetMap", "license": "ODbL-1.0"}, "geometry": {"type": "MultiPolygon", "coordinates": [[[[113.9688796, 22.5463744], [113.9689406, 22.5463573], [113.968925, 22.5463099], [113.9689932, 22.5462908], [113.9690549, 22.5464792], [113.9689816, 22.5464997], [113.9689729, 22.5464733], [113.9689171, 22.5464889], [113.9688796, 22.5463744]]]]}}, {"type": "Feature", "id": "way/1429433177", "properties": {"tags": {"building": "house"}, "heightStatus": "unknown", "source": "OpenStreetMap", "license": "ODbL-1.0"}, "geometry": {"type": "MultiPolygon", "coordinates": [[[[113.9686009, 22.5464524], [113.9686618, 22.5464354], [113.9686463, 22.5463879], [113.9687145, 22.5463689], [113.9687762, 22.5465573], [113.9687029, 22.5465778], [113.9686942, 22.5465513], [113.9686384, 22.5465669], [113.9686009, 22.5464524]]]]}}, {"type": "Feature", "id": "way/1429433178", "properties": {"tags": {"building": "house"}, "heightStatus": "unknown", "source": "OpenStreetMap", "license": "ODbL-1.0"}, "geometry": {"type": "MultiPolygon", "coordinates": [[[[113.9683977, 22.5464227], [113.9684659, 22.5464036], [113.9684815, 22.546451], [113.9685425, 22.546434], [113.96858, 22.5465485], [113.9685241, 22.5465641], [113.9685328, 22.5465906], [113.9684594, 22.5466111], [113.9683977, 22.5464227]]]]}}, {"type": "Feature", "id": "way/1429433179", "properties": {"tags": {"building": "house"}, "heightStatus": "unknown", "source": "OpenStreetMap", "license": "ODbL-1.0"}, "geometry": {"type": "MultiPolygon", "coordinates": [[[[113.9682841, 22.5465062], [113.9683451, 22.5464891], [113.9683295, 22.5464417], [113.9683977, 22.5464227], [113.9684594, 22.5466111], [113.9683861, 22.5466315], [113.9683775, 22.5466051], [113.9683216, 22.5466207], [113.9682841, 22.5465062]]]]}}, {"type": "Feature", "id": "way/1429433180", "properties": {"tags": {"building": "house"}, "heightStatus": "unknown", "source": "OpenStreetMap", "license": "ODbL-1.0"}, "geometry": {"type": "MultiPolygon", "coordinates": [[[[113.9680054, 22.5465842], [113.9680664, 22.5465672], [113.9680508, 22.5465198], [113.968119, 22.5465007], [113.9681807, 22.5466891], [113.9681074, 22.5467096], [113.9680987, 22.5466831], [113.9680429, 22.5466988], [113.9680054, 22.5465842]]]]}}, {"type": "Feature", "id": "way/1429433181", "properties": {"tags": {"building": "house"}, "heightStatus": "unknown", "source": "OpenStreetMap", "license": "ODbL-1.0"}, "geometry": {"type": "MultiPolygon", "coordinates": [[[[113.968119, 22.5465007], [113.9681872, 22.5464817], [113.9682028, 22.5465291], [113.9682637, 22.546512], [113.9683012, 22.5466266], [113.9682454, 22.5466422], [113.968254, 22.5466686], [113.9681807, 22.5466891], [113.968119, 22.5465007]]]]}}, {"type": "Feature", "id": "way/1429433182", "properties": {"tags": {"addr:housenumber": "T41", "building": "house"}, "heightStatus": "unknown", "source": "OpenStreetMap", "license": "ODbL-1.0"}, "geometry": {"type": "MultiPolygon", "coordinates": [[[[113.9677965, 22.5482817], [113.9678584, 22.548213], [113.9678824, 22.5482313], [113.9679505, 22.5481557], [113.9680462, 22.5482292], [113.967916, 22.5483737], [113.9677965, 22.5482817]]]]}}, {"type": "Feature", "id": "way/1429433183", "properties": {"tags": {"addr:housenumber": "T40", "building": "house"}, "heightStatus": "unknown", "source": "OpenStreetMap", "license": "ODbL-1.0"}, "geometry": {"type": "MultiPolygon", "coordinates": [[[[113.9679505, 22.5481557], [113.9679859, 22.5481164], [113.9679619, 22.548098], [113.9680023, 22.5480532], [113.9681219, 22.5481452], [113.9680462, 22.5482292], [113.9679505, 22.5481557]]]]}}, {"type": "Feature", "id": "way/1429433184", "properties": {"tags": {"addr:housenumber": "T39", "building": "house"}, "heightStatus": "unknown", "source": "OpenStreetMap", "license": "ODbL-1.0"}, "geometry": {"type": "MultiPolygon", "coordinates": [[[[113.9680023, 22.5480532], [113.9680426, 22.5480085], [113.9680665, 22.5480269], [113.9681017, 22.5479878], [113.9681974, 22.5480614], [113.9681219, 22.5481452], [113.9680023, 22.5480532]]]]}}, {"type": "Feature", "id": "way/1429433185", "properties": {"tags": {"addr:housenumber": "T42", "building": "house"}, "heightStatus": "unknown", "source": "OpenStreetMap", "license": "ODbL-1.0"}, "geometry": {"type": "MultiPolygon", "coordinates": [[[[113.9676719, 22.5486191], [113.967712, 22.5485279], [113.9676831, 22.5485171], [113.9677196, 22.5484342], [113.9678637, 22.5484882], [113.9677872, 22.5486623], [113.9676719, 22.5486191]]]]}}, {"type": "Feature", "id": "way/1429433186", "properties": {"tags": {"addr:housenumber": "T43", "building": "house"}, "heightStatus": "unknown", "source": "OpenStreetMap", "license": "ODbL-1.0"}, "geometry": {"type": "MultiPolygon", "coordinates": [[[[113.9675985, 22.5487096], [113.9676222, 22.5486556], [113.9676511, 22.5486664], [113.9676719, 22.5486191], [113.9677872, 22.5486623], [113.9677427, 22.5487636], [113.9675985, 22.5487096]]]]}}, {"type": "Feature", "id": "way/1429433187", "properties": {"tags": {"addr:housenumber": "T45", "building": "house"}, "heightStatus": "unknown", "source": "OpenStreetMap", "license": "ODbL-1.0"}, "geometry": {"type": "MultiPolygon", "coordinates": [[[[113.9675748, 22.5487635], [113.9675985, 22.5487096], [113.9677427, 22.5487636], [113.9676983, 22.5488646], [113.9675829, 22.5488214], [113.9676036, 22.5487743], [113.9675748, 22.5487635]]]]}}, {"type": "Feature", "id": "way/1429433188", "properties": {"tags": {"addr:housenumber": "T51", "building": "house"}, "heightStatus": "unknown", "source": "OpenStreetMap", "license": "ODbL-1.0"}, "geometry": {"type": "MultiPolygon", "coordinates": [[[[113.967144, 22.5480996], [113.9671454, 22.5480414], [113.9671765, 22.548042], [113.9671777, 22.5479912], [113.967302, 22.5479936], [113.9672995, 22.5481026], [113.967144, 22.5480996]]]]}}, {"type": "Feature", "id": "way/1429433189", "properties": {"tags": {"addr:housenumber": "T48", "building": "house"}, "heightStatus": "unknown", "source": "OpenStreetMap", "license": "ODbL-1.0"}, "geometry": {"type": "MultiPolygon", "coordinates": [[[[113.9671377, 22.5483757], [113.967139, 22.5483175], [113.9672945, 22.5483206], [113.9672921, 22.5484298], [113.9671676, 22.5484274], [113.9671688, 22.5483763], [113.9671377, 22.5483757]]]]}}, {"type": "Feature", "id": "way/1429433190", "properties": {"tags": {"addr:housenumber": "T49", "building": "house"}, "heightStatus": "unknown", "source": "OpenStreetMap", "license": "ODbL-1.0"}, "geometry": {"type": "MultiPolygon", "coordinates": [[[[113.967139, 22.5483175], [113.9671403, 22.5482593], [113.9671715, 22.5482599], [113.9671727, 22.5482092], [113.967297, 22.5482116], [113.9672945, 22.5483206], [113.967139, 22.5483175]]]]}}, {"type": "Feature", "id": "way/1429433191", "properties": {"tags": {"addr:housenumber": "T47", "building": "house"}, "heightStatus": "unknown", "source": "OpenStreetMap", "license": "ODbL-1.0"}, "geometry": {"type": "MultiPolygon", "coordinates": [[[[113.9671339, 22.5485361], [113.9671353, 22.5484779], [113.9671665, 22.5484785], [113.9671676, 22.5484274], [113.9672921, 22.5484298], [113.9672896, 22.5485391], [113.9671339, 22.5485361]]]]}}, {"type": "Feature", "id": "way/1429433192", "properties": {"tags": {"addr:housenumber": "T50", "building": "house"}, "heightStatus": "unknown", "source": "OpenStreetMap", "license": "ODbL-1.0"}, "geometry": {"type": "MultiPolygon", "coordinates": [[[[113.9671427, 22.5481578], [113.967144, 22.5480996], [113.9672995, 22.5481026], [113.967297, 22.5482116], [113.9671727, 22.5482092], [113.9671738, 22.5481584], [113.9671427, 22.5481578]]]]}}, {"type": "Feature", "id": "way/1429433193", "properties": {"tags": {"addr:housenumber": "T46", "building": "house"}, "heightStatus": "unknown", "source": "OpenStreetMap", "license": "ODbL-1.0"}, "geometry": {"type": "MultiPolygon", "coordinates": [[[[113.9671326, 22.5485943], [113.9671339, 22.5485361], [113.9672896, 22.5485391], [113.9672871, 22.5486481], [113.9671626, 22.5486457], [113.9671637, 22.5485949], [113.9671326, 22.5485943]]]]}}, {"type": "Feature", "id": "way/1429433194", "properties": {"tags": {"addr:housenumber": "T53", "building": "house"}, "heightStatus": "unknown", "source": "OpenStreetMap", "license": "ODbL-1.0"}, "geometry": {"type": "MultiPolygon", "coordinates": [[[[113.9670734, 22.5477443], [113.9670748, 22.5476295], [113.9671928, 22.5476307], [113.9671911, 22.5477743], [113.967128, 22.5477737], [113.9671284, 22.5477448], [113.9670734, 22.5477443]]]]}}, {"type": "Feature", "id": "way/1429433195", "properties": {"tags": {"addr:housenumber": "T56", "building": "house"}, "heightStatus": "unknown", "source": "OpenStreetMap", "license": "ODbL-1.0"}, "geometry": {"type": "MultiPolygon", "coordinates": [[[[113.9674271, 22.5477768], [113.9674288, 22.5476331], [113.9675472, 22.5476343], [113.9675458, 22.5477492], [113.9674905, 22.5477487], [113.9674901, 22.5477774], [113.9674271, 22.5477768]]]]}}, {"type": "Feature", "id": "way/1429433196", "properties": {"tags": {"addr:housenumber": "T55", "building": "house"}, "heightStatus": "unknown", "source": "OpenStreetMap", "license": "ODbL-1.0"}, "geometry": {"type": "MultiPolygon", "coordinates": [[[[113.9673095, 22.5477468], [113.9673108, 22.5476319], [113.9674288, 22.5476331], [113.9674271, 22.5477768], [113.9673641, 22.5477761], [113.9673644, 22.5477473], [113.9673095, 22.5477468]]]]}}, {"type": "Feature", "id": "way/1429433197", "properties": {"tags": {"addr:housenumber": "T57", "building": "house"}, "heightStatus": "unknown", "source": "OpenStreetMap", "license": "ODbL-1.0"}, "geometry": {"type": "MultiPolygon", "coordinates": [[[[113.9675458, 22.5477492], [113.9675472, 22.5476343], [113.9676655, 22.5476355], [113.9676638, 22.5477793], [113.9676007, 22.5477786], [113.9676011, 22.5477498], [113.9675458, 22.5477492]]]]}}, {"type": "Feature", "id": "way/1429433198", "properties": {"tags": {"addr:housenumber": "T54", "building": "house"}, "heightStatus": "unknown", "source": "OpenStreetMap", "license": "ODbL-1.0"}, "geometry": {"type": "MultiPolygon", "coordinates": [[[[113.9671911, 22.5477743], [113.9671928, 22.5476307], [113.9673108, 22.5476319], [113.9673095, 22.5477468], [113.9672545, 22.5477462], [113.9672541, 22.5477749], [113.9671911, 22.5477743]]]]}}, {"type": "Feature", "id": "way/1429433199", "properties": {"tags": {"addr:housenumber": "T58", "building": "house"}, "heightStatus": "unknown", "source": "OpenStreetMap", "license": "ODbL-1.0"}, "geometry": {"type": "MultiPolygon", "coordinates": [[[[113.9676638, 22.5477793], [113.9676655, 22.5476355], [113.9677835, 22.5476367], [113.9677822, 22.5477517], [113.9677272, 22.5477512], [113.9677268, 22.5477799], [113.9676638, 22.5477793]]]]}}, {"type": "Feature", "id": "way/1429433200", "properties": {"tags": {"addr:housenumber": "T97", "building": "house"}, "heightStatus": "unknown", "source": "OpenStreetMap", "license": "ODbL-1.0"}, "geometry": {"type": "MultiPolygon", "coordinates": [[[[113.9674852, 22.5472061], [113.9674865, 22.5470911], [113.9676049, 22.5470923], [113.9676031, 22.5472361], [113.9675401, 22.5472355], [113.9675404, 22.5472066], [113.9674852, 22.5472061]]]]}}, {"type": "Feature", "id": "way/1429433201", "properties": {"tags": {"addr:housenumber": "T100", "building": "house"}, "heightStatus": "unknown", "source": "OpenStreetMap", "license": "ODbL-1.0"}, "geometry": {"type": "MultiPolygon", "coordinates": [[[[113.9678392, 22.5472386], [113.9678409, 22.5470948], [113.9679589, 22.547096], [113.9679576, 22.547211], [113.9679026, 22.5472105], [113.9679022, 22.5472392], [113.9678392, 22.5472386]]]]}}, {"type": "Feature", "id": "way/1429433202", "properties": {"tags": {"addr:housenumber": "T99", "building": "house"}, "heightStatus": "unknown", "source": "OpenStreetMap", "license": "ODbL-1.0"}, "geometry": {"type": "MultiPolygon", "coordinates": [[[[113.9677215, 22.5472086], [113.9677229, 22.5470936], [113.9678409, 22.5470948], [113.9678392, 22.5472386], [113.9677761, 22.5472379], [113.9677765, 22.5472091], [113.9677215, 22.5472086]]]]}}, {"type": "Feature", "id": "way/1429433203", "properties": {"tags": {"addr:housenumber": "T98", "building": "house"}, "heightStatus": "unknown", "source": "OpenStreetMap", "license": "ODbL-1.0"}, "geometry": {"type": "MultiPolygon", "coordinates": [[[[113.9676031, 22.5472361], [113.9676049, 22.5470923], [113.9677229, 22.5470936], [113.9677215, 22.5472086], [113.9676665, 22.547208], [113.9676662, 22.5472367], [113.9676031, 22.5472361]]]]}}, {"type": "Feature", "id": "way/1429433204", "properties": {"tags": {"addr:housenumber": "T93", "building": "house"}, "heightStatus": "unknown", "source": "OpenStreetMap", "license": "ODbL-1.0"}, "geometry": {"type": "MultiPolygon", "coordinates": [[[[113.9670128, 22.5472011], [113.9670142, 22.5470863], [113.9671322, 22.5470875], [113.9671304, 22.5472311], [113.9670674, 22.5472305], [113.9670677, 22.5472017], [113.9670128, 22.5472011]]]]}}, {"type": "Feature", "id": "way/1429433205", "properties": {"tags": {"addr:housenumber": "T96", "building": "house"}, "heightStatus": "unknown", "source": "OpenStreetMap", "license": "ODbL-1.0"}, "geometry": {"type": "MultiPolygon", "coordinates": [[[[113.9673665, 22.5472336], [113.9673682, 22.5470899], [113.9674865, 22.5470911], [113.9674852, 22.5472061], [113.9674298, 22.5472055], [113.9674295, 22.5472342], [113.9673665, 22.5472336]]]]}}, {"type": "Feature", "id": "way/1429433206", "properties": {"tags": {"addr:housenumber": "T94", "building": "house"}, "heightStatus": "unknown", "source": "OpenStreetMap", "license": "ODbL-1.0"}, "geometry": {"type": "MultiPolygon", "coordinates": [[[[113.9671304, 22.5472311], [113.9671322, 22.5470875], [113.9672502, 22.5470887], [113.9672488, 22.5472036], [113.9671938, 22.547203], [113.9671935, 22.5472318], [113.9671304, 22.5472311]]]]}}, {"type": "Feature", "id": "way/1429433207", "properties": {"tags": {"addr:housenumber": "T95", "building": "house"}, "heightStatus": "unknown", "source": "OpenStreetMap", "license": "ODbL-1.0"}, "geometry": {"type": "MultiPolygon", "coordinates": [[[[113.9672488, 22.5472036], [113.9672502, 22.5470887], [113.9673682, 22.5470899], [113.9673665, 22.5472336], [113.9673034, 22.547233], [113.9673038, 22.5472041], [113.9672488, 22.5472036]]]]}}, {"type": "Feature", "id": "way/1429433208", "properties": {"tags": {"addr:housenumber": "T105", "building": "house"}, "heightStatus": "unknown", "source": "OpenStreetMap", "license": "ODbL-1.0"}, "geometry": {"type": "MultiPolygon", "coordinates": [[[[113.9684066, 22.5507989], [113.9685574, 22.5507792], [113.9685738, 22.5508864], [113.968486, 22.5508978], [113.9684817, 22.5508699], [113.9684187, 22.5508782], [113.9684066, 22.5507989]]]]}}, {"type": "Feature", "id": "way/1429433209", "properties": {"tags": {"addr:housenumber": "T106", "building": "house"}, "heightStatus": "unknown", "source": "OpenStreetMap", "license": "ODbL-1.0"}, "geometry": {"type": "MultiPolygon", "coordinates": [[[[113.9685574, 22.5507792], [113.9687082, 22.5507595], [113.9687203, 22.5508388], [113.9686574, 22.550847], [113.9686616, 22.5508749], [113.9685738, 22.5508864], [113.9685574, 22.5507792]]]]}}, {"type": "Feature", "id": "way/1429433210", "properties": {"tags": {"addr:housenumber": "T103", "building": "house"}, "heightStatus": "unknown", "source": "OpenStreetMap", "license": "ODbL-1.0"}, "geometry": {"type": "MultiPolygon", "coordinates": [[[[113.968072, 22.5508499], [113.9680796, 22.5507701], [113.9682314, 22.5507826], [113.968221, 22.5508903], [113.9681326, 22.5508831], [113.9681353, 22.550855], [113.968072, 22.5508499]]]]}}, {"type": "Feature", "id": "way/1429433211", "properties": {"tags": {"addr:housenumber": "T104", "building": "house"}, "heightStatus": "unknown", "source": "OpenStreetMap", "license": "ODbL-1.0"}, "geometry": {"type": "MultiPolygon", "coordinates": [[[[113.968221, 22.5508903], [113.9682314, 22.5507826], [113.9683831, 22.550795], [113.9683754, 22.5508747], [113.9683121, 22.5508695], [113.9683094, 22.5508976], [113.968221, 22.5508903]]]]}}, {"type": "Feature", "id": "way/1429433212", "properties": {"tags": {"addr:housenumber": "T102", "building": "house"}, "heightStatus": "unknown", "source": "OpenStreetMap", "license": "ODbL-1.0"}, "geometry": {"type": "MultiPolygon", "coordinates": [[[[113.967855, 22.5507654], [113.96792, 22.5506753], [113.9680468, 22.5507534], [113.9679987, 22.55082], [113.9679458, 22.5507874], [113.9679288, 22.5508108], [113.967855, 22.5507654]]]]}}, {"type": "Feature", "id": "way/1429433213", "properties": {"tags": {"addr:housenumber": "T101", "building": "house"}, "heightStatus": "unknown", "source": "OpenStreetMap", "license": "ODbL-1.0"}, "geometry": {"type": "MultiPolygon", "coordinates": [[[[113.9677452, 22.5506639], [113.9677933, 22.5505973], [113.96792, 22.5506753], [113.967855, 22.5507654], [113.9677812, 22.5507199], [113.9677981, 22.5506965], [113.9677452, 22.5506639]]]]}}, {"type": "Feature", "id": "way/1429433215", "properties": {"tags": {"addr:housename": "波托菲诺纯水岸", "addr:housename:zh": "波托菲诺纯水岸", "building": "apartments", "building:levels": "13", "name": "3-2栋", "name:zh": "3-2栋"}, "heightStatus": "levels_only_unverified", "source": "OpenStreetMap", "license": "ODbL-1.0"}, "geometry": {"type": "MultiPolygon", "coordinates": [[[[113.9668796, 22.5492722], [113.9669501, 22.5492451], [113.9668954, 22.5491239], [113.9669508, 22.5491026], [113.9669208, 22.5490363], [113.96701, 22.5490019], [113.9670399, 22.5490683], [113.9671323, 22.5490327], [113.967187, 22.5491538], [113.9671295, 22.549176], [113.967177, 22.5492813], [113.9669553, 22.5493678], [113.9669275, 22.5493785], [113.9668796, 22.5492722]]]]}}, {"type": "Feature", "id": "way/1429433216", "properties": {"tags": {"addr:housename": "波托菲诺纯水岸", "addr:housename:zh": "波托菲诺纯水岸", "building": "apartments", "building:levels": "24", "name": "4-1栋", "name:zh": "4-1栋"}, "heightStatus": "levels_only_unverified", "source": "OpenStreetMap", "license": "ODbL-1.0"}, "geometry": {"type": "MultiPolygon", "coordinates": [[[[113.9669668, 22.5501903], [113.9670465, 22.5501438], [113.9671853, 22.5500658], [113.9672712, 22.5501944], [113.9672181, 22.5502247], [113.9672835, 22.5503226], [113.9670531, 22.5504539], [113.9669877, 22.550356], [113.9670527, 22.5503189], [113.9669668, 22.5501903]]]]}}, {"type": "Feature", "id": "way/1429433217", "properties": {"tags": {"addr:housename": "波托菲诺纯水岸", "addr:housename:zh": "波托菲诺纯水岸", "building": "apartments", "building:levels": "31", "name": "5-1栋", "name:zh": "5-1栋"}, "heightStatus": "levels_only_unverified", "source": "OpenStreetMap", "license": "ODbL-1.0"}, "geometry": {"type": "MultiPolygon", "coordinates": [[[[113.9669763, 22.5509421], [113.9670559, 22.5508956], [113.9671947, 22.5508176], [113.9672807, 22.5509462], [113.9672276, 22.5509764], [113.967293, 22.5510743], [113.9670626, 22.5512057], [113.9669972, 22.5511078], [113.9670622, 22.5510707], [113.9669763, 22.5509421]]]]}}]}